old_node_id,new_node_id
0,0
2,1
4,2
5,3
6,4
7,5
8,6
9,7
10,8
11,9
12,10
13,11
14,12
15,13
16,14
17,15
18,16
19,17
20,18
21,19
22,20
23,21
25,22
26,23
27,24
28,25
29,26
30,27
31,28
32,29
33,30
35,31
36,32
37,33
38,34
40,35
41,36
42,37
43,38
44,39
46,40
47,41
48,42
49,43
50,44
51,45
52,46
53,47
54,48
56,49
57,50
58,51
59,52
60,53
61,54
62,55
63,56
64,57
66,58
67,59
68,60
69,61
70,62
71,63
72,64
74,65
75,66
76,67
77,68
78,69
79,70
80,71
81,72
84,73
85,74
86,75
87,76
88,77
89,78
90,79
91,80
92,81
93,82
94,83
95,84
96,85
97,86
98,87
99,88
100,89
102,90
103,91
104,92
105,93
106,94
107,95
108,96
109,97
110,98
111,99
112,100
113,101
114,102
115,103
116,104
117,105
118,106
120,107
121,108
122,109
124,110
125,111
126,112
127,113
128,114
129,115
134,116
135,117
136,118
137,119
138,120
139,121
140,122
141,123
142,124
143,125
144,126
145,127
146,128
147,129
148,130
149,131
150,132
151,133
152,134
153,135
154,136
155,137
156,138
157,139
158,140
159,141
160,142
161,143
162,144
163,145
164,146
165,147
166,148
167,149
168,150
169,151
170,152
171,153
172,154
173,155
174,156
175,157
176,158
177,159
178,160
179,161
180,162
181,163
183,164
184,165
185,166
186,167
187,168
188,169
189,170
190,171
191,172
192,173
193,174
194,175
195,176
196,177
197,178
198,179
199,180
200,181
201,182
202,183
203,184
204,185
205,186
206,187
207,188
208,189
210,190
211,191
212,192
213,193
214,194
215,195
216,196
217,197
218,198
219,199
220,200
221,201
222,202
223,203
224,204
225,205
226,206
227,207
228,208
229,209
230,210
231,211
232,212
233,213
234,214
235,215
236,216
237,217
238,218
239,219
240,220
242,221
243,222
244,223
246,224
247,225
248,226
249,227
253,228
254,229
255,230
258,231
259,232
260,233
261,234
262,235
263,236
264,237
265,238
266,239
267,240
268,241
269,242
270,243
271,244
272,245
273,246
274,247
275,248
276,249
277,250
278,251
279,252
281,253
282,254
284,255
285,256
286,257
287,258
288,259
289,260
295,261
296,262
297,263
298,264
299,265
301,266
302,267
303,268
304,269
305,270
306,271
307,272
308,273
309,274
310,275
311,276
312,277
313,278
314,279
315,280
316,281
317,282
318,283
319,284
320,285
321,286
322,287
324,288
325,289
326,290
327,291
329,292
340,293
341,294
342,295
343,296
344,297
348,298
350,299
352,300
353,301
354,302
358,303
360,304
361,305
362,306
363,307
364,308
365,309
366,310
367,311
369,312
370,313
371,314
372,315
373,316
374,317
375,318
376,319
377,320
399,321
401,322
403,323
405,324
407,325
408,326
409,327
411,328
412,329
415,330
416,331
417,332
419,333
420,334
421,335
422,336
423,337
424,338
425,339
426,340
427,341
428,342
429,343
430,344
431,345
432,346
433,347
434,348
435,349
438,350
439,351
440,352
441,353
442,354
443,355
444,356
445,357
450,358
451,359
455,360
456,361
459,362
461,363
475,364
476,365
477,366
478,367
480,368
481,369
482,370
486,371
487,372
488,373
489,374
492,375
493,376
494,377
495,378
496,379
497,380
498,381
499,382
500,383
501,384
502,385
503,386
505,387
506,388
507,389
508,390
509,391
512,392
513,393
514,394
515,395
521,396
530,397
535,398
538,399
540,400
546,401
547,402
548,403
550,404
554,405
555,406
556,407
557,408
558,409
559,410
560,411
562,412
563,413
564,414
565,415
566,416
567,417
568,418
569,419
572,420
577,421
582,422
585,423
586,424
588,425
589,426
590,427
591,428
592,429
593,430
594,431
595,432
596,433
597,434
619,435
620,436
621,437
622,438
625,439
627,440
635,441
639,442
642,443
643,444
645,445
650,446
651,447
652,448
654,449
656,450
660,451
661,452
664,453
668,454
669,455
670,456
671,457
672,458
677,459
678,460
679,461
680,462
681,463
682,464
688,465
690,466
693,467
697,468
698,469
699,470
700,471
701,472
702,473
704,474
705,475
706,476
707,477
708,478
709,479
710,480
711,481
712,482
713,483
714,484
715,485
716,486
717,487
718,488
719,489
720,490
721,491
722,492
723,493
724,494
725,495
726,496
727,497
728,498
730,499
732,500
735,501
736,502
739,503
742,504
744,505
745,506
746,507
747,508
749,509
750,510
751,511
752,512
753,513
755,514
756,515
757,516
758,517
760,518
761,519
767,520
768,521
769,522
771,523
773,524
774,525
776,526
777,527
778,528
779,529
780,530
781,531
784,532
785,533
788,534
789,535
791,536
793,537
794,538
795,539
798,540
799,541
800,542
802,543
803,544
804,545
805,546
806,547
807,548
808,549
809,550
811,551
813,552
814,553
815,554
817,555
819,556
820,557
821,558
822,559
823,560
824,561
825,562
826,563
827,564
828,565
829,566
830,567
831,568
834,569
842,570
852,571
860,572
863,573
871,574
873,575
874,576
875,577
876,578
878,579
879,580
880,581
881,582
882,583
883,584
884,585
885,586
886,587
887,588
889,589
890,590
891,591
892,592
893,593
894,594
895,595
896,596
897,597
898,598
899,599
900,600
905,601
906,602
908,603
917,604
918,605
919,606
924,607
926,608
933,609
935,610
942,611
965,612
966,613
968,614
969,615
973,616
974,617
978,618
979,619
981,620
982,621
984,622
986,623
987,624
988,625
989,626
992,627
993,628
994,629
995,630
996,631
997,632
1000,633
1001,634
1009,635
1010,636
1013,637
1015,638
1016,639
1017,640
1020,641
1022,642
1024,643
1025,644
1029,645
1030,646
1031,647
1032,648
1034,649
1035,650
1036,651
1038,652
1039,653
1040,654
1041,655
1042,656
1045,657
1049,658
1050,659
1051,660
1052,661
1053,662
1054,663
1056,664
1057,665
1058,666
1059,667
1060,668
1061,669
1062,670
1063,671
1064,672
1065,673
1066,674
1067,675
1068,676
1069,677
1071,678
1072,679
1076,680
1078,681
1079,682
1085,683
1086,684
1088,685
1093,686
1096,687
1097,688
1098,689
1100,690
1103,691
1104,692
1105,693
1106,694
1107,695
1108,696
1109,697
1110,698
1111,699
1112,700
1115,701
1117,702
1119,703
1129,704
1131,705
1132,706
1136,707
1137,708
1139,709
1140,710
1141,711
1142,712
1146,713
1147,714
1148,715
1149,716
1150,717
1153,718
1154,719
1155,720
1156,721
1157,722
1162,723
1163,724
1164,725
1166,726
1167,727
1168,728
1169,729
1170,730
1171,731
1172,732
1173,733
1174,734
1175,735
1176,736
1177,737
1178,738
1179,739
1181,740
1183,741
1184,742
1186,743
1188,744
1190,745
1191,746
1193,747
1194,748
1196,749
1197,750
1200,751
1201,752
1202,753
1203,754
1204,755
1205,756
1206,757
1208,758
1209,759
1210,760
1211,761
1214,762
1215,763
1221,764
1222,765
1223,766
1224,767
1225,768
1226,769
1227,770
1231,771
1233,772
1236,773
1237,774
1238,775
1239,776
1241,777
1242,778
1243,779
1245,780
1254,781
1268,782
1280,783
1281,784
1282,785
1283,786
1295,787
1296,788
1297,789
1298,790
1299,791
1300,792
1301,793
1302,794
1303,795
1304,796
1305,797
1306,798
1308,799
1314,800
1315,801
1316,802
1317,803
1319,804
1320,805
1330,806
1331,807
1332,808
1333,809
1334,810
1335,811
1347,812
1348,813
1349,814
1350,815
1351,816
1381,817
1382,818
1391,819
1392,820
1393,821
1394,822
1397,823
1398,824
1399,825
1401,826
1402,827
1403,828
1404,829
1406,830
1407,831
1409,832
1410,833
1412,834
1415,835
1454,836
1455,837
1458,838
1470,839
1471,840
1474,841
1483,842
1488,843
1489,844
1493,845
1494,846
1495,847
1499,848
1507,849
1511,850
1512,851
1514,852
1516,853
1518,854
1519,855
1520,856
1521,857
1522,858
1523,859
1525,860
1527,861
1528,862
1529,863
1530,864
1537,865
1538,866
1539,867
1540,868
1541,869
1543,870
1544,871
1545,872
1546,873
1547,874
1548,875
1549,876
1550,877
1552,878
1554,879
1557,880
1560,881
1561,882
1562,883
1563,884
1570,885
1571,886
1572,887
1573,888
1574,889
1575,890
1578,891
1579,892
1585,893
1586,894
1590,895
1591,896
1596,897
1597,898
1598,899
1599,900
1601,901
1602,902
1604,903
1605,904
1606,905
1607,906
1608,907
1609,908
1611,909
1613,910
1614,911
1617,912
1618,913
1620,914
1622,915
1623,916
1627,917
1629,918
1630,919
1631,920
1633,921
1634,922
1635,923
1636,924
1637,925
1639,926
1641,927
1657,928
1658,929
1660,930
1662,931
1665,932
1666,933
1668,934
1669,935
1670,936
1671,937
1672,938
1673,939
1674,940
1675,941
1676,942
1677,943
1678,944
1679,945
1680,946
1681,947
1704,948
1706,949
1707,950
1715,951
1716,952
1722,953
1725,954
1728,955
1730,956
1731,957
1768,958
1770,959
1772,960
1773,961
1775,962
1776,963
1777,964
1778,965
1779,966
1780,967
1785,968
1796,969
1798,970
1801,971
1802,972
1803,973
1804,974
1806,975
1819,976
1822,977
1823,978
1825,979
1826,980
1827,981
1828,982
1829,983
1830,984
1832,985
1834,986
1836,987
1837,988
1838,989
1839,990
1840,991
1841,992
1844,993
1845,994
1846,995
1847,996
1850,997
1851,998
1852,999
1854,1000
1858,1001
1859,1002
1861,1003
1862,1004
1864,1005
1865,1006
1866,1007
1867,1008
1868,1009
1870,1010
1871,1011
1872,1012
1873,1013
1874,1014
1878,1015
1879,1016
1880,1017
1881,1018
1890,1019
1893,1020
1895,1021
1898,1022
1899,1023
1900,1024
1903,1025
1904,1026
1905,1027
1906,1028
1907,1029
1908,1030
1909,1031
1910,1032
1911,1033
1912,1034
1913,1035
1915,1036
1920,1037
1922,1038
1923,1039
1924,1040
1926,1041
1927,1042
1928,1043
1930,1044
1931,1045
1935,1046
1936,1047
1937,1048
1940,1049
1944,1050
1945,1051
1958,1052
1959,1053
1960,1054
1961,1055
1962,1056
1964,1057
1966,1058
1967,1059
1968,1060
1974,1061
1975,1062
1976,1063
1977,1064
1978,1065
1979,1066
1984,1067
1985,1068
1989,1069
1990,1070
1997,1071
2000,1072
2009,1073
2012,1074
2013,1075
2027,1076
2029,1077
2038,1078
2040,1079
2041,1080
2050,1081
2051,1082
2055,1083
2056,1084
2057,1085
2060,1086
2061,1087
2062,1088
2066,1089
2070,1090
2073,1091
2074,1092
2075,1093
2076,1094
2077,1095
2078,1096
2079,1097
2080,1098
2081,1099
2082,1100
2083,1101
2084,1102
2085,1103
2093,1104
2094,1105
2095,1106
2099,1107
2101,1108
2102,1109
2104,1110
2108,1111
2109,1112
2110,1113
2124,1114
2125,1115
2127,1116
2128,1117
2129,1118
2130,1119
2131,1120
2133,1121
2134,1122
2135,1123
2139,1124
2140,1125
2141,1126
2145,1127
2146,1128
2147,1129
2152,1130
2154,1131
2159,1132
2160,1133
2169,1134
2184,1135
2192,1136
2196,1137
2197,1138
2198,1139
2199,1140
2200,1141
2201,1142
2202,1143
2204,1144
2206,1145
2210,1146
2223,1147
2226,1148
2234,1149
2237,1150
2249,1151
2252,1152
2253,1153
2254,1154
2257,1155
2258,1156
2259,1157
2265,1158
2267,1159
2271,1160
2272,1161
2297,1162
2298,1163
2299,1164
2301,1165
2302,1166
2303,1167
2307,1168
2309,1169
2311,1170
2314,1171
2315,1172
2318,1173
2319,1174
2320,1175
2321,1176
2323,1177
2324,1178
2334,1179
2335,1180
2336,1181
2337,1182
2340,1183
2341,1184
2342,1185
2343,1186
2344,1187
2345,1188
2346,1189
2347,1190
2349,1191
2352,1192
2353,1193
2354,1194
2355,1195
2357,1196
2358,1197
2359,1198
2371,1199
2372,1200
2373,1201
2374,1202
2375,1203
2376,1204
2377,1205
2378,1206
2379,1207
2380,1208
2381,1209
2382,1210
2383,1211
2384,1212
2385,1213
2386,1214
2387,1215
2388,1216
2389,1217
2390,1218
2391,1219
2392,1220
2393,1221
2394,1222
2395,1223
2396,1224
2397,1225
2398,1226
2399,1227
2400,1228
2401,1229
2402,1230
2403,1231
2404,1232
2405,1233
2406,1234
2407,1235
2408,1236
2409,1237
2411,1238
2412,1239
2413,1240
2414,1241
2415,1242
2416,1243
2418,1244
2419,1245
2420,1246
2421,1247
2422,1248
2423,1249
2425,1250
2426,1251
2434,1252
2435,1253
2436,1254
2437,1255
2442,1256
2443,1257
2445,1258
2475,1259
2477,1260
2478,1261
2479,1262
2480,1263
2492,1264
2494,1265
2495,1266
2497,1267
2498,1268
2499,1269
2500,1270
2503,1271
2505,1272
2507,1273
2509,1274
2510,1275
2511,1276
2512,1277
2513,1278
2517,1279
2518,1280
2519,1281
2520,1282
2522,1283
2523,1284
2529,1285
2530,1286
2531,1287
2532,1288
2534,1289
2544,1290
2545,1291
2546,1292
2552,1293
2553,1294
2555,1295
2556,1296
2557,1297
2558,1298
2561,1299
2562,1300
2564,1301
2565,1302
2567,1303
2568,1304
2569,1305
2570,1306
2573,1307
2574,1308
2575,1309
2576,1310
2577,1311
2578,1312
2579,1313
2582,1314
2583,1315
2586,1316
2587,1317
2589,1318
2590,1319
2592,1320
2593,1321
2594,1322
2597,1323
2598,1324
2601,1325
2602,1326
2603,1327
2605,1328
2606,1329
2607,1330
2610,1331
2611,1332
2613,1333
2615,1334
2617,1335
2618,1336
2619,1337
2620,1338
2621,1339
2623,1340
2624,1341
2626,1342
2627,1343
2628,1344
2629,1345
2630,1346
2631,1347
2632,1348
2633,1349
2635,1350
2636,1351
2637,1352
2639,1353
2643,1354
2648,1355
2649,1356
2650,1357
2652,1358
2653,1359
2654,1360
2656,1361
2657,1362
2658,1363
2659,1364
2660,1365
2661,1366
2662,1367
2664,1368
2665,1369
2666,1370
2667,1371
2671,1372
2672,1373
2673,1374
2674,1375
2676,1376
2677,1377
2678,1378
2680,1379
2681,1380
2682,1381
2683,1382
2684,1383
2685,1384
2686,1385
2688,1386
2689,1387
2690,1388
2691,1389
2692,1390
2693,1391
2694,1392
2695,1393
2696,1394
2697,1395
2698,1396
2699,1397
2700,1398
2701,1399
2702,1400
2703,1401
2704,1402
2705,1403
2706,1404
2714,1405
2715,1406
2716,1407
2719,1408
2720,1409
2722,1410
2723,1411
2725,1412
2727,1413
2728,1414
2729,1415
2732,1416
2738,1417
2739,1418
2740,1419
2743,1420
2744,1421
2751,1422
2753,1423
2754,1424
2756,1425
2757,1426
2759,1427
2760,1428
2762,1429
2763,1430
2764,1431
2765,1432
2766,1433
2767,1434
2768,1435
2769,1436
2770,1437
2783,1438
2784,1439
2785,1440
2786,1441
2787,1442
2788,1443
2790,1444
2791,1445
2792,1446
2793,1447
2794,1448
2795,1449
2796,1450
2801,1451
2802,1452
2804,1453
2805,1454
2806,1455
2808,1456
2809,1457
2810,1458
2812,1459
2821,1460
2840,1461
2841,1462
2842,1463
2843,1464
2844,1465
2845,1466
2846,1467
2853,1468
2854,1469
2855,1470
2856,1471
2864,1472
2865,1473
2869,1474
2870,1475
2871,1476
2873,1477
2874,1478
2875,1479
2878,1480
2879,1481
2880,1482
2881,1483
2882,1484
2884,1485
2886,1486
2887,1487
2888,1488
2889,1489
2890,1490
2891,1491
2892,1492
2894,1493
2899,1494
2900,1495
2901,1496
2906,1497
2907,1498
2908,1499
2909,1500
2911,1501
2912,1502
2913,1503
2915,1504
2916,1505
2917,1506
2918,1507
2919,1508
2922,1509
2923,1510
2924,1511
2925,1512
2926,1513
2927,1514
2932,1515
2933,1516
2936,1517
2937,1518
2938,1519
2942,1520
2943,1521
2944,1522
2951,1523
2952,1524
2953,1525
2954,1526
2955,1527
2956,1528
2958,1529
2961,1530
2962,1531
2963,1532
2964,1533
2965,1534
2968,1535
2969,1536
2970,1537
2971,1538
2972,1539
2973,1540
2977,1541
2978,1542
2979,1543
2981,1544
2983,1545
2984,1546
2993,1547
2994,1548
2995,1549
2996,1550
2998,1551
2999,1552
3000,1553
3001,1554
3002,1555
3003,1556
3004,1557
3005,1558
3006,1559
3007,1560
3008,1561
3009,1562
3010,1563
3011,1564
3013,1565
3018,1566
3019,1567
3020,1568
3021,1569
3022,1570
3023,1571
3029,1572
3031,1573
3032,1574
3037,1575
3041,1576
3042,1577
3043,1578
3044,1579
3045,1580
3046,1581
3047,1582
3048,1583
3049,1584
3050,1585
3052,1586
3053,1587
3054,1588
3055,1589
3056,1590
3057,1591
3058,1592
3061,1593
3062,1594
3063,1595
3064,1596
3065,1597
3066,1598
3067,1599
3068,1600
3071,1601
3072,1602
3075,1603
3076,1604
3077,1605
3078,1606
3079,1607
3081,1608
3082,1609
3083,1610
3084,1611
3086,1612
3091,1613
3092,1614
3093,1615
3094,1616
3095,1617
3096,1618
3097,1619
3100,1620
3101,1621
3102,1622
3105,1623
3106,1624
3107,1625
3109,1626
3113,1627
3114,1628
3116,1629
3117,1630
3124,1631
3126,1632
3131,1633
3132,1634
3134,1635
3135,1636
3136,1637
3137,1638
3138,1639
3139,1640
3140,1641
3142,1642
3143,1643
3145,1644
3147,1645
3149,1646
3150,1647
3152,1648
3157,1649
3161,1650
3164,1651
3166,1652
3167,1653
3168,1654
3169,1655
3170,1656
3171,1657
3174,1658
3175,1659
3176,1660
3177,1661
3181,1662
3182,1663
3183,1664
3187,1665
3188,1666
3189,1667
3196,1668
3197,1669
3199,1670
3204,1671
3210,1672
3211,1673
3216,1674
3218,1675
3219,1676
3220,1677
3222,1678
3226,1679
3227,1680
3237,1681
3238,1682
3239,1683
3240,1684
3241,1685
3243,1686
3245,1687
3247,1688
3248,1689
3259,1690
3270,1691
3274,1692
3288,1693
3294,1694
3297,1695
3303,1696
3305,1697
3306,1698
3309,1699
3310,1700
3311,1701
3312,1702
3313,1703
3314,1704
3315,1705
3316,1706
3317,1707
3318,1708
3320,1709
3321,1710
3322,1711
3323,1712
3324,1713
3325,1714
3331,1715
3332,1716
3333,1717
3337,1718
3338,1719
3339,1720
3340,1721
3341,1722
3343,1723
3344,1724
3345,1725
3347,1726
3348,1727
3363,1728
3367,1729
3369,1730
3371,1731
3372,1732
3373,1733
3374,1734
3375,1735
3377,1736
3378,1737
3385,1738
3387,1739
3390,1740
3405,1741
3406,1742
3407,1743
3408,1744
3410,1745
3411,1746
3417,1747
3421,1748
3429,1749
3430,1750
3431,1751
3432,1752
3434,1753
3435,1754
3438,1755
3439,1756
3442,1757
3443,1758
3449,1759
3450,1760
3451,1761
3452,1762
3454,1763
3455,1764
3457,1765
3458,1766
3459,1767
3467,1768
3468,1769
3474,1770
3483,1771
3484,1772
3485,1773
3492,1774
3493,1775
3508,1776
3522,1777
3531,1778
3532,1779
3542,1780
3543,1781
3547,1782
3548,1783
3549,1784
3550,1785
3551,1786
3553,1787
3554,1788
3555,1789
3556,1790
3567,1791
3568,1792
3572,1793
3573,1794
3574,1795
3575,1796
3577,1797
3578,1798
3579,1799
3580,1800
3581,1801
3582,1802
3583,1803
3584,1804
3586,1805
3587,1806
3588,1807
3589,1808
3592,1809
3594,1810
3595,1811
3596,1812
3599,1813
3600,1814
3601,1815
3602,1816
3603,1817
3604,1818
3606,1819
3607,1820
3617,1821
3619,1822
3620,1823
3621,1824
3622,1825
3623,1826
3627,1827
3628,1828
3629,1829
3630,1830
3631,1831
3632,1832
3637,1833
3638,1834
3639,1835
3657,1836
3658,1837
3659,1838
3660,1839
3662,1840
3663,1841
3664,1842
3665,1843
3666,1844
3667,1845
3670,1846
3671,1847
3673,1848
3680,1849
3681,1850
3683,1851
3684,1852
3685,1853
3686,1854
3687,1855
3689,1856
3690,1857
3691,1858
3694,1859
3696,1860
3702,1861
3703,1862
3708,1863
3709,1864
3710,1865
3711,1866
3712,1867
3713,1868
3714,1869
3718,1870
3719,1871
3721,1872
3722,1873
3723,1874
3724,1875
3725,1876
3727,1877
3728,1878
3732,1879
3733,1880
3737,1881
3742,1882
3743,1883
3744,1884
3746,1885
3747,1886
3748,1887
3749,1888
3751,1889
3752,1890
3756,1891
3757,1892
3758,1893
3759,1894
3760,1895
3761,1896
3762,1897
3763,1898
3764,1899
3765,1900
3766,1901
3767,1902
3768,1903
3769,1904
3770,1905
3773,1906
3774,1907
3775,1908
3778,1909
3779,1910
3780,1911
3781,1912
3784,1913
3785,1914
3786,1915
3790,1916
3792,1917
3793,1918
3794,1919
3795,1920
3796,1921
3799,1922
3800,1923
3801,1924
3802,1925
3803,1926
3804,1927
3805,1928
3806,1929
3807,1930
3808,1931
3809,1932
3810,1933
3811,1934
3812,1935
3815,1936
3816,1937
3817,1938
3820,1939
3826,1940
3827,1941
3828,1942
3829,1943
3830,1944
3831,1945
3836,1946
3838,1947
3839,1948
3841,1949
3842,1950
3843,1951
3844,1952
3845,1953
3847,1954
3848,1955
3849,1956
3850,1957
3852,1958
3853,1959
3855,1960
3858,1961
3859,1962
3861,1963
3862,1964
3863,1965
3864,1966
3865,1967
3866,1968
3867,1969
3873,1970
3881,1971
3882,1972
3883,1973
3884,1974
3888,1975
3889,1976
3894,1977
3903,1978
3905,1979
3906,1980
3917,1981
3918,1982
3922,1983
3923,1984
3955,1985
3966,1986
3975,1987
3976,1988
3987,1989
3988,1990
3999,1991
4000,1992
4003,1993
4004,1994
4005,1995
4006,1996
4007,1997
4008,1998
4009,1999
4013,2000
4014,2001
4017,2002
4018,2003
4019,2004
4020,2005
4024,2006
4025,2007
4026,2008
4028,2009
4035,2010
4036,2011
4037,2012
4039,2013
4041,2014
4042,2015
4043,2016
4044,2017
4056,2018
4057,2019
4060,2020
4061,2021
4062,2022
4063,2023
4069,2024
4070,2025
4073,2026
4087,2027
4088,2028
4089,2029
4090,2030
4092,2031
4093,2032
4094,2033
4099,2034
4100,2035
4101,2036
4103,2037
4104,2038
4107,2039
4108,2040
4109,2041
4111,2042
4115,2043
4116,2044
4117,2045
4150,2046
4154,2047
4155,2048
4158,2049
4169,2050
4210,2051
4213,2052
4214,2053
4240,2054
4242,2055
4246,2056
4250,2057
4253,2058
4259,2059
4260,2060
4261,2061
4263,2062
4273,2063
4274,2064
4275,2065
4280,2066
4281,2067
4283,2068
4285,2069
4286,2070
4287,2071
4289,2072
4290,2073
4291,2074
4293,2075
4294,2076
4299,2077
4300,2078
4301,2079
4303,2080
4305,2081
4306,2082
4307,2083
4317,2084
4318,2085
4319,2086
4322,2087
4325,2088
4326,2089
4327,2090
4328,2091
4329,2092
4331,2093
4333,2094
4338,2095
4340,2096
4341,2097
4343,2098
4344,2099
4345,2100
4346,2101
4348,2102
4349,2103
4351,2104
4352,2105
4353,2106
4354,2107
4356,2108
4357,2109
4358,2110
4363,2111
4364,2112
4365,2113
4368,2114
4369,2115
4371,2116
4373,2117
4379,2118
4380,2119
4382,2120
4383,2121
4384,2122
4385,2123
4386,2124
4388,2125
4389,2126
4390,2127
4391,2128
4392,2129
4393,2130
4396,2131
4399,2132
4402,2133
4403,2134
4404,2135
4405,2136
4406,2137
4407,2138
4409,2139
4410,2140
4411,2141
4412,2142
4413,2143
4414,2144
4424,2145
4425,2146
4426,2147
4427,2148
4428,2149
4429,2150
4434,2151
4443,2152
4447,2153
4448,2154
4456,2155
4457,2156
4458,2157
4460,2158
4461,2159
4462,2160
4463,2161
4464,2162
4465,2163
4467,2164
4468,2165
4469,2166
4471,2167
4472,2168
4473,2169
4474,2170
4475,2171
4476,2172
4477,2173
4478,2174
4479,2175
4480,2176
4481,2177
4482,2178
4484,2179
4487,2180
4488,2181
4489,2182
4490,2183
4491,2184
4492,2185
4493,2186
4494,2187
4495,2188
4496,2189
4497,2190
4498,2191
4499,2192
4500,2193
4501,2194
4502,2195
4503,2196
4504,2197
4505,2198
4508,2199
4518,2200
4519,2201
4520,2202
4525,2203
4526,2204
4529,2205
4530,2206
4531,2207
4532,2208
4533,2209
4534,2210
4535,2211
4536,2212
4538,2213
4540,2214
4541,2215
4542,2216
4544,2217
4545,2218
4546,2219
4547,2220
4548,2221
4549,2222
4550,2223
4552,2224
4556,2225
4557,2226
4560,2227
4561,2228
4569,2229
4577,2230
4578,2231
4579,2232
4580,2233
4581,2234
4583,2235
4584,2236
4585,2237
4586,2238
4587,2239
4589,2240
4590,2241
4591,2242
4596,2243
4597,2244
4598,2245
4599,2246
4610,2247
4611,2248
4612,2249
4614,2250
4615,2251
4617,2252
4623,2253
4624,2254
4625,2255
4631,2256
4632,2257
4633,2258
4634,2259
4644,2260
4646,2261
4652,2262
4653,2263
4654,2264
4655,2265
4656,2266
4657,2267
4658,2268
4659,2269
4660,2270
4661,2271
4662,2272
4671,2273
4676,2274
4677,2275
4679,2276
4680,2277
4681,2278
4682,2279
4696,2280
4702,2281
4705,2282
4706,2283
4707,2284
4708,2285
4709,2286
4710,2287
4711,2288
4723,2289
4731,2290
4732,2291
4733,2292
4734,2293
4735,2294
4746,2295
4747,2296
4750,2297
4751,2298
4752,2299
4754,2300
4759,2301
4760,2302
4765,2303
4776,2304
4785,2305
4786,2306
4787,2307
4789,2308
4790,2309
4791,2310
4792,2311
4794,2312
4801,2313
4802,2314
4804,2315
4805,2316
4806,2317
4807,2318
4808,2319
4809,2320
4810,2321
4811,2322
4812,2323
4815,2324
4816,2325
4817,2326
4818,2327
4819,2328
4820,2329
4824,2330
4825,2331
4826,2332
4831,2333
4832,2334
4834,2335
4835,2336
4836,2337
4848,2338
4849,2339
4855,2340
4856,2341
4857,2342
4858,2343
4861,2344
4862,2345
4863,2346
4864,2347
4866,2348
4867,2349
4868,2350
4869,2351
4870,2352
4871,2353
4872,2354
4873,2355
4876,2356
4883,2357
4884,2358
4885,2359
4886,2360
4887,2361
4888,2362
4889,2363
4890,2364
4891,2365
4894,2366
4895,2367
4896,2368
4897,2369
4899,2370
4900,2371
4903,2372
4904,2373
4905,2374
4906,2375
4907,2376
4908,2377
4918,2378
4919,2379
4925,2380
4927,2381
4931,2382
4932,2383
4933,2384
4934,2385
4935,2386
4936,2387
4938,2388
4939,2389
4940,2390
4945,2391
4946,2392
4948,2393
4949,2394
4950,2395
4953,2396
4958,2397
4959,2398
4964,2399
4969,2400
4975,2401
4976,2402
4979,2403
4989,2404
4996,2405
4997,2406
5000,2407
5001,2408
5003,2409
5009,2410
5010,2411
5012,2412
5013,2413
5014,2414
5015,2415
5016,2416
5017,2417
5018,2418
5019,2419
5020,2420
5021,2421
5026,2422
5027,2423
5029,2424
5030,2425
5031,2426
5032,2427
5033,2428
5034,2429
5035,2430
5037,2431
5038,2432
5039,2433
5040,2434
5042,2435
5043,2436
5050,2437
5051,2438
5053,2439
5054,2440
5055,2441
5058,2442
5059,2443
5060,2444
5061,2445
5062,2446
5064,2447
5066,2448
5067,2449
5068,2450
5069,2451
5071,2452
5072,2453
5079,2454
5080,2455
5081,2456
5082,2457
5084,2458
5085,2459
5086,2460
5087,2461
5089,2462
5090,2463
5091,2464
5092,2465
5095,2466
5098,2467
5101,2468
5102,2469
5103,2470
5104,2471
5106,2472
5107,2473
5108,2474
5109,2475
5110,2476
5111,2477
5112,2478
5113,2479
5115,2480
5116,2481
5121,2482
5122,2483
5123,2484
5124,2485
5125,2486
5127,2487
5128,2488
5129,2489
5130,2490
5131,2491
5132,2492
5133,2493
5135,2494
5136,2495
5137,2496
5138,2497
5139,2498
5140,2499
5141,2500
5142,2501
5143,2502
5145,2503
5148,2504
5149,2505
5150,2506
5151,2507
5153,2508
5154,2509
5155,2510
5157,2511
5158,2512
5159,2513
5160,2514
5161,2515
5162,2516
5164,2517
5165,2518
5166,2519
5167,2520
5168,2521
5169,2522
5170,2523
5171,2524
5173,2525
5174,2526
5177,2527
5178,2528
5179,2529
5180,2530
5181,2531
5182,2532
5183,2533
5184,2534
5186,2535
5187,2536
5188,2537
5189,2538
5190,2539
5192,2540
5193,2541
5194,2542
5195,2543
5196,2544
5197,2545
5198,2546
5199,2547
5200,2548
5202,2549
5205,2550
5206,2551
5207,2552
5215,2553
5218,2554
5219,2555
5220,2556
5223,2557
5224,2558
5225,2559
5226,2560
5227,2561
5228,2562
5229,2563
5230,2564
5232,2565
5233,2566
5234,2567
5235,2568
5236,2569
5237,2570
5239,2571
5246,2572
5250,2573
5251,2574
5252,2575
5253,2576
5255,2577
5256,2578
5257,2579
5259,2580
5260,2581
5261,2582
5263,2583
5265,2584
5266,2585
5267,2586
5268,2587
5269,2588
5270,2589
5272,2590
5274,2591
5275,2592
5276,2593
5277,2594
5279,2595
5280,2596
5282,2597
5287,2598
5297,2599
5298,2600
5299,2601
5300,2602
5301,2603
5302,2604
5303,2605
5305,2606
5306,2607
5307,2608
5308,2609
5309,2610
5312,2611
5318,2612
5319,2613
5327,2614
5328,2615
5329,2616
5330,2617
5331,2618
5333,2619
5334,2620
5335,2621
5336,2622
5337,2623
5339,2624
5340,2625
5342,2626
5343,2627
5344,2628
5345,2629
5346,2630
5347,2631
5348,2632
5350,2633
5352,2634
5355,2635
5356,2636
5357,2637
5358,2638
5360,2639
5361,2640
5362,2641
5363,2642
5364,2643
5366,2644
5367,2645
5368,2646
5369,2647
5370,2648
5371,2649
5372,2650
5374,2651
5375,2652
5376,2653
5377,2654
5378,2655
5380,2656
5382,2657
5383,2658
5384,2659
5386,2660
5387,2661
5388,2662
5389,2663
5390,2664
5391,2665
5392,2666
5393,2667
5394,2668
5398,2669
5399,2670
5400,2671
5401,2672
5402,2673
5404,2674
5408,2675
5409,2676
5410,2677
5411,2678
5412,2679
5413,2680
5414,2681
5415,2682
5419,2683
5420,2684
5421,2685
5422,2686
5428,2687
5429,2688
5438,2689
5439,2690
5440,2691
5441,2692
5442,2693
5443,2694
5447,2695
5449,2696
5450,2697
5454,2698
5460,2699
5461,2700
5462,2701
5463,2702
5464,2703
5467,2704
5468,2705
5469,2706
5470,2707
5471,2708
5472,2709
5473,2710
5474,2711
5475,2712
5477,2713
5481,2714
5482,2715
5484,2716
5485,2717
5486,2718
5487,2719
5489,2720
5491,2721
5499,2722
5501,2723
5502,2724
5503,2725
5504,2726
5506,2727
5507,2728
5508,2729
5510,2730
5511,2731
5515,2732
5516,2733
5517,2734
5518,2735
5519,2736
5520,2737
5521,2738
5522,2739
5523,2740
5524,2741
5525,2742
5526,2743
5527,2744
5528,2745
5529,2746
5530,2747
5531,2748
5532,2749
5533,2750
5536,2751
5537,2752
5538,2753
5541,2754
5542,2755
5543,2756
5544,2757
5545,2758
5546,2759
5547,2760
5552,2761
5553,2762
5554,2763
5555,2764
5556,2765
5557,2766
5559,2767
5561,2768
5562,2769
5564,2770
5565,2771
5567,2772
5568,2773
5571,2774
5574,2775
5575,2776
5576,2777
5580,2778
5581,2779
5582,2780
5583,2781
5585,2782
5586,2783
5587,2784
5588,2785
5589,2786
5590,2787
5591,2788
5592,2789
5593,2790
5594,2791
5595,2792
5596,2793
5597,2794
5599,2795
5602,2796
5603,2797
5604,2798
5606,2799
5607,2800
5609,2801
5610,2802
5612,2803
5617,2804
5618,2805
5619,2806
5620,2807
5621,2808
5622,2809
5623,2810
5624,2811
5625,2812
5626,2813
5634,2814
5635,2815
5636,2816
5637,2817
5640,2818
5641,2819
5642,2820
5646,2821
5650,2822
5651,2823
5652,2824
5655,2825
5656,2826
5659,2827
5671,2828
5672,2829
5673,2830
5674,2831
5677,2832
5682,2833
5683,2834
5768,2835
5769,2836
5770,2837
5772,2838
5773,2839
5774,2840
5775,2841
5776,2842
5777,2843
5778,2844
5779,2845
5786,2846
5798,2847
5805,2848
5808,2849
5825,2850
5836,2851
5846,2852
5847,2853
5849,2854
5852,2855
5882,2856
5883,2857
5884,2858
5907,2859
5908,2860
5911,2861
5913,2862
5914,2863
5915,2864
5916,2865
5917,2866
5918,2867
5919,2868
5922,2869
5923,2870
5924,2871
5925,2872
5926,2873
5927,2874
5928,2875
5929,2876
5930,2877
5931,2878
5932,2879
5933,2880
5934,2881
5935,2882
5936,2883
5938,2884
5939,2885
5942,2886
5943,2887
5944,2888
5946,2889
5947,2890
5948,2891
5953,2892
5954,2893
5955,2894
5956,2895
5957,2896
5959,2897
5960,2898
5961,2899
5962,2900
5964,2901
5970,2902
5974,2903
5980,2904
5981,2905
5984,2906
5985,2907
5986,2908
5987,2909
5988,2910
5989,2911
5990,2912
5991,2913
5992,2914
5996,2915
6002,2916
6003,2917
6004,2918
6005,2919
6006,2920
6007,2921
6008,2922
6009,2923
6010,2924
6011,2925
6013,2926
6014,2927
6016,2928
6020,2929
6022,2930
6023,2931
6024,2932
6025,2933
6028,2934
6029,2935
6035,2936
6038,2937
6039,2938
6042,2939
6045,2940
6046,2941
6053,2942
6054,2943
6055,2944
6056,2945
6057,2946
6058,2947
6060,2948
6061,2949
6062,2950
6063,2951
6064,2952
6065,2953
6066,2954
6067,2955
6068,2956
6070,2957
6071,2958
6075,2959
6086,2960
6088,2961
6089,2962
6090,2963
6094,2964
6097,2965
6098,2966
6100,2967
6102,2968
6103,2969
6104,2970
6105,2971
6106,2972
6108,2973
6110,2974
6111,2975
6112,2976
6113,2977
6114,2978
6116,2979
6117,2980
6118,2981
6119,2982
6120,2983
6124,2984
6125,2985
6129,2986
6130,2987
6131,2988
6138,2989
6144,2990
6145,2991
6146,2992
6156,2993
6157,2994
6162,2995
6163,2996
6164,2997
6165,2998
6166,2999
6167,3000
6168,3001
6169,3002
6170,3003
6180,3004
6182,3005
6183,3006
6184,3007
6185,3008
6186,3009
6187,3010
6189,3011
6190,3012
6201,3013
6202,3014
6203,3015
6204,3016
6206,3017
6208,3018
6215,3019
6216,3020
6233,3021
6234,3022
6239,3023
6256,3024
6257,3025
6259,3026
6260,3027
6262,3028
6266,3029
6267,3030
6268,3031
6270,3032
6272,3033
6274,3034
6275,3035
6277,3036
6280,3037
6281,3038
6282,3039
6295,3040
6296,3041
6297,3042
6298,3043
6299,3044
6300,3045
6301,3046
6310,3047
6311,3048
6312,3049
6313,3050
6314,3051
6316,3052
6317,3053
6318,3054
6319,3055
6320,3056
6321,3057
6322,3058
6323,3059
6325,3060
6326,3061
6327,3062
6328,3063
6329,3064
6330,3065
6331,3066
6332,3067
6339,3068
6340,3069
6341,3070
6343,3071
6344,3072
6345,3073
6346,3074
6347,3075
6348,3076
6349,3077
6350,3078
6351,3079
6352,3080
6353,3081
6354,3082
6355,3083
6356,3084
6357,3085
6360,3086
6361,3087
6362,3088
6364,3089
6365,3090
6366,3091
6367,3092
6368,3093
6369,3094
6370,3095
6372,3096
6373,3097
6375,3098
6376,3099
6377,3100
6378,3101
6379,3102
6380,3103
6381,3104
6382,3105
6390,3106
6392,3107
6394,3108
6395,3109
6403,3110
6404,3111
6409,3112
6410,3113
6417,3114
6423,3115
6431,3116
6432,3117
6437,3118
6446,3119
6447,3120
6449,3121
6450,3122
6455,3123
6456,3124
6464,3125
6465,3126
6470,3127
6471,3128
6477,3129
6482,3130
6483,3131
6485,3132
6486,3133
6487,3134
6488,3135
6490,3136
6495,3137
6496,3138
6498,3139
6499,3140
6500,3141
6501,3142
6502,3143
6503,3144
6514,3145
6515,3146
6516,3147
6517,3148
6518,3149
6524,3150
6526,3151
6544,3152
6545,3153
6549,3154
6551,3155
6552,3156
6553,3157
6554,3158
6555,3159
6556,3160
6557,3161
6558,3162
6560,3163
6561,3164
6563,3165
6564,3166
6565,3167
6567,3168
6568,3169
6569,3170
6570,3171
6571,3172
6572,3173
6573,3174
6574,3175
6575,3176
6576,3177
6577,3178
6578,3179
6580,3180
6581,3181
6582,3182
6583,3183
6584,3184
6585,3185
6586,3186
6588,3187
6590,3188
6591,3189
6592,3190
6593,3191
6594,3192
6603,3193
6604,3194
6605,3195
6606,3196
6608,3197
6609,3198
6610,3199
6611,3200
6612,3201
6614,3202
6615,3203
6616,3204
6617,3205
6618,3206
6619,3207
6625,3208
6626,3209
6629,3210
6630,3211
6633,3212
6638,3213
6639,3214
6641,3215
6642,3216
6643,3217
6644,3218
6645,3219
6648,3220
6649,3221
6652,3222
6653,3223
6654,3224
6655,3225
6669,3226
6671,3227
6680,3228
6684,3229
6685,3230
6686,3231
6690,3232
6691,3233
6693,3234
6698,3235
6699,3236
6702,3237
6706,3238
6707,3239
6711,3240
6713,3241
6714,3242
6716,3243
6717,3244
6721,3245
6722,3246
6727,3247
6737,3248
6738,3249
6746,3250
6747,3251
6748,3252
6749,3253
6750,3254
6752,3255
6754,3256
6755,3257
6766,3258
6767,3259
6775,3260
6776,3261
6783,3262
6784,3263
6785,3264
6786,3265
6787,3266
6788,3267
6790,3268
6793,3269
6794,3270
6795,3271
6811,3272
6812,3273
6813,3274
6814,3275
6819,3276
6820,3277
6822,3278
6823,3279
6824,3280
6825,3281
6826,3282
6827,3283
6828,3284
6829,3285
6831,3286
6832,3287
6833,3288
6834,3289
6835,3290
6836,3291
6837,3292
6838,3293
6841,3294
6842,3295
6843,3296
6844,3297
6845,3298
6846,3299
6847,3300
6848,3301
6849,3302
6851,3303
6852,3304
6853,3305
6854,3306
6855,3307
6856,3308
6857,3309
6862,3310
6863,3311
6867,3312
6868,3313
6869,3314
6873,3315
6874,3316
6875,3317
6876,3318
6877,3319
6878,3320
6879,3321
6881,3322
6882,3323
6883,3324
6884,3325
6885,3326
6886,3327
6887,3328
6888,3329
6889,3330
6891,3331
6892,3332
6893,3333
6894,3334
6895,3335
6896,3336
6897,3337
6898,3338
6899,3339
6904,3340
6905,3341
6906,3342
6907,3343
6908,3344
6909,3345
6910,3346
6911,3347
6918,3348
6919,3349
6920,3350
6921,3351
6922,3352
6923,3353
6924,3354
6925,3355
6926,3356
6927,3357
6928,3358
6929,3359
6930,3360
6931,3361
6932,3362
6933,3363
6934,3364
6935,3365
6936,3366
6937,3367
6938,3368
6939,3369
6940,3370
6942,3371
6943,3372
6944,3373
6946,3374
6947,3375
6948,3376
6949,3377
6950,3378
6951,3379
6952,3380
6955,3381
6956,3382
6957,3383
6958,3384
6959,3385
6960,3386
6961,3387
6962,3388
6967,3389
6968,3390
6969,3391
6970,3392
6972,3393
6973,3394
6974,3395
6976,3396
6977,3397
6978,3398
6979,3399
6980,3400
6981,3401
6982,3402
6983,3403
6984,3404
6985,3405
6987,3406
6988,3407
6989,3408
6990,3409
6991,3410
6992,3411
6993,3412
6994,3413
6995,3414
6996,3415
6997,3416
7000,3417
7001,3418
7002,3419
7004,3420
7005,3421
7006,3422
7011,3423
7012,3424
7013,3425
7014,3426
7015,3427
7016,3428
7017,3429
7018,3430
7019,3431
7020,3432
7021,3433
7022,3434
7023,3435
7026,3436
7033,3437
7042,3438
7043,3439
7044,3440
7045,3441
7056,3442
7057,3443
7065,3444
7069,3445
7070,3446
7071,3447
7072,3448
7073,3449
7083,3450
7089,3451
7090,3452
7091,3453
7092,3454
7094,3455
7095,3456
7097,3457
7098,3458
7104,3459
7105,3460
7106,3461
7111,3462
7112,3463
7113,3464
7114,3465
7115,3466
7117,3467
7118,3468
7119,3469
7120,3470
7121,3471
7122,3472
7123,3473
7128,3474
7130,3475
7131,3476
7132,3477
7133,3478
7134,3479
7135,3480
7136,3481
7137,3482
7138,3483
7139,3484
7144,3485
7145,3486
7146,3487
7147,3488
7148,3489
7156,3490
7161,3491
7162,3492
7163,3493
7164,3494
7167,3495
7168,3496
7169,3497
7170,3498
7171,3499
7172,3500
7173,3501
7174,3502
7175,3503
7176,3504
7177,3505
7178,3506
7179,3507
7180,3508
7181,3509
7182,3510
7183,3511
7184,3512
7185,3513
7186,3514
7187,3515
7188,3516
7189,3517
7190,3518
7191,3519
7192,3520
7193,3521
7194,3522
7195,3523
7196,3524
7197,3525
7198,3526
7199,3527
7200,3528
7201,3529
7202,3530
7203,3531
7204,3532
7205,3533
7206,3534
7207,3535
7208,3536
7210,3537
7211,3538
7212,3539
7213,3540
7214,3541
7215,3542
7217,3543
7218,3544
7219,3545
7220,3546
7221,3547
7222,3548
7223,3549
7224,3550
7225,3551
7226,3552
7227,3553
7228,3554
7229,3555
7230,3556
7231,3557
7232,3558
7233,3559
7234,3560
7235,3561
7236,3562
7237,3563
7238,3564
7239,3565
7240,3566
7241,3567
7242,3568
7243,3569
7245,3570
7246,3571
7247,3572
7248,3573
7249,3574
7250,3575
7251,3576
7253,3577
7254,3578
7255,3579
7256,3580
7258,3581
7259,3582
7260,3583
7263,3584
7264,3585
7265,3586
7267,3587
7268,3588
7269,3589
7270,3590
7271,3591
7272,3592
7273,3593
7274,3594
7275,3595
7279,3596
7280,3597
7282,3598
7283,3599
7285,3600
7286,3601
7287,3602
7288,3603
7289,3604
7290,3605
7291,3606
7292,3607
7293,3608
7296,3609
7297,3610
7301,3611
7302,3612
7303,3613
7305,3614
7306,3615
7307,3616
7309,3617
7310,3618
7311,3619
7313,3620
7315,3621
7318,3622
7319,3623
7320,3624
7321,3625
7322,3626
7323,3627
7325,3628
7326,3629
7328,3630
7329,3631
7330,3632
7331,3633
7333,3634
7334,3635
7335,3636
7336,3637
7337,3638
7338,3639
7339,3640
7340,3641
7341,3642
7343,3643
7344,3644
7345,3645
7346,3646
7347,3647
7348,3648
7349,3649
7350,3650
7351,3651
7352,3652
7353,3653
7354,3654
7355,3655
7356,3656
7357,3657
7361,3658
7362,3659
7363,3660
7364,3661
7366,3662
7367,3663
7368,3664
7369,3665
7371,3666
7372,3667
7373,3668
7374,3669
7376,3670
7377,3671
7378,3672
7379,3673
7382,3674
7383,3675
7385,3676
7386,3677
7387,3678
7388,3679
7389,3680
7390,3681
7392,3682
7393,3683
7394,3684
7395,3685
7396,3686
7397,3687
7398,3688
7399,3689
7400,3690
7401,3691
7402,3692
7403,3693
7404,3694
7405,3695
7406,3696
7407,3697
7408,3698
7409,3699
7410,3700
7411,3701
7412,3702
7413,3703
7415,3704
7416,3705
7417,3706
7419,3707
7420,3708
7421,3709
7422,3710
7423,3711
7424,3712
7425,3713
7426,3714
7427,3715
7428,3716
7429,3717
7430,3718
7431,3719
7433,3720
7434,3721
7435,3722
7436,3723
7437,3724
7438,3725
7439,3726
7440,3727
7441,3728
7442,3729
7443,3730
7444,3731
7445,3732
7446,3733
7447,3734
7448,3735
7449,3736
7450,3737
7451,3738
7452,3739
7453,3740
7454,3741
7455,3742
7456,3743
7457,3744
7458,3745
7459,3746
7460,3747
7461,3748
7463,3749
7464,3750
7465,3751
7466,3752
7467,3753
7468,3754
7469,3755
7470,3756
7471,3757
7472,3758
7473,3759
7474,3760
7475,3761
7477,3762
7478,3763
7479,3764
7480,3765
7482,3766
7483,3767
7489,3768
7492,3769
7493,3770
7494,3771
7496,3772
7499,3773
7500,3774
7501,3775
7502,3776
7503,3777
7504,3778
7505,3779
7506,3780
7507,3781
7511,3782
7512,3783
7513,3784
7514,3785
7515,3786
7516,3787
7517,3788
7518,3789
7520,3790
7522,3791
7523,3792
7524,3793
7525,3794
7526,3795
7527,3796
7528,3797
7529,3798
7530,3799
7531,3800
7532,3801
7533,3802
7534,3803
7535,3804
7536,3805
7537,3806
7539,3807
7540,3808
7541,3809
7543,3810
7544,3811
7545,3812
7546,3813
7547,3814
7548,3815
7549,3816
7550,3817
7551,3818
7552,3819
7553,3820
7557,3821
7563,3822
7564,3823
7565,3824
7567,3825
7569,3826
7570,3827
7571,3828
7572,3829
7573,3830
7577,3831
7578,3832
7579,3833
7580,3834
7581,3835
7582,3836
7584,3837
7585,3838
7586,3839
7587,3840
7589,3841
7590,3842
7591,3843
7592,3844
7593,3845
7594,3846
7596,3847
7597,3848
7598,3849
7599,3850
7600,3851
7601,3852
7602,3853
7604,3854
7605,3855
7607,3856
7608,3857
7609,3858
7610,3859
7612,3860
7613,3861
7614,3862
7615,3863
7617,3864
7618,3865
7623,3866
7624,3867
7625,3868
7639,3869
7640,3870
7641,3871
7642,3872
7643,3873
7644,3874
7645,3875
7647,3876
7648,3877
7649,3878
7650,3879
7651,3880
7652,3881
7653,3882
7655,3883
7659,3884
7660,3885
7661,3886
7662,3887
7663,3888
7664,3889
7666,3890
7667,3891
7668,3892
7670,3893
7672,3894
7673,3895
7674,3896
7675,3897
7676,3898
7677,3899
7678,3900
7700,3901
7711,3902
7721,3903
7722,3904
7725,3905
7729,3906
7735,3907
7737,3908
7738,3909
7739,3910
7740,3911
7742,3912
7748,3913
7749,3914
7750,3915
7751,3916
7752,3917
7753,3918
7754,3919
7755,3920
7756,3921
7757,3922
7766,3923
7777,3924
7778,3925
7779,3926
7782,3927
7783,3928
7784,3929
7785,3930
7786,3931
7788,3932
7789,3933
7790,3934
7791,3935
7792,3936
7793,3937
7794,3938
7795,3939
7796,3940
7797,3941
7798,3942
7799,3943
7800,3944
7801,3945
7802,3946
7803,3947
7807,3948
7808,3949
7811,3950
7815,3951
7816,3952
7817,3953
7818,3954
7819,3955
7820,3956
7822,3957
7828,3958
7829,3959
7834,3960
7840,3961
7841,3962
7842,3963
7843,3964
7844,3965
7845,3966
7846,3967
7847,3968
7848,3969
7849,3970
7850,3971
7851,3972
7852,3973
7853,3974
7854,3975
7855,3976
7856,3977
7857,3978
7858,3979
7859,3980
7860,3981
7861,3982
7862,3983
7863,3984
7864,3985
7865,3986
7866,3987
7867,3988
7868,3989
7869,3990
7870,3991
7871,3992
7872,3993
7873,3994
7875,3995
7878,3996
7879,3997
7880,3998
7881,3999
7886,4000
7892,4001
7896,4002
7897,4003
7898,4004
7901,4005
7903,4006
7904,4007
7905,4008
7906,4009
7907,4010
7908,4011
7909,4012
7910,4013
7911,4014
7912,4015
7913,4016
7914,4017
7915,4018
7917,4019
7918,4020
7919,4021
7920,4022
7921,4023
7922,4024
7923,4025
7924,4026
7928,4027
7929,4028
7930,4029
7931,4030
7932,4031
7933,4032
7939,4033
7943,4034
7951,4035
7952,4036
7953,4037
7954,4038
7955,4039
7956,4040
7957,4041
7977,4042
7978,4043
7991,4044
7992,4045
7993,4046
7994,4047
7995,4048
7996,4049
8002,4050
8003,4051
8004,4052
8005,4053
8006,4054
8007,4055
8008,4056
8009,4057
8012,4058
8013,4059
8014,4060
8017,4061
8019,4062
8027,4063
8028,4064
8029,4065
8030,4066
8031,4067
8032,4068
8035,4069
8037,4070
8039,4071
8040,4072
8041,4073
8043,4074
8046,4075
8047,4076
8049,4077
8051,4078
8053,4079
8054,4080
8055,4081
8056,4082
8057,4083
8058,4084
8059,4085
8060,4086
8061,4087
8062,4088
8063,4089
8064,4090
8065,4091
8066,4092
8068,4093
8069,4094
8070,4095
8071,4096
8072,4097
8073,4098
8074,4099
8075,4100
8078,4101
8093,4102
8095,4103
8096,4104
8108,4105
8109,4106
8110,4107
8111,4108
8113,4109
8114,4110
8115,4111
8117,4112
8118,4113
8119,4114
8120,4115
8121,4116
8122,4117
8123,4118
8126,4119
8127,4120
8128,4121
8129,4122
8132,4123
8137,4124
8146,4125
8147,4126
8148,4127
8149,4128
8152,4129
8156,4130
8157,4131
8159,4132
8160,4133
8162,4134
8169,4135
8170,4136
8176,4137
8177,4138
8178,4139
8179,4140
8180,4141
8181,4142
8183,4143
8184,4144
8186,4145
8187,4146
8191,4147
8192,4148
8194,4149
8196,4150
8198,4151
8201,4152
8202,4153
8219,4154
8220,4155
8221,4156
8222,4157
8234,4158
8238,4159
8242,4160
8245,4161
8249,4162
8252,4163
8253,4164
8254,4165
8255,4166
8257,4167
8262,4168
8263,4169
8272,4170
8273,4171
8279,4172
8282,4173
8290,4174
8293,4175
8297,4176
8300,4177
8312,4178
8317,4179
8340,4180
8341,4181
8347,4182
8348,4183
8351,4184
8352,4185
8376,4186
8385,4187
8388,4188
8390,4189
8391,4190
8392,4191
8394,4192
8396,4193
8398,4194
8399,4195
8421,4196
8422,4197
8423,4198
8429,4199
8430,4200
8431,4201
8432,4202
8433,4203
8434,4204
8435,4205
8436,4206
8437,4207
8439,4208
8440,4209
8441,4210
8444,4211
8445,4212
8460,4213
8491,4214
8492,4215
8493,4216
8494,4217
8508,4218
8509,4219
8512,4220
8513,4221
8516,4222
8518,4223
8519,4224
8523,4225
8524,4226
8525,4227
8526,4228
8527,4229
8528,4230
8529,4231
8532,4232
8533,4233
8534,4234
8535,4235
8536,4236
8537,4237
8540,4238
8541,4239
8542,4240
8543,4241
8544,4242
8545,4243
8546,4244
8552,4245
8562,4246
8564,4247
8565,4248
8595,4249
8596,4250
8599,4251
8600,4252
8601,4253
8609,4254
8610,4255
8612,4256
8615,4257
8616,4258
8617,4259
8618,4260
8619,4261
8620,4262
8622,4263
8629,4264
8631,4265
8634,4266
8635,4267
8636,4268
8637,4269
8640,4270
8641,4271
8645,4272
8646,4273
8647,4274
8648,4275
8649,4276
8653,4277
8655,4278
8656,4279
8658,4280
8660,4281
8661,4282
8663,4283
8664,4284
8666,4285
8667,4286
8668,4287
8670,4288
8671,4289
8672,4290
8673,4291
8674,4292
8701,4293
8708,4294
8709,4295
8710,4296
8711,4297
8713,4298
8717,4299
8719,4300
8720,4301
8725,4302
8733,4303
8734,4304
8737,4305
8738,4306
8739,4307
8746,4308
8749,4309
8750,4310
8751,4311
8752,4312
8753,4313
8754,4314
8755,4315
8756,4316
8757,4317
8759,4318
8760,4319
8761,4320
8762,4321
8763,4322
8764,4323
8765,4324
8771,4325
8773,4326
8775,4327
8780,4328
8782,4329
8783,4330
8785,4331
8786,4332
8787,4333
8788,4334
8789,4335
8790,4336
8791,4337
8792,4338
8793,4339
8797,4340
8803,4341
8804,4342
8805,4343
8806,4344
8807,4345
8808,4346
8809,4347
8810,4348
8811,4349
8812,4350
8813,4351
8814,4352
8815,4353
8816,4354
8817,4355
8818,4356
8819,4357
8820,4358
8822,4359
8823,4360
8824,4361
8825,4362
8826,4363
8831,4364
8832,4365
8866,4366
8878,4367
8879,4368
8907,4369
8912,4370
8913,4371
8914,4372
8915,4373
8916,4374
8934,4375
8935,4376
8936,4377
8942,4378
8944,4379
8948,4380
8953,4381
8969,4382
8970,4383
8971,4384
8973,4385
8975,4386
8978,4387
8979,4388
8980,4389
8983,4390
8984,4391
8985,4392
8986,4393
8987,4394
8989,4395
8996,4396
9005,4397
9006,4398
9009,4399
9010,4400
9011,4401
9012,4402
9013,4403
9014,4404
9015,4405
9016,4406
9017,4407
9018,4408
9019,4409
9020,4410
9021,4411
9025,4412
9030,4413
9031,4414
9032,4415
9035,4416
9036,4417
9037,4418
9046,4419
9050,4420
9054,4421
9055,4422
9056,4423
9057,4424
9058,4425
9059,4426
9064,4427
9070,4428
9071,4429
9072,4430
9074,4431
9077,4432
9078,4433
9080,4434
9083,4435
9084,4436
9085,4437
9092,4438
9093,4439
9096,4440
9098,4441
9102,4442
9103,4443
9104,4444
9110,4445
9111,4446
9112,4447
9121,4448
9122,4449
9126,4450
9127,4451
9132,4452
9254,4453
9255,4454
9257,4455
9259,4456
9303,4457
9307,4458
9310,4459
9312,4460
9316,4461
9340,4462
9342,4463
9343,4464
9344,4465
9361,4466
9362,4467
9363,4468
9364,4469
9365,4470
9367,4471
9368,4472
9373,4473
9374,4474
9375,4475
9376,4476
9377,4477
9378,4478
9379,4479
9380,4480
9383,4481
9386,4482
9388,4483
9390,4484
9392,4485
9393,4486
9394,4487
9395,4488
9398,4489
9399,4490
9400,4491
9402,4492
9404,4493
9405,4494
9415,4495
9418,4496
9419,4497
9425,4498
9428,4499
9429,4500
9437,4501
9442,4502
9444,4503
9446,4504
9447,4505
9461,4506
9462,4507
9464,4508
9465,4509
9466,4510
9467,4511
9470,4512
9471,4513
9473,4514
9474,4515
9476,4516
9479,4517
9480,4518
9481,4519
9482,4520
9488,4521
9492,4522
9502,4523
9503,4524
9516,4525
9517,4526
9518,4527
9519,4528
9520,4529
9521,4530
9522,4531
9523,4532
9524,4533
9525,4534
9530,4535
9532,4536
9537,4537
9538,4538
9539,4539
9540,4540
9541,4541
9543,4542
9544,4543
9545,4544
9553,4545
9554,4546
9555,4547
9556,4548
9557,4549
9558,4550
9559,4551
9560,4552
9561,4553
9562,4554
9564,4555
9565,4556
9566,4557
9567,4558
9568,4559
9573,4560
9574,4561
9576,4562
9577,4563
9578,4564
9583,4565
9584,4566
9585,4567
9586,4568
9588,4569
9590,4570
9591,4571
9592,4572
9594,4573
9596,4574
9597,4575
9598,4576
9599,4577
9600,4578
9602,4579
9603,4580
9604,4581
9605,4582
9606,4583
9607,4584
9608,4585
9609,4586
9612,4587
9613,4588
9614,4589
9615,4590
9616,4591
9617,4592
9618,4593
9619,4594
9620,4595
9621,4596
9622,4597
9623,4598
9624,4599
9625,4600
9626,4601
9627,4602
9628,4603
9629,4604
9630,4605
9631,4606
9632,4607
9633,4608
9634,4609
9635,4610
9636,4611
9637,4612
9638,4613
9639,4614
9641,4615
9642,4616
9643,4617
9644,4618
9647,4619
9648,4620
9649,4621
9650,4622
9654,4623
9655,4624
9658,4625
9659,4626
9661,4627
9662,4628
9663,4629
9664,4630
9665,4631
9669,4632
9670,4633
9671,4634
9674,4635
9675,4636
9678,4637
9679,4638
9681,4639
9682,4640
9683,4641
9684,4642
9685,4643
9688,4644
9694,4645
9698,4646
9700,4647
9701,4648
9702,4649
9703,4650
9705,4651
9708,4652
9711,4653
9715,4654
9716,4655
9717,4656
9719,4657
9721,4658
9722,4659
9723,4660
9724,4661
9725,4662
9726,4663
9727,4664
9728,4665
9729,4666
9731,4667
9732,4668
9733,4669
9734,4670
9735,4671
9736,4672
9737,4673
9738,4674
9739,4675
9740,4676
9741,4677
9742,4678
9743,4679
9744,4680
9745,4681
9746,4682
9747,4683
9753,4684
9754,4685
9755,4686
9756,4687
9764,4688
9765,4689
9766,4690
9767,4691
9771,4692
9772,4693
9773,4694
9774,4695
9777,4696
9778,4697
9780,4698
9781,4699
9783,4700
9784,4701
9785,4702
9787,4703
9795,4704
9797,4705
9801,4706
9809,4707
9810,4708
9812,4709
9816,4710
9817,4711
9819,4712
9820,4713
9821,4714
9822,4715
9823,4716
9824,4717
9825,4718
9826,4719
9827,4720
9828,4721
9829,4722
9830,4723
9831,4724
9856,4725
9857,4726
9858,4727
9859,4728
9860,4729
9861,4730
9862,4731
9863,4732
9864,4733
9865,4734
9866,4735
9867,4736
9868,4737
9869,4738
9870,4739
9871,4740
9872,4741
9873,4742
9874,4743
9875,4744
9876,4745
9877,4746
9878,4747
9879,4748
9880,4749
9881,4750
9882,4751
9883,4752
9885,4753
9886,4754
9887,4755
9888,4756
9889,4757
9890,4758
9891,4759
9892,4760
9893,4761
9894,4762
9896,4763
9897,4764
9898,4765
9899,4766
9900,4767
9901,4768
9902,4769
9903,4770
9904,4771
9905,4772
9906,4773
9907,4774
9908,4775
9909,4776
9910,4777
9911,4778
9912,4779
9913,4780
9914,4781
9915,4782
9916,4783
9917,4784
9918,4785
9919,4786
9921,4787
9922,4788
9923,4789
9924,4790
9925,4791
9926,4792
9927,4793
9928,4794
9929,4795
9930,4796
9931,4797
9932,4798
9933,4799
9934,4800
9935,4801
9937,4802
9938,4803
9939,4804
9940,4805
9941,4806
9943,4807
9944,4808
9945,4809
9946,4810
9947,4811
9949,4812
9950,4813
9951,4814
9952,4815
9954,4816
9957,4817
9958,4818
9961,4819
9962,4820
9963,4821
9964,4822
9965,4823
9966,4824
9967,4825
9969,4826
9970,4827
9971,4828
9972,4829
9973,4830
9974,4831
9975,4832
9976,4833
9978,4834
9980,4835
9982,4836
9983,4837
9984,4838
9985,4839
9986,4840
9988,4841
9989,4842
9991,4843
9992,4844
9993,4845
9996,4846
9997,4847
9998,4848
9999,4849
10000,4850
10001,4851
10002,4852
10003,4853
10004,4854
10005,4855
10006,4856
10007,4857
10008,4858
10009,4859
10010,4860
10011,4861
10012,4862
10013,4863
10014,4864
10015,4865
10016,4866
10017,4867
10018,4868
10019,4869
10021,4870
10022,4871
10023,4872
10024,4873
10025,4874
10026,4875
10028,4876
10029,4877
10030,4878
10031,4879
10032,4880
10033,4881
10034,4882
10035,4883
10036,4884
10037,4885
10038,4886
10039,4887
10041,4888
10042,4889
10043,4890
10044,4891
10045,4892
10046,4893
10047,4894
10048,4895
10049,4896
10051,4897
10052,4898
10053,4899
10054,4900
10055,4901
10056,4902
10057,4903
10058,4904
10059,4905
10060,4906
10062,4907
10063,4908
10064,4909
10065,4910
10066,4911
10067,4912
10068,4913
10069,4914
10070,4915
10071,4916
10073,4917
10074,4918
10075,4919
10076,4920
10077,4921
10078,4922
10079,4923
10080,4924
10081,4925
10082,4926
10083,4927
10084,4928
10085,4929
10086,4930
10087,4931
10088,4932
10089,4933
10090,4934
10091,4935
10092,4936
10093,4937
10094,4938
10095,4939
10096,4940
10097,4941
10098,4942
10099,4943
10100,4944
10101,4945
10102,4946
10103,4947
10104,4948
10105,4949
10106,4950
10107,4951
10109,4952
10110,4953
10111,4954
10112,4955
10113,4956
10114,4957
10115,4958
10116,4959
10117,4960
10118,4961
10119,4962
10120,4963
10121,4964
10122,4965
10123,4966
10124,4967
10125,4968
10126,4969
10127,4970
10128,4971
10129,4972
10130,4973
10131,4974
10132,4975
10133,4976
10134,4977
10135,4978
10136,4979
10137,4980
10138,4981
10139,4982
10140,4983
10141,4984
10142,4985
10143,4986
10144,4987
10145,4988
10146,4989
10147,4990
10148,4991
10149,4992
10150,4993
10152,4994
10153,4995
10154,4996
10155,4997
10156,4998
10157,4999
10158,5000
10159,5001
10160,5002
10161,5003
10162,5004
10163,5005
10164,5006
10165,5007
10166,5008
10167,5009
10168,5010
10169,5011
10171,5012
10175,5013
10177,5014
10178,5015
10179,5016
10180,5017
10182,5018
10183,5019
10188,5020
10189,5021
10196,5022
10197,5023
10198,5024
10199,5025
10200,5026
10201,5027
10202,5028
10203,5029
10206,5030
10208,5031
10226,5032
10229,5033
10230,5034
10232,5035
10234,5036
10240,5037
10241,5038
10242,5039
10268,5040
10270,5041
10271,5042
10272,5043
10273,5044
10274,5045
10275,5046
10276,5047
10277,5048
10278,5049
10279,5050
10280,5051
10281,5052
10282,5053
10283,5054
10284,5055
10285,5056
10286,5057
10287,5058
10288,5059
10289,5060
10291,5061
10302,5062
10303,5063
10305,5064
10306,5065
10309,5066
10310,5067
10311,5068
10312,5069
10313,5070
10314,5071
10315,5072
10316,5073
10317,5074
10318,5075
10319,5076
10320,5077
10321,5078
10322,5079
10323,5080
10339,5081
10340,5082
10341,5083
10342,5084
10343,5085
10344,5086
10345,5087
10346,5088
10347,5089
10348,5090
10350,5091
10351,5092
10352,5093
10353,5094
10354,5095
10357,5096
10358,5097
10359,5098
10360,5099
10363,5100
10364,5101
10365,5102
10366,5103
10369,5104
10373,5105
10374,5106
10375,5107
10376,5108
10377,5109
10378,5110
10379,5111
10380,5112
10381,5113
10382,5114
10383,5115
10384,5116
10385,5117
10386,5118
10387,5119
10388,5120
10389,5121
10390,5122
10391,5123
10392,5124
10393,5125
10395,5126
10407,5127
10410,5128
10411,5129
10412,5130
10413,5131
10414,5132
10415,5133
10416,5134
10417,5135
10418,5136
10421,5137
10422,5138
10423,5139
10425,5140
10433,5141
10434,5142
10435,5143
10436,5144
10437,5145
10438,5146
10439,5147
10440,5148
10441,5149
10443,5150
10444,5151
10447,5152
10448,5153
10449,5154
10450,5155
10452,5156
10455,5157
10456,5158
10457,5159
10458,5160
10459,5161
10460,5162
10461,5163
10462,5164
10463,5165
10464,5166
10465,5167
10466,5168
10467,5169
10469,5170
10470,5171
10471,5172
10472,5173
10473,5174
10474,5175
10475,5176
10476,5177
10477,5178
10479,5179
10480,5180
10481,5181
10482,5182
10483,5183
10484,5184
10485,5185
10486,5186
10487,5187
10488,5188
10489,5189
10491,5190
10493,5191
10494,5192
10496,5193
10497,5194
10499,5195
10500,5196
10501,5197
10504,5198
10505,5199
10508,5200
10509,5201
10510,5202
10511,5203
10512,5204
10513,5205
10514,5206
10515,5207
10516,5208
10517,5209
10518,5210
10519,5211
10520,5212
10521,5213
10522,5214
10523,5215
10524,5216
10525,5217
10526,5218
10527,5219
10528,5220
10529,5221
10530,5222
10531,5223
10532,5224
10533,5225
10534,5226
10535,5227
10536,5228
10537,5229
10539,5230
10540,5231
10542,5232
10544,5233
10548,5234
10549,5235
10551,5236
10552,5237
10553,5238
10554,5239
10555,5240
10556,5241
10557,5242
10559,5243
10560,5244
10561,5245
10562,5246
10563,5247
10564,5248
10565,5249
10566,5250
10567,5251
10570,5252
10571,5253
10574,5254
10577,5255
10578,5256
10580,5257
10581,5258
10583,5259
10584,5260
10585,5261
10586,5262
10587,5263
10588,5264
10589,5265
10590,5266
10591,5267
10592,5268
10593,5269
10594,5270
10595,5271
10596,5272
10597,5273
10598,5274
10599,5275
10601,5276
10602,5277
10603,5278
10604,5279
10605,5280
10607,5281
10608,5282
10609,5283
10610,5284
10611,5285
10612,5286
10613,5287
10614,5288
10615,5289
10616,5290
10617,5291
10618,5292
10619,5293
10620,5294
10621,5295
10622,5296
10623,5297
10624,5298
10625,5299
10626,5300
10627,5301
10628,5302
10629,5303
10630,5304
10631,5305
10632,5306
10633,5307
10634,5308
10635,5309
10636,5310
10637,5311
10638,5312
10639,5313
10640,5314
10641,5315
10642,5316
10643,5317
10644,5318
10645,5319
10646,5320
10647,5321
10648,5322
10649,5323
10650,5324
10651,5325
10652,5326
10653,5327
10654,5328
10655,5329
10656,5330
10657,5331
10658,5332
10659,5333
10660,5334
10661,5335
10662,5336
10663,5337
10664,5338
10665,5339
10666,5340
10667,5341
10670,5342
10671,5343
10672,5344
10673,5345
10674,5346
10675,5347
10676,5348
10677,5349
10678,5350
10680,5351
10681,5352
10682,5353
10683,5354
10684,5355
10685,5356
10686,5357
10687,5358
10688,5359
10689,5360
10690,5361
10691,5362
10692,5363
10693,5364
10694,5365
10695,5366
10696,5367
10697,5368
10698,5369
10699,5370
10700,5371
10701,5372
10702,5373
10703,5374
10704,5375
10705,5376
10706,5377
10707,5378
10708,5379
10709,5380
10710,5381
10711,5382
10712,5383
10713,5384
10714,5385
10715,5386
10716,5387
10717,5388
10718,5389
10719,5390
10720,5391
10721,5392
10722,5393
10723,5394
10724,5395
10725,5396
10726,5397
10727,5398
10728,5399
10729,5400
10730,5401
10732,5402
10733,5403
10734,5404
10735,5405
10736,5406
10737,5407
10738,5408
10739,5409
10740,5410
10741,5411
10742,5412
10743,5413
10744,5414
10745,5415
10746,5416
10747,5417
10748,5418
10749,5419
10750,5420
10751,5421
10752,5422
10753,5423
10754,5424
10755,5425
10756,5426
10757,5427
10758,5428
10759,5429
10760,5430
10761,5431
10762,5432
10764,5433
10765,5434
10766,5435
10767,5436
10768,5437
10769,5438
10770,5439
10771,5440
10772,5441
10773,5442
10774,5443
10775,5444
10776,5445
10777,5446
10778,5447
10779,5448
10780,5449
10781,5450
10782,5451
10783,5452
10784,5453
10785,5454
10786,5455
10788,5456
10791,5457
10792,5458
10793,5459
10794,5460
10795,5461
10796,5462
10797,5463
10798,5464
10799,5465
10801,5466
10802,5467
10803,5468
10804,5469
10805,5470
10806,5471
10807,5472
10808,5473
10809,5474
10810,5475
10811,5476
10812,5477
10813,5478
10814,5479
10815,5480
10816,5481
10817,5482
10818,5483
10819,5484
10820,5485
10821,5486
10824,5487
10825,5488
10826,5489
10827,5490
10828,5491
10829,5492
10830,5493
10831,5494
10832,5495
10833,5496
10834,5497
10835,5498
10836,5499
10837,5500
10838,5501
10841,5502
10842,5503
10843,5504
10844,5505
10845,5506
10846,5507
10847,5508
10850,5509
10851,5510
10852,5511
10853,5512
10854,5513
10855,5514
10856,5515
10857,5516
10858,5517
10860,5518
10861,5519
10862,5520
10863,5521
10864,5522
10865,5523
10866,5524
10867,5525
10868,5526
10869,5527
10870,5528
10871,5529
10872,5530
10873,5531
10874,5532
10875,5533
10876,5534
10879,5535
10880,5536
10881,5537
10882,5538
10883,5539
10884,5540
10885,5541
10886,5542
10887,5543
10888,5544
10889,5545
10892,5546
10893,5547
10894,5548
10895,5549
10896,5550
10897,5551
10898,5552
10899,5553
10900,5554
10901,5555
10902,5556
10903,5557
10904,5558
10905,5559
10906,5560
10911,5561
10913,5562
10923,5563
10924,5564
10925,5565
10926,5566
10927,5567
10928,5568
10929,5569
10930,5570
10931,5571
10934,5572
10936,5573
10937,5574
10938,5575
10939,5576
10940,5577
10942,5578
10943,5579
10945,5580
10946,5581
10947,5582
10948,5583
10949,5584
10951,5585
10952,5586
10953,5587
10954,5588
10955,5589
10956,5590
10957,5591
10958,5592
10959,5593
10960,5594
10961,5595
10962,5596
10963,5597
10964,5598
10965,5599
10967,5600
10968,5601
10969,5602
10970,5603
10972,5604
10973,5605
10974,5606
10975,5607
10976,5608
10977,5609
10978,5610
10979,5611
10980,5612
10981,5613
10982,5614
10983,5615
10984,5616
10985,5617
10986,5618
10987,5619
10988,5620
10989,5621
10990,5622
10991,5623
10992,5624
10993,5625
10994,5626
10995,5627
10996,5628
10997,5629
10998,5630
10999,5631
11000,5632
11001,5633
11002,5634
11003,5635
11004,5636
11005,5637
11006,5638
11007,5639
11009,5640
11010,5641
11011,5642
11012,5643
11013,5644
11017,5645
11018,5646
11020,5647
11021,5648
11023,5649
11024,5650
11025,5651
11026,5652
11027,5653
11028,5654
11029,5655
11030,5656
11031,5657
11032,5658
11033,5659
11034,5660
11035,5661
11036,5662
11037,5663
11038,5664
11039,5665
11040,5666
11041,5667
11042,5668
11043,5669
11044,5670
11045,5671
11046,5672
11047,5673
11048,5674
11049,5675
11050,5676
11051,5677
11052,5678
11053,5679
11054,5680
11056,5681
11057,5682
11058,5683
11059,5684
11060,5685
11061,5686
11062,5687
11063,5688
11064,5689
11065,5690
11066,5691
11067,5692
11068,5693
11069,5694
11070,5695
11075,5696
11076,5697
11077,5698
11078,5699
11079,5700
11080,5701
11081,5702
11082,5703
11083,5704
11084,5705
11085,5706
11086,5707
11087,5708
11088,5709
11089,5710
11090,5711
11091,5712
11092,5713
11093,5714
11094,5715
11095,5716
11096,5717
11097,5718
11098,5719
11099,5720
11100,5721
11101,5722
11102,5723
11103,5724
11104,5725
11105,5726
11106,5727
11107,5728
11108,5729
11109,5730
11110,5731
11111,5732
11112,5733
11113,5734
11114,5735
11115,5736
11120,5737
11121,5738
11122,5739
11123,5740
11125,5741
11127,5742
11135,5743
11136,5744
11137,5745
11138,5746
11139,5747
11140,5748
11141,5749
11142,5750
11143,5751
11144,5752
11145,5753
11146,5754
11147,5755
11148,5756
11149,5757
11150,5758
11151,5759
11152,5760
11153,5761
11154,5762
11155,5763
11156,5764
11157,5765
11158,5766
11159,5767
11161,5768
11162,5769
11163,5770
11164,5771
11165,5772
11166,5773
11168,5774
11169,5775
11170,5776
11171,5777
11172,5778
11173,5779
11174,5780
11175,5781
11176,5782
11177,5783
11179,5784
11180,5785
11181,5786
11188,5787
11189,5788
11190,5789
11192,5790
11194,5791
11199,5792
11202,5793
11204,5794
11206,5795
11207,5796
11208,5797
11209,5798
11210,5799
11211,5800
11217,5801
11218,5802
11219,5803
11220,5804
11221,5805
11222,5806
11223,5807
11224,5808
11226,5809
11227,5810
11228,5811
11229,5812
11230,5813
11231,5814
11232,5815
11233,5816
11234,5817
11235,5818
11236,5819
11237,5820
11239,5821
11240,5822
11241,5823
11242,5824
11243,5825
11244,5826
11245,5827
11246,5828
11247,5829
11248,5830
11249,5831
11250,5832
11251,5833
11252,5834
11253,5835
11254,5836
11255,5837
11256,5838
11257,5839
11258,5840
11259,5841
11260,5842
11261,5843
11263,5844
11264,5845
11265,5846
11266,5847
11267,5848
11268,5849
11269,5850
11270,5851
11271,5852
11272,5853
11273,5854
11274,5855
11276,5856
11277,5857
11278,5858
11279,5859
11280,5860
11281,5861
11282,5862
11283,5863
11284,5864
11285,5865
11286,5866
11289,5867
11300,5868
11301,5869
11302,5870
11305,5871
11306,5872
11308,5873
11309,5874
11311,5875
11312,5876
11317,5877
11319,5878
11320,5879
11321,5880
11322,5881
11323,5882
11324,5883
11325,5884
11326,5885
11327,5886
11328,5887
11330,5888
11331,5889
11333,5890
11334,5891
11335,5892
11336,5893
11337,5894
11342,5895
11343,5896
11352,5897
11360,5898
11361,5899
11363,5900
11364,5901
11366,5902
11367,5903
11370,5904
11374,5905
11375,5906
11376,5907
11397,5908
11400,5909
11408,5910
11409,5911
11410,5912
11417,5913
11419,5914
11431,5915
11432,5916
11433,5917
11434,5918
11435,5919
11436,5920
11439,5921
11440,5922
11441,5923
11444,5924
11445,5925
11447,5926
11448,5927
11452,5928
11454,5929
11455,5930
11456,5931
11457,5932
11459,5933
11460,5934
11461,5935
11462,5936
11468,5937
11469,5938
11470,5939
11471,5940
11481,5941
11482,5942
11483,5943
11484,5944
11485,5945
11488,5946
11489,5947
11492,5948
11493,5949
11496,5950
11498,5951
11500,5952
11504,5953
11510,5954
11513,5955
11517,5956
11518,5957
11525,5958
11526,5959
11527,5960
11528,5961
11529,5962
11530,5963
11531,5964
11532,5965
11533,5966
11534,5967
11564,5968
11565,5969
11566,5970
11567,5971
11568,5972
11569,5973
11570,5974
11572,5975
11573,5976
11574,5977
11583,5978
11584,5979
11585,5980
11586,5981
11587,5982
11588,5983
11589,5984
11590,5985
11591,5986
11592,5987
11593,5988
11594,5989
11595,5990
11596,5991
11597,5992
11598,5993
11599,5994
11600,5995
11601,5996
11604,5997
11606,5998
11609,5999
11610,6000
11617,6001
11622,6002
11623,6003
11624,6004
11625,6005
11626,6006
11627,6007
11628,6008
11629,6009
11630,6010
11631,6011
11633,6012
11634,6013
11635,6014
11636,6015
11637,6016
11638,6017
11642,6018
11643,6019
11644,6020
11645,6021
11646,6022
11647,6023
11648,6024
11649,6025
11650,6026
11651,6027
11652,6028
11653,6029
11654,6030
11655,6031
11656,6032
11657,6033
11658,6034
11659,6035
11660,6036
11661,6037
11663,6038
11664,6039
11665,6040
11666,6041
11667,6042
11668,6043
11669,6044
11670,6045
11671,6046
11672,6047
11675,6048
11676,6049
11678,6050
11679,6051
11680,6052
11681,6053
11682,6054
11683,6055
11686,6056
11687,6057
11688,6058
11693,6059
11698,6060
11715,6061
11718,6062
11719,6063
11722,6064
11723,6065
11724,6066
11725,6067
11726,6068
11727,6069
11729,6070
11730,6071
11731,6072
11732,6073
11733,6074
11734,6075
11735,6076
11736,6077
11737,6078
11738,6079
11739,6080
11740,6081
11741,6082
11743,6083
11744,6084
11745,6085
11746,6086
11747,6087
11748,6088
11749,6089
11750,6090
11751,6091
11752,6092
11753,6093
11754,6094
11755,6095
11756,6096
11758,6097
11759,6098
11760,6099
11761,6100
11762,6101
11763,6102
11765,6103
11766,6104
11767,6105
11769,6106
11770,6107
11773,6108
11774,6109
11775,6110
11779,6111
11780,6112
11786,6113
11787,6114
11788,6115
11789,6116
11790,6117
11791,6118
11792,6119
11794,6120
11795,6121
11796,6122
11800,6123
11806,6124
11807,6125
11813,6126
11817,6127
11818,6128
11819,6129
11820,6130
11822,6131
11823,6132
11825,6133
11826,6134
11827,6135
11828,6136
11829,6137
11830,6138
11833,6139
11837,6140
11838,6141
11840,6142
11842,6143
11843,6144
11845,6145
11846,6146
11847,6147
11848,6148
11849,6149
11851,6150
11852,6151
11853,6152
11856,6153
11860,6154
11861,6155
11864,6156
11865,6157
11866,6158
11873,6159
11874,6160
11875,6161
11876,6162
11877,6163
11878,6164
11879,6165
11880,6166
11881,6167
11882,6168
11883,6169
11884,6170
11885,6171
11887,6172
11888,6173
11889,6174
11891,6175
11899,6176
11900,6177
11901,6178
11902,6179
11903,6180
11904,6181
11905,6182
11906,6183
11908,6184
11909,6185
11913,6186
11914,6187
11915,6188
11918,6189
11921,6190
11925,6191
11926,6192
11927,6193
11928,6194
11929,6195
11930,6196
11931,6197
11932,6198
11933,6199
11934,6200
11935,6201
11937,6202
11938,6203
11940,6204
11941,6205
11942,6206
11943,6207
11944,6208
11947,6209
11948,6210
11949,6211
11950,6212
11951,6213
11952,6214
11953,6215
11954,6216
11955,6217
11956,6218
11982,6219
11983,6220
11987,6221
11988,6222
11989,6223
11990,6224
11991,6225
11995,6226
11996,6227
11997,6228
11998,6229
11999,6230
12001,6231
12002,6232
12003,6233
12004,6234
12005,6235
12006,6236
12007,6237
12008,6238
12009,6239
12010,6240
12011,6241
12012,6242
12013,6243
12014,6244
12015,6245
12016,6246
12018,6247
12019,6248
12023,6249
12027,6250
12039,6251
12040,6252
12042,6253
12043,6254
12044,6255
12045,6256
12046,6257
12048,6258
12049,6259
12050,6260
12051,6261
12052,6262
12053,6263
12054,6264
12056,6265
12057,6266
12058,6267
12059,6268
12060,6269
12061,6270
12062,6271
12063,6272
12064,6273
12065,6274
12066,6275
12067,6276
12068,6277
12075,6278
12079,6279
12080,6280
12091,6281
12111,6282
12118,6283
12125,6284
12132,6285
12134,6286
12138,6287
12139,6288
12141,6289
12142,6290
12143,6291
12144,6292
12145,6293
12146,6294
12147,6295
12153,6296
12154,6297
12155,6298
12156,6299
12158,6300
12159,6301
12160,6302
12162,6303
12163,6304
12164,6305
12167,6306
12168,6307
12169,6308
12170,6309
12171,6310
12173,6311
12174,6312
12175,6313
12176,6314
12177,6315
12178,6316
12179,6317
12180,6318
12181,6319
12182,6320
12183,6321
12184,6322
12185,6323
12186,6324
12188,6325
12189,6326
12190,6327
12191,6328
12192,6329
12193,6330
12194,6331
12195,6332
12196,6333
12197,6334
12198,6335
12202,6336
12203,6337
12205,6338
12206,6339
12207,6340
12208,6341
12209,6342
12210,6343
12216,6344
12217,6345
12218,6346
12220,6347
12238,6348
12239,6349
12253,6350
12254,6351
12260,6352
12261,6353
12262,6354
12263,6355
12264,6356
12265,6357
12269,6358
12273,6359
12276,6360
12280,6361
12282,6362
12283,6363
12285,6364
12286,6365
12288,6366
12289,6367
12290,6368
12291,6369
12292,6370
12293,6371
12294,6372
12295,6373
12296,6374
12304,6375
12307,6376
12308,6377
12309,6378
12310,6379
12311,6380
12312,6381
12315,6382
12316,6383
12317,6384
12318,6385
12319,6386
12320,6387
12323,6388
12325,6389
12326,6390
12327,6391
12328,6392
12329,6393
12330,6394
12333,6395
12334,6396
12335,6397
12339,6398
12340,6399
12344,6400
12348,6401
12349,6402
12350,6403
12351,6404
12352,6405
12353,6406
12354,6407
12356,6408
12357,6409
12358,6410
12359,6411
12360,6412
12363,6413
12364,6414
12365,6415
12366,6416
12368,6417
12369,6418
12371,6419
12372,6420
12377,6421
12379,6422
12380,6423
12381,6424
12382,6425
12383,6426
12384,6427
12385,6428
12386,6429
12387,6430
12391,6431
12392,6432
12394,6433
12396,6434
12398,6435
12411,6436
12412,6437
12414,6438
12417,6439
12418,6440
12419,6441
12420,6442
12440,6443
12441,6444
12447,6445
12448,6446
12453,6447
12454,6448
12466,6449
12474,6450
12492,6451
12496,6452
12497,6453
12498,6454
12499,6455
12501,6456
12503,6457
12504,6458
12512,6459
12514,6460
12515,6461
12518,6462
12519,6463
12523,6464
12525,6465
12526,6466
12527,6467
12528,6468
12529,6469
12530,6470
12531,6471
12533,6472
12534,6473
12535,6474
12536,6475
12537,6476
12538,6477
12539,6478
12540,6479
12541,6480
12542,6481
12543,6482
12544,6483
12545,6484
12546,6485
12547,6486
12548,6487
12549,6488
12550,6489
12551,6490
12552,6491
12553,6492
12554,6493
12555,6494
12556,6495
12557,6496
12558,6497
12559,6498
12560,6499
12562,6500
12563,6501
12564,6502
12565,6503
12566,6504
12567,6505
12568,6506
12569,6507
12570,6508
12571,6509
12572,6510
12573,6511
12574,6512
12576,6513
12577,6514
12578,6515
12579,6516
12580,6517
12581,6518
12582,6519
12583,6520
12584,6521
12585,6522
12591,6523
12592,6524
12593,6525
12594,6526
12595,6527
12596,6528
12597,6529
12598,6530
12599,6531
12600,6532
12601,6533
12602,6534
12603,6535
12604,6536
12605,6537
12606,6538
12607,6539
12608,6540
12609,6541
12610,6542
12611,6543
12613,6544
12615,6545
12618,6546
12619,6547
12621,6548
12622,6549
12623,6550
12624,6551
12628,6552
12629,6553
12630,6554
12631,6555
12633,6556
12635,6557
12636,6558
12637,6559
12638,6560
12639,6561
12640,6562
12641,6563
12642,6564
12643,6565
12644,6566
12645,6567
12650,6568
12651,6569
12652,6570
12653,6571
12654,6572
12655,6573
12656,6574
12657,6575
12658,6576
12664,6577
12665,6578
12666,6579
12672,6580
12673,6581
12674,6582
12675,6583
12676,6584
12677,6585
12678,6586
12679,6587
12681,6588
12682,6589
12683,6590
12685,6591
12686,6592
12687,6593
12688,6594
12689,6595
12690,6596
12691,6597
12692,6598
12693,6599
12694,6600
12695,6601
12696,6602
12699,6603
12700,6604
12701,6605
12702,6606
12703,6607
12705,6608
12708,6609
12709,6610
12710,6611
12711,6612
12713,6613
12714,6614
12722,6615
12723,6616
12724,6617
12725,6618
12726,6619
12727,6620
12728,6621
12729,6622
12730,6623
12731,6624
12734,6625
12735,6626
12737,6627
12738,6628
12741,6629
12742,6630
12743,6631
12745,6632
12746,6633
12747,6634
12751,6635
12753,6636
12756,6637
12757,6638
12761,6639
12762,6640
12763,6641
12764,6642
12765,6643
12766,6644
12768,6645
12769,6646
12782,6647
12784,6648
12787,6649
12789,6650
12791,6651
12792,6652
12794,6653
12795,6654
12796,6655
12798,6656
12803,6657
12804,6658
12806,6659
12808,6660
12818,6661
12819,6662
12820,6663
12821,6664
12822,6665
12825,6666
12833,6667
12834,6668
12835,6669
12836,6670
12837,6671
12838,6672
12840,6673
12841,6674
12843,6675
12844,6676
12847,6677
12854,6678
12856,6679
12857,6680
12875,6681
12899,6682
12900,6683
12901,6684
12902,6685
12905,6686
12908,6687
12909,6688
12914,6689
12918,6690
12919,6691
12923,6692
12925,6693
12926,6694
12927,6695
12928,6696
12935,6697
12936,6698
12937,6699
12938,6700
12948,6701
12949,6702
12950,6703
12952,6704
12955,6705
12957,6706
12958,6707
12959,6708
12960,6709
12962,6710
12963,6711
12965,6712
12967,6713
12968,6714
12969,6715
12971,6716
12972,6717
12974,6718
12981,6719
12982,6720
12986,6721
12995,6722
12996,6723
12997,6724
12999,6725
13000,6726
13001,6727
13010,6728
13012,6729
13013,6730
13014,6731
13015,6732
13016,6733
13018,6734
13019,6735
13020,6736
13021,6737
13022,6738
13023,6739
13024,6740
13025,6741
13026,6742
13028,6743
13029,6744
13035,6745
13036,6746
13037,6747
13038,6748
13039,6749
13041,6750
13043,6751
13044,6752
13052,6753
13054,6754
13055,6755
13056,6756
13057,6757
13062,6758
13063,6759
13065,6760
13066,6761
13067,6762
13071,6763
13072,6764
13073,6765
13074,6766
13078,6767
13079,6768
13080,6769
13081,6770
13086,6771
13090,6772
13091,6773
13092,6774
13093,6775
13094,6776
13095,6777
13096,6778
13097,6779
13098,6780
13099,6781
13100,6782
13101,6783
13102,6784
13103,6785
13104,6786
13105,6787
13106,6788
13108,6789
13110,6790
13111,6791
13112,6792
13113,6793
13114,6794
13115,6795
13116,6796
13122,6797
13124,6798
13126,6799
13127,6800
13128,6801
13129,6802
13130,6803
13131,6804
13132,6805
13134,6806
13135,6807
13136,6808
13137,6809
13138,6810
13139,6811
13140,6812
13143,6813
13144,6814
13146,6815
13147,6816
13149,6817
13150,6818
13153,6819
13155,6820
13156,6821
13157,6822
13158,6823
13160,6824
13161,6825
13162,6826
13166,6827
13167,6828
13169,6829
13171,6830
13174,6831
13175,6832
13176,6833
13177,6834
13179,6835
13180,6836
13181,6837
13182,6838
13183,6839
13184,6840
13185,6841
13186,6842
13188,6843
13189,6844
13193,6845
13194,6846
13195,6847
13196,6848
13199,6849
13200,6850
13201,6851
13207,6852
13208,6853
13215,6854
13218,6855
13219,6856
13220,6857
13233,6858
13237,6859
13238,6860
13239,6861
13240,6862
13241,6863
13242,6864
13245,6865
13246,6866
13248,6867
13249,6868
13251,6869
13252,6870
13258,6871
13259,6872
13261,6873
13262,6874
13263,6875
13264,6876
13266,6877
13271,6878
13272,6879
13273,6880
13280,6881
13282,6882
13283,6883
13287,6884
13288,6885
13289,6886
13291,6887
13292,6888
13294,6889
13296,6890
13297,6891
13298,6892
13299,6893
13300,6894
13301,6895
13302,6896
13303,6897
13304,6898
13305,6899
13306,6900
13317,6901
13318,6902
13319,6903
13320,6904
13321,6905
13322,6906
13323,6907
13324,6908
13326,6909
13327,6910
13328,6911
13329,6912
13330,6913
13331,6914
13332,6915
13333,6916
13334,6917
13344,6918
13345,6919
13347,6920
13348,6921
13350,6922
13362,6923
13363,6924
13364,6925
13366,6926
13370,6927
13405,6928
13415,6929
13420,6930
13427,6931
13428,6932
13431,6933
13435,6934
13436,6935
13437,6936
13438,6937
13439,6938
13440,6939
13441,6940
13455,6941
13456,6942
13459,6943
13460,6944
13463,6945
13467,6946
13468,6947
13469,6948
13470,6949
13471,6950
13474,6951
13475,6952
13476,6953
13477,6954
13478,6955
13479,6956
13481,6957
13483,6958
13484,6959
13485,6960
13487,6961
13489,6962
13491,6963
13493,6964
13496,6965
13497,6966
13498,6967
13503,6968
13504,6969
13505,6970
13506,6971
13507,6972
13508,6973
13509,6974
13512,6975
13519,6976
13520,6977
13525,6978
13527,6979
13546,6980
13548,6981
13549,6982
13551,6983
13552,6984
13553,6985
13554,6986
13555,6987
13556,6988
13558,6989
13560,6990
13561,6991
13562,6992
13563,6993
13567,6994
13569,6995
13571,6996
13572,6997
13573,6998
13574,6999
13575,7000
13576,7001
13577,7002
13578,7003
13580,7004
13584,7005
13585,7006
13589,7007
13590,7008
13591,7009
13593,7010
13594,7011
13595,7012
13596,7013
13599,7014
13600,7015
13601,7016
13602,7017
13603,7018
13605,7019
13606,7020
13607,7021
13608,7022
13609,7023
13610,7024
13613,7025
13614,7026
13617,7027
13618,7028
13622,7029
13624,7030
13626,7031
13627,7032
13628,7033
13629,7034
13630,7035
13631,7036
13632,7037
13634,7038
13635,7039
13636,7040
13637,7041
13638,7042
13641,7043
13645,7044
13646,7045
13648,7046
13655,7047
13656,7048
13662,7049
13663,7050
13664,7051
13665,7052
13666,7053
13667,7054
13668,7055
13669,7056
13670,7057
13671,7058
13672,7059
13673,7060
13674,7061
13675,7062
13676,7063
13677,7064
13678,7065
13679,7066
13680,7067
13681,7068
13682,7069
13683,7070
13684,7071
13685,7072
13686,7073
13687,7074
13688,7075
13689,7076
13690,7077
13691,7078
13692,7079
13693,7080
13694,7081
13695,7082
13696,7083
13697,7084
13698,7085
13699,7086
13700,7087
13701,7088
13703,7089
13704,7090
13705,7091
13706,7092
13707,7093
13708,7094
13709,7095
13710,7096
13711,7097
13712,7098
13713,7099
13714,7100
13715,7101
13716,7102
13717,7103
13718,7104
13719,7105
13720,7106
13722,7107
13723,7108
13724,7109
13725,7110
13726,7111
13727,7112
13728,7113
13729,7114
13730,7115
13731,7116
13736,7117
13737,7118
13738,7119
13739,7120
13740,7121
13741,7122
13742,7123
13743,7124
13744,7125
13747,7126
13748,7127
13749,7128
13756,7129
13760,7130
13761,7131
13762,7132
13763,7133
13766,7134
13767,7135
13768,7136
13769,7137
13770,7138
13773,7139
13774,7140
13775,7141
13776,7142
13777,7143
13778,7144
13779,7145
13780,7146
13783,7147
13784,7148
13785,7149
13786,7150
13787,7151
13788,7152
13789,7153
13790,7154
13791,7155
13792,7156
13793,7157
13794,7158
13796,7159
13800,7160
13803,7161
13804,7162
13805,7163
13806,7164
13807,7165
13808,7166
13809,7167
13810,7168
13811,7169
13813,7170
13818,7171
13820,7172
13822,7173
13828,7174
13830,7175
13832,7176
13833,7177
13834,7178
13835,7179
13836,7180
13837,7181
13839,7182
13840,7183
13841,7184
13842,7185
13846,7186
13847,7187
13848,7188
13849,7189
13850,7190
13851,7191
13852,7192
13854,7193
13856,7194
13857,7195
13858,7196
13859,7197
13860,7198
13861,7199
13864,7200
13865,7201
13866,7202
13867,7203
13868,7204
13869,7205
13870,7206
13872,7207
13875,7208
13879,7209
13880,7210
13884,7211
13889,7212
13890,7213
13891,7214
13894,7215
13895,7216
13896,7217
13897,7218
13898,7219
13899,7220
13900,7221
13901,7222
13902,7223
13903,7224
13904,7225
13906,7226
13907,7227
13911,7228
13912,7229
13913,7230
13914,7231
13916,7232
13919,7233
13920,7234
13922,7235
13924,7236
13927,7237
13928,7238
13929,7239
13930,7240
13931,7241
13932,7242
13933,7243
13934,7244
13935,7245
13936,7246
13937,7247
13938,7248
13939,7249
13940,7250
13941,7251
13942,7252
13943,7253
13944,7254
13945,7255
13946,7256
13947,7257
13948,7258
13949,7259
13950,7260
13951,7261
13952,7262
13953,7263
13955,7264
13956,7265
13957,7266
13958,7267
13959,7268
13960,7269
13961,7270
13962,7271
13963,7272
13964,7273
13965,7274
13966,7275
13967,7276
13968,7277
13969,7278
13970,7279
13971,7280
13972,7281
13973,7282
13974,7283
13975,7284
13976,7285
13977,7286
13978,7287
13979,7288
13980,7289
13981,7290
13982,7291
13983,7292
13984,7293
13985,7294
13986,7295
13987,7296
13988,7297
13989,7298
13990,7299
13993,7300
13994,7301
13995,7302
13996,7303
13997,7304
13998,7305
13999,7306
14002,7307
14003,7308
14006,7309
14007,7310
14008,7311
14009,7312
14014,7313
14015,7314
14016,7315
14017,7316
14018,7317
14019,7318
14020,7319
14021,7320
14024,7321
14027,7322
14028,7323
14029,7324
14030,7325
14031,7326
14032,7327
14035,7328
14036,7329
14037,7330
14038,7331
14039,7332
14040,7333
14041,7334
14042,7335
14043,7336
14044,7337
14045,7338
14046,7339
14051,7340
14052,7341
14053,7342
14054,7343
14055,7344
14056,7345
14057,7346
14058,7347
14060,7348
14061,7349
14062,7350
14063,7351
14064,7352
14065,7353
14066,7354
14067,7355
14068,7356
14069,7357
14071,7358
14072,7359
14073,7360
14074,7361
14075,7362
14076,7363
14077,7364
14078,7365
14079,7366
14081,7367
14082,7368
14083,7369
14084,7370
14085,7371
14087,7372
14088,7373
14090,7374
14094,7375
14095,7376
14096,7377
14097,7378
14098,7379
14099,7380
14100,7381
14101,7382
14102,7383
14103,7384
14104,7385
14105,7386
14106,7387
14107,7388
14108,7389
14109,7390
14110,7391
14111,7392
14112,7393
14113,7394
14114,7395
14115,7396
14116,7397
14117,7398
14118,7399
14119,7400
14120,7401
14121,7402
14123,7403
14124,7404
14126,7405
14127,7406
14130,7407
14131,7408
14132,7409
14134,7410
14135,7411
14136,7412
14137,7413
14138,7414
14139,7415
14140,7416
14141,7417
14142,7418
14143,7419
14144,7420
14145,7421
14146,7422
14147,7423
14148,7424
14149,7425
14150,7426
14151,7427
14152,7428
14153,7429
14154,7430
14155,7431
14156,7432
14157,7433
14158,7434
14161,7435
14162,7436
14166,7437
14167,7438
14168,7439
14169,7440
14170,7441
14171,7442
14172,7443
14173,7444
14174,7445
14175,7446
14176,7447
14177,7448
14183,7449
14184,7450
14185,7451
14186,7452
14187,7453
14188,7454
14189,7455
14191,7456
14194,7457
14195,7458
14196,7459
14197,7460
14198,7461
14199,7462
14200,7463
14201,7464
14202,7465
14203,7466
14204,7467
14207,7468
14208,7469
14209,7470
14210,7471
14211,7472
14212,7473
14213,7474
14214,7475
14215,7476
14216,7477
14217,7478
14218,7479
14219,7480
14220,7481
14221,7482
14223,7483
14224,7484
14225,7485
14226,7486
14227,7487
14228,7488
14229,7489
14232,7490
14233,7491
14236,7492
14237,7493
14240,7494
14241,7495
14242,7496
14244,7497
14245,7498
14246,7499
14247,7500
14248,7501
14249,7502
14250,7503
14251,7504
14252,7505
14253,7506
14254,7507
14255,7508
14256,7509
14257,7510
14258,7511
14259,7512
14263,7513
14268,7514
14269,7515
14270,7516
14274,7517
14276,7518
14278,7519
14279,7520
14280,7521
14281,7522
14282,7523
14283,7524
14284,7525
14285,7526
14287,7527
14288,7528
14289,7529
14290,7530
14291,7531
14292,7532
14293,7533
14294,7534
14295,7535
14296,7536
14297,7537
14298,7538
14302,7539
14303,7540
14304,7541
14305,7542
14306,7543
14307,7544
14308,7545
14309,7546
14310,7547
14311,7548
14312,7549
14316,7550
14317,7551
14318,7552
14319,7553
14321,7554
14322,7555
14323,7556
14324,7557
14326,7558
14327,7559
14328,7560
14329,7561
14330,7562
14331,7563
14332,7564
14333,7565
14334,7566
14335,7567
14336,7568
14337,7569
14338,7570
14339,7571
14343,7572
14345,7573
14348,7574
14349,7575
14350,7576
14351,7577
14352,7578
14357,7579
14362,7580
14366,7581
14370,7582
14371,7583
14372,7584
14375,7585
14376,7586
14378,7587
14379,7588
14382,7589
14385,7590
14386,7591
14387,7592
14388,7593
14389,7594
14390,7595
14391,7596
14392,7597
14393,7598
14394,7599
14395,7600
14396,7601
14397,7602
14399,7603
14400,7604
14401,7605
14402,7606
14403,7607
14404,7608
14406,7609
14407,7610
14408,7611
14409,7612
14410,7613
14411,7614
14412,7615
14413,7616
14414,7617
14416,7618
14417,7619
14418,7620
14419,7621
14420,7622
14421,7623
14423,7624
14429,7625
14430,7626
14431,7627
14432,7628
14433,7629
14435,7630
14436,7631
14438,7632
14440,7633
14445,7634
14446,7635
14447,7636
14449,7637
14460,7638
14461,7639
14462,7640
14463,7641
14464,7642
14465,7643
14466,7644
14467,7645
14470,7646
14471,7647
14472,7648
14473,7649
14474,7650
14475,7651
14476,7652
14477,7653
14478,7654
14479,7655
14480,7656
14481,7657
14482,7658
14483,7659
14484,7660
14486,7661
14488,7662
14490,7663
14492,7664
14493,7665
14494,7666
14498,7667
14499,7668
14500,7669
14501,7670
14502,7671
14504,7672
14505,7673
14506,7674
14507,7675
14508,7676
14509,7677
14510,7678
14511,7679
14512,7680
14513,7681
14514,7682
14515,7683
14516,7684
14517,7685
14518,7686
14519,7687
14520,7688
14521,7689
14522,7690
14523,7691
14524,7692
14525,7693
14526,7694
14527,7695
14528,7696
14529,7697
14530,7698
14531,7699
14532,7700
14533,7701
14534,7702
14535,7703
14536,7704
14537,7705
14538,7706
14539,7707
14540,7708
14541,7709
14542,7710
14543,7711
14544,7712
14545,7713
14546,7714
14547,7715
14548,7716
14549,7717
14550,7718
14551,7719
14552,7720
14553,7721
14554,7722
14555,7723
14556,7724
14557,7725
14558,7726
14559,7727
14560,7728
14561,7729
14562,7730
14563,7731
14564,7732
14565,7733
14566,7734
14567,7735
14568,7736
14569,7737
14570,7738
14571,7739
14572,7740
14573,7741
14574,7742
14575,7743
14576,7744
14577,7745
14578,7746
14579,7747
14580,7748
14581,7749
14582,7750
14583,7751
14584,7752
14585,7753
14586,7754
14587,7755
14588,7756
14589,7757
14590,7758
14591,7759
14592,7760
14593,7761
14594,7762
14595,7763
14596,7764
14597,7765
14598,7766
14599,7767
14600,7768
14601,7769
14602,7770
14603,7771
14604,7772
14605,7773
14606,7774
14607,7775
14608,7776
14609,7777
14610,7778
14611,7779
14612,7780
14614,7781
14615,7782
14616,7783
14617,7784
14618,7785
14619,7786
14620,7787
14621,7788
14622,7789
14623,7790
14624,7791
14625,7792
14626,7793
14627,7794
14628,7795
14629,7796
14630,7797
14631,7798
14634,7799
14635,7800
14636,7801
14637,7802
14638,7803
14639,7804
14640,7805
14642,7806
14643,7807
14644,7808
14645,7809
14646,7810
14647,7811
14648,7812
14649,7813
14650,7814
14651,7815
14652,7816
14653,7817
14654,7818
14655,7819
14656,7820
14657,7821
14658,7822
14659,7823
14660,7824
14661,7825
14662,7826
14663,7827
14664,7828
14665,7829
14666,7830
14667,7831
14668,7832
14669,7833
14670,7834
14671,7835
14672,7836
14673,7837
14674,7838
14675,7839
14676,7840
14677,7841
14678,7842
14679,7843
14680,7844
14681,7845
14682,7846
14683,7847
14684,7848
14685,7849
14686,7850
14687,7851
14688,7852
14689,7853
14690,7854
14691,7855
14692,7856
14693,7857
14694,7858
14695,7859
14697,7860
14698,7861
14699,7862
14700,7863
14701,7864
14702,7865
14703,7866
14704,7867
14705,7868
14706,7869
14707,7870
14708,7871
14709,7872
14710,7873
14711,7874
14712,7875
14713,7876
14714,7877
14715,7878
14716,7879
14717,7880
14718,7881
14719,7882
14720,7883
14721,7884
14722,7885
14723,7886
14724,7887
14725,7888
14726,7889
14727,7890
14728,7891
14729,7892
14730,7893
14731,7894
14732,7895
14733,7896
14734,7897
14735,7898
14736,7899
14737,7900
14738,7901
14739,7902
14740,7903
14741,7904
14742,7905
14744,7906
14749,7907
14750,7908
14751,7909
14752,7910
14753,7911
14754,7912
14755,7913
14756,7914
14757,7915
14758,7916
14759,7917
14760,7918
14761,7919
14762,7920
14763,7921
14764,7922
14765,7923
14766,7924
14767,7925
14768,7926
14769,7927
14770,7928
14771,7929
14772,7930
14773,7931
14774,7932
14775,7933
14776,7934
14777,7935
14778,7936
14779,7937
14780,7938
14781,7939
14783,7940
14785,7941
14786,7942
14787,7943
14788,7944
14789,7945
14790,7946
14791,7947
14792,7948
14793,7949
14794,7950
14795,7951
14796,7952
14797,7953
14798,7954
14799,7955
14800,7956
14801,7957
14802,7958
14803,7959
14804,7960
14805,7961
14806,7962
14807,7963
14808,7964
14809,7965
14810,7966
14811,7967
14812,7968
14813,7969
14814,7970
14815,7971
14816,7972
14817,7973
14818,7974
14819,7975
14820,7976
14821,7977
14822,7978
14823,7979
14824,7980
14825,7981
14827,7982
14828,7983
14829,7984
14830,7985
14831,7986
14832,7987
14833,7988
14834,7989
14835,7990
14836,7991
14837,7992
14840,7993
14841,7994
14842,7995
14843,7996
14844,7997
14845,7998
14846,7999
14847,8000
14848,8001
14849,8002
14850,8003
14851,8004
14852,8005
14853,8006
14854,8007
14855,8008
14856,8009
14857,8010
14858,8011
14859,8012
14860,8013
14861,8014
14862,8015
14863,8016
14864,8017
14865,8018
14866,8019
14867,8020
14868,8021
14869,8022
14870,8023
14871,8024
14872,8025
14873,8026
14874,8027
14875,8028
14876,8029
14877,8030
14878,8031
14879,8032
14880,8033
14881,8034
14882,8035
14883,8036
14884,8037
14885,8038
14886,8039
14887,8040
14888,8041
14889,8042
14890,8043
14891,8044
14892,8045
14893,8046
14894,8047
14895,8048
14896,8049
14897,8050
14898,8051
14899,8052
14900,8053
14901,8054
14902,8055
14903,8056
14904,8057
14905,8058
14906,8059
14907,8060
14908,8061
14909,8062
14910,8063
14911,8064
14912,8065
14913,8066
14914,8067
14915,8068
14916,8069
14917,8070
14918,8071
14919,8072
14920,8073
14921,8074
14922,8075
14923,8076
14924,8077
14925,8078
14926,8079
14927,8080
14928,8081
14929,8082
14930,8083
14931,8084
14932,8085
14933,8086
14934,8087
14935,8088
14936,8089
14937,8090
14938,8091
14939,8092
14940,8093
14941,8094
14942,8095
14943,8096
14944,8097
14945,8098
14946,8099
14947,8100
14948,8101
14949,8102
14950,8103
14951,8104
14952,8105
14953,8106
14954,8107
14955,8108
14956,8109
14957,8110
14958,8111
14959,8112
14960,8113
14961,8114
14962,8115
14963,8116
14964,8117
14965,8118
14966,8119
14967,8120
14968,8121
14969,8122
14970,8123
14971,8124
14972,8125
14973,8126
14974,8127
14975,8128
14976,8129
14977,8130
14978,8131
14979,8132
14980,8133
14982,8134
14983,8135
14984,8136
14985,8137
14986,8138
14987,8139
14988,8140
14989,8141
14990,8142
14991,8143
14992,8144
14993,8145
14994,8146
14995,8147
14996,8148
14997,8149
14998,8150
14999,8151
15000,8152
15001,8153
15002,8154
15003,8155
15004,8156
15005,8157
15006,8158
15007,8159
15008,8160
15009,8161
15010,8162
15011,8163
15012,8164
15013,8165
15014,8166
15015,8167
15016,8168
15019,8169
15020,8170
15021,8171
15022,8172
15023,8173
15024,8174
15025,8175
15026,8176
15027,8177
15028,8178
15029,8179
15030,8180
15031,8181
15032,8182
15033,8183
15034,8184
15035,8185
15036,8186
15037,8187
15038,8188
15039,8189
15040,8190
15041,8191
15042,8192
15043,8193
15044,8194
15045,8195
15046,8196
15047,8197
15048,8198
15050,8199
15051,8200
15052,8201
15053,8202
15054,8203
15055,8204
15056,8205
15057,8206
15058,8207
15059,8208
15060,8209
15061,8210
15062,8211
15063,8212
15064,8213
15065,8214
15066,8215
15067,8216
15068,8217
15069,8218
15070,8219
15071,8220
15072,8221
15073,8222
15074,8223
15075,8224
15076,8225
15077,8226
15078,8227
15079,8228
15080,8229
15081,8230
15082,8231
15083,8232
15084,8233
15085,8234
15086,8235
15087,8236
15088,8237
15089,8238
15090,8239
15091,8240
15092,8241
15093,8242
15094,8243
15095,8244
15096,8245
15097,8246
15098,8247
15099,8248
15100,8249
15101,8250
15102,8251
15103,8252
15104,8253
15105,8254
15106,8255
15107,8256
15108,8257
15109,8258
15110,8259
15111,8260
15112,8261
15113,8262
15114,8263
15115,8264
15116,8265
15117,8266
15118,8267
15119,8268
15120,8269
15121,8270
15122,8271
15123,8272
15124,8273
15125,8274
15126,8275
15127,8276
15128,8277
15129,8278
15130,8279
15131,8280
15132,8281
15133,8282
15134,8283
15135,8284
15136,8285
15137,8286
15138,8287
15139,8288
15140,8289
15142,8290
15143,8291
15144,8292
15145,8293
15146,8294
15147,8295
15148,8296
15149,8297
15150,8298
15151,8299
15152,8300
15153,8301
15154,8302
15157,8303
15158,8304
15159,8305
15160,8306
15161,8307
15162,8308
15163,8309
15164,8310
15165,8311
15166,8312
15167,8313
15168,8314
15169,8315
15170,8316
15171,8317
15172,8318
15173,8319
15174,8320
15175,8321
15176,8322
15177,8323
15178,8324
15179,8325
15180,8326
15181,8327
15182,8328
15183,8329
15184,8330
15185,8331
15186,8332
15187,8333
15188,8334
15189,8335
15190,8336
15191,8337
15192,8338
15193,8339
15194,8340
15195,8341
15196,8342
15197,8343
15198,8344
15199,8345
15200,8346
15201,8347
15202,8348
15203,8349
15204,8350
15205,8351
15206,8352
15207,8353
15208,8354
15209,8355
15210,8356
15211,8357
15212,8358
15213,8359
15214,8360
15215,8361
15216,8362
15217,8363
15218,8364
15219,8365
15220,8366
15221,8367
15222,8368
15223,8369
15224,8370
15225,8371
15226,8372
15227,8373
15228,8374
15229,8375
15230,8376
15231,8377
15232,8378
15233,8379
15234,8380
15235,8381
15236,8382
15237,8383
15238,8384
15239,8385
15240,8386
15241,8387
15242,8388
15243,8389
15244,8390
15245,8391
15246,8392
15247,8393
15248,8394
15249,8395
15250,8396
15251,8397
15252,8398
15253,8399
15254,8400
15255,8401
15256,8402
15257,8403
15258,8404
15259,8405
15260,8406
15261,8407
15262,8408
15263,8409
15264,8410
15265,8411
15266,8412
15267,8413
15268,8414
15269,8415
15270,8416
15271,8417
15272,8418
15273,8419
15274,8420
15275,8421
15276,8422
15277,8423
15278,8424
15279,8425
15280,8426
15281,8427
15282,8428
15283,8429
15284,8430
15285,8431
15286,8432
15287,8433
15288,8434
15289,8435
15290,8436
15291,8437
15292,8438
15293,8439
15294,8440
15295,8441
15296,8442
15297,8443
15298,8444
15299,8445
15300,8446
15301,8447
15302,8448
15303,8449
15304,8450
15305,8451
15306,8452
15307,8453
15308,8454
15309,8455
15310,8456
15311,8457
15312,8458
15313,8459
15314,8460
15315,8461
15316,8462
15317,8463
15318,8464
15319,8465
15320,8466
15321,8467
15322,8468
15323,8469
15324,8470
15325,8471
15326,8472
15327,8473
15328,8474
15329,8475
15330,8476
15331,8477
15332,8478
15333,8479
15334,8480
15335,8481
15336,8482
15337,8483
15338,8484
15339,8485
15340,8486
15341,8487
15342,8488
15343,8489
15344,8490
15345,8491
15346,8492
15347,8493
15348,8494
15349,8495
15350,8496
15351,8497
15352,8498
15353,8499
15354,8500
15355,8501
15356,8502
15357,8503
15358,8504
15359,8505
15360,8506
15361,8507
15363,8508
15364,8509
15365,8510
15366,8511
15367,8512
15368,8513
15369,8514
15370,8515
15371,8516
15372,8517
15373,8518
15374,8519
15375,8520
15376,8521
15377,8522
15378,8523
15379,8524
15380,8525
15381,8526
15382,8527
15383,8528
15384,8529
15385,8530
15386,8531
15388,8532
15389,8533
15390,8534
15391,8535
15392,8536
15393,8537
15394,8538
15395,8539
15396,8540
15397,8541
15398,8542
15399,8543
15400,8544
15401,8545
15402,8546
15403,8547
15404,8548
15405,8549
15407,8550
15408,8551
15409,8552
15410,8553
15411,8554
15412,8555
15413,8556
15414,8557
15415,8558
15416,8559
15417,8560
15418,8561
15419,8562
15420,8563
15421,8564
15422,8565
15423,8566
15424,8567
15425,8568
15426,8569
15427,8570
15428,8571
15429,8572
15430,8573
15431,8574
15432,8575
15433,8576
15434,8577
15435,8578
15436,8579
15437,8580
15438,8581
15439,8582
15440,8583
15441,8584
15442,8585
15443,8586
15444,8587
15445,8588
15446,8589
15447,8590
15448,8591
15449,8592
15450,8593
15451,8594
15452,8595
15453,8596
15454,8597
15455,8598
15456,8599
15457,8600
15458,8601
15459,8602
15460,8603
15461,8604
15462,8605
15463,8606
15464,8607
15465,8608
15466,8609
15467,8610
15468,8611
15469,8612
15470,8613
15471,8614
15472,8615
15473,8616
15474,8617
15475,8618
15476,8619
15477,8620
15478,8621
15479,8622
15480,8623
15481,8624
15482,8625
15483,8626
15484,8627
15485,8628
15486,8629
15487,8630
15488,8631
15489,8632
15490,8633
15491,8634
15492,8635
15493,8636
15494,8637
15495,8638
15496,8639
15497,8640
15498,8641
15499,8642
15500,8643
15501,8644
15502,8645
15503,8646
15504,8647
15505,8648
15506,8649
15507,8650
15508,8651
15509,8652
15510,8653
15511,8654
15512,8655
15514,8656
15515,8657
15516,8658
15517,8659
15518,8660
15519,8661
15520,8662
15521,8663
15522,8664
15523,8665
15524,8666
15525,8667
15526,8668
15527,8669
15528,8670
15529,8671
15530,8672
15531,8673
15532,8674
15533,8675
15534,8676
15535,8677
15536,8678
15537,8679
15538,8680
15539,8681
15541,8682
15543,8683
15544,8684
15545,8685
15546,8686
15547,8687
15548,8688
15549,8689
15550,8690
15551,8691
15552,8692
15553,8693
15554,8694
15555,8695
15556,8696
15557,8697
15558,8698
15559,8699
15560,8700
15561,8701
15562,8702
15563,8703
15564,8704
15565,8705
15566,8706
15567,8707
15568,8708
15569,8709
15570,8710
15571,8711
15572,8712
15573,8713
15574,8714
15575,8715
15576,8716
15577,8717
15578,8718
15579,8719
15580,8720
15581,8721
15582,8722
15583,8723
15584,8724
15585,8725
15586,8726
15587,8727
15588,8728
15589,8729
15590,8730
15591,8731
15592,8732
15593,8733
15594,8734
15595,8735
15596,8736
15597,8737
15598,8738
15599,8739
15600,8740
15601,8741
15602,8742
15603,8743
15604,8744
15605,8745
15606,8746
15607,8747
15608,8748
15609,8749
15610,8750
15611,8751
15612,8752
15613,8753
15614,8754
15615,8755
15616,8756
15617,8757
15618,8758
15619,8759
15620,8760
15621,8761
15622,8762
15623,8763
15624,8764
15625,8765
15626,8766
15627,8767
15628,8768
15629,8769
15630,8770
15631,8771
15632,8772
15633,8773
15634,8774
15635,8775
15636,8776
15637,8777
15638,8778
15639,8779
15640,8780
15641,8781
15642,8782
15643,8783
15644,8784
15645,8785
15646,8786
15647,8787
15648,8788
15649,8789
15650,8790
15651,8791
15652,8792
15653,8793
15654,8794
15655,8795
15656,8796
15657,8797
15658,8798
15659,8799
15660,8800
15661,8801
15662,8802
15663,8803
15664,8804
15665,8805
15666,8806
15667,8807
15668,8808
15669,8809
15670,8810
15671,8811
15672,8812
15673,8813
15674,8814
15675,8815
15676,8816
15677,8817
15678,8818
15679,8819
15680,8820
15681,8821
15682,8822
15683,8823
15684,8824
15685,8825
15686,8826
15687,8827
15688,8828
15689,8829
15690,8830
15691,8831
15692,8832
15693,8833
15699,8834
15700,8835
15701,8836
15702,8837
15703,8838
15704,8839
15705,8840
15706,8841
15707,8842
15708,8843
15709,8844
15710,8845
15711,8846
15712,8847
15713,8848
15714,8849
15715,8850
15716,8851
15717,8852
15718,8853
15719,8854
15720,8855
15721,8856
15722,8857
15723,8858
15724,8859
15725,8860
15726,8861
15727,8862
15728,8863
15729,8864
15730,8865
15731,8866
15732,8867
15733,8868
15734,8869
15735,8870
15736,8871
15737,8872
15738,8873
15739,8874
15740,8875
15741,8876
15742,8877
15743,8878
15744,8879
15745,8880
15746,8881
15747,8882
15748,8883
15749,8884
15750,8885
15751,8886
15752,8887
15753,8888
15754,8889
15755,8890
15756,8891
15757,8892
15758,8893
15759,8894
15760,8895
15761,8896
15762,8897
15763,8898
15764,8899
15765,8900
15766,8901
15767,8902
15768,8903
15769,8904
15770,8905
15771,8906
15772,8907
15773,8908
15774,8909
15775,8910
15776,8911
15777,8912
15778,8913
15779,8914
15780,8915
15781,8916
15782,8917
15783,8918
15784,8919
15785,8920
15786,8921
15787,8922
15788,8923
15789,8924
15790,8925
15791,8926
15792,8927
15793,8928
15794,8929
15795,8930
15796,8931
15797,8932
15798,8933
15799,8934
15800,8935
15801,8936
15802,8937
15803,8938
15805,8939
15809,8940
15810,8941
15811,8942
15812,8943
15813,8944
15814,8945
15815,8946
15816,8947
15817,8948
15818,8949
15819,8950
15820,8951
15821,8952
15822,8953
15823,8954
15824,8955
15825,8956
15826,8957
15827,8958
15828,8959
15829,8960
15830,8961
15831,8962
15832,8963
15833,8964
15834,8965
15835,8966
15836,8967
15837,8968
15838,8969
15839,8970
15840,8971
15841,8972
15842,8973
15843,8974
15844,8975
15845,8976
15846,8977
15847,8978
15848,8979
15849,8980
15850,8981
15851,8982
15852,8983
15853,8984
15854,8985
15855,8986
15856,8987
15857,8988
15858,8989
15859,8990
15860,8991
15861,8992
15862,8993
15863,8994
15864,8995
15865,8996
15866,8997
15867,8998
15868,8999
15869,9000
15870,9001
15871,9002
15872,9003
15873,9004
15874,9005
15875,9006
15876,9007
15877,9008
15878,9009
15879,9010
15880,9011
15881,9012
15882,9013
15883,9014
15884,9015
15885,9016
15886,9017
15887,9018
15888,9019
15889,9020
15890,9021
15891,9022
15892,9023
15893,9024
15894,9025
15895,9026
15896,9027
15897,9028
15898,9029
15899,9030
15900,9031
15901,9032
15902,9033
15903,9034
15904,9035
15905,9036
15906,9037
15907,9038
15908,9039
15909,9040
15910,9041
15911,9042
15912,9043
15913,9044
15914,9045
15915,9046
15916,9047
15917,9048
15918,9049
15919,9050
15920,9051
15921,9052
15922,9053
15923,9054
15924,9055
15925,9056
15926,9057
15927,9058
15928,9059
15929,9060
15930,9061
15931,9062
15932,9063
15933,9064
15934,9065
15935,9066
15936,9067
15937,9068
15938,9069
15939,9070
15940,9071
15941,9072
15942,9073
15943,9074
15944,9075
15945,9076
15946,9077
15947,9078
15948,9079
15949,9080
15950,9081
15951,9082
15952,9083
15953,9084
15954,9085
15955,9086
15956,9087
15957,9088
15958,9089
15959,9090
15960,9091
15961,9092
15962,9093
15963,9094
15964,9095
15965,9096
15966,9097
15967,9098
15968,9099
15969,9100
15970,9101
15971,9102
15972,9103
15977,9104
15978,9105
15979,9106
15980,9107
15981,9108
15982,9109
15983,9110
15984,9111
15985,9112
15986,9113
15987,9114
15988,9115
15989,9116
15990,9117
15991,9118
15992,9119
15993,9120
15994,9121
15995,9122
15996,9123
15997,9124
15998,9125
15999,9126
16000,9127
16001,9128
16002,9129
16003,9130
16012,9131
16014,9132
16015,9133
16016,9134
16017,9135
16018,9136
16019,9137
16020,9138
16021,9139
16022,9140
16023,9141
16024,9142
16025,9143
16026,9144
16027,9145
16028,9146
16029,9147
16030,9148
16031,9149
16032,9150
16033,9151
16034,9152
16035,9153
16036,9154
16037,9155
16038,9156
16039,9157
16040,9158
16041,9159
16042,9160
16043,9161
16044,9162
16045,9163
16046,9164
16047,9165
16048,9166
16049,9167
16050,9168
16051,9169
16052,9170
16053,9171
16054,9172
16055,9173
16056,9174
16057,9175
16058,9176
16059,9177
16060,9178
16061,9179
16062,9180
16063,9181
16064,9182
16065,9183
16066,9184
16067,9185
16068,9186
16069,9187
16070,9188
16071,9189
16072,9190
16073,9191
16074,9192
16075,9193
16076,9194
16077,9195
16078,9196
16079,9197
16080,9198
16081,9199
16082,9200
16083,9201
16084,9202
16085,9203
16086,9204
16087,9205
16088,9206
16089,9207
16090,9208
16091,9209
16092,9210
16093,9211
16094,9212
16095,9213
16096,9214
16097,9215
16098,9216
16099,9217
16100,9218
16101,9219
16102,9220
16103,9221
16104,9222
16105,9223
16106,9224
16107,9225
16108,9226
16109,9227
16110,9228
16111,9229
16112,9230
16113,9231
16114,9232
16115,9233
16116,9234
16117,9235
16118,9236
16119,9237
16120,9238
16121,9239
16122,9240
16123,9241
16124,9242
16125,9243
16126,9244
16127,9245
16128,9246
16129,9247
16130,9248
16131,9249
16132,9250
16133,9251
16134,9252
16135,9253
16136,9254
16137,9255
16138,9256
16139,9257
16140,9258
16141,9259
16142,9260
16143,9261
16144,9262
16145,9263
16146,9264
16147,9265
16148,9266
16149,9267
16150,9268
16151,9269
16152,9270
16153,9271
16154,9272
16155,9273
16156,9274
16157,9275
16158,9276
16159,9277
16160,9278
16161,9279
16162,9280
16164,9281
16166,9282
16167,9283
16168,9284
16169,9285
16170,9286
16171,9287
16172,9288
16173,9289
16174,9290
16175,9291
16176,9292
16177,9293
16178,9294
16179,9295
16180,9296
16181,9297
16182,9298
16183,9299
16184,9300
16185,9301
16186,9302
16187,9303
16188,9304
16189,9305
16190,9306
16191,9307
16192,9308
16193,9309
16194,9310
16195,9311
16196,9312
16197,9313
16198,9314
16199,9315
16200,9316
16201,9317
16202,9318
16203,9319
16204,9320
16205,9321
16206,9322
16207,9323
16208,9324
16209,9325
16210,9326
16211,9327
16212,9328
16213,9329
16214,9330
16215,9331
16216,9332
16217,9333
16218,9334
16219,9335
16220,9336
16221,9337
16222,9338
16223,9339
16224,9340
16225,9341
16226,9342
16227,9343
16228,9344
16229,9345
16230,9346
16231,9347
16232,9348
16233,9349
16234,9350
16235,9351
16236,9352
16237,9353
16238,9354
16239,9355
16240,9356
16241,9357
16242,9358
16243,9359
16244,9360
16245,9361
16246,9362
16247,9363
16248,9364
16249,9365
16250,9366
16251,9367
16252,9368
16253,9369
16254,9370
16255,9371
16256,9372
16257,9373
16258,9374
16259,9375
16260,9376
16261,9377
16262,9378
16263,9379
16264,9380
16265,9381
16266,9382
16267,9383
16268,9384
16269,9385
16270,9386
16271,9387
16272,9388
16273,9389
16274,9390
16275,9391
16276,9392
16277,9393
16278,9394
16279,9395
16280,9396
16284,9397
16285,9398
16286,9399
16287,9400
16288,9401
16291,9402
16292,9403
16293,9404
16294,9405
16295,9406
16296,9407
16297,9408
16298,9409
16299,9410
16300,9411
16301,9412
16302,9413
16303,9414
16305,9415
16307,9416
16308,9417
16309,9418
16310,9419
16311,9420
16312,9421
16313,9422
16314,9423
16315,9424
16316,9425
16317,9426
16319,9427
16322,9428
16324,9429
16325,9430
16326,9431
16327,9432
16328,9433
16329,9434
16331,9435
16332,9436
16333,9437
16334,9438
16335,9439
16336,9440
16337,9441
16340,9442
16342,9443
16343,9444
16344,9445
16345,9446
16346,9447
16347,9448
16348,9449
16350,9450
16351,9451
16352,9452
16353,9453
16355,9454
16356,9455
16358,9456
16359,9457
16360,9458
16362,9459
16363,9460
16364,9461
16365,9462
16368,9463
16369,9464
16370,9465
16371,9466
16372,9467
16373,9468
16375,9469
16376,9470
16377,9471
16378,9472
16379,9473
16380,9474
16381,9475
16382,9476
16383,9477
16384,9478
16385,9479
16386,9480
16387,9481
16388,9482
16389,9483
16390,9484
16391,9485
16392,9486
16393,9487
16394,9488
16395,9489
16396,9490
16397,9491
16398,9492
16399,9493
16400,9494
16401,9495
16402,9496
16403,9497
16404,9498
16405,9499
16406,9500
16407,9501
16408,9502
16409,9503
16410,9504
16411,9505
16412,9506
16413,9507
16414,9508
16415,9509
16416,9510
16417,9511
16418,9512
16420,9513
16421,9514
16422,9515
16423,9516
16424,9517
16425,9518
16426,9519
16427,9520
16431,9521
16432,9522
16433,9523
16434,9524
16437,9525
16438,9526
16439,9527
16440,9528
16445,9529
16446,9530
16447,9531
16448,9532
16449,9533
16450,9534
16451,9535
16452,9536
16453,9537
16454,9538
16455,9539
16456,9540
16457,9541
16458,9542
16459,9543
16460,9544
16461,9545
16462,9546
16463,9547
16464,9548
16465,9549
16466,9550
16467,9551
16469,9552
16470,9553
16471,9554
16472,9555
16473,9556
16474,9557
16475,9558
16476,9559
16477,9560
16478,9561
16479,9562
16480,9563
16481,9564
16482,9565
16483,9566
16484,9567
16485,9568
16486,9569
16487,9570
16488,9571
16489,9572
16490,9573
16491,9574
16492,9575
16493,9576
16494,9577
16495,9578
16496,9579
16497,9580
16498,9581
16499,9582
16500,9583
16501,9584
16502,9585
16503,9586
16504,9587
16505,9588
16506,9589
16507,9590
16508,9591
16509,9592
16511,9593
16512,9594
16513,9595
16514,9596
16515,9597
16516,9598
16517,9599
16518,9600
16519,9601
16520,9602
16521,9603
16522,9604
16523,9605
16524,9606
16525,9607
16526,9608
16527,9609
16528,9610
16529,9611
16530,9612
16531,9613
16532,9614
16533,9615
16534,9616
16535,9617
16536,9618
16537,9619
16538,9620
16539,9621
16540,9622
16541,9623
16542,9624
16543,9625
16544,9626
16545,9627
16546,9628
16547,9629
16549,9630
16550,9631
16551,9632
16552,9633
16553,9634
16554,9635
16555,9636
16556,9637
16557,9638
16558,9639
16559,9640
16560,9641
16561,9642
16562,9643
16563,9644
16564,9645
16565,9646
16566,9647
16567,9648
16568,9649
16569,9650
16570,9651
16571,9652
16572,9653
16573,9654
16574,9655
16575,9656
16576,9657
16577,9658
16579,9659
16580,9660
16582,9661
16583,9662
16584,9663
16585,9664
16586,9665
16587,9666
16588,9667
16589,9668
16591,9669
16593,9670
16594,9671
16595,9672
16596,9673
16597,9674
16598,9675
16599,9676
16600,9677
16601,9678
16602,9679
16603,9680
16604,9681
16605,9682
16606,9683
16607,9684
16608,9685
16609,9686
16610,9687
16611,9688
16612,9689
16618,9690
16619,9691
16620,9692
16623,9693
16624,9694
16627,9695
16628,9696
16629,9697
