hyperedge_id,source_nodes,target_nodes,source_size,target_size,reaction_id,sign,control_id
0,12709|16353,14173,2,1,http://www.reactome.org/biopax/96/48895#BiochemicalReaction2127,1,http://www.reactome.org/biopax/96/48895#Catalysis1028
1,5935|9377|16482,9378|16574,3,2,http://www.reactome.org/biopax/96/48895#BiochemicalReaction5541,1,http://www.reactome.org/biopax/96/48895#Catalysis2282
2,1706|5412|15939,1707|14254,3,2,http://www.reactome.org/biopax/96/48895#BiochemicalReaction5070,1,http://www.reactome.org/biopax/96/48895#Catalysis2161
3,9717|9725|16462,9726|16466,3,2,http://www.reactome.org/biopax/96/48895#BiochemicalReaction6184,1,http://www.reactome.org/biopax/96/48895#Catalysis2533
4,492|11237,495,2,1,http://www.reactome.org/biopax/96/48895#BiochemicalReaction8850,1,http://www.reactome.org/biopax/96/48895#Control866
5,9383|10345,10344,2,1,http://www.reactome.org/biopax/96/48895#BiochemicalReaction6857,1,http://www.reactome.org/biopax/96/48895#Catalysis2974
6,10340|10341|10343,9383|10342,3,2,http://www.reactome.org/biopax/96/48895#BiochemicalReaction6855,-1,http://www.reactome.org/biopax/96/48895#Control620
7,6946|16482,6947|7735,2,2,http://www.reactome.org/biopax/96/48895#BiochemicalReaction6705,1,http://www.reactome.org/biopax/96/48895#Catalysis2891
8,10776|15175|16223,14203|15343|16284,3,3,http://www.reactome.org/biopax/96/48895#BiochemicalReaction7583,1,http://www.reactome.org/biopax/96/48895#Catalysis3637
9,9906|14117|16482,14106|14553|14793,3,3,http://www.reactome.org/biopax/96/48895#BiochemicalReaction6478,1,http://www.reactome.org/biopax/96/48895#Catalysis2680
10,6827|6829|14255|16324,6828|16325|16424,4,3,http://www.reactome.org/biopax/96/48895#BiochemicalReaction6445,1,http://www.reactome.org/biopax/96/48895#Catalysis2647
11,10955|13927|15624,14446|14793|15625,3,3,http://www.reactome.org/biopax/96/48895#BiochemicalReaction8085,1,http://www.reactome.org/biopax/96/48895#Catalysis4093
12,10596|14765|16462,14768|16466,3,2,http://www.reactome.org/biopax/96/48895#BiochemicalReaction7152,1,http://www.reactome.org/biopax/96/48895#Catalysis3220
13,10780|14097|15187,14096|15188|16551,3,3,http://www.reactome.org/biopax/96/48895#BiochemicalReaction7590,1,http://www.reactome.org/biopax/96/48895#Catalysis3644
14,2582|13078|16504,4150|16514,3,2,http://www.reactome.org/biopax/96/48895#BiochemicalReaction2578,1,http://www.reactome.org/biopax/96/48895#Catalysis1196
15,4933|11335|13927,11336|14446,3,2,http://www.reactome.org/biopax/96/48895#BiochemicalReaction8931,1,http://www.reactome.org/biopax/96/48895#Catalysis4788
16,2770|6270,1061|9992,2,2,http://www.reactome.org/biopax/96/48895#BiochemicalReaction2769,1,http://www.reactome.org/biopax/96/48895#Catalysis1308
17,5499|13302|13747,10105|11363,3,2,http://www.reactome.org/biopax/96/48895#BiochemicalReaction6626,1,http://www.reactome.org/biopax/96/48895#Catalysis2820
18,7220|14446|16515,14308|14793|16541,3,3,http://www.reactome.org/biopax/96/48895#BiochemicalReaction6976,1,http://www.reactome.org/biopax/96/48895#Catalysis3055
19,161|10318|15851|16588,11024|14317,4,2,http://www.reactome.org/biopax/96/48895#BiochemicalReaction8340,1,http://www.reactome.org/biopax/96/48895#Catalysis4341
20,1598|1602|14019,1601|12381,3,2,http://www.reactome.org/biopax/96/48895#BiochemicalReaction1620,1,http://www.reactome.org/biopax/96/48895#Catalysis693
21,11775|16302,16301,2,1,http://www.reactome.org/biopax/96/48895#BiochemicalReaction968,1,http://www.reactome.org/biopax/96/48895#Catalysis421
22,7346|15865|16343,15866,3,1,http://www.reactome.org/biopax/96/48895#BiochemicalReaction8356,1,http://www.reactome.org/biopax/96/48895#Catalysis4357
23,2657|5621,2654|10745,2,2,http://www.reactome.org/biopax/96/48895#BiochemicalReaction2658,1,http://www.reactome.org/biopax/96/48895#Catalysis1242
24,68|10985,69,2,1,http://www.reactome.org/biopax/96/48895#BiochemicalReaction8195,1,http://www.reactome.org/biopax/96/48895#Catalysis4203
25,11743|15385,15393,2,1,http://www.reactome.org/biopax/96/48895#BiochemicalReaction906,1,http://www.reactome.org/biopax/96/48895#Catalysis368
26,275|14873|15343|15607|16058,14874|15321|16059,5,3,http://www.reactome.org/biopax/96/48895#BiochemicalReaction8555,-1,http://www.reactome.org/biopax/96/48895#Control836
27,3532|13596|16462,13594|16466,3,2,http://www.reactome.org/biopax/96/48895#BiochemicalReaction3367,1,http://www.reactome.org/biopax/96/48895#Catalysis1550
29,173|4379|8245|13927,173|4380|14308|15079,4,4,http://www.reactome.org/biopax/96/48895#BiochemicalReaction4132,1,http://www.reactome.org/biopax/96/48895#Catalysis1832
31,2510|13110|16504,2619|16514,3,2,http://www.reactome.org/biopax/96/48895#BiochemicalReaction2619,1,http://www.reactome.org/biopax/96/48895#Catalysis1221
32,10766|13972|14196|14793,14362|15159|16424,4,3,http://www.reactome.org/biopax/96/48895#BiochemicalReaction7570,-1,http://www.reactome.org/biopax/96/48895#Control705
33,7406|15116|16343,15111|15123,3,2,http://www.reactome.org/biopax/96/48895#BiochemicalReaction7505,1,http://www.reactome.org/biopax/96/48895#Catalysis3562
34,10310|10311|10313,9810|10312|16588,3,3,http://www.reactome.org/biopax/96/48895#BiochemicalReaction6841,1,http://www.reactome.org/biopax/96/48895#Catalysis2963
35,11001|13927|14309|15552,14446|15770|16574,4,3,http://www.reactome.org/biopax/96/48895#BiochemicalReaction8244,1,http://www.reactome.org/biopax/96/48895#Catalysis4249
36,1930|3666|14311,3665,3,1,http://www.reactome.org/biopax/96/48895#BiochemicalReaction3501,-1,http://www.reactome.org/biopax/96/48895#Control320
37,3581|6618|13614,3580,3,1,http://www.reactome.org/biopax/96/48895#BiochemicalReaction6243,-1,http://www.reactome.org/biopax/96/48895#Control586
38,10612|13927|14357|16518,14446|14793|14808|16574,4,4,http://www.reactome.org/biopax/96/48895#BiochemicalReaction7203,1,http://www.reactome.org/biopax/96/48895#Catalysis3269
39,7056|7226,7145,2,1,http://www.reactome.org/biopax/96/48895#BiochemicalReaction49,1,http://www.reactome.org/biopax/96/48895#Control4
40,755|758|11669|11670|11671|13927,751|11667|11668|11669|14446|16574,6,6,http://www.reactome.org/biopax/96/48895#BiochemicalReaction798,1,http://www.reactome.org/biopax/96/48895#Catalysis308
41,10837|14297|16481,14237|16601,3,2,http://www.reactome.org/biopax/96/48895#BiochemicalReaction7748,1,http://www.reactome.org/biopax/96/48895#Catalysis3796
42,819|14147,13928,2,1,http://www.reactome.org/biopax/96/48895#BiochemicalReaction842,1,http://www.reactome.org/biopax/96/48895#Catalysis334
43,3587|13634,13635,2,1,http://www.reactome.org/biopax/96/48895#BiochemicalReaction3402,1,http://www.reactome.org/biopax/96/48895#Catalysis1564
44,10700|14196|15067,14294|14362,3,2,http://www.reactome.org/biopax/96/48895#BiochemicalReaction7428,1,http://www.reactome.org/biopax/96/48895#Catalysis3485
45,12658|14100|14117,14106|14119,3,2,http://www.reactome.org/biopax/96/48895#BiochemicalReaction2019,1,http://www.reactome.org/biopax/96/48895#Catalysis951
46,10813|14255|14793|15261|16563,15262|16482|16552,5,3,http://www.reactome.org/biopax/96/48895#BiochemicalReaction7661,1,http://www.reactome.org/biopax/96/48895#Catalysis3711
47,1778|16351|16491,16490|16494,3,2,http://www.reactome.org/biopax/96/48895#BiochemicalReaction1785,1,http://www.reactome.org/biopax/96/48895#Catalysis746
48,170|14419|15867,14303|14420|16588,3,3,http://www.reactome.org/biopax/96/48895#BiochemicalReaction8358,1,http://www.reactome.org/biopax/96/48895#Catalysis4359
49,1331|9662|16482,880|16574,3,2,http://www.reactome.org/biopax/96/48895#BiochemicalReaction6030,1,http://www.reactome.org/biopax/96/48895#Catalysis2483
50,10795|15220|16482,14244|16515,3,2,http://www.reactome.org/biopax/96/48895#BiochemicalReaction7622,1,http://www.reactome.org/biopax/96/48895#Catalysis3674
51,13849|13852|14321,13850|14322,3,2,http://www.reactome.org/biopax/96/48895#BiochemicalReaction3638,-1,http://www.reactome.org/biopax/96/48895#Control338
52,1895|14255|14793|16326,14136,4,1,http://www.reactome.org/biopax/96/48895#BiochemicalReaction2056,1,http://www.reactome.org/biopax/96/48895#Catalysis976
53,14041|14654|15939|15981,14254|14793|15562|16574,4,4,http://www.reactome.org/biopax/96/48895#BiochemicalReaction8033,-1,http://www.reactome.org/biopax/96/48895#Control782
54,4089|13884,3586,2,1,http://www.reactome.org/biopax/96/48895#BiochemicalReaction3872,1,http://www.reactome.org/biopax/96/48895#Control367
55,12606|13974|14297,13976|14237,3,2,http://www.reactome.org/biopax/96/48895#BiochemicalReaction1933,1,http://www.reactome.org/biopax/96/48895#Catalysis871
56,10610|13927|14233|14362,14357|14446|14648|16574,4,4,http://www.reactome.org/biopax/96/48895#BiochemicalReaction7200,1,http://www.reactome.org/biopax/96/48895#Control685
57,9909|14097|14559,14096|14560,3,2,http://www.reactome.org/biopax/96/48895#BiochemicalReaction6485,1,http://www.reactome.org/biopax/96/48895#Catalysis2687
58,1706|4996|15939,1707|14254,3,2,http://www.reactome.org/biopax/96/48895#BiochemicalReaction4690,1,http://www.reactome.org/biopax/96/48895#Catalysis1990
59,9957|11374|16462,11375|16466,3,2,http://www.reactome.org/biopax/96/48895#BiochemicalReaction505,1,http://www.reactome.org/biopax/96/48895#Catalysis196
60,4340|13927,4501|14446,2,2,http://www.reactome.org/biopax/96/48895#BiochemicalReaction21,1,http://www.reactome.org/biopax/96/48895#Catalysis10
61,5363|15939,5364|14254,2,2,http://www.reactome.org/biopax/96/48895#BiochemicalReaction5019,1,http://www.reactome.org/biopax/96/48895#Catalysis2131
62,1841|14323|16371|16568,14130|16351,4,2,http://www.reactome.org/biopax/96/48895#BiochemicalReaction2041,1,http://www.reactome.org/biopax/96/48895#Catalysis970
63,21|15652|16482,14793|15079|15653,3,3,http://www.reactome.org/biopax/96/48895#BiochemicalReaction8113,1,http://www.reactome.org/biopax/96/48895#Catalysis4121
64,873|14083|15029|16482,14793|15050|15639,4,3,http://www.reactome.org/biopax/96/48895#BiochemicalReaction8101,1,http://www.reactome.org/biopax/96/48895#Catalysis4109
65,8242|13766,13767,2,1,http://www.reactome.org/biopax/96/48895#BiochemicalReaction3504,1,http://www.reactome.org/biopax/96/48895#Catalysis1617
66,4103|8564|12295,4104,3,1,http://www.reactome.org/biopax/96/48895#BiochemicalReaction3886,-1,http://www.reactome.org/biopax/96/48895#Control371
67,1010|11856|16482,1013|16574,3,2,http://www.reactome.org/biopax/96/48895#BiochemicalReaction1048,1,http://www.reactome.org/biopax/96/48895#Catalysis455
68,4089|13471,3586,2,1,http://www.reactome.org/biopax/96/48895#BiochemicalReaction3872,1,http://www.reactome.org/biopax/96/48895#Control366
69,3859|10229|14793|16563,10226|16552,4,2,http://www.reactome.org/biopax/96/48895#BiochemicalReaction362,1,http://www.reactome.org/biopax/96/48895#Catalysis127
70,3894|8254|16482,14326|14329|14330,3,3,http://www.reactome.org/biopax/96/48895#BiochemicalReaction3732,1,http://www.reactome.org/biopax/96/48895#Catalysis1717
71,4894|13927,4896|14446,2,2,http://www.reactome.org/biopax/96/48895#BiochemicalReaction4611,1,http://www.reactome.org/biopax/96/48895#Catalysis1974
72,25|15664|16343,15579|15665|16588,3,3,http://www.reactome.org/biopax/96/48895#BiochemicalReaction8119,1,http://www.reactome.org/biopax/96/48895#Catalysis4127
73,4|15602|16504,14078|15603|16422,3,3,http://www.reactome.org/biopax/96/48895#BiochemicalReaction8069,1,http://www.reactome.org/biopax/96/48895#Catalysis4077
74,2809|12803,2810,2,1,http://www.reactome.org/biopax/96/48895#BiochemicalReaction2797,1,http://www.reactome.org/biopax/96/48895#Catalysis1320
75,639|642|11567|11568|11569|11573,643,6,1,http://www.reactome.org/biopax/96/48895#BiochemicalReaction703,-1,http://www.reactome.org/biopax/96/48895#Control53
76,9924|13927|14577,14446|14578|14793,3,3,http://www.reactome.org/biopax/96/48895#BiochemicalReaction6498,1,http://www.reactome.org/biopax/96/48895#Catalysis2700
77,10824|14195|14255|14793|16563,15281|16482|16552,5,3,http://www.reactome.org/biopax/96/48895#BiochemicalReaction7683,1,http://www.reactome.org/biopax/96/48895#Catalysis3731
78,4526|13927,4529|14446,2,2,http://www.reactome.org/biopax/96/48895#BiochemicalReaction4276,1,http://www.reactome.org/biopax/96/48895#Catalysis1882
79,5069|13474|16467,5071,3,1,http://www.reactome.org/biopax/96/48895#BiochemicalReaction4757,1,http://www.reactome.org/biopax/96/48895#Control433
80,10730|14928|15110,14951|16608,3,2,http://www.reactome.org/biopax/96/48895#BiochemicalReaction7498,1,http://www.reactome.org/biopax/96/48895#Catalysis3555
81,12154|12155,12153|16420,2,2,http://www.reactome.org/biopax/96/48895#BiochemicalReaction1393,1,http://www.reactome.org/biopax/96/48895#Catalysis583
82,7213|14652,14653,2,1,http://www.reactome.org/biopax/96/48895#BiochemicalReaction6963,1,http://www.reactome.org/biopax/96/48895#Catalysis3044
83,4099|4101|13927,4100|14446,3,2,http://www.reactome.org/biopax/96/48895#BiochemicalReaction3885,1,http://www.reactome.org/biopax/96/48895#Control370
84,296|15733|16179,15740|16180,3,2,http://www.reactome.org/biopax/96/48895#BiochemicalReaction8630,1,http://www.reactome.org/biopax/96/48895#Catalysis4624
85,6950|16482,6951|7735,2,2,http://www.reactome.org/biopax/96/48895#BiochemicalReaction6707,1,http://www.reactome.org/biopax/96/48895#Catalysis2893
86,1225|11682|13927,1233|14446,3,2,http://www.reactome.org/biopax/96/48895#BiochemicalReaction1247,1,http://www.reactome.org/biopax/96/48895#Catalysis544
87,10527|10529|13927,10531|14446,3,2,http://www.reactome.org/biopax/96/48895#BiochemicalReaction396,1,http://www.reactome.org/biopax/96/48895#Catalysis140
88,9635|9639|16482,10745|13822,3,2,http://www.reactome.org/biopax/96/48895#BiochemicalReaction6004,1,http://www.reactome.org/biopax/96/48895#Catalysis2472
89,1009|16483|16504,1000|11471|14072|16493,3,4,http://www.reactome.org/biopax/96/48895#BiochemicalReaction1047,1,http://www.reactome.org/biopax/96/48895#Catalysis454
90,176|14037|14417|16391|16588,15877|16343|16392,5,3,http://www.reactome.org/biopax/96/48895#BiochemicalReaction8369,1,http://www.reactome.org/biopax/96/48895#Catalysis4370
92,9596|11572|16462,9600|16466,3,2,http://www.reactome.org/biopax/96/48895#BiochemicalReaction5957,1,http://www.reactome.org/biopax/96/48895#Catalysis2442
93,5499|10076|11409,10075|11363,3,2,http://www.reactome.org/biopax/96/48895#BiochemicalReaction6601,1,http://www.reactome.org/biopax/96/48895#Catalysis2795
94,10623|14873|14893|14911,14466|14912|15321|16040,4,4,http://www.reactome.org/biopax/96/48895#BiochemicalReaction7298,1,http://www.reactome.org/biopax/96/48895#Catalysis3357
95,9009|9010|16467,5125,3,1,http://www.reactome.org/biopax/96/48895#BiochemicalReaction4804,1,http://www.reactome.org/biopax/96/48895#Control439
96,6899|6908|16476,7138|14078,3,2,http://www.reactome.org/biopax/96/48895#BiochemicalReaction605,1,http://www.reactome.org/biopax/96/48895#Catalysis219
97,2129|12806|15939,2125|14254,3,2,http://www.reactome.org/biopax/96/48895#BiochemicalReaction2290,1,http://www.reactome.org/biopax/96/48895#Catalysis1084
98,7329|14852,14859,2,1,http://www.reactome.org/biopax/96/48895#BiochemicalReaction7254,1,http://www.reactome.org/biopax/96/48895#Catalysis3313
99,10817|14255|14793|15266|16563,15267|16482|16552,5,3,http://www.reactome.org/biopax/96/48895#BiochemicalReaction7665,1,http://www.reactome.org/biopax/96/48895#Catalysis3715
100,4348|13927,4346|8648|14446,2,3,http://www.reactome.org/biopax/96/48895#BiochemicalReaction4096,1,http://www.reactome.org/biopax/96/48895#Catalysis1816
101,21|15647|16482,14793|15079|15648,3,3,http://www.reactome.org/biopax/96/48895#BiochemicalReaction8110,1,http://www.reactome.org/biopax/96/48895#Catalysis4118
102,6604|9754|13766,6605,3,1,http://www.reactome.org/biopax/96/48895#BiochemicalReaction6237,1,http://www.reactome.org/biopax/96/48895#Control578
103,5779|9259|16445,5778,3,1,http://www.reactome.org/biopax/96/48895#BiochemicalReaction5387,1,http://www.reactome.org/biopax/96/48895#Control494
104,11760|14357,11103|14362,2,2,http://www.reactome.org/biopax/96/48895#BiochemicalReaction8647,1,http://www.reactome.org/biopax/96/48895#Catalysis4641
105,13927|14147|14664,14446|14665|14793,3,3,http://www.reactome.org/biopax/96/48895#BiochemicalReaction6993,1,http://www.reactome.org/biopax/96/48895#Control673
106,10954|11779|16462,13273|16466,3,2,http://www.reactome.org/biopax/96/48895#BiochemicalReaction2964,1,http://www.reactome.org/biopax/96/48895#Catalysis1414
107,10459|10460,7218,2,1,http://www.reactome.org/biopax/96/48895#BiochemicalReaction6970,1,http://www.reactome.org/biopax/96/48895#Catalysis3051
108,10416|11220|16462,11221|16466,3,2,http://www.reactome.org/biopax/96/48895#BiochemicalReaction459,1,http://www.reactome.org/biopax/96/48895#Catalysis179
109,7362|7853|14990|16388,14988|14991,4,2,http://www.reactome.org/biopax/96/48895#BiochemicalReaction7356,1,http://www.reactome.org/biopax/96/48895#Catalysis3413
110,5302|13927,5303|14446,2,2,http://www.reactome.org/biopax/96/48895#BiochemicalReaction4964,1,http://www.reactome.org/biopax/96/48895#Catalysis2112
111,10675|14196|15041,14362|15040,3,2,http://www.reactome.org/biopax/96/48895#BiochemicalReaction7389,1,http://www.reactome.org/biopax/96/48895#Catalysis3446
112,10642|14255|15489,15490,3,1,http://www.reactome.org/biopax/96/48895#BiochemicalReaction7876,1,http://www.reactome.org/biopax/96/48895#Catalysis3916
113,7992|15431|15476,15485|16284,3,2,http://www.reactome.org/biopax/96/48895#BiochemicalReaction908,1,http://www.reactome.org/biopax/96/48895#Catalysis370
114,7857|13927|14836,14446|15062,3,2,http://www.reactome.org/biopax/96/48895#BiochemicalReaction7420,1,http://www.reactome.org/biopax/96/48895#Catalysis3477
115,200|13973|14255,15907,3,1,http://www.reactome.org/biopax/96/48895#BiochemicalReaction8410,1,http://www.reactome.org/biopax/96/48895#Catalysis4411
116,3077|3078|13301,3081|11363,3,2,http://www.reactome.org/biopax/96/48895#BiochemicalReaction3016,1,http://www.reactome.org/biopax/96/48895#Catalysis1435
117,2498|13264|16504,2984|16514,3,2,http://www.reactome.org/biopax/96/48895#BiochemicalReaction2937,1,http://www.reactome.org/biopax/96/48895#Catalysis1400
119,3663|13927,3664|14446,2,2,http://www.reactome.org/biopax/96/48895#BiochemicalReaction3500,1,http://www.reactome.org/biopax/96/48895#Catalysis1616
120,12573|14297|16577,14237|16397,3,2,http://www.reactome.org/biopax/96/48895#BiochemicalReaction8514,1,http://www.reactome.org/biopax/96/48895#Catalysis4513
121,14173|15666|16482,14793|15079|15981,3,3,http://www.reactome.org/biopax/96/48895#BiochemicalReaction8121,1,http://www.reactome.org/biopax/96/48895#Control795
122,1779|16351|16496,16494|16497,3,2,http://www.reactome.org/biopax/96/48895#BiochemicalReaction1788,1,http://www.reactome.org/biopax/96/48895#Catalysis749
123,884|14241|15733,15740|16178,3,2,http://www.reactome.org/biopax/96/48895#BiochemicalReaction8629,1,http://www.reactome.org/biopax/96/48895#Catalysis4623
124,498|11145,499,2,1,http://www.reactome.org/biopax/96/48895#BiochemicalReaction8852,1,http://www.reactome.org/biopax/96/48895#Control890
126,9945|14110|14610,14109|14611,3,2,http://www.reactome.org/biopax/96/48895#BiochemicalReaction6524,1,http://www.reactome.org/biopax/96/48895#Catalysis2724
127,8027|14255|16365|16563,16326|16368|16369|16482|16552,4,5,http://www.reactome.org/biopax/96/48895#BiochemicalReaction1162,1,http://www.reactome.org/biopax/96/48895#Catalysis499
128,13131|13176|16462,13177|16466,3,2,http://www.reactome.org/biopax/96/48895#BiochemicalReaction2706,1,http://www.reactome.org/biopax/96/48895#Catalysis1275
129,2388|12952|15939,2390|12948|14254,3,3,http://www.reactome.org/biopax/96/48895#BiochemicalReaction2425,1,http://www.reactome.org/biopax/96/48895#Catalysis1127
130,11722|14297|16126,14237|16135,3,2,http://www.reactome.org/biopax/96/48895#BiochemicalReaction940,1,http://www.reactome.org/biopax/96/48895#Catalysis401
131,6002|13927,6003|14446,2,2,http://www.reactome.org/biopax/96/48895#BiochemicalReaction5608,1,http://www.reactome.org/biopax/96/48895#Catalysis2306
132,9901|14546|16482,14548|16603,3,2,http://www.reactome.org/biopax/96/48895#BiochemicalReaction6470,1,http://www.reactome.org/biopax/96/48895#Catalysis2672
134,6846|14549|14550|14793,14107|15079,4,2,http://www.reactome.org/biopax/96/48895#BiochemicalReaction6474,1,http://www.reactome.org/biopax/96/48895#Catalysis2676
135,5621|6013,3803|6014|10745,2,3,http://www.reactome.org/biopax/96/48895#BiochemicalReaction5618,1,http://www.reactome.org/biopax/96/48895#Catalysis2312
136,4474|8771,1662,2,1,http://www.reactome.org/biopax/96/48895#BiochemicalReaction4236,1,http://www.reactome.org/biopax/96/48895#Catalysis1867
137,1906|14087|15343,14140|14793,3,2,http://www.reactome.org/biopax/96/48895#BiochemicalReaction2067,-1,http://www.reactome.org/biopax/96/48895#Control189
138,3858|13889|16482,4354|16574,3,2,http://www.reactome.org/biopax/96/48895#BiochemicalReaction4102,1,http://www.reactome.org/biopax/96/48895#Catalysis1821
139,6883|10913,10095|11363,2,2,http://www.reactome.org/biopax/96/48895#BiochemicalReaction6618,1,http://www.reactome.org/biopax/96/48895#Catalysis2812
140,9019|9020|9021|16467,5182,4,1,http://www.reactome.org/biopax/96/48895#BiochemicalReaction4864,1,http://www.reactome.org/biopax/96/48895#Control447
141,11586|14901|15006,14902|15007,3,2,http://www.reactome.org/biopax/96/48895#BiochemicalReaction7366,1,http://www.reactome.org/biopax/96/48895#Catalysis3423
142,317|7503|14295,7505|7610|14304,3,3,http://www.reactome.org/biopax/96/48895#BiochemicalReaction8691,1,http://www.reactome.org/biopax/96/48895#Catalysis4685
143,1704|1706|15939,1707|14254,3,2,http://www.reactome.org/biopax/96/48895#BiochemicalReaction1717,1,http://www.reactome.org/biopax/96/48895#Catalysis726
144,9013|9015|14105,9014|14324,3,2,http://www.reactome.org/biopax/96/48895#BiochemicalReaction4833,1,http://www.reactome.org/biopax/96/48895#Catalysis2054
145,1181|1200,1201|16574,2,2,http://www.reactome.org/biopax/96/48895#BiochemicalReaction1206,-1,http://www.reactome.org/biopax/96/48895#Control102
146,4158|13038|16462,2575|16466,3,2,http://www.reactome.org/biopax/96/48895#BiochemicalReaction2568,1,http://www.reactome.org/biopax/96/48895#Catalysis1190
147,6643|13927,6616|14446,2,2,http://www.reactome.org/biopax/96/48895#BiochemicalReaction6277,1,http://www.reactome.org/biopax/96/48895#Catalysis2576
150,3522|11837|13927,11847|14446,3,2,http://www.reactome.org/biopax/96/48895#BiochemicalReaction1041,1,http://www.reactome.org/biopax/96/48895#Catalysis451
152,5183|14020,5194|14028,2,2,http://www.reactome.org/biopax/96/48895#BiochemicalReaction471,1,http://www.reactome.org/biopax/96/48895#Catalysis186
153,10827|15337|16391|16583|16588,15339|16343|16392,5,3,http://www.reactome.org/biopax/96/48895#BiochemicalReaction7727,1,http://www.reactome.org/biopax/96/48895#Catalysis3775
154,1725|14323|15210,14793|15263,3,2,http://www.reactome.org/biopax/96/48895#BiochemicalReaction1924,1,http://www.reactome.org/biopax/96/48895#Catalysis862
155,6714|15575|16343,16345,3,1,http://www.reactome.org/biopax/96/48895#BiochemicalReaction6348,1,http://www.reactome.org/biopax/96/48895#Catalysis2600
156,12678|13927|15879|16482,14143|14446|16574,4,3,http://www.reactome.org/biopax/96/48895#BiochemicalReaction2077,1,http://www.reactome.org/biopax/96/48895#Catalysis991
157,33|15685|16351,14323|15686|16453,3,3,http://www.reactome.org/biopax/96/48895#BiochemicalReaction8139,1,http://www.reactome.org/biopax/96/48895#Catalysis4147
158,497|11250,498,2,1,http://www.reactome.org/biopax/96/48895#BiochemicalReaction8851,1,http://www.reactome.org/biopax/96/48895#Control879
159,7452|10241|13927,10486|14446,3,2,http://www.reactome.org/biopax/96/48895#BiochemicalReaction54,1,http://www.reactome.org/biopax/96/48895#Catalysis22
160,6063|9447|16482,6062|10745,3,2,http://www.reactome.org/biopax/96/48895#BiochemicalReaction5666,1,http://www.reactome.org/biopax/96/48895#Catalysis2328
161,10818|14256|14793|16563,14195|16552,4,2,http://www.reactome.org/biopax/96/48895#BiochemicalReaction7676,1,http://www.reactome.org/biopax/96/48895#Catalysis3726
162,4475|4477|16376,4478,3,1,http://www.reactome.org/biopax/96/48895#BiochemicalReaction4238,1,http://www.reactome.org/biopax/96/48895#Control391
163,2099|12803,2101,2,1,http://www.reactome.org/biopax/96/48895#BiochemicalReaction2271,1,http://www.reactome.org/biopax/96/48895#Catalysis1078
164,11995|11997|13927,11996|14446,3,2,http://www.reactome.org/biopax/96/48895#BiochemicalReaction1238,1,http://www.reactome.org/biopax/96/48895#Control110
165,10864|14184|14793|16563,14362|15411|16552,4,3,http://www.reactome.org/biopax/96/48895#BiochemicalReaction7809,1,http://www.reactome.org/biopax/96/48895#Catalysis3849
166,497|11239,498,2,1,http://www.reactome.org/biopax/96/48895#BiochemicalReaction8851,1,http://www.reactome.org/biopax/96/48895#Control882
167,705|719|11623|11624|11627|11628,720,6,1,http://www.reactome.org/biopax/96/48895#BiochemicalReaction760,1,http://www.reactome.org/biopax/96/48895#Catalysis277
168,369|371|11136|11151|11152|11153|11154|11155|11156|11157|11158|11159|11161|11162|11163|16462,370|372|1470|1471|11138|11141|11143|11146|11149|16466|16514,16,11,http://www.reactome.org/biopax/96/48895#BiochemicalReaction8761,1,http://www.reactome.org/biopax/96/48895#Catalysis4721
169,1020|14312,14767,2,1,http://www.reactome.org/biopax/96/48895#BiochemicalReaction7176,1,http://www.reactome.org/biopax/96/48895#Catalysis3244
170,11328|14087|16482,9312|16574,3,2,http://www.reactome.org/biopax/96/48895#BiochemicalReaction8916,1,http://www.reactome.org/biopax/96/48895#Control913
171,11747|15476|16166,16167|16284,3,2,http://www.reactome.org/biopax/96/48895#BiochemicalReaction8623,1,http://www.reactome.org/biopax/96/48895#Catalysis4617
172,3792|13848|13927,3794|14446,3,2,http://www.reactome.org/biopax/96/48895#BiochemicalReaction3632,1,http://www.reactome.org/biopax/96/48895#Catalysis1671
173,13200|13201|16482,12798|15079,3,2,http://www.reactome.org/biopax/96/48895#BiochemicalReaction2759,1,http://www.reactome.org/biopax/96/48895#Catalysis1302
175,7920|14371|14873|15343|15607,14874|15321|16104,5,3,http://www.reactome.org/biopax/96/48895#BiochemicalReaction8579,1,http://www.reactome.org/biopax/96/48895#Catalysis4576
176,5157|13927,5159|14446,2,2,http://www.reactome.org/biopax/96/48895#BiochemicalReaction4839,1,http://www.reactome.org/biopax/96/48895#Catalysis2056
177,6409|9658|15939,6410|14254,3,2,http://www.reactome.org/biopax/96/48895#BiochemicalReaction6023,1,http://www.reactome.org/biopax/96/48895#Catalysis2480
178,2511|13098|16462,13099|16466,3,2,http://www.reactome.org/biopax/96/48895#BiochemicalReaction2604,1,http://www.reactome.org/biopax/96/48895#Catalysis1214
179,7134|10347|16351,9127,3,1,http://www.reactome.org/biopax/96/48895#BiochemicalReaction6862,-1,http://www.reactome.org/biopax/96/48895#Control627
180,7881|16337|16552,14793|15386|16563,3,3,http://www.reactome.org/biopax/96/48895#BiochemicalReaction7770,1,http://www.reactome.org/biopax/96/48895#Catalysis3814
181,7328|16253,14191|16254,2,2,http://www.reactome.org/biopax/96/48895#BiochemicalReaction8684,1,http://www.reactome.org/biopax/96/48895#Catalysis4678
182,5128|5132|13927,5130|14446,3,2,http://www.reactome.org/biopax/96/48895#BiochemicalReaction4808,-1,http://www.reactome.org/biopax/96/48895#Control440
183,1495|13927|14493,6380|14446,3,2,http://www.reactome.org/biopax/96/48895#BiochemicalReaction5987,1,http://www.reactome.org/biopax/96/48895#Control562
184,1072|8540|16504,4042|16514,3,2,http://www.reactome.org/biopax/96/48895#BiochemicalReaction3836,1,http://www.reactome.org/biopax/96/48895#Catalysis1747
185,3131|16462,3008|3132|4776|16466,2,4,http://www.reactome.org/biopax/96/48895#BiochemicalReaction3056,1,http://www.reactome.org/biopax/96/48895#Catalysis1454
186,5499|10044|11452,10110|11363,3,2,http://www.reactome.org/biopax/96/48895#BiochemicalReaction6629,1,http://www.reactome.org/biopax/96/48895#Catalysis2823
187,1984|12743,12737|12738|14187,2,3,http://www.reactome.org/biopax/96/48895#BiochemicalReaction2167,1,http://www.reactome.org/biopax/96/48895#Catalysis1051
188,6642,11600|13627|13903,1,3,http://www.reactome.org/biopax/96/48895#BiochemicalReaction6274,1,http://www.reactome.org/biopax/96/48895#Catalysis2574
189,813|14147,13928,2,1,http://www.reactome.org/biopax/96/48895#BiochemicalReaction836,1,http://www.reactome.org/biopax/96/48895#Catalysis330
190,1020|6883|8738,10112|11363,3,2,http://www.reactome.org/biopax/96/48895#BiochemicalReaction6631,1,http://www.reactome.org/biopax/96/48895#Catalysis2825
193,10730|14969|15112,15110|15568,3,2,http://www.reactome.org/biopax/96/48895#BiochemicalReaction7494,1,http://www.reactome.org/biopax/96/48895#Catalysis3551
194,6118|6124|13927,6125|14446,3,2,http://www.reactome.org/biopax/96/48895#BiochemicalReaction5710,1,http://www.reactome.org/biopax/96/48895#Catalysis2347
195,13635|13638,13637,2,1,http://www.reactome.org/biopax/96/48895#BiochemicalReaction3404,1,http://www.reactome.org/biopax/96/48895#Catalysis1566
196,10680|15042|16482,14490|14793|15043,3,3,http://www.reactome.org/biopax/96/48895#BiochemicalReaction7394,1,http://www.reactome.org/biopax/96/48895#Catalysis3451
197,13927|16533,14446|14654|14793,2,3,http://www.reactome.org/biopax/96/48895#BiochemicalReaction6981,-1,http://www.reactome.org/biopax/96/48895#Control666
198,5852|10363,9340,2,1,http://www.reactome.org/biopax/96/48895#BiochemicalReaction6881,1,http://www.reactome.org/biopax/96/48895#Control637
199,7385|15062|16482,14836|16574,3,2,http://www.reactome.org/biopax/96/48895#BiochemicalReaction7421,1,http://www.reactome.org/biopax/96/48895#Catalysis3478
200,7530|15029|15461,14793|15050|15465,3,3,http://www.reactome.org/biopax/96/48895#BiochemicalReaction7855,1,http://www.reactome.org/biopax/96/48895#Catalysis3895
201,7598|15527|16392,14317|14417|16391,3,3,http://www.reactome.org/biopax/96/48895#BiochemicalReaction7962,-1,http://www.reactome.org/biopax/96/48895#Control748
202,5545|13927,5546|14446,2,2,http://www.reactome.org/biopax/96/48895#BiochemicalReaction5183,1,http://www.reactome.org/biopax/96/48895#Catalysis2206
203,202|15912|15913,15857|15914|16482,3,3,http://www.reactome.org/biopax/96/48895#BiochemicalReaction8414,1,http://www.reactome.org/biopax/96/48895#Catalysis4415
204,5095|13927|16299,13979|14446,3,2,http://www.reactome.org/biopax/96/48895#BiochemicalReaction4780,1,http://www.reactome.org/biopax/96/48895#Catalysis2031
205,14120|14552|14793|15939,14120|15079,4,2,http://www.reactome.org/biopax/96/48895#BiochemicalReaction6477,-1,http://www.reactome.org/biopax/96/48895#Control601
206,8376|15203|16482,14403|16314,3,2,http://www.reactome.org/biopax/96/48895#BiochemicalReaction4697,1,http://www.reactome.org/biopax/96/48895#Catalysis1994
207,10188|15294,15516,2,1,http://www.reactome.org/biopax/96/48895#BiochemicalReaction7940,1,http://www.reactome.org/biopax/96/48895#Catalysis3970
208,4759|13927,4760|14446,2,2,http://www.reactome.org/biopax/96/48895#BiochemicalReaction4494,1,http://www.reactome.org/biopax/96/48895#Catalysis1945
209,498|500,499,2,1,http://www.reactome.org/biopax/96/48895#BiochemicalReaction8852,1,http://www.reactome.org/biopax/96/48895#Catalysis4750
212,204|14255|15915,15916,3,1,http://www.reactome.org/biopax/96/48895#BiochemicalReaction8416,1,http://www.reactome.org/biopax/96/48895#Catalysis4417
213,10825|15029|15349,14793|15050|15350,3,3,http://www.reactome.org/biopax/96/48895#BiochemicalReaction7736,1,http://www.reactome.org/biopax/96/48895#Catalysis3784
214,4872|13927,4873|14446,2,2,http://www.reactome.org/biopax/96/48895#BiochemicalReaction4590,1,http://www.reactome.org/biopax/96/48895#Catalysis1969
215,8058|12142|13998,12207|14008,3,2,http://www.reactome.org/biopax/96/48895#BiochemicalReaction1437,1,http://www.reactome.org/biopax/96/48895#Catalysis624
216,6582|13927,6583|14446,2,2,http://www.reactome.org/biopax/96/48895#BiochemicalReaction6195,1,http://www.reactome.org/biopax/96/48895#Catalysis2540
217,9969|9984|14108,9983|14324|16551,3,3,http://www.reactome.org/biopax/96/48895#BiochemicalReaction6540,1,http://www.reactome.org/biopax/96/48895#Catalysis2739
218,1208|1209,16382,2,1,http://www.reactome.org/biopax/96/48895#BiochemicalReaction1221,1,http://www.reactome.org/biopax/96/48895#Catalysis534
219,821|14147,13928,2,1,http://www.reactome.org/biopax/96/48895#BiochemicalReaction843,1,http://www.reactome.org/biopax/96/48895#Catalysis335
221,10803|15174|16482,15233|16574,3,2,http://www.reactome.org/biopax/96/48895#BiochemicalReaction7633,1,http://www.reactome.org/biopax/96/48895#Catalysis3685
222,1890|14793,14132,2,1,http://www.reactome.org/biopax/96/48895#BiochemicalReaction4950,1,http://www.reactome.org/biopax/96/48895#Catalysis2103
223,3303|3317|13927,3318|14446,3,2,http://www.reactome.org/biopax/96/48895#BiochemicalReaction3191,1,http://www.reactome.org/biopax/96/48895#Catalysis1495
224,12610|13986|14309,13990|14793,3,2,http://www.reactome.org/biopax/96/48895#BiochemicalReaction1937,1,http://www.reactome.org/biopax/96/48895#Catalysis875
225,3637|13669,13670|13671,2,2,http://www.reactome.org/biopax/96/48895#BiochemicalReaction3444,1,http://www.reactome.org/biopax/96/48895#Catalysis1576
226,7910|16081,7911|16082,2,2,http://www.reactome.org/biopax/96/48895#BiochemicalReaction8567,1,http://www.reactome.org/biopax/96/48895#Catalysis4564
227,157|13984|15294,13967|15889,3,2,http://www.reactome.org/biopax/96/48895#BiochemicalReaction8383,1,http://www.reactome.org/biopax/96/48895#Catalysis4384
228,7214|14652|14653,14654,3,1,http://www.reactome.org/biopax/96/48895#BiochemicalReaction6964,1,http://www.reactome.org/biopax/96/48895#Catalysis3045
229,2628|13927,13127|13128|14446,2,3,http://www.reactome.org/biopax/96/48895#BiochemicalReaction2629,1,http://www.reactome.org/biopax/96/48895#Catalysis1229
230,6883|11360,10067|11363,2,2,http://www.reactome.org/biopax/96/48895#BiochemicalReaction6596,1,http://www.reactome.org/biopax/96/48895#Catalysis2790
231,5467|16482,5468|16574,2,2,http://www.reactome.org/biopax/96/48895#BiochemicalReaction5114,1,http://www.reactome.org/biopax/96/48895#Catalysis2179
232,4018|4250,1403,2,1,http://www.reactome.org/biopax/96/48895#BiochemicalReaction4004,1,http://www.reactome.org/biopax/96/48895#Control379
233,1489|16434,14087,2,1,http://www.reactome.org/biopax/96/48895#BiochemicalReaction1511,1,http://www.reactome.org/biopax/96/48895#Catalysis647
235,2791|13208|16462|16504,2786|2792|13207|16422|16466|16514,4,6,http://www.reactome.org/biopax/96/48895#BiochemicalReaction2781,1,http://www.reactome.org/biopax/96/48895#Catalysis1313
236,7379|15103|16351,15053|15106,3,2,http://www.reactome.org/biopax/96/48895#BiochemicalReaction7486,1,http://www.reactome.org/biopax/96/48895#Catalysis3543
237,9005|9006|16467,5122,3,1,http://www.reactome.org/biopax/96/48895#BiochemicalReaction4801,1,http://www.reactome.org/biopax/96/48895#Control437
238,10416|10644|16462,10677|16466,3,2,http://www.reactome.org/biopax/96/48895#BiochemicalReaction414,1,http://www.reactome.org/biopax/96/48895#Catalysis149
240,5229|13927,5233|14446,2,2,http://www.reactome.org/biopax/96/48895#BiochemicalReaction4905,1,http://www.reactome.org/biopax/96/48895#Catalysis2085
241,1772|13927,1268|14446,2,2,http://www.reactome.org/biopax/96/48895#BiochemicalReaction1771,1,http://www.reactome.org/biopax/96/48895#Catalysis733
242,3596|11693,13672|13673,2,2,http://www.reactome.org/biopax/96/48895#BiochemicalReaction3445,1,http://www.reactome.org/biopax/96/48895#Catalysis1577
243,6819|9857|14508|14793|15050,9856|15029|16585,5,3,http://www.reactome.org/biopax/96/48895#BiochemicalReaction6431,1,http://www.reactome.org/biopax/96/48895#Catalysis2633
244,10466|14793|15376|16563,15377|16552,4,2,http://www.reactome.org/biopax/96/48895#BiochemicalReaction7764,1,http://www.reactome.org/biopax/96/48895#Catalysis3808
245,1072|4043|16504,4042|16514,3,2,http://www.reactome.org/biopax/96/48895#BiochemicalReaction3835,1,http://www.reactome.org/biopax/96/48895#Catalysis1746
246,364|13998,365|3288|7227|10581|14008,2,5,http://www.reactome.org/biopax/96/48895#BiochemicalReaction8756,1,http://www.reactome.org/biopax/96/48895#Catalysis4719
247,10587|14115|14752,14607|14753,3,2,http://www.reactome.org/biopax/96/48895#BiochemicalReaction7126,1,http://www.reactome.org/biopax/96/48895#Catalysis3194
248,14419|15527|15551,14317|14417|14420,3,3,http://www.reactome.org/biopax/96/48895#BiochemicalReaction7961,-1,http://www.reactome.org/biopax/96/48895#Control745
250,769|6103|6105,6104,3,1,http://www.reactome.org/biopax/96/48895#BiochemicalReaction5695,-1,http://www.reactome.org/biopax/96/48895#Control512
251,1854|14063|14297,14066|14237,3,2,http://www.reactome.org/biopax/96/48895#BiochemicalReaction8203,1,http://www.reactome.org/biopax/96/48895#Catalysis4211
252,10939|13927|15553,14446|14793|15554|16574,3,4,http://www.reactome.org/biopax/96/48895#BiochemicalReaction8024,1,http://www.reactome.org/biopax/96/48895#Catalysis4034
253,7461|7465|14430,7441|13945|14691|15202|15214,3,5,http://www.reactome.org/biopax/96/48895#BiochemicalReaction7614,1,http://www.reactome.org/biopax/96/48895#Catalysis3666
255,2855,2854|14270,1,2,http://www.reactome.org/biopax/96/48895#BiochemicalReaction2833,1,http://www.reactome.org/biopax/96/48895#Catalysis1345
256,14107|14438|15712,8219|14793|15723,3,3,http://www.reactome.org/biopax/96/48895#BiochemicalReaction7022,1,http://www.reactome.org/biopax/96/48895#Control679
257,10830|14195|14255|14793|16563,15323|16482|16552,5,3,http://www.reactome.org/biopax/96/48895#BiochemicalReaction7714,1,http://www.reactome.org/biopax/96/48895#Catalysis3762
258,5923|12304|15939,5924,3,1,http://www.reactome.org/biopax/96/48895#BiochemicalReaction5517,1,http://www.reactome.org/biopax/96/48895#Catalysis2263
259,3553|8746|13596,3556,3,1,http://www.reactome.org/biopax/96/48895#BiochemicalReaction3381,-1,http://www.reactome.org/biopax/96/48895#Control299
260,3689|13656|13787,3690,3,1,http://www.reactome.org/biopax/96/48895#BiochemicalReaction3528,-1,http://www.reactome.org/biopax/96/48895#Control324
261,889|15805|16482,15814|15824,3,2,http://www.reactome.org/biopax/96/48895#BiochemicalReaction921,1,http://www.reactome.org/biopax/96/48895#Catalysis382
262,9934|14587|14588,14589|16414,3,2,http://www.reactome.org/biopax/96/48895#BiochemicalReaction6508,1,http://www.reactome.org/biopax/96/48895#Catalysis2710
263,420|11192,421,2,1,http://www.reactome.org/biopax/96/48895#BiochemicalReaction8786,1,http://www.reactome.org/biopax/96/48895#Control848
264,3826|3827|13927,3827|14446,3,2,http://www.reactome.org/biopax/96/48895#BiochemicalReaction3668,1,http://www.reactome.org/biopax/96/48895#Catalysis1691
265,3055|16462,3056|16466,2,2,http://www.reactome.org/biopax/96/48895#BiochemicalReaction3002,1,http://www.reactome.org/biopax/96/48895#Catalysis1429
267,10756|15140|16482,15143|16574,3,2,http://www.reactome.org/biopax/96/48895#BiochemicalReaction7551,1,http://www.reactome.org/biopax/96/48895#Catalysis3607
268,12264|14907|15607|16423,14908|15321|16426,4,3,http://www.reactome.org/biopax/96/48895#BiochemicalReaction7294,1,http://www.reactome.org/biopax/96/48895#Catalysis3353
269,178|14417|15883,13970|15884,3,2,http://www.reactome.org/biopax/96/48895#BiochemicalReaction8375,1,http://www.reactome.org/biopax/96/48895#Catalysis4376
270,6490|13927,4461|6487|9700|14446,2,4,http://www.reactome.org/biopax/96/48895#BiochemicalReaction6098,1,http://www.reactome.org/biopax/96/48895#Catalysis2503
271,2376|16343|16344,16345|16347|16348,3,3,http://www.reactome.org/biopax/96/48895#BiochemicalReaction235,1,http://www.reactome.org/biopax/96/48895#Catalysis83
272,705|712|11623|11624|11627|11628,713,6,1,http://www.reactome.org/biopax/96/48895#BiochemicalReaction751,1,http://www.reactome.org/biopax/96/48895#Catalysis269
273,11718|12134|16482,11719|16574,3,2,http://www.reactome.org/biopax/96/48895#BiochemicalReaction880,1,http://www.reactome.org/biopax/96/48895#Catalysis346
275,5148|13927|16299,13979|14446,3,2,http://www.reactome.org/biopax/96/48895#BiochemicalReaction4827,1,http://www.reactome.org/biopax/96/48895#Catalysis2050
276,12683|16378,14343,2,1,http://www.reactome.org/biopax/96/48895#BiochemicalReaction2085,1,http://www.reactome.org/biopax/96/48895#Catalysis996
277,4529|13927,4530|14446,2,2,http://www.reactome.org/biopax/96/48895#BiochemicalReaction4277,1,http://www.reactome.org/biopax/96/48895#Catalysis1883
278,6104|13927,6106|14446,2,2,http://www.reactome.org/biopax/96/48895#BiochemicalReaction5696,1,http://www.reactome.org/biopax/96/48895#Catalysis2337
279,10226|13927|15591,10229|15592|16482,3,3,http://www.reactome.org/biopax/96/48895#BiochemicalReaction8059,1,http://www.reactome.org/biopax/96/48895#Control785
280,10937|15545|16393,14417|14926,3,2,http://www.reactome.org/biopax/96/48895#BiochemicalReaction8015,1,http://www.reactome.org/biopax/96/48895#Catalysis4027
281,11006|15788|15814,13967|15789,3,2,http://www.reactome.org/biopax/96/48895#BiochemicalReaction8268,1,http://www.reactome.org/biopax/96/48895#Catalysis4273
282,10271|10609|13927,10617|14446,3,2,http://www.reactome.org/biopax/96/48895#BiochemicalReaction404,1,http://www.reactome.org/biopax/96/48895#Catalysis143
283,13840|13841|13927,13842|14446,3,2,http://www.reactome.org/biopax/96/48895#BiochemicalReaction3616,1,http://www.reactome.org/biopax/96/48895#Catalysis1665
284,1673|11432|11441,6394,3,1,http://www.reactome.org/biopax/96/48895#BiochemicalReaction542,1,http://www.reactome.org/biopax/96/48895#Control40
286,13949|14446|14654|14793,13927|15294,4,2,http://www.reactome.org/biopax/96/48895#BiochemicalReaction6990,1,http://www.reactome.org/biopax/96/48895#Control671
287,12264|15607|16423|16425,15321|16426|16427,4,3,http://www.reactome.org/biopax/96/48895#BiochemicalReaction1499,1,http://www.reactome.org/biopax/96/48895#Catalysis642
289,10340|10341|14188,9383|10342,3,2,http://www.reactome.org/biopax/96/48895#BiochemicalReaction6855,-1,http://www.reactome.org/biopax/96/48895#Control615
290,9393|9395|16462,9394|16466,3,2,http://www.reactome.org/biopax/96/48895#BiochemicalReaction5581,1,http://www.reactome.org/biopax/96/48895#Catalysis2298
291,10650|14894|15607|16423,14895|15321|16426,4,3,http://www.reactome.org/biopax/96/48895#BiochemicalReaction7283,1,http://www.reactome.org/biopax/96/48895#Catalysis3342
292,305|14109|16417,14699|16197,3,2,http://www.reactome.org/biopax/96/48895#BiochemicalReaction8645,1,http://www.reactome.org/biopax/96/48895#Catalysis4639
293,7212|14652|15029|16574,14651|14793|15050,4,3,http://www.reactome.org/biopax/96/48895#BiochemicalReaction6984,1,http://www.reactome.org/biopax/96/48895#Catalysis3063
294,6993|16504,6994|7939,2,2,http://www.reactome.org/biopax/96/48895#BiochemicalReaction6727,1,http://www.reactome.org/biopax/96/48895#Catalysis2910
295,1178|14255|16563,14793|16377|16552,3,3,http://www.reactome.org/biopax/96/48895#BiochemicalReaction1194,1,http://www.reactome.org/biopax/96/48895#Catalysis523
296,3587|3592,3594|13628,2,2,http://www.reactome.org/biopax/96/48895#BiochemicalReaction3397,1,http://www.reactome.org/biopax/96/48895#Catalysis1561
297,11104|15142|16210,15274|16211,3,2,http://www.reactome.org/biopax/96/48895#BiochemicalReaction8654,1,http://www.reactome.org/biopax/96/48895#Catalysis4648
298,11837|11842,988,2,1,http://www.reactome.org/biopax/96/48895#BiochemicalReaction1030,1,http://www.reactome.org/biopax/96/48895#Control74
299,5136|13927,5137|14446,2,2,http://www.reactome.org/biopax/96/48895#BiochemicalReaction4813,1,http://www.reactome.org/biopax/96/48895#Catalysis2045
300,778|16462,779|16466,2,2,http://www.reactome.org/biopax/96/48895#BiochemicalReaction814,1,http://www.reactome.org/biopax/96/48895#Catalysis317
301,9340|10360,10364,2,1,http://www.reactome.org/biopax/96/48895#BiochemicalReaction6883,1,http://www.reactome.org/biopax/96/48895#Catalysis2994
302,9084|9093|16351,5571,3,1,http://www.reactome.org/biopax/96/48895#BiochemicalReaction5206,-1,http://www.reactome.org/biopax/96/48895#Control474
303,11311|11327|13927,11326|14446,3,2,http://www.reactome.org/biopax/96/48895#BiochemicalReaction8914,1,http://www.reactome.org/biopax/96/48895#Catalysis4781
304,505|11257,6716,2,1,http://www.reactome.org/biopax/96/48895#BiochemicalReaction8855,1,http://www.reactome.org/biopax/96/48895#Control905
305,451|10272|13927,455|14446,3,2,http://www.reactome.org/biopax/96/48895#BiochemicalReaction8819,1,http://www.reactome.org/biopax/96/48895#Catalysis4736
306,11657|13993|14297,13994|14237,3,2,http://www.reactome.org/biopax/96/48895#BiochemicalReaction1940,1,http://www.reactome.org/biopax/96/48895#Catalysis878
307,4529|4531|13927,4530|14446,3,2,http://www.reactome.org/biopax/96/48895#BiochemicalReaction4277,-1,http://www.reactome.org/biopax/96/48895#Control399
308,4948|4949|8242,4946|8562|8948,3,3,http://www.reactome.org/biopax/96/48895#BiochemicalReaction4658,-1,http://www.reactome.org/biopax/96/48895#Control425
309,2700|16482,2701|16574,2,2,http://www.reactome.org/biopax/96/48895#BiochemicalReaction2692,1,http://www.reactome.org/biopax/96/48895#Catalysis1268
310,2760|5621,2529|10745|13103,2,3,http://www.reactome.org/biopax/96/48895#BiochemicalReaction2752,1,http://www.reactome.org/biopax/96/48895#Catalysis1299
311,1314|10745,1315,2,1,http://www.reactome.org/biopax/96/48895#BiochemicalReaction1309,1,http://www.reactome.org/biopax/96/48895#Catalysis558
312,260|16021|16026,13982|16022|16577,3,3,http://www.reactome.org/biopax/96/48895#BiochemicalReaction8520,1,http://www.reactome.org/biopax/96/48895#Catalysis4519
313,11770|14793|15614|16482,14734|15615,4,2,http://www.reactome.org/biopax/96/48895#BiochemicalReaction8077,1,http://www.reactome.org/biopax/96/48895#Catalysis4085
314,2623|13127|13927,2643|14446,3,2,http://www.reactome.org/biopax/96/48895#BiochemicalReaction2645,1,http://www.reactome.org/biopax/96/48895#Catalysis1237
315,2965|13258|16462,13259|16466,3,2,http://www.reactome.org/biopax/96/48895#BiochemicalReaction2920,1,http://www.reactome.org/biopax/96/48895#Catalysis1390
316,10846|15383|16391|16583|16588,15384|16343|16392,5,3,http://www.reactome.org/biopax/96/48895#BiochemicalReaction7769,1,http://www.reactome.org/biopax/96/48895#Control715
317,7346|14943|16343,14944,3,1,http://www.reactome.org/biopax/96/48895#BiochemicalReaction7329,1,http://www.reactome.org/biopax/96/48895#Catalysis3388
319,7865|15086|16482,14530|15092,3,2,http://www.reactome.org/biopax/96/48895#BiochemicalReaction7463,1,http://www.reactome.org/biopax/96/48895#Catalysis3520
321,1913|13927|13928|14793|16482,14147|14323|14446|16574,5,4,http://www.reactome.org/biopax/96/48895#BiochemicalReaction2072,1,http://www.reactome.org/biopax/96/48895#Catalysis987
322,10826|14793|15326|16563,15327|16552,4,2,http://www.reactome.org/biopax/96/48895#BiochemicalReaction7718,1,http://www.reactome.org/biopax/96/48895#Catalysis3766
324,5102|10745,5103,2,1,http://www.reactome.org/biopax/96/48895#BiochemicalReaction4787,1,http://www.reactome.org/biopax/96/48895#Catalysis2034
325,908|13927|16301|16482,14446|16302|16303,4,3,http://www.reactome.org/biopax/96/48895#BiochemicalReaction971,1,http://www.reactome.org/biopax/96/48895#Catalysis424
326,6138|14176,9479|9480|11688,2,3,http://www.reactome.org/biopax/96/48895#BiochemicalReaction5734,1,http://www.reactome.org/biopax/96/48895#Catalysis2357
327,5499|8711,10113|11363,2,2,http://www.reactome.org/biopax/96/48895#BiochemicalReaction6632,1,http://www.reactome.org/biopax/96/48895#Catalysis2826
328,4472|13927,4013|14446,2,2,http://www.reactome.org/biopax/96/48895#BiochemicalReaction4233,1,http://www.reactome.org/biopax/96/48895#Catalysis1865
329,10510|10513|14104,10512|14324|16551,3,3,http://www.reactome.org/biopax/96/48895#BiochemicalReaction7055,1,http://www.reactome.org/biopax/96/48895#Catalysis3131
330,10199|10202|14321,10200|14322,3,2,http://www.reactome.org/biopax/96/48895#BiochemicalReaction6739,1,http://www.reactome.org/biopax/96/48895#Catalysis2918
331,2926|9992,2927|13246,2,2,http://www.reactome.org/biopax/96/48895#BiochemicalReaction2892,1,http://www.reactome.org/biopax/96/48895#Catalysis1377
332,755|12356|13927,12357|14446,3,2,http://www.reactome.org/biopax/96/48895#BiochemicalReaction1605,1,http://www.reactome.org/biopax/96/48895#Catalysis688
333,7186|14117|16541,7188|14793|15723,3,3,http://www.reactome.org/biopax/96/48895#BiochemicalReaction6941,1,http://www.reactome.org/biopax/96/48895#Control644
334,3687|8831,8832|13792,2,2,http://www.reactome.org/biopax/96/48895#BiochemicalReaction4353,1,http://www.reactome.org/biopax/96/48895#Catalysis1920
335,880|5352|15939,1331|14254,3,2,http://www.reactome.org/biopax/96/48895#BiochemicalReaction5008,1,http://www.reactome.org/biopax/96/48895#Catalysis2126
336,6325|13927,6329|14446,2,2,http://www.reactome.org/biopax/96/48895#BiochemicalReaction5909,1,http://www.reactome.org/biopax/96/48895#Catalysis2419
337,10642|14255|15443,15444,3,1,http://www.reactome.org/biopax/96/48895#BiochemicalReaction7839,1,http://www.reactome.org/biopax/96/48895#Catalysis3879
338,11762|13927|14858|16482,14429|14446|14793|16574,4,4,http://www.reactome.org/biopax/96/48895#BiochemicalReaction7251,1,http://www.reactome.org/biopax/96/48895#Catalysis3310
339,12466|13927|16471,14446|16473,3,2,http://www.reactome.org/biopax/96/48895#BiochemicalReaction1749,1,http://www.reactome.org/biopax/96/48895#Catalysis730
340,10611|13927|14362|15298,14308|15079|15299,4,3,http://www.reactome.org/biopax/96/48895#BiochemicalReaction7696,1,http://www.reactome.org/biopax/96/48895#Catalysis3744
341,6464|15939,6465|14254,2,2,http://www.reactome.org/biopax/96/48895#BiochemicalReaction6074,1,http://www.reactome.org/biopax/96/48895#Catalysis2497
342,7132|10347|16351,9127,3,1,http://www.reactome.org/biopax/96/48895#BiochemicalReaction6861,1,http://www.reactome.org/biopax/96/48895#Catalysis2978
343,1560|5552|15939,1561|14254,3,2,http://www.reactome.org/biopax/96/48895#BiochemicalReaction5188,1,http://www.reactome.org/biopax/96/48895#Catalysis2207
344,6848|13927|14543,14446|14555|14793,3,3,http://www.reactome.org/biopax/96/48895#BiochemicalReaction6481,1,http://www.reactome.org/biopax/96/48895#Catalysis2683
345,12640|14055|14297,14056|14237,3,2,http://www.reactome.org/biopax/96/48895#BiochemicalReaction1988,1,http://www.reactome.org/biopax/96/48895#Catalysis923
346,6495|16462,6496|16466,2,2,http://www.reactome.org/biopax/96/48895#BiochemicalReaction6103,1,http://www.reactome.org/biopax/96/48895#Catalysis2504
347,408|11498|16462,409|14078,3,2,http://www.reactome.org/biopax/96/48895#BiochemicalReaction8780,1,http://www.reactome.org/biopax/96/48895#Catalysis4729
348,7250|7817|14430,7818|14686,3,2,http://www.reactome.org/biopax/96/48895#BiochemicalReaction7028,1,http://www.reactome.org/biopax/96/48895#Catalysis3106
349,7325|14852|16482,14853,3,1,http://www.reactome.org/biopax/96/48895#BiochemicalReaction7246,1,http://www.reactome.org/biopax/96/48895#Catalysis3305
350,9975|9983|14108,9985|14324|16551,3,3,http://www.reactome.org/biopax/96/48895#BiochemicalReaction6541,1,http://www.reactome.org/biopax/96/48895#Catalysis2740
351,1057|1058|11899|11900|11902,1059|11901,5,2,http://www.reactome.org/biopax/96/48895#BiochemicalReaction1086,-1,http://www.reactome.org/biopax/96/48895#Control83
353,497|11243,498,2,1,http://www.reactome.org/biopax/96/48895#BiochemicalReaction8851,1,http://www.reactome.org/biopax/96/48895#Control870
354,15|14793|15626|16482,14734|15621,4,2,http://www.reactome.org/biopax/96/48895#BiochemicalReaction8089,1,http://www.reactome.org/biopax/96/48895#Catalysis4097
355,6813|9821|14506|15607|16040,6814|14507|15321,5,3,http://www.reactome.org/biopax/96/48895#BiochemicalReaction6408,1,http://www.reactome.org/biopax/96/48895#Catalysis2619
356,5499|8709,11363|12238,2,2,http://www.reactome.org/biopax/96/48895#BiochemicalReaction1478,1,http://www.reactome.org/biopax/96/48895#Catalysis637
357,3573|13617|13618,3578,3,1,http://www.reactome.org/biopax/96/48895#BiochemicalReaction3391,-1,http://www.reactome.org/biopax/96/48895#Control302
358,1627|1629|14019,1630,3,1,http://www.reactome.org/biopax/96/48895#BiochemicalReaction1634,1,http://www.reactome.org/biopax/96/48895#Control164
360,10684|14196|15046,14362|15047,3,2,http://www.reactome.org/biopax/96/48895#BiochemicalReaction7400,1,http://www.reactome.org/biopax/96/48895#Catalysis3457
361,7922|14873|15343|15607|16108,14874|15321|16109,5,3,http://www.reactome.org/biopax/96/48895#BiochemicalReaction8582,1,http://www.reactome.org/biopax/96/48895#Catalysis4579
362,697|11300|13927,540|14446,3,2,http://www.reactome.org/biopax/96/48895#BiochemicalReaction8880,-1,http://www.reactome.org/biopax/96/48895#Control908
363,3803|6167|10745,6168,3,1,http://www.reactome.org/biopax/96/48895#BiochemicalReaction5760,1,http://www.reactome.org/biopax/96/48895#Catalysis2369
364,7148|10389,10369|10390|10391|12368,2,4,http://www.reactome.org/biopax/96/48895#BiochemicalReaction6900,1,http://www.reactome.org/biopax/96/48895#Catalysis3002
365,236|16406|16482,14024|16598,3,2,http://www.reactome.org/biopax/96/48895#BiochemicalReaction8470,1,http://www.reactome.org/biopax/96/48895#Catalysis4471
366,7455|7456|14430,7457|14715,3,2,http://www.reactome.org/biopax/96/48895#BiochemicalReaction7608,1,http://www.reactome.org/biopax/96/48895#Catalysis3660
367,10636|14255|14793|15325|16563,15326|16482|16552,5,3,http://www.reactome.org/biopax/96/48895#BiochemicalReaction7717,1,http://www.reactome.org/biopax/96/48895#Catalysis3765
368,1962|12727,1964,2,1,http://www.reactome.org/biopax/96/48895#BiochemicalReaction2147,1,http://www.reactome.org/biopax/96/48895#Control219
369,12901|13491,13439|13509,2,2,http://www.reactome.org/biopax/96/48895#BiochemicalReaction203,-1,http://www.reactome.org/biopax/96/48895#Control10
370,5503|10745,5504,2,1,http://www.reactome.org/biopax/96/48895#BiochemicalReaction5147,1,http://www.reactome.org/biopax/96/48895#Catalysis2191
371,5621|6185,6169|10745,2,2,http://www.reactome.org/biopax/96/48895#BiochemicalReaction5782,1,http://www.reactome.org/biopax/96/48895#Catalysis2377
372,4497|12005|16482,4519|16574,3,2,http://www.reactome.org/biopax/96/48895#BiochemicalReaction4269,1,http://www.reactome.org/biopax/96/48895#Catalysis1879
373,7608|13941|14419,14420|14647|16588,3,3,http://www.reactome.org/biopax/96/48895#BiochemicalReaction7971,1,http://www.reactome.org/biopax/96/48895#Catalysis3999
374,6544|13927,6545|14446,2,2,http://www.reactome.org/biopax/96/48895#BiochemicalReaction6140,1,http://www.reactome.org/biopax/96/48895#Catalysis2511
376,10463|13927|16515,14446|14793|16541,3,3,http://www.reactome.org/biopax/96/48895#BiochemicalReaction6975,1,http://www.reactome.org/biopax/96/48895#Catalysis3054
377,12688|14087,12685|12689,2,2,http://www.reactome.org/biopax/96/48895#BiochemicalReaction2093,1,http://www.reactome.org/biopax/96/48895#Control205
378,13841|13927,8953|14446,2,2,http://www.reactome.org/biopax/96/48895#BiochemicalReaction4677,1,http://www.reactome.org/biopax/96/48895#Catalysis1989
379,4816|13927,4817|14446,2,2,http://www.reactome.org/biopax/96/48895#BiochemicalReaction4537,1,http://www.reactome.org/biopax/96/48895#Catalysis1954
380,6010|13927,6011|14446,2,2,http://www.reactome.org/biopax/96/48895#BiochemicalReaction5614,1,http://www.reactome.org/biopax/96/48895#Catalysis2311
381,11745|15420|15476,15526|16284,3,2,http://www.reactome.org/biopax/96/48895#BiochemicalReaction909,1,http://www.reactome.org/biopax/96/48895#Catalysis371
383,11013|15801,128,2,1,http://www.reactome.org/biopax/96/48895#BiochemicalReaction8287,1,http://www.reactome.org/biopax/96/48895#Catalysis4289
384,7905|10226|16580,10229|16482,3,2,http://www.reactome.org/biopax/96/48895#BiochemicalReaction361,1,http://www.reactome.org/biopax/96/48895#Catalysis126
385,2977|16462,2978|16466,2,2,http://www.reactome.org/biopax/96/48895#BiochemicalReaction2929,1,http://www.reactome.org/biopax/96/48895#Catalysis1395
386,286|15029|16133,14793|15050|16134,3,3,http://www.reactome.org/biopax/96/48895#BiochemicalReaction8604,1,http://www.reactome.org/biopax/96/48895#Catalysis4600
387,1706|5143|15939,1707|14254,3,2,http://www.reactome.org/biopax/96/48895#BiochemicalReaction4821,1,http://www.reactome.org/biopax/96/48895#Catalysis2048
388,1308|12067|13927,1317|12061|12066|14446,3,4,http://www.reactome.org/biopax/96/48895#BiochemicalReaction1312,1,http://www.reactome.org/biopax/96/48895#Catalysis560
389,11305|15803|16482,14477|14793|16272,3,3,http://www.reactome.org/biopax/96/48895#BiochemicalReaction8888,1,http://www.reactome.org/biopax/96/48895#Catalysis4767
390,6065|10745,6066,2,1,http://www.reactome.org/biopax/96/48895#BiochemicalReaction5664,1,http://www.reactome.org/biopax/96/48895#Catalysis2326
391,11107|14635,16216|16219,2,2,http://www.reactome.org/biopax/96/48895#BiochemicalReaction8664,1,http://www.reactome.org/biopax/96/48895#Catalysis4658
393,7493|10836,7492,2,1,http://www.reactome.org/biopax/96/48895#BiochemicalReaction7747,1,http://www.reactome.org/biopax/96/48895#Catalysis3795
394,2577|2579|13074|16504,2578|16514,4,2,http://www.reactome.org/biopax/96/48895#BiochemicalReaction2574,1,http://www.reactome.org/biopax/96/48895#Catalysis1194
395,12608|13955|14297,13956|14237,3,2,http://www.reactome.org/biopax/96/48895#BiochemicalReaction1935,1,http://www.reactome.org/biopax/96/48895#Catalysis873
396,3587|8527,8528,2,1,http://www.reactome.org/biopax/96/48895#BiochemicalReaction3823,1,http://www.reactome.org/biopax/96/48895#Catalysis1739
397,6348|16482,6349|16574,2,2,http://www.reactome.org/biopax/96/48895#BiochemicalReaction5934,1,http://www.reactome.org/biopax/96/48895#Catalysis2430
398,6690|13927,6691|14446,2,2,http://www.reactome.org/biopax/96/48895#BiochemicalReaction6326,1,http://www.reactome.org/biopax/96/48895#Catalysis2592
400,7737|9566|16482,9567|14490,3,2,http://www.reactome.org/biopax/96/48895#BiochemicalReaction5878,1,http://www.reactome.org/biopax/96/48895#Catalysis2410
401,12566|14343,16378,2,1,http://www.reactome.org/biopax/96/48895#BiochemicalReaction1879,1,http://www.reactome.org/biopax/96/48895#Catalysis817
402,348|13927,688|14446,2,2,http://www.reactome.org/biopax/96/48895#BiochemicalReaction8936,1,http://www.reactome.org/biopax/96/48895#Catalysis4790
404,7310|14255|14803,15512,3,1,http://www.reactome.org/biopax/96/48895#BiochemicalReaction7893,1,http://www.reactome.org/biopax/96/48895#Catalysis3933
405,11459|11496|13927,11488|14446,3,2,http://www.reactome.org/biopax/96/48895#BiochemicalReaction67,1,http://www.reactome.org/biopax/96/48895#Catalysis27
406,6202|6204|15551,6203|16475|16588,3,3,http://www.reactome.org/biopax/96/48895#BiochemicalReaction5802,1,http://www.reactome.org/biopax/96/48895#Catalysis2388
407,7131|10346|16351,10347,3,1,http://www.reactome.org/biopax/96/48895#BiochemicalReaction6860,1,http://www.reactome.org/biopax/96/48895#Catalysis2977
408,11459|11500,11448,2,1,http://www.reactome.org/biopax/96/48895#BiochemicalReaction68,1,http://www.reactome.org/biopax/96/48895#Catalysis28
409,7880|15383|16391|16583|16588,15384|16343|16392,5,3,http://www.reactome.org/biopax/96/48895#BiochemicalReaction7769,1,http://www.reactome.org/biopax/96/48895#Catalysis3813
410,10508|10511|14104,10510|14324|16551,3,3,http://www.reactome.org/biopax/96/48895#BiochemicalReaction7054,1,http://www.reactome.org/biopax/96/48895#Catalysis3130
411,10718|13972|14294,14836|15095,3,2,http://www.reactome.org/biopax/96/48895#BiochemicalReaction7469,1,http://www.reactome.org/biopax/96/48895#Catalysis3526
412,3385|13470|13471|15939,3387|14254|16574,4,3,http://www.reactome.org/biopax/96/48895#BiochemicalReaction3236,1,http://www.reactome.org/biopax/96/48895#Catalysis1513
413,2378|12949|15939,2379|12948|14254,3,3,http://www.reactome.org/biopax/96/48895#BiochemicalReaction2421,1,http://www.reactome.org/biopax/96/48895#Catalysis1123
414,5499|6884,6891|11363,2,2,http://www.reactome.org/biopax/96/48895#BiochemicalReaction6637,1,http://www.reactome.org/biopax/96/48895#Catalysis2831
415,4907|13927,4908|14446,2,2,http://www.reactome.org/biopax/96/48895#BiochemicalReaction4622,1,http://www.reactome.org/biopax/96/48895#Catalysis1979
416,2924|14279,2925|14078,2,2,http://www.reactome.org/biopax/96/48895#BiochemicalReaction2890,1,http://www.reactome.org/biopax/96/48895#Catalysis1376
417,14255|14793|15407|16511|16563,15408|16482|16552,5,3,http://www.reactome.org/biopax/96/48895#BiochemicalReaction7805,1,http://www.reactome.org/biopax/96/48895#Control725
418,1844|13941|16324,13940|14417,3,2,http://www.reactome.org/biopax/96/48895#BiochemicalReaction1921,1,http://www.reactome.org/biopax/96/48895#Catalysis859
419,320|7613|10905,7612|11109,3,2,http://www.reactome.org/biopax/96/48895#BiochemicalReaction8692,1,http://www.reactome.org/biopax/96/48895#Control845
420,3320|3321|15939,3322|14254,3,2,http://www.reactome.org/biopax/96/48895#BiochemicalReaction3193,1,http://www.reactome.org/biopax/96/48895#Catalysis1496
421,891|15845|16482,14309|15850,3,2,http://www.reactome.org/biopax/96/48895#BiochemicalReaction923,1,http://www.reactome.org/biopax/96/48895#Catalysis384
422,2666|11261|13998,2667|14008,3,2,http://www.reactome.org/biopax/96/48895#BiochemicalReaction2665,1,http://www.reactome.org/biopax/96/48895#Catalysis1248
423,1966|12745,1990|16480|16486,2,3,http://www.reactome.org/biopax/96/48895#BiochemicalReaction2172,1,http://www.reactome.org/biopax/96/48895#Control227
424,7339|14183|15021,15022,3,1,http://www.reactome.org/biopax/96/48895#BiochemicalReaction7375,1,http://www.reactome.org/biopax/96/48895#Catalysis3432
425,4502|10696|16504,4434|9992,3,2,http://www.reactome.org/biopax/96/48895#BiochemicalReaction420,1,http://www.reactome.org/biopax/96/48895#Catalysis154
426,10591|14097|14737,14096|14757,3,2,http://www.reactome.org/biopax/96/48895#BiochemicalReaction7129,1,http://www.reactome.org/biopax/96/48895#Catalysis3197
427,6325|6328|13927,6329|14446,3,2,http://www.reactome.org/biopax/96/48895#BiochemicalReaction5909,-1,http://www.reactome.org/biopax/96/48895#Control550
428,19|15633|16482,15635|16574,3,2,http://www.reactome.org/biopax/96/48895#BiochemicalReaction8095,1,http://www.reactome.org/biopax/96/48895#Catalysis4103
429,3629|12011,13717|13718,2,2,http://www.reactome.org/biopax/96/48895#BiochemicalReaction3467,1,http://www.reactome.org/biopax/96/48895#Catalysis1598
430,161|11025|14419,10318|14420|16588,3,3,http://www.reactome.org/biopax/96/48895#BiochemicalReaction8342,1,http://www.reactome.org/biopax/96/48895#Catalysis4343
431,5268|9036|13927,5277|14446,3,2,http://www.reactome.org/biopax/96/48895#BiochemicalReaction4945,1,http://www.reactome.org/biopax/96/48895#Catalysis2101
432,10457|14655|15321,14155|14656,3,2,http://www.reactome.org/biopax/96/48895#BiochemicalReaction6968,1,http://www.reactome.org/biopax/96/48895#Catalysis3049
433,2677|13127|13927,2678|14446,3,2,http://www.reactome.org/biopax/96/48895#BiochemicalReaction2674,1,http://www.reactome.org/biopax/96/48895#Catalysis1254
434,1179|1200,1201|16574,2,2,http://www.reactome.org/biopax/96/48895#BiochemicalReaction1206,1,http://www.reactome.org/biopax/96/48895#Control103
435,4519|12294|16482,4494|16574,3,2,http://www.reactome.org/biopax/96/48895#BiochemicalReaction4270,1,http://www.reactome.org/biopax/96/48895#Catalysis1880
436,7290|14801|16482,14058|16574,3,2,http://www.reactome.org/biopax/96/48895#BiochemicalReaction7190,1,http://www.reactome.org/biopax/96/48895#Catalysis3258
437,3219|13362|14419,13363|14298,3,2,http://www.reactome.org/biopax/96/48895#BiochemicalReaction3129,1,http://www.reactome.org/biopax/96/48895#Catalysis1481
438,7219,10461|10462,1,2,http://www.reactome.org/biopax/96/48895#BiochemicalReaction6973,1,http://www.reactome.org/biopax/96/48895#Catalysis3053
440,6498|16328|16329,6499|12167|16331|16332|16420,3,5,http://www.reactome.org/biopax/96/48895#BiochemicalReaction6105,1,http://www.reactome.org/biopax/96/48895#Catalysis2505
441,7256|14622|16551,14112|14698,3,2,http://www.reactome.org/biopax/96/48895#BiochemicalReaction7052,1,http://www.reactome.org/biopax/96/48895#Catalysis3128
442,2964|16462,2965|16466,2,2,http://www.reactome.org/biopax/96/48895#BiochemicalReaction2918,1,http://www.reactome.org/biopax/96/48895#Catalysis1389
443,7385|15076|16482,14350|16574,3,2,http://www.reactome.org/biopax/96/48895#BiochemicalReaction7444,1,http://www.reactome.org/biopax/96/48895#Catalysis3501
444,10745|11419|11937,11935,3,1,http://www.reactome.org/biopax/96/48895#BiochemicalReaction1147,1,http://www.reactome.org/biopax/96/48895#Catalysis491
445,8072|12220|16504,8073|16421,3,2,http://www.reactome.org/biopax/96/48895#BiochemicalReaction1451,1,http://www.reactome.org/biopax/96/48895#Catalysis634
446,5442|13527|13927,9072|14446,3,2,http://www.reactome.org/biopax/96/48895#BiochemicalReaction5093,1,http://www.reactome.org/biopax/96/48895#Catalysis2170
447,1302|12057,1303,2,1,http://www.reactome.org/biopax/96/48895#BiochemicalReaction1298,1,http://www.reactome.org/biopax/96/48895#Control123
448,2912,2911|2913|9992,1,3,http://www.reactome.org/biopax/96/48895#BiochemicalReaction2881,1,http://www.reactome.org/biopax/96/48895#Catalysis1371
449,5173|12142|13998,12160|14008,3,2,http://www.reactome.org/biopax/96/48895#BiochemicalReaction1412,1,http://www.reactome.org/biopax/96/48895#Catalysis602
450,5523|5525|13927,5524|14446,3,2,http://www.reactome.org/biopax/96/48895#BiochemicalReaction5162,-1,http://www.reactome.org/biopax/96/48895#Control469
451,1051|16462,2500|16466,2,2,http://www.reactome.org/biopax/96/48895#BiochemicalReaction2915,1,http://www.reactome.org/biopax/96/48895#Catalysis1387
452,10761|15154|16482,14058|15037,3,2,http://www.reactome.org/biopax/96/48895#BiochemicalReaction7566,1,http://www.reactome.org/biopax/96/48895#Catalysis3621
453,11090|13927|14362|16439,14308|14357|15079,4,3,http://www.reactome.org/biopax/96/48895#BiochemicalReaction8603,1,http://www.reactome.org/biopax/96/48895#Catalysis4599
454,2530|13056|16462,2531|16466,3,2,http://www.reactome.org/biopax/96/48895#BiochemicalReaction2532,1,http://www.reactome.org/biopax/96/48895#Catalysis1176
455,3522|5128|13927,5132|14446,3,2,http://www.reactome.org/biopax/96/48895#BiochemicalReaction4828,1,http://www.reactome.org/biopax/96/48895#Catalysis2051
456,924|11794|16504,926|16514,3,2,http://www.reactome.org/biopax/96/48895#BiochemicalReaction987,1,http://www.reactome.org/biopax/96/48895#Catalysis433
457,2318|2319|2324,2323,3,1,http://www.reactome.org/biopax/96/48895#BiochemicalReaction2392,-1,http://www.reactome.org/biopax/96/48895#Control243
458,10996|15551|15763,16345|16391|16475|16588,3,4,http://www.reactome.org/biopax/96/48895#BiochemicalReaction8232,1,http://www.reactome.org/biopax/96/48895#Catalysis4239
459,2592|13086|14020,2593|14028,3,2,http://www.reactome.org/biopax/96/48895#BiochemicalReaction2586,1,http://www.reactome.org/biopax/96/48895#Catalysis1202
460,5776|9259|16445,5778,3,1,http://www.reactome.org/biopax/96/48895#BiochemicalReaction5387,-1,http://www.reactome.org/biopax/96/48895#Control495
461,10698|14184|15411,14362|15412,3,2,http://www.reactome.org/biopax/96/48895#BiochemicalReaction7810,1,http://www.reactome.org/biopax/96/48895#Catalysis3850
462,10590|14115|14737,14607|14752,3,2,http://www.reactome.org/biopax/96/48895#BiochemicalReaction7125,1,http://www.reactome.org/biopax/96/48895#Catalysis3193
463,9989|9993|14104,9991|14324,3,2,http://www.reactome.org/biopax/96/48895#BiochemicalReaction6544,1,http://www.reactome.org/biopax/96/48895#Catalysis2741
464,3599|3600|13927,3596|14446,3,2,http://www.reactome.org/biopax/96/48895#BiochemicalReaction3401,1,http://www.reactome.org/biopax/96/48895#Catalysis1563
465,7311|14840|14841,14842|14843|15321,3,3,http://www.reactome.org/biopax/96/48895#BiochemicalReaction7231,-1,http://www.reactome.org/biopax/96/48895#Control688
466,622|10708|13927,10709|14446,3,2,http://www.reactome.org/biopax/96/48895#BiochemicalReaction7442,1,http://www.reactome.org/biopax/96/48895#Catalysis3499
467,4560|4581|13927,645|8808|14446,3,3,http://www.reactome.org/biopax/96/48895#BiochemicalReaction4327,1,http://www.reactome.org/biopax/96/48895#Catalysis1907
468,5257|10340|10341,9383|10342,3,2,http://www.reactome.org/biopax/96/48895#BiochemicalReaction6855,-1,http://www.reactome.org/biopax/96/48895#Control617
469,11722|14297|14980,14237|14989,3,2,http://www.reactome.org/biopax/96/48895#BiochemicalReaction884,1,http://www.reactome.org/biopax/96/48895#Catalysis347
470,5062|13927,5066|14446,2,2,http://www.reactome.org/biopax/96/48895#BiochemicalReaction4754,1,http://www.reactome.org/biopax/96/48895#Catalysis2021
471,5110|13998,5121|14008,2,2,http://www.reactome.org/biopax/96/48895#BiochemicalReaction465,1,http://www.reactome.org/biopax/96/48895#Catalysis182
472,14308|14446|16482,14073|16574,3,2,http://www.reactome.org/biopax/96/48895#BiochemicalReaction8093,1,http://www.reactome.org/biopax/96/48895#Control791
473,1662|4479,4488,2,1,http://www.reactome.org/biopax/96/48895#BiochemicalReaction4251,1,http://www.reactome.org/biopax/96/48895#Catalysis1874
474,5499|8761|10044,10148|11363,3,2,http://www.reactome.org/biopax/96/48895#BiochemicalReaction6665,1,http://www.reactome.org/biopax/96/48895#Catalysis2858
475,2769|6270,1060|9992|11566,2,3,http://www.reactome.org/biopax/96/48895#BiochemicalReaction2767,1,http://www.reactome.org/biopax/96/48895#Catalysis1306
476,14282|15660|16504,15661|16422|16514,3,3,http://www.reactome.org/biopax/96/48895#BiochemicalReaction8117,1,http://www.reactome.org/biopax/96/48895#Control794
477,5499|10041|10043,10042|11363,3,2,http://www.reactome.org/biopax/96/48895#BiochemicalReaction6580,1,http://www.reactome.org/biopax/96/48895#Catalysis2774
478,1920|14297,14237,2,1,http://www.reactome.org/biopax/96/48895#BiochemicalReaction2083,1,http://www.reactome.org/biopax/96/48895#Catalysis994
479,5462|10745|13916,5464,3,1,http://www.reactome.org/biopax/96/48895#BiochemicalReaction5110,1,http://www.reactome.org/biopax/96/48895#Catalysis2177
480,12958|13289|13927,12959|14446,3,2,http://www.reactome.org/biopax/96/48895#BiochemicalReaction2428,1,http://www.reactome.org/biopax/96/48895#Catalysis1130
481,7310|14255|15448|15493,15496|15506,4,2,http://www.reactome.org/biopax/96/48895#BiochemicalReaction7887,1,http://www.reactome.org/biopax/96/48895#Catalysis3927
482,2601|13039|13927,2602|14446,3,2,http://www.reactome.org/biopax/96/48895#BiochemicalReaction2593,1,http://www.reactome.org/biopax/96/48895#Catalysis1204
483,104|15780|16552,14793|15779|16563,3,3,http://www.reactome.org/biopax/96/48895#BiochemicalReaction8257,1,http://www.reactome.org/biopax/96/48895#Catalysis4262
484,3836|16299,13979,2,1,http://www.reactome.org/biopax/96/48895#BiochemicalReaction3676,1,http://www.reactome.org/biopax/96/48895#Catalysis1694
485,7139|10363,9340,2,1,http://www.reactome.org/biopax/96/48895#BiochemicalReaction6881,1,http://www.reactome.org/biopax/96/48895#Control636
486,116|11011|16547,11010|15798|15799,3,3,http://www.reactome.org/biopax/96/48895#BiochemicalReaction8280,1,http://www.reactome.org/biopax/96/48895#Catalysis4284
487,6939|16482,6940|10745,2,2,http://www.reactome.org/biopax/96/48895#BiochemicalReaction6701,1,http://www.reactome.org/biopax/96/48895#Catalysis2888
488,981|7861|8746|11231|11352,982,5,1,http://www.reactome.org/biopax/96/48895#BiochemicalReaction1027,-1,http://www.reactome.org/biopax/96/48895#Control73
489,7912|14873|15343|15607|16090,14874|15321|16062|16091,5,4,http://www.reactome.org/biopax/96/48895#BiochemicalReaction8571,1,http://www.reactome.org/biopax/96/48895#Catalysis4568
491,3053|16462,3050|13287|16466,2,3,http://www.reactome.org/biopax/96/48895#BiochemicalReaction2999,1,http://www.reactome.org/biopax/96/48895#Catalysis1427
492,69|70,71|10983|10985,2,3,http://www.reactome.org/biopax/96/48895#BiochemicalReaction8196,1,http://www.reactome.org/biopax/96/48895#Catalysis4204
493,1062|16462,1063|16466,2,2,http://www.reactome.org/biopax/96/48895#BiochemicalReaction1088,1,http://www.reactome.org/biopax/96/48895#Catalysis475
494,10593|16472|16482,16471|16574,3,2,http://www.reactome.org/biopax/96/48895#BiochemicalReaction7138,1,http://www.reactome.org/biopax/96/48895#Catalysis3206
495,6878|10014|14621,10015|14096|16551,3,3,http://www.reactome.org/biopax/96/48895#BiochemicalReaction6562,1,http://www.reactome.org/biopax/96/48895#Catalysis2756
496,2512|13039|13927,2513|14446,3,2,http://www.reactome.org/biopax/96/48895#BiochemicalReaction2515,1,http://www.reactome.org/biopax/96/48895#Catalysis1171
497,1974|12734,11915,2,1,http://www.reactome.org/biopax/96/48895#BiochemicalReaction2154,1,http://www.reactome.org/biopax/96/48895#Catalysis1045
498,14417|15843|16348|16404|16588,13970|15842|16343,5,3,http://www.reactome.org/biopax/96/48895#BiochemicalReaction8330,-1,http://www.reactome.org/biopax/96/48895#Control812
499,5374,5375|9054,1,2,http://www.reactome.org/biopax/96/48895#BiochemicalReaction5026,1,http://www.reactome.org/biopax/96/48895#Catalysis2136
500,6590|6591|13927,6592|14446,3,2,http://www.reactome.org/biopax/96/48895#BiochemicalReaction6221,-1,http://www.reactome.org/biopax/96/48895#Control576
501,2159|13927,2160|14446,2,2,http://www.reactome.org/biopax/96/48895#BiochemicalReaction2305,1,http://www.reactome.org/biopax/96/48895#Catalysis1091
502,6639|6793,6790|6794|11135,2,3,http://www.reactome.org/biopax/96/48895#BiochemicalReaction6388,1,http://www.reactome.org/biopax/96/48895#Catalysis2610
503,11586|14900|14901,14902|14903,3,2,http://www.reactome.org/biopax/96/48895#BiochemicalReaction7290,1,http://www.reactome.org/biopax/96/48895#Catalysis3349
504,7600|10317|14417|16588,10893|14317,4,2,http://www.reactome.org/biopax/96/48895#BiochemicalReaction7964,1,http://www.reactome.org/biopax/96/48895#Catalysis3992
505,6594|13927|14308,3905|14446,3,2,http://www.reactome.org/biopax/96/48895#BiochemicalReaction6224,1,http://www.reactome.org/biopax/96/48895#Control577
506,755|12358|13927,12359|14446,3,2,http://www.reactome.org/biopax/96/48895#BiochemicalReaction1606,1,http://www.reactome.org/biopax/96/48895#Catalysis689
507,7908|14873|15343|15607|16071,14874|15321|16072,5,3,http://www.reactome.org/biopax/96/48895#BiochemicalReaction8562,1,http://www.reactome.org/biopax/96/48895#Catalysis4559
508,5847|9307|14445,5846,3,1,http://www.reactome.org/biopax/96/48895#BiochemicalReaction5450,1,http://www.reactome.org/biopax/96/48895#Control497
509,10416|13271|16462,11374|16466,3,2,http://www.reactome.org/biopax/96/48895#BiochemicalReaction2947,1,http://www.reactome.org/biopax/96/48895#Catalysis1404
510,478|7951|16482,7952|14099|14106|14308|16433,3,5,http://www.reactome.org/biopax/96/48895#BiochemicalReaction8839,1,http://www.reactome.org/biopax/96/48895#Catalysis4743
511,3767|3768|3770,3769,3,1,http://www.reactome.org/biopax/96/48895#BiochemicalReaction3606,-1,http://www.reactome.org/biopax/96/48895#Control333
512,7236|14102,14117,2,1,http://www.reactome.org/biopax/96/48895#BiochemicalReaction7002,1,http://www.reactome.org/biopax/96/48895#Catalysis3081
513,10948|14684|15591,10949|15592|16482,3,3,http://www.reactome.org/biopax/96/48895#BiochemicalReaction8058,-1,http://www.reactome.org/biopax/96/48895#Control784
514,10816|15279,15280,2,1,http://www.reactome.org/biopax/96/48895#BiochemicalReaction7675,1,http://www.reactome.org/biopax/96/48895#Catalysis3725
515,10638|14255|15455,15457,3,1,http://www.reactome.org/biopax/96/48895#BiochemicalReaction7850,1,http://www.reactome.org/biopax/96/48895#Catalysis3890
516,149|14793|15833,15836|16424,3,2,http://www.reactome.org/biopax/96/48895#BiochemicalReaction8321,1,http://www.reactome.org/biopax/96/48895#Catalysis4322
518,5621|6063,9444|9446|10745,2,3,http://www.reactome.org/biopax/96/48895#BiochemicalReaction5662,1,http://www.reactome.org/biopax/96/48895#Catalysis2325
519,11534|11933|16462,11938|16466,3,2,http://www.reactome.org/biopax/96/48895#BiochemicalReaction1148,1,http://www.reactome.org/biopax/96/48895#Catalysis492
521,7430|15145|16482,15138|16574,3,2,http://www.reactome.org/biopax/96/48895#BiochemicalReaction7552,1,http://www.reactome.org/biopax/96/48895#Catalysis3608
522,6876|14539|14618|14793,14619|15079,4,2,http://www.reactome.org/biopax/96/48895#BiochemicalReaction6558,1,http://www.reactome.org/biopax/96/48895#Catalysis2752
523,10594|14764|16462,14765|16422|16466,3,3,http://www.reactome.org/biopax/96/48895#BiochemicalReaction7149,1,http://www.reactome.org/biopax/96/48895#Catalysis3217
524,705|709|11623|11624|11627|11628|11634,710,7,1,http://www.reactome.org/biopax/96/48895#BiochemicalReaction747,1,http://www.reactome.org/biopax/96/48895#Catalysis265
525,7846|14255|14463|14793|16563,14883|16482|16552,5,3,http://www.reactome.org/biopax/96/48895#BiochemicalReaction7275,1,http://www.reactome.org/biopax/96/48895#Catalysis3334
526,7392|15114|16351,15053|15115,3,2,http://www.reactome.org/biopax/96/48895#BiochemicalReaction7497,1,http://www.reactome.org/biopax/96/48895#Catalysis3554
527,13972|14173,14027,2,1,http://www.reactome.org/biopax/96/48895#BiochemicalReaction8404,1,http://www.reactome.org/biopax/96/48895#Control815
528,3018|3021|14279,3019|14078,3,2,http://www.reactome.org/biopax/96/48895#BiochemicalReaction2969,1,http://www.reactome.org/biopax/96/48895#Catalysis1415
529,1906|11683|13927,1907|14446,3,2,http://www.reactome.org/biopax/96/48895#BiochemicalReaction3088,1,http://www.reactome.org/biopax/96/48895#Catalysis1469
530,11108|13455|16462,13456|16466,3,2,http://www.reactome.org/biopax/96/48895#BiochemicalReaction3834,1,http://www.reactome.org/biopax/96/48895#Catalysis1745
531,5079|13927,5081|14446,2,2,http://www.reactome.org/biopax/96/48895#BiochemicalReaction4763,1,http://www.reactome.org/biopax/96/48895#Catalysis2024
532,1119|2477,2478,2,1,http://www.reactome.org/biopax/96/48895#BiochemicalReaction2476,1,http://www.reactome.org/biopax/96/48895#Catalysis1149
533,1910|13927|13928|14237|16482,14147|14297|14446|16574,5,4,http://www.reactome.org/biopax/96/48895#BiochemicalReaction2069,1,http://www.reactome.org/biopax/96/48895#Catalysis985
534,1662|12364|16376,4487,3,1,http://www.reactome.org/biopax/96/48895#BiochemicalReaction4250,1,http://www.reactome.org/biopax/96/48895#Control392
535,5409|12323|13927|13979,5410|14446,4,2,http://www.reactome.org/biopax/96/48895#BiochemicalReaction5060,1,http://www.reactome.org/biopax/96/48895#Catalysis2156
537,12643|14057|14323,14058|14793,3,2,http://www.reactome.org/biopax/96/48895#BiochemicalReaction1991,1,http://www.reactome.org/biopax/96/48895#Catalysis926
538,2623|13052|13139,2639,3,1,http://www.reactome.org/biopax/96/48895#BiochemicalReaction2642,1,http://www.reactome.org/biopax/96/48895#Control262
539,11105|15142|16212,15274|16213,3,2,http://www.reactome.org/biopax/96/48895#BiochemicalReaction8655,1,http://www.reactome.org/biopax/96/48895#Catalysis4649
540,11076|14287|14357,14362|16028,3,2,http://www.reactome.org/biopax/96/48895#BiochemicalReaction8527,1,http://www.reactome.org/biopax/96/48895#Catalysis4526
541,10815|14793|15264|16563,15265|16552,4,2,http://www.reactome.org/biopax/96/48895#BiochemicalReaction7663,1,http://www.reactome.org/biopax/96/48895#Catalysis3713
542,2038|14162|14255,7567|16408,3,2,http://www.reactome.org/biopax/96/48895#BiochemicalReaction7929,1,http://www.reactome.org/biopax/96/48895#Catalysis3960
543,1069|5173|13998,1071|14008,3,2,http://www.reactome.org/biopax/96/48895#BiochemicalReaction1092,1,http://www.reactome.org/biopax/96/48895#Catalysis478
544,173|4382|8245|13927,173|4383|14308|15079,4,4,http://www.reactome.org/biopax/96/48895#BiochemicalReaction4134,1,http://www.reactome.org/biopax/96/48895#Catalysis1833
545,4948|8242,4946|8562|8948,2,3,http://www.reactome.org/biopax/96/48895#BiochemicalReaction4658,1,http://www.reactome.org/biopax/96/48895#Catalysis1984
546,3288|6899|16476,6899|14078,3,2,http://www.reactome.org/biopax/96/48895#BiochemicalReaction604,1,http://www.reactome.org/biopax/96/48895#Catalysis218
547,10962|14297|15708,14237|16327,3,2,http://www.reactome.org/biopax/96/48895#BiochemicalReaction8151,1,http://www.reactome.org/biopax/96/48895#Catalysis4159
548,160|14417|15849,13970|15851,3,2,http://www.reactome.org/biopax/96/48895#BiochemicalReaction8338,1,http://www.reactome.org/biopax/96/48895#Catalysis4339
549,11622|14287,14288,2,1,http://www.reactome.org/biopax/96/48895#BiochemicalReaction746,1,http://www.reactome.org/biopax/96/48895#Catalysis264
550,1064|9992,2770,2,1,http://www.reactome.org/biopax/96/48895#BiochemicalReaction2768,1,http://www.reactome.org/biopax/96/48895#Catalysis1307
551,3988|10302|16583|16588,10309|16343|16591,4,3,http://www.reactome.org/biopax/96/48895#BiochemicalReaction372,1,http://www.reactome.org/biopax/96/48895#Catalysis132
552,10862|14184|14793|16563,14362|15411|16552,4,3,http://www.reactome.org/biopax/96/48895#BiochemicalReaction7808,1,http://www.reactome.org/biopax/96/48895#Catalysis3848
553,10992|15756|16351,14323|15759|15760,3,3,http://www.reactome.org/biopax/96/48895#BiochemicalReaction8226,1,http://www.reactome.org/biopax/96/48895#Catalysis4233
554,5946|10357,9342,2,1,http://www.reactome.org/biopax/96/48895#BiochemicalReaction6876,1,http://www.reactome.org/biopax/96/48895#Control629
556,10703|14294|16522,14462|15071,3,2,http://www.reactome.org/biopax/96/48895#BiochemicalReaction7433,1,http://www.reactome.org/biopax/96/48895#Catalysis3490
557,11746|15712|16031,14793|15723|16051|16068,3,4,http://www.reactome.org/biopax/96/48895#BiochemicalReaction934,1,http://www.reactome.org/biopax/96/48895#Catalysis395
558,2192|2197|2198|2199|2200|2201|2204,2202,7,1,http://www.reactome.org/biopax/96/48895#BiochemicalReaction2320,1,http://www.reactome.org/biopax/96/48895#Control239
560,14184|14808|14916,14362|14917,3,2,http://www.reactome.org/biopax/96/48895#BiochemicalReaction7302,-1,http://www.reactome.org/biopax/96/48895#Control690
561,8028|8282,8272,2,1,http://www.reactome.org/biopax/96/48895#BiochemicalReaction222,1,http://www.reactome.org/biopax/96/48895#Catalysis70
563,4644|11261|13998,5142|14008,3,2,http://www.reactome.org/biopax/96/48895#BiochemicalReaction467,1,http://www.reactome.org/biopax/96/48895#Catalysis184
564,124|1984,125|16480|16486,2,3,http://www.reactome.org/biopax/96/48895#BiochemicalReaction8284,1,http://www.reactome.org/biopax/96/48895#Catalysis4286
565,880|4287|15939,1331|14254,3,2,http://www.reactome.org/biopax/96/48895#BiochemicalReaction4036,1,http://www.reactome.org/biopax/96/48895#Catalysis1788
566,5167|13927,5168|14446,2,2,http://www.reactome.org/biopax/96/48895#BiochemicalReaction4847,1,http://www.reactome.org/biopax/96/48895#Catalysis2060
567,7242|14675|14684,14685|14793|15069,3,3,http://www.reactome.org/biopax/96/48895#BiochemicalReaction7020,1,http://www.reactome.org/biopax/96/48895#Catalysis3099
568,1117|12747|14186|16540,1997,4,1,http://www.reactome.org/biopax/96/48895#BiochemicalReaction2180,1,http://www.reactome.org/biopax/96/48895#Control228
569,3316|5962|15939,3313|14254,3,2,http://www.reactome.org/biopax/96/48895#BiochemicalReaction5567,1,http://www.reactome.org/biopax/96/48895#Catalysis2293
570,10346|14634|16351,10347,3,1,http://www.reactome.org/biopax/96/48895#BiochemicalReaction6859,-1,http://www.reactome.org/biopax/96/48895#Control624
571,1020|5499|10089,10158|11363,3,2,http://www.reactome.org/biopax/96/48895#BiochemicalReaction6674,1,http://www.reactome.org/biopax/96/48895#Catalysis2867
572,6868|7793|14430,14608|14609,3,2,http://www.reactome.org/biopax/96/48895#BiochemicalReaction6523,1,http://www.reactome.org/biopax/96/48895#Catalysis2723
573,10661|14961|16393,14926|14963,3,2,http://www.reactome.org/biopax/96/48895#BiochemicalReaction7343,1,http://www.reactome.org/biopax/96/48895#Catalysis3402
574,887|13927|16052|16482,14446|16053|16574,4,3,http://www.reactome.org/biopax/96/48895#BiochemicalReaction8552,1,http://www.reactome.org/biopax/96/48895#Catalysis4549
575,554|564|16482,555|563|16574,3,3,http://www.reactome.org/biopax/96/48895#BiochemicalReaction8917,1,http://www.reactome.org/biopax/96/48895#Control915
576,14087|14297,14237,2,1,http://www.reactome.org/biopax/96/48895#BiochemicalReaction2089,-1,http://www.reactome.org/biopax/96/48895#Control204
577,2382|13333|16351,13879|13880,3,2,http://www.reactome.org/biopax/96/48895#BiochemicalReaction245,1,http://www.reactome.org/biopax/96/48895#Catalysis93
578,11057|14297|15980,14237|15978,3,2,http://www.reactome.org/biopax/96/48895#BiochemicalReaction8483,1,http://www.reactome.org/biopax/96/48895#Catalysis4483
580,4460|14793,16564,2,1,http://www.reactome.org/biopax/96/48895#BiochemicalReaction4217,1,http://www.reactome.org/biopax/96/48895#Catalysis1856
581,7563|15829|16563,16412|16552,3,2,http://www.reactome.org/biopax/96/48895#BiochemicalReaction8313,1,http://www.reactome.org/biopax/96/48895#Catalysis4314
582,9821|9828|14506|15607|16040,9829|14507|15321,5,3,http://www.reactome.org/biopax/96/48895#BiochemicalReaction6410,1,http://www.reactome.org/biopax/96/48895#Catalysis2621
583,6883|6897|8738,6898|11363,3,2,http://www.reactome.org/biopax/96/48895#BiochemicalReaction6651,1,http://www.reactome.org/biopax/96/48895#Catalysis2846
584,2932|16462,2933|13245|16466,2,3,http://www.reactome.org/biopax/96/48895#BiochemicalReaction2895,1,http://www.reactome.org/biopax/96/48895#Catalysis1378
585,6826|9876|16328|16329,9877|16331|16332,4,3,http://www.reactome.org/biopax/96/48895#BiochemicalReaction6444,1,http://www.reactome.org/biopax/96/48895#Catalysis2646
586,432|1020|11137|11188,433|7026|7353,4,3,http://www.reactome.org/biopax/96/48895#BiochemicalReaction8794,1,http://www.reactome.org/biopax/96/48895#Control857
587,2624|13927,2626|13126|14446,2,3,http://www.reactome.org/biopax/96/48895#BiochemicalReaction2625,1,http://www.reactome.org/biopax/96/48895#Catalysis1226
589,5499|8756|10145,10144|11363,3,2,http://www.reactome.org/biopax/96/48895#BiochemicalReaction6662,1,http://www.reactome.org/biopax/96/48895#Catalysis2855
590,7661|15554|16424,14793|15555,3,2,http://www.reactome.org/biopax/96/48895#BiochemicalReaction8025,1,http://www.reactome.org/biopax/96/48895#Catalysis4035
591,965|11817|14255|16324,11819|16325|16424,4,3,http://www.reactome.org/biopax/96/48895#BiochemicalReaction1014,1,http://www.reactome.org/biopax/96/48895#Catalysis439
592,5386|13927,5387|14446,2,2,http://www.reactome.org/biopax/96/48895#BiochemicalReaction5039,1,http://www.reactome.org/biopax/96/48895#Catalysis2144
593,12674|13927|16322|16482,14139|14446|14793|16574,4,4,http://www.reactome.org/biopax/96/48895#BiochemicalReaction2066,1,http://www.reactome.org/biopax/96/48895#Catalysis982
594,12525|13927|16482|16520,14446|16358|16574,4,3,http://www.reactome.org/biopax/96/48895#BiochemicalReaction1819,1,http://www.reactome.org/biopax/96/48895#Catalysis763
595,9057|13927,9058|14446,2,2,http://www.reactome.org/biopax/96/48895#BiochemicalReaction5047,1,http://www.reactome.org/biopax/96/48895#Catalysis2150
596,3751|13828|13927,3752|14446,3,2,http://www.reactome.org/biopax/96/48895#BiochemicalReaction3594,1,http://www.reactome.org/biopax/96/48895#Catalysis1653
597,2856,590|14276,1,2,http://www.reactome.org/biopax/96/48895#BiochemicalReaction2834,1,http://www.reactome.org/biopax/96/48895#Catalysis1346
598,2422|12972|16482,2423|16574,3,2,http://www.reactome.org/biopax/96/48895#BiochemicalReaction2441,1,http://www.reactome.org/biopax/96/48895#Control246
599,10474|14673,14675,2,1,http://www.reactome.org/biopax/96/48895#BiochemicalReaction7007,1,http://www.reactome.org/biopax/96/48895#Catalysis3086
600,13525,12919|13546,1,2,http://www.reactome.org/biopax/96/48895#BiochemicalReaction206,1,http://www.reactome.org/biopax/96/48895#Catalysis55
601,12631|16494,16515,2,1,http://www.reactome.org/biopax/96/48895#BiochemicalReaction1971,1,http://www.reactome.org/biopax/96/48895#Control186
602,7267|14430|14706,14691|14707,3,2,http://www.reactome.org/biopax/96/48895#BiochemicalReaction7080,1,http://www.reactome.org/biopax/96/48895#Catalysis3151
603,10980|15732,59,2,1,http://www.reactome.org/biopax/96/48895#BiochemicalReaction8183,1,http://www.reactome.org/biopax/96/48895#Catalysis4191
604,3658|13927,3659|14446,2,2,http://www.reactome.org/biopax/96/48895#BiochemicalReaction3496,1,http://www.reactome.org/biopax/96/48895#Catalysis1614
605,13131|13136|16462,13137|16466,3,2,http://www.reactome.org/biopax/96/48895#BiochemicalReaction2638,1,http://www.reactome.org/biopax/96/48895#Catalysis1235
606,4731|13927,4732|14446,2,2,http://www.reactome.org/biopax/96/48895#BiochemicalReaction4468,1,http://www.reactome.org/biopax/96/48895#Catalysis1941
607,10870|14255|14793|15475|16563,15477|16482|16552,5,3,http://www.reactome.org/biopax/96/48895#BiochemicalReaction7865,1,http://www.reactome.org/biopax/96/48895#Catalysis3905
609,7286|16470|16482,16469|16574,3,2,http://www.reactome.org/biopax/96/48895#BiochemicalReaction7161,1,http://www.reactome.org/biopax/96/48895#Catalysis3229
610,4633|16504,4625|10605|10724|16514,2,4,http://www.reactome.org/biopax/96/48895#BiochemicalReaction425,1,http://www.reactome.org/biopax/96/48895#Catalysis157
611,5306|13927,5307|14446,2,2,http://www.reactome.org/biopax/96/48895#BiochemicalReaction4968,1,http://www.reactome.org/biopax/96/48895#Catalysis2114
612,897|14446|15595,13927|15593,3,2,http://www.reactome.org/biopax/96/48895#BiochemicalReaction8064,1,http://www.reactome.org/biopax/96/48895#Catalysis4072
613,1979|13927|16482|16539,14446|16540|16574,4,3,http://www.reactome.org/biopax/96/48895#BiochemicalReaction2159,1,http://www.reactome.org/biopax/96/48895#Catalysis1048
614,1052|14020,1053|14028,2,2,http://www.reactome.org/biopax/96/48895#BiochemicalReaction1082,1,http://www.reactome.org/biopax/96/48895#Catalysis473
615,4614|13793|13830,4615,3,1,http://www.reactome.org/biopax/96/48895#BiochemicalReaction4368,-1,http://www.reactome.org/biopax/96/48895#Control406
616,5499|10071|13302,10073|11363,3,2,http://www.reactome.org/biopax/96/48895#BiochemicalReaction6599,1,http://www.reactome.org/biopax/96/48895#Catalysis2793
617,10685|14196|15121,14362|15122,3,2,http://www.reactome.org/biopax/96/48895#BiochemicalReaction7504,1,http://www.reactome.org/biopax/96/48895#Catalysis3561
618,6186|14470|15029,14471|14793|15050,3,3,http://www.reactome.org/biopax/96/48895#BiochemicalReaction5783,1,http://www.reactome.org/biopax/96/48895#Catalysis2378
619,3639|13707,13708|13709,2,2,http://www.reactome.org/biopax/96/48895#BiochemicalReaction3463,1,http://www.reactome.org/biopax/96/48895#Catalysis1594
620,1845|14323|15206,14793|15252,3,2,http://www.reactome.org/biopax/96/48895#BiochemicalReaction1922,1,http://www.reactome.org/biopax/96/48895#Catalysis860
621,7344|14941|15568,14484|14942,3,2,http://www.reactome.org/biopax/96/48895#BiochemicalReaction7327,1,http://www.reactome.org/biopax/96/48895#Catalysis3386
622,3187|14291|16482,14292|14293,3,2,http://www.reactome.org/biopax/96/48895#BiochemicalReaction3094,1,http://www.reactome.org/biopax/96/48895#Catalysis1472
623,5140|13927,5141|14446,2,2,http://www.reactome.org/biopax/96/48895#BiochemicalReaction4819,1,http://www.reactome.org/biopax/96/48895#Catalysis2047
624,546|11011|16271,11013|15803,3,2,http://www.reactome.org/biopax/96/48895#BiochemicalReaction8887,1,http://www.reactome.org/biopax/96/48895#Catalysis4766
626,3031|11374|16462,3032|16466,3,2,http://www.reactome.org/biopax/96/48895#BiochemicalReaction2980,1,http://www.reactome.org/biopax/96/48895#Catalysis1418
627,7083|7089,7090|9111,2,2,http://www.reactome.org/biopax/96/48895#BiochemicalReaction6819,-1,http://www.reactome.org/biopax/96/48895#Control610
628,4975|8245,4949,2,1,http://www.reactome.org/biopax/96/48895#BiochemicalReaction4674,1,http://www.reactome.org/biopax/96/48895#Catalysis1986
629,3052|16462,3054|16466,2,2,http://www.reactome.org/biopax/96/48895#BiochemicalReaction3000,1,http://www.reactome.org/biopax/96/48895#Catalysis1428
630,9885|14519|16482,14520|16439,3,2,http://www.reactome.org/biopax/96/48895#BiochemicalReaction6451,1,http://www.reactome.org/biopax/96/48895#Catalysis2653
631,7348|14958|16393,14926|14959,3,2,http://www.reactome.org/biopax/96/48895#BiochemicalReaction7340,1,http://www.reactome.org/biopax/96/48895#Catalysis3399
632,6202|9530|16418|16588,10888|14317,4,2,http://www.reactome.org/biopax/96/48895#BiochemicalReaction7944,1,http://www.reactome.org/biopax/96/48895#Catalysis3974
633,5104,5106|16574,1,2,http://www.reactome.org/biopax/96/48895#BiochemicalReaction4788,1,http://www.reactome.org/biopax/96/48895#Catalysis2035
634,891|16351|16394,14211|16218,3,2,http://www.reactome.org/biopax/96/48895#BiochemicalReaction8662,1,http://www.reactome.org/biopax/96/48895#Catalysis4656
635,13329|13927|16432,13331|14446,3,2,http://www.reactome.org/biopax/96/48895#BiochemicalReaction3072,-1,http://www.reactome.org/biopax/96/48895#Control278
636,140|15826|16552,14793|16324|16424|16563,3,4,http://www.reactome.org/biopax/96/48895#BiochemicalReaction8308,1,http://www.reactome.org/biopax/96/48895#Catalysis4309
637,5574|13927,5575|14446,2,2,http://www.reactome.org/biopax/96/48895#BiochemicalReaction5209,1,http://www.reactome.org/biopax/96/48895#Catalysis2216
638,7179|16409,7178|10433|10434|10435|10436|10437|10438|10439,2,8,http://www.reactome.org/biopax/96/48895#BiochemicalReaction6934,1,http://www.reactome.org/biopax/96/48895#Catalysis3016
639,10323|11688|15607,11954|16396,3,2,http://www.reactome.org/biopax/96/48895#BiochemicalReaction6846,1,http://www.reactome.org/biopax/96/48895#Catalysis2968
640,231|7600|14419,10314|14420|16588,3,3,http://www.reactome.org/biopax/96/48895#BiochemicalReaction8464,1,http://www.reactome.org/biopax/96/48895#Catalysis4465
641,3532|6277,1025,2,1,http://www.reactome.org/biopax/96/48895#BiochemicalReaction5850,1,http://www.reactome.org/biopax/96/48895#Control534
642,7912|14873|15343|15451|15607,14874|15321|16092,5,3,http://www.reactome.org/biopax/96/48895#BiochemicalReaction8572,1,http://www.reactome.org/biopax/96/48895#Catalysis4569
643,7340|13927|14357|16518,14446|14793|14808|16574,4,4,http://www.reactome.org/biopax/96/48895#BiochemicalReaction7307,1,http://www.reactome.org/biopax/96/48895#Control693
644,10584|13927|14731,14446|14676,3,2,http://www.reactome.org/biopax/96/48895#BiochemicalReaction7113,1,http://www.reactome.org/biopax/96/48895#Catalysis3181
646,6379|10272|16482,11987|16574,3,2,http://www.reactome.org/biopax/96/48895#BiochemicalReaction5986,1,http://www.reactome.org/biopax/96/48895#Catalysis2461
647,5472|11360|14051,5477,3,1,http://www.reactome.org/biopax/96/48895#BiochemicalReaction491,1,http://www.reactome.org/biopax/96/48895#Control32
648,6555|9711,6556,2,1,http://www.reactome.org/biopax/96/48895#BiochemicalReaction6153,1,http://www.reactome.org/biopax/96/48895#Catalysis2518
649,12351|16446|16482,14793|16448|16449,3,3,http://www.reactome.org/biopax/96/48895#BiochemicalReaction1601,1,http://www.reactome.org/biopax/96/48895#Catalysis685
650,7208|13949|16482,14649,3,1,http://www.reactome.org/biopax/96/48895#BiochemicalReaction6959,1,http://www.reactome.org/biopax/96/48895#Catalysis3040
651,6270|12789,9992,2,1,http://www.reactome.org/biopax/96/48895#BiochemicalReaction2242,1,http://www.reactome.org/biopax/96/48895#Catalysis1067
652,7463|7820|14430,7464|14693,3,2,http://www.reactome.org/biopax/96/48895#BiochemicalReaction7612,1,http://www.reactome.org/biopax/96/48895#Catalysis3664
653,7336|14880|16482,14884,3,1,http://www.reactome.org/biopax/96/48895#BiochemicalReaction7276,1,http://www.reactome.org/biopax/96/48895#Catalysis3335
654,7499|10841,7879|15368,2,2,http://www.reactome.org/biopax/96/48895#BiochemicalReaction7759,1,http://www.reactome.org/biopax/96/48895#Catalysis3803
656,6296|14511|15142,14512|15274,3,2,http://www.reactome.org/biopax/96/48895#BiochemicalReaction6437,1,http://www.reactome.org/biopax/96/48895#Catalysis2639
657,7203|10447,7204|16515,2,2,http://www.reactome.org/biopax/96/48895#BiochemicalReaction6952,1,http://www.reactome.org/biopax/96/48895#Catalysis3033
658,10690|14370|16351,15052|15053,3,2,http://www.reactome.org/biopax/96/48895#BiochemicalReaction7406,1,http://www.reactome.org/biopax/96/48895#Catalysis3463
659,5239|13927|16299,13979|14446,3,2,http://www.reactome.org/biopax/96/48895#BiochemicalReaction4913,1,http://www.reactome.org/biopax/96/48895#Catalysis2088
660,11334|15943|16285,14258|16286,3,2,http://www.reactome.org/biopax/96/48895#BiochemicalReaction8929,1,http://www.reactome.org/biopax/96/48895#Catalysis4786
661,645|10291|13927|15857,7073|14446|16574,4,3,http://www.reactome.org/biopax/96/48895#BiochemicalReaction6811,1,http://www.reactome.org/biopax/96/48895#Catalysis2950
662,7600|10893|15568,10894|14967,3,2,http://www.reactome.org/biopax/96/48895#BiochemicalReaction7965,1,http://www.reactome.org/biopax/96/48895#Catalysis3993
663,13624,12914|13630,1,2,http://www.reactome.org/biopax/96/48895#BiochemicalReaction219,1,http://www.reactome.org/biopax/96/48895#Catalysis68
664,66,64|7518,1,2,http://www.reactome.org/biopax/96/48895#BiochemicalReaction8191,1,http://www.reactome.org/biopax/96/48895#Catalysis4199
665,7659|16433,7660,2,1,http://www.reactome.org/biopax/96/48895#BiochemicalReaction8018,1,http://www.reactome.org/biopax/96/48895#Control774
666,5107|12900|13927,5108|14446,3,2,http://www.reactome.org/biopax/96/48895#BiochemicalReaction4790,1,http://www.reactome.org/biopax/96/48895#Catalysis2036
667,1706|3363|15939,1707|14254,3,2,http://www.reactome.org/biopax/96/48895#BiochemicalReaction3215,1,http://www.reactome.org/biopax/96/48895#Catalysis1503
668,1968|12731|14171|14172,1967,4,1,http://www.reactome.org/biopax/96/48895#BiochemicalReaction2149,-1,http://www.reactome.org/biopax/96/48895#Control220
669,9342|10360,10358,2,1,http://www.reactome.org/biopax/96/48895#BiochemicalReaction6878,1,http://www.reactome.org/biopax/96/48895#Catalysis2992
670,9972|9974|14108,9973|14324|16551,3,3,http://www.reactome.org/biopax/96/48895#BiochemicalReaction6537,1,http://www.reactome.org/biopax/96/48895#Catalysis2736
671,104|14793|15779|16563,15780|16552,4,2,http://www.reactome.org/biopax/96/48895#BiochemicalReaction8253,1,http://www.reactome.org/biopax/96/48895#Catalysis4258
672,7376|15047|16482,14530|15046,3,2,http://www.reactome.org/biopax/96/48895#BiochemicalReaction7402,1,http://www.reactome.org/biopax/96/48895#Catalysis3459
673,4589|16482,4591|14793|16574,2,3,http://www.reactome.org/biopax/96/48895#BiochemicalReaction4339,1,http://www.reactome.org/biopax/96/48895#Catalysis1915
674,10869|14635|15434,14855|15436|16482,3,3,http://www.reactome.org/biopax/96/48895#BiochemicalReaction7832,1,http://www.reactome.org/biopax/96/48895#Catalysis3872
675,10597|13927|16470,14312|14446,3,2,http://www.reactome.org/biopax/96/48895#BiochemicalReaction7163,1,http://www.reactome.org/biopax/96/48895#Catalysis3231
676,9525|14480|15029|16482,14481|14793|15050,4,3,http://www.reactome.org/biopax/96/48895#BiochemicalReaction5792,1,http://www.reactome.org/biopax/96/48895#Catalysis2386
677,3086|13306|16504,9992|13282,3,2,http://www.reactome.org/biopax/96/48895#BiochemicalReaction3019,1,http://www.reactome.org/biopax/96/48895#Catalysis1437
678,5394|8803|13927,1707|13497|14408|14446,3,4,http://www.reactome.org/biopax/96/48895#BiochemicalReaction5050,1,http://www.reactome.org/biopax/96/48895#Catalysis2152
679,7858|14294|16482,14530|15067,3,2,http://www.reactome.org/biopax/96/48895#BiochemicalReaction7426,1,http://www.reactome.org/biopax/96/48895#Catalysis3483
680,6580|13927,6581|14446,2,2,http://www.reactome.org/biopax/96/48895#BiochemicalReaction6194,1,http://www.reactome.org/biopax/96/48895#Catalysis2539
681,12529|13927|16482|16545,14446|16546|16574,4,3,http://www.reactome.org/biopax/96/48895#BiochemicalReaction1832,1,http://www.reactome.org/biopax/96/48895#Catalysis775
682,7668|15528|15565,15566|15567,3,2,http://www.reactome.org/biopax/96/48895#BiochemicalReaction8038,1,http://www.reactome.org/biopax/96/48895#Catalysis4047
683,12060|13927|14232,14446|16299,3,2,http://www.reactome.org/biopax/96/48895#BiochemicalReaction2401,1,http://www.reactome.org/biopax/96/48895#Catalysis1115
684,8046|14793|15294,16418|16588,3,2,http://www.reactome.org/biopax/96/48895#BiochemicalReaction1371,1,http://www.reactome.org/biopax/96/48895#Catalysis570
685,1245|12018|13927,12019|14446,3,2,http://www.reactome.org/biopax/96/48895#BiochemicalReaction1258,1,http://www.reactome.org/biopax/96/48895#Control121
686,2425|12974|16482,2426|16574,3,2,http://www.reactome.org/biopax/96/48895#BiochemicalReaction2443,1,http://www.reactome.org/biopax/96/48895#Control247
687,1196|15939,1197|14254,2,2,http://www.reactome.org/biopax/96/48895#BiochemicalReaction1202,1,http://www.reactome.org/biopax/96/48895#Catalysis526
688,5030|13806|16482,8979|16574,3,2,http://www.reactome.org/biopax/96/48895#BiochemicalReaction4729,1,http://www.reactome.org/biopax/96/48895#Catalysis2008
689,11729|13927|15118|16482,14446|15133|16574,4,3,http://www.reactome.org/biopax/96/48895#BiochemicalReaction892,1,http://www.reactome.org/biopax/96/48895#Catalysis355
690,1020|7218,7219,2,1,http://www.reactome.org/biopax/96/48895#BiochemicalReaction6972,1,http://www.reactome.org/biopax/96/48895#Catalysis3052
691,10741|15134|16482,14202|16574,3,2,http://www.reactome.org/biopax/96/48895#BiochemicalReaction7523,1,http://www.reactome.org/biopax/96/48895#Catalysis3580
692,3169|14147,13928,2,1,http://www.reactome.org/biopax/96/48895#BiochemicalReaction3079,1,http://www.reactome.org/biopax/96/48895#Catalysis1465
693,6297|9558|15142,9562|15274,3,2,http://www.reactome.org/biopax/96/48895#BiochemicalReaction5875,-1,http://www.reactome.org/biopax/96/48895#Control541
694,11746|15476|16049,16050|16284,3,2,http://www.reactome.org/biopax/96/48895#BiochemicalReaction8550,1,http://www.reactome.org/biopax/96/48895#Catalysis4547
695,9897|14537|14793|16563,14538|16552,4,2,http://www.reactome.org/biopax/96/48895#BiochemicalReaction6465,1,http://www.reactome.org/biopax/96/48895#Catalysis2667
696,3842|16299,16308|16454,2,2,http://www.reactome.org/biopax/96/48895#BiochemicalReaction3677,1,http://www.reactome.org/biopax/96/48895#Catalysis1695
697,3047|16504,3048|8148|12803,2,3,http://www.reactome.org/biopax/96/48895#BiochemicalReaction2993,1,http://www.reactome.org/biopax/96/48895#Catalysis1425
699,650|12163|13998,12168|14008,3,2,http://www.reactome.org/biopax/96/48895#BiochemicalReaction1415,1,http://www.reactome.org/biopax/96/48895#Control136
700,9378|11682|13927,9379|14446,3,2,http://www.reactome.org/biopax/96/48895#BiochemicalReaction5537,1,http://www.reactome.org/biopax/96/48895#Catalysis2278
701,1349|8040|15939,1330|14254,3,2,http://www.reactome.org/biopax/96/48895#BiochemicalReaction1338,1,http://www.reactome.org/biopax/96/48895#Catalysis567
702,8973|15835,14402,2,1,http://www.reactome.org/biopax/96/48895#BiochemicalReaction4701,1,http://www.reactome.org/biopax/96/48895#Catalysis1996
703,3784|12125|13927,3785|14446,3,2,http://www.reactome.org/biopax/96/48895#BiochemicalReaction3619,1,http://www.reactome.org/biopax/96/48895#Catalysis1666
704,5177|13927|16299,13979|14446,3,2,http://www.reactome.org/biopax/96/48895#BiochemicalReaction4858,1,http://www.reactome.org/biopax/96/48895#Catalysis2064
705,7285|16472|16482,16454|16574,3,2,http://www.reactome.org/biopax/96/48895#BiochemicalReaction7136,1,http://www.reactome.org/biopax/96/48895#Catalysis3204
706,5517|9083|16351,1591,3,1,http://www.reactome.org/biopax/96/48895#BiochemicalReaction5158,1,http://www.reactome.org/biopax/96/48895#Catalysis2195
707,13553|13589,13600|13609,2,2,http://www.reactome.org/biopax/96/48895#BiochemicalReaction217,1,http://www.reactome.org/biopax/96/48895#Catalysis66
708,12688,12685|12689,1,2,http://www.reactome.org/biopax/96/48895#BiochemicalReaction2093,1,http://www.reactome.org/biopax/96/48895#Catalysis1003
709,1308|11433|13927,1317|12061|12066|14446,3,4,http://www.reactome.org/biopax/96/48895#BiochemicalReaction1339,1,http://www.reactome.org/biopax/96/48895#Catalysis568
710,5287|14046|16462,14042|16466,3,2,http://www.reactome.org/biopax/96/48895#BiochemicalReaction478,1,http://www.reactome.org/biopax/96/48895#Catalysis191
711,12163|12164|16328|16329,12160|16331|16332|16420,4,4,http://www.reactome.org/biopax/96/48895#BiochemicalReaction1398,1,http://www.reactome.org/biopax/96/48895#Catalysis588
712,11005|13927|15783,14446|14793|15779|16574,3,4,http://www.reactome.org/biopax/96/48895#BiochemicalReaction8264,1,http://www.reactome.org/biopax/96/48895#Catalysis4269
713,11102|16199,11759|16201,2,2,http://www.reactome.org/biopax/96/48895#BiochemicalReaction8648,1,http://www.reactome.org/biopax/96/48895#Catalysis4642
714,4261|10745,4275|8619|8620,2,3,http://www.reactome.org/biopax/96/48895#BiochemicalReaction4028,1,http://www.reactome.org/biopax/96/48895#Catalysis1784
715,10714|16351|16547,15053|15088,3,2,http://www.reactome.org/biopax/96/48895#BiochemicalReaction7461,1,http://www.reactome.org/biopax/96/48895#Catalysis3518
716,96|14419|15551,16392|16475|16588,3,3,http://www.reactome.org/biopax/96/48895#BiochemicalReaction8228,1,http://www.reactome.org/biopax/96/48895#Catalysis4235
717,1525|12310,12311|12312,2,2,http://www.reactome.org/biopax/96/48895#BiochemicalReaction1542,1,http://www.reactome.org/biopax/96/48895#Catalysis662
718,10999|15768,15738,2,1,http://www.reactome.org/biopax/96/48895#BiochemicalReaction8239,1,http://www.reactome.org/biopax/96/48895#Catalysis4245
719,3725|3727|13927,3728|14446,3,2,http://www.reactome.org/biopax/96/48895#BiochemicalReaction3570,1,http://www.reactome.org/biopax/96/48895#Catalysis1644
720,5187|13927,5190|14446,2,2,http://www.reactome.org/biopax/96/48895#BiochemicalReaction4869,1,http://www.reactome.org/biopax/96/48895#Catalysis2070
721,3810|13849|13927,13860|14446,3,2,http://www.reactome.org/biopax/96/48895#BiochemicalReaction3650,1,http://www.reactome.org/biopax/96/48895#Catalysis1683
722,1879|1880,1866,2,1,http://www.reactome.org/biopax/96/48895#BiochemicalReaction2032,1,http://www.reactome.org/biopax/96/48895#Catalysis961
723,145|15828,15829|15830,2,2,http://www.reactome.org/biopax/96/48895#BiochemicalReaction8311,1,http://www.reactome.org/biopax/96/48895#Catalysis4312
724,1909|13927|14087|16482,14446|16557|16574,4,3,http://www.reactome.org/biopax/96/48895#BiochemicalReaction2068,1,http://www.reactome.org/biopax/96/48895#Catalysis984
725,179|10317|15884|16588,11037|14317,4,2,http://www.reactome.org/biopax/96/48895#BiochemicalReaction8378,1,http://www.reactome.org/biopax/96/48895#Catalysis4379
726,13984|15939|16482,15251|15828,3,2,http://www.reactome.org/biopax/96/48895#BiochemicalReaction8309,1,http://www.reactome.org/biopax/96/48895#Control807
727,10943|14446,13927|14308,2,2,http://www.reactome.org/biopax/96/48895#BiochemicalReaction8045,1,http://www.reactome.org/biopax/96/48895#Catalysis4053
729,1635|2693,8093|16460,2,2,http://www.reactome.org/biopax/96/48895#BiochemicalReaction1640,1,http://www.reactome.org/biopax/96/48895#Catalysis703
730,1205|1211,1206,2,1,http://www.reactome.org/biopax/96/48895#BiochemicalReaction1225,1,http://www.reactome.org/biopax/96/48895#Control108
731,2794|16476,2795,2,1,http://www.reactome.org/biopax/96/48895#BiochemicalReaction2784,1,http://www.reactome.org/biopax/96/48895#Catalysis1314
732,11|15617|15622,15623|16574,3,2,http://www.reactome.org/biopax/96/48895#BiochemicalReaction8083,1,http://www.reactome.org/biopax/96/48895#Catalysis4091
733,12474|15579|16404,16474|16475,3,2,http://www.reactome.org/biopax/96/48895#BiochemicalReaction1754,1,http://www.reactome.org/biopax/96/48895#Catalysis732
734,3696|13800|16462,11796|16466,3,2,http://www.reactome.org/biopax/96/48895#BiochemicalReaction3542,1,http://www.reactome.org/biopax/96/48895#Catalysis1630
735,3596|13561,13696|13697,2,2,http://www.reactome.org/biopax/96/48895#BiochemicalReaction3456,1,http://www.reactome.org/biopax/96/48895#Catalysis1588
737,9930|14585|16416,14586|16414,3,2,http://www.reactome.org/biopax/96/48895#BiochemicalReaction6506,1,http://www.reactome.org/biopax/96/48895#Control605
738,9916|9972|14097,9997|14096|16551,3,3,http://www.reactome.org/biopax/96/48895#BiochemicalReaction6548,1,http://www.reactome.org/biopax/96/48895#Catalysis2743
739,10768|14196|15160,14362|14793|15161,3,3,http://www.reactome.org/biopax/96/48895#BiochemicalReaction7572,1,http://www.reactome.org/biopax/96/48895#Catalysis3627
740,7650|14041|16324,14309|14648,3,2,http://www.reactome.org/biopax/96/48895#BiochemicalReaction8000,1,http://www.reactome.org/biopax/96/48895#Catalysis4015
741,16591|16602,16588,2,1,http://www.reactome.org/biopax/96/48895#BiochemicalReaction8007,1,http://www.reactome.org/biopax/96/48895#Control765
742,2558|13067|16504,13057|16514,3,2,http://www.reactome.org/biopax/96/48895#BiochemicalReaction2551,1,http://www.reactome.org/biopax/96/48895#Catalysis1183
743,1780|16351|16505,16453|16506,3,2,http://www.reactome.org/biopax/96/48895#BiochemicalReaction1792,1,http://www.reactome.org/biopax/96/48895#Catalysis753
744,10702|15068|16482,14530|15074,3,2,http://www.reactome.org/biopax/96/48895#BiochemicalReaction7436,1,http://www.reactome.org/biopax/96/48895#Catalysis3493
746,7590|14635|15522,15523,3,1,http://www.reactome.org/biopax/96/48895#BiochemicalReaction7957,1,http://www.reactome.org/biopax/96/48895#Catalysis3985
747,1578|13927,1579|14446,2,2,http://www.reactome.org/biopax/96/48895#BiochemicalReaction1588,1,http://www.reactome.org/biopax/96/48895#Catalysis681
748,1031|16462,1032|16466,2,2,http://www.reactome.org/biopax/96/48895#BiochemicalReaction1061,1,http://www.reactome.org/biopax/96/48895#Catalysis462
750,12710|16353,14173,2,1,http://www.reactome.org/biopax/96/48895#BiochemicalReaction2128,1,http://www.reactome.org/biopax/96/48895#Catalysis1029
751,8432|12925,8433|8434|8436|8437,2,4,http://www.reactome.org/biopax/96/48895#BiochemicalReaction258,1,http://www.reactome.org/biopax/96/48895#Catalysis103
752,8201|12804|16462,8202|13989|14078,3,3,http://www.reactome.org/biopax/96/48895#BiochemicalReaction3051,1,http://www.reactome.org/biopax/96/48895#Catalysis1453
753,2510|11921,2610,2,1,http://www.reactome.org/biopax/96/48895#BiochemicalReaction2613,1,http://www.reactome.org/biopax/96/48895#Control260
755,1231|10872,7536,2,1,http://www.reactome.org/biopax/96/48895#BiochemicalReaction7897,1,http://www.reactome.org/biopax/96/48895#Catalysis3937
756,10022|10024|14614,10023|14623|15343,3,3,http://www.reactome.org/biopax/96/48895#BiochemicalReaction6568,1,http://www.reactome.org/biopax/96/48895#Catalysis2762
757,11748|14255|14793|15482|16563,15486|16482|16552,5,3,http://www.reactome.org/biopax/96/48895#BiochemicalReaction7872,1,http://www.reactome.org/biopax/96/48895#Catalysis3912
759,7291|14802,14801,2,1,http://www.reactome.org/biopax/96/48895#BiochemicalReaction7189,1,http://www.reactome.org/biopax/96/48895#Catalysis3257
760,6974|16482,6976|7735,2,2,http://www.reactome.org/biopax/96/48895#BiochemicalReaction6718,1,http://www.reactome.org/biopax/96/48895#Catalysis2901
761,4434|11144|16462,4662|16466,3,2,http://www.reactome.org/biopax/96/48895#BiochemicalReaction450,1,http://www.reactome.org/biopax/96/48895#Catalysis177
762,2534|8170|16462,2557|13066|16466,3,3,http://www.reactome.org/biopax/96/48895#BiochemicalReaction2548,1,http://www.reactome.org/biopax/96/48895#Catalysis1180
763,7128|10339,10340|10341,2,2,http://www.reactome.org/biopax/96/48895#BiochemicalReaction6854,1,http://www.reactome.org/biopax/96/48895#Catalysis2972
764,5980|10745,5981,2,1,http://www.reactome.org/biopax/96/48895#BiochemicalReaction5584,1,http://www.reactome.org/biopax/96/48895#Catalysis2299
765,10732|15119|16608,15116|15117,3,2,http://www.reactome.org/biopax/96/48895#BiochemicalReaction7500,1,http://www.reactome.org/biopax/96/48895#Catalysis3557
766,10268|10271|13927,10270|14446,3,2,http://www.reactome.org/biopax/96/48895#BiochemicalReaction369,1,http://www.reactome.org/biopax/96/48895#Catalysis131
767,756|3844|13927,3845|14446,3,2,http://www.reactome.org/biopax/96/48895#BiochemicalReaction3681,1,http://www.reactome.org/biopax/96/48895#Catalysis1697
768,3799|13998,3800|14008,2,2,http://www.reactome.org/biopax/96/48895#BiochemicalReaction3636,1,http://www.reactome.org/biopax/96/48895#Catalysis1673
769,1000|11573|14020,1001|14028,3,2,http://www.reactome.org/biopax/96/48895#BiochemicalReaction1038,1,http://www.reactome.org/biopax/96/48895#Catalysis450
770,219|11047|16343|16583,9784|14498|16588,4,3,http://www.reactome.org/biopax/96/48895#BiochemicalReaction8443,1,http://www.reactome.org/biopax/96/48895#Catalysis4444
771,6883|6884|13292,10083|11363,3,2,http://www.reactome.org/biopax/96/48895#BiochemicalReaction6607,1,http://www.reactome.org/biopax/96/48895#Catalysis2801
772,4919|8942|11624,4918,3,1,http://www.reactome.org/biopax/96/48895#BiochemicalReaction4634,-1,http://www.reactome.org/biopax/96/48895#Control421
774,7135|10347|16351,10352,3,1,http://www.reactome.org/biopax/96/48895#BiochemicalReaction6866,1,http://www.reactome.org/biopax/96/48895#Catalysis2983
775,10832|14255|14793|15357|16563,15358|16482|16552,5,3,http://www.reactome.org/biopax/96/48895#BiochemicalReaction7743,1,http://www.reactome.org/biopax/96/48895#Catalysis3791
776,2943|14279,2917|2944|13242|14078,2,4,http://www.reactome.org/biopax/96/48895#BiochemicalReaction2901,1,http://www.reactome.org/biopax/96/48895#Catalysis1382
777,7213|14653,14652,2,1,http://www.reactome.org/biopax/96/48895#BiochemicalReaction6983,1,http://www.reactome.org/biopax/96/48895#Catalysis3062
778,8177|13111|16462,13112|16466,3,2,http://www.reactome.org/biopax/96/48895#BiochemicalReaction2620,1,http://www.reactome.org/biopax/96/48895#Catalysis1222
779,5524|13810|16482,5557|16574,3,2,http://www.reactome.org/biopax/96/48895#BiochemicalReaction5195,1,http://www.reactome.org/biopax/96/48895#Catalysis2210
780,10972|13927|14793|15721,15079|15722,4,2,http://www.reactome.org/biopax/96/48895#BiochemicalReaction8170,1,http://www.reactome.org/biopax/96/48895#Catalysis4178
781,1840|16326,16568,2,1,http://www.reactome.org/biopax/96/48895#BiochemicalReaction1862,1,http://www.reactome.org/biopax/96/48895#Catalysis801
782,4708|13927,4709|14446,2,2,http://www.reactome.org/biopax/96/48895#BiochemicalReaction4448,1,http://www.reactome.org/biopax/96/48895#Catalysis1937
783,40|15700|16351,14323|15701|16453,3,3,http://www.reactome.org/biopax/96/48895#BiochemicalReaction8148,1,http://www.reactome.org/biopax/96/48895#Catalysis4156
784,4274|10745,8618|13911,2,2,http://www.reactome.org/biopax/96/48895#BiochemicalReaction4026,1,http://www.reactome.org/biopax/96/48895#Catalysis1783
785,1906|3174|13927,1907|14446,3,2,http://www.reactome.org/biopax/96/48895#BiochemicalReaction3084,1,http://www.reactome.org/biopax/96/48895#Catalysis1467
786,4056|13927,4056|14446,2,2,http://www.reactome.org/biopax/96/48895#BiochemicalReaction3847,1,http://www.reactome.org/biopax/96/48895#Catalysis1752
787,10685|14196|15124,14362|15121,3,2,http://www.reactome.org/biopax/96/48895#BiochemicalReaction7506,1,http://www.reactome.org/biopax/96/48895#Catalysis3563
788,668|5001,5003|11822|11823|13916|13919|13920,2,6,http://www.reactome.org/biopax/96/48895#BiochemicalReaction4695,1,http://www.reactome.org/biopax/96/48895#Catalysis1993
789,2576|16462,2083|13074|16466,2,3,http://www.reactome.org/biopax/96/48895#BiochemicalReaction2572,1,http://www.reactome.org/biopax/96/48895#Catalysis1193
790,8670|11891|16462,9604|16466,3,2,http://www.reactome.org/biopax/96/48895#BiochemicalReaction5963,1,http://www.reactome.org/biopax/96/48895#Catalysis2445
791,3889|14334|14336,14337|14338|14339,3,3,http://www.reactome.org/biopax/96/48895#BiochemicalReaction3720,1,http://www.reactome.org/biopax/96/48895#Catalysis1712
793,11060|14170|15986,14237|14414,3,2,http://www.reactome.org/biopax/96/48895#BiochemicalReaction8487,1,http://www.reactome.org/biopax/96/48895#Catalysis4487
794,7195|14308|16541,7201,3,1,http://www.reactome.org/biopax/96/48895#BiochemicalReaction6949,-1,http://www.reactome.org/biopax/96/48895#Control647
795,411|11498|16462,412|14078,3,2,http://www.reactome.org/biopax/96/48895#BiochemicalReaction8781,1,http://www.reactome.org/biopax/96/48895#Catalysis4730
796,2899|2954|2956,2955,3,1,http://www.reactome.org/biopax/96/48895#BiochemicalReaction2908,1,http://www.reactome.org/biopax/96/48895#Control271
799,497|11234,498,2,1,http://www.reactome.org/biopax/96/48895#BiochemicalReaction8851,1,http://www.reactome.org/biopax/96/48895#Control886
800,12569|14297|16453,14237|16574,3,2,http://www.reactome.org/biopax/96/48895#BiochemicalReaction1882,1,http://www.reactome.org/biopax/96/48895#Catalysis820
804,10687|14196|15037,14362|15048,3,2,http://www.reactome.org/biopax/96/48895#BiochemicalReaction7403,1,http://www.reactome.org/biopax/96/48895#Catalysis3460
805,3297|15534|16418,14304|16269,3,2,http://www.reactome.org/biopax/96/48895#BiochemicalReaction8871,1,http://www.reactome.org/biopax/96/48895#Catalysis4758
806,1156|8733|8734|11949,1155,4,1,http://www.reactome.org/biopax/96/48895#BiochemicalReaction7194,1,http://www.reactome.org/biopax/96/48895#Catalysis3262
807,216|14255|15929,14793|16350,3,2,http://www.reactome.org/biopax/96/48895#BiochemicalReaction8432,1,http://www.reactome.org/biopax/96/48895#Catalysis4433
808,9554|10482|16462,9553|16466,3,2,http://www.reactome.org/biopax/96/48895#BiochemicalReaction5856,1,http://www.reactome.org/biopax/96/48895#Catalysis2401
809,10638|14255|15436,15438,3,1,http://www.reactome.org/biopax/96/48895#BiochemicalReaction7834,1,http://www.reactome.org/biopax/96/48895#Catalysis3874
810,8257|13569,12928|13580,2,2,http://www.reactome.org/biopax/96/48895#BiochemicalReaction212,1,http://www.reactome.org/biopax/96/48895#Catalysis61
811,15111|16591,16588,2,1,http://www.reactome.org/biopax/96/48895#BiochemicalReaction8007,1,http://www.reactome.org/biopax/96/48895#Control767
812,169|15854|16393|16588,14926|15865,4,2,http://www.reactome.org/biopax/96/48895#BiochemicalReaction8355,1,http://www.reactome.org/biopax/96/48895#Catalysis4356
813,6130|12007|13927,12006|14446,3,2,http://www.reactome.org/biopax/96/48895#BiochemicalReaction5722,1,http://www.reactome.org/biopax/96/48895#Catalysis2354
814,7246|7248|16482,7249|7815,3,2,http://www.reactome.org/biopax/96/48895#BiochemicalReaction7026,1,http://www.reactome.org/biopax/96/48895#Catalysis3104
815,2606|13015|16504,4590|16514,3,2,http://www.reactome.org/biopax/96/48895#BiochemicalReaction2597,1,http://www.reactome.org/biopax/96/48895#Catalysis1207
816,4434|4469|10663,4495,3,1,http://www.reactome.org/biopax/96/48895#BiochemicalReaction410,-1,http://www.reactome.org/biopax/96/48895#Control28
817,13321|16478|16482,16449|16479,3,2,http://www.reactome.org/biopax/96/48895#BiochemicalReaction3063,1,http://www.reactome.org/biopax/96/48895#Catalysis1459
818,704|705|11623|11624|11627|11628,706,6,1,http://www.reactome.org/biopax/96/48895#BiochemicalReaction742,1,http://www.reactome.org/biopax/96/48895#Catalysis260
819,2169|3888,3987|16574,2,2,http://www.reactome.org/biopax/96/48895#BiochemicalReaction366,1,http://www.reactome.org/biopax/96/48895#Control23
820,13113|16308,2009,2,1,http://www.reactome.org/biopax/96/48895#BiochemicalReaction5560,1,http://www.reactome.org/biopax/96/48895#Catalysis2289
821,10657|14921|15568,14918|14922,3,2,http://www.reactome.org/biopax/96/48895#BiochemicalReaction7305,1,http://www.reactome.org/biopax/96/48895#Catalysis3364
822,11654|14241|15142,14486|15274,3,2,http://www.reactome.org/biopax/96/48895#BiochemicalReaction777,1,http://www.reactome.org/biopax/96/48895#Catalysis292
824,11044|15920,15921,2,1,http://www.reactome.org/biopax/96/48895#BiochemicalReaction8419,1,http://www.reactome.org/biopax/96/48895#Catalysis4420
825,4958|5224|13927,5035|14446,3,2,http://www.reactome.org/biopax/96/48895#BiochemicalReaction25,1,http://www.reactome.org/biopax/96/48895#Catalysis12
826,3724|13927,3725|14446,2,2,http://www.reactome.org/biopax/96/48895#BiochemicalReaction3566,1,http://www.reactome.org/biopax/96/48895#Catalysis1642
827,13184|13186|15029|16482,13185|14252|14253,4,3,http://www.reactome.org/biopax/96/48895#BiochemicalReaction2715,1,http://www.reactome.org/biopax/96/48895#Catalysis1281
828,9952|14105|14757,14324|14759,3,2,http://www.reactome.org/biopax/96/48895#BiochemicalReaction7131,1,http://www.reactome.org/biopax/96/48895#Catalysis3199
829,5299|13927,5300|14446,2,2,http://www.reactome.org/biopax/96/48895#BiochemicalReaction4963,1,http://www.reactome.org/biopax/96/48895#Catalysis2111
830,9362|14815|16482,14308,3,1,http://www.reactome.org/biopax/96/48895#BiochemicalReaction5536,1,http://www.reactome.org/biopax/96/48895#Catalysis2277
831,4413|14020,4414|14028,2,2,http://www.reactome.org/biopax/96/48895#BiochemicalReaction4161,1,http://www.reactome.org/biopax/96/48895#Catalysis1847
832,10286|11842|15142,10285|15274,3,2,http://www.reactome.org/biopax/96/48895#BiochemicalReaction6808,1,http://www.reactome.org/biopax/96/48895#Catalysis2947
833,7144|7811,10369|10383|10384|12368,2,4,http://www.reactome.org/biopax/96/48895#BiochemicalReaction6897,1,http://www.reactome.org/biopax/96/48895#Catalysis2999
834,3019|3022,3023,2,1,http://www.reactome.org/biopax/96/48895#BiochemicalReaction2971,1,http://www.reactome.org/biopax/96/48895#Catalysis1416
835,2152|12820|16482,12818|16574,3,2,http://www.reactome.org/biopax/96/48895#BiochemicalReaction2299,1,http://www.reactome.org/biopax/96/48895#Catalysis1089
836,7091,7092|9111,1,2,http://www.reactome.org/biopax/96/48895#BiochemicalReaction6821,1,http://www.reactome.org/biopax/96/48895#Catalysis2952
837,3057|13288,3058,2,1,http://www.reactome.org/biopax/96/48895#BiochemicalReaction3004,1,http://www.reactome.org/biopax/96/48895#Catalysis1431
838,8245|13867|13870,13869,3,1,http://www.reactome.org/biopax/96/48895#BiochemicalReaction3660,1,http://www.reactome.org/biopax/96/48895#Catalysis1690
839,5506|9080|13927,5507|14446,3,2,http://www.reactome.org/biopax/96/48895#BiochemicalReaction5150,-1,http://www.reactome.org/biopax/96/48895#Control465
840,11596|14990|15025,14904|14995,3,2,http://www.reactome.org/biopax/96/48895#BiochemicalReaction7380,1,http://www.reactome.org/biopax/96/48895#Catalysis3437
841,2627|13927,2626|2628|14446,2,3,http://www.reactome.org/biopax/96/48895#BiochemicalReaction2628,1,http://www.reactome.org/biopax/96/48895#Catalysis1228
842,4791|13927,4792|14446,2,2,http://www.reactome.org/biopax/96/48895#BiochemicalReaction4516,1,http://www.reactome.org/biopax/96/48895#Catalysis1948
843,1454|16504,1455|14036,2,2,http://www.reactome.org/biopax/96/48895#BiochemicalReaction1483,1,http://www.reactome.org/biopax/96/48895#Catalysis638
844,5499|13028,10157|11363,2,2,http://www.reactome.org/biopax/96/48895#BiochemicalReaction6673,1,http://www.reactome.org/biopax/96/48895#Catalysis2866
845,5260|5266|12344,5265,3,1,http://www.reactome.org/biopax/96/48895#BiochemicalReaction4931,-1,http://www.reactome.org/biopax/96/48895#Control450
846,1622|12387|16459,1620,3,1,http://www.reactome.org/biopax/96/48895#BiochemicalReaction1658,1,http://www.reactome.org/biopax/96/48895#Control175
847,7644|10929,7645|7892,2,2,http://www.reactome.org/biopax/96/48895#BiochemicalReaction7996,1,http://www.reactome.org/biopax/96/48895#Control764
848,7897|14085|15616,15621|16574,3,2,http://www.reactome.org/biopax/96/48895#BiochemicalReaction8082,1,http://www.reactome.org/biopax/96/48895#Catalysis4090
849,49|15713|16482,14678|16574,3,2,http://www.reactome.org/biopax/96/48895#BiochemicalReaction8157,1,http://www.reactome.org/biopax/96/48895#Catalysis4165
850,7659|14308,7660,2,1,http://www.reactome.org/biopax/96/48895#BiochemicalReaction8018,1,http://www.reactome.org/biopax/96/48895#Control775
851,3243|16482,3240|3245|16574,2,3,http://www.reactome.org/biopax/96/48895#BiochemicalReaction3144,1,http://www.reactome.org/biopax/96/48895#Catalysis1486
852,10692|14776|16351,15053|15099,3,2,http://www.reactome.org/biopax/96/48895#BiochemicalReaction7475,-1,http://www.reactome.org/biopax/96/48895#Control701
853,5588|13927,5590|14446,2,2,http://www.reactome.org/biopax/96/48895#BiochemicalReaction5219,1,http://www.reactome.org/biopax/96/48895#Catalysis2219
854,10757|15145|16482,15144|16574,3,2,http://www.reactome.org/biopax/96/48895#BiochemicalReaction7553,1,http://www.reactome.org/biopax/96/48895#Catalysis3609
855,1067|5173|13998,1068|14008,3,2,http://www.reactome.org/biopax/96/48895#BiochemicalReaction1091,1,http://www.reactome.org/biopax/96/48895#Catalysis477
856,13849|13851|14321,13850|14322,3,2,http://www.reactome.org/biopax/96/48895#BiochemicalReaction3638,1,http://www.reactome.org/biopax/96/48895#Catalysis1675
857,11044|15921,15920,2,1,http://www.reactome.org/biopax/96/48895#BiochemicalReaction8420,1,http://www.reactome.org/biopax/96/48895#Catalysis4421
858,1547|11736|15939,1548|14254,3,2,http://www.reactome.org/biopax/96/48895#BiochemicalReaction1558,1,http://www.reactome.org/biopax/96/48895#Catalysis669
859,895|16057|16482,14793|16020,3,2,http://www.reactome.org/biopax/96/48895#BiochemicalReaction938,1,http://www.reactome.org/biopax/96/48895#Catalysis399
860,3596|3631|12079,3630,3,1,http://www.reactome.org/biopax/96/48895#BiochemicalReaction3436,-1,http://www.reactome.org/biopax/96/48895#Control314
861,966|11818|14255|16324,11820|16325|16424,4,3,http://www.reactome.org/biopax/96/48895#BiochemicalReaction1015,1,http://www.reactome.org/biopax/96/48895#Catalysis440
862,12574|16397,16577,2,1,http://www.reactome.org/biopax/96/48895#BiochemicalReaction1887,1,http://www.reactome.org/biopax/96/48895#Catalysis825
863,7396|13927|14350,14446|15076,3,2,http://www.reactome.org/biopax/96/48895#BiochemicalReaction7443,1,http://www.reactome.org/biopax/96/48895#Catalysis3500
864,7339|14183|15004,15005,3,1,http://www.reactome.org/biopax/96/48895#BiochemicalReaction7364,1,http://www.reactome.org/biopax/96/48895#Catalysis3421
865,10989|14793|15069|15745,15079|15746|16424,4,3,http://www.reactome.org/biopax/96/48895#BiochemicalReaction8212,1,http://www.reactome.org/biopax/96/48895#Catalysis4219
866,10808|13927|15240,14446|14531,3,2,http://www.reactome.org/biopax/96/48895#BiochemicalReaction7643,1,http://www.reactome.org/biopax/96/48895#Catalysis3694
867,3702|9992,10084|10092|10099,2,3,http://www.reactome.org/biopax/96/48895#BiochemicalReaction342,1,http://www.reactome.org/biopax/96/48895#Catalysis114
868,1549|11737|15939,1550|14254,3,2,http://www.reactome.org/biopax/96/48895#BiochemicalReaction1559,1,http://www.reactome.org/biopax/96/48895#Catalysis670
869,2223|13927,2154|12825|12834|12835|12836|12837|14446,2,7,http://www.reactome.org/biopax/96/48895#BiochemicalReaction2334,1,http://www.reactome.org/biopax/96/48895#Catalysis1097
870,189|14255|15894,15895|16424,3,2,http://www.reactome.org/biopax/96/48895#BiochemicalReaction8390,-1,http://www.reactome.org/biopax/96/48895#Control814
871,2619|2689|16462,2690|16466,3,2,http://www.reactome.org/biopax/96/48895#BiochemicalReaction2683,1,http://www.reactome.org/biopax/96/48895#Catalysis1262
872,5205|13927|16299,13979|14446,3,2,http://www.reactome.org/biopax/96/48895#BiochemicalReaction4887,1,http://www.reactome.org/biopax/96/48895#Catalysis2077
873,5107|5109|13927,5108|14446,3,2,http://www.reactome.org/biopax/96/48895#BiochemicalReaction4790,-1,http://www.reactome.org/biopax/96/48895#Control435
874,8764|15282,7493,2,1,http://www.reactome.org/biopax/96/48895#BiochemicalReaction7746,1,http://www.reactome.org/biopax/96/48895#Catalysis3794
875,7596|14419|15527,14317|14417|14420,3,3,http://www.reactome.org/biopax/96/48895#BiochemicalReaction7961,1,http://www.reactome.org/biopax/96/48895#Catalysis3989
878,227|15952|15955,15317|15956,3,2,http://www.reactome.org/biopax/96/48895#BiochemicalReaction8458,1,http://www.reactome.org/biopax/96/48895#Catalysis4459
879,12286|14087|15343,14140|14793,3,2,http://www.reactome.org/biopax/96/48895#BiochemicalReaction2067,1,http://www.reactome.org/biopax/96/48895#Control191
880,3922|13470|13471|15939|16482,3923|14254|16574,5,3,http://www.reactome.org/biopax/96/48895#BiochemicalReaction3748,1,http://www.reactome.org/biopax/96/48895#Catalysis1720
881,6060|15029,6061|14252,2,2,http://www.reactome.org/biopax/96/48895#BiochemicalReaction5659,1,http://www.reactome.org/biopax/96/48895#Catalysis2323
882,5347|13927,5348|14446,2,2,http://www.reactome.org/biopax/96/48895#BiochemicalReaction5006,1,http://www.reactome.org/biopax/96/48895#Catalysis2125
883,9946|14108|14604,7794,3,1,http://www.reactome.org/biopax/96/48895#BiochemicalReaction6525,1,http://www.reactome.org/biopax/96/48895#Catalysis2725
884,4532|9992,4540,2,1,http://www.reactome.org/biopax/96/48895#BiochemicalReaction417,1,http://www.reactome.org/biopax/96/48895#Catalysis152
885,5499|11317|11363,10088|11363,3,2,http://www.reactome.org/biopax/96/48895#BiochemicalReaction6612,1,http://www.reactome.org/biopax/96/48895#Catalysis2806
886,780|13927,781|14446,2,2,http://www.reactome.org/biopax/96/48895#BiochemicalReaction815,1,http://www.reactome.org/biopax/96/48895#Catalysis318
887,5060|13927,5061|14446,2,2,http://www.reactome.org/biopax/96/48895#BiochemicalReaction4751,1,http://www.reactome.org/biopax/96/48895#Catalysis2019
888,1602|12382|14019,1606|12383,3,2,http://www.reactome.org/biopax/96/48895#BiochemicalReaction1623,1,http://www.reactome.org/biopax/96/48895#Control158
889,7325|15452|16482,15475,3,1,http://www.reactome.org/biopax/96/48895#BiochemicalReaction7864,1,http://www.reactome.org/biopax/96/48895#Catalysis3904
890,198|13972,14734|15294,2,2,http://www.reactome.org/biopax/96/48895#BiochemicalReaction8403,1,http://www.reactome.org/biopax/96/48895#Catalysis4404
891,5918,5919|16574,1,2,http://www.reactome.org/biopax/96/48895#BiochemicalReaction5513,1,http://www.reactome.org/biopax/96/48895#Catalysis2262
892,7233|13927|14666,14446|14652,3,2,http://www.reactome.org/biopax/96/48895#BiochemicalReaction6995,1,http://www.reactome.org/biopax/96/48895#Catalysis3074
893,7527|15237,14357|15275,2,2,http://www.reactome.org/biopax/96/48895#BiochemicalReaction7821,1,http://www.reactome.org/biopax/96/48895#Catalysis3861
894,5378|14255|14793|16406|16563,14162|16431|16482|16552,5,4,http://www.reactome.org/biopax/96/48895#BiochemicalReaction5030,1,http://www.reactome.org/biopax/96/48895#Catalysis2140
895,4369|12900|13927,4371|14446,3,2,http://www.reactome.org/biopax/96/48895#BiochemicalReaction4119,1,http://www.reactome.org/biopax/96/48895#Catalysis1829
896,13344|13927,13345|14446,2,2,http://www.reactome.org/biopax/96/48895#BiochemicalReaction3099,1,http://www.reactome.org/biopax/96/48895#Catalysis1473
897,7287|14780|16482,16470|16574,3,2,http://www.reactome.org/biopax/96/48895#BiochemicalReaction7165,1,http://www.reactome.org/biopax/96/48895#Catalysis3233
898,2169|6591|13927,6592|14446,3,2,http://www.reactome.org/biopax/96/48895#BiochemicalReaction6221,1,http://www.reactome.org/biopax/96/48895#Catalysis2555
899,12645|14076,14075,2,1,http://www.reactome.org/biopax/96/48895#BiochemicalReaction1996,1,http://www.reactome.org/biopax/96/48895#Catalysis931
900,10866|13927|14362|15275,14308|15079|15236,4,3,http://www.reactome.org/biopax/96/48895#BiochemicalReaction7816,1,http://www.reactome.org/biopax/96/48895#Catalysis3856
901,10594|14763|16462,14765|16466,3,2,http://www.reactome.org/biopax/96/48895#BiochemicalReaction7148,1,http://www.reactome.org/biopax/96/48895#Catalysis3216
902,7339|14999|15022,14990|15001|15023,3,3,http://www.reactome.org/biopax/96/48895#BiochemicalReaction7377,1,http://www.reactome.org/biopax/96/48895#Catalysis3434
903,10767|14793|15159|16563,15160|16552,4,2,http://www.reactome.org/biopax/96/48895#BiochemicalReaction7571,1,http://www.reactome.org/biopax/96/48895#Catalysis3626
904,3492|12125|13927,3493|14446,3,2,http://www.reactome.org/biopax/96/48895#BiochemicalReaction3321,1,http://www.reactome.org/biopax/96/48895#Catalysis1540
905,3858|13890|16482,6100|16574,3,2,http://www.reactome.org/biopax/96/48895#BiochemicalReaction5692,1,http://www.reactome.org/biopax/96/48895#Catalysis2335
906,1017|11864|16504,1022|11860|16514,3,3,http://www.reactome.org/biopax/96/48895#BiochemicalReaction1052,1,http://www.reactome.org/biopax/96/48895#Catalysis458
907,102|15594|15774|16343,15772|15775,4,2,http://www.reactome.org/biopax/96/48895#BiochemicalReaction8249,1,http://www.reactome.org/biopax/96/48895#Catalysis4254
908,7579|14793|15050|15294,15029|15263,4,2,http://www.reactome.org/biopax/96/48895#BiochemicalReaction7939,1,http://www.reactome.org/biopax/96/48895#Catalysis3969
909,10791|15209,7445,2,1,http://www.reactome.org/biopax/96/48895#BiochemicalReaction7602,1,http://www.reactome.org/biopax/96/48895#Catalysis3654
911,4590|16462,2511|16466,2,2,http://www.reactome.org/biopax/96/48895#BiochemicalReaction2598,1,http://www.reactome.org/biopax/96/48895#Catalysis1208
912,11633|14247,14248,2,1,http://www.reactome.org/biopax/96/48895#BiochemicalReaction772,1,http://www.reactome.org/biopax/96/48895#Catalysis289
913,10939|15548|15549,14793|15550|15552,3,3,http://www.reactome.org/biopax/96/48895#BiochemicalReaction8022,1,http://www.reactome.org/biopax/96/48895#Catalysis4032
914,1188|1200,1201|16574,2,2,http://www.reactome.org/biopax/96/48895#BiochemicalReaction1206,1,http://www.reactome.org/biopax/96/48895#Control101
916,6503|13927,9701|13037|14446,2,3,http://www.reactome.org/biopax/96/48895#BiochemicalReaction6110,1,http://www.reactome.org/biopax/96/48895#Catalysis2508
917,7956|10644|16462,10706|16466,3,2,http://www.reactome.org/biopax/96/48895#BiochemicalReaction423,1,http://www.reactome.org/biopax/96/48895#Catalysis156
918,5836|7161|10410|16525,7162|10411|14642,4,3,http://www.reactome.org/biopax/96/48895#BiochemicalReaction6916,1,http://www.reactome.org/biopax/96/48895#Control642
919,2085|10745|12796|13927,2084,4,1,http://www.reactome.org/biopax/96/48895#BiochemicalReaction2259,1,http://www.reactome.org/biopax/96/48895#Catalysis1075
920,1878|11682|13927,1879|14446,3,2,http://www.reactome.org/biopax/96/48895#BiochemicalReaction2031,1,http://www.reactome.org/biopax/96/48895#Catalysis960
921,785|14297,14237,2,1,http://www.reactome.org/biopax/96/48895#BiochemicalReaction818,1,http://www.reactome.org/biopax/96/48895#Catalysis319
922,74|15738,72|15552,2,2,http://www.reactome.org/biopax/96/48895#BiochemicalReaction8199,1,http://www.reactome.org/biopax/96/48895#Catalysis4207
923,12656|14107,14108,2,1,http://www.reactome.org/biopax/96/48895#BiochemicalReaction2015,1,http://www.reactome.org/biopax/96/48895#Catalysis947
924,11045|14296|15933,14500|16418,3,2,http://www.reactome.org/biopax/96/48895#BiochemicalReaction8439,1,http://www.reactome.org/biopax/96/48895#Catalysis4440
925,10196|10197,10745,2,1,http://www.reactome.org/biopax/96/48895#BiochemicalReaction6737,1,http://www.reactome.org/biopax/96/48895#Catalysis2916
926,5499|11570,10065|11363,2,2,http://www.reactome.org/biopax/96/48895#BiochemicalReaction6594,1,http://www.reactome.org/biopax/96/48895#Catalysis2788
927,5067|13927,5068|14446,2,2,http://www.reactome.org/biopax/96/48895#BiochemicalReaction4756,1,http://www.reactome.org/biopax/96/48895#Catalysis2022
928,4705|11683,4723,2,1,http://www.reactome.org/biopax/96/48895#BiochemicalReaction4460,1,http://www.reactome.org/biopax/96/48895#Catalysis1940
929,1086|8019|11914,1085|11913,3,2,http://www.reactome.org/biopax/96/48895#BiochemicalReaction1104,1,http://www.reactome.org/biopax/96/48895#Control88
930,173|4056|8245,173|4057|8508,3,3,http://www.reactome.org/biopax/96/48895#BiochemicalReaction3848,1,http://www.reactome.org/biopax/96/48895#Catalysis1753
931,11732|14446|15583,13927|15581,3,2,http://www.reactome.org/biopax/96/48895#BiochemicalReaction8051,1,http://www.reactome.org/biopax/96/48895#Catalysis4059
932,1706|5021|15939,1707|14254,3,2,http://www.reactome.org/biopax/96/48895#BiochemicalReaction4719,1,http://www.reactome.org/biopax/96/48895#Catalysis2003
933,7259|10519|14622,10520|14324|16551,3,3,http://www.reactome.org/biopax/96/48895#BiochemicalReaction7059,1,http://www.reactome.org/biopax/96/48895#Catalysis3135
934,11301|12132|13927,11302|14446,3,2,http://www.reactome.org/biopax/96/48895#BiochemicalReaction8881,1,http://www.reactome.org/biopax/96/48895#Catalysis4764
936,3639|11902,13710|13711,2,2,http://www.reactome.org/biopax/96/48895#BiochemicalReaction3464,1,http://www.reactome.org/biopax/96/48895#Catalysis1595
937,9064|13113|13927,5399|14446,3,2,http://www.reactome.org/biopax/96/48895#BiochemicalReaction5079,1,http://www.reactome.org/biopax/96/48895#Catalysis2164
938,7174|15551|16343,7173|16345|16475,3,3,http://www.reactome.org/biopax/96/48895#BiochemicalReaction6928,1,http://www.reactome.org/biopax/96/48895#Catalysis3013
939,1162,1163|1164,1,2,http://www.reactome.org/biopax/96/48895#BiochemicalReaction1173,1,http://www.reactome.org/biopax/96/48895#Catalysis504
940,874|14989|15069,15079|15089,3,2,http://www.reactome.org/biopax/96/48895#BiochemicalReaction889,1,http://www.reactome.org/biopax/96/48895#Catalysis352
941,11765|16012,16020,2,1,http://www.reactome.org/biopax/96/48895#BiochemicalReaction930,1,http://www.reactome.org/biopax/96/48895#Catalysis391
942,880|6568|15939,1331|14254,3,2,http://www.reactome.org/biopax/96/48895#BiochemicalReaction6168,1,http://www.reactome.org/biopax/96/48895#Catalysis2525
943,7180|16541,14553,2,1,http://www.reactome.org/biopax/96/48895#BiochemicalReaction6936,1,http://www.reactome.org/biopax/96/48895#Catalysis3018
944,7388|15047|16482,14526|16574,3,2,http://www.reactome.org/biopax/96/48895#BiochemicalReaction7424,1,http://www.reactome.org/biopax/96/48895#Catalysis3481
945,10796|16461|16482,14348|14793|16464,3,3,http://www.reactome.org/biopax/96/48895#BiochemicalReaction7624,1,http://www.reactome.org/biopax/96/48895#Catalysis3676
946,12576|14297|16593,14237|16594,3,2,http://www.reactome.org/biopax/96/48895#BiochemicalReaction1894,1,http://www.reactome.org/biopax/96/48895#Catalysis832
947,4447|16351,4448|14382,2,2,http://www.reactome.org/biopax/96/48895#BiochemicalReaction4199,1,http://www.reactome.org/biopax/96/48895#Catalysis1853
948,884|15733|16174,15740|16175,3,2,http://www.reactome.org/biopax/96/48895#BiochemicalReaction8627,1,http://www.reactome.org/biopax/96/48895#Catalysis4621
949,4434|4953|16462,4945|16466,3,2,http://www.reactome.org/biopax/96/48895#BiochemicalReaction445,1,http://www.reactome.org/biopax/96/48895#Catalysis172
950,11202|11680|16462,11681|16466,3,2,http://www.reactome.org/biopax/96/48895#BiochemicalReaction5855,1,http://www.reactome.org/biopax/96/48895#Catalysis2400
951,10843|14255|14793|15378|16563,15379|16482|16552,5,3,http://www.reactome.org/biopax/96/48895#BiochemicalReaction7765,1,http://www.reactome.org/biopax/96/48895#Catalysis3809
952,5775|13998,5786|14008,2,2,http://www.reactome.org/biopax/96/48895#BiochemicalReaction512,1,http://www.reactome.org/biopax/96/48895#Catalysis199
953,7523|15029|15421,14793|15050|15275,3,3,http://www.reactome.org/biopax/96/48895#BiochemicalReaction7815,1,http://www.reactome.org/biopax/96/48895#Catalysis3855
954,10666|14972|15551|15568,14974|15575|15579,4,3,http://www.reactome.org/biopax/96/48895#BiochemicalReaction7349,1,http://www.reactome.org/biopax/96/48895#Catalysis3408
955,5481|13927,5482|14446,2,2,http://www.reactome.org/biopax/96/48895#BiochemicalReaction5130,1,http://www.reactome.org/biopax/96/48895#Catalysis2186
956,10846|14793|16336|16563,16335|16552,4,2,http://www.reactome.org/biopax/96/48895#BiochemicalReaction7784,1,http://www.reactome.org/biopax/96/48895#Control722
958,769|5369,5370,2,1,http://www.reactome.org/biopax/96/48895#BiochemicalReaction5024,1,http://www.reactome.org/biopax/96/48895#Catalysis2134
959,6856|14576,14577,2,1,http://www.reactome.org/biopax/96/48895#BiochemicalReaction6497,1,http://www.reactome.org/biopax/96/48895#Catalysis2699
960,4750|4752|13927,4751|14446,3,2,http://www.reactome.org/biopax/96/48895#BiochemicalReaction4488,-1,http://www.reactome.org/biopax/96/48895#Control415
961,12603|14191|14297|14343,14237|15857|16378,4,3,http://www.reactome.org/biopax/96/48895#BiochemicalReaction1930,1,http://www.reactome.org/biopax/96/48895#Catalysis868
962,7507|14088|14090|14098|16462,7525,5,1,http://www.reactome.org/biopax/96/48895#BiochemicalReaction632,1,http://www.reactome.org/biopax/96/48895#Control44
963,1552|16299,16308|16454,2,2,http://www.reactome.org/biopax/96/48895#BiochemicalReaction1564,1,http://www.reactome.org/biopax/96/48895#Control151
964,1940|16378|16519,14343|16518,3,2,http://www.reactome.org/biopax/96/48895#BiochemicalReaction2117,1,http://www.reactome.org/biopax/96/48895#Catalysis1021
965,9618|10745|13822,9635,3,1,http://www.reactome.org/biopax/96/48895#BiochemicalReaction6000,1,http://www.reactome.org/biopax/96/48895#Catalysis2468
966,11593|14901|14984|15015,14986|14987|15016,4,3,http://www.reactome.org/biopax/96/48895#BiochemicalReaction7372,1,http://www.reactome.org/biopax/96/48895#Catalysis3429
967,3881|3884|14254|16482,2129|3883|11861|12808|12818|12819|15939,4,7,http://www.reactome.org/biopax/96/48895#BiochemicalReaction3715,1,http://www.reactome.org/biopax/96/48895#Catalysis1711
969,6578|13927,9729|13063|14446,2,3,http://www.reactome.org/biopax/96/48895#BiochemicalReaction6192,1,http://www.reactome.org/biopax/96/48895#Catalysis2538
970,12177|12180|16328|16329,8674|16331|16332|16420,4,4,http://www.reactome.org/biopax/96/48895#BiochemicalReaction1407,1,http://www.reactome.org/biopax/96/48895#Catalysis597
971,2844,590|14270,1,2,http://www.reactome.org/biopax/96/48895#BiochemicalReaction2826,1,http://www.reactome.org/biopax/96/48895#Catalysis1338
972,6023|13927,6024|14446,2,2,http://www.reactome.org/biopax/96/48895#BiochemicalReaction5628,1,http://www.reactome.org/biopax/96/48895#Catalysis2316
974,7195|14308,7201,2,1,http://www.reactome.org/biopax/96/48895#BiochemicalReaction6949,1,http://www.reactome.org/biopax/96/48895#Catalysis3031
975,5606|13927,5607|14446,2,2,http://www.reactome.org/biopax/96/48895#BiochemicalReaction5238,1,http://www.reactome.org/biopax/96/48895#Catalysis2228
977,38|15692|16351,14323|15693|16453,3,3,http://www.reactome.org/biopax/96/48895#BiochemicalReaction8145,1,http://www.reactome.org/biopax/96/48895#Catalysis4153
978,75|14926|15551|15739,14968|15741|16393|16588,4,4,http://www.reactome.org/biopax/96/48895#BiochemicalReaction8201,1,http://www.reactome.org/biopax/96/48895#Catalysis4209
979,5499|6884|10047,10048|11363,3,2,http://www.reactome.org/biopax/96/48895#BiochemicalReaction6583,1,http://www.reactome.org/biopax/96/48895#Catalysis2777
980,7368|15306|16387,15308|16386,3,2,http://www.reactome.org/biopax/96/48895#BiochemicalReaction7703,1,http://www.reactome.org/biopax/96/48895#Catalysis3751
981,13927|16524|16533,14446|14793|16524,3,3,http://www.reactome.org/biopax/96/48895#BiochemicalReaction6979,1,http://www.reactome.org/biopax/96/48895#Control661
982,10474|14675,14673,2,1,http://www.reactome.org/biopax/96/48895#BiochemicalReaction7006,1,http://www.reactome.org/biopax/96/48895#Catalysis3085
983,7450|7455|14430,7454|14715,3,2,http://www.reactome.org/biopax/96/48895#BiochemicalReaction7607,1,http://www.reactome.org/biopax/96/48895#Catalysis3659
984,12598|13940|13947,13941|14233,3,2,http://www.reactome.org/biopax/96/48895#BiochemicalReaction1919,1,http://www.reactome.org/biopax/96/48895#Catalysis857
985,1893|16317|16563,14132|14134|14135,3,3,http://www.reactome.org/biopax/96/48895#BiochemicalReaction2052,1,http://www.reactome.org/biopax/96/48895#Catalysis974
986,10638|15468|16552,15470|16563,3,2,http://www.reactome.org/biopax/96/48895#BiochemicalReaction7859,1,http://www.reactome.org/biopax/96/48895#Catalysis3899
987,1673|5619|9102,5617,3,1,http://www.reactome.org/biopax/96/48895#BiochemicalReaction5246,1,http://www.reactome.org/biopax/96/48895#Control478
988,5428|13927,5429|14446,2,2,http://www.reactome.org/biopax/96/48895#BiochemicalReaction5082,1,http://www.reactome.org/biopax/96/48895#Catalysis2165
989,2309|12382,1607|12383,2,2,http://www.reactome.org/biopax/96/48895#BiochemicalReaction1676,1,http://www.reactome.org/biopax/96/48895#Catalysis713
990,5297|13927,5298|14446,2,2,http://www.reactome.org/biopax/96/48895#BiochemicalReaction4962,1,http://www.reactome.org/biopax/96/48895#Catalysis2110
991,8064|11410|13998,8065|14008,3,2,http://www.reactome.org/biopax/96/48895#BiochemicalReaction1447,1,http://www.reactome.org/biopax/96/48895#Catalysis630
992,9905|14551,14552,2,1,http://www.reactome.org/biopax/96/48895#BiochemicalReaction6476,1,http://www.reactome.org/biopax/96/48895#Catalysis2678
993,4586|8819|14400,8820|15079,3,2,http://www.reactome.org/biopax/96/48895#BiochemicalReaction4336,1,http://www.reactome.org/biopax/96/48895#Catalysis1914
994,10452|14647|16404,13948|14317|16474,3,3,http://www.reactome.org/biopax/96/48895#BiochemicalReaction6958,1,http://www.reactome.org/biopax/96/48895#Catalysis3039
995,11218|13607|16462,13608|16466,3,2,http://www.reactome.org/biopax/96/48895#BiochemicalReaction3375,1,http://www.reactome.org/biopax/96/48895#Catalysis1555
997,1013|8014|13927,1010|14446,3,2,http://www.reactome.org/biopax/96/48895#BiochemicalReaction1049,1,http://www.reactome.org/biopax/96/48895#Catalysis456
998,84|14646|15551|15859,15860|16345|16475|16588,4,4,http://www.reactome.org/biopax/96/48895#BiochemicalReaction8348,1,http://www.reactome.org/biopax/96/48895#Catalysis4349
999,6908|7138|16476,7146|11481|14078,3,3,http://www.reactome.org/biopax/96/48895#BiochemicalReaction607,1,http://www.reactome.org/biopax/96/48895#Catalysis221
1000,10827|15336|16391|16583|16588,15338|16343|16392,5,3,http://www.reactome.org/biopax/96/48895#BiochemicalReaction7726,1,http://www.reactome.org/biopax/96/48895#Catalysis3774
1001,9316|14449,5852,2,1,http://www.reactome.org/biopax/96/48895#BiochemicalReaction7900,1,http://www.reactome.org/biopax/96/48895#Catalysis3940
1002,1200,1201|16574,1,2,http://www.reactome.org/biopax/96/48895#BiochemicalReaction1206,1,http://www.reactome.org/biopax/96/48895#Catalysis527
1003,1394|8674|14020,12146|14028,3,2,http://www.reactome.org/biopax/96/48895#BiochemicalReaction1383,1,http://www.reactome.org/biopax/96/48895#Catalysis576
1004,496|596|13998,3333|14008,3,2,http://www.reactome.org/biopax/96/48895#BiochemicalReaction672,1,http://www.reactome.org/biopax/96/48895#Catalysis242
1005,7232|13927|14664,14446|14665|14793,3,3,http://www.reactome.org/biopax/96/48895#BiochemicalReaction6993,1,http://www.reactome.org/biopax/96/48895#Catalysis3072
1006,7580|14647|16588,14317|16418,3,2,http://www.reactome.org/biopax/96/48895#BiochemicalReaction7941,1,http://www.reactome.org/biopax/96/48895#Catalysis3971
1007,3690|13787,3691,2,1,http://www.reactome.org/biopax/96/48895#BiochemicalReaction3529,-1,http://www.reactome.org/biopax/96/48895#Control325
1008,7661|13927|14041|15555,14446|14793|15556|16574,4,4,http://www.reactome.org/biopax/96/48895#BiochemicalReaction8026,1,http://www.reactome.org/biopax/96/48895#Catalysis4036
1009,218|11046|11950,11045|11951|15932,3,3,http://www.reactome.org/biopax/96/48895#BiochemicalReaction8438,1,http://www.reactome.org/biopax/96/48895#Catalysis4439
1010,825|14147,13928,2,1,http://www.reactome.org/biopax/96/48895#BiochemicalReaction847,1,http://www.reactome.org/biopax/96/48895#Catalysis339
1011,3708|14316,14317|16602,2,2,http://www.reactome.org/biopax/96/48895#BiochemicalReaction3551,1,http://www.reactome.org/biopax/96/48895#Catalysis1632
1012,6881|13298|16462,6882|13989|14078,3,3,http://www.reactome.org/biopax/96/48895#BiochemicalReaction6573,1,http://www.reactome.org/biopax/96/48895#Catalysis2767
1013,10672|14255|15034|16412,15035|15036|16449|16482,4,4,http://www.reactome.org/biopax/96/48895#BiochemicalReaction7385,1,http://www.reactome.org/biopax/96/48895#Catalysis3442
1014,3596|12349,13722|13723,2,2,http://www.reactome.org/biopax/96/48895#BiochemicalReaction3469,1,http://www.reactome.org/biopax/96/48895#Catalysis1600
1015,4560|8809|13927,8810|14446,3,2,http://www.reactome.org/biopax/96/48895#BiochemicalReaction4328,1,http://www.reactome.org/biopax/96/48895#Catalysis1908
1016,8126|12593|16324,8127|13929,3,2,http://www.reactome.org/biopax/96/48895#BiochemicalReaction1911,1,http://www.reactome.org/biopax/96/48895#Catalysis849
1017,6280|13927,6281|14446,2,2,http://www.reactome.org/biopax/96/48895#BiochemicalReaction5854,1,http://www.reactome.org/biopax/96/48895#Catalysis2399
1018,1020|16454,14762,2,1,http://www.reactome.org/biopax/96/48895#BiochemicalReaction7144,1,http://www.reactome.org/biopax/96/48895#Catalysis3212
1019,3079|6910|13303,6911|11363,3,2,http://www.reactome.org/biopax/96/48895#BiochemicalReaction6684,1,http://www.reactome.org/biopax/96/48895#Catalysis2877
1020,788|793|15607|15844,820|15940|16040,4,3,http://www.reactome.org/biopax/96/48895#BiochemicalReaction101,1,http://www.reactome.org/biopax/96/48895#Catalysis33
1021,259|13982|16023,16024|16025,3,2,http://www.reactome.org/biopax/96/48895#BiochemicalReaction8517,1,http://www.reactome.org/biopax/96/48895#Catalysis4516
1022,8056|12155|13998,12170|14008,3,2,http://www.reactome.org/biopax/96/48895#BiochemicalReaction1411,1,http://www.reactome.org/biopax/96/48895#Catalysis601
1023,12283|13927|14087,14019|14446|16574,3,3,http://www.reactome.org/biopax/96/48895#BiochemicalReaction8934,1,http://www.reactome.org/biopax/96/48895#Catalysis4789
1024,12540|14087|16558,14019|16559,3,2,http://www.reactome.org/biopax/96/48895#BiochemicalReaction1850,1,http://www.reactome.org/biopax/96/48895#Catalysis789
1025,1397|1401|16504,1398|14036,3,2,http://www.reactome.org/biopax/96/48895#BiochemicalReaction1387,-1,http://www.reactome.org/biopax/96/48895#Control134
1026,10491|10494|14097,10493|14096|16551,3,3,http://www.reactome.org/biopax/96/48895#BiochemicalReaction7042,1,http://www.reactome.org/biopax/96/48895#Catalysis3120
1027,735|14419|14744,14420|14755|16588,3,3,http://www.reactome.org/biopax/96/48895#BiochemicalReaction785,1,http://www.reactome.org/biopax/96/48895#Catalysis298
1028,1930|14019,14087,2,1,http://www.reactome.org/biopax/96/48895#BiochemicalReaction2105,1,http://www.reactome.org/biopax/96/48895#Control217
1029,11029|13968,14734|15869,2,2,http://www.reactome.org/biopax/96/48895#BiochemicalReaction8361,1,http://www.reactome.org/biopax/96/48895#Catalysis4362
1030,10747|10750,7423,2,1,http://www.reactome.org/biopax/96/48895#BiochemicalReaction7537,1,http://www.reactome.org/biopax/96/48895#Catalysis3594
1031,7479|14532|15242,15079|15243,3,2,http://www.reactome.org/biopax/96/48895#BiochemicalReaction7647,1,http://www.reactome.org/biopax/96/48895#Catalysis3698
1032,9935|14588|14589,14590|16414,3,2,http://www.reactome.org/biopax/96/48895#BiochemicalReaction6509,1,http://www.reactome.org/biopax/96/48895#Catalysis2711
1033,7339|14183|15307,15309,3,1,http://www.reactome.org/biopax/96/48895#BiochemicalReaction7704,1,http://www.reactome.org/biopax/96/48895#Catalysis3752
1034,5122|13927,5124|14446,2,2,http://www.reactome.org/biopax/96/48895#BiochemicalReaction4802,1,http://www.reactome.org/biopax/96/48895#Catalysis2040
1035,7550|16494,16515,2,1,http://www.reactome.org/biopax/96/48895#BiochemicalReaction7911,1,http://www.reactome.org/biopax/96/48895#Catalysis3949
1036,11013|15802,129,2,1,http://www.reactome.org/biopax/96/48895#BiochemicalReaction8289,1,http://www.reactome.org/biopax/96/48895#Catalysis4290
1037,4325|4343|13927,4326|14446,3,2,http://www.reactome.org/biopax/96/48895#BiochemicalReaction4091,1,http://www.reactome.org/biopax/96/48895#Catalysis1814
1038,6721|7777|15939,6722,3,1,http://www.reactome.org/biopax/96/48895#BiochemicalReaction6352,1,http://www.reactome.org/biopax/96/48895#Control598
1039,3820|16541|16552,14793|16563|16571,3,3,http://www.reactome.org/biopax/96/48895#BiochemicalReaction358,1,http://www.reactome.org/biopax/96/48895#Catalysis123
1040,179|11037|15568|16588,10894|15886,4,2,http://www.reactome.org/biopax/96/48895#BiochemicalReaction8379,1,http://www.reactome.org/biopax/96/48895#Catalysis4380
1041,12621|13958|14237|14297|14305,13967|14237|14290|14297,5,4,http://www.reactome.org/biopax/96/48895#BiochemicalReaction1954,1,http://www.reactome.org/biopax/96/48895#Catalysis892
1042,9016|9017|16467,5154,3,1,http://www.reactome.org/biopax/96/48895#BiochemicalReaction4835,1,http://www.reactome.org/biopax/96/48895#Control443
1043,4434|4577|16462,4578|16466,3,2,http://www.reactome.org/biopax/96/48895#BiochemicalReaction4325,1,http://www.reactome.org/biopax/96/48895#Catalysis1905
1044,1110|1112|16288,1111|16355|16356,3,3,http://www.reactome.org/biopax/96/48895#BiochemicalReaction1118,-1,http://www.reactome.org/biopax/96/48895#Control92
1045,1871|16485,16449,2,1,http://www.reactome.org/biopax/96/48895#BiochemicalReaction2039,1,http://www.reactome.org/biopax/96/48895#Catalysis968
1046,3803|6165|10745,6166,3,1,http://www.reactome.org/biopax/96/48895#BiochemicalReaction5757,1,http://www.reactome.org/biopax/96/48895#Catalysis2367
1047,8147|12804,8149,2,1,http://www.reactome.org/biopax/96/48895#BiochemicalReaction2272,1,http://www.reactome.org/biopax/96/48895#Catalysis1079
1048,4870|13927,4871|14446,2,2,http://www.reactome.org/biopax/96/48895#BiochemicalReaction4588,1,http://www.reactome.org/biopax/96/48895#Catalysis1968
1049,9902|14305|16533,14309|14548,3,2,http://www.reactome.org/biopax/96/48895#BiochemicalReaction6471,1,http://www.reactome.org/biopax/96/48895#Catalysis2673
1050,214|15814,14793|15928|15931,2,3,http://www.reactome.org/biopax/96/48895#BiochemicalReaction8436,1,http://www.reactome.org/biopax/96/48895#Catalysis4437
1052,10532|10539|14110,10535|14109|16551,3,3,http://www.reactome.org/biopax/96/48895#BiochemicalReaction7066,1,http://www.reactome.org/biopax/96/48895#Catalysis3142
1053,1598|1631|14019,1604|12381,3,2,http://www.reactome.org/biopax/96/48895#BiochemicalReaction1635,-1,http://www.reactome.org/biopax/96/48895#Control165
1054,181|15888|16482,13984|14041|14403,3,3,http://www.reactome.org/biopax/96/48895#BiochemicalReaction8382,1,http://www.reactome.org/biopax/96/48895#Catalysis4383
1055,3596|12899,13700,2,1,http://www.reactome.org/biopax/96/48895#BiochemicalReaction3459,1,http://www.reactome.org/biopax/96/48895#Catalysis1591
1056,7346|14934|16343,14935,3,1,http://www.reactome.org/biopax/96/48895#BiochemicalReaction7320,1,http://www.reactome.org/biopax/96/48895#Catalysis3379
1057,5499|10166|13028,10167|11363,3,2,http://www.reactome.org/biopax/96/48895#BiochemicalReaction6681,1,http://www.reactome.org/biopax/96/48895#Catalysis2874
1058,10745|13922,5471,2,1,http://www.reactome.org/biopax/96/48895#BiochemicalReaction5117,1,http://www.reactome.org/biopax/96/48895#Catalysis2181
1059,10997|14183|15001,14987|14990|15764,3,3,http://www.reactome.org/biopax/96/48895#BiochemicalReaction8233,1,http://www.reactome.org/biopax/96/48895#Catalysis4240
1060,7522|15415|15416,15417|15418,3,2,http://www.reactome.org/biopax/96/48895#BiochemicalReaction7813,1,http://www.reactome.org/biopax/96/48895#Catalysis3853
1062,10898|10899|16393,10895,3,1,http://www.reactome.org/biopax/96/48895#BiochemicalReaction7976,1,http://www.reactome.org/biopax/96/48895#Control756
1063,57|14255|15728|16482,14734|15726|16580,4,3,http://www.reactome.org/biopax/96/48895#BiochemicalReaction8180,1,http://www.reactome.org/biopax/96/48895#Catalysis4188
1064,13927|13972,14027,2,1,http://www.reactome.org/biopax/96/48895#BiochemicalReaction8404,1,http://www.reactome.org/biopax/96/48895#Control816
1065,10844|14255|14793|16334|16563,16340|16482|16552,5,3,http://www.reactome.org/biopax/96/48895#BiochemicalReaction7774,1,http://www.reactome.org/biopax/96/48895#Catalysis3818
1066,3807|13849|13860,3808,3,1,http://www.reactome.org/biopax/96/48895#BiochemicalReaction3647,-1,http://www.reactome.org/biopax/96/48895#Control340
1067,2573|13927,2574|13063|14446,2,3,http://www.reactome.org/biopax/96/48895#BiochemicalReaction2567,1,http://www.reactome.org/biopax/96/48895#Catalysis1189
1068,5524|5529|12340|13479,5528,4,1,http://www.reactome.org/biopax/96/48895#BiochemicalReaction5166,-1,http://www.reactome.org/biopax/96/48895#Control471
1069,15545|15546|16393,14417|14926,3,2,http://www.reactome.org/biopax/96/48895#BiochemicalReaction8015,1,http://www.reactome.org/biopax/96/48895#Control770
1070,5916|13927,5917|14446,2,2,http://www.reactome.org/biopax/96/48895#BiochemicalReaction5510,1,http://www.reactome.org/biopax/96/48895#Catalysis2261
1071,2040|14199,14201,2,1,http://www.reactome.org/biopax/96/48895#BiochemicalReaction2221,1,http://www.reactome.org/biopax/96/48895#Catalysis1060
1073,1064|2061|9992,12787|12789,3,2,http://www.reactome.org/biopax/96/48895#BiochemicalReaction2241,1,http://www.reactome.org/biopax/96/48895#Catalysis1066
1074,6991|16504,6992|7939,2,2,http://www.reactome.org/biopax/96/48895#BiochemicalReaction6726,1,http://www.reactome.org/biopax/96/48895#Catalysis2909
1075,13127|13174|13927,13175|14446,3,2,http://www.reactome.org/biopax/96/48895#BiochemicalReaction2704,1,http://www.reactome.org/biopax/96/48895#Catalysis1274
1076,3442|16482,3443|16574,2,2,http://www.reactome.org/biopax/96/48895#BiochemicalReaction3275,1,http://www.reactome.org/biopax/96/48895#Catalysis1528
1077,289|16157|16158,16159|16160,3,2,http://www.reactome.org/biopax/96/48895#BiochemicalReaction8614,1,http://www.reactome.org/biopax/96/48895#Catalysis4610
1078,84|15860|16345|16475|16588,14646|15551|15859,5,3,http://www.reactome.org/biopax/96/48895#BiochemicalReaction8349,1,http://www.reactome.org/biopax/96/48895#Catalysis4350
1079,702|14019,14087,2,1,http://www.reactome.org/biopax/96/48895#BiochemicalReaction740,1,http://www.reactome.org/biopax/96/48895#Catalysis258
1080,10810|15248,15249,2,1,http://www.reactome.org/biopax/96/48895#BiochemicalReaction7654,1,http://www.reactome.org/biopax/96/48895#Catalysis3704
1081,7441|7442|15205,7443,3,1,http://www.reactome.org/biopax/96/48895#BiochemicalReaction7601,1,http://www.reactome.org/biopax/96/48895#Catalysis3653
1082,12685|16378,14343,2,1,http://www.reactome.org/biopax/96/48895#BiochemicalReaction2095,1,http://www.reactome.org/biopax/96/48895#Control207
1083,8|14308|14793|16482,14734|15981,4,2,http://www.reactome.org/biopax/96/48895#BiochemicalReaction8073,1,http://www.reactome.org/biopax/96/48895#Catalysis4081
1085,7906|14873|15343|15607|16066,14874|15321|16067,5,3,http://www.reactome.org/biopax/96/48895#BiochemicalReaction8560,1,http://www.reactome.org/biopax/96/48895#Catalysis4557
1086,6574|16462,9717|9719|16466,2,3,http://www.reactome.org/biopax/96/48895#BiochemicalReaction6180,1,http://www.reactome.org/biopax/96/48895#Catalysis2530
1087,1237|12008|13927,12009,3,1,http://www.reactome.org/biopax/96/48895#BiochemicalReaction1251,1,http://www.reactome.org/biopax/96/48895#Control115
1088,2911|3137,3134|3136|9992,2,3,http://www.reactome.org/biopax/96/48895#BiochemicalReaction3058,1,http://www.reactome.org/biopax/96/48895#Catalysis1456
1089,3143|14279,3135|3138|8017|8194|13320|14078,2,6,http://www.reactome.org/biopax/96/48895#BiochemicalReaction3062,1,http://www.reactome.org/biopax/96/48895#Catalysis1458
1090,5499|10129,10130|11363,2,2,http://www.reactome.org/biopax/96/48895#BiochemicalReaction6644,1,http://www.reactome.org/biopax/96/48895#Catalysis2839
1091,1224|1225|13927,1226|14446,3,2,http://www.reactome.org/biopax/96/48895#BiochemicalReaction1242,1,http://www.reactome.org/biopax/96/48895#Catalysis542
1092,193|14419|15901|16343,14420|15902|16588,4,3,http://www.reactome.org/biopax/96/48895#BiochemicalReaction8452,1,http://www.reactome.org/biopax/96/48895#Catalysis4453
1093,1604|1641,1660,2,1,http://www.reactome.org/biopax/96/48895#BiochemicalReaction1670,1,http://www.reactome.org/biopax/96/48895#Catalysis710
1094,321|16424|16482,14793|16518,3,2,http://www.reactome.org/biopax/96/48895#BiochemicalReaction8693,1,http://www.reactome.org/biopax/96/48895#Catalysis4687
1095,554|16482,555|563|16574,2,3,http://www.reactome.org/biopax/96/48895#BiochemicalReaction8917,1,http://www.reactome.org/biopax/96/48895#Catalysis4783
1096,2297|13927,2298|14446,2,2,http://www.reactome.org/biopax/96/48895#BiochemicalReaction2383,1,http://www.reactome.org/biopax/96/48895#Catalysis1112
1097,622|9425|13927,9428|14446,3,2,http://www.reactome.org/biopax/96/48895#BiochemicalReaction5622,1,http://www.reactome.org/biopax/96/48895#Catalysis2313
1098,7352|14420|14959|16588,14419|14960,4,2,http://www.reactome.org/biopax/96/48895#BiochemicalReaction7341,1,http://www.reactome.org/biopax/96/48895#Catalysis3400
1099,11444|15254|15255|15256,15257|15258,4,2,http://www.reactome.org/biopax/96/48895#BiochemicalReaction7657,1,http://www.reactome.org/biopax/96/48895#Catalysis3707
1100,11103|16202,11760|16203,2,2,http://www.reactome.org/biopax/96/48895#BiochemicalReaction8649,1,http://www.reactome.org/biopax/96/48895#Catalysis4643
1101,2145|12822|13927,2134|2139|2146|2147|12820|12821|14446,3,7,http://www.reactome.org/biopax/96/48895#BiochemicalReaction2297,1,http://www.reactome.org/biopax/96/48895#Catalysis1088
1102,10694|15058,14526|16449,2,2,http://www.reactome.org/biopax/96/48895#BiochemicalReaction7417,1,http://www.reactome.org/biopax/96/48895#Catalysis3474
1103,4458|14386|16563,14387|14793|16552,3,3,http://www.reactome.org/biopax/96/48895#BiochemicalReaction4216,1,http://www.reactome.org/biopax/96/48895#Catalysis1855
1104,97|15761,15763,2,1,http://www.reactome.org/biopax/96/48895#BiochemicalReaction8231,1,http://www.reactome.org/biopax/96/48895#Catalysis4238
1105,1331|3332|13431|13927,3405|13431|14446,4,3,http://www.reactome.org/biopax/96/48895#BiochemicalReaction3248,1,http://www.reactome.org/biopax/96/48895#Catalysis1516
1106,1931|14019,14087,2,1,http://www.reactome.org/biopax/96/48895#BiochemicalReaction2103,1,http://www.reactome.org/biopax/96/48895#Catalysis1013
1107,7675|10948|15591,10949|15592|16482,3,3,http://www.reactome.org/biopax/96/48895#BiochemicalReaction8058,1,http://www.reactome.org/biopax/96/48895#Catalysis4066
1108,11468|11470|16483,11457|14072|16493,3,3,http://www.reactome.org/biopax/96/48895#BiochemicalReaction569,1,http://www.reactome.org/biopax/96/48895#Catalysis216
1109,7231|14730|15029,14731|14793|15050,3,3,http://www.reactome.org/biopax/96/48895#BiochemicalReaction7112,1,http://www.reactome.org/biopax/96/48895#Catalysis3180
1110,3345|11849|13927,3347|14446,3,2,http://www.reactome.org/biopax/96/48895#BiochemicalReaction3204,1,http://www.reactome.org/biopax/96/48895#Catalysis1501
1111,10608|14805,7302,2,1,http://www.reactome.org/biopax/96/48895#BiochemicalReaction7199,1,http://www.reactome.org/biopax/96/48895#Catalysis3266
1112,10827|15333|16391|16583|16588,15336|16343|16392,5,3,http://www.reactome.org/biopax/96/48895#BiochemicalReaction7724,1,http://www.reactome.org/biopax/96/48895#Catalysis3772
1113,3170|14147,13928,2,1,http://www.reactome.org/biopax/96/48895#BiochemicalReaction3081,1,http://www.reactome.org/biopax/96/48895#Catalysis1466
1115,3553|8746|14020,3554|14028,3,2,http://www.reactome.org/biopax/96/48895#BiochemicalReaction3378,1,http://www.reactome.org/biopax/96/48895#Catalysis1557
1116,11590|15009|15010,14901|15011,3,2,http://www.reactome.org/biopax/96/48895#BiochemicalReaction7367,1,http://www.reactome.org/biopax/96/48895#Catalysis3424
1118,7056|9071,8824|14464,2,2,http://www.reactome.org/biopax/96/48895#BiochemicalReaction48,1,http://www.reactome.org/biopax/96/48895#Catalysis19
1119,3850|16580,3864|16482,2,2,http://www.reactome.org/biopax/96/48895#BiochemicalReaction363,1,http://www.reactome.org/biopax/96/48895#Catalysis128
1120,2995|8760,10143|11363,2,2,http://www.reactome.org/biopax/96/48895#BiochemicalReaction6661,1,http://www.reactome.org/biopax/96/48895#Catalysis2854
1121,6909|8663,10126|10171,2,2,http://www.reactome.org/biopax/96/48895#BiochemicalReaction6683,1,http://www.reactome.org/biopax/96/48895#Catalysis2876
1122,5599|11231|14020,5602|14028,3,2,http://www.reactome.org/biopax/96/48895#BiochemicalReaction5232,1,http://www.reactome.org/biopax/96/48895#Catalysis2225
1123,10720|14776|16351,15053|15100,3,2,http://www.reactome.org/biopax/96/48895#BiochemicalReaction7476,1,http://www.reactome.org/biopax/96/48895#Catalysis3533
1124,3839|14793|14855|16563,14635|16552,4,2,http://www.reactome.org/biopax/96/48895#BiochemicalReaction359,1,http://www.reactome.org/biopax/96/48895#Catalysis124
1125,7221|14548|16482,14734|16533,3,2,http://www.reactome.org/biopax/96/48895#BiochemicalReaction6978,1,http://www.reactome.org/biopax/96/48895#Catalysis3057
1126,5439|8388|13927,8392|14446,3,2,http://www.reactome.org/biopax/96/48895#BiochemicalReaction5091,-1,http://www.reactome.org/biopax/96/48895#Control463
1127,185|14793|15050|15892,15029|16412,4,2,http://www.reactome.org/biopax/96/48895#BiochemicalReaction8386,1,http://www.reactome.org/biopax/96/48895#Catalysis4387
1128,12350|16308,16446|16447,2,2,http://www.reactome.org/biopax/96/48895#BiochemicalReaction1600,1,http://www.reactome.org/biopax/96/48895#Catalysis684
1129,7749|7752|16482,7751|16514,3,2,http://www.reactome.org/biopax/96/48895#BiochemicalReaction5929,1,http://www.reactome.org/biopax/96/48895#Catalysis2428
1130,10273|10275|16600,10274|16599,3,2,http://www.reactome.org/biopax/96/48895#BiochemicalReaction6803,1,http://www.reactome.org/biopax/96/48895#Catalysis2942
1131,8047|12141|14020,8049|14028,3,2,http://www.reactome.org/biopax/96/48895#BiochemicalReaction1380,1,http://www.reactome.org/biopax/96/48895#Catalysis573
1132,277|11083,276,2,1,http://www.reactome.org/biopax/96/48895#BiochemicalReaction8618,1,http://www.reactome.org/biopax/96/48895#Catalysis4614
1133,1560|12333|15939,1561|14254,3,2,http://www.reactome.org/biopax/96/48895#BiochemicalReaction1573,1,http://www.reactome.org/biopax/96/48895#Catalysis676
1134,4560|11876|13927,11878|14446,3,2,http://www.reactome.org/biopax/96/48895#BiochemicalReaction4323,1,http://www.reactome.org/biopax/96/48895#Catalysis1904
1135,3003|16504,3004|14279,2,2,http://www.reactome.org/biopax/96/48895#BiochemicalReaction2954,1,http://www.reactome.org/biopax/96/48895#Catalysis1409
1136,8054|12142|13998,12153|14008,3,2,http://www.reactome.org/biopax/96/48895#BiochemicalReaction1409,1,http://www.reactome.org/biopax/96/48895#Catalysis599
1137,10746|10758,7431,2,1,http://www.reactome.org/biopax/96/48895#BiochemicalReaction7556,1,http://www.reactome.org/biopax/96/48895#Catalysis3612
1138,10226|10393|14638,10229|13969,3,2,http://www.reactome.org/biopax/96/48895#BiochemicalReaction6902,1,http://www.reactome.org/biopax/96/48895#Catalysis3004
1139,10927|10928,7642,2,1,http://www.reactome.org/biopax/96/48895#BiochemicalReaction7994,1,http://www.reactome.org/biopax/96/48895#Catalysis4010
1141,8004|11769|13927|16482,8005|14446|16574,4,3,http://www.reactome.org/biopax/96/48895#BiochemicalReaction959,1,http://www.reactome.org/biopax/96/48895#Catalysis414
1142,11774|16300,14793|16301,2,2,http://www.reactome.org/biopax/96/48895#BiochemicalReaction965,1,http://www.reactome.org/biopax/96/48895#Catalysis420
1143,705|715|716|11623|11624|11627|11628|11634,717,8,1,http://www.reactome.org/biopax/96/48895#BiochemicalReaction755,1,http://www.reactome.org/biopax/96/48895#Control60
1144,3220|7598|14419,7597|14298|16410,3,3,http://www.reactome.org/biopax/96/48895#BiochemicalReaction7975,1,http://www.reactome.org/biopax/96/48895#Catalysis4003
1145,8245|10208,12762,2,1,http://www.reactome.org/biopax/96/48895#BiochemicalReaction6751,1,http://www.reactome.org/biopax/96/48895#Catalysis2926
1147,4976|5621,4950|4964|13841,2,3,http://www.reactome.org/biopax/96/48895#BiochemicalReaction4676,1,http://www.reactome.org/biopax/96/48895#Catalysis1988
1148,10624|14793|14813|16563,14818|16552,4,2,http://www.reactome.org/biopax/96/48895#BiochemicalReaction7213,1,http://www.reactome.org/biopax/96/48895#Catalysis3279
1149,1149|14020,1150|14028,2,2,http://www.reactome.org/biopax/96/48895#BiochemicalReaction1153,1,http://www.reactome.org/biopax/96/48895#Catalysis495
1150,5263|9037|16482,5280|16574,3,2,http://www.reactome.org/biopax/96/48895#BiochemicalReaction4952,1,http://www.reactome.org/biopax/96/48895#Catalysis2105
1151,9740|9745|13927,9746|14446,3,2,http://www.reactome.org/biopax/96/48895#BiochemicalReaction6219,1,http://www.reactome.org/biopax/96/48895#Catalysis2554
1152,10773|13927|15171,14446|14793|15172,3,3,http://www.reactome.org/biopax/96/48895#BiochemicalReaction7579,1,http://www.reactome.org/biopax/96/48895#Catalysis3634
1153,7492|14255|14793|15357|16563,15358|16482|16552,5,3,http://www.reactome.org/biopax/96/48895#BiochemicalReaction7743,-1,http://www.reactome.org/biopax/96/48895#Control713
1154,1209|11982|16409,11983,3,1,http://www.reactome.org/biopax/96/48895#BiochemicalReaction1222,1,http://www.reactome.org/biopax/96/48895#Catalysis535
1155,7607|15517|16343,13941,3,1,http://www.reactome.org/biopax/96/48895#BiochemicalReaction7970,1,http://www.reactome.org/biopax/96/48895#Catalysis3998
1156,7195|13927|14308,7201,3,1,http://www.reactome.org/biopax/96/48895#BiochemicalReaction6949,-1,http://www.reactome.org/biopax/96/48895#Control648
1157,7515|12761,7516,2,1,http://www.reactome.org/biopax/96/48895#BiochemicalReaction7800,1,http://www.reactome.org/biopax/96/48895#Catalysis3842
1158,6625,6626|13768,1,2,http://www.reactome.org/biopax/96/48895#BiochemicalReaction6252,1,http://www.reactome.org/biopax/96/48895#Catalysis2564
1159,2265|15939,2267|12492|12875|14254|16574,2,5,http://www.reactome.org/biopax/96/48895#BiochemicalReaction2361,1,http://www.reactome.org/biopax/96/48895#Catalysis1105
1160,13|13927|15624,14446|14793|15625,3,3,http://www.reactome.org/biopax/96/48895#BiochemicalReaction8086,1,http://www.reactome.org/biopax/96/48895#Catalysis4094
1161,7339|14999|15309,14990|15001|15311,3,3,http://www.reactome.org/biopax/96/48895#BiochemicalReaction7706,1,http://www.reactome.org/biopax/96/48895#Catalysis3754
1162,10749|15136,7422,2,1,http://www.reactome.org/biopax/96/48895#BiochemicalReaction7536,1,http://www.reactome.org/biopax/96/48895#Catalysis3593
1163,7869|14375|16482,14530|15104,3,2,http://www.reactome.org/biopax/96/48895#BiochemicalReaction7482,1,http://www.reactome.org/biopax/96/48895#Catalysis3539
1164,6959|16504,6960|7939,2,2,http://www.reactome.org/biopax/96/48895#BiochemicalReaction6710,1,http://www.reactome.org/biopax/96/48895#Catalysis2896
1165,9785|14500|15934,14990|15935|15937,3,3,http://www.reactome.org/biopax/96/48895#BiochemicalReaction8442,1,http://www.reactome.org/biopax/96/48895#Catalysis4443
1166,3406|13927,3407|14446,2,2,http://www.reactome.org/biopax/96/48895#BiochemicalReaction3249,1,http://www.reactome.org/biopax/96/48895#Catalysis1517
1167,11000|14793|15605|16563,15552|16552,4,2,http://www.reactome.org/biopax/96/48895#BiochemicalReaction8243,1,http://www.reactome.org/biopax/96/48895#Catalysis4248
1168,2009|9390,12919,2,1,http://www.reactome.org/biopax/96/48895#BiochemicalReaction5561,1,http://www.reactome.org/biopax/96/48895#Catalysis2290
1169,7333|14255|14463,14866,3,1,http://www.reactome.org/biopax/96/48895#BiochemicalReaction7260,1,http://www.reactome.org/biopax/96/48895#Catalysis3319
1170,708|14255|14287|16482,14723|14734|16580,4,3,http://www.reactome.org/biopax/96/48895#BiochemicalReaction784,1,http://www.reactome.org/biopax/96/48895#Catalysis297
1172,2617|2697|13927,2699|14446,3,2,http://www.reactome.org/biopax/96/48895#BiochemicalReaction2690,1,http://www.reactome.org/biopax/96/48895#Catalysis1266
1173,12584|16481,16601,2,1,http://www.reactome.org/biopax/96/48895#BiochemicalReaction1900,1,http://www.reactome.org/biopax/96/48895#Catalysis838
1174,10691|16482|16522,14350|15047,3,2,http://www.reactome.org/biopax/96/48895#BiochemicalReaction7408,1,http://www.reactome.org/biopax/96/48895#Catalysis3465
1175,5931|13927,14815|15079,2,2,http://www.reactome.org/biopax/96/48895#BiochemicalReaction5531,1,http://www.reactome.org/biopax/96/48895#Catalysis2273
1176,2702|13927,2703|14446,2,2,http://www.reactome.org/biopax/96/48895#BiochemicalReaction2694,1,http://www.reactome.org/biopax/96/48895#Catalysis1269
1177,10753|13736|13927,10754|14446|14793,3,3,http://www.reactome.org/biopax/96/48895#BiochemicalReaction7546,1,http://www.reactome.org/biopax/96/48895#Catalysis3603
1178,3587|13763,13769|13770,2,2,http://www.reactome.org/biopax/96/48895#BiochemicalReaction3506,1,http://www.reactome.org/biopax/96/48895#Catalysis1619
1179,11061|14793|16406,16424|16589,3,2,http://www.reactome.org/biopax/96/48895#BiochemicalReaction8490,1,http://www.reactome.org/biopax/96/48895#Catalysis4490
1180,1864|16482,16351,2,1,http://www.reactome.org/biopax/96/48895#BiochemicalReaction2024,1,http://www.reactome.org/biopax/96/48895#Catalysis955
1181,10735|15101|16482,14375|16574,3,2,http://www.reactome.org/biopax/96/48895#BiochemicalReaction7511,1,http://www.reactome.org/biopax/96/48895#Catalysis3568
1182,14150|14151,14087,2,1,http://www.reactome.org/biopax/96/48895#BiochemicalReaction2088,1,http://www.reactome.org/biopax/96/48895#Control203
1183,10814|15277|16552,15278|16424|16563,3,3,http://www.reactome.org/biopax/96/48895#BiochemicalReaction7672,1,http://www.reactome.org/biopax/96/48895#Catalysis3722
1184,1677|2301,1679,2,1,http://www.reactome.org/biopax/96/48895#BiochemicalReaction1692,1,http://www.reactome.org/biopax/96/48895#Catalysis722
1185,3811|13849|14321,13861|14322,3,2,http://www.reactome.org/biopax/96/48895#BiochemicalReaction3651,1,http://www.reactome.org/biopax/96/48895#Catalysis1684
1186,1495|6344|16482,6345|16574,3,2,http://www.reactome.org/biopax/96/48895#BiochemicalReaction5927,1,http://www.reactome.org/biopax/96/48895#Catalysis2426
1187,3132|9992,3137|3139,2,2,http://www.reactome.org/biopax/96/48895#BiochemicalReaction3057,1,http://www.reactome.org/biopax/96/48895#Catalysis1455
1188,9910|14097|14739,14096|14754,3,2,http://www.reactome.org/biopax/96/48895#BiochemicalReaction7127,1,http://www.reactome.org/biopax/96/48895#Catalysis3195
1189,4495|9992,4469|4502,2,2,http://www.reactome.org/biopax/96/48895#BiochemicalReaction411,1,http://www.reactome.org/biopax/96/48895#Catalysis147
1190,2407|12967|15939,2408|12948|14254,3,3,http://www.reactome.org/biopax/96/48895#BiochemicalReaction2434,1,http://www.reactome.org/biopax/96/48895#Catalysis1136
1191,121|15799,122,2,1,http://www.reactome.org/biopax/96/48895#BiochemicalReaction8281,1,http://www.reactome.org/biopax/96/48895#Catalysis4285
1192,13822|16363|16482,14232|16574,3,2,http://www.reactome.org/biopax/96/48895#BiochemicalReaction7530,1,http://www.reactome.org/biopax/96/48895#Catalysis3587
1193,12216|12218|15142,12217|15274,3,2,http://www.reactome.org/biopax/96/48895#BiochemicalReaction1450,1,http://www.reactome.org/biopax/96/48895#Catalysis633
1194,3761|4035|13927,4039|14446,3,2,http://www.reactome.org/biopax/96/48895#BiochemicalReaction3830,1,http://www.reactome.org/biopax/96/48895#Catalysis1743
1195,415|416,417|419|16514,2,3,http://www.reactome.org/biopax/96/48895#BiochemicalReaction8785,1,http://www.reactome.org/biopax/96/48895#Catalysis4731
1196,5026|13927,5027|14446,2,2,http://www.reactome.org/biopax/96/48895#BiochemicalReaction4723,1,http://www.reactome.org/biopax/96/48895#Catalysis2004
1197,7417|13927|16299,13979|14446,3,2,http://www.reactome.org/biopax/96/48895#BiochemicalReaction7526,1,http://www.reactome.org/biopax/96/48895#Catalysis3583
1198,6009|13927,6010|14446,2,2,http://www.reactome.org/biopax/96/48895#BiochemicalReaction5613,1,http://www.reactome.org/biopax/96/48895#Catalysis2310
1199,10719|14196|15098,14362|15095,3,2,http://www.reactome.org/biopax/96/48895#BiochemicalReaction7474,1,http://www.reactome.org/biopax/96/48895#Catalysis3531
1200,896|13927|16135,14446|16146,3,2,http://www.reactome.org/biopax/96/48895#BiochemicalReaction942,1,http://www.reactome.org/biopax/96/48895#Catalysis403
1201,7310|14255|15493|15494,15495|15496|16482,4,3,http://www.reactome.org/biopax/96/48895#BiochemicalReaction7878,1,http://www.reactome.org/biopax/96/48895#Catalysis3918
1202,11748|14255|14793|15483|16563,15484|16482|16552,5,3,http://www.reactome.org/biopax/96/48895#BiochemicalReaction7871,1,http://www.reactome.org/biopax/96/48895#Catalysis3911
1203,10990|13931|13935,13938|16629,3,2,http://www.reactome.org/biopax/96/48895#BiochemicalReaction8215,1,http://www.reactome.org/biopax/96/48895#Catalysis4222
1204,7446|7820|14430,7447|14693,3,2,http://www.reactome.org/biopax/96/48895#BiochemicalReaction7603,1,http://www.reactome.org/biopax/96/48895#Catalysis3655
1205,10860|14255|14793|15405|16563,15407|16482|16552,5,3,http://www.reactome.org/biopax/96/48895#BiochemicalReaction7804,1,http://www.reactome.org/biopax/96/48895#Catalysis3845
1206,6239|13927,11433|11434|14446,2,3,http://www.reactome.org/biopax/96/48895#BiochemicalReaction534,1,http://www.reactome.org/biopax/96/48895#Catalysis208
1208,3147|3188|16462,3177|16466,3,2,http://www.reactome.org/biopax/96/48895#BiochemicalReaction311,1,http://www.reactome.org/biopax/96/48895#Catalysis111
1209,12595|13939|13940,13941|16572,3,2,http://www.reactome.org/biopax/96/48895#BiochemicalReaction1915,1,http://www.reactome.org/biopax/96/48895#Catalysis853
1210,374|11175|11176|11177,375|11140|11145|11150|11161|11168,4,6,http://www.reactome.org/biopax/96/48895#BiochemicalReaction8764,1,http://www.reactome.org/biopax/96/48895#Catalysis4724
1211,8035|13803,8290,2,1,http://www.reactome.org/biopax/96/48895#BiochemicalReaction224,1,http://www.reactome.org/biopax/96/48895#Catalysis72
1212,3553|11471|13596,3556,3,1,http://www.reactome.org/biopax/96/48895#BiochemicalReaction3381,1,http://www.reactome.org/biopax/96/48895#Control300
1213,7325|15471|16482,15473,3,1,http://www.reactome.org/biopax/96/48895#BiochemicalReaction7862,1,http://www.reactome.org/biopax/96/48895#Catalysis3902
1214,7229|14651|16541,14650|14661|14793,3,3,http://www.reactome.org/biopax/96/48895#BiochemicalReaction6986,1,http://www.reactome.org/biopax/96/48895#Catalysis3065
1216,3848|14635|16580,14855|16482,3,2,http://www.reactome.org/biopax/96/48895#BiochemicalReaction360,1,http://www.reactome.org/biopax/96/48895#Catalysis125
1217,11790|13347|13927,11789|14446,3,2,http://www.reactome.org/biopax/96/48895#BiochemicalReaction3102,1,http://www.reactome.org/biopax/96/48895#Control284
1218,3596|13459,13631|13632,2,2,http://www.reactome.org/biopax/96/48895#BiochemicalReaction3398,1,http://www.reactome.org/biopax/96/48895#Catalysis1562
1219,1854|14064|14297,14068|14237,3,2,http://www.reactome.org/biopax/96/48895#BiochemicalReaction8165,1,http://www.reactome.org/biopax/96/48895#Catalysis4173
1220,10752|13927|15146,14446|15147,3,2,http://www.reactome.org/biopax/96/48895#BiochemicalReaction7559,1,http://www.reactome.org/biopax/96/48895#Catalysis3614
1221,6669|13927,6671|14446,2,2,http://www.reactome.org/biopax/96/48895#BiochemicalReaction6308,1,http://www.reactome.org/biopax/96/48895#Catalysis2586
1223,1238|12012|13927,1239|14446,3,2,http://www.reactome.org/biopax/96/48895#BiochemicalReaction1255,1,http://www.reactome.org/biopax/96/48895#Catalysis548
1224,9932|14586|16416,14587|16414,3,2,http://www.reactome.org/biopax/96/48895#BiochemicalReaction6507,1,http://www.reactome.org/biopax/96/48895#Catalysis2709
1225,151|14038|14417,13970|15838,3,2,http://www.reactome.org/biopax/96/48895#BiochemicalReaction8324,1,http://www.reactome.org/biopax/96/48895#Catalysis4325
1226,5925|5956,5957,2,1,http://www.reactome.org/biopax/96/48895#BiochemicalReaction5558,1,http://www.reactome.org/biopax/96/48895#Catalysis2288
1227,13127|13135|13927,13106|14446,3,2,http://www.reactome.org/biopax/96/48895#BiochemicalReaction2637,1,http://www.reactome.org/biopax/96/48895#Catalysis1234
1228,1669,1668|2301,1,2,http://www.reactome.org/biopax/96/48895#BiochemicalReaction1681,1,http://www.reactome.org/biopax/96/48895#Catalysis714
1229,7855|14318|16482,15048|15051,3,2,http://www.reactome.org/biopax/96/48895#BiochemicalReaction7405,1,http://www.reactome.org/biopax/96/48895#Catalysis3462
1230,11589|14904|15009,14901|15012,3,2,http://www.reactome.org/biopax/96/48895#BiochemicalReaction7368,1,http://www.reactome.org/biopax/96/48895#Catalysis3425
1231,5112|10745,5113,2,1,http://www.reactome.org/biopax/96/48895#BiochemicalReaction4793,1,http://www.reactome.org/biopax/96/48895#Catalysis2037
1232,7756|14087,7766,2,1,http://www.reactome.org/biopax/96/48895#BiochemicalReaction256,1,http://www.reactome.org/biopax/96/48895#Control14
1233,3303|3305|13927,3306|14446,3,2,http://www.reactome.org/biopax/96/48895#BiochemicalReaction3185,1,http://www.reactome.org/biopax/96/48895#Catalysis1492
1234,10638|15457|16552,15458|16563,3,2,http://www.reactome.org/biopax/96/48895#BiochemicalReaction7851,1,http://www.reactome.org/biopax/96/48895#Catalysis3891
1235,10599|13927|14775,14446|14779,3,2,http://www.reactome.org/biopax/96/48895#BiochemicalReaction7172,1,http://www.reactome.org/biopax/96/48895#Catalysis3240
1236,3905|14308,3838,2,1,http://www.reactome.org/biopax/96/48895#BiochemicalReaction6226,1,http://www.reactome.org/biopax/96/48895#Catalysis2558
1237,11598|15314|15316,14901|15319,3,2,http://www.reactome.org/biopax/96/48895#BiochemicalReaction7712,1,http://www.reactome.org/biopax/96/48895#Catalysis3760
1238,1966|12730,1990|16480|16486,2,3,http://www.reactome.org/biopax/96/48895#BiochemicalReaction2172,-1,http://www.reactome.org/biopax/96/48895#Control225
1239,3690|7226,3691,2,1,http://www.reactome.org/biopax/96/48895#BiochemicalReaction3529,-1,http://www.reactome.org/biopax/96/48895#Control326
1240,700|14147,14147,2,1,http://www.reactome.org/biopax/96/48895#BiochemicalReaction738,1,http://www.reactome.org/biopax/96/48895#Catalysis256
1241,3683|6633,6614|11038,2,2,http://www.reactome.org/biopax/96/48895#BiochemicalReaction6262,1,http://www.reactome.org/biopax/96/48895#Catalysis2568
1242,10346|10348|16351,10347,3,1,http://www.reactome.org/biopax/96/48895#BiochemicalReaction6858,1,http://www.reactome.org/biopax/96/48895#Catalysis2975
1243,10466|14793|16515|16563,14662|16552,4,2,http://www.reactome.org/biopax/96/48895#BiochemicalReaction6991,1,http://www.reactome.org/biopax/96/48895#Catalysis3070
1244,7163|7533|15939,7534|14254,3,2,http://www.reactome.org/biopax/96/48895#BiochemicalReaction7895,1,http://www.reactome.org/biopax/96/48895#Catalysis3935
1246,12656|14111,14112,2,1,http://www.reactome.org/biopax/96/48895#BiochemicalReaction2014,1,http://www.reactome.org/biopax/96/48895#Catalysis946
1248,502|11273,505,2,1,http://www.reactome.org/biopax/96/48895#BiochemicalReaction8854,1,http://www.reactome.org/biopax/96/48895#Control899
1249,809|13928|14019|14297,14087|14147|14237,4,3,http://www.reactome.org/biopax/96/48895#BiochemicalReaction832,1,http://www.reactome.org/biopax/96/48895#Catalysis328
1250,3596|12348,13719|13720,2,2,http://www.reactome.org/biopax/96/48895#BiochemicalReaction3468,1,http://www.reactome.org/biopax/96/48895#Catalysis1599
1251,5380|16371|16563,14793|16373|16552,3,3,http://www.reactome.org/biopax/96/48895#BiochemicalReaction5032,1,http://www.reactome.org/biopax/96/48895#Catalysis2141
1252,5585|5587|13927,5586|14446,3,2,http://www.reactome.org/biopax/96/48895#BiochemicalReaction5216,-1,http://www.reactome.org/biopax/96/48895#Control476
1253,2084|5621,10745,2,1,http://www.reactome.org/biopax/96/48895#BiochemicalReaction2260,1,http://www.reactome.org/biopax/96/48895#Catalysis1076
1254,7872|13927|14232,14446|16363,3,2,http://www.reactome.org/biopax/96/48895#BiochemicalReaction7529,1,http://www.reactome.org/biopax/96/48895#Catalysis3586
1255,12605|13957|14297|14343,13966|14237|16378,4,3,http://www.reactome.org/biopax/96/48895#BiochemicalReaction1932,1,http://www.reactome.org/biopax/96/48895#Catalysis870
1256,1391|8674|14020,12139|14028,3,2,http://www.reactome.org/biopax/96/48895#BiochemicalReaction1379,1,http://www.reactome.org/biopax/96/48895#Catalysis572
1257,120|7901|14793|16563,116|16552,4,2,http://www.reactome.org/biopax/96/48895#BiochemicalReaction8279,1,http://www.reactome.org/biopax/96/48895#Catalysis4283
1258,1141|10745,1142,2,1,http://www.reactome.org/biopax/96/48895#BiochemicalReaction1144,1,http://www.reactome.org/biopax/96/48895#Catalysis490
1259,1872|16449,16485,2,1,http://www.reactome.org/biopax/96/48895#BiochemicalReaction2026,1,http://www.reactome.org/biopax/96/48895#Catalysis957
1260,7502|15371|16391|16583|16588,7504|15372|15375|16343|16392,5,5,http://www.reactome.org/biopax/96/48895#BiochemicalReaction7763,1,http://www.reactome.org/biopax/96/48895#Catalysis3807
1261,560|11311|13927,11326|14446,3,2,http://www.reactome.org/biopax/96/48895#BiochemicalReaction8914,-1,http://www.reactome.org/biopax/96/48895#Control912
1262,7851|14975|16343,14976|15568|16588,3,3,http://www.reactome.org/biopax/96/48895#BiochemicalReaction7350,1,http://www.reactome.org/biopax/96/48895#Catalysis3409
1263,2169|9738|13927,9740|14446,3,2,http://www.reactome.org/biopax/96/48895#BiochemicalReaction6216,1,http://www.reactome.org/biopax/96/48895#Catalysis2551
1264,1238|6608|12068,6610,3,1,http://www.reactome.org/biopax/96/48895#BiochemicalReaction6241,-1,http://www.reactome.org/biopax/96/48895#Control581
1265,12527|13927|16482|16526,14446|16527|16574,4,3,http://www.reactome.org/biopax/96/48895#BiochemicalReaction1822,1,http://www.reactome.org/biopax/96/48895#Catalysis766
1266,5469|10745,5470|13922,2,2,http://www.reactome.org/biopax/96/48895#BiochemicalReaction5116,1,http://www.reactome.org/biopax/96/48895#Catalysis2180
1267,1706|5484|15939,1707|14254,3,2,http://www.reactome.org/biopax/96/48895#BiochemicalReaction5132,1,http://www.reactome.org/biopax/96/48895#Catalysis2187
1268,306|13927|13969|16482,15079|15142|16574,4,3,http://www.reactome.org/biopax/96/48895#BiochemicalReaction8650,1,http://www.reactome.org/biopax/96/48895#Catalysis4644
1269,7928|7929|15476,16168|16284,3,2,http://www.reactome.org/biopax/96/48895#BiochemicalReaction8624,1,http://www.reactome.org/biopax/96/48895#Catalysis4618
1270,9907|14117|14517,14554|15723,3,2,http://www.reactome.org/biopax/96/48895#BiochemicalReaction6479,1,http://www.reactome.org/biopax/96/48895#Catalysis2681
1271,11026|14918|15854,15568|15856,3,2,http://www.reactome.org/biopax/96/48895#BiochemicalReaction8344,1,http://www.reactome.org/biopax/96/48895#Catalysis4345
1272,1148|6270,1146|9992,2,2,http://www.reactome.org/biopax/96/48895#BiochemicalReaction1151,1,http://www.reactome.org/biopax/96/48895#Catalysis494
1273,1543|1545|15939,1544|14254,3,2,http://www.reactome.org/biopax/96/48895#BiochemicalReaction1557,-1,http://www.reactome.org/biopax/96/48895#Control148
1274,751|752|755|11667|11668|13927,752|753|11670|11671|14446|16574,6,6,http://www.reactome.org/biopax/96/48895#BiochemicalReaction796,1,http://www.reactome.org/biopax/96/48895#Catalysis306
1275,6869|10484|14104,10485|14324|16551,3,3,http://www.reactome.org/biopax/96/48895#BiochemicalReaction7038,1,http://www.reactome.org/biopax/96/48895#Catalysis3116
1277,7547|7549|15939,7548|14254,3,2,http://www.reactome.org/biopax/96/48895#BiochemicalReaction7910,1,http://www.reactome.org/biopax/96/48895#Catalysis3948
1278,7913|14873|15343|15607|16093,14874|15321|16094,5,3,http://www.reactome.org/biopax/96/48895#BiochemicalReaction8573,1,http://www.reactome.org/biopax/96/48895#Catalysis4570
1279,3859|14502|14793|16563,15944|16482|16552,4,3,http://www.reactome.org/biopax/96/48895#BiochemicalReaction8448,1,http://www.reactome.org/biopax/96/48895#Catalysis4449
1280,1225|9054,5369,2,1,http://www.reactome.org/biopax/96/48895#BiochemicalReaction7922,1,http://www.reactome.org/biopax/96/48895#Catalysis3954
1281,7816|10481|14430,7817,3,1,http://www.reactome.org/biopax/96/48895#BiochemicalReaction7027,1,http://www.reactome.org/biopax/96/48895#Catalysis3105
1282,12644|14069|14297,14071|14237,3,2,http://www.reactome.org/biopax/96/48895#BiochemicalReaction1993,1,http://www.reactome.org/biopax/96/48895#Catalysis928
1283,3247|15939,3248|14254,2,2,http://www.reactome.org/biopax/96/48895#BiochemicalReaction3146,1,http://www.reactome.org/biopax/96/48895#Catalysis1487
1284,7649|14309|14793|15538,13970|14041|16588,4,3,http://www.reactome.org/biopax/96/48895#BiochemicalReaction7999,1,http://www.reactome.org/biopax/96/48895#Catalysis4014
1285,7001|8242,7002,2,1,http://www.reactome.org/biopax/96/48895#BiochemicalReaction6732,1,http://www.reactome.org/biopax/96/48895#Catalysis2913
1286,823|13928,14147,2,1,http://www.reactome.org/biopax/96/48895#BiochemicalReaction845,1,http://www.reactome.org/biopax/96/48895#Catalysis337
1287,3793|13846|13872,3817,3,1,http://www.reactome.org/biopax/96/48895#BiochemicalReaction3662,-1,http://www.reactome.org/biopax/96/48895#Control344
1288,5585|13927,5586|14446,2,2,http://www.reactome.org/biopax/96/48895#BiochemicalReaction5216,1,http://www.reactome.org/biopax/96/48895#Catalysis2218
1289,10622|14229|14793|14808,14362|14814|16424,4,3,http://www.reactome.org/biopax/96/48895#BiochemicalReaction7211,1,http://www.reactome.org/biopax/96/48895#Catalysis3277
1290,11319|14471|14793|16563,16275|16552,4,2,http://www.reactome.org/biopax/96/48895#BiochemicalReaction8906,1,http://www.reactome.org/biopax/96/48895#Catalysis4775
1291,8432|12914,8433|8439,2,2,http://www.reactome.org/biopax/96/48895#BiochemicalReaction259,1,http://www.reactome.org/biopax/96/48895#Catalysis104
1292,11020|13977|16482,14041|14734,3,2,http://www.reactome.org/biopax/96/48895#BiochemicalReaction8318,1,http://www.reactome.org/biopax/96/48895#Catalysis4319
1293,1671|12414|13322,1674,3,1,http://www.reactome.org/biopax/96/48895#BiochemicalReaction1686,1,http://www.reactome.org/biopax/96/48895#Catalysis718
1294,12619|13963|14014|14237|14297,14015|14237|14297|15814,5,4,http://www.reactome.org/biopax/96/48895#BiochemicalReaction1951,1,http://www.reactome.org/biopax/96/48895#Catalysis889
1296,12003|12005|16482,12004|16574,3,2,http://www.reactome.org/biopax/96/48895#BiochemicalReaction1248,1,http://www.reactome.org/biopax/96/48895#Catalysis545
1297,10320|10888|15568,10889|14484,3,2,http://www.reactome.org/biopax/96/48895#BiochemicalReaction7945,-1,http://www.reactome.org/biopax/96/48895#Control740
1298,12557|14297|14793|16378|16519,14237|14323|14343|16518,5,4,http://www.reactome.org/biopax/96/48895#BiochemicalReaction1870,1,http://www.reactome.org/biopax/96/48895#Catalysis809
1299,3339|13438|13927,13440|14446,3,2,http://www.reactome.org/biopax/96/48895#BiochemicalReaction3200,1,http://www.reactome.org/biopax/96/48895#Catalysis1498
1300,10314|10319|10320,9530|10310,3,2,http://www.reactome.org/biopax/96/48895#BiochemicalReaction6844,1,http://www.reactome.org/biopax/96/48895#Catalysis2966
1301,15715|16575,15716,2,1,http://www.reactome.org/biopax/96/48895#BiochemicalReaction8159,-1,http://www.reactome.org/biopax/96/48895#Control801
1302,12713|14323|14734,14793|16460,3,2,http://www.reactome.org/biopax/96/48895#BiochemicalReaction2134,1,http://www.reactome.org/biopax/96/48895#Catalysis1034
1303,5260|5266|8907,5269,3,1,http://www.reactome.org/biopax/96/48895#BiochemicalReaction4935,-1,http://www.reactome.org/biopax/96/48895#Control451
1304,10653|14901|15023,14904|15024,3,2,http://www.reactome.org/biopax/96/48895#BiochemicalReaction7379,1,http://www.reactome.org/biopax/96/48895#Catalysis3436
1305,161|163|15551,162|16475|16588,3,3,http://www.reactome.org/biopax/96/48895#BiochemicalReaction8343,1,http://www.reactome.org/biopax/96/48895#Catalysis4344
1306,3467|13520|13927,3467|14446,3,2,http://www.reactome.org/biopax/96/48895#BiochemicalReaction3302,1,http://www.reactome.org/biopax/96/48895#Catalysis1539
1307,4404|13927,4405|14446,2,2,http://www.reactome.org/biopax/96/48895#BiochemicalReaction4152,1,http://www.reactome.org/biopax/96/48895#Catalysis1842
1308,2586|5621,10745,2,1,http://www.reactome.org/biopax/96/48895#BiochemicalReaction2584,1,http://www.reactome.org/biopax/96/48895#Catalysis1200
1309,12746|16358|16534,14189|16359,3,2,http://www.reactome.org/biopax/96/48895#BiochemicalReaction2181,1,http://www.reactome.org/biopax/96/48895#Catalysis1054
1311,12677|13927|14141|16482,14142|14446|16574,4,3,http://www.reactome.org/biopax/96/48895#BiochemicalReaction2076,1,http://www.reactome.org/biopax/96/48895#Catalysis990
1312,5499|11525,10163|11363,2,2,http://www.reactome.org/biopax/96/48895#BiochemicalReaction6679,1,http://www.reactome.org/biopax/96/48895#Catalysis2872
1313,11657|14305,14290,2,1,http://www.reactome.org/biopax/96/48895#BiochemicalReaction788,1,http://www.reactome.org/biopax/96/48895#Catalysis301
1314,4246|6629|8242,6630,3,1,http://www.reactome.org/biopax/96/48895#BiochemicalReaction6255,1,http://www.reactome.org/biopax/96/48895#Catalysis2565
1315,2923|14212,2924|14078,2,2,http://www.reactome.org/biopax/96/48895#BiochemicalReaction2889,1,http://www.reactome.org/biopax/96/48895#Catalysis1375
1316,9939|14601,14599|14600,2,2,http://www.reactome.org/biopax/96/48895#BiochemicalReaction6516,1,http://www.reactome.org/biopax/96/48895#Catalysis2716
1317,11651|14297|14343|14409,14237|14412|16378,4,3,http://www.reactome.org/biopax/96/48895#BiochemicalReaction768,1,http://www.reactome.org/biopax/96/48895#Catalysis285
1318,4542|12315|13927,3522|14446,3,2,http://www.reactome.org/biopax/96/48895#BiochemicalReaction4291,1,http://www.reactome.org/biopax/96/48895#Catalysis1890
1319,3691|13756,13796,2,1,http://www.reactome.org/biopax/96/48895#BiochemicalReaction3539,1,http://www.reactome.org/biopax/96/48895#Control329
1320,7355|14966,14967,2,1,http://www.reactome.org/biopax/96/48895#BiochemicalReaction7346,1,http://www.reactome.org/biopax/96/48895#Catalysis3405
1321,2692|13127|13927,2694|14446,3,2,http://www.reactome.org/biopax/96/48895#BiochemicalReaction2686,1,http://www.reactome.org/biopax/96/48895#Catalysis1264
1322,3408|13927,3410|14446,2,2,http://www.reactome.org/biopax/96/48895#BiochemicalReaction3250,1,http://www.reactome.org/biopax/96/48895#Catalysis1518
1323,11077|15142|16028,14793|15274|16029,3,3,http://www.reactome.org/biopax/96/48895#BiochemicalReaction8528,1,http://www.reactome.org/biopax/96/48895#Catalysis4527
1324,11918|14793|15767,14323|15766,3,2,http://www.reactome.org/biopax/96/48895#BiochemicalReaction8238,1,http://www.reactome.org/biopax/96/48895#Catalysis4244
1325,13487|13496,13491|13493,2,2,http://www.reactome.org/biopax/96/48895#BiochemicalReaction201,1,http://www.reactome.org/biopax/96/48895#Catalysis50
1326,11059|15982|15983,15984|15985,3,2,http://www.reactome.org/biopax/96/48895#BiochemicalReaction8485,1,http://www.reactome.org/biopax/96/48895#Catalysis4485
1327,7847|13927|14357|16518,14446|14793|14808|16574,4,4,http://www.reactome.org/biopax/96/48895#BiochemicalReaction7307,1,http://www.reactome.org/biopax/96/48895#Catalysis3366
1328,1488|14019,14087,2,1,http://www.reactome.org/biopax/96/48895#BiochemicalReaction1512,1,http://www.reactome.org/biopax/96/48895#Catalysis648
1329,1119|12518|13927,12519|14446,3,2,http://www.reactome.org/biopax/96/48895#BiochemicalReaction1814,1,http://www.reactome.org/biopax/96/48895#Catalysis761
1330,13927|14446|14664,14446|14665|14793,3,3,http://www.reactome.org/biopax/96/48895#BiochemicalReaction6993,-1,http://www.reactome.org/biopax/96/48895#Control672
1331,11045|14296,11046|16418,2,2,http://www.reactome.org/biopax/96/48895#BiochemicalReaction8437,1,http://www.reactome.org/biopax/96/48895#Catalysis4438
1332,5499|8752|13303,10142|11363,3,2,http://www.reactome.org/biopax/96/48895#BiochemicalReaction6660,1,http://www.reactome.org/biopax/96/48895#Catalysis2853
1333,7423|15136|16482,15103|16574,3,2,http://www.reactome.org/biopax/96/48895#BiochemicalReaction7538,1,http://www.reactome.org/biopax/96/48895#Catalysis3595
1334,10828|13927|14362|15365,14308|15079|15366|16482,4,4,http://www.reactome.org/biopax/96/48895#BiochemicalReaction7757,1,http://www.reactome.org/biopax/96/48895#Catalysis3801
1335,5331|11496|13927,5333|14446,3,2,http://www.reactome.org/biopax/96/48895#BiochemicalReaction4992,1,http://www.reactome.org/biopax/96/48895#Catalysis2119
1336,728|14418|14419|16343,14420|14421|16588,4,3,http://www.reactome.org/biopax/96/48895#BiochemicalReaction770,1,http://www.reactome.org/biopax/96/48895#Catalysis287
1337,6930|16504,6931|9992,2,2,http://www.reactome.org/biopax/96/48895#BiochemicalReaction6697,1,http://www.reactome.org/biopax/96/48895#Catalysis2884
1338,1238|6608|6612,6610,3,1,http://www.reactome.org/biopax/96/48895#BiochemicalReaction6241,-1,http://www.reactome.org/biopax/96/48895#Control582
1339,10007|10010|14321,10009|14322|15343,3,3,http://www.reactome.org/biopax/96/48895#BiochemicalReaction6556,1,http://www.reactome.org/biopax/96/48895#Catalysis2751
1340,6274|13927,6275|14446,2,2,http://www.reactome.org/biopax/96/48895#BiochemicalReaction5847,1,http://www.reactome.org/biopax/96/48895#Catalysis2397
1341,497|11251,498,2,1,http://www.reactome.org/biopax/96/48895#BiochemicalReaction8851,1,http://www.reactome.org/biopax/96/48895#Control881
1343,6878|10015|14112,10016|14324|16551,3,3,http://www.reactome.org/biopax/96/48895#BiochemicalReaction6563,1,http://www.reactome.org/biopax/96/48895#Catalysis2757
1344,11593|14901|14984|14985,14986|14987|14988,4,3,http://www.reactome.org/biopax/96/48895#BiochemicalReaction7355,1,http://www.reactome.org/biopax/96/48895#Catalysis3412
1345,7903|14873|15343|15607|16064,14874|15321|16065,5,3,http://www.reactome.org/biopax/96/48895#BiochemicalReaction8558,1,http://www.reactome.org/biopax/96/48895#Catalysis4555
1346,12694|14237|16574,14155|14156,3,2,http://www.reactome.org/biopax/96/48895#BiochemicalReaction2099,1,http://www.reactome.org/biopax/96/48895#Catalysis1009
1347,14282|15658|16504,15659|16422|16514,3,3,http://www.reactome.org/biopax/96/48895#BiochemicalReaction8116,1,http://www.reactome.org/biopax/96/48895#Control793
1348,9594|10712|16462,9598|16466,3,2,http://www.reactome.org/biopax/96/48895#BiochemicalReaction5953,1,http://www.reactome.org/biopax/96/48895#Catalysis2440
1349,3452|13330|13927,13332|14446,3,2,http://www.reactome.org/biopax/96/48895#BiochemicalReaction3285,1,http://www.reactome.org/biopax/96/48895#Catalysis1532
1350,40|15699|16351,14323|15700|16453,3,3,http://www.reactome.org/biopax/96/48895#BiochemicalReaction8147,1,http://www.reactome.org/biopax/96/48895#Catalysis4155
1351,2618|8176|13927,2611|14446,3,2,http://www.reactome.org/biopax/96/48895#BiochemicalReaction2616,1,http://www.reactome.org/biopax/96/48895#Catalysis1220
1352,11746|15712|16020,14793|15723|16051|16057,3,4,http://www.reactome.org/biopax/96/48895#BiochemicalReaction933,1,http://www.reactome.org/biopax/96/48895#Catalysis394
1353,8066|11400|13998,8068|14008,3,2,http://www.reactome.org/biopax/96/48895#BiochemicalReaction1448,1,http://www.reactome.org/biopax/96/48895#Catalysis631
1354,5499|10047|10049,10048|11363,3,2,http://www.reactome.org/biopax/96/48895#BiochemicalReaction6582,1,http://www.reactome.org/biopax/96/48895#Catalysis2776
1355,554|16432|16482,16433,3,1,http://www.reactome.org/biopax/96/48895#BiochemicalReaction8908,1,http://www.reactome.org/biopax/96/48895#Catalysis4776
1356,4434|10416|16462,4662|16466,3,2,http://www.reactome.org/biopax/96/48895#BiochemicalReaction427,1,http://www.reactome.org/biopax/96/48895#Catalysis159
1357,596|597|16483,496|14072|16493,3,3,http://www.reactome.org/biopax/96/48895#BiochemicalReaction671,1,http://www.reactome.org/biopax/96/48895#Catalysis241
1358,7923|14842|14873|15343|15607,14874|15321|16110,5,3,http://www.reactome.org/biopax/96/48895#BiochemicalReaction8583,1,http://www.reactome.org/biopax/96/48895#Catalysis4580
1359,3580|3587,3670|13768,2,2,http://www.reactome.org/biopax/96/48895#BiochemicalReaction3505,1,http://www.reactome.org/biopax/96/48895#Catalysis1618
1360,259|16026,13958|16609,2,2,http://www.reactome.org/biopax/96/48895#BiochemicalReaction8522,1,http://www.reactome.org/biopax/96/48895#Catalysis4521
1362,3803|4631|10745,4632,3,1,http://www.reactome.org/biopax/96/48895#BiochemicalReaction4384,1,http://www.reactome.org/biopax/96/48895#Catalysis1927
1363,118|15795|16583,15796|15797,3,2,http://www.reactome.org/biopax/96/48895#BiochemicalReaction8276,1,http://www.reactome.org/biopax/96/48895#Catalysis4280
1364,5342|14020|14046,5350|14028,3,2,http://www.reactome.org/biopax/96/48895#BiochemicalReaction481,1,http://www.reactome.org/biopax/96/48895#Control30
1365,8987|13503,9103|9126,2,2,http://www.reactome.org/biopax/96/48895#BiochemicalReaction5290,1,http://www.reactome.org/biopax/96/48895#Catalysis2243
1366,5336|13927,5337|14446,2,2,http://www.reactome.org/biopax/96/48895#BiochemicalReaction4996,1,http://www.reactome.org/biopax/96/48895#Catalysis2121
1367,11062|16482|16589,15991|16598,3,2,http://www.reactome.org/biopax/96/48895#BiochemicalReaction8491,1,http://www.reactome.org/biopax/96/48895#Catalysis4491
1368,6874|10003|14108,10004|14324|16551,3,3,http://www.reactome.org/biopax/96/48895#BiochemicalReaction6552,1,http://www.reactome.org/biopax/96/48895#Catalysis2747
1369,6256,6257|12039,1,2,http://www.reactome.org/biopax/96/48895#BiochemicalReaction5832,1,http://www.reactome.org/biopax/96/48895#Catalysis2392
1370,3596|13685,13686|13687,2,2,http://www.reactome.org/biopax/96/48895#BiochemicalReaction3451,1,http://www.reactome.org/biopax/96/48895#Catalysis1583
1371,9892|9894|15321,9893|14530,3,2,http://www.reactome.org/biopax/96/48895#BiochemicalReaction6459,1,http://www.reactome.org/biopax/96/48895#Catalysis2661
1372,2169|4154,3987,2,1,http://www.reactome.org/biopax/96/48895#BiochemicalReaction16,1,http://www.reactome.org/biopax/96/48895#Control1
1373,10496|10501|14110,10499|14109,3,2,http://www.reactome.org/biopax/96/48895#BiochemicalReaction7044,1,http://www.reactome.org/biopax/96/48895#Catalysis3122
1374,1315|12065,1316,2,1,http://www.reactome.org/biopax/96/48895#BiochemicalReaction1310,1,http://www.reactome.org/biopax/96/48895#Control128
1375,10940|13927|14305|15550|16482,14309|14446|14793|15553|16574,5,5,http://www.reactome.org/biopax/96/48895#BiochemicalReaction8023,1,http://www.reactome.org/biopax/96/48895#Catalysis4033
1376,10693|15056|16343,15057|16345,3,2,http://www.reactome.org/biopax/96/48895#BiochemicalReaction7411,1,http://www.reactome.org/biopax/96/48895#Catalysis3468
1377,13941|14419|15517,14317|14420|16418,3,3,http://www.reactome.org/biopax/96/48895#BiochemicalReaction7942,1,http://www.reactome.org/biopax/96/48895#Control738
1378,1907|14087|15343,14140|14793,3,2,http://www.reactome.org/biopax/96/48895#BiochemicalReaction2067,1,http://www.reactome.org/biopax/96/48895#Control190
1379,8440|8445,8441|8444,2,2,http://www.reactome.org/biopax/96/48895#BiochemicalReaction260,1,http://www.reactome.org/biopax/96/48895#Catalysis105
1380,69,10983|10985|15739,1,3,http://www.reactome.org/biopax/96/48895#BiochemicalReaction8200,1,http://www.reactome.org/biopax/96/48895#Catalysis4208
1381,886|15733|16196,15740|16628,3,2,http://www.reactome.org/biopax/96/48895#BiochemicalReaction8642,1,http://www.reactome.org/biopax/96/48895#Catalysis4636
1382,769|5930|9367,5929,3,1,http://www.reactome.org/biopax/96/48895#BiochemicalReaction5528,-1,http://www.reactome.org/biopax/96/48895#Control501
1383,7274|14105|14738,14324|14741,3,2,http://www.reactome.org/biopax/96/48895#BiochemicalReaction7119,1,http://www.reactome.org/biopax/96/48895#Catalysis3187
1384,12174|12175|16328|16329,12171|16331|16332|16420,4,4,http://www.reactome.org/biopax/96/48895#BiochemicalReaction1403,1,http://www.reactome.org/biopax/96/48895#Catalysis593
1385,12676|13927|16456|16482,14446|16458|16574,4,3,http://www.reactome.org/biopax/96/48895#BiochemicalReaction2074,1,http://www.reactome.org/biopax/96/48895#Catalysis988
1386,2108|14224|14225|15551|16404,2109|11518|15575,5,3,http://www.reactome.org/biopax/96/48895#BiochemicalReaction2277,1,http://www.reactome.org/biopax/96/48895#Catalysis1082
1388,5090|13927,5091|14446,2,2,http://www.reactome.org/biopax/96/48895#BiochemicalReaction4774,1,http://www.reactome.org/biopax/96/48895#Catalysis2029
1389,7272|14594|16482,14054|14593,3,2,http://www.reactome.org/biopax/96/48895#BiochemicalReaction7114,1,http://www.reactome.org/biopax/96/48895#Catalysis3182
1390,9539|9541|14488,9540|15274,3,2,http://www.reactome.org/biopax/96/48895#BiochemicalReaction5836,1,http://www.reactome.org/biopax/96/48895#Catalysis2394
1391,10854|15397|16392,15398|16391|16588,3,3,http://www.reactome.org/biopax/96/48895#BiochemicalReaction7792,1,http://www.reactome.org/biopax/96/48895#Catalysis3834
1392,9740|9741|13927,9742|14446,3,2,http://www.reactome.org/biopax/96/48895#BiochemicalReaction6217,1,http://www.reactome.org/biopax/96/48895#Catalysis2552
1393,10802|15229,15062|15230,2,2,http://www.reactome.org/biopax/96/48895#BiochemicalReaction7632,1,http://www.reactome.org/biopax/96/48895#Catalysis3684
1394,9303|10416|16462,10407|16466,3,2,http://www.reactome.org/biopax/96/48895#BiochemicalReaction375,1,http://www.reactome.org/biopax/96/48895#Catalysis134
1395,7191|14117,7192|14106|14793,2,3,http://www.reactome.org/biopax/96/48895#BiochemicalReaction6945,1,http://www.reactome.org/biopax/96/48895#Catalysis3027
1396,2911,13239|13240|13241,1,3,http://www.reactome.org/biopax/96/48895#BiochemicalReaction2882,1,http://www.reactome.org/biopax/96/48895#Catalysis1372
1397,7452|7540|13927,7602|14446,3,2,http://www.reactome.org/biopax/96/48895#BiochemicalReaction56,1,http://www.reactome.org/biopax/96/48895#Catalysis23
1398,7286|13927|14761,14446|14793|16473,3,3,http://www.reactome.org/biopax/96/48895#BiochemicalReaction7143,1,http://www.reactome.org/biopax/96/48895#Catalysis3211
1399,6202|10889|14419,9530|14420|16588,3,3,http://www.reactome.org/biopax/96/48895#BiochemicalReaction7946,1,http://www.reactome.org/biopax/96/48895#Catalysis3976
1400,5499|8708,11363|12239,2,2,http://www.reactome.org/biopax/96/48895#BiochemicalReaction1477,1,http://www.reactome.org/biopax/96/48895#Catalysis636
1401,1851|16494,16515,2,1,http://www.reactome.org/biopax/96/48895#BiochemicalReaction1977,1,http://www.reactome.org/biopax/96/48895#Catalysis913
1402,7184|14117,7187|14793|15723,2,3,http://www.reactome.org/biopax/96/48895#BiochemicalReaction6940,1,http://www.reactome.org/biopax/96/48895#Catalysis3022
1403,2436|12982|16482,2437|16574,3,2,http://www.reactome.org/biopax/96/48895#BiochemicalReaction2449,1,http://www.reactome.org/biopax/96/48895#Control249
1404,10742|15135|16482,14202|16574,3,2,http://www.reactome.org/biopax/96/48895#BiochemicalReaction7524,1,http://www.reactome.org/biopax/96/48895#Catalysis3581
1405,1020|14777,14778,2,1,http://www.reactome.org/biopax/96/48895#BiochemicalReaction7160,1,http://www.reactome.org/biopax/96/48895#Catalysis3228
1406,1904|14137|16583|16588,14138,4,1,http://www.reactome.org/biopax/96/48895#BiochemicalReaction2064,1,http://www.reactome.org/biopax/96/48895#Catalysis980
1407,13927|14308|16533,14446|14654|14793,3,3,http://www.reactome.org/biopax/96/48895#BiochemicalReaction6981,1,http://www.reactome.org/biopax/96/48895#Control665
1408,10811|14255|14793|15249|16563,15250|15251|16482|16552,5,4,http://www.reactome.org/biopax/96/48895#BiochemicalReaction7655,1,http://www.reactome.org/biopax/96/48895#Catalysis3705
1409,645|2743|13927|16482,2744|14446|16574,4,3,http://www.reactome.org/biopax/96/48895#BiochemicalReaction2731,1,http://www.reactome.org/biopax/96/48895#Catalysis1287
1410,126|11012,127,2,1,http://www.reactome.org/biopax/96/48895#BiochemicalReaction8286,1,http://www.reactome.org/biopax/96/48895#Catalysis4288
1411,299|15733|16186,15740|16187,3,2,http://www.reactome.org/biopax/96/48895#BiochemicalReaction8634,1,http://www.reactome.org/biopax/96/48895#Catalysis4628
1412,9914|9969|14097,9996|14096|16551,3,3,http://www.reactome.org/biopax/96/48895#BiochemicalReaction6547,1,http://www.reactome.org/biopax/96/48895#Catalysis2742
1413,9914|14604|14612,7798,3,1,http://www.reactome.org/biopax/96/48895#BiochemicalReaction6528,1,http://www.reactome.org/biopax/96/48895#Catalysis2728
1414,7347|14419|14944,14420|14945|16588,3,3,http://www.reactome.org/biopax/96/48895#BiochemicalReaction7330,1,http://www.reactome.org/biopax/96/48895#Catalysis3389
1415,2252|2254|13927,1107|2249|2253|14446,3,4,http://www.reactome.org/biopax/96/48895#BiochemicalReaction2352,1,http://www.reactome.org/biopax/96/48895#Control240
1416,302|15378|15733,15740|16190,3,2,http://www.reactome.org/biopax/96/48895#BiochemicalReaction8637,1,http://www.reactome.org/biopax/96/48895#Catalysis4631
1417,7089,7090|9111,1,2,http://www.reactome.org/biopax/96/48895#BiochemicalReaction6819,1,http://www.reactome.org/biopax/96/48895#Catalysis2951
1418,10638|14255|15504,15505,3,1,http://www.reactome.org/biopax/96/48895#BiochemicalReaction7886,1,http://www.reactome.org/biopax/96/48895#Catalysis3926
1419,11915|16358|16534,14189|16359,3,2,http://www.reactome.org/biopax/96/48895#BiochemicalReaction2181,1,http://www.reactome.org/biopax/96/48895#Control229
1420,2766|10745,2767,2,1,http://www.reactome.org/biopax/96/48895#BiochemicalReaction2763,1,http://www.reactome.org/biopax/96/48895#Catalysis1303
1422,4544|4598|8610|13927,4599|8788|13898|13901|14308|15079,4,6,http://www.reactome.org/biopax/96/48895#BiochemicalReaction4349,1,http://www.reactome.org/biopax/96/48895#Catalysis1918
1423,10515|10517|16417,10514|14699,3,2,http://www.reactome.org/biopax/96/48895#BiochemicalReaction7057,1,http://www.reactome.org/biopax/96/48895#Catalysis3133
1424,7230|13949|14446|14793,13927|15294,4,2,http://www.reactome.org/biopax/96/48895#BiochemicalReaction6990,1,http://www.reactome.org/biopax/96/48895#Catalysis3069
1425,5042|13927,5043|14446,2,2,http://www.reactome.org/biopax/96/48895#BiochemicalReaction4737,1,http://www.reactome.org/biopax/96/48895#Catalysis2013
1426,7268|10557|14105,10559|14324|16551,3,3,http://www.reactome.org/biopax/96/48895#BiochemicalReaction7087,1,http://www.reactome.org/biopax/96/48895#Catalysis3158
1427,10846|14793|16342|16563,16336|16552,4,2,http://www.reactome.org/biopax/96/48895#BiochemicalReaction7782,1,http://www.reactome.org/biopax/96/48895#Control719
1428,10611|13927|14362|15342,14308|15079|15344|16482,4,4,http://www.reactome.org/biopax/96/48895#BiochemicalReaction7731,1,http://www.reactome.org/biopax/96/48895#Catalysis3779
1429,1525|1590,2698|12391|12392,2,3,http://www.reactome.org/biopax/96/48895#BiochemicalReaction1636,1,http://www.reactome.org/biopax/96/48895#Catalysis701
1430,2706|8181|16482,2705|16574,3,2,http://www.reactome.org/biopax/96/48895#BiochemicalReaction2699,1,http://www.reactome.org/biopax/96/48895#Catalysis1273
1431,30|15677|16482,14793|15678,3,2,http://www.reactome.org/biopax/96/48895#BiochemicalReaction8132,1,http://www.reactome.org/biopax/96/48895#Catalysis4140
1432,10592|14115|14757,14607|14758,3,2,http://www.reactome.org/biopax/96/48895#BiochemicalReaction7130,1,http://www.reactome.org/biopax/96/48895#Catalysis3198
1433,2505|16462,2497|13035|16466,2,3,http://www.reactome.org/biopax/96/48895#BiochemicalReaction2508,1,http://www.reactome.org/biopax/96/48895#Catalysis1167
1434,3719|13811|16482,3714|16574,3,2,http://www.reactome.org/biopax/96/48895#BiochemicalReaction3561,1,http://www.reactome.org/biopax/96/48895#Catalysis1638
1435,268|14793|16037,16038|16424,3,2,http://www.reactome.org/biopax/96/48895#BiochemicalReaction8534,1,http://www.reactome.org/biopax/96/48895#Catalysis4533
1436,4041|10745,2629|4036,2,2,http://www.reactome.org/biopax/96/48895#BiochemicalReaction3832,1,http://www.reactome.org/biopax/96/48895#Catalysis1744
1437,10638|15456|16552,15459|16563,3,2,http://www.reactome.org/biopax/96/48895#BiochemicalReaction7852,1,http://www.reactome.org/biopax/96/48895#Catalysis3892
1438,1543|1546|15939,1544|14254,3,2,http://www.reactome.org/biopax/96/48895#BiochemicalReaction1557,1,http://www.reactome.org/biopax/96/48895#Control149
1439,7501|15369,15368,2,1,http://www.reactome.org/biopax/96/48895#BiochemicalReaction7760,1,http://www.reactome.org/biopax/96/48895#Catalysis3804
1440,5053|10745,5055,2,1,http://www.reactome.org/biopax/96/48895#BiochemicalReaction4747,1,http://www.reactome.org/biopax/96/48895#Catalysis2017
1441,5037|13927,5038|14446,2,2,http://www.reactome.org/biopax/96/48895#BiochemicalReaction4732,1,http://www.reactome.org/biopax/96/48895#Catalysis2010
1442,10616|13927|14126|14362,14184|14308|15079|16482,4,4,http://www.reactome.org/biopax/96/48895#BiochemicalReaction7208,1,http://www.reactome.org/biopax/96/48895#Catalysis3274
1443,3999|13927,3999|14446,2,2,http://www.reactome.org/biopax/96/48895#BiochemicalReaction3802,1,http://www.reactome.org/biopax/96/48895#Catalysis1730
1444,1381|13927,1382|14446,2,2,http://www.reactome.org/biopax/96/48895#BiochemicalReaction1367,1,http://www.reactome.org/biopax/96/48895#Catalysis569
1445,12156|12188|13998,12159|14008,3,2,http://www.reactome.org/biopax/96/48895#BiochemicalReaction1421,1,http://www.reactome.org/biopax/96/48895#Catalysis611
1446,6572,1706|13497,1,2,http://www.reactome.org/biopax/96/48895#BiochemicalReaction6175,1,http://www.reactome.org/biopax/96/48895#Catalysis2528
1447,78|10986|13927|14066,79|14308|15079,4,3,http://www.reactome.org/biopax/96/48895#BiochemicalReaction8205,1,http://www.reactome.org/biopax/96/48895#Catalysis4213
1448,10793|14430|15216,13945|15215|15217,3,3,http://www.reactome.org/biopax/96/48895#BiochemicalReaction7616,1,http://www.reactome.org/biopax/96/48895#Catalysis3668
1449,10638|14255|15453,15480,3,1,http://www.reactome.org/biopax/96/48895#BiochemicalReaction7868,1,http://www.reactome.org/biopax/96/48895#Catalysis3908
1450,5443|8430,5519,2,1,http://www.reactome.org/biopax/96/48895#BiochemicalReaction31,1,http://www.reactome.org/biopax/96/48895#Control2
1452,12539|14237|16556|16557,14087|14147|16553,4,3,http://www.reactome.org/biopax/96/48895#BiochemicalReaction1849,1,http://www.reactome.org/biopax/96/48895#Catalysis788
1453,12650|16591,16588,2,1,http://www.reactome.org/biopax/96/48895#BiochemicalReaction8008,1,http://www.reactome.org/biopax/96/48895#Catalysis4022
1454,2169|9737|13927,9617|14446,3,2,http://www.reactome.org/biopax/96/48895#BiochemicalReaction6214,1,http://www.reactome.org/biopax/96/48895#Catalysis2549
1455,7459|14430|15212,10791|14715|15211,3,3,http://www.reactome.org/biopax/96/48895#BiochemicalReaction7610,1,http://www.reactome.org/biopax/96/48895#Control707
1456,10956|14308|16482,14073|16574,3,2,http://www.reactome.org/biopax/96/48895#BiochemicalReaction8093,1,http://www.reactome.org/biopax/96/48895#Catalysis4101
1457,90|13927|14305|15747|16482,14308|14309|14793|15029|15079,5,5,http://www.reactome.org/biopax/96/48895#BiochemicalReaction8214,1,http://www.reactome.org/biopax/96/48895#Catalysis4221
1458,11770|16135|16482,14734|16200,3,2,http://www.reactome.org/biopax/96/48895#BiochemicalReaction949,1,http://www.reactome.org/biopax/96/48895#Catalysis410
1459,4427|16351|16376,4426|8312|14379,3,3,http://www.reactome.org/biopax/96/48895#BiochemicalReaction4183,1,http://www.reactome.org/biopax/96/48895#Control386
1460,1514|12304|14254,5922|15939,3,2,http://www.reactome.org/biopax/96/48895#BiochemicalReaction5518,1,http://www.reactome.org/biopax/96/48895#Catalysis2264
1461,9011|9012|16467,5151,3,1,http://www.reactome.org/biopax/96/48895#BiochemicalReaction4831,1,http://www.reactome.org/biopax/96/48895#Control442
1462,6825|9873|14255|16324,9874|16325|16424,4,3,http://www.reactome.org/biopax/96/48895#BiochemicalReaction6442,1,http://www.reactome.org/biopax/96/48895#Catalysis2644
1464,14446|15636|16482,15637|16574,3,2,http://www.reactome.org/biopax/96/48895#BiochemicalReaction8094,1,http://www.reactome.org/biopax/96/48895#Control792
1465,6575|13927,9728|13063|14446,2,3,http://www.reactome.org/biopax/96/48895#BiochemicalReaction6188,1,http://www.reactome.org/biopax/96/48895#Catalysis2536
1466,11585|14183|15021,15022,3,1,http://www.reactome.org/biopax/96/48895#BiochemicalReaction7376,1,http://www.reactome.org/biopax/96/48895#Catalysis3433
1467,9922|15223|16482,13946|15224,3,2,http://www.reactome.org/biopax/96/48895#BiochemicalReaction7625,1,http://www.reactome.org/biopax/96/48895#Catalysis3677
1468,7907|14873|15343|15607|16075,14874|15321|16076,5,3,http://www.reactome.org/biopax/96/48895#BiochemicalReaction8564,1,http://www.reactome.org/biopax/96/48895#Catalysis4561
1469,10762|14462|16482,14530|15092,3,2,http://www.reactome.org/biopax/96/48895#BiochemicalReaction7567,1,http://www.reactome.org/biopax/96/48895#Catalysis3622
1470,13038|13131|16462,13134|16466,3,2,http://www.reactome.org/biopax/96/48895#BiochemicalReaction2636,1,http://www.reactome.org/biopax/96/48895#Catalysis1233
1471,3638|13324,13678|13679,2,2,http://www.reactome.org/biopax/96/48895#BiochemicalReaction3448,1,http://www.reactome.org/biopax/96/48895#Catalysis1580
1472,8523|8524|12013|12014,4024,4,1,http://www.reactome.org/biopax/96/48895#BiochemicalReaction3818,1,http://www.reactome.org/biopax/96/48895#Control353
1473,7275|14104|14738,14324|14742,3,2,http://www.reactome.org/biopax/96/48895#BiochemicalReaction7120,1,http://www.reactome.org/biopax/96/48895#Catalysis3188
1474,7379|14370|16351,15053|15055,3,2,http://www.reactome.org/biopax/96/48895#BiochemicalReaction7409,1,http://www.reactome.org/biopax/96/48895#Catalysis3466
1475,7932|14255|14793|16244|16563,16249|16482|16552,5,3,http://www.reactome.org/biopax/96/48895#BiochemicalReaction8681,1,http://www.reactome.org/biopax/96/48895#Catalysis4675
1476,10598|13927|14312,14446|14775,3,2,http://www.reactome.org/biopax/96/48895#BiochemicalReaction7167,1,http://www.reactome.org/biopax/96/48895#Catalysis3235
1477,9954|9962|14614,9958|14615|15343,3,3,http://www.reactome.org/biopax/96/48895#BiochemicalReaction6533,1,http://www.reactome.org/biopax/96/48895#Catalysis2732
1478,10653|14900|14901,14903|14904,3,2,http://www.reactome.org/biopax/96/48895#BiochemicalReaction7291,1,http://www.reactome.org/biopax/96/48895#Catalysis3350
1479,2140|15939,2141|14254,2,2,http://www.reactome.org/biopax/96/48895#BiochemicalReaction2295,1,http://www.reactome.org/biopax/96/48895#Catalysis1087
1481,12687|14152|14793,14132|16378,3,2,http://www.reactome.org/biopax/96/48895#BiochemicalReaction2091,1,http://www.reactome.org/biopax/96/48895#Catalysis1001
1482,2890|16483,2891|16493,2,2,http://www.reactome.org/biopax/96/48895#BiochemicalReaction2868,1,http://www.reactome.org/biopax/96/48895#Catalysis1364
1483,761|14297,14237,2,1,http://www.reactome.org/biopax/96/48895#BiochemicalReaction807,1,http://www.reactome.org/biopax/96/48895#Catalysis312
1484,5355|13927,5356|14446,2,2,http://www.reactome.org/biopax/96/48895#BiochemicalReaction5012,1,http://www.reactome.org/biopax/96/48895#Catalysis2127
1485,3485|3577|16462,3542|16466,3,2,http://www.reactome.org/biopax/96/48895#BiochemicalReaction332,1,http://www.reactome.org/biopax/96/48895#Catalysis113
1486,5852|10357,9342,2,1,http://www.reactome.org/biopax/96/48895#BiochemicalReaction6876,1,http://www.reactome.org/biopax/96/48895#Control634
1487,11761|13927|15900|16482,14446|15911|16574,4,3,http://www.reactome.org/biopax/96/48895#BiochemicalReaction926,1,http://www.reactome.org/biopax/96/48895#Catalysis387
1488,735|14419|15065|16343,14420|15422|16588,4,3,http://www.reactome.org/biopax/96/48895#BiochemicalReaction8599,1,http://www.reactome.org/biopax/96/48895#Catalysis4595
1489,7416|15132|16482,15131|16574,3,2,http://www.reactome.org/biopax/96/48895#BiochemicalReaction7521,1,http://www.reactome.org/biopax/96/48895#Catalysis3578
1490,586|13927,594|14446,2,2,http://www.reactome.org/biopax/96/48895#BiochemicalReaction63,1,http://www.reactome.org/biopax/96/48895#Catalysis25
1491,7343|14923|16393|16588,14925|14926,4,2,http://www.reactome.org/biopax/96/48895#BiochemicalReaction7311,1,http://www.reactome.org/biopax/96/48895#Catalysis3370
1492,87|10986|13927|14066,88|14308|15079,4,3,http://www.reactome.org/biopax/96/48895#BiochemicalReaction8209,1,http://www.reactome.org/biopax/96/48895#Catalysis4216
1493,1872|16485,16449,2,1,http://www.reactome.org/biopax/96/48895#BiochemicalReaction2025,1,http://www.reactome.org/biopax/96/48895#Catalysis956
1494,0|13927,3483|14446,2,2,http://www.reactome.org/biopax/96/48895#BiochemicalReaction1,1,http://www.reactome.org/biopax/96/48895#Catalysis1
1495,5621|6170,6169|9492,2,2,http://www.reactome.org/biopax/96/48895#BiochemicalReaction5764,1,http://www.reactome.org/biopax/96/48895#Catalysis2372
1496,5580|5583|16482,5581|16574,3,2,http://www.reactome.org/biopax/96/48895#BiochemicalReaction5213,-1,http://www.reactome.org/biopax/96/48895#Control475
1497,3718|13809|16482,3714|16574,3,2,http://www.reactome.org/biopax/96/48895#BiochemicalReaction3558,1,http://www.reactome.org/biopax/96/48895#Catalysis1636
1498,430|1020|9747,431|11189|11190,3,3,http://www.reactome.org/biopax/96/48895#BiochemicalReaction8793,1,http://www.reactome.org/biopax/96/48895#Control856
1499,405|11498|16462,407|14078,3,2,http://www.reactome.org/biopax/96/48895#BiochemicalReaction8779,1,http://www.reactome.org/biopax/96/48895#Catalysis4728
1500,10852|14255|14793|16336|16563,15251|15395|16482|16552,5,4,http://www.reactome.org/biopax/96/48895#BiochemicalReaction7787,1,http://www.reactome.org/biopax/96/48895#Catalysis3830
1501,1065|9992,1066,2,1,http://www.reactome.org/biopax/96/48895#BiochemicalReaction1090,1,http://www.reactome.org/biopax/96/48895#Catalysis476
1504,11585|14999|15022,14990|15001|15023,3,3,http://www.reactome.org/biopax/96/48895#BiochemicalReaction7378,1,http://www.reactome.org/biopax/96/48895#Catalysis3435
1505,8645|13927,8646|14446,2,2,http://www.reactome.org/biopax/96/48895#BiochemicalReaction4085,1,http://www.reactome.org/biopax/96/48895#Catalysis1810
1506,6604|6617,3581|6603,2,2,http://www.reactome.org/biopax/96/48895#BiochemicalReaction6242,-1,http://www.reactome.org/biopax/96/48895#Control585
1507,7377|14310|16409,14318|15054,3,2,http://www.reactome.org/biopax/96/48895#BiochemicalReaction7407,1,http://www.reactome.org/biopax/96/48895#Catalysis3464
1508,3713|3714|13927,3718|14446,3,2,http://www.reactome.org/biopax/96/48895#BiochemicalReaction3557,1,http://www.reactome.org/biopax/96/48895#Catalysis1635
1509,7292|14058|14255,14793|16051|16482,3,3,http://www.reactome.org/biopax/96/48895#BiochemicalReaction7191,1,http://www.reactome.org/biopax/96/48895#Catalysis3259
1510,5071|13927,5072|14446,2,2,http://www.reactome.org/biopax/96/48895#BiochemicalReaction4758,1,http://www.reactome.org/biopax/96/48895#Catalysis2023
1511,7210|14649,14650,2,1,http://www.reactome.org/biopax/96/48895#BiochemicalReaction6960,1,http://www.reactome.org/biopax/96/48895#Catalysis3041
1512,6842|14532|14533,14534|15079,3,2,http://www.reactome.org/biopax/96/48895#BiochemicalReaction6462,1,http://www.reactome.org/biopax/96/48895#Catalysis2664
1513,6849|14556|16482,13946|16574,3,2,http://www.reactome.org/biopax/96/48895#BiochemicalReaction6483,1,http://www.reactome.org/biopax/96/48895#Catalysis2685
1514,2271|15939,2272|12492|12875|14254|16574,2,5,http://www.reactome.org/biopax/96/48895#BiochemicalReaction2365,1,http://www.reactome.org/biopax/96/48895#Catalysis1106
1515,7363|14988|14992|16387,14993|14994|14995,4,3,http://www.reactome.org/biopax/96/48895#BiochemicalReaction7357,1,http://www.reactome.org/biopax/96/48895#Catalysis3414
1516,10583|16231|16552,16232|16563,3,2,http://www.reactome.org/biopax/96/48895#BiochemicalReaction8669,1,http://www.reactome.org/biopax/96/48895#Catalysis4663
1517,4546|8790,4548|8788|13901,2,3,http://www.reactome.org/biopax/96/48895#BiochemicalReaction4297,1,http://www.reactome.org/biopax/96/48895#Catalysis1894
1518,12285|14087|14297,14019|14237,3,2,http://www.reactome.org/biopax/96/48895#BiochemicalReaction1516,1,http://www.reactome.org/biopax/96/48895#Catalysis652
1519,6883|10071|13302,10074|11363,3,2,http://www.reactome.org/biopax/96/48895#BiochemicalReaction6600,1,http://www.reactome.org/biopax/96/48895#Catalysis2794
1520,7516|7518,7517,2,1,http://www.reactome.org/biopax/96/48895#BiochemicalReaction7801,1,http://www.reactome.org/biopax/96/48895#Catalysis3843
1521,180|15886|16393|16588,14317|14926|15887,4,3,http://www.reactome.org/biopax/96/48895#BiochemicalReaction8381,1,http://www.reactome.org/biopax/96/48895#Catalysis4382
1522,1020|2617|13927,2680|14446,3,2,http://www.reactome.org/biopax/96/48895#BiochemicalReaction2675,1,http://www.reactome.org/biopax/96/48895#Catalysis1255
1523,263|13973|14255|16412,15891|16027,4,2,http://www.reactome.org/biopax/96/48895#BiochemicalReaction8525,1,http://www.reactome.org/biopax/96/48895#Catalysis4524
1524,6848|14107|16482,14543|14793|15723,3,3,http://www.reactome.org/biopax/96/48895#BiochemicalReaction6480,1,http://www.reactome.org/biopax/96/48895#Catalysis2682
1525,1241|12012,1243,2,1,http://www.reactome.org/biopax/96/48895#BiochemicalReaction1256,1,http://www.reactome.org/biopax/96/48895#Control120
1526,14107|14435|15712,8219|14793|15723,3,3,http://www.reactome.org/biopax/96/48895#BiochemicalReaction7022,1,http://www.reactome.org/biopax/96/48895#Control678
1527,6918|16504,6919|7801,2,2,http://www.reactome.org/biopax/96/48895#BiochemicalReaction6691,1,http://www.reactome.org/biopax/96/48895#Catalysis2878
1528,7130|10346|16351,10347,3,1,http://www.reactome.org/biopax/96/48895#BiochemicalReaction6859,1,http://www.reactome.org/biopax/96/48895#Control623
1529,19|15675|16482,15676|16574,3,2,http://www.reactome.org/biopax/96/48895#BiochemicalReaction8128,1,http://www.reactome.org/biopax/96/48895#Catalysis4136
1530,969|973,974|11601,2,2,http://www.reactome.org/biopax/96/48895#BiochemicalReaction1021,1,http://www.reactome.org/biopax/96/48895#Catalysis444
1531,213|13972|14510,15927|16482,3,2,http://www.reactome.org/biopax/96/48895#BiochemicalReaction8427,1,http://www.reactome.org/biopax/96/48895#Catalysis4428
1532,6948|16504,6949|7943,2,2,http://www.reactome.org/biopax/96/48895#BiochemicalReaction6706,1,http://www.reactome.org/biopax/96/48895#Catalysis2892
1533,13763|13774|14107,13773|15723,3,2,http://www.reactome.org/biopax/96/48895#BiochemicalReaction3511,1,http://www.reactome.org/biopax/96/48895#Catalysis1621
1534,501|11263|11269,6717|11263|11264|11265|11266|11267|11268|11269|11270|13122|13124,3,11,http://www.reactome.org/biopax/96/48895#BiochemicalReaction8853,1,http://www.reactome.org/biopax/96/48895#Catalysis4751
1535,10752|13927|15103,14232|14446,3,2,http://www.reactome.org/biopax/96/48895#BiochemicalReaction7544,1,http://www.reactome.org/biopax/96/48895#Catalysis3601
1536,12578|14297|16595,14237|16596,3,2,http://www.reactome.org/biopax/96/48895#BiochemicalReaction1895,1,http://www.reactome.org/biopax/96/48895#Catalysis833
1537,9864|9865,6823,2,1,http://www.reactome.org/biopax/96/48895#BiochemicalReaction6436,1,http://www.reactome.org/biopax/96/48895#Catalysis2638
1538,2722|13169|13183|14362,2723|13166|13167|13180|13181|13182|14357,4,7,http://www.reactome.org/biopax/96/48895#BiochemicalReaction2714,1,http://www.reactome.org/biopax/96/48895#Catalysis1280
1539,1706|5092|15939,1707|14254,3,2,http://www.reactome.org/biopax/96/48895#BiochemicalReaction4776,1,http://www.reactome.org/biopax/96/48895#Catalysis2030
1540,1529|12308|15939,1530|14254,3,2,http://www.reactome.org/biopax/96/48895#BiochemicalReaction1545,1,http://www.reactome.org/biopax/96/48895#Catalysis664
1541,12611|14309|14793,13970|16588,3,2,http://www.reactome.org/biopax/96/48895#BiochemicalReaction1938,1,http://www.reactome.org/biopax/96/48895#Catalysis876
1542,6605|8245,6606,2,1,http://www.reactome.org/biopax/96/48895#BiochemicalReaction6238,1,http://www.reactome.org/biopax/96/48895#Catalysis2561
1543,10620|14793|14808|14816,14362|14817|16424,4,3,http://www.reactome.org/biopax/96/48895#BiochemicalReaction7212,1,http://www.reactome.org/biopax/96/48895#Catalysis3278
1544,7310|14840|14841,14842|14843|15321,3,3,http://www.reactome.org/biopax/96/48895#BiochemicalReaction7231,1,http://www.reactome.org/biopax/96/48895#Catalysis3291
1545,421|1020,423|424|1020,2,3,http://www.reactome.org/biopax/96/48895#BiochemicalReaction8787,1,http://www.reactome.org/biopax/96/48895#Control850
1546,62|10982,63,2,1,http://www.reactome.org/biopax/96/48895#BiochemicalReaction8188,1,http://www.reactome.org/biopax/96/48895#Catalysis4196
1548,12542|15835,16560,2,1,http://www.reactome.org/biopax/96/48895#BiochemicalReaction1852,1,http://www.reactome.org/biopax/96/48895#Catalysis791
1549,3467|13927,3468|14446,2,2,http://www.reactome.org/biopax/96/48895#BiochemicalReaction3301,1,http://www.reactome.org/biopax/96/48895#Catalysis1538
1550,6038|9992,6039,2,1,http://www.reactome.org/biopax/96/48895#BiochemicalReaction5639,1,http://www.reactome.org/biopax/96/48895#Catalysis2317
1551,11741|16372,1153,2,1,http://www.reactome.org/biopax/96/48895#BiochemicalReaction1168,1,http://www.reactome.org/biopax/96/48895#Catalysis502
1552,7286|13927|16471,14446|14793|16473,3,3,http://www.reactome.org/biopax/96/48895#BiochemicalReaction7140,1,http://www.reactome.org/biopax/96/48895#Catalysis3208
1553,899|16135|16171,16182|16193,3,2,http://www.reactome.org/biopax/96/48895#BiochemicalReaction948,1,http://www.reactome.org/biopax/96/48895#Catalysis409
1554,1060|4155|4617,1062,3,1,http://www.reactome.org/biopax/96/48895#BiochemicalReaction1087,-1,http://www.reactome.org/biopax/96/48895#Control85
1555,2419|2421|15939,2420|12948|14254,3,3,http://www.reactome.org/biopax/96/48895#BiochemicalReaction2440,1,http://www.reactome.org/biopax/96/48895#Catalysis1141
1556,3596|13680,13681|13682,2,2,http://www.reactome.org/biopax/96/48895#BiochemicalReaction3449,1,http://www.reactome.org/biopax/96/48895#Catalysis1581
1557,2843,590|14268,1,2,http://www.reactome.org/biopax/96/48895#BiochemicalReaction2825,1,http://www.reactome.org/biopax/96/48895#Catalysis1337
1558,48|13927|15711,14308|14678,3,2,http://www.reactome.org/biopax/96/48895#BiochemicalReaction8156,1,http://www.reactome.org/biopax/96/48895#Catalysis4164
1559,11773|14793|14844|16563,16552|16620,4,2,http://www.reactome.org/biopax/96/48895#BiochemicalReaction7232,1,http://www.reactome.org/biopax/96/48895#Catalysis3292
1560,5454|13927|16299,13979|14446,3,2,http://www.reactome.org/biopax/96/48895#BiochemicalReaction5103,1,http://www.reactome.org/biopax/96/48895#Catalysis2174
1561,10642|15450|16552,15452|16563,3,2,http://www.reactome.org/biopax/96/48895#BiochemicalReaction7845,1,http://www.reactome.org/biopax/96/48895#Catalysis3885
1562,6162|9502|13927,6163|14446,3,2,http://www.reactome.org/biopax/96/48895#BiochemicalReaction5754,1,http://www.reactome.org/biopax/96/48895#Catalysis2364
1563,14109|16198|16417,14699|16197,3,2,http://www.reactome.org/biopax/96/48895#BiochemicalReaction8645,-1,http://www.reactome.org/biopax/96/48895#Control842
1564,12638|16515,16494,2,1,http://www.reactome.org/biopax/96/48895#BiochemicalReaction1986,1,http://www.reactome.org/biopax/96/48895#Catalysis921
1565,136|15817|16600,15818|16588|16599,3,3,http://www.reactome.org/biopax/96/48895#BiochemicalReaction8299,1,http://www.reactome.org/biopax/96/48895#Catalysis4300
1566,4338|8646|13927,4341|14446,3,2,http://www.reactome.org/biopax/96/48895#BiochemicalReaction4086,1,http://www.reactome.org/biopax/96/48895#Catalysis1811
1567,5186|13927,5188|14446,2,2,http://www.reactome.org/biopax/96/48895#BiochemicalReaction4868,1,http://www.reactome.org/biopax/96/48895#Catalysis2069
1568,9365|14815|16482,14308,3,1,http://www.reactome.org/biopax/96/48895#BiochemicalReaction5501,1,http://www.reactome.org/biopax/96/48895#Catalysis2257
1569,12550|16569,16322,2,1,http://www.reactome.org/biopax/96/48895#BiochemicalReaction1864,1,http://www.reactome.org/biopax/96/48895#Catalysis803
1570,10884|13940|16552,14793|15294|16424|16563,3,4,http://www.reactome.org/biopax/96/48895#BiochemicalReaction7936,-1,http://www.reactome.org/biopax/96/48895#Control733
1571,93|15752|16422|16462,14078|15753,4,2,http://www.reactome.org/biopax/96/48895#BiochemicalReaction8221,1,http://www.reactome.org/biopax/96/48895#Catalysis4228
1572,973|7113|7115,7114|11601,3,2,http://www.reactome.org/biopax/96/48895#BiochemicalReaction6835,-1,http://www.reactome.org/biopax/96/48895#Control612
1573,10005|10008|14617,10007|15343|16284,3,3,http://www.reactome.org/biopax/96/48895#BiochemicalReaction6555,1,http://www.reactome.org/biopax/96/48895#Catalysis2750
1574,4478|4481,4474,2,1,http://www.reactome.org/biopax/96/48895#BiochemicalReaction4243,1,http://www.reactome.org/biopax/96/48895#Catalysis1871
1575,5852|7539|15939,7541|14254,3,2,http://www.reactome.org/biopax/96/48895#BiochemicalReaction7902,1,http://www.reactome.org/biopax/96/48895#Catalysis3941
1576,3157|13329|13927,13331|14446,3,2,http://www.reactome.org/biopax/96/48895#BiochemicalReaction3072,1,http://www.reactome.org/biopax/96/48895#Catalysis1461
1577,995|997,8013,2,1,http://www.reactome.org/biopax/96/48895#BiochemicalReaction1036,1,http://www.reactome.org/biopax/96/48895#Control77
1578,279|14873|15343|15607|16124,14874|15321|16125,5,3,http://www.reactome.org/biopax/96/48895#BiochemicalReaction8593,1,http://www.reactome.org/biopax/96/48895#Catalysis4590
1579,1025|9553,9555,2,1,http://www.reactome.org/biopax/96/48895#BiochemicalReaction5857,1,http://www.reactome.org/biopax/96/48895#Control538
1580,11743|13932|16324,13929|13933,3,2,http://www.reactome.org/biopax/96/48895#BiochemicalReaction1912,1,http://www.reactome.org/biopax/96/48895#Catalysis850
1581,7591|15523|16482,14793|15524|15525,3,3,http://www.reactome.org/biopax/96/48895#BiochemicalReaction7958,1,http://www.reactome.org/biopax/96/48895#Catalysis3986
1582,10760|15152|16351,15153|16484,3,2,http://www.reactome.org/biopax/96/48895#BiochemicalReaction7565,1,http://www.reactome.org/biopax/96/48895#Catalysis3620
1583,799,802|16574,1,2,http://www.reactome.org/biopax/96/48895#BiochemicalReaction826,1,http://www.reactome.org/biopax/96/48895#Catalysis323
1584,5499|9538|10063,10068|11363,3,2,http://www.reactome.org/biopax/96/48895#BiochemicalReaction6597,1,http://www.reactome.org/biopax/96/48895#Catalysis2791
1585,10969|13927|14068,14446|14793|15719,3,3,http://www.reactome.org/biopax/96/48895#BiochemicalReaction8166,1,http://www.reactome.org/biopax/96/48895#Catalysis4174
1586,986|8012,984|987|11837|11840,2,4,http://www.reactome.org/biopax/96/48895#BiochemicalReaction1029,1,http://www.reactome.org/biopax/96/48895#Catalysis447
1587,1106|6131,992|6260|11843|11846|16466|16514,2,6,http://www.reactome.org/biopax/96/48895#BiochemicalReaction5834,1,http://www.reactome.org/biopax/96/48895#Catalysis2393
1588,679|13927,664|672|681|11604|11606|14446,2,6,http://www.reactome.org/biopax/96/48895#BiochemicalReaction724,1,http://www.reactome.org/biopax/96/48895#Catalysis251
1589,4242|13927,4340|14446,2,2,http://www.reactome.org/biopax/96/48895#BiochemicalReaction20,1,http://www.reactome.org/biopax/96/48895#Catalysis9
1590,12901|13624,12914|13630,2,2,http://www.reactome.org/biopax/96/48895#BiochemicalReaction219,-1,http://www.reactome.org/biopax/96/48895#Control13
1591,1731|13960|14297|16406,13959|14237|16405,4,3,http://www.reactome.org/biopax/96/48895#BiochemicalReaction1964,1,http://www.reactome.org/biopax/96/48895#Catalysis902
1592,5825|7161|10410|16525,7162|10411|14642,4,3,http://www.reactome.org/biopax/96/48895#BiochemicalReaction6916,1,http://www.reactome.org/biopax/96/48895#Control641
1593,12574|13934|14297,13936|14237,3,2,http://www.reactome.org/biopax/96/48895#BiochemicalReaction1914,1,http://www.reactome.org/biopax/96/48895#Catalysis852
1594,3008|3011|16504,4765|16514,3,2,http://www.reactome.org/biopax/96/48895#BiochemicalReaction2963,1,http://www.reactome.org/biopax/96/48895#Catalysis1413
1595,11045|15934|15936,15935|16418,3,2,http://www.reactome.org/biopax/96/48895#BiochemicalReaction8441,1,http://www.reactome.org/biopax/96/48895#Catalysis4442
1596,7323|14255|14463,14851,3,1,http://www.reactome.org/biopax/96/48895#BiochemicalReaction7243,1,http://www.reactome.org/biopax/96/48895#Catalysis3303
1597,8524|8525|16482,8523|10745,3,2,http://www.reactome.org/biopax/96/48895#BiochemicalReaction3820,1,http://www.reactome.org/biopax/96/48895#Catalysis1738
1598,1825|13927|16482|16537,14446|16538|16574,4,3,http://www.reactome.org/biopax/96/48895#BiochemicalReaction1827,1,http://www.reactome.org/biopax/96/48895#Catalysis770
1599,4111|4213|8245,4214,3,1,http://www.reactome.org/biopax/96/48895#BiochemicalReaction3965,1,http://www.reactome.org/biopax/96/48895#Catalysis1771
1600,10759|15148|16482,15150|16574,3,2,http://www.reactome.org/biopax/96/48895#BiochemicalReaction7562,1,http://www.reactome.org/biopax/96/48895#Catalysis3617
1601,6969|16482,6970|8245,2,2,http://www.reactome.org/biopax/96/48895#BiochemicalReaction6715,1,http://www.reactome.org/biopax/96/48895#Catalysis2899
1602,174|13968|14793,16424|16584,3,2,http://www.reactome.org/biopax/96/48895#BiochemicalReaction8365,1,http://www.reactome.org/biopax/96/48895#Catalysis4366
1603,7239|14652|16533,14676|14679,3,2,http://www.reactome.org/biopax/96/48895#BiochemicalReaction7015,1,http://www.reactome.org/biopax/96/48895#Catalysis3094
1604,6852|14430|14567,13944|14568,3,2,http://www.reactome.org/biopax/96/48895#BiochemicalReaction6490,1,http://www.reactome.org/biopax/96/48895#Catalysis2692
1605,11655|14289|14297,14237|14287,3,2,http://www.reactome.org/biopax/96/48895#BiochemicalReaction1929,1,http://www.reactome.org/biopax/96/48895#Catalysis867
1606,9897|14535|15029,14536|14793|15050,3,3,http://www.reactome.org/biopax/96/48895#BiochemicalReaction6463,1,http://www.reactome.org/biopax/96/48895#Catalysis2665
1607,212|14510|15926,13969|14793,3,2,http://www.reactome.org/biopax/96/48895#BiochemicalReaction8426,1,http://www.reactome.org/biopax/96/48895#Catalysis4427
1608,1308|12068|13927,1317|12061|12066|14446,3,4,http://www.reactome.org/biopax/96/48895#BiochemicalReaction1312,-1,http://www.reactome.org/biopax/96/48895#Control129
1609,724|11623|11624|11626|11627|11628,725,6,1,http://www.reactome.org/biopax/96/48895#BiochemicalReaction765,1,http://www.reactome.org/biopax/96/48895#Catalysis282
1610,1020|14768,14774,2,1,http://www.reactome.org/biopax/96/48895#BiochemicalReaction7158,1,http://www.reactome.org/biopax/96/48895#Catalysis3226
1611,6410|9659|16482,6409|16574,3,2,http://www.reactome.org/biopax/96/48895#BiochemicalReaction6024,1,http://www.reactome.org/biopax/96/48895#Catalysis2481
1612,10642|14255|15448,15450,3,1,http://www.reactome.org/biopax/96/48895#BiochemicalReaction7844,1,http://www.reactome.org/biopax/96/48895#Catalysis3884
1613,5014|12900|13927,5015|14446,3,2,http://www.reactome.org/biopax/96/48895#BiochemicalReaction4709,1,http://www.reactome.org/biopax/96/48895#Catalysis1999
1614,4263|13927,4260|8622|14446,2,3,http://www.reactome.org/biopax/96/48895#BiochemicalReaction4013,1,http://www.reactome.org/biopax/96/48895#Catalysis1781
1615,10993|15029,14419,2,1,http://www.reactome.org/biopax/96/48895#BiochemicalReaction8227,1,http://www.reactome.org/biopax/96/48895#Catalysis4234
1616,894|15970|15981,15992|16003,3,2,http://www.reactome.org/biopax/96/48895#BiochemicalReaction929,1,http://www.reactome.org/biopax/96/48895#Catalysis390
1617,6392|10745,9647|9648,2,2,http://www.reactome.org/biopax/96/48895#BiochemicalReaction6010,1,http://www.reactome.org/biopax/96/48895#Catalysis2475
1618,12537|14237|16554,14793|16555,3,2,http://www.reactome.org/biopax/96/48895#BiochemicalReaction1847,1,http://www.reactome.org/biopax/96/48895#Catalysis786
1619,10589|14104|15186,14324|15187|16551,3,3,http://www.reactome.org/biopax/96/48895#BiochemicalReaction7589,1,http://www.reactome.org/biopax/96/48895#Catalysis3643
1620,6862|9937|16482,7790|14592,3,2,http://www.reactome.org/biopax/96/48895#BiochemicalReaction6513,1,http://www.reactome.org/biopax/96/48895#Catalysis2713
1621,8535|8536|8537|13839,4035,4,1,http://www.reactome.org/biopax/96/48895#BiochemicalReaction3827,-1,http://www.reactome.org/biopax/96/48895#Control356
1622,10721|14232|15095,14776|15101,3,2,http://www.reactome.org/biopax/96/48895#BiochemicalReaction7477,1,http://www.reactome.org/biopax/96/48895#Catalysis3534
1623,5234|13927,5235|14446,2,2,http://www.reactome.org/biopax/96/48895#BiochemicalReaction4909,1,http://www.reactome.org/biopax/96/48895#Catalysis2086
1624,1024|8671|16462,11889|16466,3,2,http://www.reactome.org/biopax/96/48895#BiochemicalReaction1065,1,http://www.reactome.org/biopax/96/48895#Catalysis465
1625,7056|7296,7145,2,1,http://www.reactome.org/biopax/96/48895#BiochemicalReaction49,1,http://www.reactome.org/biopax/96/48895#Control5
1626,3600|3622|13927,3596|14446,3,2,http://www.reactome.org/biopax/96/48895#BiochemicalReaction3434,1,http://www.reactome.org/biopax/96/48895#Catalysis1572
1627,3079|10107|13302,10109|11363,3,2,http://www.reactome.org/biopax/96/48895#BiochemicalReaction6628,1,http://www.reactome.org/biopax/96/48895#Catalysis2822
1628,3547|13601|13927,13602|14446,3,2,http://www.reactome.org/biopax/96/48895#BiochemicalReaction3372,-1,http://www.reactome.org/biopax/96/48895#Control295
1629,10826|14793|15350|16563,15353|16552,4,2,http://www.reactome.org/biopax/96/48895#BiochemicalReaction7739,1,http://www.reactome.org/biopax/96/48895#Catalysis3787
1630,2422|16482,2423|16574,2,2,http://www.reactome.org/biopax/96/48895#BiochemicalReaction2441,1,http://www.reactome.org/biopax/96/48895#Catalysis1142
1631,10596|14767|16462,14770|16466,3,2,http://www.reactome.org/biopax/96/48895#BiochemicalReaction7154,1,http://www.reactome.org/biopax/96/48895#Catalysis3222
1632,114|14507|15343,14506,3,1,http://www.reactome.org/biopax/96/48895#BiochemicalReaction8271,1,http://www.reactome.org/biopax/96/48895#Catalysis4275
1634,6314|6317|7739,6316,3,1,http://www.reactome.org/biopax/96/48895#BiochemicalReaction5900,-1,http://www.reactome.org/biopax/96/48895#Control547
1635,10827|15290|16392,15293|16391|16588,3,3,http://www.reactome.org/biopax/96/48895#BiochemicalReaction7692,1,http://www.reactome.org/biopax/96/48895#Catalysis3740
1636,4434|4989|16462,4979|16466,3,2,http://www.reactome.org/biopax/96/48895#BiochemicalReaction448,1,http://www.reactome.org/biopax/96/48895#Catalysis175
1637,1241|11997,1243,2,1,http://www.reactome.org/biopax/96/48895#BiochemicalReaction1256,1,http://www.reactome.org/biopax/96/48895#Control119
1638,11925|11930|13927,11929|14446,3,2,http://www.reactome.org/biopax/96/48895#BiochemicalReaction1138,1,http://www.reactome.org/biopax/96/48895#Catalysis488
1639,10896|14421|15528,15517|15529,3,2,http://www.reactome.org/biopax/96/48895#BiochemicalReaction7969,-1,http://www.reactome.org/biopax/96/48895#Control753
1640,7436|13972|14196|14793,14362|15159|16424,4,3,http://www.reactome.org/biopax/96/48895#BiochemicalReaction7570,1,http://www.reactome.org/biopax/96/48895#Catalysis3625
1641,6832|9880|16328|16329,9881|16331|16332,4,3,http://www.reactome.org/biopax/96/48895#BiochemicalReaction6447,1,http://www.reactome.org/biopax/96/48895#Catalysis2649
1642,7404|14058|15102,14099|14375,3,2,http://www.reactome.org/biopax/96/48895#BiochemicalReaction7479,1,http://www.reactome.org/biopax/96/48895#Catalysis3536
1643,242|13927|15978,14446|14793|15979,3,3,http://www.reactome.org/biopax/96/48895#BiochemicalReaction8481,1,http://www.reactome.org/biopax/96/48895#Catalysis4481
1644,2082|12784|16462,12795|16466,3,2,http://www.reactome.org/biopax/96/48895#BiochemicalReaction2257,1,http://www.reactome.org/biopax/96/48895#Catalysis1074
1645,9933|14585|16416,14586|16414,3,2,http://www.reactome.org/biopax/96/48895#BiochemicalReaction6506,1,http://www.reactome.org/biopax/96/48895#Catalysis2708
1646,275|14255|14793|15395|16563,16054|16482|16552,5,3,http://www.reactome.org/biopax/96/48895#BiochemicalReaction8553,-1,http://www.reactome.org/biopax/96/48895#Control834
1647,7711|8184,7700,2,1,http://www.reactome.org/biopax/96/48895#BiochemicalReaction236,1,http://www.reactome.org/biopax/96/48895#Catalysis84
1648,4158|13073|16462,2575|16466,3,2,http://www.reactome.org/biopax/96/48895#BiochemicalReaction2568,1,http://www.reactome.org/biopax/96/48895#Control258
1649,175|14255|15873|16482,14734|15874|16580,4,3,http://www.reactome.org/biopax/96/48895#BiochemicalReaction8366,1,http://www.reactome.org/biopax/96/48895#Catalysis4367
1650,4343|8655|13927,8656|14446,3,2,http://www.reactome.org/biopax/96/48895#BiochemicalReaction4115,1,http://www.reactome.org/biopax/96/48895#Catalysis1827
1651,7335|15453|16552,15454|16563,3,2,http://www.reactome.org/biopax/96/48895#BiochemicalReaction7847,1,http://www.reactome.org/biopax/96/48895#Catalysis3887
1652,3657|13760|16343,13761|13762,3,2,http://www.reactome.org/biopax/96/48895#BiochemicalReaction3495,1,http://www.reactome.org/biopax/96/48895#Catalysis1613
1653,14421|15528|15532,15517|15529,3,2,http://www.reactome.org/biopax/96/48895#BiochemicalReaction7969,-1,http://www.reactome.org/biopax/96/48895#Control754
1654,1397|1399|16504,1398|14036,3,2,http://www.reactome.org/biopax/96/48895#BiochemicalReaction1387,1,http://www.reactome.org/biopax/96/48895#Catalysis578
1655,7334|14255|14463,14869,3,1,http://www.reactome.org/biopax/96/48895#BiochemicalReaction7263,1,http://www.reactome.org/biopax/96/48895#Catalysis3322
1656,5911|9368|15939,5913|14254,3,2,http://www.reactome.org/biopax/96/48895#BiochemicalReaction5508,-1,http://www.reactome.org/biopax/96/48895#Control498
1657,21|15654|16482,14793|15079|15655,3,3,http://www.reactome.org/biopax/96/48895#BiochemicalReaction8114,1,http://www.reactome.org/biopax/96/48895#Catalysis4122
1658,10988|15744,13961|14063,2,2,http://www.reactome.org/biopax/96/48895#BiochemicalReaction8211,1,http://www.reactome.org/biopax/96/48895#Catalysis4218
1659,7441|15200,7442,2,1,http://www.reactome.org/biopax/96/48895#BiochemicalReaction7600,1,http://www.reactome.org/biopax/96/48895#Catalysis3652
1660,4343|12325|13927,8640|14446,3,2,http://www.reactome.org/biopax/96/48895#BiochemicalReaction4088,1,http://www.reactome.org/biopax/96/48895#Catalysis1812
1661,8057|12155|13998,12170|14008,3,2,http://www.reactome.org/biopax/96/48895#BiochemicalReaction1411,-1,http://www.reactome.org/biopax/96/48895#Control135
1662,9343|10340|10341,9383|10342,3,2,http://www.reactome.org/biopax/96/48895#BiochemicalReaction6855,-1,http://www.reactome.org/biopax/96/48895#Control618
1663,12579|14297|16595,14237|16596,3,2,http://www.reactome.org/biopax/96/48895#BiochemicalReaction7301,1,http://www.reactome.org/biopax/96/48895#Catalysis3360
1665,298|15733|16184,15740|16185,3,2,http://www.reactome.org/biopax/96/48895#BiochemicalReaction8633,1,http://www.reactome.org/biopax/96/48895#Catalysis4627
1666,14967|15594|16542|16588,14317|15568|16030,4,3,http://www.reactome.org/biopax/96/48895#BiochemicalReaction8529,-1,http://www.reactome.org/biopax/96/48895#Control831
1667,11593|14901|14984|15000,14986|14987|15002,4,3,http://www.reactome.org/biopax/96/48895#BiochemicalReaction7360,1,http://www.reactome.org/biopax/96/48895#Catalysis3417
1668,3617|3629|12079,3632,3,1,http://www.reactome.org/biopax/96/48895#BiochemicalReaction3437,-1,http://www.reactome.org/biopax/96/48895#Control315
1669,5202|13927|16299,13979|14446,3,2,http://www.reactome.org/biopax/96/48895#BiochemicalReaction4884,1,http://www.reactome.org/biopax/96/48895#Catalysis2076
1670,4036|8535|8536|13839,4035,4,1,http://www.reactome.org/biopax/96/48895#BiochemicalReaction3827,-1,http://www.reactome.org/biopax/96/48895#Control357
1671,226|14183|15953|16387,15950|15954|16386,4,3,http://www.reactome.org/biopax/96/48895#BiochemicalReaction8457,1,http://www.reactome.org/biopax/96/48895#Catalysis4458
1672,7293,1154,1,1,http://www.reactome.org/biopax/96/48895#BiochemicalReaction7192,1,http://www.reactome.org/biopax/96/48895#Catalysis3260
1673,5173|12160|13998,12163|14008,3,2,http://www.reactome.org/biopax/96/48895#BiochemicalReaction1413,1,http://www.reactome.org/biopax/96/48895#Catalysis603
1674,214|15814|16482,14734|14793|15294|15928,3,4,http://www.reactome.org/biopax/96/48895#BiochemicalReaction8430,1,http://www.reactome.org/biopax/96/48895#Catalysis4431
1675,5499|11342,10059|11363,2,2,http://www.reactome.org/biopax/96/48895#BiochemicalReaction6591,1,http://www.reactome.org/biopax/96/48895#Catalysis2785
1676,3315|7850|16476,7850,3,1,http://www.reactome.org/biopax/96/48895#BiochemicalReaction317,1,http://www.reactome.org/biopax/96/48895#Catalysis112
1677,6936|16482,6938|8242,2,2,http://www.reactome.org/biopax/96/48895#BiochemicalReaction6700,1,http://www.reactome.org/biopax/96/48895#Catalysis2887
1678,11279|14317|15551|16267,16268,4,1,http://www.reactome.org/biopax/96/48895#BiochemicalReaction8857,1,http://www.reactome.org/biopax/96/48895#Catalysis4753
1679,4848|13927,4849|14446,2,2,http://www.reactome.org/biopax/96/48895#BiochemicalReaction4565,1,http://www.reactome.org/biopax/96/48895#Catalysis1961
1680,136|15822|16600,15529|16588|16599,3,3,http://www.reactome.org/biopax/96/48895#BiochemicalReaction8303,1,http://www.reactome.org/biopax/96/48895#Catalysis4304
1681,3894|14345|16482,14326|14329|14330,3,3,http://www.reactome.org/biopax/96/48895#BiochemicalReaction3731,1,http://www.reactome.org/biopax/96/48895#Catalysis1716
1682,8672|16299|16482,16454|16457,3,2,http://www.reactome.org/biopax/96/48895#BiochemicalReaction3105,1,http://www.reactome.org/biopax/96/48895#Catalysis1476
1683,7878|14793|15285|16563,15287|16552,4,2,http://www.reactome.org/biopax/96/48895#BiochemicalReaction7688,1,http://www.reactome.org/biopax/96/48895#Catalysis3736
1684,505|11258,6716,2,1,http://www.reactome.org/biopax/96/48895#BiochemicalReaction8855,1,http://www.reactome.org/biopax/96/48895#Control903
1685,7331|14255|14463,14863,3,1,http://www.reactome.org/biopax/96/48895#BiochemicalReaction7257,1,http://www.reactome.org/biopax/96/48895#Catalysis3316
1687,11309|16273,14478,2,1,http://www.reactome.org/biopax/96/48895#BiochemicalReaction8892,1,http://www.reactome.org/biopax/96/48895#Catalysis4769
1688,9605|9606|13927,9607|14446,3,2,http://www.reactome.org/biopax/96/48895#BiochemicalReaction5965,1,http://www.reactome.org/biopax/96/48895#Catalysis2446
1689,7309|14830|16391|16588,14831|16392,4,2,http://www.reactome.org/biopax/96/48895#BiochemicalReaction7219,1,http://www.reactome.org/biopax/96/48895#Catalysis3285
1690,2475|16482|16530,14244|14245,3,2,http://www.reactome.org/biopax/96/48895#BiochemicalReaction2474,1,http://www.reactome.org/biopax/96/48895#Catalysis1148
1691,157|15908|16324,14309|15909|16482,3,3,http://www.reactome.org/biopax/96/48895#BiochemicalReaction8412,1,http://www.reactome.org/biopax/96/48895#Catalysis4413
1692,5776|9255|16445,5772,3,1,http://www.reactome.org/biopax/96/48895#BiochemicalReaction5385,-1,http://www.reactome.org/biopax/96/48895#Control491
1693,989|996|16462,995|16466,3,2,http://www.reactome.org/biopax/96/48895#BiochemicalReaction1035,1,http://www.reactome.org/biopax/96/48895#Catalysis449
1694,10598|13927|14785,14446|14779,3,2,http://www.reactome.org/biopax/96/48895#BiochemicalReaction7174,1,http://www.reactome.org/biopax/96/48895#Catalysis3242
1695,2631|10745,2629|2632,2,2,http://www.reactome.org/biopax/96/48895#BiochemicalReaction2631,1,http://www.reactome.org/biopax/96/48895#Catalysis1230
1696,10846|15029|15394,14793|15050|16342,3,3,http://www.reactome.org/biopax/96/48895#BiochemicalReaction7779,1,http://www.reactome.org/biopax/96/48895#Control718
1697,12681|14297,14237,2,1,http://www.reactome.org/biopax/96/48895#BiochemicalReaction2081,-1,http://www.reactome.org/biopax/96/48895#Control196
1698,2619|11903|16462,11904|16466,3,2,http://www.reactome.org/biopax/96/48895#BiochemicalReaction2747,1,http://www.reactome.org/biopax/96/48895#Catalysis1295
1699,3076|16462,3077|16466|16514,2,3,http://www.reactome.org/biopax/96/48895#BiochemicalReaction3015,1,http://www.reactome.org/biopax/96/48895#Catalysis1434
1700,6553|13927|16303,14446|14494,3,2,http://www.reactome.org/biopax/96/48895#BiochemicalReaction6150,1,http://www.reactome.org/biopax/96/48895#Catalysis2515
1702,2864,2865|14269,1,2,http://www.reactome.org/biopax/96/48895#BiochemicalReaction2840,1,http://www.reactome.org/biopax/96/48895#Catalysis1352
1703,13317|13807,13895|13900,2,2,http://www.reactome.org/biopax/96/48895#BiochemicalReaction249,1,http://www.reactome.org/biopax/96/48895#Catalysis97
1704,5499|8759,10147|11363,2,2,http://www.reactome.org/biopax/96/48895#BiochemicalReaction6664,1,http://www.reactome.org/biopax/96/48895#Catalysis2857
1705,11733|15642|16482,14793|15641|16574,3,3,http://www.reactome.org/biopax/96/48895#BiochemicalReaction8106,1,http://www.reactome.org/biopax/96/48895#Catalysis4114
1706,7921|14371|14873|15343|15607,14874|15321|16105,5,3,http://www.reactome.org/biopax/96/48895#BiochemicalReaction8580,1,http://www.reactome.org/biopax/96/48895#Catalysis4577
1707,6042|13998,6053|14008,2,2,http://www.reactome.org/biopax/96/48895#BiochemicalReaction519,1,http://www.reactome.org/biopax/96/48895#Catalysis205
1708,7784|9888|16416,14524|14527,3,2,http://www.reactome.org/biopax/96/48895#BiochemicalReaction6455,1,http://www.reactome.org/biopax/96/48895#Catalysis2657
1709,10182|13927,7452|14446,2,2,http://www.reactome.org/biopax/96/48895#BiochemicalReaction53,1,http://www.reactome.org/biopax/96/48895#Catalysis21
1710,6189|14682|15029|16482,14793|15050|16439,4,3,http://www.reactome.org/biopax/96/48895#BiochemicalReaction8602,1,http://www.reactome.org/biopax/96/48895#Catalysis4598
1711,3816|13849|16413,13852,3,1,http://www.reactome.org/biopax/96/48895#BiochemicalReaction3656,1,http://www.reactome.org/biopax/96/48895#Catalysis1687
1713,5080|13927,5082|14446,2,2,http://www.reactome.org/biopax/96/48895#BiochemicalReaction4764,1,http://www.reactome.org/biopax/96/48895#Catalysis2025
1714,11065|14793|15142,15993|16424,3,2,http://www.reactome.org/biopax/96/48895#BiochemicalReaction8494,1,http://www.reactome.org/biopax/96/48895#Catalysis4494
1715,8179|13875,7722,2,1,http://www.reactome.org/biopax/96/48895#BiochemicalReaction238,1,http://www.reactome.org/biopax/96/48895#Catalysis86
1716,6967|16482,6968|8245,2,2,http://www.reactome.org/biopax/96/48895#BiochemicalReaction6714,1,http://www.reactome.org/biopax/96/48895#Catalysis2898
1717,12496|16351|16360,14323|16480|16486,3,3,http://www.reactome.org/biopax/96/48895#BiochemicalReaction1779,1,http://www.reactome.org/biopax/96/48895#Catalysis740
1718,322|14323|16519,14157|16351,3,2,http://www.reactome.org/biopax/96/48895#BiochemicalReaction8696,1,http://www.reactome.org/biopax/96/48895#Catalysis4690
1719,817|14147,13928,2,1,http://www.reactome.org/biopax/96/48895#BiochemicalReaction840,1,http://www.reactome.org/biopax/96/48895#Catalysis333
1720,14417|14646|15551|16418,14647|16345|16475|16588,4,4,http://www.reactome.org/biopax/96/48895#BiochemicalReaction6956,-1,http://www.reactome.org/biopax/96/48895#Control650
1721,9523|14873|15343|15607|16115,14874|15321|16116,5,3,http://www.reactome.org/biopax/96/48895#BiochemicalReaction8586,1,http://www.reactome.org/biopax/96/48895#Catalysis4583
1722,7640|14926,7641|16393,2,2,http://www.reactome.org/biopax/96/48895#BiochemicalReaction7991,1,http://www.reactome.org/biopax/96/48895#Catalysis4007
1723,6569|13927,9715|13063|14446,2,3,http://www.reactome.org/biopax/96/48895#BiochemicalReaction6170,1,http://www.reactome.org/biopax/96/48895#Catalysis2526
1724,158|13970|16418,14304|14417,3,2,http://www.reactome.org/biopax/96/48895#BiochemicalReaction8335,1,http://www.reactome.org/biopax/96/48895#Catalysis4336
1725,7239|14675|14676,14652|14677,3,2,http://www.reactome.org/biopax/96/48895#BiochemicalReaction7010,1,http://www.reactome.org/biopax/96/48895#Catalysis3089
1726,11010|16488,116,2,1,http://www.reactome.org/biopax/96/48895#BiochemicalReaction8274,1,http://www.reactome.org/biopax/96/48895#Catalysis4278
1727,4318|4327|13927,4328|14446,3,2,http://www.reactome.org/biopax/96/48895#BiochemicalReaction4077,1,http://www.reactome.org/biopax/96/48895#Catalysis1806
1728,10729|15110|16343,15111|15113,3,2,http://www.reactome.org/biopax/96/48895#BiochemicalReaction7495,1,http://www.reactome.org/biopax/96/48895#Catalysis3552
1729,6614,6604|6615|10745|13766,1,4,http://www.reactome.org/biopax/96/48895#BiochemicalReaction6266,1,http://www.reactome.org/biopax/96/48895#Catalysis2570
1730,1474|12254|16462|16504,1474|16422|16466|16514,4,4,http://www.reactome.org/biopax/96/48895#BiochemicalReaction1492,1,http://www.reactome.org/biopax/96/48895#Catalysis639
1731,13130|13131|16504,13132|16514,3,2,http://www.reactome.org/biopax/96/48895#BiochemicalReaction2635,1,http://www.reactome.org/biopax/96/48895#Control261
1732,5925|16299|16482,16454|16457,3,2,http://www.reactome.org/biopax/96/48895#BiochemicalReaction5520,1,http://www.reactome.org/biopax/96/48895#Catalysis2265
1733,1984|1985,12737|12738|14187,2,3,http://www.reactome.org/biopax/96/48895#BiochemicalReaction2166,1,http://www.reactome.org/biopax/96/48895#Control223
1734,7458|7466|14430,7441|14693|15202|15214,3,4,http://www.reactome.org/biopax/96/48895#BiochemicalReaction7617,1,http://www.reactome.org/biopax/96/48895#Catalysis3669
1735,10995|14252|15142,15274|16587,3,2,http://www.reactome.org/biopax/96/48895#BiochemicalReaction8230,1,http://www.reactome.org/biopax/96/48895#Catalysis4237
1736,3606|11881|13927,3607|13648|14446,3,3,http://www.reactome.org/biopax/96/48895#BiochemicalReaction3412,1,http://www.reactome.org/biopax/96/48895#Catalysis1569
1737,11790|12769|13927,11789|14446,3,2,http://www.reactome.org/biopax/96/48895#BiochemicalReaction3102,1,http://www.reactome.org/biopax/96/48895#Catalysis1475
1738,501|11263|11271,6717|11263|11264|11265|11266|11267|11268|11269|11270|13122|13124,3,11,http://www.reactome.org/biopax/96/48895#BiochemicalReaction8853,1,http://www.reactome.org/biopax/96/48895#Control894
1739,5129|13927,5133|14446,2,2,http://www.reactome.org/biopax/96/48895#BiochemicalReaction4809,1,http://www.reactome.org/biopax/96/48895#Catalysis2043
1741,7269|14430|14718,14691|14719,3,2,http://www.reactome.org/biopax/96/48895#BiochemicalReaction7105,1,http://www.reactome.org/biopax/96/48895#Catalysis3173
1742,897|13927|15593,14446|15595,3,2,http://www.reactome.org/biopax/96/48895#BiochemicalReaction8063,1,http://www.reactome.org/biopax/96/48895#Catalysis4071
1743,6180|9516|9517,6182,3,1,http://www.reactome.org/biopax/96/48895#BiochemicalReaction5777,1,http://www.reactome.org/biopax/96/48895#Control527
1745,1730|13960|14297|16406,13959|14237|16405,4,3,http://www.reactome.org/biopax/96/48895#BiochemicalReaction1963,1,http://www.reactome.org/biopax/96/48895#Catalysis901
1746,7954|15142|15203,15274|15373,3,2,http://www.reactome.org/biopax/96/48895#BiochemicalReaction97,1,http://www.reactome.org/biopax/96/48895#Catalysis31
1747,1407|12202|13998,12203|14008,3,2,http://www.reactome.org/biopax/96/48895#BiochemicalReaction1434,1,http://www.reactome.org/biopax/96/48895#Catalysis622
1749,5029|13927|16299,13979|14446,3,2,http://www.reactome.org/biopax/96/48895#BiochemicalReaction4725,1,http://www.reactome.org/biopax/96/48895#Catalysis2005
1750,12164|12168|16328|16329,12163|16331|16332|16420,4,4,http://www.reactome.org/biopax/96/48895#BiochemicalReaction1399,1,http://www.reactome.org/biopax/96/48895#Catalysis589
1752,9915|14097|14562,14096|14563,3,2,http://www.reactome.org/biopax/96/48895#BiochemicalReaction6487,1,http://www.reactome.org/biopax/96/48895#Catalysis2689
1753,7647|10930|10931|14158,7648,4,1,http://www.reactome.org/biopax/96/48895#BiochemicalReaction7998,1,http://www.reactome.org/biopax/96/48895#Catalysis4013
1754,4434|4969|16462,4959|16466,3,2,http://www.reactome.org/biopax/96/48895#BiochemicalReaction447,1,http://www.reactome.org/biopax/96/48895#Catalysis174
1755,2619|13161|16462,13162|16466,3,2,http://www.reactome.org/biopax/96/48895#BiochemicalReaction2677,1,http://www.reactome.org/biopax/96/48895#Catalysis1257
1756,8398|13927,8399|14446,2,2,http://www.reactome.org/biopax/96/48895#BiochemicalReaction5126,1,http://www.reactome.org/biopax/96/48895#Catalysis2185
1757,5651|13927,5655|14446,2,2,http://www.reactome.org/biopax/96/48895#BiochemicalReaction5272,1,http://www.reactome.org/biopax/96/48895#Catalysis2237
1758,10357|16494,9342,2,1,http://www.reactome.org/biopax/96/48895#BiochemicalReaction6876,1,http://www.reactome.org/biopax/96/48895#Control630
1759,7218|16533,10459|10460,2,2,http://www.reactome.org/biopax/96/48895#BiochemicalReaction6971,-1,http://www.reactome.org/biopax/96/48895#Control658
1760,8132|12666|16326,1900,3,1,http://www.reactome.org/biopax/96/48895#BiochemicalReaction2059,1,http://www.reactome.org/biopax/96/48895#Control188
1762,4808|4812|4815,4816,3,1,http://www.reactome.org/biopax/96/48895#BiochemicalReaction4534,-1,http://www.reactome.org/biopax/96/48895#Control418
1763,6449|9683|15939,6450|14254,3,2,http://www.reactome.org/biopax/96/48895#BiochemicalReaction6064,1,http://www.reactome.org/biopax/96/48895#Catalysis2494
1766,5596|13927,5597|14446,2,2,http://www.reactome.org/biopax/96/48895#BiochemicalReaction5227,1,http://www.reactome.org/biopax/96/48895#Catalysis2223
1767,12546|16562,15835,2,1,http://www.reactome.org/biopax/96/48895#BiochemicalReaction1858,1,http://www.reactome.org/biopax/96/48895#Catalysis797
1768,5499|10500,10128|11363,2,2,http://www.reactome.org/biopax/96/48895#BiochemicalReaction6643,1,http://www.reactome.org/biopax/96/48895#Catalysis2838
1769,5499|10036|13302,10037|11363,3,2,http://www.reactome.org/biopax/96/48895#BiochemicalReaction6577,1,http://www.reactome.org/biopax/96/48895#Catalysis2771
1771,1238|6608|6611,6610,3,1,http://www.reactome.org/biopax/96/48895#BiochemicalReaction6241,1,http://www.reactome.org/biopax/96/48895#Control580
1772,3711|16482,9964|10117|10745,2,3,http://www.reactome.org/biopax/96/48895#BiochemicalReaction345,1,http://www.reactome.org/biopax/96/48895#Catalysis115
1773,3742|13927|16299,13979|14446,3,2,http://www.reactome.org/biopax/96/48895#BiochemicalReaction3583,1,http://www.reactome.org/biopax/96/48895#Catalysis1647
1774,6985|16482,6987|7735,2,2,http://www.reactome.org/biopax/96/48895#BiochemicalReaction6723,1,http://www.reactome.org/biopax/96/48895#Catalysis2906
1775,5499|13596,11363|13599,2,2,http://www.reactome.org/biopax/96/48895#BiochemicalReaction3370,1,http://www.reactome.org/biopax/96/48895#Catalysis1551
1776,5370|11838,769|5374,2,2,http://www.reactome.org/biopax/96/48895#BiochemicalReaction5025,1,http://www.reactome.org/biopax/96/48895#Catalysis2135
1777,3010|16462,3007|3009|10954|13041|16466,2,5,http://www.reactome.org/biopax/96/48895#BiochemicalReaction2962,1,http://www.reactome.org/biopax/96/48895#Catalysis1412
1778,1859|11792|13927,530|14446,3,2,http://www.reactome.org/biopax/96/48895#BiochemicalReaction8872,1,http://www.reactome.org/biopax/96/48895#Catalysis4759
1779,10954|13015|16462,13016|16466,3,2,http://www.reactome.org/biopax/96/48895#BiochemicalReaction2497,1,http://www.reactome.org/biopax/96/48895#Catalysis1157
1780,10782|14115|15195,14607|15196|16551,3,3,http://www.reactome.org/biopax/96/48895#BiochemicalReaction7593,1,http://www.reactome.org/biopax/96/48895#Catalysis3647
1781,7529|14967|15424,14421|14955,3,2,http://www.reactome.org/biopax/96/48895#BiochemicalReaction7824,1,http://www.reactome.org/biopax/96/48895#Catalysis3864
1782,6346|10745,6347,2,1,http://www.reactome.org/biopax/96/48895#BiochemicalReaction5932,1,http://www.reactome.org/biopax/96/48895#Catalysis2429
1783,871|14635|14998,14989|15008,3,2,http://www.reactome.org/biopax/96/48895#BiochemicalReaction886,1,http://www.reactome.org/biopax/96/48895#Catalysis349
1784,9559|9561|16482,7735|9560,3,2,http://www.reactome.org/biopax/96/48895#BiochemicalReaction5874,1,http://www.reactome.org/biopax/96/48895#Catalysis2407
1785,6270|13025,9992,2,1,http://www.reactome.org/biopax/96/48895#BiochemicalReaction2505,1,http://www.reactome.org/biopax/96/48895#Catalysis1165
1786,6111|6112|16462,6113|16466,3,2,http://www.reactome.org/biopax/96/48895#BiochemicalReaction5701,1,http://www.reactome.org/biopax/96/48895#Catalysis2340
1787,7117|14321,7118|14322,2,2,http://www.reactome.org/biopax/96/48895#BiochemicalReaction6840,1,http://www.reactome.org/biopax/96/48895#Catalysis2962
1788,7214|14654,14652|14653,2,2,http://www.reactome.org/biopax/96/48895#BiochemicalReaction6982,1,http://www.reactome.org/biopax/96/48895#Catalysis3061
1789,42|15709,43|16327,2,2,http://www.reactome.org/biopax/96/48895#BiochemicalReaction8152,1,http://www.reactome.org/biopax/96/48895#Catalysis4160
1790,8273|8491|13927,8492|14446,3,2,http://www.reactome.org/biopax/96/48895#BiochemicalReaction3783,1,http://www.reactome.org/biopax/96/48895#Catalysis1726
1791,1350|7725|15939,3430|14254,3,2,http://www.reactome.org/biopax/96/48895#BiochemicalReaction6289,1,http://www.reactome.org/biopax/96/48895#Catalysis2580
1792,3758|3759|13927,3760|14446,3,2,http://www.reactome.org/biopax/96/48895#BiochemicalReaction3599,1,http://www.reactome.org/biopax/96/48895#Catalysis1655
1793,3719|13927,3721|14446,2,2,http://www.reactome.org/biopax/96/48895#BiochemicalReaction3562,1,http://www.reactome.org/biopax/96/48895#Catalysis1639
1794,3732|13818|13927,3733|14446,3,2,http://www.reactome.org/biopax/96/48895#BiochemicalReaction3574,-1,http://www.reactome.org/biopax/96/48895#Control332
1795,10828|13927|14362|15342,14308|15079|15344|16482,4,4,http://www.reactome.org/biopax/96/48895#BiochemicalReaction7729,1,http://www.reactome.org/biopax/96/48895#Catalysis3777
1796,7995|13927|15762|16482,14446|15769|16574,4,3,http://www.reactome.org/biopax/96/48895#BiochemicalReaction918,1,http://www.reactome.org/biopax/96/48895#Catalysis379
1797,10583|14726|14793|16563,14727|16552,4,2,http://www.reactome.org/biopax/96/48895#BiochemicalReaction7109,1,http://www.reactome.org/biopax/96/48895#Catalysis3177
1798,7610|7642,7614|7643|10927,2,3,http://www.reactome.org/biopax/96/48895#BiochemicalReaction7995,1,http://www.reactome.org/biopax/96/48895#Catalysis4011
1799,7617|7623|10425|10906|15536,7624|7625|10903,5,3,http://www.reactome.org/biopax/96/48895#BiochemicalReaction7981,1,http://www.reactome.org/biopax/96/48895#Control758
1800,103|15777|16345|16475,15551|15772|15776,4,3,http://www.reactome.org/biopax/96/48895#BiochemicalReaction8263,1,http://www.reactome.org/biopax/96/48895#Catalysis4268
1801,8262|13467,12928|13585,2,2,http://www.reactome.org/biopax/96/48895#BiochemicalReaction213,1,http://www.reactome.org/biopax/96/48895#Catalysis62
1802,109|15142|15939|16482,13969|15079|15784|15785,4,4,http://www.reactome.org/biopax/96/48895#BiochemicalReaction8265,1,http://www.reactome.org/biopax/96/48895#Catalysis4270
1803,12153|12154,12142|16420,2,2,http://www.reactome.org/biopax/96/48895#BiochemicalReaction1392,1,http://www.reactome.org/biopax/96/48895#Catalysis582
1804,6834|14120|14517,14254|14518,3,2,http://www.reactome.org/biopax/96/48895#BiochemicalReaction6449,1,http://www.reactome.org/biopax/96/48895#Catalysis2651
1805,7411|10739,7412,2,1,http://www.reactome.org/biopax/96/48895#BiochemicalReaction7516,1,http://www.reactome.org/biopax/96/48895#Catalysis3573
1806,1190|14254,1193|15939,2,2,http://www.reactome.org/biopax/96/48895#BiochemicalReaction1199,1,http://www.reactome.org/biopax/96/48895#Catalysis524
1807,184|15891,15892|16482,2,2,http://www.reactome.org/biopax/96/48895#BiochemicalReaction8385,1,http://www.reactome.org/biopax/96/48895#Catalysis4386
1808,10825|15029|15281,14793|15050|15283,3,3,http://www.reactome.org/biopax/96/48895#BiochemicalReaction7684,1,http://www.reactome.org/biopax/96/48895#Catalysis3732
1809,3596|13790,13655|13791,2,2,http://www.reactome.org/biopax/96/48895#BiochemicalReaction3532,1,http://www.reactome.org/biopax/96/48895#Catalysis1628
1810,7313|14371|15607,14840,3,1,http://www.reactome.org/biopax/96/48895#BiochemicalReaction7226,1,http://www.reactome.org/biopax/96/48895#Catalysis3288
1811,475|477|16482,476|14308,3,2,http://www.reactome.org/biopax/96/48895#BiochemicalReaction8838,1,http://www.reactome.org/biopax/96/48895#Catalysis4742
1812,10277|11842|15142,10276|15274,3,2,http://www.reactome.org/biopax/96/48895#BiochemicalReaction6804,1,http://www.reactome.org/biopax/96/48895#Catalysis2943
1813,14484|14646|15551|16418,14647|16345|16475|16588,4,4,http://www.reactome.org/biopax/96/48895#BiochemicalReaction6956,1,http://www.reactome.org/biopax/96/48895#Control651
1814,2556|11566|16462,13065|16466,3,2,http://www.reactome.org/biopax/96/48895#BiochemicalReaction2547,-1,http://www.reactome.org/biopax/96/48895#Control257
1815,7924|14873|15343|15607|16120,14874|15321|16121,5,3,http://www.reactome.org/biopax/96/48895#BiochemicalReaction8591,1,http://www.reactome.org/biopax/96/48895#Catalysis4588
1816,10838|14297|16481,14237|16601,3,2,http://www.reactome.org/biopax/96/48895#BiochemicalReaction7755,1,http://www.reactome.org/biopax/96/48895#Catalysis3799
1817,1940|14343|16518,16378|16519,3,2,http://www.reactome.org/biopax/96/48895#BiochemicalReaction2113,1,http://www.reactome.org/biopax/96/48895#Catalysis1019
1818,6869|10489|14104,10491|14324|16551,3,3,http://www.reactome.org/biopax/96/48895#BiochemicalReaction7041,1,http://www.reactome.org/biopax/96/48895#Catalysis3119
1819,5151|13927,5153|14446,2,2,http://www.reactome.org/biopax/96/48895#BiochemicalReaction4832,1,http://www.reactome.org/biopax/96/48895#Catalysis2053
1820,6879|10016|14622,10017|14324|16551,3,3,http://www.reactome.org/biopax/96/48895#BiochemicalReaction6564,1,http://www.reactome.org/biopax/96/48895#Catalysis2758
1821,1785|16515,16494,2,1,http://www.reactome.org/biopax/96/48895#BiochemicalReaction1975,1,http://www.reactome.org/biopax/96/48895#Catalysis911
1822,7594|13947,15527,2,1,http://www.reactome.org/biopax/96/48895#BiochemicalReaction7960,-1,http://www.reactome.org/biopax/96/48895#Control744
1823,6908|7146|16476,4969|6927|6937|7156|14078,3,5,http://www.reactome.org/biopax/96/48895#BiochemicalReaction608,1,http://www.reactome.org/biopax/96/48895#Catalysis222
1824,7468|16461|16482,14348|14793|16464,3,3,http://www.reactome.org/biopax/96/48895#BiochemicalReaction7619,1,http://www.reactome.org/biopax/96/48895#Catalysis3671
1825,806|14147,13928,2,1,http://www.reactome.org/biopax/96/48895#BiochemicalReaction829,1,http://www.reactome.org/biopax/96/48895#Catalysis325
1826,3091,2892|3037|3072|3075|3093|8196|13296|13297|13305,1,9,http://www.reactome.org/biopax/96/48895#BiochemicalReaction3024,1,http://www.reactome.org/biopax/96/48895#Catalysis1439
1827,7195|13927|14087,7196|14446|14793,3,3,http://www.reactome.org/biopax/96/48895#BiochemicalReaction6947,1,http://www.reactome.org/biopax/96/48895#Control645
1828,10347|10351|16351,9127,3,1,http://www.reactome.org/biopax/96/48895#BiochemicalReaction6865,1,http://www.reactome.org/biopax/96/48895#Catalysis2982
1830,9939|14602,14599|14600,2,2,http://www.reactome.org/biopax/96/48895#BiochemicalReaction6517,1,http://www.reactome.org/biopax/96/48895#Catalysis2717
1831,7254|14430|14690,14691|14692,3,2,http://www.reactome.org/biopax/96/48895#BiochemicalReaction7047,1,http://www.reactome.org/biopax/96/48895#Catalysis3123
1832,8751|15409,7520,2,1,http://www.reactome.org/biopax/96/48895#BiochemicalReaction7806,1,http://www.reactome.org/biopax/96/48895#Catalysis3847
1833,269|16039|16380|16591,16042|16043|16409,4,3,http://www.reactome.org/biopax/96/48895#BiochemicalReaction8535,1,http://www.reactome.org/biopax/96/48895#Catalysis4534
1834,1076|1078,1079|16574,2,2,http://www.reactome.org/biopax/96/48895#BiochemicalReaction1097,1,http://www.reactome.org/biopax/96/48895#Control87
1835,10642|14255|15436,15437,3,1,http://www.reactome.org/biopax/96/48895#BiochemicalReaction7833,1,http://www.reactome.org/biopax/96/48895#Catalysis3873
1836,1890|13927|14793|16482,14132|14446|16574,4,3,http://www.reactome.org/biopax/96/48895#BiochemicalReaction2050,1,http://www.reactome.org/biopax/96/48895#Catalysis973
1837,11676|14154,14087,2,1,http://www.reactome.org/biopax/96/48895#BiochemicalReaction2098,-1,http://www.reactome.org/biopax/96/48895#Control211
1838,208|13927|15942|16482,15079|15943|16574,4,3,http://www.reactome.org/biopax/96/48895#BiochemicalReaction8446,1,http://www.reactome.org/biopax/96/48895#Catalysis4447
1839,2405|12950|15939,2406|12948|14254,3,3,http://www.reactome.org/biopax/96/48895#BiochemicalReaction2433,1,http://www.reactome.org/biopax/96/48895#Catalysis1135
1840,6062|10745,6063,2,1,http://www.reactome.org/biopax/96/48895#BiochemicalReaction5661,1,http://www.reactome.org/biopax/96/48895#Catalysis2324
1841,12503|16499,16511,2,1,http://www.reactome.org/biopax/96/48895#BiochemicalReaction1796,1,http://www.reactome.org/biopax/96/48895#Catalysis755
1842,5531|13927,5532|14446,2,2,http://www.reactome.org/biopax/96/48895#BiochemicalReaction5170,1,http://www.reactome.org/biopax/96/48895#Catalysis2200
1843,10852|14255|14793|16342|16563,14793|15251|15396|16482|16552,5,5,http://www.reactome.org/biopax/96/48895#BiochemicalReaction7788,1,http://www.reactome.org/biopax/96/48895#Catalysis3831
1844,7748|9576|13927,9583|14446,3,2,http://www.reactome.org/biopax/96/48895#BiochemicalReaction5923,1,http://www.reactome.org/biopax/96/48895#Catalysis2423
1845,6570,3316|9715|16574,1,3,http://www.reactome.org/biopax/96/48895#BiochemicalReaction6172,1,http://www.reactome.org/biopax/96/48895#Catalysis2527
1846,12138|12769|13927,11813|14446,3,2,http://www.reactome.org/biopax/96/48895#BiochemicalReaction2226,1,http://www.reactome.org/biopax/96/48895#Catalysis1065
1847,53|13927|15719|15814,14308|14793|15079|15720,4,4,http://www.reactome.org/biopax/96/48895#BiochemicalReaction8168,1,http://www.reactome.org/biopax/96/48895#Catalysis4176
1849,12169|12170|16328|16329,12155|16331|16332|16420,4,4,http://www.reactome.org/biopax/96/48895#BiochemicalReaction1401,1,http://www.reactome.org/biopax/96/48895#Catalysis591
1850,221|15493|16312,13967|14793|15496|16314,3,4,http://www.reactome.org/biopax/96/48895#BiochemicalReaction8447,1,http://www.reactome.org/biopax/96/48895#Catalysis4448
1851,3903|8254|16482,14326|14329|14330,3,3,http://www.reactome.org/biopax/96/48895#BiochemicalReaction3733,1,http://www.reactome.org/biopax/96/48895#Catalysis1718
1852,10828|13927|14362|15298,14308|15079|15299,4,3,http://www.reactome.org/biopax/96/48895#BiochemicalReaction7698,1,http://www.reactome.org/biopax/96/48895#Catalysis3746
1853,3226|13927,3314|14446,2,2,http://www.reactome.org/biopax/96/48895#BiochemicalReaction14,1,http://www.reactome.org/biopax/96/48895#Catalysis6
1854,4474,2309|4482|8773,1,3,http://www.reactome.org/biopax/96/48895#BiochemicalReaction4245,1,http://www.reactome.org/biopax/96/48895#Catalysis1873
1855,6055|10745,6056,2,1,http://www.reactome.org/biopax/96/48895#BiochemicalReaction5652,1,http://www.reactome.org/biopax/96/48895#Catalysis2319
1856,8006|11769|13927|16482,8005|14446|16574,4,3,http://www.reactome.org/biopax/96/48895#BiochemicalReaction961,1,http://www.reactome.org/biopax/96/48895#Catalysis416
1857,12560|14297|14343,14237|16378,3,2,http://www.reactome.org/biopax/96/48895#BiochemicalReaction1873,1,http://www.reactome.org/biopax/96/48895#Catalysis812
1858,3628|12079|13927,3629|14446,3,2,http://www.reactome.org/biopax/96/48895#BiochemicalReaction3435,-1,http://www.reactome.org/biopax/96/48895#Control313
1859,3865|8253|13927,3866|8252|14308|15079,3,4,http://www.reactome.org/biopax/96/48895#BiochemicalReaction3698,1,http://www.reactome.org/biopax/96/48895#Catalysis1704
1860,4392|5621,4393|10745,2,2,http://www.reactome.org/biopax/96/48895#BiochemicalReaction4143,1,http://www.reactome.org/biopax/96/48895#Catalysis1839
1861,6501|16328|16329,6502|12039|16331|16332|16420,3,5,http://www.reactome.org/biopax/96/48895#BiochemicalReaction6108,1,http://www.reactome.org/biopax/96/48895#Catalysis2507
1862,14483|16389,15518|15519|16588,2,3,http://www.reactome.org/biopax/96/48895#BiochemicalReaction7947,1,http://www.reactome.org/biopax/96/48895#Control741
1863,9623|13927|14232,14446|16299,3,2,http://www.reactome.org/biopax/96/48895#BiochemicalReaction5984,1,http://www.reactome.org/biopax/96/48895#Catalysis2459
1864,10638|15499|16552,15500|16563,3,2,http://www.reactome.org/biopax/96/48895#BiochemicalReaction7882,1,http://www.reactome.org/biopax/96/48895#Catalysis3922
1865,6120|6124|13927,6125|14446,3,2,http://www.reactome.org/biopax/96/48895#BiochemicalReaction5711,1,http://www.reactome.org/biopax/96/48895#Catalysis2348
1866,9923|14120,14573|16482,2,2,http://www.reactome.org/biopax/96/48895#BiochemicalReaction6494,1,http://www.reactome.org/biopax/96/48895#Catalysis2696
1867,9634|10745|13822,9633,3,1,http://www.reactome.org/biopax/96/48895#BiochemicalReaction5999,1,http://www.reactome.org/biopax/96/48895#Catalysis2467
1868,1715|12447|13927,1716|14446,3,2,http://www.reactome.org/biopax/96/48895#BiochemicalReaction1726,1,http://www.reactome.org/biopax/96/48895#Catalysis727
1869,7667|14041|15563,14793|15564|16574,3,3,http://www.reactome.org/biopax/96/48895#BiochemicalReaction8036,1,http://www.reactome.org/biopax/96/48895#Catalysis4045
1870,17|15671|16351,15672|16453,3,2,http://www.reactome.org/biopax/96/48895#BiochemicalReaction8125,1,http://www.reactome.org/biopax/96/48895#Catalysis4133
1871,1623|1633,1634|12394,2,2,http://www.reactome.org/biopax/96/48895#BiochemicalReaction1638,-1,http://www.reactome.org/biopax/96/48895#Control171
1872,4644|10960|16462,4794|16466,3,2,http://www.reactome.org/biopax/96/48895#BiochemicalReaction432,1,http://www.reactome.org/biopax/96/48895#Catalysis164
1873,1585|13927,1586|14446,2,2,http://www.reactome.org/biopax/96/48895#BiochemicalReaction1595,1,http://www.reactome.org/biopax/96/48895#Catalysis683
1874,7785|9896|16351,7786|14240,3,2,http://www.reactome.org/biopax/96/48895#BiochemicalReaction6460,1,http://www.reactome.org/biopax/96/48895#Catalysis2662
1875,10745|13897|13927,7021|15079,3,2,http://www.reactome.org/biopax/96/48895#BiochemicalReaction6756,1,http://www.reactome.org/biopax/96/48895#Catalysis2931
1876,9623|13927|16363,13979|14446,3,2,http://www.reactome.org/biopax/96/48895#BiochemicalReaction7527,1,http://www.reactome.org/biopax/96/48895#Catalysis3584
1877,7251|7448|14430,10791|14715|15207,3,3,http://www.reactome.org/biopax/96/48895#BiochemicalReaction7605,1,http://www.reactome.org/biopax/96/48895#Catalysis3657
1878,7251|7818|14430,14687|14688,3,2,http://www.reactome.org/biopax/96/48895#BiochemicalReaction7029,1,http://www.reactome.org/biopax/96/48895#Catalysis3107
1879,1041|11879|16462,1042|16466,3,2,http://www.reactome.org/biopax/96/48895#BiochemicalReaction1073,1,http://www.reactome.org/biopax/96/48895#Catalysis469
1880,7268|10555|14622,10557|14324|16551,3,3,http://www.reactome.org/biopax/96/48895#BiochemicalReaction7086,1,http://www.reactome.org/biopax/96/48895#Catalysis3157
1881,826|14147,13928,2,1,http://www.reactome.org/biopax/96/48895#BiochemicalReaction848,1,http://www.reactome.org/biopax/96/48895#Catalysis340
1882,3683|7033,10230|10232|11253,2,3,http://www.reactome.org/biopax/96/48895#BiochemicalReaction6766,1,http://www.reactome.org/biopax/96/48895#Catalysis2934
1883,899|15618|16574,14082|15616,3,2,http://www.reactome.org/biopax/96/48895#BiochemicalReaction8097,1,http://www.reactome.org/biopax/96/48895#Catalysis4105
1884,7459|7460|14430,10791|14715|15211,3,3,http://www.reactome.org/biopax/96/48895#BiochemicalReaction7610,1,http://www.reactome.org/biopax/96/48895#Catalysis3662
1885,12016|13832|13927,13833|14446,3,2,http://www.reactome.org/biopax/96/48895#BiochemicalReaction4382,1,http://www.reactome.org/biopax/96/48895#Catalysis1926
1886,3079|8761|10044,10149|11363,3,2,http://www.reactome.org/biopax/96/48895#BiochemicalReaction6666,1,http://www.reactome.org/biopax/96/48895#Catalysis2859
1887,14087|14154,14087,2,1,http://www.reactome.org/biopax/96/48895#BiochemicalReaction2098,1,http://www.reactome.org/biopax/96/48895#Control213
1888,2425|16482,2426|16574,2,2,http://www.reactome.org/biopax/96/48895#BiochemicalReaction2443,1,http://www.reactome.org/biopax/96/48895#Catalysis1143
1889,10553|14430|14710,14688|14711,3,2,http://www.reactome.org/biopax/96/48895#BiochemicalReaction7084,1,http://www.reactome.org/biopax/96/48895#Catalysis3155
1890,2673|16462,2674|16466,2,2,http://www.reactome.org/biopax/96/48895#BiochemicalReaction2670,1,http://www.reactome.org/biopax/96/48895#Catalysis1251
1891,7187|10443,7189,2,1,http://www.reactome.org/biopax/96/48895#BiochemicalReaction6942,1,http://www.reactome.org/biopax/96/48895#Catalysis3024
1892,10271|13071|13927,13072|14446,3,2,http://www.reactome.org/biopax/96/48895#BiochemicalReaction2560,1,http://www.reactome.org/biopax/96/48895#Catalysis1185
1893,167|15853|16393|16588,14926|15862,4,2,http://www.reactome.org/biopax/96/48895#BiochemicalReaction8351,1,http://www.reactome.org/biopax/96/48895#Catalysis4352
1894,11010|14471,120,2,1,http://www.reactome.org/biopax/96/48895#BiochemicalReaction8277,1,http://www.reactome.org/biopax/96/48895#Catalysis4281
1895,56|13927|15727,14446|15728,3,2,http://www.reactome.org/biopax/96/48895#BiochemicalReaction8178,1,http://www.reactome.org/biopax/96/48895#Catalysis4186
1896,9870|11100|14110,11101|14109,3,2,http://www.reactome.org/biopax/96/48895#BiochemicalReaction8644,1,http://www.reactome.org/biopax/96/48895#Catalysis4638
1897,808|14343,16378,2,1,http://www.reactome.org/biopax/96/48895#BiochemicalReaction831,1,http://www.reactome.org/biopax/96/48895#Catalysis327
1898,6007|13998,6016|14008,2,2,http://www.reactome.org/biopax/96/48895#BiochemicalReaction517,1,http://www.reactome.org/biopax/96/48895#Catalysis203
1899,168|14420|15864|16588,14419|15863,4,2,http://www.reactome.org/biopax/96/48895#BiochemicalReaction8353,1,http://www.reactome.org/biopax/96/48895#Catalysis4354
1900,10964|15710,15711,2,1,http://www.reactome.org/biopax/96/48895#BiochemicalReaction8155,1,http://www.reactome.org/biopax/96/48895#Catalysis4163
1902,978|5621,979|10745,2,2,http://www.reactome.org/biopax/96/48895#BiochemicalReaction1024,1,http://www.reactome.org/biopax/96/48895#Catalysis446
1903,4014|10745,8245,2,1,http://www.reactome.org/biopax/96/48895#BiochemicalReaction4231,1,http://www.reactome.org/biopax/96/48895#Catalysis1864
1904,1777|16351|16486,14323|16480|16484,3,3,http://www.reactome.org/biopax/96/48895#BiochemicalReaction1778,1,http://www.reactome.org/biopax/96/48895#Catalysis739
1905,10648|14255|14793|15395|16563,16054|16482|16552,5,3,http://www.reactome.org/biopax/96/48895#BiochemicalReaction8553,1,http://www.reactome.org/biopax/96/48895#Catalysis4550
1906,12699|14019,14087,2,1,http://www.reactome.org/biopax/96/48895#BiochemicalReaction2105,1,http://www.reactome.org/biopax/96/48895#Catalysis1014
1907,4560|4580|13927,8806|8807|14446,3,3,http://www.reactome.org/biopax/96/48895#BiochemicalReaction4326,1,http://www.reactome.org/biopax/96/48895#Catalysis1906
1908,1611|1623,1613,2,1,http://www.reactome.org/biopax/96/48895#BiochemicalReaction1628,-1,http://www.reactome.org/biopax/96/48895#Control162
1909,4351|13927,4352|14446,2,2,http://www.reactome.org/biopax/96/48895#BiochemicalReaction4099,1,http://www.reactome.org/biopax/96/48895#Catalysis1819
1910,5907|13927,5908|14446,2,2,http://www.reactome.org/biopax/96/48895#BiochemicalReaction5503,1,http://www.reactome.org/biopax/96/48895#Catalysis2258
1911,1677|1678,2301|12417,2,2,http://www.reactome.org/biopax/96/48895#BiochemicalReaction1691,1,http://www.reactome.org/biopax/96/48895#Catalysis721
1912,7867|15095|16482,14530|15098,3,2,http://www.reactome.org/biopax/96/48895#BiochemicalReaction7473,1,http://www.reactome.org/biopax/96/48895#Catalysis3530
1913,1306|10609|12062,1314,3,1,http://www.reactome.org/biopax/96/48895#BiochemicalReaction1308,-1,http://www.reactome.org/biopax/96/48895#Control125
1914,4750|13927,4751|14446,2,2,http://www.reactome.org/biopax/96/48895#BiochemicalReaction4488,1,http://www.reactome.org/biopax/96/48895#Catalysis1944
1915,113|13927|15786|15787|16482,14308|15079|15788,5,3,http://www.reactome.org/biopax/96/48895#BiochemicalReaction8267,1,http://www.reactome.org/biopax/96/48895#Catalysis4272
1916,373|11164|11165|11166|11168|11169|11170|11171|11172|11173|11174|16462,374|11151|11152|11153|11157|11158|11159|11162|16466|16514,12,10,http://www.reactome.org/biopax/96/48895#BiochemicalReaction8763,1,http://www.reactome.org/biopax/96/48895#Catalysis4723
1917,1865|16482,16351,2,1,http://www.reactome.org/biopax/96/48895#BiochemicalReaction2035,1,http://www.reactome.org/biopax/96/48895#Catalysis964
1918,710,705|707|11623|11628|11629|11630|11631|11634|14289,1,9,http://www.reactome.org/biopax/96/48895#BiochemicalReaction748,1,http://www.reactome.org/biopax/96/48895#Catalysis266
1919,7344|14945|15568,14484|14946,3,2,http://www.reactome.org/biopax/96/48895#BiochemicalReaction7331,1,http://www.reactome.org/biopax/96/48895#Catalysis3390
1920,12583|15142|16599,15274|16600,3,2,http://www.reactome.org/biopax/96/48895#BiochemicalReaction1899,1,http://www.reactome.org/biopax/96/48895#Catalysis837
1921,13551|13553,12925|13552,2,2,http://www.reactome.org/biopax/96/48895#BiochemicalReaction207,1,http://www.reactome.org/biopax/96/48895#Catalysis56
1922,8787|13898|13927,4544|14308|15079,3,3,http://www.reactome.org/biopax/96/48895#BiochemicalReaction4293,1,http://www.reactome.org/biopax/96/48895#Catalysis1891
1923,3105|16504,3106|9992,2,2,http://www.reactome.org/biopax/96/48895#BiochemicalReaction3032,1,http://www.reactome.org/biopax/96/48895#Catalysis1443
1924,11067|15993|16585,14793|15919|16586,3,3,http://www.reactome.org/biopax/96/48895#BiochemicalReaction8496,1,http://www.reactome.org/biopax/96/48895#Catalysis4496
1925,1706|5192|15939,1707|14254,3,2,http://www.reactome.org/biopax/96/48895#BiochemicalReaction4871,1,http://www.reactome.org/biopax/96/48895#Catalysis2071
1926,1706|5447|15939,1707|14254,3,2,http://www.reactome.org/biopax/96/48895#BiochemicalReaction5096,1,http://www.reactome.org/biopax/96/48895#Catalysis2171
1927,1539|1541|13927,1540|14446,3,2,http://www.reactome.org/biopax/96/48895#BiochemicalReaction1555,-1,http://www.reactome.org/biopax/96/48895#Control147
1928,1495|7757|13927,6380|14446,3,2,http://www.reactome.org/biopax/96/48895#BiochemicalReaction5987,1,http://www.reactome.org/biopax/96/48895#Catalysis2462
1929,7782|9864|16426,7783|14509|15343|16423,3,4,http://www.reactome.org/biopax/96/48895#BiochemicalReaction6435,1,http://www.reactome.org/biopax/96/48895#Catalysis2637
1930,13161|14250|16504,14251|16514,3,2,http://www.reactome.org/biopax/96/48895#BiochemicalReaction2679,1,http://www.reactome.org/biopax/96/48895#Catalysis1259
1931,3063|3064|3067|8194,3065|3066,4,2,http://www.reactome.org/biopax/96/48895#BiochemicalReaction3008,1,http://www.reactome.org/biopax/96/48895#Control275
1932,966|11825|14255|16324,11826|16325|16424,4,3,http://www.reactome.org/biopax/96/48895#BiochemicalReaction1016,1,http://www.reactome.org/biopax/96/48895#Catalysis441
1933,110|112|15814,111|13967,3,2,http://www.reactome.org/biopax/96/48895#BiochemicalReaction8266,1,http://www.reactome.org/biopax/96/48895#Catalysis4271
1934,10799|15164|16482,15082|15171,3,2,http://www.reactome.org/biopax/96/48895#BiochemicalReaction7629,1,http://www.reactome.org/biopax/96/48895#Catalysis3681
1935,5621|8255,10745|14326|14327|14329,2,4,http://www.reactome.org/biopax/96/48895#BiochemicalReaction3701,1,http://www.reactome.org/biopax/96/48895#Catalysis1706
1936,1319|10745,1320,2,1,http://www.reactome.org/biopax/96/48895#BiochemicalReaction1314,1,http://www.reactome.org/biopax/96/48895#Catalysis561
1938,2337|13507,2345|13493,2,2,http://www.reactome.org/biopax/96/48895#BiochemicalReaction202,-1,http://www.reactome.org/biopax/96/48895#Control9
1939,8394|8983|16482,8396|16574,3,2,http://www.reactome.org/biopax/96/48895#BiochemicalReaction5112,1,http://www.reactome.org/biopax/96/48895#Catalysis2178
1940,12535|14237|16549,14793|16550,3,2,http://www.reactome.org/biopax/96/48895#BiochemicalReaction1845,1,http://www.reactome.org/biopax/96/48895#Catalysis784
1941,11202|11457|16462,11462|16466,3,2,http://www.reactome.org/biopax/96/48895#BiochemicalReaction5858,1,http://www.reactome.org/biopax/96/48895#Catalysis2402
1942,10694|14526|15058,14177|16449,3,2,http://www.reactome.org/biopax/96/48895#BiochemicalReaction7418,1,http://www.reactome.org/biopax/96/48895#Catalysis3475
1943,11762|13927|15734|16482,14446|15732|16574,4,3,http://www.reactome.org/biopax/96/48895#BiochemicalReaction8186,1,http://www.reactome.org/biopax/96/48895#Catalysis4194
1944,7641|10926|15528,7640|15529|16588,3,3,http://www.reactome.org/biopax/96/48895#BiochemicalReaction7993,1,http://www.reactome.org/biopax/96/48895#Catalysis4009
1945,8132|12666,1900,2,1,http://www.reactome.org/biopax/96/48895#BiochemicalReaction2059,1,http://www.reactome.org/biopax/96/48895#Catalysis978
1946,4855|13927,4856|14446,2,2,http://www.reactome.org/biopax/96/48895#BiochemicalReaction4572,1,http://www.reactome.org/biopax/96/48895#Catalysis1962
1947,4656|8866|13927,4658|14446,3,2,http://www.reactome.org/biopax/96/48895#BiochemicalReaction4409,1,http://www.reactome.org/biopax/96/48895#Catalysis1931
1948,9464|9465|13927,6110|14446,3,2,http://www.reactome.org/biopax/96/48895#BiochemicalReaction5699,1,http://www.reactome.org/biopax/96/48895#Control513
1949,5589|10745|11376,5612,3,1,http://www.reactome.org/biopax/96/48895#BiochemicalReaction508,1,http://www.reactome.org/biopax/96/48895#Catalysis197
1950,2619|2671|16462,2672|16466,3,2,http://www.reactome.org/biopax/96/48895#BiochemicalReaction2668,1,http://www.reactome.org/biopax/96/48895#Catalysis1250
1951,32|15683|16351,14323|15684|16453,3,3,http://www.reactome.org/biopax/96/48895#BiochemicalReaction8138,1,http://www.reactome.org/biopax/96/48895#Catalysis4146
1952,5443|13927|14375,14411|14446,3,2,http://www.reactome.org/biopax/96/48895#BiochemicalReaction30,1,http://www.reactome.org/biopax/96/48895#Catalysis14
1953,5087|13927,5089|14446,2,2,http://www.reactome.org/biopax/96/48895#BiochemicalReaction4771,1,http://www.reactome.org/biopax/96/48895#Catalysis2028
1954,2998|13272|16483,2999|14072|16493,3,3,http://www.reactome.org/biopax/96/48895#BiochemicalReaction2949,1,http://www.reactome.org/biopax/96/48895#Catalysis1406
1955,6390|13927,9642|9643|14446,2,3,http://www.reactome.org/biopax/96/48895#BiochemicalReaction6006,1,http://www.reactome.org/biopax/96/48895#Catalysis2473
1956,12597|13944|13945,13946|14793,3,2,http://www.reactome.org/biopax/96/48895#BiochemicalReaction1917,1,http://www.reactome.org/biopax/96/48895#Catalysis855
1957,56|13927|15729,14446|15730,3,2,http://www.reactome.org/biopax/96/48895#BiochemicalReaction8179,1,http://www.reactome.org/biopax/96/48895#Catalysis4187
1958,6702|16482,6706|6707|7778|16574,2,4,http://www.reactome.org/biopax/96/48895#BiochemicalReaction6335,1,http://www.reactome.org/biopax/96/48895#Catalysis2596
1959,342|15916,16260|16424,2,2,http://www.reactome.org/biopax/96/48895#BiochemicalReaction8729,1,http://www.reactome.org/biopax/96/48895#Catalysis4708
1960,7004|16482,7005|8242,2,2,http://www.reactome.org/biopax/96/48895#BiochemicalReaction6734,1,http://www.reactome.org/biopax/96/48895#Catalysis2914
1961,7339|14999|15005,14990|15001|15006,3,3,http://www.reactome.org/biopax/96/48895#BiochemicalReaction7365,1,http://www.reactome.org/biopax/96/48895#Catalysis3422
1962,6295|9556|14399,9557|15079,3,2,http://www.reactome.org/biopax/96/48895#BiochemicalReaction5871,-1,http://www.reactome.org/biopax/96/48895#Control540
1963,4939|16482,4940|16574,2,2,http://www.reactome.org/biopax/96/48895#BiochemicalReaction4647,1,http://www.reactome.org/biopax/96/48895#Catalysis1983
1964,9030|11680|16462,11681|16466,3,2,http://www.reactome.org/biopax/96/48895#BiochemicalReaction4917,1,http://www.reactome.org/biopax/96/48895#Catalysis2090
1965,6576|13927,6577|14446,2,2,http://www.reactome.org/biopax/96/48895#BiochemicalReaction6190,1,http://www.reactome.org/biopax/96/48895#Catalysis2537
1966,10288|11676|15142,10287|15274,3,2,http://www.reactome.org/biopax/96/48895#BiochemicalReaction6809,1,http://www.reactome.org/biopax/96/48895#Catalysis2948
1967,11752|15585|15594,15568|15600,3,2,http://www.reactome.org/biopax/96/48895#BiochemicalReaction913,1,http://www.reactome.org/biopax/96/48895#Catalysis375
1968,12155|12169|16328|16329,12153|16331|16332|16420,4,4,http://www.reactome.org/biopax/96/48895#BiochemicalReaction1400,1,http://www.reactome.org/biopax/96/48895#Catalysis590
1970,6514|6516|8041,6515,3,1,http://www.reactome.org/biopax/96/48895#BiochemicalReaction6118,-1,http://www.reactome.org/biopax/96/48895#Control565
1971,10702|15087|16482,14530|15092,3,2,http://www.reactome.org/biopax/96/48895#BiochemicalReaction7466,1,http://www.reactome.org/biopax/96/48895#Catalysis3523
1972,3531|14323,13571|13572,2,2,http://www.reactome.org/biopax/96/48895#BiochemicalReaction3352,1,http://www.reactome.org/biopax/96/48895#Control293
1973,7273|14430|14732,14733|14735,3,2,http://www.reactome.org/biopax/96/48895#BiochemicalReaction7115,1,http://www.reactome.org/biopax/96/48895#Catalysis3183
1974,307|13927|16216|16482,14309|14446|16574,4,3,http://www.reactome.org/biopax/96/48895#BiochemicalReaction8658,1,http://www.reactome.org/biopax/96/48895#Catalysis4652
1975,56|13927|15725,14446|15726,3,2,http://www.reactome.org/biopax/96/48895#BiochemicalReaction8177,1,http://www.reactome.org/biopax/96/48895#Catalysis4185
1976,10775|13927|15174|16482,14445|14446|14793|16574,4,4,http://www.reactome.org/biopax/96/48895#BiochemicalReaction7582,1,http://www.reactome.org/biopax/96/48895#Catalysis3636
1977,9819|9821|14506|15607|16040,9820|14507|15321,5,3,http://www.reactome.org/biopax/96/48895#BiochemicalReaction6404,1,http://www.reactome.org/biopax/96/48895#Catalysis2615
1978,6883|11527,10101|11363,2,2,http://www.reactome.org/biopax/96/48895#BiochemicalReaction6622,1,http://www.reactome.org/biopax/96/48895#Catalysis2816
1979,8523|8525|12013|12014,4024,4,1,http://www.reactome.org/biopax/96/48895#BiochemicalReaction3818,-1,http://www.reactome.org/biopax/96/48895#Control354
1980,6259|9992,4476|11435,2,2,http://www.reactome.org/biopax/96/48895#BiochemicalReaction537,1,http://www.reactome.org/biopax/96/48895#Catalysis209
1981,2575|13015|16504,4158|16514,3,2,http://www.reactome.org/biopax/96/48895#BiochemicalReaction2569,1,http://www.reactome.org/biopax/96/48895#Catalysis1191
1982,12637|16494,16515,2,1,http://www.reactome.org/biopax/96/48895#BiochemicalReaction1985,1,http://www.reactome.org/biopax/96/48895#Catalysis920
1983,10340|10341|12369,9383|10342,3,2,http://www.reactome.org/biopax/96/48895#BiochemicalReaction6855,1,http://www.reactome.org/biopax/96/48895#Control619
1984,12629|13945|14043,14044|14793,3,2,http://www.reactome.org/biopax/96/48895#BiochemicalReaction1969,1,http://www.reactome.org/biopax/96/48895#Catalysis907
1985,1332|9679|16482,1351|16574,3,2,http://www.reactome.org/biopax/96/48895#BiochemicalReaction6058,1,http://www.reactome.org/biopax/96/48895#Catalysis2491
1986,873|14083|14255|16482,15639|16580,4,2,http://www.reactome.org/biopax/96/48895#BiochemicalReaction8100,1,http://www.reactome.org/biopax/96/48895#Catalysis4108
1987,1679|12419|12420,1681,3,1,http://www.reactome.org/biopax/96/48895#BiochemicalReaction1695,1,http://www.reactome.org/biopax/96/48895#Catalysis725
1988,3106|16462,3107|16466|16514,2,3,http://www.reactome.org/biopax/96/48895#BiochemicalReaction3033,1,http://www.reactome.org/biopax/96/48895#Catalysis1444
1989,4289|12008|13927,4290|14446,3,2,http://www.reactome.org/biopax/96/48895#BiochemicalReaction4039,1,http://www.reactome.org/biopax/96/48895#Catalysis1790
1990,14027|14173,14734|15294,2,2,http://www.reactome.org/biopax/96/48895#BiochemicalReaction8405,1,http://www.reactome.org/biopax/96/48895#Control817
1991,8109|8110|16351,16490|16491|16492,3,3,http://www.reactome.org/biopax/96/48895#BiochemicalReaction1783,1,http://www.reactome.org/biopax/96/48895#Catalysis744
1992,10647|14255|14793|16244|16563,16246|16482|16552,5,3,http://www.reactome.org/biopax/96/48895#BiochemicalReaction8678,1,http://www.reactome.org/biopax/96/48895#Catalysis4672
1993,2009|10873|13927,10874|14446,3,2,http://www.reactome.org/biopax/96/48895#BiochemicalReaction7899,1,http://www.reactome.org/biopax/96/48895#Catalysis3939
1994,11078|16034,16035|16482,2,2,http://www.reactome.org/biopax/96/48895#BiochemicalReaction8532,1,http://www.reactome.org/biopax/96/48895#Catalysis4531
1995,10970|13927|14068,14446|14793|15719,3,3,http://www.reactome.org/biopax/96/48895#BiochemicalReaction8167,1,http://www.reactome.org/biopax/96/48895#Catalysis4175
1996,12692|16378,14343,2,1,http://www.reactome.org/biopax/96/48895#BiochemicalReaction2096,1,http://www.reactome.org/biopax/96/48895#Catalysis1006
1997,568|15939,15079|16432,2,2,http://www.reactome.org/biopax/96/48895#BiochemicalReaction8919,-1,http://www.reactome.org/biopax/96/48895#Control919
1998,3680|10745,3681,2,1,http://www.reactome.org/biopax/96/48895#BiochemicalReaction3517,1,http://www.reactome.org/biopax/96/48895#Catalysis1622
1999,7189|10444,7191,2,1,http://www.reactome.org/biopax/96/48895#BiochemicalReaction6944,1,http://www.reactome.org/biopax/96/48895#Catalysis3026
2000,1020|16473,14764,2,1,http://www.reactome.org/biopax/96/48895#BiochemicalReaction7146,1,http://www.reactome.org/biopax/96/48895#Catalysis3214
2001,325|14157|16351,14323|16519,3,2,http://www.reactome.org/biopax/96/48895#BiochemicalReaction8699,1,http://www.reactome.org/biopax/96/48895#Catalysis4693
2002,11123|16343|16608,15111|15116,3,2,http://www.reactome.org/biopax/96/48895#BiochemicalReaction8716,1,http://www.reactome.org/biopax/96/48895#Catalysis4703
2003,7348|14937|16393|16588,14926|14938,4,2,http://www.reactome.org/biopax/96/48895#BiochemicalReaction7323,1,http://www.reactome.org/biopax/96/48895#Catalysis3382
2004,5252|13927,5253|14446,2,2,http://www.reactome.org/biopax/96/48895#BiochemicalReaction4924,1,http://www.reactome.org/biopax/96/48895#Catalysis2093
2005,5499|11833|13028,10156|11363,3,2,http://www.reactome.org/biopax/96/48895#BiochemicalReaction6672,1,http://www.reactome.org/biopax/96/48895#Catalysis2865
2006,7238|14676,14673,2,1,http://www.reactome.org/biopax/96/48895#BiochemicalReaction7009,1,http://www.reactome.org/biopax/96/48895#Catalysis3088
2008,13970|14035|14484,15568|15961,3,2,http://www.reactome.org/biopax/96/48895#BiochemicalReaction8466,1,http://www.reactome.org/biopax/96/48895#Control823
2009,1036|1039|16462,1035|1038|16466,3,3,http://www.reactome.org/biopax/96/48895#BiochemicalReaction1070,1,http://www.reactome.org/biopax/96/48895#Catalysis467
2010,11646|14397,14401,2,1,http://www.reactome.org/biopax/96/48895#BiochemicalReaction764,1,http://www.reactome.org/biopax/96/48895#Catalysis281
2011,7993|15420|15607,15321|15541,3,2,http://www.reactome.org/biopax/96/48895#BiochemicalReaction911,1,http://www.reactome.org/biopax/96/48895#Catalysis373
2012,10343|10357,9342,2,1,http://www.reactome.org/biopax/96/48895#BiochemicalReaction6876,1,http://www.reactome.org/biopax/96/48895#Control635
2013,2619|2686|16462,2688|16466,3,2,http://www.reactome.org/biopax/96/48895#BiochemicalReaction2682,1,http://www.reactome.org/biopax/96/48895#Catalysis1261
2014,12696|14019,14087,2,1,http://www.reactome.org/biopax/96/48895#BiochemicalReaction2101,1,http://www.reactome.org/biopax/96/48895#Catalysis1011
2015,3863|3866|13927,3867|8252|14308|15079,3,4,http://www.reactome.org/biopax/96/48895#BiochemicalReaction3699,1,http://www.reactome.org/biopax/96/48895#Catalysis1705
2016,235|15964,15557|16406,2,2,http://www.reactome.org/biopax/96/48895#BiochemicalReaction8469,1,http://www.reactome.org/biopax/96/48895#Catalysis4470
2017,9619|11202|16462,9620|16466,3,2,http://www.reactome.org/biopax/96/48895#BiochemicalReaction5980,1,http://www.reactome.org/biopax/96/48895#Catalysis2456
2018,3313|5339|13427,3435,3,1,http://www.reactome.org/biopax/96/48895#BiochemicalReaction4999,1,http://www.reactome.org/biopax/96/48895#Control456
2019,7245|14107|15712,8219|14793|15723,3,3,http://www.reactome.org/biopax/96/48895#BiochemicalReaction7022,1,http://www.reactome.org/biopax/96/48895#Catalysis3101
2020,1546|5336|13927,5362|14446,3,2,http://www.reactome.org/biopax/96/48895#BiochemicalReaction5017,1,http://www.reactome.org/biopax/96/48895#Catalysis2130
2021,3596|12703,13665|13666,2,2,http://www.reactome.org/biopax/96/48895#BiochemicalReaction3442,1,http://www.reactome.org/biopax/96/48895#Catalysis1574
2022,2739|5499,2740|11363,2,2,http://www.reactome.org/biopax/96/48895#BiochemicalReaction2727,1,http://www.reactome.org/biopax/96/48895#Catalysis1285
2023,319|7505|10842,318|7503|16588,3,3,http://www.reactome.org/biopax/96/48895#BiochemicalReaction8690,1,http://www.reactome.org/biopax/96/48895#Catalysis4684
2024,5085|13927,5086|14446,2,2,http://www.reactome.org/biopax/96/48895#BiochemicalReaction4768,1,http://www.reactome.org/biopax/96/48895#Catalysis2027
2025,3042|16504,3043|14279,2,2,http://www.reactome.org/biopax/96/48895#BiochemicalReaction2989,1,http://www.reactome.org/biopax/96/48895#Catalysis1422
2026,2210|16482,6558|16574,2,2,http://www.reactome.org/biopax/96/48895#BiochemicalReaction6157,1,http://www.reactome.org/biopax/96/48895#Catalysis2520
2027,1409|12142|13998,12202|14008,3,2,http://www.reactome.org/biopax/96/48895#BiochemicalReaction1433,1,http://www.reactome.org/biopax/96/48895#Control138
2028,12618|14006|14297|14343,14007|14237|16378,4,3,http://www.reactome.org/biopax/96/48895#BiochemicalReaction1947,1,http://www.reactome.org/biopax/96/48895#Catalysis885
2029,6233|16462,6234|16466,2,2,http://www.reactome.org/biopax/96/48895#BiochemicalReaction5818,1,http://www.reactome.org/biopax/96/48895#Catalysis2391
2030,1903|10745|12672,12673,3,1,http://www.reactome.org/biopax/96/48895#BiochemicalReaction2063,1,http://www.reactome.org/biopax/96/48895#Catalysis979
2031,11108|13015|16462,13019|16466,3,2,http://www.reactome.org/biopax/96/48895#BiochemicalReaction2500,1,http://www.reactome.org/biopax/96/48895#Catalysis1160
2032,3808|10745,3809,2,1,http://www.reactome.org/biopax/96/48895#BiochemicalReaction3648,1,http://www.reactome.org/biopax/96/48895#Catalysis1681
2033,4866|13927,4867|14446,2,2,http://www.reactome.org/biopax/96/48895#BiochemicalReaction4583,1,http://www.reactome.org/biopax/96/48895#Catalysis1966
2034,2995|8763|10063,10140|11363,3,2,http://www.reactome.org/biopax/96/48895#BiochemicalReaction6657,1,http://www.reactome.org/biopax/96/48895#Catalysis2850
2035,2922|13245|13246,2923,3,1,http://www.reactome.org/biopax/96/48895#BiochemicalReaction2888,-1,http://www.reactome.org/biopax/96/48895#Control270
2036,898|15667|16482,14793|15079|15560,3,3,http://www.reactome.org/biopax/96/48895#BiochemicalReaction8122,1,http://www.reactome.org/biopax/96/48895#Catalysis4130
2037,7434|10765|14255|14793|15157,7435|15158|16482,5,3,http://www.reactome.org/biopax/96/48895#BiochemicalReaction7569,1,http://www.reactome.org/biopax/96/48895#Catalysis3624
2038,3619|13662|13664,3620,3,1,http://www.reactome.org/biopax/96/48895#BiochemicalReaction3427,-1,http://www.reactome.org/biopax/96/48895#Control310
2039,9375|11682|13927,9376|14446,3,2,http://www.reactome.org/biopax/96/48895#BiochemicalReaction5534,1,http://www.reactome.org/biopax/96/48895#Catalysis2275
2040,5808|16026,13958|16609,2,2,http://www.reactome.org/biopax/96/48895#BiochemicalReaction8522,1,http://www.reactome.org/biopax/96/48895#Control830
2041,11000|14793|15767|16563,15605|16552,4,2,http://www.reactome.org/biopax/96/48895#BiochemicalReaction8240,1,http://www.reactome.org/biopax/96/48895#Catalysis4246
2042,4868|13927,4869|14446,2,2,http://www.reactome.org/biopax/96/48895#BiochemicalReaction4585,1,http://www.reactome.org/biopax/96/48895#Catalysis1967
2043,7721|14815|16482,14308,3,1,http://www.reactome.org/biopax/96/48895#BiochemicalReaction5497,1,http://www.reactome.org/biopax/96/48895#Catalysis2254
2044,3587|13324,13676|13677,2,2,http://www.reactome.org/biopax/96/48895#BiochemicalReaction3447,1,http://www.reactome.org/biopax/96/48895#Catalysis1579
2045,1495|6320|16482,6321|16574,3,2,http://www.reactome.org/biopax/96/48895#BiochemicalReaction5903,1,http://www.reactome.org/biopax/96/48895#Catalysis2417
2046,11534|13020|16462,13021|16466,3,2,http://www.reactome.org/biopax/96/48895#BiochemicalReaction2502,1,http://www.reactome.org/biopax/96/48895#Catalysis1162
2047,11595|15880|16387,14990|15881|16386,3,3,http://www.reactome.org/biopax/96/48895#BiochemicalReaction8372,1,http://www.reactome.org/biopax/96/48895#Catalysis4373
2048,501|11263|13122,6717|11263|11264|11265|11266|11267|11268|11269|11270|13122|13124,3,11,http://www.reactome.org/biopax/96/48895#BiochemicalReaction8853,1,http://www.reactome.org/biopax/96/48895#Control895
2049,5621|9488,10745,2,1,http://www.reactome.org/biopax/96/48895#BiochemicalReaction5744,1,http://www.reactome.org/biopax/96/48895#Catalysis2362
2050,37|15690|16351,14323|15691|16453,3,3,http://www.reactome.org/biopax/96/48895#BiochemicalReaction8144,1,http://www.reactome.org/biopax/96/48895#Catalysis4152
2051,7594|7609,7593|10897|14137,2,3,http://www.reactome.org/biopax/96/48895#BiochemicalReaction7973,1,http://www.reactome.org/biopax/96/48895#Catalysis4001
2053,106|14793|15780|16563,15771|16552,4,2,http://www.reactome.org/biopax/96/48895#BiochemicalReaction8255,1,http://www.reactome.org/biopax/96/48895#Catalysis4260
2054,10857|15404,7515,2,1,http://www.reactome.org/biopax/96/48895#BiochemicalReaction7799,1,http://www.reactome.org/biopax/96/48895#Catalysis3841
2055,7339|14899,14900,2,1,http://www.reactome.org/biopax/96/48895#BiochemicalReaction7289,1,http://www.reactome.org/biopax/96/48895#Catalysis3348
2056,13970|15842|16343|16404,14417|15843|16348|16588,4,4,http://www.reactome.org/biopax/96/48895#BiochemicalReaction8329,-1,http://www.reactome.org/biopax/96/48895#Control810
2057,7587|10884|16482,10883|16574,3,2,http://www.reactome.org/biopax/96/48895#BiochemicalReaction7952,1,http://www.reactome.org/biopax/96/48895#Catalysis3981
2058,1706|5084|15939,1707|14254,3,2,http://www.reactome.org/biopax/96/48895#BiochemicalReaction4766,1,http://www.reactome.org/biopax/96/48895#Catalysis2026
2059,7756|8431,7766,2,1,http://www.reactome.org/biopax/96/48895#BiochemicalReaction256,-1,http://www.reactome.org/biopax/96/48895#Control15
2060,3056,3057,1,1,http://www.reactome.org/biopax/96/48895#BiochemicalReaction3003,1,http://www.reactome.org/biopax/96/48895#Catalysis1430
2061,8219|11780,7815|8219,2,2,http://www.reactome.org/biopax/96/48895#BiochemicalReaction7024,1,http://www.reactome.org/biopax/96/48895#Catalysis3103
2062,9077|10271|13927,9078|14446,3,2,http://www.reactome.org/biopax/96/48895#BiochemicalReaction5118,1,http://www.reactome.org/biopax/96/48895#Catalysis2182
2063,6921|16482,6922|14624,2,2,http://www.reactome.org/biopax/96/48895#BiochemicalReaction6693,1,http://www.reactome.org/biopax/96/48895#Catalysis2880
2064,8913|8914|11688,4809,3,1,http://www.reactome.org/biopax/96/48895#BiochemicalReaction4531,1,http://www.reactome.org/biopax/96/48895#Catalysis1953
2066,1707,1706,1,1,http://www.reactome.org/biopax/96/48895#BiochemicalReaction5890,1,http://www.reactome.org/biopax/96/48895#Catalysis2412
2067,1300|13150|16416,10002|15343|16414,3,3,http://www.reactome.org/biopax/96/48895#BiochemicalReaction6551,1,http://www.reactome.org/biopax/96/48895#Catalysis2746
2068,198|13972,14027,2,1,http://www.reactome.org/biopax/96/48895#BiochemicalReaction8404,1,http://www.reactome.org/biopax/96/48895#Catalysis4405
2069,7409|15037|16482,16449|16574,3,2,http://www.reactome.org/biopax/96/48895#BiochemicalReaction7509,1,http://www.reactome.org/biopax/96/48895#Catalysis3566
2071,9343|9344,5884,2,1,http://www.reactome.org/biopax/96/48895#BiochemicalReaction5481,1,http://www.reactome.org/biopax/96/48895#Catalysis2253
2072,6471|9688|15939,6470,3,1,http://www.reactome.org/biopax/96/48895#BiochemicalReaction6079,1,http://www.reactome.org/biopax/96/48895#Catalysis2499
2074,1024|11865|16462,11866|16466,3,2,http://www.reactome.org/biopax/96/48895#BiochemicalReaction1053,1,http://www.reactome.org/biopax/96/48895#Catalysis459
2075,3710|13804,3712|13805,2,2,http://www.reactome.org/biopax/96/48895#BiochemicalReaction3554,1,http://www.reactome.org/biopax/96/48895#Catalysis1634
2076,10939|13927|15547|15857,14446|14793|15548|16574,4,4,http://www.reactome.org/biopax/96/48895#BiochemicalReaction8021,1,http://www.reactome.org/biopax/96/48895#Catalysis4031
2077,3522|5157|13927,5160|14446,3,2,http://www.reactome.org/biopax/96/48895#BiochemicalReaction4859,1,http://www.reactome.org/biopax/96/48895#Catalysis2065
2078,3724|13811|16482,3722|16574,3,2,http://www.reactome.org/biopax/96/48895#BiochemicalReaction3565,1,http://www.reactome.org/biopax/96/48895#Catalysis1641
2079,6824|9871|14255|16324,9872|16325|16424,4,3,http://www.reactome.org/biopax/96/48895#BiochemicalReaction6441,1,http://www.reactome.org/biopax/96/48895#Catalysis2643
2080,7259|10521|14622,10522|14324|16551,3,3,http://www.reactome.org/biopax/96/48895#BiochemicalReaction7061,1,http://www.reactome.org/biopax/96/48895#Catalysis3137
2081,7336|14883|16482,14887,3,1,http://www.reactome.org/biopax/96/48895#BiochemicalReaction7279,1,http://www.reactome.org/biopax/96/48895#Catalysis3338
2082,237|14035|16343,14038|15965,3,2,http://www.reactome.org/biopax/96/48895#BiochemicalReaction8471,1,http://www.reactome.org/biopax/96/48895#Catalysis4472
2083,3374|4345|15939,4346|14254,3,2,http://www.reactome.org/biopax/96/48895#BiochemicalReaction4094,1,http://www.reactome.org/biopax/96/48895#Catalysis1815
2084,7350|14946|16393|16588,14926|14947,4,2,http://www.reactome.org/biopax/96/48895#BiochemicalReaction7332,1,http://www.reactome.org/biopax/96/48895#Catalysis3391
2085,10680|14805|16482,14793|15040|16535,3,3,http://www.reactome.org/biopax/96/48895#BiochemicalReaction7393,1,http://www.reactome.org/biopax/96/48895#Catalysis3450
2086,7303|13927|14233|14362,14357|14446|14648|16574,4,4,http://www.reactome.org/biopax/96/48895#BiochemicalReaction7200,1,http://www.reactome.org/biopax/96/48895#Catalysis3267
2087,6990|9756|16482,7735|8526,3,2,http://www.reactome.org/biopax/96/48895#BiochemicalReaction6725,1,http://www.reactome.org/biopax/96/48895#Catalysis2908
2088,2880|16504,2881|16514,2,2,http://www.reactome.org/biopax/96/48895#BiochemicalReaction2860,1,http://www.reactome.org/biopax/96/48895#Catalysis1359
2089,12162|12181|16328|16329,8674|16331|16332|16420,4,4,http://www.reactome.org/biopax/96/48895#BiochemicalReaction1408,1,http://www.reactome.org/biopax/96/48895#Catalysis598
2090,5621|12794,10745,2,1,http://www.reactome.org/biopax/96/48895#BiochemicalReaction2256,1,http://www.reactome.org/biopax/96/48895#Catalysis1073
2091,6267|13927,6268|14446,2,2,http://www.reactome.org/biopax/96/48895#BiochemicalReaction5844,1,http://www.reactome.org/biopax/96/48895#Catalysis2396
2092,264|14967|15594|16588,14317|15568|16030,4,3,http://www.reactome.org/biopax/96/48895#BiochemicalReaction8529,1,http://www.reactome.org/biopax/96/48895#Catalysis4528
2093,619|8674|14020,12147|14028,3,2,http://www.reactome.org/biopax/96/48895#BiochemicalReaction1384,1,http://www.reactome.org/biopax/96/48895#Catalysis577
2094,12722|14168|14169,14167|14170,3,2,http://www.reactome.org/biopax/96/48895#BiochemicalReaction2144,1,http://www.reactome.org/biopax/96/48895#Catalysis1042
2095,7218|14657,10459|10460,2,2,http://www.reactome.org/biopax/96/48895#BiochemicalReaction6971,-1,http://www.reactome.org/biopax/96/48895#Control659
2096,1147|9992,1148,2,1,http://www.reactome.org/biopax/96/48895#BiochemicalReaction1150,1,http://www.reactome.org/biopax/96/48895#Catalysis493
2097,10736|10737,7410,2,1,http://www.reactome.org/biopax/96/48895#BiochemicalReaction7512,1,http://www.reactome.org/biopax/96/48895#Catalysis3569
2099,3864|11942|13927,3850|14446|14793|15079,3,4,http://www.reactome.org/biopax/96/48895#BiochemicalReaction1156,1,http://www.reactome.org/biopax/96/48895#Catalysis497
2100,11741|16352,272,2,1,http://www.reactome.org/biopax/96/48895#BiochemicalReaction8538,1,http://www.reactome.org/biopax/96/48895#Catalysis4537
2101,12177|12178|16328|16329,12176|16331|16332|16420,4,4,http://www.reactome.org/biopax/96/48895#BiochemicalReaction1405,1,http://www.reactome.org/biopax/96/48895#Catalysis595
2102,1514|12289|13927,12290|14446,3,2,http://www.reactome.org/biopax/96/48895#BiochemicalReaction1536,1,http://www.reactome.org/biopax/96/48895#Catalysis658
2103,3522|3620|13927,3627|14446,3,2,http://www.reactome.org/biopax/96/48895#BiochemicalReaction3433,1,http://www.reactome.org/biopax/96/48895#Catalysis1571
2104,10777|14110|15177,14109|15179|16551,3,3,http://www.reactome.org/biopax/96/48895#BiochemicalReaction7584,1,http://www.reactome.org/biopax/96/48895#Catalysis3638
2105,677,678|11601,1,2,http://www.reactome.org/biopax/96/48895#BiochemicalReaction722,1,http://www.reactome.org/biopax/96/48895#Catalysis250
2106,3596|13563,13693|13694,2,2,http://www.reactome.org/biopax/96/48895#BiochemicalReaction3454,1,http://www.reactome.org/biopax/96/48895#Catalysis1586
2107,798|13927,14815|15079,2,2,http://www.reactome.org/biopax/96/48895#BiochemicalReaction5525,1,http://www.reactome.org/biopax/96/48895#Catalysis2269
2108,6314|7739|9574,6316,3,1,http://www.reactome.org/biopax/96/48895#BiochemicalReaction5900,1,http://www.reactome.org/biopax/96/48895#Control546
2109,713|14087,705|714|11623|11628|11629|11630|11636|14211,2,8,http://www.reactome.org/biopax/96/48895#BiochemicalReaction752,1,http://www.reactome.org/biopax/96/48895#Control58
2110,6981|16504,6982|7939,2,2,http://www.reactome.org/biopax/96/48895#BiochemicalReaction6721,1,http://www.reactome.org/biopax/96/48895#Catalysis2904
2111,9018|9020|16467,5180,3,1,http://www.reactome.org/biopax/96/48895#BiochemicalReaction4862,1,http://www.reactome.org/biopax/96/48895#Control446
2112,7978|11527,590|14124,2,2,http://www.reactome.org/biopax/96/48895#BiochemicalReaction666,1,http://www.reactome.org/biopax/96/48895#Catalysis239
2113,11097|16169|16343,16170|16172,3,2,http://www.reactome.org/biopax/96/48895#BiochemicalReaction8625,1,http://www.reactome.org/biopax/96/48895#Catalysis4619
2114,10845|15389|16391|16583|16588,15390|16343|16392,5,3,http://www.reactome.org/biopax/96/48895#BiochemicalReaction7775,1,http://www.reactome.org/biopax/96/48895#Catalysis3819
2115,1819|13927|16482|16529,14446|16532|16574,4,3,http://www.reactome.org/biopax/96/48895#BiochemicalReaction1824,1,http://www.reactome.org/biopax/96/48895#Catalysis768
2116,9898|14793|16336|16563,16335|16552,4,2,http://www.reactome.org/biopax/96/48895#BiochemicalReaction7786,1,http://www.reactome.org/biopax/96/48895#Catalysis3829
2117,2340|13927|14232,14446|16363,3,2,http://www.reactome.org/biopax/96/48895#BiochemicalReaction2405,1,http://www.reactome.org/biopax/96/48895#Catalysis1117
2118,1960|12731|14171|14172,1967,4,1,http://www.reactome.org/biopax/96/48895#BiochemicalReaction2149,1,http://www.reactome.org/biopax/96/48895#Catalysis1044
2119,6820|9857|14255|14793|15050,9858|15029|16482,5,3,http://www.reactome.org/biopax/96/48895#BiochemicalReaction6432,1,http://www.reactome.org/biopax/96/48895#Catalysis2634
2120,6649|6653|13044,6654,3,1,http://www.reactome.org/biopax/96/48895#BiochemicalReaction6295,1,http://www.reactome.org/biopax/96/48895#Catalysis2583
2121,2073|2076|8146,2075,3,1,http://www.reactome.org/biopax/96/48895#BiochemicalReaction2250,1,http://www.reactome.org/biopax/96/48895#Control238
2122,10226|10234|16398,10229|16399|16482,3,3,http://www.reactome.org/biopax/96/48895#BiochemicalReaction1191,1,http://www.reactome.org/biopax/96/48895#Catalysis520
2123,12664|14134,16326,2,1,http://www.reactome.org/biopax/96/48895#BiochemicalReaction2053,1,http://www.reactome.org/biopax/96/48895#Catalysis975
2124,10472|16482|16571,14672|14793,3,2,http://www.reactome.org/biopax/96/48895#BiochemicalReaction7003,1,http://www.reactome.org/biopax/96/48895#Catalysis3082
2126,942|11806|16482,11807|16574,3,2,http://www.reactome.org/biopax/96/48895#BiochemicalReaction999,1,http://www.reactome.org/biopax/96/48895#Catalysis438
2127,2445|7756,7766,2,1,http://www.reactome.org/biopax/96/48895#BiochemicalReaction256,1,http://www.reactome.org/biopax/96/48895#Catalysis101
2128,505|11274,6716,2,1,http://www.reactome.org/biopax/96/48895#BiochemicalReaction8855,1,http://www.reactome.org/biopax/96/48895#Control901
2129,12286|14154,14087,2,1,http://www.reactome.org/biopax/96/48895#BiochemicalReaction2098,1,http://www.reactome.org/biopax/96/48895#Control214
2130,11591|14183|15313,14901|15315,3,2,http://www.reactome.org/biopax/96/48895#BiochemicalReaction7710,1,http://www.reactome.org/biopax/96/48895#Catalysis3758
2131,11105|15142|16214,15274|16215,3,2,http://www.reactome.org/biopax/96/48895#BiochemicalReaction8657,1,http://www.reactome.org/biopax/96/48895#Catalysis4651
2132,5499|10060|10063,10062|11363,3,2,http://www.reactome.org/biopax/96/48895#BiochemicalReaction6592,1,http://www.reactome.org/biopax/96/48895#Catalysis2786
2133,9518|14470|15029,14471|14793|15050,3,3,http://www.reactome.org/biopax/96/48895#BiochemicalReaction5784,1,http://www.reactome.org/biopax/96/48895#Catalysis2379
2134,10587|14115|14750,14607|14751,3,2,http://www.reactome.org/biopax/96/48895#BiochemicalReaction7124,1,http://www.reactome.org/biopax/96/48895#Catalysis3192
2135,1518|15939,1520|14254,2,2,http://www.reactome.org/biopax/96/48895#BiochemicalReaction1539,1,http://www.reactome.org/biopax/96/48895#Catalysis659
2136,4810|8915,4812,2,1,http://www.reactome.org/biopax/96/48895#BiochemicalReaction4532,1,http://www.reactome.org/biopax/96/48895#Control417
2137,5621|9638,10745,2,1,http://www.reactome.org/biopax/96/48895#BiochemicalReaction6003,1,http://www.reactome.org/biopax/96/48895#Catalysis2471
2138,935|16259|16482,14263|15203|15294,3,3,http://www.reactome.org/biopax/96/48895#BiochemicalReaction8707,1,http://www.reactome.org/biopax/96/48895#Catalysis4700
2139,12714|14323|14734,14793|16460,3,2,http://www.reactome.org/biopax/96/48895#BiochemicalReaction2137,1,http://www.reactome.org/biopax/96/48895#Catalysis1037
2140,10700|14196|15068,14294|14362,3,2,http://www.reactome.org/biopax/96/48895#BiochemicalReaction7431,1,http://www.reactome.org/biopax/96/48895#Catalysis3488
2141,12412|12417|16376,1678,3,1,http://www.reactome.org/biopax/96/48895#BiochemicalReaction1690,1,http://www.reactome.org/biopax/96/48895#Control179
2142,2911|3029|3037|3137|13318|13319,3140,6,1,http://www.reactome.org/biopax/96/48895#BiochemicalReaction3059,-1,http://www.reactome.org/biopax/96/48895#Control276
2143,10603|16454|16482,14796|16574,3,2,http://www.reactome.org/biopax/96/48895#BiochemicalReaction7182,1,http://www.reactome.org/biopax/96/48895#Catalysis3250
2144,6130|9986|13927,9476|14446,3,2,http://www.reactome.org/biopax/96/48895#BiochemicalReaction5729,1,http://www.reactome.org/biopax/96/48895#Catalysis2356
2145,7878|14793|15327|16563,15329|16552,4,2,http://www.reactome.org/biopax/96/48895#BiochemicalReaction7720,1,http://www.reactome.org/biopax/96/48895#Catalysis3768
2146,9998|10001|14097,10000|14096|16551,3,3,http://www.reactome.org/biopax/96/48895#BiochemicalReaction6550,1,http://www.reactome.org/biopax/96/48895#Catalysis2745
2147,1174|16288|16394,16351|16395,3,2,http://www.reactome.org/biopax/96/48895#BiochemicalReaction1184,1,http://www.reactome.org/biopax/96/48895#Catalysis514
2148,5568|9077|16482,5567|10745,3,2,http://www.reactome.org/biopax/96/48895#BiochemicalReaction5202,1,http://www.reactome.org/biopax/96/48895#Catalysis2214
2149,12604|13955|14297|14343,13956|14237|16378,4,3,http://www.reactome.org/biopax/96/48895#BiochemicalReaction1931,1,http://www.reactome.org/biopax/96/48895#Catalysis869
2150,10865|14793|15045|16563,15419|16552,4,2,http://www.reactome.org/biopax/96/48895#BiochemicalReaction7814,1,http://www.reactome.org/biopax/96/48895#Catalysis3854
2151,4240|8595|13927,9767|14446,3,2,http://www.reactome.org/biopax/96/48895#BiochemicalReaction6280,1,http://www.reactome.org/biopax/96/48895#Catalysis2579
2152,10551|12398,7264,2,1,http://www.reactome.org/biopax/96/48895#BiochemicalReaction7075,1,http://www.reactome.org/biopax/96/48895#Catalysis3146
2153,12382|14019,1607|12383,2,2,http://www.reactome.org/biopax/96/48895#BiochemicalReaction1630,1,http://www.reactome.org/biopax/96/48895#Control163
2154,6163|9418|13927,6164|14446,3,2,http://www.reactome.org/biopax/96/48895#BiochemicalReaction5755,1,http://www.reactome.org/biopax/96/48895#Catalysis2365
2155,5473,9078|10745|13922,1,3,http://www.reactome.org/biopax/96/48895#BiochemicalReaction5120,1,http://www.reactome.org/biopax/96/48895#Catalysis2183
2156,7524|7597|14484,7598|15568|16588,3,3,http://www.reactome.org/biopax/96/48895#BiochemicalReaction7974,1,http://www.reactome.org/biopax/96/48895#Catalysis4002
2157,5064|8989|13474|16467,5067,4,1,http://www.reactome.org/biopax/96/48895#BiochemicalReaction4755,1,http://www.reactome.org/biopax/96/48895#Control431
2158,10643|14866,14868,2,1,http://www.reactome.org/biopax/96/48895#BiochemicalReaction7262,1,http://www.reactome.org/biopax/96/48895#Catalysis3321
2159,4824|13927,4826|14446,2,2,http://www.reactome.org/biopax/96/48895#BiochemicalReaction4542,1,http://www.reactome.org/biopax/96/48895#Catalysis1957
2161,10532|10537|14110,10535|14109|16551,3,3,http://www.reactome.org/biopax/96/48895#BiochemicalReaction7065,1,http://www.reactome.org/biopax/96/48895#Catalysis3141
2162,7193|16482,7194|16574,2,2,http://www.reactome.org/biopax/96/48895#BiochemicalReaction6946,1,http://www.reactome.org/biopax/96/48895#Catalysis3028
2163,1238|6608|9755,6610,3,1,http://www.reactome.org/biopax/96/48895#BiochemicalReaction6241,-1,http://www.reactome.org/biopax/96/48895#Control583
2164,17|15756|16351,14323|15631|15757|16453,3,4,http://www.reactome.org/biopax/96/48895#BiochemicalReaction8223,1,http://www.reactome.org/biopax/96/48895#Catalysis4230
2165,9922|14569|16482,13946|14570,3,2,http://www.reactome.org/biopax/96/48895#BiochemicalReaction6492,1,http://www.reactome.org/biopax/96/48895#Catalysis2694
2166,10347|10350|16351,9127,3,1,http://www.reactome.org/biopax/96/48895#BiochemicalReaction6864,1,http://www.reactome.org/biopax/96/48895#Catalysis2981
2167,11004|15781|16343,15777,3,1,http://www.reactome.org/biopax/96/48895#BiochemicalReaction8261,1,http://www.reactome.org/biopax/96/48895#Catalysis4266
2168,2594|2617|13927,2692|14446,3,2,http://www.reactome.org/biopax/96/48895#BiochemicalReaction2685,1,http://www.reactome.org/biopax/96/48895#Catalysis1263
2169,9821|9830|14506|15607|16040,9831|14507|15321,5,3,http://www.reactome.org/biopax/96/48895#BiochemicalReaction6411,1,http://www.reactome.org/biopax/96/48895#Catalysis2622
2170,142|15939|16482,15251|15828,3,2,http://www.reactome.org/biopax/96/48895#BiochemicalReaction8309,-1,http://www.reactome.org/biopax/96/48895#Control808
2171,1020|7319|11137|11188,429|7026,4,2,http://www.reactome.org/biopax/96/48895#BiochemicalReaction8791,1,http://www.reactome.org/biopax/96/48895#Control854
2172,11752|15594|16242,15568|16243|16588,3,3,http://www.reactome.org/biopax/96/48895#BiochemicalReaction8676,1,http://www.reactome.org/biopax/96/48895#Catalysis4670
2173,7579|15029|15263,14793|15050|15294,3,3,http://www.reactome.org/biopax/96/48895#BiochemicalReaction7938,1,http://www.reactome.org/biopax/96/48895#Catalysis3968
2174,1706|5171|15939,1707|14254,3,2,http://www.reactome.org/biopax/96/48895#BiochemicalReaction4852,1,http://www.reactome.org/biopax/96/48895#Catalysis2062
2175,5334|13927,5335|14446,2,2,http://www.reactome.org/biopax/96/48895#BiochemicalReaction4994,1,http://www.reactome.org/biopax/96/48895#Catalysis2120
2176,5061|8984|16482,5060|16574,3,2,http://www.reactome.org/biopax/96/48895#BiochemicalReaction4752,1,http://www.reactome.org/biopax/96/48895#Catalysis2020
2177,1798|13927,1801|14446,2,2,http://www.reactome.org/biopax/96/48895#BiochemicalReaction1807,1,http://www.reactome.org/biopax/96/48895#Catalysis758
2178,9444|13822|15029,9636|14252,3,2,http://www.reactome.org/biopax/96/48895#BiochemicalReaction6001,1,http://www.reactome.org/biopax/96/48895#Catalysis2469
2179,10727|14196|15109,14362|16523,3,2,http://www.reactome.org/biopax/96/48895#BiochemicalReaction7492,1,http://www.reactome.org/biopax/96/48895#Catalysis3549
2180,2511|13038|16462,13090|16466,3,2,http://www.reactome.org/biopax/96/48895#BiochemicalReaction2599,1,http://www.reactome.org/biopax/96/48895#Catalysis1209
2181,7344|14936|15568,14484|14937,3,2,http://www.reactome.org/biopax/96/48895#BiochemicalReaction7322,1,http://www.reactome.org/biopax/96/48895#Catalysis3381
2182,32|15682|16351,14323|15683|16453,3,3,http://www.reactome.org/biopax/96/48895#BiochemicalReaction8137,1,http://www.reactome.org/biopax/96/48895#Catalysis4145
2183,3658|3660|13927,3659|14446,3,2,http://www.reactome.org/biopax/96/48895#BiochemicalReaction3496,-1,http://www.reactome.org/biopax/96/48895#Control318
2184,7799|10026,13298,2,1,http://www.reactome.org/biopax/96/48895#BiochemicalReaction6570,1,http://www.reactome.org/biopax/96/48895#Catalysis2764
2185,10991|13927|15748,14446|14793|15746,3,3,http://www.reactome.org/biopax/96/48895#BiochemicalReaction8217,1,http://www.reactome.org/biopax/96/48895#Catalysis4224
2186,3596|13739,13740|13741,2,2,http://www.reactome.org/biopax/96/48895#BiochemicalReaction3475,1,http://www.reactome.org/biopax/96/48895#Catalysis1606
2187,7225|13927|16533,14446|14654|14793,3,3,http://www.reactome.org/biopax/96/48895#BiochemicalReaction6981,1,http://www.reactome.org/biopax/96/48895#Catalysis3060
2188,6301|12441|13927,9568|14446,3,2,http://www.reactome.org/biopax/96/48895#BiochemicalReaction5882,1,http://www.reactome.org/biopax/96/48895#Catalysis2411
2189,7330|14861|16351,14862,3,1,http://www.reactome.org/biopax/96/48895#BiochemicalReaction7256,1,http://www.reactome.org/biopax/96/48895#Catalysis3315
2190,10781|14097|15190,14096|15193|16551,3,3,http://www.reactome.org/biopax/96/48895#BiochemicalReaction7592,1,http://www.reactome.org/biopax/96/48895#Catalysis3646
2191,10638|14255|15497,15499,3,1,http://www.reactome.org/biopax/96/48895#BiochemicalReaction7881,1,http://www.reactome.org/biopax/96/48895#Catalysis3921
2192,136|14627|15816|16583|16588,14626|15817|16343,5,3,http://www.reactome.org/biopax/96/48895#BiochemicalReaction8298,1,http://www.reactome.org/biopax/96/48895#Catalysis4299
2194,2695|13169|14362,2696|14357,3,2,http://www.reactome.org/biopax/96/48895#BiochemicalReaction2688,1,http://www.reactome.org/biopax/96/48895#Catalysis1265
2195,1483|8421|13927,1483|8672|14446,3,3,http://www.reactome.org/biopax/96/48895#BiochemicalReaction1504,1,http://www.reactome.org/biopax/96/48895#Control141
2196,9736|10268|13927,9735|14446,3,2,http://www.reactome.org/biopax/96/48895#BiochemicalReaction6201,1,http://www.reactome.org/biopax/96/48895#Catalysis2545
2197,4585|11325|14399,11320|15079,3,2,http://www.reactome.org/biopax/96/48895#BiochemicalReaction8913,1,http://www.reactome.org/biopax/96/48895#Catalysis4780
2198,3522|6554|13927,6555|14446,3,2,http://www.reactome.org/biopax/96/48895#BiochemicalReaction6151,1,http://www.reactome.org/biopax/96/48895#Catalysis2516
2199,6025|13998,6035|14008,2,2,http://www.reactome.org/biopax/96/48895#BiochemicalReaction518,1,http://www.reactome.org/biopax/96/48895#Catalysis204
2200,5499|6884,6889|11363,2,2,http://www.reactome.org/biopax/96/48895#BiochemicalReaction6636,1,http://www.reactome.org/biopax/96/48895#Catalysis2830
2201,1072|11905|16462,11906|16466,3,2,http://www.reactome.org/biopax/96/48895#BiochemicalReaction1093,1,http://www.reactome.org/biopax/96/48895#Catalysis479
2202,2617|11444|13927,13188|14446,3,2,http://www.reactome.org/biopax/96/48895#BiochemicalReaction2720,1,http://www.reactome.org/biopax/96/48895#Catalysis1283
2203,771|14019,14087,2,1,http://www.reactome.org/biopax/96/48895#BiochemicalReaction808,1,http://www.reactome.org/biopax/96/48895#Catalysis313
2206,3522|5186|13927,5189|14446,3,2,http://www.reactome.org/biopax/96/48895#BiochemicalReaction4888,1,http://www.reactome.org/biopax/96/48895#Catalysis2078
2207,933|13927,14815|15079,2,2,http://www.reactome.org/biopax/96/48895#BiochemicalReaction991,1,http://www.reactome.org/biopax/96/48895#Catalysis435
2208,3312|3313|16482,3316|16574,3,2,http://www.reactome.org/biopax/96/48895#BiochemicalReaction3190,1,http://www.reactome.org/biopax/96/48895#Catalysis1494
2209,7177|15551|16343,7176|16345|16475,3,3,http://www.reactome.org/biopax/96/48895#BiochemicalReaction6932,1,http://www.reactome.org/biopax/96/48895#Catalysis3015
2210,1867|16482,16351,2,1,http://www.reactome.org/biopax/96/48895#BiochemicalReaction2036,1,http://www.reactome.org/biopax/96/48895#Catalysis965
2211,4500|13927,4504|14446,2,2,http://www.reactome.org/biopax/96/48895#BiochemicalReaction4260,1,http://www.reactome.org/biopax/96/48895#Catalysis1877
2212,1222|4443|13927,1223|14446,3,2,http://www.reactome.org/biopax/96/48895#BiochemicalReaction1240,1,http://www.reactome.org/biopax/96/48895#Catalysis540
2213,3522|4290|13927,4291|14446,3,2,http://www.reactome.org/biopax/96/48895#BiochemicalReaction4038,1,http://www.reactome.org/biopax/96/48895#Catalysis1789
2214,6583|11818|13927,9731|14446,3,2,http://www.reactome.org/biopax/96/48895#BiochemicalReaction6196,1,http://www.reactome.org/biopax/96/48895#Catalysis2541
2215,12713|14793|16460,14323|14734,3,2,http://www.reactome.org/biopax/96/48895#BiochemicalReaction2135,1,http://www.reactome.org/biopax/96/48895#Catalysis1035
2216,12619|13958|14014|14237|14297,13967|14015|14237|14297,5,4,http://www.reactome.org/biopax/96/48895#BiochemicalReaction1950,1,http://www.reactome.org/biopax/96/48895#Catalysis888
2217,7178|10440|16409,10441,3,1,http://www.reactome.org/biopax/96/48895#BiochemicalReaction6935,1,http://www.reactome.org/biopax/96/48895#Catalysis3017
2218,7394,7395|10686,1,2,http://www.reactome.org/biopax/96/48895#BiochemicalReaction7441,1,http://www.reactome.org/biopax/96/48895#Catalysis3498
2219,7323|14635|14859,14860,3,1,http://www.reactome.org/biopax/96/48895#BiochemicalReaction7255,1,http://www.reactome.org/biopax/96/48895#Catalysis3314
2220,6831|9878|16328|16329,9879|16331|16332,4,3,http://www.reactome.org/biopax/96/48895#BiochemicalReaction6446,1,http://www.reactome.org/biopax/96/48895#Catalysis2648
2221,10726|14224|14319,14928|15575,3,2,http://www.reactome.org/biopax/96/48895#BiochemicalReaction7487,1,http://www.reactome.org/biopax/96/48895#Catalysis3544
2222,725|14087,714|726|11623|11626|11628|11629|11630|11647|11648|11649|14404,2,11,http://www.reactome.org/biopax/96/48895#BiochemicalReaction766,1,http://www.reactome.org/biopax/96/48895#Catalysis283
2223,10638|14255|14803,15511,3,1,http://www.reactome.org/biopax/96/48895#BiochemicalReaction7892,1,http://www.reactome.org/biopax/96/48895#Catalysis3932
2224,1175|11951|16391|16588,11950|16392,4,2,http://www.reactome.org/biopax/96/48895#BiochemicalReaction1186,1,http://www.reactome.org/biopax/96/48895#Catalysis516
2225,7171|15551|16343,7170|16345|16475,3,3,http://www.reactome.org/biopax/96/48895#BiochemicalReaction6926,1,http://www.reactome.org/biopax/96/48895#Catalysis3012
2226,1915|14297,14237,2,1,http://www.reactome.org/biopax/96/48895#BiochemicalReaction2081,1,http://www.reactome.org/biopax/96/48895#Catalysis993
2227,622|9816|13927,9817|14446,3,2,http://www.reactome.org/biopax/96/48895#BiochemicalReaction6398,1,http://www.reactome.org/biopax/96/48895#Catalysis2614
2228,11656|14211,14309,2,1,http://www.reactome.org/biopax/96/48895#BiochemicalReaction786,1,http://www.reactome.org/biopax/96/48895#Catalysis299
2229,12675|14087|15343,14140|14793,3,2,http://www.reactome.org/biopax/96/48895#BiochemicalReaction2067,1,http://www.reactome.org/biopax/96/48895#Catalysis983
2230,497|9878,498,2,1,http://www.reactome.org/biopax/96/48895#BiochemicalReaction8851,1,http://www.reactome.org/biopax/96/48895#Control868
2231,190|14255|15895,14793|15896,3,2,http://www.reactome.org/biopax/96/48895#BiochemicalReaction8391,1,http://www.reactome.org/biopax/96/48895#Catalysis4392
2232,372,373,1,1,http://www.reactome.org/biopax/96/48895#BiochemicalReaction8762,1,http://www.reactome.org/biopax/96/48895#Catalysis4722
2233,9903|14547,14549,2,1,http://www.reactome.org/biopax/96/48895#BiochemicalReaction6473,1,http://www.reactome.org/biopax/96/48895#Catalysis2675
2234,5499|8754|10043,10136|11363,3,2,http://www.reactome.org/biopax/96/48895#BiochemicalReaction6648,1,http://www.reactome.org/biopax/96/48895#Catalysis2843
2235,9919|14097|15191,14096|15192|16551,3,3,http://www.reactome.org/biopax/96/48895#BiochemicalReaction7591,1,http://www.reactome.org/biopax/96/48895#Catalysis3645
2236,1989|16351|16360,14188|16486,3,2,http://www.reactome.org/biopax/96/48895#BiochemicalReaction2171,1,http://www.reactome.org/biopax/96/48895#Catalysis1052
2237,1597|1598|16456,1599|12381,3,2,http://www.reactome.org/biopax/96/48895#BiochemicalReaction1617,1,http://www.reactome.org/biopax/96/48895#Control155
2238,7069|14625,7070|7071|15079,2,3,http://www.reactome.org/biopax/96/48895#BiochemicalReaction6802,1,http://www.reactome.org/biopax/96/48895#Catalysis2941
2239,11622|14241,14242,2,1,http://www.reactome.org/biopax/96/48895#BiochemicalReaction741,1,http://www.reactome.org/biopax/96/48895#Catalysis259
2240,2869,2870|13233|14278,1,3,http://www.reactome.org/biopax/96/48895#BiochemicalReaction2851,1,http://www.reactome.org/biopax/96/48895#Catalysis1354
2241,7868|14375|16482,14530|15104,3,2,http://www.reactome.org/biopax/96/48895#BiochemicalReaction7481,1,http://www.reactome.org/biopax/96/48895#Catalysis3538
2242,7470|7489|7500|14088|14090|14098|16462,7507,7,1,http://www.reactome.org/biopax/96/48895#BiochemicalReaction631,1,http://www.reactome.org/biopax/96/48895#Catalysis229
2244,7282|14760|16482,14526|14793|16454,3,3,http://www.reactome.org/biopax/96/48895#BiochemicalReaction7134,1,http://www.reactome.org/biopax/96/48895#Catalysis3202
2245,4343|4349|13927,4351|14446,3,2,http://www.reactome.org/biopax/96/48895#BiochemicalReaction4098,1,http://www.reactome.org/biopax/96/48895#Catalysis1818
2246,4463|14388|14389|16564,14390|14392,4,2,http://www.reactome.org/biopax/96/48895#BiochemicalReaction4219,1,http://www.reactome.org/biopax/96/48895#Catalysis1858
2247,10645|14371|14873|15343|15607,14874|14877|15321,5,3,http://www.reactome.org/biopax/96/48895#BiochemicalReaction7269,1,http://www.reactome.org/biopax/96/48895#Catalysis3328
2248,1571|11496|13927,1572|14446,3,2,http://www.reactome.org/biopax/96/48895#BiochemicalReaction1581,1,http://www.reactome.org/biopax/96/48895#Catalysis678
2250,10556|10557|14105,10559|14324|16551,3,3,http://www.reactome.org/biopax/96/48895#BiochemicalReaction7088,1,http://www.reactome.org/biopax/96/48895#Catalysis3159
2251,3079|11317,10091|11363,2,2,http://www.reactome.org/biopax/96/48895#BiochemicalReaction6615,1,http://www.reactome.org/biopax/96/48895#Catalysis2809
2252,9428|13122|13927,9429|14446,3,2,http://www.reactome.org/biopax/96/48895#BiochemicalReaction5623,1,http://www.reactome.org/biopax/96/48895#Catalysis2314
2253,7514,10857|15402,1,2,http://www.reactome.org/biopax/96/48895#BiochemicalReaction7797,1,http://www.reactome.org/biopax/96/48895#Catalysis3839
2254,2993|16462,2497|16466,2,2,http://www.reactome.org/biopax/96/48895#BiochemicalReaction2945,1,http://www.reactome.org/biopax/96/48895#Catalysis1402
2256,884|15703|15733,15740|16173,3,2,http://www.reactome.org/biopax/96/48895#BiochemicalReaction8626,1,http://www.reactome.org/biopax/96/48895#Catalysis4620
2257,892|15850|16482,15857|15868,3,2,http://www.reactome.org/biopax/96/48895#BiochemicalReaction924,1,http://www.reactome.org/biopax/96/48895#Catalysis385
2258,3756|16483,3766|10175|16493,2,3,http://www.reactome.org/biopax/96/48895#BiochemicalReaction351,1,http://www.reactome.org/biopax/96/48895#Catalysis117
2259,11989|11991|14419|16343,11990|16410,4,2,http://www.reactome.org/biopax/96/48895#BiochemicalReaction1232,1,http://www.reactome.org/biopax/96/48895#Catalysis537
2260,1826|13927|16482|16539,14446|16540|16574,4,3,http://www.reactome.org/biopax/96/48895#BiochemicalReaction1828,1,http://www.reactome.org/biopax/96/48895#Catalysis771
2261,228|14183|15952|16387,15958|16386,4,2,http://www.reactome.org/biopax/96/48895#BiochemicalReaction8461,1,http://www.reactome.org/biopax/96/48895#Catalysis4462
2262,727|14416|14417,13970|14418,3,2,http://www.reactome.org/biopax/96/48895#BiochemicalReaction769,1,http://www.reactome.org/biopax/96/48895#Catalysis286
2263,3454|13504,13506|13508,2,2,http://www.reactome.org/biopax/96/48895#BiochemicalReaction3288,1,http://www.reactome.org/biopax/96/48895#Catalysis1534
2264,2793|2794|16476,2795,3,1,http://www.reactome.org/biopax/96/48895#BiochemicalReaction2784,1,http://www.reactome.org/biopax/96/48895#Control266
2265,2971|16462,2972|16466,2,2,http://www.reactome.org/biopax/96/48895#BiochemicalReaction2924,1,http://www.reactome.org/biopax/96/48895#Catalysis1393
2266,3321|7725|15939,3322|14254,3,2,http://www.reactome.org/biopax/96/48895#BiochemicalReaction5568,1,http://www.reactome.org/biopax/96/48895#Catalysis2294
2268,4644|11259|13998,5131|14008,3,2,http://www.reactome.org/biopax/96/48895#BiochemicalReaction466,1,http://www.reactome.org/biopax/96/48895#Catalysis183
2270,7993|15420|15607,15321|15535,3,2,http://www.reactome.org/biopax/96/48895#BiochemicalReaction910,1,http://www.reactome.org/biopax/96/48895#Catalysis372
2271,7557|14019,14087,2,1,http://www.reactome.org/biopax/96/48895#BiochemicalReaction7915,1,http://www.reactome.org/biopax/96/48895#Catalysis3951
2272,7018|16482,7019|8245,2,2,http://www.reactome.org/biopax/96/48895#BiochemicalReaction6749,1,http://www.reactome.org/biopax/96/48895#Catalysis2925
2273,5125|13927,5127|14446,2,2,http://www.reactome.org/biopax/96/48895#BiochemicalReaction4805,1,http://www.reactome.org/biopax/96/48895#Catalysis2041
2274,8219|10479,7815|8219,2,2,http://www.reactome.org/biopax/96/48895#BiochemicalReaction7023,1,http://www.reactome.org/biopax/96/48895#Catalysis3102
2275,5499|6885|9931,6886|11363,3,2,http://www.reactome.org/biopax/96/48895#BiochemicalReaction6602,1,http://www.reactome.org/biopax/96/48895#Catalysis2796
2276,6316|7740|13927,6322|14446,3,2,http://www.reactome.org/biopax/96/48895#BiochemicalReaction5905,1,http://www.reactome.org/biopax/96/48895#Catalysis2418
2277,10785|14108|15178,14324|15199|16551,3,3,http://www.reactome.org/biopax/96/48895#BiochemicalReaction7596,1,http://www.reactome.org/biopax/96/48895#Catalysis3650
2278,7799|10028,13299,2,1,http://www.reactome.org/biopax/96/48895#BiochemicalReaction6571,1,http://www.reactome.org/biopax/96/48895#Catalysis2765
2279,2169|9626,9628,2,1,http://www.reactome.org/biopax/96/48895#BiochemicalReaction5994,-1,http://www.reactome.org/biopax/96/48895#Control563
2280,67|7898|14793|15029,68|15050,4,2,http://www.reactome.org/biopax/96/48895#BiochemicalReaction8193,1,http://www.reactome.org/biopax/96/48895#Catalysis4201
2281,10533|10689|16462,13036|16466,3,2,http://www.reactome.org/biopax/96/48895#BiochemicalReaction2511,1,http://www.reactome.org/biopax/96/48895#Catalysis1169
2282,7240|14679|16533,14652|14677,3,2,http://www.reactome.org/biopax/96/48895#BiochemicalReaction7013,1,http://www.reactome.org/biopax/96/48895#Catalysis3092
2283,3543|13596|16462,13605|16466,3,2,http://www.reactome.org/biopax/96/48895#BiochemicalReaction3373,1,http://www.reactome.org/biopax/96/48895#Control297
2285,2658|10745|13146,13147,3,1,http://www.reactome.org/biopax/96/48895#BiochemicalReaction2659,1,http://www.reactome.org/biopax/96/48895#Catalysis1243
2286,4760|12316|13478,3408,3,1,http://www.reactome.org/biopax/96/48895#BiochemicalReaction5946,1,http://www.reactome.org/biopax/96/48895#Control557
2287,5674|10183|13927,9961|14446,3,2,http://www.reactome.org/biopax/96/48895#BiochemicalReaction5286,1,http://www.reactome.org/biopax/96/48895#Catalysis2242
2288,14510,14793|15928|15930,1,3,http://www.reactome.org/biopax/96/48895#BiochemicalReaction8435,1,http://www.reactome.org/biopax/96/48895#Control821
2290,1514,1519,1,1,http://www.reactome.org/biopax/96/48895#BiochemicalReaction5551,1,http://www.reactome.org/biopax/96/48895#Catalysis2286
2291,12555|14237|16518,14297|16519,3,2,http://www.reactome.org/biopax/96/48895#BiochemicalReaction1869,1,http://www.reactome.org/biopax/96/48895#Catalysis808
2292,6606|9755,6605|10745,2,2,http://www.reactome.org/biopax/96/48895#BiochemicalReaction6257,1,http://www.reactome.org/biopax/96/48895#Catalysis2566
2293,76|10986|13927|14066,77|14308|15079,4,3,http://www.reactome.org/biopax/96/48895#BiochemicalReaction8204,1,http://www.reactome.org/biopax/96/48895#Catalysis4212
2294,12857|14227|14229,14226|14362,3,2,http://www.reactome.org/biopax/96/48895#BiochemicalReaction2349,1,http://www.reactome.org/biopax/96/48895#Catalysis1102
2295,8123|16606,16610,2,1,http://www.reactome.org/biopax/96/48895#BiochemicalReaction1903,1,http://www.reactome.org/biopax/96/48895#Catalysis841
2296,890|14635|15793,15845|16482,3,2,http://www.reactome.org/biopax/96/48895#BiochemicalReaction922,1,http://www.reactome.org/biopax/96/48895#Catalysis383
2297,753|11670|11671|11672|13927|16574,753|11670|11671|14446,6,4,http://www.reactome.org/biopax/96/48895#BiochemicalReaction797,1,http://www.reactome.org/biopax/96/48895#Catalysis307
2298,745|746|750|11658|11659|11660|11661|13927,747|749|11663|11664|11665|11666|14446|16574,8,8,http://www.reactome.org/biopax/96/48895#BiochemicalReaction795,1,http://www.reactome.org/biopax/96/48895#Catalysis305
2299,10615|14811|15551|15568,14812|15575|15579,4,3,http://www.reactome.org/biopax/96/48895#BiochemicalReaction7207,1,http://www.reactome.org/biopax/96/48895#Catalysis3273
2300,12377|14430|15214,14643|15215,3,2,http://www.reactome.org/biopax/96/48895#BiochemicalReaction7615,1,http://www.reactome.org/biopax/96/48895#Control708
2301,11588|15002,15003,2,1,http://www.reactome.org/biopax/96/48895#BiochemicalReaction7361,1,http://www.reactome.org/biopax/96/48895#Catalysis3418
2302,4479,1662|4478,1,2,http://www.reactome.org/biopax/96/48895#BiochemicalReaction4240,1,http://www.reactome.org/biopax/96/48895#Catalysis1868
2303,1238|4365|13927,3761|14446,3,2,http://www.reactome.org/biopax/96/48895#BiochemicalReaction4114,1,http://www.reactome.org/biopax/96/48895#Catalysis1826
2304,10722|14370|14375,15047|15103,3,2,http://www.reactome.org/biopax/96/48895#BiochemicalReaction7480,1,http://www.reactome.org/biopax/96/48895#Catalysis3537
2305,14419|14420|15527,14317|14417|14420,3,3,http://www.reactome.org/biopax/96/48895#BiochemicalReaction7961,-1,http://www.reactome.org/biopax/96/48895#Control746
2306,10748|12765|14202,7421,3,1,http://www.reactome.org/biopax/96/48895#BiochemicalReaction7535,1,http://www.reactome.org/biopax/96/48895#Catalysis3592
2307,7848|13927|14357|16518,14446|14793|14808|16574,4,4,http://www.reactome.org/biopax/96/48895#BiochemicalReaction7308,1,http://www.reactome.org/biopax/96/48895#Catalysis3367
2308,7228|14651,14660|14793,2,2,http://www.reactome.org/biopax/96/48895#BiochemicalReaction6985,1,http://www.reactome.org/biopax/96/48895#Catalysis3064
2309,7551|11682|13927,7552|7553,3,2,http://www.reactome.org/biopax/96/48895#BiochemicalReaction7912,1,http://www.reactome.org/biopax/96/48895#Control730
2310,6|13927|15606,14446|14793|15609,3,3,http://www.reactome.org/biopax/96/48895#BiochemicalReaction8071,1,http://www.reactome.org/biopax/96/48895#Catalysis4079
2311,6844|13927|14544,14446|14545|14793,3,3,http://www.reactome.org/biopax/96/48895#BiochemicalReaction6469,1,http://www.reactome.org/biopax/96/48895#Catalysis2671
2312,1129|1132|10745,1131,3,1,http://www.reactome.org/biopax/96/48895#BiochemicalReaction1130,-1,http://www.reactome.org/biopax/96/48895#Control93
2313,6952|16482,6955|6956|7735,2,3,http://www.reactome.org/biopax/96/48895#BiochemicalReaction6708,1,http://www.reactome.org/biopax/96/48895#Catalysis2894
2314,10826|14793|15283|16563,15286|16552,4,2,http://www.reactome.org/biopax/96/48895#BiochemicalReaction7687,1,http://www.reactome.org/biopax/96/48895#Catalysis3735
2315,7614|14137,317,2,1,http://www.reactome.org/biopax/96/48895#BiochemicalReaction8688,1,http://www.reactome.org/biopax/96/48895#Catalysis4682
2316,8978|12908|13475,5013,3,1,http://www.reactome.org/biopax/96/48895#BiochemicalReaction4706,-1,http://www.reactome.org/biopax/96/48895#Control426
2317,11725|14980,14989,2,1,http://www.reactome.org/biopax/96/48895#BiochemicalReaction885,1,http://www.reactome.org/biopax/96/48895#Catalysis348
2318,3894|8263|16482,14326|14329|14330,3,3,http://www.reactome.org/biopax/96/48895#BiochemicalReaction3723,1,http://www.reactome.org/biopax/96/48895#Catalysis1713
2319,16157|16158|16161,16159|16160,3,2,http://www.reactome.org/biopax/96/48895#BiochemicalReaction8614,-1,http://www.reactome.org/biopax/96/48895#Control840
2320,1557|13927|16299,13979|14446,3,2,http://www.reactome.org/biopax/96/48895#BiochemicalReaction1566,1,http://www.reactome.org/biopax/96/48895#Catalysis674
2321,13571|13573|16351,13574|13575,3,2,http://www.reactome.org/biopax/96/48895#BiochemicalReaction3353,1,http://www.reactome.org/biopax/96/48895#Catalysis1545
2322,8913|11688,4807,2,1,http://www.reactome.org/biopax/96/48895#BiochemicalReaction4529,1,http://www.reactome.org/biopax/96/48895#Catalysis1952
2323,10759|15149|16482,15151|16574,3,2,http://www.reactome.org/biopax/96/48895#BiochemicalReaction7564,1,http://www.reactome.org/biopax/96/48895#Catalysis3619
2324,7344|14925|16343,14927,3,1,http://www.reactome.org/biopax/96/48895#BiochemicalReaction7312,1,http://www.reactome.org/biopax/96/48895#Catalysis3371
2325,4883|13927,4884|14446,2,2,http://www.reactome.org/biopax/96/48895#BiochemicalReaction4598,1,http://www.reactome.org/biopax/96/48895#Catalysis1970
2326,7846|14255|14463|14793|16563,14881|16482|16552,5,3,http://www.reactome.org/biopax/96/48895#BiochemicalReaction7273,1,http://www.reactome.org/biopax/96/48895#Catalysis3332
2327,13949|14446|14793|16462,13927|15294,4,2,http://www.reactome.org/biopax/96/48895#BiochemicalReaction6990,-1,http://www.reactome.org/biopax/96/48895#Control668
2328,1056|1057|1058|11899|11900,1059|11901,5,2,http://www.reactome.org/biopax/96/48895#BiochemicalReaction1086,-1,http://www.reactome.org/biopax/96/48895#Control82
2329,1303|12059|16417,1304|12058,3,2,http://www.reactome.org/biopax/96/48895#BiochemicalReaction1299,1,http://www.reactome.org/biopax/96/48895#Catalysis557
2330,92|13927|15029,14446|14793|16552,3,3,http://www.reactome.org/biopax/96/48895#BiochemicalReaction8218,1,http://www.reactome.org/biopax/96/48895#Catalysis4225
2331,10314|10315|10319,10310|10316,3,2,http://www.reactome.org/biopax/96/48895#BiochemicalReaction6843,1,http://www.reactome.org/biopax/96/48895#Catalysis2965
2332,8061|11947|13998,8062|14008,3,2,http://www.reactome.org/biopax/96/48895#BiochemicalReaction1445,1,http://www.reactome.org/biopax/96/48895#Catalysis628
2333,635|5621,10745,2,1,http://www.reactome.org/biopax/96/48895#BiochemicalReaction1843,1,http://www.reactome.org/biopax/96/48895#Catalysis782
2334,2081|9992|12791,12792,3,1,http://www.reactome.org/biopax/96/48895#BiochemicalReaction2254,1,http://www.reactome.org/biopax/96/48895#Catalysis1072
2335,732|14241|15142,14486|15274,3,2,http://www.reactome.org/biopax/96/48895#BiochemicalReaction775,-1,http://www.reactome.org/biopax/96/48895#Control61
2336,10814|15259|16552,14793|15260|16424|16563,3,4,http://www.reactome.org/biopax/96/48895#BiochemicalReaction7659,1,http://www.reactome.org/biopax/96/48895#Catalysis3709
2337,2615|13108|16482,2617|16574,3,2,http://www.reactome.org/biopax/96/48895#BiochemicalReaction2615,1,http://www.reactome.org/biopax/96/48895#Catalysis1219
2338,10843|14255|14793|16334|16563,15381|16482|16552,5,3,http://www.reactome.org/biopax/96/48895#BiochemicalReaction7780,1,http://www.reactome.org/biopax/96/48895#Catalysis3824
2339,3325|7850|16476,7850,3,1,http://www.reactome.org/biopax/96/48895#BiochemicalReaction317,1,http://www.reactome.org/biopax/96/48895#Control21
2340,5524|9092|16482,5559|16574,3,2,http://www.reactome.org/biopax/96/48895#BiochemicalReaction5196,1,http://www.reactome.org/biopax/96/48895#Catalysis2211
2341,2660|13927,2661|14446,2,2,http://www.reactome.org/biopax/96/48895#BiochemicalReaction2663,1,http://www.reactome.org/biopax/96/48895#Catalysis1246
2342,873|15029|15639|16482,13931|14793|15050,4,3,http://www.reactome.org/biopax/96/48895#BiochemicalReaction8103,1,http://www.reactome.org/biopax/96/48895#Catalysis4111
2343,6203|9530|16418|16588,10888|14317,4,2,http://www.reactome.org/biopax/96/48895#BiochemicalReaction7944,-1,http://www.reactome.org/biopax/96/48895#Control739
2344,11028|14303|14419|15568|16343,14420|14646|14964|16588,5,4,http://www.reactome.org/biopax/96/48895#BiochemicalReaction8360,1,http://www.reactome.org/biopax/96/48895#Catalysis4361
2345,2074|2078|14212|14213|14214|14215,2079,6,1,http://www.reactome.org/biopax/96/48895#BiochemicalReaction2252,1,http://www.reactome.org/biopax/96/48895#Catalysis1070
2346,4560|10504|13927,8805|14446,3,2,http://www.reactome.org/biopax/96/48895#BiochemicalReaction4322,1,http://www.reactome.org/biopax/96/48895#Catalysis1903
2347,8713|12142|12207,1412,3,1,http://www.reactome.org/biopax/96/48895#BiochemicalReaction1438,-1,http://www.reactome.org/biopax/96/48895#Control140
2348,3596|13701,13703,2,1,http://www.reactome.org/biopax/96/48895#BiochemicalReaction3460,1,http://www.reactome.org/biopax/96/48895#Catalysis1592
2349,3340|13927,3341|13441|14446,2,3,http://www.reactome.org/biopax/96/48895#BiochemicalReaction3202,1,http://www.reactome.org/biopax/96/48895#Catalysis1499
2350,10978|15721|16482,15724|16574,3,2,http://www.reactome.org/biopax/96/48895#BiochemicalReaction8176,1,http://www.reactome.org/biopax/96/48895#Catalysis4184
2351,9310|14436|16351,14447|16453,3,2,http://www.reactome.org/biopax/96/48895#BiochemicalReaction5452,1,http://www.reactome.org/biopax/96/48895#Catalysis2251
2352,10682|14939|16393,14926|15044,3,2,http://www.reactome.org/biopax/96/48895#BiochemicalReaction7396,1,http://www.reactome.org/biopax/96/48895#Catalysis3453
2353,30|15679|16482,14793|15680,3,2,http://www.reactome.org/biopax/96/48895#BiochemicalReaction8135,1,http://www.reactome.org/biopax/96/48895#Catalysis4143
2354,1920|1923|10745|13927,1922|14149|14446,4,3,http://www.reactome.org/biopax/96/48895#BiochemicalReaction2084,1,http://www.reactome.org/biopax/96/48895#Catalysis995
2355,3240|12854|15939,3241|14254,3,2,http://www.reactome.org/biopax/96/48895#BiochemicalReaction3142,1,http://www.reactome.org/biopax/96/48895#Catalysis1485
2356,880|5250|15939,1331|14254,3,2,http://www.reactome.org/biopax/96/48895#BiochemicalReaction4923,1,http://www.reactome.org/biopax/96/48895#Catalysis2092
2357,13179,2719,1,1,http://www.reactome.org/biopax/96/48895#BiochemicalReaction2711,1,http://www.reactome.org/biopax/96/48895#Catalysis1278
2358,4428|14378|16376,4429,3,1,http://www.reactome.org/biopax/96/48895#BiochemicalReaction4184,1,http://www.reactome.org/biopax/96/48895#Control387
2359,622|2705|13927,2706|14446,3,2,http://www.reactome.org/biopax/96/48895#BiochemicalReaction2698,1,http://www.reactome.org/biopax/96/48895#Catalysis1272
2360,8117|11633,8118,2,1,http://www.reactome.org/biopax/96/48895#BiochemicalReaction1890,1,http://www.reactome.org/biopax/96/48895#Catalysis828
2361,5499|10699,10053|11363,2,2,http://www.reactome.org/biopax/96/48895#BiochemicalReaction6586,1,http://www.reactome.org/biopax/96/48895#Catalysis2780
2362,228|15957|16387,15952|16386,3,2,http://www.reactome.org/biopax/96/48895#BiochemicalReaction8460,1,http://www.reactome.org/biopax/96/48895#Catalysis4461
2363,1706|5526|15939,1707|14254,3,2,http://www.reactome.org/biopax/96/48895#BiochemicalReaction5164,1,http://www.reactome.org/biopax/96/48895#Catalysis2198
2364,8617|8618,4253,2,1,http://www.reactome.org/biopax/96/48895#BiochemicalReaction4006,1,http://www.reactome.org/biopax/96/48895#Control380
2365,7397|14539|15076,15077|15079,3,2,http://www.reactome.org/biopax/96/48895#BiochemicalReaction7445,1,http://www.reactome.org/biopax/96/48895#Catalysis3502
2367,6920|7802|16504,8051|9992,3,2,http://www.reactome.org/biopax/96/48895#BiochemicalReaction6692,1,http://www.reactome.org/biopax/96/48895#Catalysis2879
2369,207|14255|15923,14793|15251|15924,3,3,http://www.reactome.org/biopax/96/48895#BiochemicalReaction8422,1,http://www.reactome.org/biopax/96/48895#Catalysis4423
2370,3725|12325|13927,13813|14446,3,2,http://www.reactome.org/biopax/96/48895#BiochemicalReaction3567,1,http://www.reactome.org/biopax/96/48895#Catalysis1643
2371,10814|15272|16552,15273|16424|16563,3,3,http://www.reactome.org/biopax/96/48895#BiochemicalReaction7670,1,http://www.reactome.org/biopax/96/48895#Catalysis3720
2372,1397|8737|16504,1398|14036,3,2,http://www.reactome.org/biopax/96/48895#BiochemicalReaction1391,1,http://www.reactome.org/biopax/96/48895#Catalysis581
2373,1832|13928,14147,2,1,http://www.reactome.org/biopax/96/48895#BiochemicalReaction1839,1,http://www.reactome.org/biopax/96/48895#Catalysis780
2374,2969|16462,2970|16466,2,2,http://www.reactome.org/biopax/96/48895#BiochemicalReaction2922,1,http://www.reactome.org/biopax/96/48895#Catalysis1392
2375,5562|10745,5564,2,1,http://www.reactome.org/biopax/96/48895#BiochemicalReaction5199,1,http://www.reactome.org/biopax/96/48895#Catalysis2213
2376,5621|6355,6353,2,1,http://www.reactome.org/biopax/96/48895#BiochemicalReaction5942,1,http://www.reactome.org/biopax/96/48895#Catalysis2435
2377,7215|14665,14653|14666,2,2,http://www.reactome.org/biopax/96/48895#BiochemicalReaction6994,1,http://www.reactome.org/biopax/96/48895#Catalysis3073
2378,254|16027,14287|16424,2,2,http://www.reactome.org/biopax/96/48895#BiochemicalReaction8526,1,http://www.reactome.org/biopax/96/48895#Catalysis4525
2379,10347|13415|16351,9127,3,1,http://www.reactome.org/biopax/96/48895#BiochemicalReaction6863,1,http://www.reactome.org/biopax/96/48895#Catalysis2980
2380,7405|14969|15116,15568|16608,3,2,http://www.reactome.org/biopax/96/48895#BiochemicalReaction7503,1,http://www.reactome.org/biopax/96/48895#Catalysis3560
2381,4546|8792,4550|8788|13901,2,3,http://www.reactome.org/biopax/96/48895#BiochemicalReaction4299,1,http://www.reactome.org/biopax/96/48895#Catalysis1896
2383,1304|1305,1306,2,1,http://www.reactome.org/biopax/96/48895#BiochemicalReaction1301,1,http://www.reactome.org/biopax/96/48895#Control124
2384,1561|8494,1560|15079,2,2,http://www.reactome.org/biopax/96/48895#BiochemicalReaction3786,1,http://www.reactome.org/biopax/96/48895#Catalysis1727
2385,7492|14255|14793|15348|16563,15349|16482|16552,5,3,http://www.reactome.org/biopax/96/48895#BiochemicalReaction7735,-1,http://www.reactome.org/biopax/96/48895#Control712
2386,13779|13786,13784|13785,2,2,http://www.reactome.org/biopax/96/48895#BiochemicalReaction3524,1,http://www.reactome.org/biopax/96/48895#Catalysis1626
2387,1020|2995|10089,10159|11363,3,2,http://www.reactome.org/biopax/96/48895#BiochemicalReaction6675,1,http://www.reactome.org/biopax/96/48895#Catalysis2868
2389,11766|16604,16605,2,1,http://www.reactome.org/biopax/96/48895#BiochemicalReaction1902,1,http://www.reactome.org/biopax/96/48895#Catalysis840
2390,89|13927|14793|15750,15029|15079,4,2,http://www.reactome.org/biopax/96/48895#BiochemicalReaction8220,1,http://www.reactome.org/biopax/96/48895#Catalysis4227
2391,9059|13927|15171,14446|14793|15172,3,3,http://www.reactome.org/biopax/96/48895#BiochemicalReaction7578,1,http://www.reactome.org/biopax/96/48895#Catalysis3633
2392,5499|11527,10100|11363,2,2,http://www.reactome.org/biopax/96/48895#BiochemicalReaction6621,1,http://www.reactome.org/biopax/96/48895#Catalysis2815
2393,12999|13000|13927,12265|14446,3,2,http://www.reactome.org/biopax/96/48895#BiochemicalReaction2479,1,http://www.reactome.org/biopax/96/48895#Catalysis1151
2394,9886|14520|14521,14362|14522,3,2,http://www.reactome.org/biopax/96/48895#BiochemicalReaction6452,1,http://www.reactome.org/biopax/96/48895#Catalysis2654
2395,2352|16482,2353|16574,2,2,http://www.reactome.org/biopax/96/48895#BiochemicalReaction2409,1,http://www.reactome.org/biopax/96/48895#Catalysis1118
2396,12633|16494,16515,2,1,http://www.reactome.org/biopax/96/48895#BiochemicalReaction1979,1,http://www.reactome.org/biopax/96/48895#Catalysis915
2397,5520|16504,11364|11366|16514,2,3,http://www.reactome.org/biopax/96/48895#BiochemicalReaction497,1,http://www.reactome.org/biopax/96/48895#Catalysis195
2398,10715|15090|16482,15035|15091,3,2,http://www.reactome.org/biopax/96/48895#BiochemicalReaction7462,1,http://www.reactome.org/biopax/96/48895#Catalysis3519
2399,1960|12723|14171|14172,1959,4,1,http://www.reactome.org/biopax/96/48895#BiochemicalReaction2145,1,http://www.reactome.org/biopax/96/48895#Catalysis1043
2400,7842|14635|14869,14855|14870|16482,3,3,http://www.reactome.org/biopax/96/48895#BiochemicalReaction7264,1,http://www.reactome.org/biopax/96/48895#Catalysis3323
2401,7139|10357,9342,2,1,http://www.reactome.org/biopax/96/48895#BiochemicalReaction6876,1,http://www.reactome.org/biopax/96/48895#Control633
2402,9821|9824|14506|15607|16040,9825|14507|15321,5,3,http://www.reactome.org/biopax/96/48895#BiochemicalReaction6407,1,http://www.reactome.org/biopax/96/48895#Catalysis2618
2403,9932|14584|16416,14585|16414,3,2,http://www.reactome.org/biopax/96/48895#BiochemicalReaction6505,1,http://www.reactome.org/biopax/96/48895#Catalysis2707
2404,12596|13942|14297,13943|14237,3,2,http://www.reactome.org/biopax/96/48895#BiochemicalReaction1916,1,http://www.reactome.org/biopax/96/48895#Catalysis854
2405,5450|13927|16299,13979|14446,3,2,http://www.reactome.org/biopax/96/48895#BiochemicalReaction5100,1,http://www.reactome.org/biopax/96/48895#Catalysis2173
2406,11042|15906|16482,14734|16311,3,2,http://www.reactome.org/biopax/96/48895#BiochemicalReaction8407,1,http://www.reactome.org/biopax/96/48895#Catalysis4408
2407,14146|14297,14237,2,1,http://www.reactome.org/biopax/96/48895#BiochemicalReaction2081,-1,http://www.reactome.org/biopax/96/48895#Control194
2408,8616|10745|11937,4273,3,1,http://www.reactome.org/biopax/96/48895#BiochemicalReaction4024,1,http://www.reactome.org/biopax/96/48895#Catalysis1782
2409,3216|14417|15538,13970|14647,3,2,http://www.reactome.org/biopax/96/48895#BiochemicalReaction8315,1,http://www.reactome.org/biopax/96/48895#Catalysis4316
2410,243|13927|15978,14446|14793|15979,3,3,http://www.reactome.org/biopax/96/48895#BiochemicalReaction8482,1,http://www.reactome.org/biopax/96/48895#Catalysis4482
2411,72|14510,74|13969,2,2,http://www.reactome.org/biopax/96/48895#BiochemicalReaction8198,1,http://www.reactome.org/biopax/96/48895#Catalysis4206
2412,8529|8649|13927,11884|14446,3,2,http://www.reactome.org/biopax/96/48895#BiochemicalReaction4097,1,http://www.reactome.org/biopax/96/48895#Catalysis1817
2413,6875|10004|14108,13153|14324|16551,3,3,http://www.reactome.org/biopax/96/48895#BiochemicalReaction6553,1,http://www.reactome.org/biopax/96/48895#Catalysis2748
2414,7105|10745|13054,10305,3,1,http://www.reactome.org/biopax/96/48895#BiochemicalReaction6830,1,http://www.reactome.org/biopax/96/48895#Catalysis2957
2416,10636|14255|14793|15350|16563,15351|16482|16552,5,3,http://www.reactome.org/biopax/96/48895#BiochemicalReaction7737,1,http://www.reactome.org/biopax/96/48895#Catalysis3785
2417,139|14991|15827,14990|14992|14995|16388,3,4,http://www.reactome.org/biopax/96/48895#BiochemicalReaction8307,1,http://www.reactome.org/biopax/96/48895#Catalysis4308
2418,1706|4322|15939,1707|14254,3,2,http://www.reactome.org/biopax/96/48895#BiochemicalReaction4074,1,http://www.reactome.org/biopax/96/48895#Catalysis1804
2419,170|14303|14420|16588,14419|15867,4,2,http://www.reactome.org/biopax/96/48895#BiochemicalReaction8359,1,http://www.reactome.org/biopax/96/48895#Catalysis4360
2420,7398|15077|15078,14099|14226,3,2,http://www.reactome.org/biopax/96/48895#BiochemicalReaction7447,1,http://www.reactome.org/biopax/96/48895#Catalysis3504
2421,1777|16351|16360,14323|16480|16486,3,3,http://www.reactome.org/biopax/96/48895#BiochemicalReaction1777,1,http://www.reactome.org/biopax/96/48895#Catalysis738
2422,125|8095|12729,126,3,1,http://www.reactome.org/biopax/96/48895#BiochemicalReaction8285,1,http://www.reactome.org/biopax/96/48895#Catalysis4287
2423,875|15029|15981|16482,14793|15050|15560,4,3,http://www.reactome.org/biopax/96/48895#BiochemicalReaction8030,1,http://www.reactome.org/biopax/96/48895#Catalysis4040
2425,3331|5366|13927,5364|13437|14446,3,3,http://www.reactome.org/biopax/96/48895#BiochemicalReaction5022,1,http://www.reactome.org/biopax/96/48895#Catalysis2132
2426,11041|13972,15905,2,1,http://www.reactome.org/biopax/96/48895#BiochemicalReaction8401,1,http://www.reactome.org/biopax/96/48895#Catalysis4402
2427,900|8002|13927|16482,8003|14446|16574,4,3,http://www.reactome.org/biopax/96/48895#BiochemicalReaction951,-1,http://www.reactome.org/biopax/96/48895#Control67
2428,7288|14775|16482,14312|16574,3,2,http://www.reactome.org/biopax/96/48895#BiochemicalReaction7168,1,http://www.reactome.org/biopax/96/48895#Catalysis3236
2429,1839|15835,16375,2,1,http://www.reactome.org/biopax/96/48895#BiochemicalReaction1854,1,http://www.reactome.org/biopax/96/48895#Catalysis793
2430,11655|14289|14297|14343,14237|14287|16378,4,3,http://www.reactome.org/biopax/96/48895#BiochemicalReaction782,1,http://www.reactome.org/biopax/96/48895#Catalysis296
2431,10692|14370|16351,15053|15055,3,2,http://www.reactome.org/biopax/96/48895#BiochemicalReaction7409,-1,http://www.reactome.org/biopax/96/48895#Control698
2432,4835|13927,4836|14446,2,2,http://www.reactome.org/biopax/96/48895#BiochemicalReaction4550,1,http://www.reactome.org/biopax/96/48895#Catalysis1960
2433,10629|14430|14828,13945|14460|14829,3,3,http://www.reactome.org/biopax/96/48895#BiochemicalReaction7218,1,http://www.reactome.org/biopax/96/48895#Catalysis3284
2434,1176|11688|16396,11954|15321,3,2,http://www.reactome.org/biopax/96/48895#BiochemicalReaction1189,1,http://www.reactome.org/biopax/96/48895#Catalysis518
2435,2915|14215,2916,2,1,http://www.reactome.org/biopax/96/48895#BiochemicalReaction2884,1,http://www.reactome.org/biopax/96/48895#Catalysis1373
2436,401|13304,403,2,1,http://www.reactome.org/biopax/96/48895#BiochemicalReaction8778,1,http://www.reactome.org/biopax/96/48895#Catalysis4727
2437,1166|14323|16373,16288|16371,3,2,http://www.reactome.org/biopax/96/48895#BiochemicalReaction1179,1,http://www.reactome.org/biopax/96/48895#Catalysis509
2438,7457|7458|14430,7453|14693,3,2,http://www.reactome.org/biopax/96/48895#BiochemicalReaction7609,1,http://www.reactome.org/biopax/96/48895#Catalysis3661
2439,10710|15080|16482,15081|15082,3,2,http://www.reactome.org/biopax/96/48895#BiochemicalReaction7448,1,http://www.reactome.org/biopax/96/48895#Catalysis3505
2441,141|143,142,2,1,http://www.reactome.org/biopax/96/48895#BiochemicalReaction8314,1,http://www.reactome.org/biopax/96/48895#Catalysis4315
2442,11018|15823,15825,2,1,http://www.reactome.org/biopax/96/48895#BiochemicalReaction8305,1,http://www.reactome.org/biopax/96/48895#Catalysis4306
2443,266|16032,14793|16033|16482,2,3,http://www.reactome.org/biopax/96/48895#BiochemicalReaction8530,-1,http://www.reactome.org/biopax/96/48895#Control832
2444,9373|9970|13927,12292|14446,3,2,http://www.reactome.org/biopax/96/48895#BiochemicalReaction5522,1,http://www.reactome.org/biopax/96/48895#Catalysis2266
2445,7246|7247|16482,7249|7815,3,2,http://www.reactome.org/biopax/96/48895#BiochemicalReaction7026,1,http://www.reactome.org/biopax/96/48895#Control682
2446,6202|10888|15568,10889|14484,3,2,http://www.reactome.org/biopax/96/48895#BiochemicalReaction7945,1,http://www.reactome.org/biopax/96/48895#Catalysis3975
2447,5182|13927,5184|14446,2,2,http://www.reactome.org/biopax/96/48895#BiochemicalReaction4865,1,http://www.reactome.org/biopax/96/48895#Catalysis2068
2448,10598|13927|14775,14446|14787,3,2,http://www.reactome.org/biopax/96/48895#BiochemicalReaction7171,1,http://www.reactome.org/biopax/96/48895#Catalysis3239
2450,6783|6784,6785|6786|16574,2,3,http://www.reactome.org/biopax/96/48895#BiochemicalReaction6384,1,http://www.reactome.org/biopax/96/48895#Catalysis2608
2451,11457|11469|14020,11468|14028,3,2,http://www.reactome.org/biopax/96/48895#BiochemicalReaction568,1,http://www.reactome.org/biopax/96/48895#Catalysis215
2452,11049|13927|16314|16482,14308|14793|15945|16574,4,4,http://www.reactome.org/biopax/96/48895#BiochemicalReaction8450,1,http://www.reactome.org/biopax/96/48895#Catalysis4451
2453,5054|10745,5039,2,1,http://www.reactome.org/biopax/96/48895#BiochemicalReaction4746,1,http://www.reactome.org/biopax/96/48895#Catalysis2016
2455,7651|14648|14793|15050,13940|15029,4,2,http://www.reactome.org/biopax/96/48895#BiochemicalReaction8001,1,http://www.reactome.org/biopax/96/48895#Catalysis4016
2456,7572|12064,7573,2,1,http://www.reactome.org/biopax/96/48895#BiochemicalReaction7933,1,http://www.reactome.org/biopax/96/48895#Catalysis3964
2457,10667|14977|16482,14362|14793|14979,3,3,http://www.reactome.org/biopax/96/48895#BiochemicalReaction7351,1,http://www.reactome.org/biopax/96/48895#Control696
2458,2603|3294|16462,2605|16466,3,2,http://www.reactome.org/biopax/96/48895#BiochemicalReaction2595,1,http://www.reactome.org/biopax/96/48895#Catalysis1205
2459,2617|13104|13927,13105|14446,3,2,http://www.reactome.org/biopax/96/48895#BiochemicalReaction2626,1,http://www.reactome.org/biopax/96/48895#Catalysis1227
2460,7412|13927|15085,14202|14446,3,2,http://www.reactome.org/biopax/96/48895#BiochemicalReaction7517,1,http://www.reactome.org/biopax/96/48895#Catalysis3574
2461,10942|14446|15571,13927|15570,3,2,http://www.reactome.org/biopax/96/48895#BiochemicalReaction8043,1,http://www.reactome.org/biopax/96/48895#Catalysis4051
2462,8111|12498|16351,16500|16501,3,2,http://www.reactome.org/biopax/96/48895#BiochemicalReaction1790,1,http://www.reactome.org/biopax/96/48895#Catalysis751
2463,7288|14778|16482,14775|16574,3,2,http://www.reactome.org/biopax/96/48895#BiochemicalReaction7173,1,http://www.reactome.org/biopax/96/48895#Catalysis3241
2464,3374|3439|15939,1331|14254,3,2,http://www.reactome.org/biopax/96/48895#BiochemicalReaction3273,1,http://www.reactome.org/biopax/96/48895#Catalysis1527
2465,3096|14285,3097|14078,2,2,http://www.reactome.org/biopax/96/48895#BiochemicalReaction3027,1,http://www.reactome.org/biopax/96/48895#Catalysis1441
2466,254|16014,14241|16424,2,2,http://www.reactome.org/biopax/96/48895#BiochemicalReaction8511,1,http://www.reactome.org/biopax/96/48895#Catalysis4510
2468,5499|13028|13261,10085|11363,3,2,http://www.reactome.org/biopax/96/48895#BiochemicalReaction6609,1,http://www.reactome.org/biopax/96/48895#Catalysis2803
2469,10632|14844,16619,2,1,http://www.reactome.org/biopax/96/48895#BiochemicalReaction7234,1,http://www.reactome.org/biopax/96/48895#Catalysis3294
2470,7820|14430|14722,14693|14725,3,2,http://www.reactome.org/biopax/96/48895#BiochemicalReaction7108,1,http://www.reactome.org/biopax/96/48895#Catalysis3176
2471,7210|14650,14649,2,1,http://www.reactome.org/biopax/96/48895#BiochemicalReaction6988,1,http://www.reactome.org/biopax/96/48895#Catalysis3067
2472,7593|13947,15527,2,1,http://www.reactome.org/biopax/96/48895#BiochemicalReaction7960,1,http://www.reactome.org/biopax/96/48895#Catalysis3988
2473,173|3999|8245,173|4000|8508,3,3,http://www.reactome.org/biopax/96/48895#BiochemicalReaction3803,1,http://www.reactome.org/biopax/96/48895#Catalysis1731
2474,4925|16462,4934|16466,2,2,http://www.reactome.org/biopax/96/48895#BiochemicalReaction444,1,http://www.reactome.org/biopax/96/48895#Catalysis171
2475,5594|13927,5595|14446,2,2,http://www.reactome.org/biopax/96/48895#BiochemicalReaction5225,1,http://www.reactome.org/biopax/96/48895#Catalysis2222
2476,11748|14255|14793|15703|16563,15793|16482|16552,5,3,http://www.reactome.org/biopax/96/48895#BiochemicalReaction920,1,http://www.reactome.org/biopax/96/48895#Catalysis381
2477,1725|14793|15263,14323|15210,3,2,http://www.reactome.org/biopax/96/48895#BiochemicalReaction1923,1,http://www.reactome.org/biopax/96/48895#Catalysis861
2478,899|15615|16574,14083|15616,3,2,http://www.reactome.org/biopax/96/48895#BiochemicalReaction8098,1,http://www.reactome.org/biopax/96/48895#Catalysis4106
2479,12768|14207,14208,2,1,http://www.reactome.org/biopax/96/48895#BiochemicalReaction2224,1,http://www.reactome.org/biopax/96/48895#Catalysis1063
2480,7852|14977|16482,14362|14793|14979,3,3,http://www.reactome.org/biopax/96/48895#BiochemicalReaction7351,1,http://www.reactome.org/biopax/96/48895#Catalysis3410
2481,7267|14430|14713,14691|14714,3,2,http://www.reactome.org/biopax/96/48895#BiochemicalReaction7101,1,http://www.reactome.org/biopax/96/48895#Catalysis3169
2482,9821|9822|14506|15607|16040,9823|14507|15321,5,3,http://www.reactome.org/biopax/96/48895#BiochemicalReaction6405,1,http://www.reactome.org/biopax/96/48895#Catalysis2616
2483,3779|3781|13927,3780|14446,3,2,http://www.reactome.org/biopax/96/48895#BiochemicalReaction3613,-1,http://www.reactome.org/biopax/96/48895#Control335
2484,217|14255|14793|16350|16563,14009|16482|16552,5,3,http://www.reactome.org/biopax/96/48895#BiochemicalReaction8434,1,http://www.reactome.org/biopax/96/48895#Catalysis4435
2485,105|15780|15857,13972|15770,3,2,http://www.reactome.org/biopax/96/48895#BiochemicalReaction8256,1,http://www.reactome.org/biopax/96/48895#Catalysis4261
2486,10559|10565|14110,10564|14109|16551,3,3,http://www.reactome.org/biopax/96/48895#BiochemicalReaction7091,1,http://www.reactome.org/biopax/96/48895#Catalysis3162
2487,10976|10977|14362,10613|15740,3,2,http://www.reactome.org/biopax/96/48895#BiochemicalReaction8175,1,http://www.reactome.org/biopax/96/48895#Catalysis4183
2488,2703|13927,13127|13171|14446,2,3,http://www.reactome.org/biopax/96/48895#BiochemicalReaction2697,1,http://www.reactome.org/biopax/96/48895#Catalysis1271
2489,3658|3659|13927,3662|14446,3,2,http://www.reactome.org/biopax/96/48895#BiochemicalReaction3497,1,http://www.reactome.org/biopax/96/48895#Catalysis1615
2490,3587|9754,9764|9765,2,2,http://www.reactome.org/biopax/96/48895#BiochemicalReaction6250,1,http://www.reactome.org/biopax/96/48895#Catalysis2563
2491,10646|14873|15343|15607|16058,14874|15321|16059,5,3,http://www.reactome.org/biopax/96/48895#BiochemicalReaction8555,1,http://www.reactome.org/biopax/96/48895#Catalysis4552
2492,399|16504,401|16514,2,2,http://www.reactome.org/biopax/96/48895#BiochemicalReaction8777,1,http://www.reactome.org/biopax/96/48895#Catalysis4726
2493,11880|11884|13927,11882|14446,3,2,http://www.reactome.org/biopax/96/48895#BiochemicalReaction1062,1,http://www.reactome.org/biopax/96/48895#Catalysis463
2494,1796|12514|12515|15939|16482,1806|14254|16574,5,3,http://www.reactome.org/biopax/96/48895#BiochemicalReaction1810,1,http://www.reactome.org/biopax/96/48895#Catalysis760
2495,12594|15263|16629,13931|15210,3,2,http://www.reactome.org/biopax/96/48895#BiochemicalReaction1913,1,http://www.reactome.org/biopax/96/48895#Catalysis851
2496,6344|9583|16482,6345|16574,3,2,http://www.reactome.org/biopax/96/48895#BiochemicalReaction5927,1,http://www.reactome.org/biopax/96/48895#Control555
2497,1602|12382,1606|12383,2,2,http://www.reactome.org/biopax/96/48895#BiochemicalReaction1623,1,http://www.reactome.org/biopax/96/48895#Catalysis695
2498,6554|8534|13927,6555|14446,3,2,http://www.reactome.org/biopax/96/48895#BiochemicalReaction6152,1,http://www.reactome.org/biopax/96/48895#Catalysis2517
2499,1024|13455|16462,13456|16466,3,2,http://www.reactome.org/biopax/96/48895#BiochemicalReaction3216,1,http://www.reactome.org/biopax/96/48895#Catalysis1504
2500,1525|12307,12308|12309,2,2,http://www.reactome.org/biopax/96/48895#BiochemicalReaction1541,1,http://www.reactome.org/biopax/96/48895#Catalysis661
2501,3719|3744|13927,3746|14446,3,2,http://www.reactome.org/biopax/96/48895#BiochemicalReaction3588,1,http://www.reactome.org/biopax/96/48895#Catalysis1650
2502,9602|9608|13927,9609|14446,3,2,http://www.reactome.org/biopax/96/48895#BiochemicalReaction5968,1,http://www.reactome.org/biopax/96/48895#Catalysis2448
2503,7347|14419|14940,14420|14941|16588,3,3,http://www.reactome.org/biopax/96/48895#BiochemicalReaction7326,1,http://www.reactome.org/biopax/96/48895#Catalysis3385
2504,12693|14154,14087,2,1,http://www.reactome.org/biopax/96/48895#BiochemicalReaction2098,-1,http://www.reactome.org/biopax/96/48895#Control212
2505,1020|14765,16470,2,1,http://www.reactome.org/biopax/96/48895#BiochemicalReaction7157,1,http://www.reactome.org/biopax/96/48895#Catalysis3225
2506,492|494,495,2,1,http://www.reactome.org/biopax/96/48895#BiochemicalReaction8850,1,http://www.reactome.org/biopax/96/48895#Control865
2508,2995|11447|13302,10104|11363,3,2,http://www.reactome.org/biopax/96/48895#BiochemicalReaction6625,1,http://www.reactome.org/biopax/96/48895#Catalysis2819
2509,4409|13436|13927,4410|14446,3,2,http://www.reactome.org/biopax/96/48895#BiochemicalReaction4157,1,http://www.reactome.org/biopax/96/48895#Catalysis1844
2510,7313|14840|14841,14842|14843|15321,3,3,http://www.reactome.org/biopax/96/48895#BiochemicalReaction7230,1,http://www.reactome.org/biopax/96/48895#Catalysis3290
2511,12526|13927|16482|16521,14446|16525|16574,4,3,http://www.reactome.org/biopax/96/48895#BiochemicalReaction1820,1,http://www.reactome.org/biopax/96/48895#Catalysis764
2512,11750|15551|15561|15568,15575|15579|15585,4,3,http://www.reactome.org/biopax/96/48895#BiochemicalReaction912,1,http://www.reactome.org/biopax/96/48895#Catalysis374
2513,9479|9482|14465,9481|14466,3,2,http://www.reactome.org/biopax/96/48895#BiochemicalReaction5735,1,http://www.reactome.org/biopax/96/48895#Catalysis2358
2514,547|10698|14184,550|14362,3,2,http://www.reactome.org/biopax/96/48895#BiochemicalReaction8899,1,http://www.reactome.org/biopax/96/48895#Catalysis4773
2515,10619|14184|14793|14808,14362|14813|16424,4,3,http://www.reactome.org/biopax/96/48895#BiochemicalReaction7210,1,http://www.reactome.org/biopax/96/48895#Catalysis3276
2516,6262|9544|14184,8385|9543|14362,3,3,http://www.reactome.org/biopax/96/48895#BiochemicalReaction5838,1,http://www.reactome.org/biopax/96/48895#Catalysis2395
2517,9701|9702|13927,9703|14446,3,2,http://www.reactome.org/biopax/96/48895#BiochemicalReaction6111,1,http://www.reactome.org/biopax/96/48895#Catalysis2509
2518,4646|11881|13927,11883|14446,3,2,http://www.reactome.org/biopax/96/48895#BiochemicalReaction4400,-1,http://www.reactome.org/biopax/96/48895#Control414
2519,12182|12184|15142,12183|15274,3,2,http://www.reactome.org/biopax/96/48895#BiochemicalReaction1414,1,http://www.reactome.org/biopax/96/48895#Catalysis604
2520,11918|16362,16364,2,1,http://www.reactome.org/biopax/96/48895#BiochemicalReaction1124,1,http://www.reactome.org/biopax/96/48895#Catalysis483
2521,10548|11417,7263,2,1,http://www.reactome.org/biopax/96/48895#BiochemicalReaction7072,1,http://www.reactome.org/biopax/96/48895#Catalysis3144
2522,4107|4108|13614|13617,3583,4,1,http://www.reactome.org/biopax/96/48895#BiochemicalReaction3894,-1,http://www.reactome.org/biopax/96/48895#Control374
2523,194|14650|15029,14793|15050|15903,3,3,http://www.reactome.org/biopax/96/48895#BiochemicalReaction8398,1,http://www.reactome.org/biopax/96/48895#Catalysis4399
2525,14334|14494|16563,14339|14793|16552,3,3,http://www.reactome.org/biopax/96/48895#BiochemicalReaction6145,1,http://www.reactome.org/biopax/96/48895#Control570
2526,492|11240,495,2,1,http://www.reactome.org/biopax/96/48895#BiochemicalReaction8850,1,http://www.reactome.org/biopax/96/48895#Catalysis4749
2527,1706|5166|15939,1707|14254,3,2,http://www.reactome.org/biopax/96/48895#BiochemicalReaction4845,1,http://www.reactome.org/biopax/96/48895#Control445
2528,3761|4070,4069|8552,2,2,http://www.reactome.org/biopax/96/48895#BiochemicalReaction3860,1,http://www.reactome.org/biopax/96/48895#Catalysis1756
2529,451|8533|13927,456|14446,3,2,http://www.reactome.org/biopax/96/48895#BiochemicalReaction8820,1,http://www.reactome.org/biopax/96/48895#Catalysis4737
2530,2169,3987|16574,1,2,http://www.reactome.org/biopax/96/48895#BiochemicalReaction366,1,http://www.reactome.org/biopax/96/48895#Catalysis130
2531,7367|15003|16387,15004|16386,3,2,http://www.reactome.org/biopax/96/48895#BiochemicalReaction7362,1,http://www.reactome.org/biopax/96/48895#Catalysis3419
2532,10804|14445|16351,15233|16453,3,2,http://www.reactome.org/biopax/96/48895#BiochemicalReaction7634,1,http://www.reactome.org/biopax/96/48895#Catalysis3686
2533,6189|14666|15029|16482,14667|14793|15050,4,3,http://www.reactome.org/biopax/96/48895#BiochemicalReaction6996,1,http://www.reactome.org/biopax/96/48895#Catalysis3075
2534,6485|13927,6486|13328|14446,2,3,http://www.reactome.org/biopax/96/48895#BiochemicalReaction6095,1,http://www.reactome.org/biopax/96/48895#Catalysis2502
2535,1541|1554|12319,1552,3,1,http://www.reactome.org/biopax/96/48895#BiochemicalReaction1571,-1,http://www.reactome.org/biopax/96/48895#Control152
2536,8985|8986|16467,5062,3,1,http://www.reactome.org/biopax/96/48895#BiochemicalReaction4753,1,http://www.reactome.org/biopax/96/48895#Control430
2537,12260|16376,15835,2,1,http://www.reactome.org/biopax/96/48895#BiochemicalReaction1497,1,http://www.reactome.org/biopax/96/48895#Catalysis640
2538,1525|7144,10369|10382|10385|10386|12368,2,5,http://www.reactome.org/biopax/96/48895#BiochemicalReaction6898,1,http://www.reactome.org/biopax/96/48895#Catalysis3000
2539,4476|9992,4518,2,1,http://www.reactome.org/biopax/96/48895#BiochemicalReaction413,1,http://www.reactome.org/biopax/96/48895#Catalysis148
2540,2413|2415|15939,2414|12948|14254,3,3,http://www.reactome.org/biopax/96/48895#BiochemicalReaction2438,1,http://www.reactome.org/biopax/96/48895#Catalysis1139
2541,769|13326|13327,3157,3,1,http://www.reactome.org/biopax/96/48895#BiochemicalReaction3071,-1,http://www.reactome.org/biopax/96/48895#Control277
2542,2619|2751|16462,2753|16466,3,2,http://www.reactome.org/biopax/96/48895#BiochemicalReaction2742,1,http://www.reactome.org/biopax/96/48895#Catalysis1291
2543,3081|3082|9988,2503|3083|3084,3,3,http://www.reactome.org/biopax/96/48895#BiochemicalReaction3017,1,http://www.reactome.org/biopax/96/48895#Catalysis1436
2545,11063,247,1,1,http://www.reactome.org/biopax/96/48895#BiochemicalReaction8492,1,http://www.reactome.org/biopax/96/48895#Catalysis4492
2546,5499|11526,10162|11363,2,2,http://www.reactome.org/biopax/96/48895#BiochemicalReaction6678,1,http://www.reactome.org/biopax/96/48895#Catalysis2871
2548,8121|12581|14323,8122|14793,3,2,http://www.reactome.org/biopax/96/48895#BiochemicalReaction1897,1,http://www.reactome.org/biopax/96/48895#Catalysis835
2549,1347|13927,1348|14446,2,2,http://www.reactome.org/biopax/96/48895#BiochemicalReaction1335,1,http://www.reactome.org/biopax/96/48895#Catalysis565
2550,10834|14202|15359,15101|15361,3,2,http://www.reactome.org/biopax/96/48895#BiochemicalReaction7745,1,http://www.reactome.org/biopax/96/48895#Catalysis3793
2551,11039|15537|15840,15839|15898|16588,3,3,http://www.reactome.org/biopax/96/48895#BiochemicalReaction8394,1,http://www.reactome.org/biopax/96/48895#Catalysis4395
2552,4890|13927,4891|14446,2,2,http://www.reactome.org/biopax/96/48895#BiochemicalReaction4605,1,http://www.reactome.org/biopax/96/48895#Catalysis1973
2553,1673|11431,11432,2,1,http://www.reactome.org/biopax/96/48895#BiochemicalReaction532,1,http://www.reactome.org/biopax/96/48895#Control38
2554,10481|14430|14720,14721,3,1,http://www.reactome.org/biopax/96/48895#BiochemicalReaction7106,1,http://www.reactome.org/biopax/96/48895#Catalysis3174
2555,13317|13902,13895|13900,2,2,http://www.reactome.org/biopax/96/48895#BiochemicalReaction248,1,http://www.reactome.org/biopax/96/48895#Catalysis96
2556,3714|13927,3719|14446,2,2,http://www.reactome.org/biopax/96/48895#BiochemicalReaction3559,1,http://www.reactome.org/biopax/96/48895#Catalysis1637
2557,2055|2056|12784,2057,3,1,http://www.reactome.org/biopax/96/48895#BiochemicalReaction2238,1,http://www.reactome.org/biopax/96/48895#Control236
2558,5989|13927,5058|9402|14446,2,3,http://www.reactome.org/biopax/96/48895#BiochemicalReaction5591,1,http://www.reactome.org/biopax/96/48895#Catalysis2303
2559,4805|13927,4806|14446,2,2,http://www.reactome.org/biopax/96/48895#BiochemicalReaction4524,1,http://www.reactome.org/biopax/96/48895#Catalysis1951
2560,1514|9386,1519,2,1,http://www.reactome.org/biopax/96/48895#BiochemicalReaction5551,1,http://www.reactome.org/biopax/96/48895#Control503
2561,6203|7585|16343,6202|16345,3,2,http://www.reactome.org/biopax/96/48895#BiochemicalReaction7949,1,http://www.reactome.org/biopax/96/48895#Catalysis3978
2562,4885|13927,4887|14446,2,2,http://www.reactome.org/biopax/96/48895#BiochemicalReaction4600,1,http://www.reactome.org/biopax/96/48895#Catalysis1971
2563,197|13978,14734|16311,2,2,http://www.reactome.org/biopax/96/48895#BiochemicalReaction8406,1,http://www.reactome.org/biopax/96/48895#Catalysis4407
2564,10826|14793|15325|16563,15328|16552,4,2,http://www.reactome.org/biopax/96/48895#BiochemicalReaction7719,1,http://www.reactome.org/biopax/96/48895#Catalysis3767
2565,10952|15551|15599,15601|16475,3,2,http://www.reactome.org/biopax/96/48895#BiochemicalReaction8067,1,http://www.reactome.org/biopax/96/48895#Catalysis4075
2566,5440|13927,5441|14446,2,2,http://www.reactome.org/biopax/96/48895#BiochemicalReaction5092,1,http://www.reactome.org/biopax/96/48895#Catalysis2169
2567,16|15628|16482,15629|16574,3,2,http://www.reactome.org/biopax/96/48895#BiochemicalReaction8090,1,http://www.reactome.org/biopax/96/48895#Catalysis4098
2569,5515|13927,5516|14446,2,2,http://www.reactome.org/biopax/96/48895#BiochemicalReaction5157,1,http://www.reactome.org/biopax/96/48895#Catalysis2194
2570,711|14309,712,2,1,http://www.reactome.org/biopax/96/48895#BiochemicalReaction750,1,http://www.reactome.org/biopax/96/48895#Catalysis268
2571,7117|7119|14321,7118|14322,3,2,http://www.reactome.org/biopax/96/48895#BiochemicalReaction6840,1,http://www.reactome.org/biopax/96/48895#Control614
2573,12325|12327|13927,12326|14446,3,2,http://www.reactome.org/biopax/96/48895#BiochemicalReaction1560,1,http://www.reactome.org/biopax/96/48895#Catalysis671
2574,28|15673|16482,15674|16574,3,2,http://www.reactome.org/biopax/96/48895#BiochemicalReaction8126,1,http://www.reactome.org/biopax/96/48895#Catalysis4134
2575,183|13984|14255|16412,13985|15891,4,2,http://www.reactome.org/biopax/96/48895#BiochemicalReaction8384,1,http://www.reactome.org/biopax/96/48895#Catalysis4385
2576,3095|13927,14973,2,1,http://www.reactome.org/biopax/96/48895#BiochemicalReaction8874,1,http://www.reactome.org/biopax/96/48895#Catalysis4760
2577,10732|15120|16608,15116|16602,3,2,http://www.reactome.org/biopax/96/48895#BiochemicalReaction7502,1,http://www.reactome.org/biopax/96/48895#Catalysis3559
2578,5259|13927,5260|14446,2,2,http://www.reactome.org/biopax/96/48895#BiochemicalReaction4929,1,http://www.reactome.org/biopax/96/48895#Catalysis2095
2580,14162|15294,15516,2,1,http://www.reactome.org/biopax/96/48895#BiochemicalReaction7940,-1,http://www.reactome.org/biopax/96/48895#Control736
2581,3601|3602|16482,3906|13641|16574,3,3,http://www.reactome.org/biopax/96/48895#BiochemicalReaction3407,1,http://www.reactome.org/biopax/96/48895#Catalysis1567
2582,7864|16482|16522,14530|15087,3,2,http://www.reactome.org/biopax/96/48895#BiochemicalReaction7457,1,http://www.reactome.org/biopax/96/48895#Catalysis3514
2583,5621|7114,7112|10745,2,2,http://www.reactome.org/biopax/96/48895#BiochemicalReaction6836,1,http://www.reactome.org/biopax/96/48895#Catalysis2961
2584,4546|8565,4552|8788|13901,2,3,http://www.reactome.org/biopax/96/48895#BiochemicalReaction4300,1,http://www.reactome.org/biopax/96/48895#Catalysis1897
2585,10|14793|16433|16563,14734|15981|16552,4,3,http://www.reactome.org/biopax/96/48895#BiochemicalReaction8080,1,http://www.reactome.org/biopax/96/48895#Catalysis4088
2586,905|14793|16292|16563,16293|16552,4,2,http://www.reactome.org/biopax/96/48895#BiochemicalReaction958,1,http://www.reactome.org/biopax/96/48895#Catalysis413
2587,7506|15029|15378,14793|15050|15388,3,3,http://www.reactome.org/biopax/96/48895#BiochemicalReaction7772,1,http://www.reactome.org/biopax/96/48895#Catalysis3816
2588,350|926|16462,924|16466,3,2,http://www.reactome.org/biopax/96/48895#BiochemicalReaction8739,1,http://www.reactome.org/biopax/96/48895#Catalysis4711
2589,1873|16597,16598,2,1,http://www.reactome.org/biopax/96/48895#BiochemicalReaction2027,1,http://www.reactome.org/biopax/96/48895#Catalysis958
2590,4465|14395|16288,14396|16351,3,2,http://www.reactome.org/biopax/96/48895#BiochemicalReaction4223,1,http://www.reactome.org/biopax/96/48895#Catalysis1861
2591,10815|14793|15278|16563,15279|16552,4,2,http://www.reactome.org/biopax/96/48895#BiochemicalReaction7673,1,http://www.reactome.org/biopax/96/48895#Catalysis3723
2592,7335|14255|15489,15491,3,1,http://www.reactome.org/biopax/96/48895#BiochemicalReaction7877,1,http://www.reactome.org/biopax/96/48895#Catalysis3917
2593,7581|13941|14419,14317|14420|16418,3,3,http://www.reactome.org/biopax/96/48895#BiochemicalReaction7942,1,http://www.reactome.org/biopax/96/48895#Catalysis3972
2594,4434|4671|16462,4662|16466,3,2,http://www.reactome.org/biopax/96/48895#BiochemicalReaction428,1,http://www.reactome.org/biopax/96/48895#Catalysis160
2595,8989|13474|16467,5067,3,1,http://www.reactome.org/biopax/96/48895#BiochemicalReaction4755,1,http://www.reactome.org/biopax/96/48895#Control432
2596,10604|14800|16482,14801|16574,3,2,http://www.reactome.org/biopax/96/48895#BiochemicalReaction7188,1,http://www.reactome.org/biopax/96/48895#Catalysis3256
2597,6296|9558|15142,9562|15274,3,2,http://www.reactome.org/biopax/96/48895#BiochemicalReaction5875,1,http://www.reactome.org/biopax/96/48895#Catalysis2408
2598,3622|3628|13927,3629|14446,3,2,http://www.reactome.org/biopax/96/48895#BiochemicalReaction3435,1,http://www.reactome.org/biopax/96/48895#Catalysis1573
2599,2953|16504,2954|13249|13252,2,3,http://www.reactome.org/biopax/96/48895#BiochemicalReaction2907,1,http://www.reactome.org/biopax/96/48895#Catalysis1385
2600,6477|14020,6488|14028,2,2,http://www.reactome.org/biopax/96/48895#BiochemicalReaction548,1,http://www.reactome.org/biopax/96/48895#Catalysis212
2601,1706|5164|15939,1707|14254,3,2,http://www.reactome.org/biopax/96/48895#BiochemicalReaction4842,1,http://www.reactome.org/biopax/96/48895#Catalysis2058
2602,13483|13485|16482,13484|14126,3,2,http://www.reactome.org/biopax/96/48895#BiochemicalReaction3255,1,http://www.reactome.org/biopax/96/48895#Catalysis1520
2603,7286|16473|16482,14761|16574,3,2,http://www.reactome.org/biopax/96/48895#BiochemicalReaction7142,1,http://www.reactome.org/biopax/96/48895#Catalysis3210
2605,12639|14297|16494,14237|16515,3,2,http://www.reactome.org/biopax/96/48895#BiochemicalReaction1987,1,http://www.reactome.org/biopax/96/48895#Catalysis922
2606,13326|13327|13927,9698|14446,3,2,http://www.reactome.org/biopax/96/48895#BiochemicalReaction6093,1,http://www.reactome.org/biopax/96/48895#Catalysis2501
2607,5421|13927,5422|14446,2,2,http://www.reactome.org/biopax/96/48895#BiochemicalReaction5076,1,http://www.reactome.org/biopax/96/48895#Catalysis2163
2608,12938|14232|16482,15103|16574,3,2,http://www.reactome.org/biopax/96/48895#BiochemicalReaction7545,1,http://www.reactome.org/biopax/96/48895#Catalysis3602
2609,3712|11113|15939,3710|14254,3,2,http://www.reactome.org/biopax/96/48895#BiochemicalReaction8703,1,http://www.reactome.org/biopax/96/48895#Catalysis4697
2610,3687|13779,13656|13780,2,2,http://www.reactome.org/biopax/96/48895#BiochemicalReaction3523,1,http://www.reactome.org/biopax/96/48895#Catalysis1625
2611,12466|13927|16471,14446|16472,3,2,http://www.reactome.org/biopax/96/48895#BiochemicalReaction1748,1,http://www.reactome.org/biopax/96/48895#Catalysis729
2612,2511|13079|16462,13102|16466,3,2,http://www.reactome.org/biopax/96/48895#BiochemicalReaction2606,1,http://www.reactome.org/biopax/96/48895#Catalysis1216
2613,6855|14573,14575,2,1,http://www.reactome.org/biopax/96/48895#BiochemicalReaction6495,1,http://www.reactome.org/biopax/96/48895#Catalysis2697
2614,3005|3020|15939,3013|14254,3,2,http://www.reactome.org/biopax/96/48895#BiochemicalReaction303,1,http://www.reactome.org/biopax/96/48895#Catalysis109
2615,3124|4765,3126,2,1,http://www.reactome.org/biopax/96/48895#BiochemicalReaction3049,1,http://www.reactome.org/biopax/96/48895#Catalysis1451
2616,1617|1633,1634|12394,2,2,http://www.reactome.org/biopax/96/48895#BiochemicalReaction1638,-1,http://www.reactome.org/biopax/96/48895#Control169
2617,1136|10745|11927,11928,3,1,http://www.reactome.org/biopax/96/48895#BiochemicalReaction1135,1,http://www.reactome.org/biopax/96/48895#Catalysis486
2618,12142|12186|13998,12173|14008,3,2,http://www.reactome.org/biopax/96/48895#BiochemicalReaction1417,1,http://www.reactome.org/biopax/96/48895#Catalysis607
2619,10740|14202,15085|16574,2,2,http://www.reactome.org/biopax/96/48895#BiochemicalReaction7518,1,http://www.reactome.org/biopax/96/48895#Catalysis3575
2620,10201|16482|16524,16533|16574,3,2,http://www.reactome.org/biopax/96/48895#BiochemicalReaction356,1,http://www.reactome.org/biopax/96/48895#Catalysis121
2621,10459|10460|16533,7218,3,1,http://www.reactome.org/biopax/96/48895#BiochemicalReaction6970,1,http://www.reactome.org/biopax/96/48895#Control654
2622,4396|8666,8667|13793,2,2,http://www.reactome.org/biopax/96/48895#BiochemicalReaction4147,1,http://www.reactome.org/biopax/96/48895#Catalysis1840
2623,11943|14067,11944,2,1,http://www.reactome.org/biopax/96/48895#BiochemicalReaction1158,1,http://www.reactome.org/biopax/96/48895#Control98
2624,7863|16482|16522,14530|15086,3,2,http://www.reactome.org/biopax/96/48895#BiochemicalReaction7455,1,http://www.reactome.org/biopax/96/48895#Catalysis3512
2625,2299|2303|8157,2302,3,1,http://www.reactome.org/biopax/96/48895#BiochemicalReaction2384,-1,http://www.reactome.org/biopax/96/48895#Control242
2626,1935|14157|16351,14323|16519,3,2,http://www.reactome.org/biopax/96/48895#BiochemicalReaction2108,1,http://www.reactome.org/biopax/96/48895#Catalysis1015
2627,11726|16126,16135,2,1,http://www.reactome.org/biopax/96/48895#BiochemicalReaction941,1,http://www.reactome.org/biopax/96/48895#Catalysis402
2628,10272|11204|13927,11206|14446,3,2,http://www.reactome.org/biopax/96/48895#BiochemicalReaction8829,1,http://www.reactome.org/biopax/96/48895#Catalysis4739
2629,565|15939,15079|16432,2,2,http://www.reactome.org/biopax/96/48895#BiochemicalReaction8919,-1,http://www.reactome.org/biopax/96/48895#Control920
2630,9943|14108|14605,14324|14606,3,2,http://www.reactome.org/biopax/96/48895#BiochemicalReaction6521,1,http://www.reactome.org/biopax/96/48895#Catalysis2721
2631,2355|14161,16406,2,1,http://www.reactome.org/biopax/96/48895#BiochemicalReaction6208,1,http://www.reactome.org/biopax/96/48895#Catalysis2547
2632,12654|14100|14107,14106|14108,3,2,http://www.reactome.org/biopax/96/48895#BiochemicalReaction2012,1,http://www.reactome.org/biopax/96/48895#Catalysis944
2633,6822|12847,7461,2,1,http://www.reactome.org/biopax/96/48895#BiochemicalReaction7613,1,http://www.reactome.org/biopax/96/48895#Catalysis3665
2634,10784|14105|15197,14324|15198|16551,3,3,http://www.reactome.org/biopax/96/48895#BiochemicalReaction7595,1,http://www.reactome.org/biopax/96/48895#Catalysis3649
2635,12292|14087|16522,5926,3,1,http://www.reactome.org/biopax/96/48895#BiochemicalReaction5523,1,http://www.reactome.org/biopax/96/48895#Catalysis2267
2636,4610|13927,4611|14446,2,2,http://www.reactome.org/biopax/96/48895#BiochemicalReaction4365,1,http://www.reactome.org/biopax/96/48895#Catalysis1921
2637,11955|16343|16402,16403|16404,3,2,http://www.reactome.org/biopax/96/48895#BiochemicalReaction1193,1,http://www.reactome.org/biopax/96/48895#Catalysis522
2638,10638|14255|15466,15467,3,1,http://www.reactome.org/biopax/96/48895#BiochemicalReaction7857,1,http://www.reactome.org/biopax/96/48895#Catalysis3897
2639,3543|13596|16462,13594|16466,3,2,http://www.reactome.org/biopax/96/48895#BiochemicalReaction3367,1,http://www.reactome.org/biopax/96/48895#Control294
2640,5805|14793|16342|16563,16336|16552,4,2,http://www.reactome.org/biopax/96/48895#BiochemicalReaction7782,1,http://www.reactome.org/biopax/96/48895#Control720
2641,1706|5959|15939,1707|14254,3,2,http://www.reactome.org/biopax/96/48895#BiochemicalReaction5564,1,http://www.reactome.org/biopax/96/48895#Catalysis2291
2642,1407|12142|13998,12202|14008,3,2,http://www.reactome.org/biopax/96/48895#BiochemicalReaction1433,1,http://www.reactome.org/biopax/96/48895#Catalysis621
2643,10533|10954|16462,13036|16466,3,2,http://www.reactome.org/biopax/96/48895#BiochemicalReaction2522,1,http://www.reactome.org/biopax/96/48895#Catalysis1174
2644,5944|5948|15939,5947|14254,3,2,http://www.reactome.org/biopax/96/48895#BiochemicalReaction5547,1,http://www.reactome.org/biopax/96/48895#Catalysis2285
2645,3093|14279,3094|14078,2,2,http://www.reactome.org/biopax/96/48895#BiochemicalReaction3025,1,http://www.reactome.org/biopax/96/48895#Catalysis1440
2646,13554,12925|13556,1,2,http://www.reactome.org/biopax/96/48895#BiochemicalReaction209,1,http://www.reactome.org/biopax/96/48895#Catalysis58
2647,12273|14255|16406|16563,14162|16431|16552,4,3,http://www.reactome.org/biopax/96/48895#BiochemicalReaction1507,1,http://www.reactome.org/biopax/96/48895#Catalysis644
2648,2805|13215|16462|16504,2806|16422|16466|16514,4,4,http://www.reactome.org/biopax/96/48895#BiochemicalReaction2793,1,http://www.reactome.org/biopax/96/48895#Catalysis1318
2649,668|6775,6776|11601,2,2,http://www.reactome.org/biopax/96/48895#BiochemicalReaction6381,1,http://www.reactome.org/biopax/96/48895#Catalysis2607
2650,513|1020,514|515|11289,2,3,http://www.reactome.org/biopax/96/48895#BiochemicalReaction8861,1,http://www.reactome.org/biopax/96/48895#Control907
2651,3145|3149,3150|16574,2,2,http://www.reactome.org/biopax/96/48895#BiochemicalReaction3066,1,http://www.reactome.org/biopax/96/48895#Catalysis1460
2652,11306|15803|16482,14477|14793|16272,3,3,http://www.reactome.org/biopax/96/48895#BiochemicalReaction8888,1,http://www.reactome.org/biopax/96/48895#Control909
2654,12571|14297|16453,14237|16574,3,2,http://www.reactome.org/biopax/96/48895#BiochemicalReaction1884,1,http://www.reactome.org/biopax/96/48895#Catalysis822
2655,2128,2124|2127|2129|16574,1,4,http://www.reactome.org/biopax/96/48895#BiochemicalReaction2291,1,http://www.reactome.org/biopax/96/48895#Catalysis1085
2656,7325|15439|16482,15441,3,1,http://www.reactome.org/biopax/96/48895#BiochemicalReaction7836,1,http://www.reactome.org/biopax/96/48895#Catalysis3876
2657,11680|11906|16462,11681|16466,3,2,http://www.reactome.org/biopax/96/48895#BiochemicalReaction3838,1,http://www.reactome.org/biopax/96/48895#Catalysis1749
2658,3177|3210|3227,3218,3,1,http://www.reactome.org/biopax/96/48895#BiochemicalReaction313,1,http://www.reactome.org/biopax/96/48895#Control20
2659,2395|12960|15939,2397|12948|14254,3,3,http://www.reactome.org/biopax/96/48895#BiochemicalReaction2429,1,http://www.reactome.org/biopax/96/48895#Catalysis1131
2660,1706|5086|15939,1707|14254,3,2,http://www.reactome.org/biopax/96/48895#BiochemicalReaction4769,1,http://www.reactome.org/biopax/96/48895#Control434
2661,10650|14909|15607|16423,14910|15321|16426,4,3,http://www.reactome.org/biopax/96/48895#BiochemicalReaction7296,1,http://www.reactome.org/biopax/96/48895#Catalysis3355
2662,278|15029|16106,14793|15050|16107,3,3,http://www.reactome.org/biopax/96/48895#BiochemicalReaction8581,1,http://www.reactome.org/biopax/96/48895#Catalysis4578
2663,10829|13927|15320|16482,14446|15322|16574,4,3,http://www.reactome.org/biopax/96/48895#BiochemicalReaction7713,1,http://www.reactome.org/biopax/96/48895#Catalysis3761
2664,4473,1662|8340,1,2,http://www.reactome.org/biopax/96/48895#BiochemicalReaction4235,1,http://www.reactome.org/biopax/96/48895#Catalysis1866
2665,3838|3882|13927,3888|14446,3,2,http://www.reactome.org/biopax/96/48895#BiochemicalReaction365,1,http://www.reactome.org/biopax/96/48895#Catalysis129
2666,3100|9992,3101,2,1,http://www.reactome.org/biopax/96/48895#BiochemicalReaction3030,1,http://www.reactome.org/biopax/96/48895#Catalysis1442
2667,6447|9682|16482,6446|16574,3,2,http://www.reactome.org/biopax/96/48895#BiochemicalReaction6063,1,http://www.reactome.org/biopax/96/48895#Catalysis2493
2668,10887|15029|15263,14793|15050|15294,3,3,http://www.reactome.org/biopax/96/48895#BiochemicalReaction7938,-1,http://www.reactome.org/biopax/96/48895#Control734
2669,316|14793|16257|16563,16258|16552,4,2,http://www.reactome.org/biopax/96/48895#BiochemicalReaction8687,1,http://www.reactome.org/biopax/96/48895#Catalysis4681
2670,4150|10475,4155,2,1,http://www.reactome.org/biopax/96/48895#BiochemicalReaction384,1,http://www.reactome.org/biopax/96/48895#Catalysis137
2671,11752|15594|16234,15568|16235,3,2,http://www.reactome.org/biopax/96/48895#BiochemicalReaction8671,1,http://www.reactome.org/biopax/96/48895#Catalysis4665
2672,5499|11363,10161|11363,2,2,http://www.reactome.org/biopax/96/48895#BiochemicalReaction6677,1,http://www.reactome.org/biopax/96/48895#Catalysis2870
2673,1608|12384,1525|12385,2,2,http://www.reactome.org/biopax/96/48895#BiochemicalReaction1625,-1,http://www.reactome.org/biopax/96/48895#Control159
2674,157|14305|15294,13967|15846,3,2,http://www.reactome.org/biopax/96/48895#BiochemicalReaction8331,1,http://www.reactome.org/biopax/96/48895#Catalysis4332
2675,1706|5018|15939,1707|14254,3,2,http://www.reactome.org/biopax/96/48895#BiochemicalReaction4715,1,http://www.reactome.org/biopax/96/48895#Catalysis2001
2676,4644|5215|11202|11317,5225,4,1,http://www.reactome.org/biopax/96/48895#BiochemicalReaction472,-1,http://www.reactome.org/biopax/96/48895#Control29
2677,4479,4480,1,1,http://www.reactome.org/biopax/96/48895#BiochemicalReaction4241,1,http://www.reactome.org/biopax/96/48895#Catalysis1869
2678,4544|13901,4545|13898,2,2,http://www.reactome.org/biopax/96/48895#BiochemicalReaction4294,1,http://www.reactome.org/biopax/96/48895#Catalysis1892
2679,2978|5499,2979|11363,2,2,http://www.reactome.org/biopax/96/48895#BiochemicalReaction2930,1,http://www.reactome.org/biopax/96/48895#Catalysis1396
2680,2567|16462,2568|16466,2,2,http://www.reactome.org/biopax/96/48895#BiochemicalReaction2561,1,http://www.reactome.org/biopax/96/48895#Catalysis1186
2681,7337|14351|14466|14906,14889|14891|14907,4,3,http://www.reactome.org/biopax/96/48895#BiochemicalReaction7293,1,http://www.reactome.org/biopax/96/48895#Catalysis3352
2682,1570|12005|16482,1571|16574,3,2,http://www.reactome.org/biopax/96/48895#BiochemicalReaction1580,1,http://www.reactome.org/biopax/96/48895#Catalysis677
2683,886|15363|15733,15740|16195,3,2,http://www.reactome.org/biopax/96/48895#BiochemicalReaction8641,1,http://www.reactome.org/biopax/96/48895#Catalysis4635
2684,1905|13927|16322|16482,14446|14793|16569|16574,4,4,http://www.reactome.org/biopax/96/48895#BiochemicalReaction2065,1,http://www.reactome.org/biopax/96/48895#Catalysis981
2685,7530|15029|15441,15050|15442,3,2,http://www.reactome.org/biopax/96/48895#BiochemicalReaction7837,1,http://www.reactome.org/biopax/96/48895#Catalysis3877
2686,10934|13981|14123,15543|16351,3,2,http://www.reactome.org/biopax/96/48895#BiochemicalReaction8013,1,http://www.reactome.org/biopax/96/48895#Catalysis4025
2687,3454|5988,9399,2,1,http://www.reactome.org/biopax/96/48895#BiochemicalReaction5589,1,http://www.reactome.org/biopax/96/48895#Catalysis2302
2688,2783|2785|2786|13207,2787,4,1,http://www.reactome.org/biopax/96/48895#BiochemicalReaction2776,1,http://www.reactome.org/biopax/96/48895#Control264
2689,4344|13927|13979,4345|14446,3,2,http://www.reactome.org/biopax/96/48895#BiochemicalReaction4093,1,http://www.reactome.org/biopax/96/48895#Control384
2690,12158|12159|16328|16329,12156|16331|16332|16420,4,4,http://www.reactome.org/biopax/96/48895#BiochemicalReaction1395,1,http://www.reactome.org/biopax/96/48895#Catalysis585
2691,10662|14965,14966,2,1,http://www.reactome.org/biopax/96/48895#BiochemicalReaction7345,1,http://www.reactome.org/biopax/96/48895#Catalysis3404
2693,249|14183|15995|16387,15996|15997|16386,4,3,http://www.reactome.org/biopax/96/48895#BiochemicalReaction8498,1,http://www.reactome.org/biopax/96/48895#Catalysis4498
2694,9899|14538|14539,14517|14540|14793,3,3,http://www.reactome.org/biopax/96/48895#BiochemicalReaction6466,1,http://www.reactome.org/biopax/96/48895#Catalysis2668
2695,3313|13468|16482,3316|16574,3,2,http://www.reactome.org/biopax/96/48895#BiochemicalReaction3231,1,http://www.reactome.org/biopax/96/48895#Catalysis1511
2696,5942,5943|16574,1,2,http://www.reactome.org/biopax/96/48895#BiochemicalReaction5545,1,http://www.reactome.org/biopax/96/48895#Catalysis2284
2697,9904|16533,14551,2,1,http://www.reactome.org/biopax/96/48895#BiochemicalReaction6475,1,http://www.reactome.org/biopax/96/48895#Catalysis2677
2699,13571|13576|16351,13577|13578,3,2,http://www.reactome.org/biopax/96/48895#BiochemicalReaction3354,1,http://www.reactome.org/biopax/96/48895#Catalysis1546
2700,2442|12986|16482,2443|16574,3,2,http://www.reactome.org/biopax/96/48895#BiochemicalReaction2452,1,http://www.reactome.org/biopax/96/48895#Control250
2701,12538|14087|14147|14297,13928|14019|14237,4,3,http://www.reactome.org/biopax/96/48895#BiochemicalReaction1848,1,http://www.reactome.org/biopax/96/48895#Catalysis787
2702,4318|12325|13927,8640|14446,3,2,http://www.reactome.org/biopax/96/48895#BiochemicalReaction4070,1,http://www.reactome.org/biopax/96/48895#Catalysis1803
2703,7513|15321|15399,15400|15401,3,2,http://www.reactome.org/biopax/96/48895#BiochemicalReaction7795,1,http://www.reactome.org/biopax/96/48895#Catalysis3837
2704,244|15987|15988|16393|16588,14926|15989|15990,5,3,http://www.reactome.org/biopax/96/48895#BiochemicalReaction8488,1,http://www.reactome.org/biopax/96/48895#Catalysis4488
2705,2353|16482,2354|16574,2,2,http://www.reactome.org/biopax/96/48895#BiochemicalReaction2410,1,http://www.reactome.org/biopax/96/48895#Catalysis1119
2706,4406|13927,4407|14446,2,2,http://www.reactome.org/biopax/96/48895#BiochemicalReaction4153,1,http://www.reactome.org/biopax/96/48895#Catalysis1843
2707,8238|13551,13554|13555,2,2,http://www.reactome.org/biopax/96/48895#BiochemicalReaction208,1,http://www.reactome.org/biopax/96/48895#Catalysis57
2708,8599|11878|13927,8601|14446,3,2,http://www.reactome.org/biopax/96/48895#BiochemicalReaction3973,1,http://www.reactome.org/biopax/96/48895#Catalysis1776
2709,9911|14604|14612,7798,3,1,http://www.reactome.org/biopax/96/48895#BiochemicalReaction6530,1,http://www.reactome.org/biopax/96/48895#Catalysis2730
2710,4681|13927,4682|14446,2,2,http://www.reactome.org/biopax/96/48895#BiochemicalReaction4428,1,http://www.reactome.org/biopax/96/48895#Catalysis1935
2711,1190,1193|16574,1,2,http://www.reactome.org/biopax/96/48895#BiochemicalReaction1200,1,http://www.reactome.org/biopax/96/48895#Catalysis525
2712,2756|10745,2757,2,1,http://www.reactome.org/biopax/96/48895#BiochemicalReaction2745,1,http://www.reactome.org/biopax/96/48895#Catalysis1293
2713,2226|2383|15939,2384|12948|14254,3,3,http://www.reactome.org/biopax/96/48895#BiochemicalReaction2423,1,http://www.reactome.org/biopax/96/48895#Catalysis1125
2714,6614|9767,6604|6615|10745|13766,2,4,http://www.reactome.org/biopax/96/48895#BiochemicalReaction6265,-1,http://www.reactome.org/biopax/96/48895#Control592
2715,7670|15069|15566,15079|15569,3,2,http://www.reactome.org/biopax/96/48895#BiochemicalReaction8040,1,http://www.reactome.org/biopax/96/48895#Catalysis4048
2716,21|15649|16482,14793|15079|15650,3,3,http://www.reactome.org/biopax/96/48895#BiochemicalReaction8111,1,http://www.reactome.org/biopax/96/48895#Catalysis4119
2717,5621|6056,6054|10745,2,2,http://www.reactome.org/biopax/96/48895#BiochemicalReaction5653,1,http://www.reactome.org/biopax/96/48895#Catalysis2320
2719,6341|7748,7749,2,1,http://www.reactome.org/biopax/96/48895#BiochemicalReaction5919,-1,http://www.reactome.org/biopax/96/48895#Control554
2721,7344|14933|15568,14484|14924,3,2,http://www.reactome.org/biopax/96/48895#BiochemicalReaction7318,1,http://www.reactome.org/biopax/96/48895#Catalysis3377
2722,7918|14371|14873|15343|15607,14874|15321|16101,5,3,http://www.reactome.org/biopax/96/48895#BiochemicalReaction8577,1,http://www.reactome.org/biopax/96/48895#Catalysis4574
2723,176|14419|15877|16343,13970|14420|16347|16588,4,4,http://www.reactome.org/biopax/96/48895#BiochemicalReaction8370,1,http://www.reactome.org/biopax/96/48895#Catalysis4371
2724,9383|11740,10344,2,1,http://www.reactome.org/biopax/96/48895#BiochemicalReaction6856,1,http://www.reactome.org/biopax/96/48895#Catalysis2973
2725,10473|13927|14674,14446|14675|14793,3,3,http://www.reactome.org/biopax/96/48895#BiochemicalReaction7005,1,http://www.reactome.org/biopax/96/48895#Catalysis3084
2726,10416|10957|16462,10960|16466,3,2,http://www.reactome.org/biopax/96/48895#BiochemicalReaction431,1,http://www.reactome.org/biopax/96/48895#Catalysis163
2727,4810|8915,4812,2,1,http://www.reactome.org/biopax/96/48895#BiochemicalReaction4532,-1,http://www.reactome.org/biopax/96/48895#Control416
2728,492|11145,495,2,1,http://www.reactome.org/biopax/96/48895#BiochemicalReaction8850,1,http://www.reactome.org/biopax/96/48895#Control863
2729,7413|13927|15151,14446|15149,3,2,http://www.reactome.org/biopax/96/48895#BiochemicalReaction7563,1,http://www.reactome.org/biopax/96/48895#Catalysis3618
2730,9958|9966|16287,9963|16284,3,2,http://www.reactome.org/biopax/96/48895#BiochemicalReaction6534,1,http://www.reactome.org/biopax/96/48895#Catalysis2733
2731,2636|13131|16504,13132|16514,3,2,http://www.reactome.org/biopax/96/48895#BiochemicalReaction2635,1,http://www.reactome.org/biopax/96/48895#Catalysis1232
2732,2389|13907,2396|2404,2,2,http://www.reactome.org/biopax/96/48895#BiochemicalReaction251,1,http://www.reactome.org/biopax/96/48895#Catalysis99
2733,211|14414|14510,13969|15925,3,2,http://www.reactome.org/biopax/96/48895#BiochemicalReaction8425,1,http://www.reactome.org/biopax/96/48895#Catalysis4426
2734,7855|16482|16523,14530|15108,3,2,http://www.reactome.org/biopax/96/48895#BiochemicalReaction7488,1,http://www.reactome.org/biopax/96/48895#Catalysis3545
2735,5612|5621,10745,2,1,http://www.reactome.org/biopax/96/48895#BiochemicalReaction509,1,http://www.reactome.org/biopax/96/48895#Catalysis198
2736,1613|12363|16465,1658,3,1,http://www.reactome.org/biopax/96/48895#BiochemicalReaction1664,1,http://www.reactome.org/biopax/96/48895#Control177
2737,1868|16482,16351,2,1,http://www.reactome.org/biopax/96/48895#BiochemicalReaction2037,1,http://www.reactome.org/biopax/96/48895#Catalysis966
2738,6146|13927|16482,6144|9488|12533|14446|14467,3,5,http://www.reactome.org/biopax/96/48895#BiochemicalReaction5743,1,http://www.reactome.org/biopax/96/48895#Catalysis2361
2739,10271|12968|13927,12969|14446,3,2,http://www.reactome.org/biopax/96/48895#BiochemicalReaction2435,1,http://www.reactome.org/biopax/96/48895#Catalysis1137
2740,8245|10203|16482,8245|12762,3,2,http://www.reactome.org/biopax/96/48895#BiochemicalReaction6740,1,http://www.reactome.org/biopax/96/48895#Catalysis2919
2742,9631|10696|16504,9632|9992,3,2,http://www.reactome.org/biopax/96/48895#BiochemicalReaction5997,1,http://www.reactome.org/biopax/96/48895#Catalysis2466
2743,2908|9992,2899|2906|2909,2,3,http://www.reactome.org/biopax/96/48895#BiochemicalReaction2879,1,http://www.reactome.org/biopax/96/48895#Catalysis1370
2744,13016|13023|16462,13022|16466,3,2,http://www.reactome.org/biopax/96/48895#BiochemicalReaction2503,1,http://www.reactome.org/biopax/96/48895#Catalysis1163
2745,9928|14120|14581,14254|14582,3,2,http://www.reactome.org/biopax/96/48895#BiochemicalReaction6503,1,http://www.reactome.org/biopax/96/48895#Catalysis2705
2746,4019|4240|13927,4018|8518|14446,3,3,http://www.reactome.org/biopax/96/48895#BiochemicalReaction3995,1,http://www.reactome.org/biopax/96/48895#Catalysis1778
2747,7480|14532|15241,15079|15242,3,2,http://www.reactome.org/biopax/96/48895#BiochemicalReaction7646,1,http://www.reactome.org/biopax/96/48895#Catalysis3697
2748,3079|8674,10116|11363,2,2,http://www.reactome.org/biopax/96/48895#BiochemicalReaction6635,1,http://www.reactome.org/biopax/96/48895#Catalysis2829
2749,8053|12163|16328|16329,12160|16331|16332|16420,4,4,http://www.reactome.org/biopax/96/48895#BiochemicalReaction1397,1,http://www.reactome.org/biopax/96/48895#Catalysis587
2750,10476|14681,14652|14682,2,2,http://www.reactome.org/biopax/96/48895#BiochemicalReaction7018,1,http://www.reactome.org/biopax/96/48895#Catalysis3097
2751,6883|8717|10035,10034|11363,3,2,http://www.reactome.org/biopax/96/48895#BiochemicalReaction6576,1,http://www.reactome.org/biopax/96/48895#Catalysis2770
2752,5621|14345,14326|14327,2,2,http://www.reactome.org/biopax/96/48895#BiochemicalReaction3730,1,http://www.reactome.org/biopax/96/48895#Catalysis1715
2753,11534|13594|16462,13595|16466,3,2,http://www.reactome.org/biopax/96/48895#BiochemicalReaction3366,1,http://www.reactome.org/biopax/96/48895#Catalysis1549
2754,5305|13927|16299,13979|14446,3,2,http://www.reactome.org/biopax/96/48895#BiochemicalReaction4966,1,http://www.reactome.org/biopax/96/48895#Catalysis2113
2755,12353|13927|16308,14446|16451,3,2,http://www.reactome.org/biopax/96/48895#BiochemicalReaction1603,1,http://www.reactome.org/biopax/96/48895#Catalysis687
2756,5931,5932|16574,1,2,http://www.reactome.org/biopax/96/48895#BiochemicalReaction5532,1,http://www.reactome.org/biopax/96/48895#Catalysis2274
2757,10965|14678,15714,2,1,http://www.reactome.org/biopax/96/48895#BiochemicalReaction8158,1,http://www.reactome.org/biopax/96/48895#Catalysis4166
2758,7413|13927|15085,14446|15131,3,2,http://www.reactome.org/biopax/96/48895#BiochemicalReaction7519,1,http://www.reactome.org/biopax/96/48895#Catalysis3576
2759,13984|15908|16324,14309|15909|16482,3,3,http://www.reactome.org/biopax/96/48895#BiochemicalReaction8412,-1,http://www.reactome.org/biopax/96/48895#Control819
2760,261|14793|16563|16612,16397|16552|16611,4,3,http://www.reactome.org/biopax/96/48895#BiochemicalReaction8523,1,http://www.reactome.org/biopax/96/48895#Catalysis4522
2761,3596|12512,13667|13668,2,2,http://www.reactome.org/biopax/96/48895#BiochemicalReaction3443,1,http://www.reactome.org/biopax/96/48895#Catalysis1575
2762,6979|16504,6980|7939,2,2,http://www.reactome.org/biopax/96/48895#BiochemicalReaction6720,1,http://www.reactome.org/biopax/96/48895#Catalysis2903
2763,1635|2894,1636|16460,2,2,http://www.reactome.org/biopax/96/48895#BiochemicalReaction1641,1,http://www.reactome.org/biopax/96/48895#Catalysis704
2764,10686|10708|16522,7394,3,1,http://www.reactome.org/biopax/96/48895#BiochemicalReaction7440,1,http://www.reactome.org/biopax/96/48895#Catalysis3497
2765,11052|14646|15551|16348,15962|16345|16475,4,3,http://www.reactome.org/biopax/96/48895#BiochemicalReaction8467,1,http://www.reactome.org/biopax/96/48895#Catalysis4468
2766,326|15079|16482,16574,3,1,http://www.reactome.org/biopax/96/48895#BiochemicalReaction8701,1,http://www.reactome.org/biopax/96/48895#Catalysis4695
2768,10987|15742,14037|15743,2,2,http://www.reactome.org/biopax/96/48895#BiochemicalReaction8210,1,http://www.reactome.org/biopax/96/48895#Catalysis4217
2769,7544|14140,14087,2,1,http://www.reactome.org/biopax/96/48895#BiochemicalReaction8926,1,http://www.reactome.org/biopax/96/48895#Catalysis4785
2770,899|14082|15616,15618|16574,3,2,http://www.reactome.org/biopax/96/48895#BiochemicalReaction8078,1,http://www.reactome.org/biopax/96/48895#Catalysis4086
2771,7645|10309|15528|15529|16588,10302|15528|15529|16591,5,4,http://www.reactome.org/biopax/96/48895#BiochemicalReaction7997,1,http://www.reactome.org/biopax/96/48895#Catalysis4012
2772,3454|9777,9780|9781,2,2,http://www.reactome.org/biopax/96/48895#BiochemicalReaction6319,1,http://www.reactome.org/biopax/96/48895#Catalysis2590
2773,7403|14539|15047,15079|15102,3,2,http://www.reactome.org/biopax/96/48895#BiochemicalReaction7478,1,http://www.reactome.org/biopax/96/48895#Catalysis3535
2774,11079|15531|15810|16343,15575|16047,4,2,http://www.reactome.org/biopax/96/48895#BiochemicalReaction8539,1,http://www.reactome.org/biopax/96/48895#Catalysis4538
2775,6727|13927,6727|14446|16574,2,3,http://www.reactome.org/biopax/96/48895#BiochemicalReaction6358,1,http://www.reactome.org/biopax/96/48895#Control599
2776,7667|14793|15564,15565|16482,3,2,http://www.reactome.org/biopax/96/48895#BiochemicalReaction8037,1,http://www.reactome.org/biopax/96/48895#Catalysis4046
2777,11637|14147|14211|14297|14323,13928|14237|14309|14793,5,4,http://www.reactome.org/biopax/96/48895#BiochemicalReaction753,1,http://www.reactome.org/biopax/96/48895#Catalysis271
2778,3596|13779,13788|13789,2,2,http://www.reactome.org/biopax/96/48895#BiochemicalReaction3531,1,http://www.reactome.org/biopax/96/48895#Catalysis1627
2779,12585|16604,16605,2,1,http://www.reactome.org/biopax/96/48895#BiochemicalReaction1901,1,http://www.reactome.org/biopax/96/48895#Catalysis839
2780,13820|16299|16482,16454|16457,3,2,http://www.reactome.org/biopax/96/48895#BiochemicalReaction3578,1,http://www.reactome.org/biopax/96/48895#Catalysis1646
2783,10635|14842,14847,2,1,http://www.reactome.org/biopax/96/48895#BiochemicalReaction7239,1,http://www.reactome.org/biopax/96/48895#Catalysis3299
2784,10959|15642|16482,14793|15641|16574,3,3,http://www.reactome.org/biopax/96/48895#BiochemicalReaction8107,1,http://www.reactome.org/biopax/96/48895#Catalysis4115
2786,897|13927|16156,14446|16164,3,2,http://www.reactome.org/biopax/96/48895#BiochemicalReaction944,1,http://www.reactome.org/biopax/96/48895#Catalysis405
2787,3905|9753|16482,6594|16574,3,2,http://www.reactome.org/biopax/96/48895#BiochemicalReaction6225,1,http://www.reactome.org/biopax/96/48895#Catalysis2557
2788,2184|13927,12833|12834|12835|12836|12837|12838|16574,2,7,http://www.reactome.org/biopax/96/48895#BiochemicalReaction2314,1,http://www.reactome.org/biopax/96/48895#Catalysis1093
2789,5641|5642,8878|9111|9112,2,3,http://www.reactome.org/biopax/96/48895#BiochemicalReaction5265,1,http://www.reactome.org/biopax/96/48895#Catalysis2236
2790,11309|16275,16276,2,1,http://www.reactome.org/biopax/96/48895#BiochemicalReaction8897,1,http://www.reactome.org/biopax/96/48895#Catalysis4772
2791,11759|14357,11102|14362,2,2,http://www.reactome.org/biopax/96/48895#BiochemicalReaction8646,1,http://www.reactome.org/biopax/96/48895#Catalysis4640
2792,5398|5402|13927,3543|14446,3,2,http://www.reactome.org/biopax/96/48895#BiochemicalReaction5057,-1,http://www.reactome.org/biopax/96/48895#Control461
2794,5219|13927,5220|14446,2,2,http://www.reactome.org/biopax/96/48895#BiochemicalReaction4900,1,http://www.reactome.org/biopax/96/48895#Catalysis2082
2795,311|15321|16220,16221|16222,3,2,http://www.reactome.org/biopax/96/48895#BiochemicalReaction8665,1,http://www.reactome.org/biopax/96/48895#Catalysis4659
2797,1173|14635|16580,14855|16482,3,2,http://www.reactome.org/biopax/96/48895#BiochemicalReaction1183,1,http://www.reactome.org/biopax/96/48895#Catalysis513
2798,831|14147,13928,2,1,http://www.reactome.org/biopax/96/48895#BiochemicalReaction852,1,http://www.reactome.org/biopax/96/48895#Catalysis344
2799,2391|12955|15939,2392|12948|14254,3,3,http://www.reactome.org/biopax/96/48895#BiochemicalReaction2426,1,http://www.reactome.org/biopax/96/48895#Catalysis1128
2801,5499|10131,10132|11363,2,2,http://www.reactome.org/biopax/96/48895#BiochemicalReaction6645,1,http://www.reactome.org/biopax/96/48895#Catalysis2840
2802,3684,3685|11038|11376,1,3,http://www.reactome.org/biopax/96/48895#BiochemicalReaction3520,1,http://www.reactome.org/biopax/96/48895#Catalysis1623
2803,7000|16482,7001|8245,2,2,http://www.reactome.org/biopax/96/48895#BiochemicalReaction6731,1,http://www.reactome.org/biopax/96/48895#Catalysis2912
2804,8071|8317,8297,2,1,http://www.reactome.org/biopax/96/48895#BiochemicalReaction227,1,http://www.reactome.org/biopax/96/48895#Catalysis75
2805,7239|14676|14679,14652|16533,3,2,http://www.reactome.org/biopax/96/48895#BiochemicalReaction7014,1,http://www.reactome.org/biopax/96/48895#Catalysis3093
2806,7335|14255|15426|16482,15427,4,1,http://www.reactome.org/biopax/96/48895#BiochemicalReaction7826,1,http://www.reactome.org/biopax/96/48895#Catalysis3866
2807,10596|14772|16422|16462,14773|16466,4,2,http://www.reactome.org/biopax/96/48895#BiochemicalReaction7156,1,http://www.reactome.org/biopax/96/48895#Catalysis3224
2808,10595|14765|16462,14767|16422|16466,3,3,http://www.reactome.org/biopax/96/48895#BiochemicalReaction7151,1,http://www.reactome.org/biopax/96/48895#Catalysis3219
2809,267|16033|16482,14734|16034,3,2,http://www.reactome.org/biopax/96/48895#BiochemicalReaction8531,1,http://www.reactome.org/biopax/96/48895#Catalysis4530
2811,12536|14237|16551,14793|16553,3,2,http://www.reactome.org/biopax/96/48895#BiochemicalReaction1846,1,http://www.reactome.org/biopax/96/48895#Catalysis785
2812,7492|14195|14255|14793|16563,15281|16482|16552,5,3,http://www.reactome.org/biopax/96/48895#BiochemicalReaction7683,-1,http://www.reactome.org/biopax/96/48895#Control711
2813,1050|16462,1051|10416|16466,2,3,http://www.reactome.org/biopax/96/48895#BiochemicalReaction1080,1,http://www.reactome.org/biopax/96/48895#Catalysis472
2814,5485|13927|16299,13979|14446,3,2,http://www.reactome.org/biopax/96/48895#BiochemicalReaction5134,1,http://www.reactome.org/biopax/96/48895#Catalysis2188
2815,1108|16504,992|1109|11843|11846|16466|16514,2,6,http://www.reactome.org/biopax/96/48895#BiochemicalReaction1117,1,http://www.reactome.org/biopax/96/48895#Catalysis482
2816,7440|14105|15183,14324|15184|16551,3,3,http://www.reactome.org/biopax/96/48895#BiochemicalReaction7588,1,http://www.reactome.org/biopax/96/48895#Catalysis3642
2817,2093|2094,2095,2,1,http://www.reactome.org/biopax/96/48895#BiochemicalReaction2266,1,http://www.reactome.org/biopax/96/48895#Catalysis1077
2818,6500|16328|16329,6501|16331|16332|16420,3,4,http://www.reactome.org/biopax/96/48895#BiochemicalReaction6107,1,http://www.reactome.org/biopax/96/48895#Catalysis2506
2819,13055|13127|16482,13052|16574,3,2,http://www.reactome.org/biopax/96/48895#BiochemicalReaction2696,1,http://www.reactome.org/biopax/96/48895#Catalysis1270
2820,47|14635|16213,14855|16214|16482,3,3,http://www.reactome.org/biopax/96/48895#BiochemicalReaction8656,1,http://www.reactome.org/biopax/96/48895#Catalysis4650
2821,6843|14542,14544,2,1,http://www.reactome.org/biopax/96/48895#BiochemicalReaction6468,1,http://www.reactome.org/biopax/96/48895#Catalysis2670
2822,10751|13927|15136,14446|15137,3,2,http://www.reactome.org/biopax/96/48895#BiochemicalReaction7540,1,http://www.reactome.org/biopax/96/48895#Catalysis3597
2823,12548|16564|16565,14793|16566,3,2,http://www.reactome.org/biopax/96/48895#BiochemicalReaction1860,1,http://www.reactome.org/biopax/96/48895#Catalysis799
2824,10938|14418|15545,14417|15530,3,2,http://www.reactome.org/biopax/96/48895#BiochemicalReaction8016,1,http://www.reactome.org/biopax/96/48895#Catalysis4028
2825,875|15029|15089|16482,14793|15050|15107,4,3,http://www.reactome.org/biopax/96/48895#BiochemicalReaction891,1,http://www.reactome.org/biopax/96/48895#Catalysis354
2826,5174|13927|16299,13979|14446,3,2,http://www.reactome.org/biopax/96/48895#BiochemicalReaction4855,1,http://www.reactome.org/biopax/96/48895#Catalysis2063
2827,6983|16482,6984|7803,2,2,http://www.reactome.org/biopax/96/48895#BiochemicalReaction6722,1,http://www.reactome.org/biopax/96/48895#Catalysis2905
2828,7564|14255|16563,14793|16377|16552,3,3,http://www.reactome.org/biopax/96/48895#BiochemicalReaction7926,1,http://www.reactome.org/biopax/96/48895#Catalysis3958
2829,2409|12734,11915,2,1,http://www.reactome.org/biopax/96/48895#BiochemicalReaction2154,-1,http://www.reactome.org/biopax/96/48895#Control221
2830,4463|14388|14393|16564,14390|14394,4,2,http://www.reactome.org/biopax/96/48895#BiochemicalReaction4220,1,http://www.reactome.org/biopax/96/48895#Catalysis1859
2831,10953|15551|15619,15620|16475|16588,3,3,http://www.reactome.org/biopax/96/48895#BiochemicalReaction8081,1,http://www.reactome.org/biopax/96/48895#Catalysis4089
2832,11638|14147|14211|14297|14323,13928|14237|14309|14793,5,4,http://www.reactome.org/biopax/96/48895#BiochemicalReaction753,-1,http://www.reactome.org/biopax/96/48895#Control59
2833,440|441|16504,444|16421,3,2,http://www.reactome.org/biopax/96/48895#BiochemicalReaction8811,1,http://www.reactome.org/biopax/96/48895#Catalysis4733
2834,3309|3310,3311|16574,2,2,http://www.reactome.org/biopax/96/48895#BiochemicalReaction3188,1,http://www.reactome.org/biopax/96/48895#Catalysis1493
2835,10743|13979|16482,16363|16574,3,2,http://www.reactome.org/biopax/96/48895#BiochemicalReaction7528,1,http://www.reactome.org/biopax/96/48895#Catalysis3585
2836,3175|3843,3182|14087,2,2,http://www.reactome.org/biopax/96/48895#BiochemicalReaction3678,1,http://www.reactome.org/biopax/96/48895#Catalysis1696
2837,2659|13927,13116|13149|14446,2,3,http://www.reactome.org/biopax/96/48895#BiochemicalReaction2662,1,http://www.reactome.org/biopax/96/48895#Catalysis1245
2838,3906|3976|10270,3966,3,1,http://www.reactome.org/biopax/96/48895#BiochemicalReaction370,-1,http://www.reactome.org/biopax/96/48895#Control24
2839,10226|14684|15591,10229|15592|16482,3,3,http://www.reactome.org/biopax/96/48895#BiochemicalReaction8061,-1,http://www.reactome.org/biopax/96/48895#Control790
2840,10586|14115|14737,14607|14738,3,2,http://www.reactome.org/biopax/96/48895#BiochemicalReaction7117,1,http://www.reactome.org/biopax/96/48895#Catalysis3185
2841,5953,5954|16574,1,2,http://www.reactome.org/biopax/96/48895#BiochemicalReaction5556,1,http://www.reactome.org/biopax/96/48895#Catalysis2287
2842,6300|9566|16482,9567|14490,3,2,http://www.reactome.org/biopax/96/48895#BiochemicalReaction5878,-1,http://www.reactome.org/biopax/96/48895#Control542
2843,10637|14842,14849|14850,2,2,http://www.reactome.org/biopax/96/48895#BiochemicalReaction7241,1,http://www.reactome.org/biopax/96/48895#Catalysis3301
2845,2633|13127|13927,2635|13129|14446,3,3,http://www.reactome.org/biopax/96/48895#BiochemicalReaction2632,1,http://www.reactome.org/biopax/96/48895#Catalysis1231
2846,10797|14348|16482,14407|15082,3,2,http://www.reactome.org/biopax/96/48895#BiochemicalReaction7627,1,http://www.reactome.org/biopax/96/48895#Catalysis3679
2847,497|11252,498,2,1,http://www.reactome.org/biopax/96/48895#BiochemicalReaction8851,1,http://www.reactome.org/biopax/96/48895#Control883
2848,9866|13927|14513,14446|14514,3,2,http://www.reactome.org/biopax/96/48895#BiochemicalReaction6438,1,http://www.reactome.org/biopax/96/48895#Catalysis2640
2849,2299|2321|2334|2336|12926|12927,2335,6,1,http://www.reactome.org/biopax/96/48895#BiochemicalReaction2400,1,http://www.reactome.org/biopax/96/48895#Control244
2850,9473|12007|13927,12006|14446,3,2,http://www.reactome.org/biopax/96/48895#BiochemicalReaction5722,1,http://www.reactome.org/biopax/96/48895#Control514
2851,502|506,505,2,1,http://www.reactome.org/biopax/96/48895#BiochemicalReaction8854,1,http://www.reactome.org/biopax/96/48895#Control898
2852,880|9661|15939,1331|14254,3,2,http://www.reactome.org/biopax/96/48895#BiochemicalReaction6029,1,http://www.reactome.org/biopax/96/48895#Catalysis2482
2853,7735|10660,10206,2,1,http://www.reactome.org/biopax/96/48895#BiochemicalReaction6743,1,http://www.reactome.org/biopax/96/48895#Catalysis2920
2854,1493|13927,1494|14446,2,2,http://www.reactome.org/biopax/96/48895#BiochemicalReaction1519,1,http://www.reactome.org/biopax/96/48895#Catalysis653
2855,705|712|11623|11624|11625|11627|11628,713,7,1,http://www.reactome.org/biopax/96/48895#BiochemicalReaction751,1,http://www.reactome.org/biopax/96/48895#Control57
2856,1238|3760|13927,3761|14446,3,2,http://www.reactome.org/biopax/96/48895#BiochemicalReaction3600,1,http://www.reactome.org/biopax/96/48895#Catalysis1656
2858,11066|15991|15993,14793|15919|16585,3,3,http://www.reactome.org/biopax/96/48895#BiochemicalReaction8495,1,http://www.reactome.org/biopax/96/48895#Catalysis4495
2859,705|716|11623|11624|11627|11628|11634,717,7,1,http://www.reactome.org/biopax/96/48895#BiochemicalReaction755,1,http://www.reactome.org/biopax/96/48895#Catalysis272
2860,768|15607|15844,784|15940|16040,3,3,http://www.reactome.org/biopax/96/48895#BiochemicalReaction100,1,http://www.reactome.org/biopax/96/48895#Catalysis32
2861,497|11245,498,2,1,http://www.reactome.org/biopax/96/48895#BiochemicalReaction8851,1,http://www.reactome.org/biopax/96/48895#Control872
2862,5272|13927|16299,13979|14446,3,2,http://www.reactome.org/biopax/96/48895#BiochemicalReaction4939,1,http://www.reactome.org/biopax/96/48895#Catalysis2098
2863,14419|15527|16475,14317|14417|14420,3,3,http://www.reactome.org/biopax/96/48895#BiochemicalReaction7961,1,http://www.reactome.org/biopax/96/48895#Control747
2864,14214|15702|16504,15704|15705|16422,3,3,http://www.reactome.org/biopax/96/48895#BiochemicalReaction8149,1,http://www.reactome.org/biopax/96/48895#Control799
2865,11918|14323|15766,14793|15767,3,2,http://www.reactome.org/biopax/96/48895#BiochemicalReaction8237,1,http://www.reactome.org/biopax/96/48895#Catalysis4243
2866,6746|6747|15939,6748|6749,3,2,http://www.reactome.org/biopax/96/48895#BiochemicalReaction6368,1,http://www.reactome.org/biopax/96/48895#Catalysis2604
2867,7175|15551|16343,7173|16345|16475,3,3,http://www.reactome.org/biopax/96/48895#BiochemicalReaction6930,1,http://www.reactome.org/biopax/96/48895#Catalysis3014
2868,4585|9556|14399,9557|15079,3,2,http://www.reactome.org/biopax/96/48895#BiochemicalReaction5871,1,http://www.reactome.org/biopax/96/48895#Catalysis2405
2869,10449|14644|14793|16563,14645|16552,4,2,http://www.reactome.org/biopax/96/48895#BiochemicalReaction6955,1,http://www.reactome.org/biopax/96/48895#Catalysis3036
2870,6202|15551|16418,6203|16475|16588,3,3,http://www.reactome.org/biopax/96/48895#BiochemicalReaction5802,-1,http://www.reactome.org/biopax/96/48895#Control528
2871,10483|13927|14793|16572,14689|15079,4,2,http://www.reactome.org/biopax/96/48895#BiochemicalReaction7036,1,http://www.reactome.org/biopax/96/48895#Catalysis3114
2872,2301|8093,8096,2,1,http://www.reactome.org/biopax/96/48895#BiochemicalReaction1682,1,http://www.reactome.org/biopax/96/48895#Catalysis715
2873,11837|11849|13927,11848|14446,3,2,http://www.reactome.org/biopax/96/48895#BiochemicalReaction1042,1,http://www.reactome.org/biopax/96/48895#Catalysis452
2874,4357|7470|7489|7500|14088|14090|14098|16462,7507,8,1,http://www.reactome.org/biopax/96/48895#BiochemicalReaction631,1,http://www.reactome.org/biopax/96/48895#Control43
2875,5487|5491,5489,2,1,http://www.reactome.org/biopax/96/48895#BiochemicalReaction5136,-1,http://www.reactome.org/biopax/96/48895#Control464
2876,7253|14430|14695,14688|14697,3,2,http://www.reactome.org/biopax/96/48895#BiochemicalReaction7051,1,http://www.reactome.org/biopax/96/48895#Catalysis3127
2877,1613|12382,1607|12383,2,2,http://www.reactome.org/biopax/96/48895#BiochemicalReaction1630,1,http://www.reactome.org/biopax/96/48895#Catalysis699
2878,1775|14246|16482,16477|16479,3,2,http://www.reactome.org/biopax/96/48895#BiochemicalReaction2487,1,http://www.reactome.org/biopax/96/48895#Catalysis1153
2879,29|14084|14793|16563,15679|16552,4,2,http://www.reactome.org/biopax/96/48895#BiochemicalReaction8134,1,http://www.reactome.org/biopax/96/48895#Catalysis4142
2880,2206|13927,2154|12825|12840|12841|12843|12844|14446,2,7,http://www.reactome.org/biopax/96/48895#BiochemicalReaction2323,1,http://www.reactome.org/biopax/96/48895#Catalysis1095
2881,59|2027,60,2,1,http://www.reactome.org/biopax/96/48895#BiochemicalReaction8184,1,http://www.reactome.org/biopax/96/48895#Catalysis4192
2882,9947|14108|14604,7795,3,1,http://www.reactome.org/biopax/96/48895#BiochemicalReaction6526,1,http://www.reactome.org/biopax/96/48895#Catalysis2726
2883,6329|6331|13927,6332|14446,3,2,http://www.reactome.org/biopax/96/48895#BiochemicalReaction5912,-1,http://www.reactome.org/biopax/96/48895#Control551
2884,1210|11982|16409,11983,3,1,http://www.reactome.org/biopax/96/48895#BiochemicalReaction1222,-1,http://www.reactome.org/biopax/96/48895#Control107
2885,7862|16482|16522,14530|15086,3,2,http://www.reactome.org/biopax/96/48895#BiochemicalReaction7454,1,http://www.reactome.org/biopax/96/48895#Catalysis3511
2886,3774|12447|13837|13927,3775|14446,4,2,http://www.reactome.org/biopax/96/48895#BiochemicalReaction3608,1,http://www.reactome.org/biopax/96/48895#Catalysis1661
2887,7449|7820|14430,7450|14693,3,2,http://www.reactome.org/biopax/96/48895#BiochemicalReaction7604,1,http://www.reactome.org/biopax/96/48895#Catalysis3656
2888,2511|13094|16462,13095|16466,3,2,http://www.reactome.org/biopax/96/48895#BiochemicalReaction2602,1,http://www.reactome.org/biopax/96/48895#Catalysis1212
2889,2942|14279,2943|14078,2,2,http://www.reactome.org/biopax/96/48895#BiochemicalReaction2900,1,http://www.reactome.org/biopax/96/48895#Catalysis1381
2890,11753|15594|15854,15568|15858|16588,3,3,http://www.reactome.org/biopax/96/48895#BiochemicalReaction8345,1,http://www.reactome.org/biopax/96/48895#Catalysis4346
2891,7475|14793|15237|16563,14362|15238|16552,4,3,http://www.reactome.org/biopax/96/48895#BiochemicalReaction7640,1,http://www.reactome.org/biopax/96/48895#Catalysis3692
2892,11588|15345,15309,2,1,http://www.reactome.org/biopax/96/48895#BiochemicalReaction7732,1,http://www.reactome.org/biopax/96/48895#Catalysis3780
2893,433|1020,434,2,1,http://www.reactome.org/biopax/96/48895#BiochemicalReaction8795,1,http://www.reactome.org/biopax/96/48895#Control858
2894,18|15673|16482,15674|16574,3,2,http://www.reactome.org/biopax/96/48895#BiochemicalReaction8127,1,http://www.reactome.org/biopax/96/48895#Catalysis4135
2895,3438|13927,3439|14446,2,2,http://www.reactome.org/biopax/96/48895#BiochemicalReaction3272,1,http://www.reactome.org/biopax/96/48895#Catalysis1526
2896,7866|15095|16482,14530|15097,3,2,http://www.reactome.org/biopax/96/48895#BiochemicalReaction7470,1,http://www.reactome.org/biopax/96/48895#Catalysis3527
2897,1078,1079|16574,1,2,http://www.reactome.org/biopax/96/48895#BiochemicalReaction1097,1,http://www.reactome.org/biopax/96/48895#Catalysis481
2898,5404|13927|16299,13979|14446,3,2,http://www.reactome.org/biopax/96/48895#BiochemicalReaction5059,1,http://www.reactome.org/biopax/96/48895#Catalysis2155
2899,5149|10745,5150,2,1,http://www.reactome.org/biopax/96/48895#BiochemicalReaction4830,1,http://www.reactome.org/biopax/96/48895#Catalysis2052
2900,262|14793|16563|16612,16397|16552|16611,4,3,http://www.reactome.org/biopax/96/48895#BiochemicalReaction8524,1,http://www.reactome.org/biopax/96/48895#Catalysis4523
2903,6857|14107|14579,14580|15723,3,2,http://www.reactome.org/biopax/96/48895#BiochemicalReaction6501,1,http://www.reactome.org/biopax/96/48895#Catalysis2703
2904,3600|12079|13927,3596|14446,3,2,http://www.reactome.org/biopax/96/48895#BiochemicalReaction3434,-1,http://www.reactome.org/biopax/96/48895#Control312
2905,4644|9992|10779,4654,3,1,http://www.reactome.org/biopax/96/48895#BiochemicalReaction426,1,http://www.reactome.org/biopax/96/48895#Catalysis158
2906,11089|15422|15551|15568,14484|15575|15579,4,3,http://www.reactome.org/biopax/96/48895#BiochemicalReaction8601,1,http://www.reactome.org/biopax/96/48895#Catalysis4597
2907,11678|11680|16462,11681|16466,3,2,http://www.reactome.org/biopax/96/48895#BiochemicalReaction810,1,http://www.reactome.org/biopax/96/48895#Catalysis314
2908,968|11827|16328|16329,11828|16331|16332,4,3,http://www.reactome.org/biopax/96/48895#BiochemicalReaction1017,1,http://www.reactome.org/biopax/96/48895#Catalysis442
2909,8541|13456|16462,8542|16466,3,2,http://www.reactome.org/biopax/96/48895#BiochemicalReaction3837,1,http://www.reactome.org/biopax/96/48895#Catalysis1748
2910,9030|9031|16462,9032|16466,3,2,http://www.reactome.org/biopax/96/48895#BiochemicalReaction4918,1,http://www.reactome.org/biopax/96/48895#Catalysis2091
2911,2102|14219|14220|14221|14223,2104|15575,5,2,http://www.reactome.org/biopax/96/48895#BiochemicalReaction2274,1,http://www.reactome.org/biopax/96/48895#Catalysis1081
2912,557|769|14087,569,3,1,http://www.reactome.org/biopax/96/48895#BiochemicalReaction8921,1,http://www.reactome.org/biopax/96/48895#Control921
2913,7338|15020|16387,15021|16386,3,2,http://www.reactome.org/biopax/96/48895#BiochemicalReaction7374,1,http://www.reactome.org/biopax/96/48895#Catalysis3431
2914,1254|14140,14087,2,1,http://www.reactome.org/biopax/96/48895#BiochemicalReaction2803,1,http://www.reactome.org/biopax/96/48895#Catalysis1323
2915,7326|14429|16351,14211|14431,3,2,http://www.reactome.org/biopax/96/48895#BiochemicalReaction7252,1,http://www.reactome.org/biopax/96/48895#Catalysis3311
2917,10828|13927|14362|15340,14308|15079|15341|16482,4,4,http://www.reactome.org/biopax/96/48895#BiochemicalReaction7728,1,http://www.reactome.org/biopax/96/48895#Catalysis3776
2918,7185|14117,7186|14793|15723,2,3,http://www.reactome.org/biopax/96/48895#BiochemicalReaction6939,1,http://www.reactome.org/biopax/96/48895#Catalysis3021
2919,1236|12006|16482,12007|16574,3,2,http://www.reactome.org/biopax/96/48895#BiochemicalReaction1250,1,http://www.reactome.org/biopax/96/48895#Catalysis546
2921,222|15899|15946,15901|15947|16588,3,3,http://www.reactome.org/biopax/96/48895#BiochemicalReaction8451,1,http://www.reactome.org/biopax/96/48895#Catalysis4452
2922,2768|9992,2769,2,1,http://www.reactome.org/biopax/96/48895#BiochemicalReaction2766,1,http://www.reactome.org/biopax/96/48895#Catalysis1305
2923,697|12269|13927,540|14446,3,2,http://www.reactome.org/biopax/96/48895#BiochemicalReaction8880,1,http://www.reactome.org/biopax/96/48895#Catalysis4763
2924,11698|11881|13927,11883|14446,3,2,http://www.reactome.org/biopax/96/48895#BiochemicalReaction4400,1,http://www.reactome.org/biopax/96/48895#Control413
2925,10853|15395|16552,14793|15396|16563,3,3,http://www.reactome.org/biopax/96/48895#BiochemicalReaction7791,1,http://www.reactome.org/biopax/96/48895#Catalysis3833
2926,11588|15310,15310,2,1,http://www.reactome.org/biopax/96/48895#BiochemicalReaction7733,1,http://www.reactome.org/biopax/96/48895#Catalysis3781
2927,811|13928|14019|14297,14087|14147|14237,4,3,http://www.reactome.org/biopax/96/48895#BiochemicalReaction834,1,http://www.reactome.org/biopax/96/48895#Catalysis329
2928,1937|13928|14019,14087|14147,3,2,http://www.reactome.org/biopax/96/48895#BiochemicalReaction11,1,http://www.reactome.org/biopax/96/48895#Catalysis5
2929,10226|10392|14637,10229|13969,3,2,http://www.reactome.org/biopax/96/48895#BiochemicalReaction6901,1,http://www.reactome.org/biopax/96/48895#Catalysis3003
2930,4434|4997|16462,4662|16466,3,2,http://www.reactome.org/biopax/96/48895#BiochemicalReaction449,1,http://www.reactome.org/biopax/96/48895#Catalysis176
2931,9364|14815|16482,14308,3,1,http://www.reactome.org/biopax/96/48895#BiochemicalReaction5500,1,http://www.reactome.org/biopax/96/48895#Catalysis2256
2932,248|5621,11064,2,1,http://www.reactome.org/biopax/96/48895#BiochemicalReaction8503,1,http://www.reactome.org/biopax/96/48895#Catalysis4503
2934,3761|4035|13927,4037|14446,3,2,http://www.reactome.org/biopax/96/48895#BiochemicalReaction3828,1,http://www.reactome.org/biopax/96/48895#Catalysis1742
2935,8007|8009|15712,8008|14793|15723,3,3,http://www.reactome.org/biopax/96/48895#BiochemicalReaction964,1,http://www.reactome.org/biopax/96/48895#Catalysis419
2936,1139|10745,1140,2,1,http://www.reactome.org/biopax/96/48895#BiochemicalReaction1142,1,http://www.reactome.org/biopax/96/48895#Catalysis489
2937,502|503,505,2,1,http://www.reactome.org/biopax/96/48895#BiochemicalReaction8854,1,http://www.reactome.org/biopax/96/48895#Control896
2938,6270|11436,10745,2,1,http://www.reactome.org/biopax/96/48895#BiochemicalReaction539,1,http://www.reactome.org/biopax/96/48895#Catalysis210
2939,1170|16386,14183|16387,2,2,http://www.reactome.org/biopax/96/48895#BiochemicalReaction1180,1,http://www.reactome.org/biopax/96/48895#Catalysis510
2940,6654|11419,6655,2,1,http://www.reactome.org/biopax/96/48895#BiochemicalReaction6296,1,http://www.reactome.org/biopax/96/48895#Catalysis2584
2941,17|15630|16351,15632|16453,3,2,http://www.reactome.org/biopax/96/48895#BiochemicalReaction8091,1,http://www.reactome.org/biopax/96/48895#Catalysis4099
2942,891|16252|16351,14211|16253,3,2,http://www.reactome.org/biopax/96/48895#BiochemicalReaction8683,1,http://www.reactome.org/biopax/96/48895#Catalysis4677
2943,1183|1200,1201|16574,2,2,http://www.reactome.org/biopax/96/48895#BiochemicalReaction1206,1,http://www.reactome.org/biopax/96/48895#Control105
2944,6106|13927,769|6108|14446,2,3,http://www.reactome.org/biopax/96/48895#BiochemicalReaction5697,1,http://www.reactome.org/biopax/96/48895#Catalysis2338
2945,7356|14968,7355,2,1,http://www.reactome.org/biopax/96/48895#BiochemicalReaction8202,1,http://www.reactome.org/biopax/96/48895#Catalysis4210
2946,7231|14662|15029,14663|14793|15050,3,3,http://www.reactome.org/biopax/96/48895#BiochemicalReaction6992,1,http://www.reactome.org/biopax/96/48895#Catalysis3071
2947,1828|15551|16343|16542,16345|16365|16475,4,3,http://www.reactome.org/biopax/96/48895#BiochemicalReaction1830,1,http://www.reactome.org/biopax/96/48895#Catalysis773
2948,5391|11496|13927,5392|14446,3,2,http://www.reactome.org/biopax/96/48895#BiochemicalReaction5044,1,http://www.reactome.org/biopax/96/48895#Catalysis2148
2949,6368|9612|13927,9613|14446,3,2,http://www.reactome.org/biopax/96/48895#BiochemicalReaction5971,1,http://www.reactome.org/biopax/96/48895#Catalysis2449
2950,196|15904|16482,13972|16574,3,2,http://www.reactome.org/biopax/96/48895#BiochemicalReaction8400,1,http://www.reactome.org/biopax/96/48895#Catalysis4401
2951,10596|14770|16462,14771|16466,3,2,http://www.reactome.org/biopax/96/48895#BiochemicalReaction7155,1,http://www.reactome.org/biopax/96/48895#Catalysis3223
2952,4388|13927,4390|14446,2,2,http://www.reactome.org/biopax/96/48895#BiochemicalReaction4140,1,http://www.reactome.org/biopax/96/48895#Catalysis1837
2953,6004|13927,6005|14446,2,2,http://www.reactome.org/biopax/96/48895#BiochemicalReaction5610,1,http://www.reactome.org/biopax/96/48895#Catalysis2307
2954,11007|15790|15791,14506|15792,3,2,http://www.reactome.org/biopax/96/48895#BiochemicalReaction8269,1,http://www.reactome.org/biopax/96/48895#Catalysis4274
2955,10655|14184|14916,14362|14917,3,2,http://www.reactome.org/biopax/96/48895#BiochemicalReaction7303,1,http://www.reactome.org/biopax/96/48895#Catalysis3362
2956,3314|3838|13927,3484|14446,3,2,http://www.reactome.org/biopax/96/48895#BiochemicalReaction15,1,http://www.reactome.org/biopax/96/48895#Catalysis7
2957,12601|14200|14297,14233|14237,3,2,http://www.reactome.org/biopax/96/48895#BiochemicalReaction1927,1,http://www.reactome.org/biopax/96/48895#Catalysis865
2958,10585|14736,14688|14733,2,2,http://www.reactome.org/biopax/96/48895#BiochemicalReaction7116,1,http://www.reactome.org/biopax/96/48895#Catalysis3184
2959,3168|14147,13928,2,1,http://www.reactome.org/biopax/96/48895#BiochemicalReaction3078,1,http://www.reactome.org/biopax/96/48895#Catalysis1464
2960,3683|6614|6633,6614|11038,3,2,http://www.reactome.org/biopax/96/48895#BiochemicalReaction6262,-1,http://www.reactome.org/biopax/96/48895#Control591
2961,6883|10049|13266,10082|11363,3,2,http://www.reactome.org/biopax/96/48895#BiochemicalReaction6606,1,http://www.reactome.org/biopax/96/48895#Catalysis2800
2962,4560|8615|13927,8804|14446,3,2,http://www.reactome.org/biopax/96/48895#BiochemicalReaction4321,1,http://www.reactome.org/biopax/96/48895#Catalysis1902
2963,10667|16531,7393,2,1,http://www.reactome.org/biopax/96/48895#BiochemicalReaction7438,1,http://www.reactome.org/biopax/96/48895#Catalysis3495
2964,287|16145|16351|16371,14323|16143|16147|16288,4,4,http://www.reactome.org/biopax/96/48895#BiochemicalReaction8609,1,http://www.reactome.org/biopax/96/48895#Catalysis4605
2965,3216|14295|14417,13970|14296,3,2,http://www.reactome.org/biopax/96/48895#BiochemicalReaction3127,1,http://www.reactome.org/biopax/96/48895#Catalysis1480
2966,134|15809|15810,15575|15811,3,2,http://www.reactome.org/biopax/96/48895#BiochemicalReaction8295,1,http://www.reactome.org/biopax/96/48895#Catalysis4296
2967,10552|14430|14707,14703|14708,3,2,http://www.reactome.org/biopax/96/48895#BiochemicalReaction7081,1,http://www.reactome.org/biopax/96/48895#Catalysis3152
2968,1225|6299|16482,7565|14126|14793,3,3,http://www.reactome.org/biopax/96/48895#BiochemicalReaction7927,1,http://www.reactome.org/biopax/96/48895#Catalysis3959
2969,7506|15029|15394,14793|15050|16342,3,3,http://www.reactome.org/biopax/96/48895#BiochemicalReaction7779,1,http://www.reactome.org/biopax/96/48895#Catalysis3823
2970,195|14309|15903,15904|16324,3,2,http://www.reactome.org/biopax/96/48895#BiochemicalReaction8399,1,http://www.reactome.org/biopax/96/48895#Catalysis4400
2972,11309|16277,16278,2,1,http://www.reactome.org/biopax/96/48895#BiochemicalReaction8900,1,http://www.reactome.org/biopax/96/48895#Catalysis4774
2973,767|14297,14237,2,1,http://www.reactome.org/biopax/96/48895#BiochemicalReaction807,1,http://www.reactome.org/biopax/96/48895#Control63
2974,7265|14430|14708,14691|14709,3,2,http://www.reactome.org/biopax/96/48895#BiochemicalReaction7082,1,http://www.reactome.org/biopax/96/48895#Catalysis3153
2975,11045|14296|15934,15935|16418,3,2,http://www.reactome.org/biopax/96/48895#BiochemicalReaction8440,1,http://www.reactome.org/biopax/96/48895#Catalysis4441
2976,1403|12198|13998,1404|14008,3,2,http://www.reactome.org/biopax/96/48895#BiochemicalReaction1430,1,http://www.reactome.org/biopax/96/48895#Catalysis619
2977,4093|10745,4094,2,1,http://www.reactome.org/biopax/96/48895#BiochemicalReaction3879,1,http://www.reactome.org/biopax/96/48895#Catalysis1757
2978,11773|14793|16563|16618,14846|16552,4,2,http://www.reactome.org/biopax/96/48895#BiochemicalReaction7238,1,http://www.reactome.org/biopax/96/48895#Catalysis3298
2979,233|13970|14484,15568|15961,3,2,http://www.reactome.org/biopax/96/48895#BiochemicalReaction8466,1,http://www.reactome.org/biopax/96/48895#Catalysis4467
2980,7335|14255|15426|16482,15428,4,1,http://www.reactome.org/biopax/96/48895#BiochemicalReaction7827,1,http://www.reactome.org/biopax/96/48895#Catalysis3867
2982,10459|10460|14657,7218,3,1,http://www.reactome.org/biopax/96/48895#BiochemicalReaction6970,1,http://www.reactome.org/biopax/96/48895#Control655
2983,10011|14619|14620,14540|14621,3,2,http://www.reactome.org/biopax/96/48895#BiochemicalReaction6559,1,http://www.reactome.org/biopax/96/48895#Catalysis2753
2984,2682|2685|16462,2686|13158|16466,3,3,http://www.reactome.org/biopax/96/48895#BiochemicalReaction2681,1,http://www.reactome.org/biopax/96/48895#Catalysis1260
2985,10959|15645|16482,14793|15646|16574,3,3,http://www.reactome.org/biopax/96/48895#BiochemicalReaction8109,1,http://www.reactome.org/biopax/96/48895#Catalysis4117
2986,12027|12134|16482,12075|16574,3,2,http://www.reactome.org/biopax/96/48895#BiochemicalReaction9,1,http://www.reactome.org/biopax/96/48895#Catalysis4
2987,14173|15668|16482,14793|15079|15634,3,3,http://www.reactome.org/biopax/96/48895#BiochemicalReaction8123,1,http://www.reactome.org/biopax/96/48895#Control797
2988,1397|1402|16504,1398|14036,3,2,http://www.reactome.org/biopax/96/48895#BiochemicalReaction1389,1,http://www.reactome.org/biopax/96/48895#Catalysis579
2989,26|15663|16482,14308|14675|14793,3,3,http://www.reactome.org/biopax/96/48895#BiochemicalReaction8120,1,http://www.reactome.org/biopax/96/48895#Catalysis4128
2990,5849|5914|15939,5915|14254,3,2,http://www.reactome.org/biopax/96/48895#BiochemicalReaction5509,1,http://www.reactome.org/biopax/96/48895#Catalysis2260
2991,5050|10745,5042|5051,2,2,http://www.reactome.org/biopax/96/48895#BiochemicalReaction4743,1,http://www.reactome.org/biopax/96/48895#Catalysis2015
2992,12523|13927|16378|16482,14343|14446|16574,4,3,http://www.reactome.org/biopax/96/48895#BiochemicalReaction1835,1,http://www.reactome.org/biopax/96/48895#Catalysis777
2993,6114|13927,6116|14446,2,2,http://www.reactome.org/biopax/96/48895#BiochemicalReaction5702,1,http://www.reactome.org/biopax/96/48895#Catalysis2341
2994,246|15987|15990|16393|16588,14926|15594|15989,5,3,http://www.reactome.org/biopax/96/48895#BiochemicalReaction8489,1,http://www.reactome.org/biopax/96/48895#Catalysis4489
2995,10638|14255|15443,15445,3,1,http://www.reactome.org/biopax/96/48895#BiochemicalReaction7840,1,http://www.reactome.org/biopax/96/48895#Catalysis3880
2996,7202|10447,7203,2,1,http://www.reactome.org/biopax/96/48895#BiochemicalReaction6951,1,http://www.reactome.org/biopax/96/48895#Catalysis3032
2999,5336|5344|13927,5345|14446,3,2,http://www.reactome.org/biopax/96/48895#BiochemicalReaction5003,1,http://www.reactome.org/biopax/96/48895#Catalysis2123
3000,429|1020,430,2,1,http://www.reactome.org/biopax/96/48895#BiochemicalReaction8792,1,http://www.reactome.org/biopax/96/48895#Control855
3002,11027|15866|16343,15568|15867|16588,3,3,http://www.reactome.org/biopax/96/48895#BiochemicalReaction8357,1,http://www.reactome.org/biopax/96/48895#Catalysis4358
3003,11762|16370,16372,2,1,http://www.reactome.org/biopax/96/48895#BiochemicalReaction1167,1,http://www.reactome.org/biopax/96/48895#Catalysis501
3004,10812|14793|15250|16563,15253|16552,4,2,http://www.reactome.org/biopax/96/48895#BiochemicalReaction7656,1,http://www.reactome.org/biopax/96/48895#Catalysis3706
3005,7676|10226|15591,10229|15592|16482,3,3,http://www.reactome.org/biopax/96/48895#BiochemicalReaction8061,1,http://www.reactome.org/biopax/96/48895#Catalysis4069
3006,1001|11471|11853,1009,3,1,http://www.reactome.org/biopax/96/48895#BiochemicalReaction1046,1,http://www.reactome.org/biopax/96/48895#Control78
3007,1838|15835|16551,14793|16375,3,2,http://www.reactome.org/biopax/96/48895#BiochemicalReaction1853,1,http://www.reactome.org/biopax/96/48895#Catalysis792
3009,2479|14147,13928,2,1,http://www.reactome.org/biopax/96/48895#BiochemicalReaction3975,1,http://www.reactome.org/biopax/96/48895#Catalysis1777
3010,10601|14791|15321,14155|14792,3,2,http://www.reactome.org/biopax/96/48895#BiochemicalReaction7179,1,http://www.reactome.org/biopax/96/48895#Catalysis3247
3011,6328|6329|13927,6332|14446,3,2,http://www.reactome.org/biopax/96/48895#BiochemicalReaction5912,-1,http://www.reactome.org/biopax/96/48895#Control553
3012,1495|10271|16482,13010|16574,3,2,http://www.reactome.org/biopax/96/48895#BiochemicalReaction3629,1,http://www.reactome.org/biopax/96/48895#Catalysis1670
3013,2795|14212|14213|14214|14215,2796,5,1,http://www.reactome.org/biopax/96/48895#BiochemicalReaction2785,1,http://www.reactome.org/biopax/96/48895#Catalysis1315
3015,11679|13596|16462,13605|16466,3,2,http://www.reactome.org/biopax/96/48895#BiochemicalReaction3373,1,http://www.reactome.org/biopax/96/48895#Catalysis1553
3016,7873|13927|15136,14446|16363,3,2,http://www.reactome.org/biopax/96/48895#BiochemicalReaction7531,1,http://www.reactome.org/biopax/96/48895#Catalysis3588
3018,8187|13238|16343,8187|14281,3,2,http://www.reactome.org/biopax/96/48895#BiochemicalReaction2873,1,http://www.reactome.org/biopax/96/48895#Catalysis1367
3019,5123|9005|9006|16467,5122,4,1,http://www.reactome.org/biopax/96/48895#BiochemicalReaction4801,1,http://www.reactome.org/biopax/96/48895#Control438
3020,3216|13970|14647,14417|15538,3,2,http://www.reactome.org/biopax/96/48895#BiochemicalReaction8002,1,http://www.reactome.org/biopax/96/48895#Catalysis4017
3021,898|16164|16482,15079|16146,3,2,http://www.reactome.org/biopax/96/48895#BiochemicalReaction946,1,http://www.reactome.org/biopax/96/48895#Catalysis407
3022,3683|6608,6611|11038,2,2,http://www.reactome.org/biopax/96/48895#BiochemicalReaction6259,1,http://www.reactome.org/biopax/96/48895#Catalysis2567
3023,10798|15175|16482,15082|15171,3,2,http://www.reactome.org/biopax/96/48895#BiochemicalReaction7628,1,http://www.reactome.org/biopax/96/48895#Catalysis3680
3024,10832|14255|14793|15348|16563,15349|16482|16552,5,3,http://www.reactome.org/biopax/96/48895#BiochemicalReaction7735,1,http://www.reactome.org/biopax/96/48895#Catalysis3783
3025,2701|2719,2720,2,1,http://www.reactome.org/biopax/96/48895#BiochemicalReaction2712,1,http://www.reactome.org/biopax/96/48895#Catalysis1279
3026,6855|14575|14793|16563,14114|16552,4,2,http://www.reactome.org/biopax/96/48895#BiochemicalReaction6496,1,http://www.reactome.org/biopax/96/48895#Catalysis2698
3027,2995|10122,10124|11363,2,2,http://www.reactome.org/biopax/96/48895#BiochemicalReaction6641,1,http://www.reactome.org/biopax/96/48895#Catalysis2835
3028,6360|16504,6361|16514,2,2,http://www.reactome.org/biopax/96/48895#BiochemicalReaction5955,1,http://www.reactome.org/biopax/96/48895#Catalysis2441
3029,7666|14041|15939|15981,14254|14793|15562|16574,4,4,http://www.reactome.org/biopax/96/48895#BiochemicalReaction8033,1,http://www.reactome.org/biopax/96/48895#Catalysis4042
3032,6350|13927,6351|14446,2,2,http://www.reactome.org/biopax/96/48895#BiochemicalReaction5937,1,http://www.reactome.org/biopax/96/48895#Catalysis2432
3033,136|15820|16600,15821|16588|16599,3,3,http://www.reactome.org/biopax/96/48895#BiochemicalReaction8301,1,http://www.reactome.org/biopax/96/48895#Catalysis4302
3034,10688|14196|15048,14318|14362,3,2,http://www.reactome.org/biopax/96/48895#BiochemicalReaction7404,1,http://www.reactome.org/biopax/96/48895#Catalysis3461
3035,10553|14430|14705,14688|14706,3,2,http://www.reactome.org/biopax/96/48895#BiochemicalReaction7079,1,http://www.reactome.org/biopax/96/48895#Catalysis3150
3036,10702|16482|16522,14530|15087,3,2,http://www.reactome.org/biopax/96/48895#BiochemicalReaction7458,1,http://www.reactome.org/biopax/96/48895#Catalysis3515
3037,803|6266|12339,6267,3,1,http://www.reactome.org/biopax/96/48895#BiochemicalReaction5843,1,http://www.reactome.org/biopax/96/48895#Control533
3038,10948|13927|15591,10949|15592|16482,3,3,http://www.reactome.org/biopax/96/48895#BiochemicalReaction8058,1,http://www.reactome.org/biopax/96/48895#Control783
3039,505|11145,6716,2,1,http://www.reactome.org/biopax/96/48895#BiochemicalReaction8855,1,http://www.reactome.org/biopax/96/48895#Control902
3040,1020|14770,14775,2,1,http://www.reactome.org/biopax/96/48895#BiochemicalReaction7159,1,http://www.reactome.org/biopax/96/48895#Catalysis3227
3041,5499|10175|13028,10086|11363,3,2,http://www.reactome.org/biopax/96/48895#BiochemicalReaction6610,1,http://www.reactome.org/biopax/96/48895#Catalysis2804
3042,21|15656|16482,14793|15079|15657,3,3,http://www.reactome.org/biopax/96/48895#BiochemicalReaction8115,1,http://www.reactome.org/biopax/96/48895#Catalysis4123
3043,14308|14654|16482,16533|16574,3,2,http://www.reactome.org/biopax/96/48895#BiochemicalReaction6965,-1,http://www.reactome.org/biopax/96/48895#Control653
3045,4652|13927,4653|14446,2,2,http://www.reactome.org/biopax/96/48895#BiochemicalReaction4405,1,http://www.reactome.org/biopax/96/48895#Catalysis1929
3046,1301|12053|13927,12054|14446,3,2,http://www.reactome.org/biopax/96/48895#BiochemicalReaction1296,1,http://www.reactome.org/biopax/96/48895#Catalysis556
3047,1611|1614,1613,2,1,http://www.reactome.org/biopax/96/48895#BiochemicalReaction1628,-1,http://www.reactome.org/biopax/96/48895#Control160
3048,4306|13927|13979,4307|14446,3,2,http://www.reactome.org/biopax/96/48895#BiochemicalReaction4052,1,http://www.reactome.org/biopax/96/48895#Catalysis1796
3049,36|15687|16417,14699|15688|16551,3,3,http://www.reactome.org/biopax/96/48895#BiochemicalReaction8142,1,http://www.reactome.org/biopax/96/48895#Catalysis4150
3050,669,670|11601,1,2,http://www.reactome.org/biopax/96/48895#BiochemicalReaction717,1,http://www.reactome.org/biopax/96/48895#Catalysis249
3051,12686|14150,14087,2,1,http://www.reactome.org/biopax/96/48895#BiochemicalReaction2088,1,http://www.reactome.org/biopax/96/48895#Catalysis998
3052,5625|13927,5626|14446,2,2,http://www.reactome.org/biopax/96/48895#BiochemicalReaction5250,1,http://www.reactome.org/biopax/96/48895#Catalysis2232
3054,505|11277,6716,2,1,http://www.reactome.org/biopax/96/48895#BiochemicalReaction8855,1,http://www.reactome.org/biopax/96/48895#Control906
3055,7147|10389,10387|10388|12368,2,3,http://www.reactome.org/biopax/96/48895#BiochemicalReaction6899,1,http://www.reactome.org/biopax/96/48895#Catalysis3001
3056,4494|4498|13927,4497|14446,3,2,http://www.reactome.org/biopax/96/48895#BiochemicalReaction4257,-1,http://www.reactome.org/biopax/96/48895#Control396
3057,880|1803|15939,1331|14254,3,2,http://www.reactome.org/biopax/96/48895#BiochemicalReaction2478,1,http://www.reactome.org/biopax/96/48895#Catalysis1150
3058,1866|16351,16482,2,1,http://www.reactome.org/biopax/96/48895#BiochemicalReaction2034,1,http://www.reactome.org/biopax/96/48895#Catalysis963
3059,4489|4491|8341,4490,3,1,http://www.reactome.org/biopax/96/48895#BiochemicalReaction4252,-1,http://www.reactome.org/biopax/96/48895#Control393
3060,10598|13927|14781,14446|14783,3,2,http://www.reactome.org/biopax/96/48895#BiochemicalReaction7166,1,http://www.reactome.org/biopax/96/48895#Catalysis3234
3061,7676|10948|15591,10949|15592|16482,3,3,http://www.reactome.org/biopax/96/48895#BiochemicalReaction8060,1,http://www.reactome.org/biopax/96/48895#Catalysis4068
3062,2371|2373|13927,2372|9577|9669|9694|9739|9787|14446|16574,3,8,http://www.reactome.org/biopax/96/48895#BiochemicalReaction2419,1,http://www.reactome.org/biopax/96/48895#Catalysis1121
3063,2517|4680,2518,2,1,http://www.reactome.org/biopax/96/48895#BiochemicalReaction2519,1,http://www.reactome.org/biopax/96/48895#Catalysis1172
3064,12598|13948|16545,13949|13950,3,2,http://www.reactome.org/biopax/96/48895#BiochemicalReaction1920,1,http://www.reactome.org/biopax/96/48895#Catalysis858
3065,13949|14357|14446|14793,13927|15294,4,2,http://www.reactome.org/biopax/96/48895#BiochemicalReaction6990,-1,http://www.reactome.org/biopax/96/48895#Control669
3067,10421|14484|14955,15423|15568,3,2,http://www.reactome.org/biopax/96/48895#BiochemicalReaction7819,1,http://www.reactome.org/biopax/96/48895#Catalysis3859
3068,3595|6996|10571|11482|11483|11484|11485|11489|16462,7026|7235|16466,9,3,http://www.reactome.org/biopax/96/48895#BiochemicalReaction619,1,http://www.reactome.org/biopax/96/48895#Catalysis227
3069,1775|14198|16482,14501|16479,3,2,http://www.reactome.org/biopax/96/48895#BiochemicalReaction6338,1,http://www.reactome.org/biopax/96/48895#Catalysis2598
3070,6272|14407,14408,2,1,http://www.reactome.org/biopax/96/48895#BiochemicalReaction5860,1,http://www.reactome.org/biopax/96/48895#Control539
3071,8750|9071,8824,2,1,http://www.reactome.org/biopax/96/48895#BiochemicalReaction42,1,http://www.reactome.org/biopax/96/48895#Catalysis16
3072,2522|5621,10745|13043,2,2,http://www.reactome.org/biopax/96/48895#BiochemicalReaction2525,1,http://www.reactome.org/biopax/96/48895#Catalysis1175
3073,6552|16371|16563,14793|16373|16552,3,3,http://www.reactome.org/biopax/96/48895#BiochemicalReaction6149,1,http://www.reactome.org/biopax/96/48895#Catalysis2514
3074,10707|15529,15823,2,1,http://www.reactome.org/biopax/96/48895#BiochemicalReaction8304,1,http://www.reactome.org/biopax/96/48895#Catalysis4305
3077,7253|7818|14430,14687|14688,3,2,http://www.reactome.org/biopax/96/48895#BiochemicalReaction7030,1,http://www.reactome.org/biopax/96/48895#Catalysis3108
3078,12525|13927|16358|16482,14446|16520|16574,4,3,http://www.reactome.org/biopax/96/48895#BiochemicalReaction1821,1,http://www.reactome.org/biopax/96/48895#Catalysis765
3079,2809|10886,2810,2,1,http://www.reactome.org/biopax/96/48895#BiochemicalReaction2797,1,http://www.reactome.org/biopax/96/48895#Control267
3080,71|15142|16563,72|14793|15274|16552,3,4,http://www.reactome.org/biopax/96/48895#BiochemicalReaction8197,1,http://www.reactome.org/biopax/96/48895#Catalysis4205
3081,11003|13970|15551|15772,15773|16345|16475,4,3,http://www.reactome.org/biopax/96/48895#BiochemicalReaction8248,1,http://www.reactome.org/biopax/96/48895#Catalysis4253
3082,882|7807|15321,7808|14636|15343,3,3,http://www.reactome.org/biopax/96/48895#BiochemicalReaction6873,1,http://www.reactome.org/biopax/96/48895#Catalysis2990
3083,313|14635|16226,16227,3,1,http://www.reactome.org/biopax/96/48895#BiochemicalReaction8667,1,http://www.reactome.org/biopax/96/48895#Catalysis4661
3084,6117|13927,6118|14446,2,2,http://www.reactome.org/biopax/96/48895#BiochemicalReaction5703,1,http://www.reactome.org/biopax/96/48895#Catalysis2342
3085,1410|12205|13998,12206|14008,3,2,http://www.reactome.org/biopax/96/48895#BiochemicalReaction1436,1,http://www.reactome.org/biopax/96/48895#Catalysis623
3086,497|11246,498,2,1,http://www.reactome.org/biopax/96/48895#BiochemicalReaction8851,1,http://www.reactome.org/biopax/96/48895#Control874
3087,9908|13949|14555|16482,14556|16574,4,2,http://www.reactome.org/biopax/96/48895#BiochemicalReaction6482,1,http://www.reactome.org/biopax/96/48895#Catalysis2684
3088,4561|16504,4569|9992|10696|10699,2,4,http://www.reactome.org/biopax/96/48895#BiochemicalReaction419,1,http://www.reactome.org/biopax/96/48895#Catalysis153
3089,1061|13131,1061,2,1,http://www.reactome.org/biopax/96/48895#BiochemicalReaction2748,1,http://www.reactome.org/biopax/96/48895#Catalysis1296
3090,13927|14233|14357|16518,14446|14793|14808|16574,4,4,http://www.reactome.org/biopax/96/48895#BiochemicalReaction7203,1,http://www.reactome.org/biopax/96/48895#Control686
3091,12658|14100|14107,14106|14108,3,2,http://www.reactome.org/biopax/96/48895#BiochemicalReaction2018,1,http://www.reactome.org/biopax/96/48895#Catalysis950
3092,7840|14255|14793|14856|16563,14857|16482|16552,5,3,http://www.reactome.org/biopax/96/48895#BiochemicalReaction7249,1,http://www.reactome.org/biopax/96/48895#Catalysis3308
3093,10637|14842,14848,2,1,http://www.reactome.org/biopax/96/48895#BiochemicalReaction7240,1,http://www.reactome.org/biopax/96/48895#Catalysis3300
3094,2808,2809|4765|10863|13989|14216|14217|14218,1,7,http://www.reactome.org/biopax/96/48895#BiochemicalReaction2796,1,http://www.reactome.org/biopax/96/48895#Catalysis1319
3095,5990|10745,5991,2,1,http://www.reactome.org/biopax/96/48895#BiochemicalReaction5593,1,http://www.reactome.org/biopax/96/48895#Catalysis2304
3096,1836|10745,1837,2,1,http://www.reactome.org/biopax/96/48895#BiochemicalReaction1841,1,http://www.reactome.org/biopax/96/48895#Catalysis781
3097,8432|13439,8433|8434|8435,2,3,http://www.reactome.org/biopax/96/48895#BiochemicalReaction257,1,http://www.reactome.org/biopax/96/48895#Catalysis102
3098,281|14873|15343|15607|16127,14874|15321|16128,5,3,http://www.reactome.org/biopax/96/48895#BiochemicalReaction8594,1,http://www.reactome.org/biopax/96/48895#Catalysis4591
3099,3374|3459|15939,1331|14254,3,2,http://www.reactome.org/biopax/96/48895#BiochemicalReaction3293,1,http://www.reactome.org/biopax/96/48895#Catalysis1537
3100,10947|14446|15586,13927|15584,3,2,http://www.reactome.org/biopax/96/48895#BiochemicalReaction8053,1,http://www.reactome.org/biopax/96/48895#Catalysis4061
3102,4662|10689|16462,4644|16466,3,2,http://www.reactome.org/biopax/96/48895#BiochemicalReaction429,1,http://www.reactome.org/biopax/96/48895#Catalysis161
3103,4305|13927|16299,13979|14446,3,2,http://www.reactome.org/biopax/96/48895#BiochemicalReaction4050,1,http://www.reactome.org/biopax/96/48895#Catalysis1795
3104,5398|5400|13927,3543|14446,3,2,http://www.reactome.org/biopax/96/48895#BiochemicalReaction5057,-1,http://www.reactome.org/biopax/96/48895#Control459
3105,10604|15139|16482,15138|16574,3,2,http://www.reactome.org/biopax/96/48895#BiochemicalReaction7550,1,http://www.reactome.org/biopax/96/48895#Catalysis3606
3107,10819|14793|15268|16563,14195|16552,4,2,http://www.reactome.org/biopax/96/48895#BiochemicalReaction7667,1,http://www.reactome.org/biopax/96/48895#Catalysis3717
3108,3568|13617|13618,3572,3,1,http://www.reactome.org/biopax/96/48895#BiochemicalReaction3390,-1,http://www.reactome.org/biopax/96/48895#Control301
3109,12320|12328|13927,12329|14446,3,2,http://www.reactome.org/biopax/96/48895#BiochemicalReaction1561,1,http://www.reactome.org/biopax/96/48895#Catalysis672
3110,4434|4905|16462,4895|16466,3,2,http://www.reactome.org/biopax/96/48895#BiochemicalReaction440,1,http://www.reactome.org/biopax/96/48895#Catalysis169
3111,2762|10745,2763,2,1,http://www.reactome.org/biopax/96/48895#BiochemicalReaction2754,1,http://www.reactome.org/biopax/96/48895#Catalysis1300
3112,7655|16591,16588,2,1,http://www.reactome.org/biopax/96/48895#BiochemicalReaction8007,1,http://www.reactome.org/biopax/96/48895#Catalysis4021
3114,5398|13927,3543|14446,2,2,http://www.reactome.org/biopax/96/48895#BiochemicalReaction5057,1,http://www.reactome.org/biopax/96/48895#Catalysis2154
3115,2881|14279,2882|14078,2,2,http://www.reactome.org/biopax/96/48895#BiochemicalReaction2861,1,http://www.reactome.org/biopax/96/48895#Catalysis1360
3116,10618|13927|14362|14463,14229|14308|15079|16482,4,4,http://www.reactome.org/biopax/96/48895#BiochemicalReaction7209,1,http://www.reactome.org/biopax/96/48895#Catalysis3275
3117,7551|13927|16515,7552|7553,3,2,http://www.reactome.org/biopax/96/48895#BiochemicalReaction7912,1,http://www.reactome.org/biopax/96/48895#Control728
3118,828|16223,834|16284,2,2,http://www.reactome.org/biopax/96/48895#BiochemicalReaction102,1,http://www.reactome.org/biopax/96/48895#Catalysis34
3119,1397|8739|16504,1398|14036,3,2,http://www.reactome.org/biopax/96/48895#BiochemicalReaction1390,1,http://www.reactome.org/biopax/96/48895#Catalysis580
3120,7351|14960,14938,2,1,http://www.reactome.org/biopax/96/48895#BiochemicalReaction7342,1,http://www.reactome.org/biopax/96/48895#Catalysis3401
3121,5145|13927|16299,13979|14446,3,2,http://www.reactome.org/biopax/96/48895#BiochemicalReaction4824,1,http://www.reactome.org/biopax/96/48895#Catalysis2049
3123,7933|11114|13927,11115|14446,3,2,http://www.reactome.org/biopax/96/48895#BiochemicalReaction8705,1,http://www.reactome.org/biopax/96/48895#Catalysis4699
3124,7224|16482|16524,16533|16574,3,2,http://www.reactome.org/biopax/96/48895#BiochemicalReaction6980,1,http://www.reactome.org/biopax/96/48895#Catalysis3059
3125,892|16219|16482,15814|15857,3,2,http://www.reactome.org/biopax/96/48895#BiochemicalReaction8663,1,http://www.reactome.org/biopax/96/48895#Catalysis4657
3127,5499|6904,6905|11363,2,2,http://www.reactome.org/biopax/96/48895#BiochemicalReaction6654,1,http://www.reactome.org/biopax/96/48895#Catalysis2847
3128,7144|10379,10369|10377|10378|12368,2,4,http://www.reactome.org/biopax/96/48895#BiochemicalReaction6895,1,http://www.reactome.org/biopax/96/48895#Catalysis2997
3129,146|12276|13927,7563|14446,3,2,http://www.reactome.org/biopax/96/48895#BiochemicalReaction8312,1,http://www.reactome.org/biopax/96/48895#Catalysis4313
3130,12556|14237|16518,14297|16519,3,2,http://www.reactome.org/biopax/96/48895#BiochemicalReaction1869,1,http://www.reactome.org/biopax/96/48895#Control184
3131,2083|2552|11566,2553,3,1,http://www.reactome.org/biopax/96/48895#BiochemicalReaction2546,-1,http://www.reactome.org/biopax/96/48895#Control255
3133,3852|5621,3853|10745,2,2,http://www.reactome.org/biopax/96/48895#BiochemicalReaction3686,1,http://www.reactome.org/biopax/96/48895#Catalysis1699
3134,10713|14196|15086,14362|16522,3,2,http://www.reactome.org/biopax/96/48895#BiochemicalReaction7456,1,http://www.reactome.org/biopax/96/48895#Catalysis3513
3135,367|7222,366,2,1,http://www.reactome.org/biopax/96/48895#BiochemicalReaction8759,1,http://www.reactome.org/biopax/96/48895#Catalysis4720
3136,9912|14097|15180,14096|15181|16551,3,3,http://www.reactome.org/biopax/96/48895#BiochemicalReaction7585,1,http://www.reactome.org/biopax/96/48895#Catalysis3639
3137,10844|14255|14793|15381|16563,15382|16482|16552,5,3,http://www.reactome.org/biopax/96/48895#BiochemicalReaction7768,1,http://www.reactome.org/biopax/96/48895#Catalysis3812
3138,10670|14183|15028,14901|14990|15030,3,3,http://www.reactome.org/biopax/96/48895#BiochemicalReaction7382,1,http://www.reactome.org/biopax/96/48895#Catalysis3439
3139,11800|13927|16315,15079|16316,3,2,http://www.reactome.org/biopax/96/48895#BiochemicalReaction996,1,http://www.reactome.org/biopax/96/48895#Catalysis437
3140,327|13927,14815|15079,2,2,http://www.reactome.org/biopax/96/48895#BiochemicalReaction8704,1,http://www.reactome.org/biopax/96/48895#Catalysis4698
3142,7599|14419|16391|16591,14420|16392|16588,4,3,http://www.reactome.org/biopax/96/48895#BiochemicalReaction7963,1,http://www.reactome.org/biopax/96/48895#Catalysis3991
3143,2509|2511|16462,2510|16466,3,2,http://www.reactome.org/biopax/96/48895#BiochemicalReaction2514,-1,http://www.reactome.org/biopax/96/48895#Control252
3144,7376|15095|16482,14530|15097,3,2,http://www.reactome.org/biopax/96/48895#BiochemicalReaction7471,1,http://www.reactome.org/biopax/96/48895#Catalysis3528
3145,6118|9471|13927,9470|14446,3,2,http://www.reactome.org/biopax/96/48895#BiochemicalReaction5714,1,http://www.reactome.org/biopax/96/48895#Catalysis2351
3146,10645|14371|14873|15343|15607,14874|14876|15321,5,3,http://www.reactome.org/biopax/96/48895#BiochemicalReaction7268,1,http://www.reactome.org/biopax/96/48895#Catalysis3327
3147,5014|13927,5015|14446,2,2,http://www.reactome.org/biopax/96/48895#BiochemicalReaction4708,1,http://www.reactome.org/biopax/96/48895#Catalysis1998
3148,9340|10359,10364,2,1,http://www.reactome.org/biopax/96/48895#BiochemicalReaction6882,1,http://www.reactome.org/biopax/96/48895#Catalysis2993
3149,10755|15138,7424,2,1,http://www.reactome.org/biopax/96/48895#BiochemicalReaction7548,1,http://www.reactome.org/biopax/96/48895#Catalysis3604
3150,6750|9801|16482,14504|14505,3,2,http://www.reactome.org/biopax/96/48895#BiochemicalReaction6370,1,http://www.reactome.org/biopax/96/48895#Catalysis2605
3151,760|14297,14237,2,1,http://www.reactome.org/biopax/96/48895#BiochemicalReaction801,1,http://www.reactome.org/biopax/96/48895#Catalysis310
3152,3430|11881|13927,11883|14446,3,2,http://www.reactome.org/biopax/96/48895#BiochemicalReaction6290,1,http://www.reactome.org/biopax/96/48895#Control595
3153,5984|5987,5985|9398,2,2,http://www.reactome.org/biopax/96/48895#BiochemicalReaction5586,1,http://www.reactome.org/biopax/96/48895#Catalysis2300
3154,11331|15939,15079|16432,2,2,http://www.reactome.org/biopax/96/48895#BiochemicalReaction8919,1,http://www.reactome.org/biopax/96/48895#Control917
3155,10945|15551|15576,15577|16475,3,2,http://www.reactome.org/biopax/96/48895#BiochemicalReaction8048,1,http://www.reactome.org/biopax/96/48895#Catalysis4056
3156,13220|14258|16482,14073|14259,3,2,http://www.reactome.org/biopax/96/48895#BiochemicalReaction2810,1,http://www.reactome.org/biopax/96/48895#Catalysis1326
3157,10714|16351|16487,16488|16489,3,2,http://www.reactome.org/biopax/96/48895#BiochemicalReaction8273,1,http://www.reactome.org/biopax/96/48895#Catalysis4277
3158,10727|14196|15108,14362|16523,3,2,http://www.reactome.org/biopax/96/48895#BiochemicalReaction7490,1,http://www.reactome.org/biopax/96/48895#Catalysis3547
3159,7663|15559,15981|16482,2,2,http://www.reactome.org/biopax/96/48895#BiochemicalReaction8029,1,http://www.reactome.org/biopax/96/48895#Catalysis4039
3160,3882|9736|13927,6585|14446,3,2,http://www.reactome.org/biopax/96/48895#BiochemicalReaction6202,1,http://www.reactome.org/biopax/96/48895#Catalysis2546
3161,4812|4815|8912,4816,3,1,http://www.reactome.org/biopax/96/48895#BiochemicalReaction4534,-1,http://www.reactome.org/biopax/96/48895#Control419
3162,10022|10025|14614,10023|14623|15343,3,3,http://www.reactome.org/biopax/96/48895#BiochemicalReaction6569,1,http://www.reactome.org/biopax/96/48895#Catalysis2763
3163,5621|11928,10745,2,1,http://www.reactome.org/biopax/96/48895#BiochemicalReaction1136,1,http://www.reactome.org/biopax/96/48895#Catalysis487
3164,4734|13927,4735|14446,2,2,http://www.reactome.org/biopax/96/48895#BiochemicalReaction4470,1,http://www.reactome.org/biopax/96/48895#Catalysis1942
3165,12757|14198|16482,16535|16539,3,2,http://www.reactome.org/biopax/96/48895#BiochemicalReaction2200,1,http://www.reactome.org/biopax/96/48895#Catalysis1058
3166,7328|14431|16351,14191|14432,3,2,http://www.reactome.org/biopax/96/48895#BiochemicalReaction7253,1,http://www.reactome.org/biopax/96/48895#Catalysis3312
3167,12551|16353,14173,2,1,http://www.reactome.org/biopax/96/48895#BiochemicalReaction1865,1,http://www.reactome.org/biopax/96/48895#Catalysis804
3168,3337|3343|13435|13927,3348|14446,4,2,http://www.reactome.org/biopax/96/48895#BiochemicalReaction3205,1,http://www.reactome.org/biopax/96/48895#Catalysis1502
3169,11053|14024|15963|16588,14038|14793|16431,4,3,http://www.reactome.org/biopax/96/48895#BiochemicalReaction8472,1,http://www.reactome.org/biopax/96/48895#Catalysis4473
3170,7601|14967|16345|16475,14421|15551|15568,4,3,http://www.reactome.org/biopax/96/48895#BiochemicalReaction7967,1,http://www.reactome.org/biopax/96/48895#Catalysis3995
3171,1129|10745,1131,2,1,http://www.reactome.org/biopax/96/48895#BiochemicalReaction1130,1,http://www.reactome.org/biopax/96/48895#Catalysis484
3172,11591|14183|14903,14901|14905,3,2,http://www.reactome.org/biopax/96/48895#BiochemicalReaction7292,1,http://www.reactome.org/biopax/96/48895#Catalysis3351
3173,1020|5499|8738,10111|11363,3,2,http://www.reactome.org/biopax/96/48895#BiochemicalReaction6630,1,http://www.reactome.org/biopax/96/48895#Catalysis2824
3174,104|13927|15251|15770,14446|15778|16574,4,3,http://www.reactome.org/biopax/96/48895#BiochemicalReaction8251,1,http://www.reactome.org/biopax/96/48895#Catalysis4256
3175,15814,14793|15928|15931,1,3,http://www.reactome.org/biopax/96/48895#BiochemicalReaction8436,1,http://www.reactome.org/biopax/96/48895#Control822
3176,5774|9257|16445,5777,3,1,http://www.reactome.org/biopax/96/48895#BiochemicalReaction5386,1,http://www.reactome.org/biopax/96/48895#Control492
3177,744|14019,14087,2,1,http://www.reactome.org/biopax/96/48895#BiochemicalReaction794,1,http://www.reactome.org/biopax/96/48895#Catalysis304
3178,1597|1598,1599|12381,2,2,http://www.reactome.org/biopax/96/48895#BiochemicalReaction1617,1,http://www.reactome.org/biopax/96/48895#Catalysis691
3179,6323|6325|13927,6329|14446,3,2,http://www.reactome.org/biopax/96/48895#BiochemicalReaction5909,-1,http://www.reactome.org/biopax/96/48895#Control549
3181,10827|15289|16391|16583|16588,15290|16343|16392,5,3,http://www.reactome.org/biopax/96/48895#BiochemicalReaction7690,1,http://www.reactome.org/biopax/96/48895#Catalysis3738
3182,1024|11908|16462,11909|16466,3,2,http://www.reactome.org/biopax/96/48895#BiochemicalReaction1094,1,http://www.reactome.org/biopax/96/48895#Catalysis480
3183,6883|6892|13303,6893|10126,3,2,http://www.reactome.org/biopax/96/48895#BiochemicalReaction6642,1,http://www.reactome.org/biopax/96/48895#Catalysis2836
3184,5523|13927,5524|14446,2,2,http://www.reactome.org/biopax/96/48895#BiochemicalReaction5162,1,http://www.reactome.org/biopax/96/48895#Catalysis2197
3185,1870|16449,16485,2,1,http://www.reactome.org/biopax/96/48895#BiochemicalReaction2038,1,http://www.reactome.org/biopax/96/48895#Catalysis967
3186,6883|6895|8738,6896|11363,3,2,http://www.reactome.org/biopax/96/48895#BiochemicalReaction6650,1,http://www.reactome.org/biopax/96/48895#Catalysis2845
3187,13927|16524|16533,14446|14654|14793,3,3,http://www.reactome.org/biopax/96/48895#BiochemicalReaction6981,1,http://www.reactome.org/biopax/96/48895#Control663
3188,224|14304|15949,15594|16418,3,2,http://www.reactome.org/biopax/96/48895#BiochemicalReaction8455,1,http://www.reactome.org/biopax/96/48895#Catalysis4456
3189,11068|14357|16585,14362|14793|15994,3,3,http://www.reactome.org/biopax/96/48895#BiochemicalReaction8497,1,http://www.reactome.org/biopax/96/48895#Catalysis4497
3190,7578|14648|14793,15294|16424,3,2,http://www.reactome.org/biopax/96/48895#BiochemicalReaction7937,1,http://www.reactome.org/biopax/96/48895#Catalysis3967
3191,3079|8762|13302,10152|11363,3,2,http://www.reactome.org/biopax/96/48895#BiochemicalReaction6668,1,http://www.reactome.org/biopax/96/48895#Catalysis2861
3192,1865|16424,14157,2,1,http://www.reactome.org/biopax/96/48895#BiochemicalReaction2119,1,http://www.reactome.org/biopax/96/48895#Catalysis1023
3193,15029|15560|15981|16482,14793|15050|15560,4,3,http://www.reactome.org/biopax/96/48895#BiochemicalReaction8030,-1,http://www.reactome.org/biopax/96/48895#Control777
3194,3805|5621,3803|10745,2,2,http://www.reactome.org/biopax/96/48895#BiochemicalReaction3643,1,http://www.reactome.org/biopax/96/48895#Catalysis1678
3195,2050|12782|16462,2051,3,1,http://www.reactome.org/biopax/96/48895#BiochemicalReaction2234,1,http://www.reactome.org/biopax/96/48895#Control235
3196,6465|9685|16482,6464|16574,3,2,http://www.reactome.org/biopax/96/48895#BiochemicalReaction6075,1,http://www.reactome.org/biopax/96/48895#Catalysis2498
3197,2234|15939,2237|14254,2,2,http://www.reactome.org/biopax/96/48895#BiochemicalReaction2341,1,http://www.reactome.org/biopax/96/48895#Catalysis1099
3198,10559|10561|14110,10560|14109|16551,3,3,http://www.reactome.org/biopax/96/48895#BiochemicalReaction7089,1,http://www.reactome.org/biopax/96/48895#Catalysis3160
3199,12692|16518,16519,2,1,http://www.reactome.org/biopax/96/48895#BiochemicalReaction2097,1,http://www.reactome.org/biopax/96/48895#Catalysis1007
3200,3371|3372|15939,3373|14254,3,2,http://www.reactome.org/biopax/96/48895#BiochemicalReaction3224,1,http://www.reactome.org/biopax/96/48895#Catalysis1508
3201,4888|13927,4889|14446,2,2,http://www.reactome.org/biopax/96/48895#BiochemicalReaction4603,1,http://www.reactome.org/biopax/96/48895#Catalysis1972
3203,10821|14195,16540,2,1,http://www.reactome.org/biopax/96/48895#BiochemicalReaction7677,1,http://www.reactome.org/biopax/96/48895#Catalysis3727
3204,7325|15459|16482,15464,3,1,http://www.reactome.org/biopax/96/48895#BiochemicalReaction7854,1,http://www.reactome.org/biopax/96/48895#Catalysis3894
3205,3803|3804|10745,3805,3,1,http://www.reactome.org/biopax/96/48895#BiochemicalReaction3641,1,http://www.reactome.org/biopax/96/48895#Catalysis1676
3206,3294|5530|5565,5576,3,1,http://www.reactome.org/biopax/96/48895#BiochemicalReaction503,1,http://www.reactome.org/biopax/96/48895#Control34
3207,7042|7043,2503|2907|7044|10240,2,4,http://www.reactome.org/biopax/96/48895#BiochemicalReaction6774,1,http://www.reactome.org/biopax/96/48895#Catalysis2938
3208,7270|14727|15029,14728|14793|15050,3,3,http://www.reactome.org/biopax/96/48895#BiochemicalReaction7110,1,http://www.reactome.org/biopax/96/48895#Catalysis3178
3209,459|8533|13927,461|14446,3,2,http://www.reactome.org/biopax/96/48895#BiochemicalReaction8825,1,http://www.reactome.org/biopax/96/48895#Catalysis4738
3210,2093|3126|14212|14213|14214|14215,4765|8201,6,2,http://www.reactome.org/biopax/96/48895#BiochemicalReaction3050,1,http://www.reactome.org/biopax/96/48895#Catalysis1452
3211,7582|13941|16392,14317|16391|16418,3,3,http://www.reactome.org/biopax/96/48895#BiochemicalReaction7943,1,http://www.reactome.org/biopax/96/48895#Catalysis3973
3212,3596|13779,13656|13780,2,2,http://www.reactome.org/biopax/96/48895#BiochemicalReaction3523,-1,http://www.reactome.org/biopax/96/48895#Control322
3213,11746|15476|16048,16049|16284,3,2,http://www.reactome.org/biopax/96/48895#BiochemicalReaction8548,1,http://www.reactome.org/biopax/96/48895#Catalysis4545
3214,2995|10036|13302,10038|11363,3,2,http://www.reactome.org/biopax/96/48895#BiochemicalReaction6578,1,http://www.reactome.org/biopax/96/48895#Catalysis2772
3216,7996|14357|15868,14362|15890,3,2,http://www.reactome.org/biopax/96/48895#BiochemicalReaction925,1,http://www.reactome.org/biopax/96/48895#Catalysis386
3217,3761|4019|13927,4018|8518|14446,3,3,http://www.reactome.org/biopax/96/48895#BiochemicalReaction3814,1,http://www.reactome.org/biopax/96/48895#Catalysis1736
3218,4426|4427|16351,4426|8312|14379,3,3,http://www.reactome.org/biopax/96/48895#BiochemicalReaction4183,1,http://www.reactome.org/biopax/96/48895#Catalysis1851
3219,1605|12380|14019,1602,3,1,http://www.reactome.org/biopax/96/48895#BiochemicalReaction1622,1,http://www.reactome.org/biopax/96/48895#Control157
3220,12653|14100|14101,14103|14106,3,2,http://www.reactome.org/biopax/96/48895#BiochemicalReaction2011,1,http://www.reactome.org/biopax/96/48895#Catalysis943
3221,497|12216,498,2,1,http://www.reactome.org/biopax/96/48895#BiochemicalReaction8851,1,http://www.reactome.org/biopax/96/48895#Control873
3222,5555|5556,5524,2,1,http://www.reactome.org/biopax/96/48895#BiochemicalReaction5194,1,http://www.reactome.org/biopax/96/48895#Control473
3223,11750|15551|15568|16238,15575|15579|16239,4,3,http://www.reactome.org/biopax/96/48895#BiochemicalReaction8673,1,http://www.reactome.org/biopax/96/48895#Catalysis4667
3224,10831|14255|14793|15323|16563,15324|16482|16552,5,3,http://www.reactome.org/biopax/96/48895#BiochemicalReaction7715,1,http://www.reactome.org/biopax/96/48895#Catalysis3763
3225,2532|8170|16462,2561|13067|16466,3,3,http://www.reactome.org/biopax/96/48895#BiochemicalReaction2550,1,http://www.reactome.org/biopax/96/48895#Catalysis1182
3226,54|14793|15720,15721|16424,3,2,http://www.reactome.org/biopax/96/48895#BiochemicalReaction8169,1,http://www.reactome.org/biopax/96/48895#Catalysis4177
3227,115|14507|15343,14506,3,1,http://www.reactome.org/biopax/96/48895#BiochemicalReaction8271,-1,http://www.reactome.org/biopax/96/48895#Control804
3228,1458|8071|16288,8114,3,1,http://www.reactome.org/biopax/96/48895#BiochemicalReaction138,1,http://www.reactome.org/biopax/96/48895#Catalysis42
3229,7181|14550|14553|14793,14117|15079,4,2,http://www.reactome.org/biopax/96/48895#BiochemicalReaction6937,1,http://www.reactome.org/biopax/96/48895#Catalysis3019
3230,4299|4301|13927|16363,4303|16574,4,2,http://www.reactome.org/biopax/96/48895#BiochemicalReaction4047,1,http://www.reactome.org/biopax/96/48895#Catalysis1794
3231,4623|13927,4624|14446,2,2,http://www.reactome.org/biopax/96/48895#BiochemicalReaction4377,1,http://www.reactome.org/biopax/96/48895#Catalysis1924
3232,5603|13927,5604|14446,2,2,http://www.reactome.org/biopax/96/48895#BiochemicalReaction5235,1,http://www.reactome.org/biopax/96/48895#Catalysis2227
3233,11075|14248|15142,14793|15274|16582,3,3,http://www.reactome.org/biopax/96/48895#BiochemicalReaction8513,1,http://www.reactome.org/biopax/96/48895#Catalysis4512
3234,12597|13945|14686,14793|16051,3,2,http://www.reactome.org/biopax/96/48895#BiochemicalReaction7032,1,http://www.reactome.org/biopax/96/48895#Catalysis3110
3235,14087|16378,14343,2,1,http://www.reactome.org/biopax/96/48895#BiochemicalReaction2086,1,http://www.reactome.org/biopax/96/48895#Control201
3236,11934|11940,11932,2,1,http://www.reactome.org/biopax/96/48895#BiochemicalReaction1155,-1,http://www.reactome.org/biopax/96/48895#Control97
3237,4817|13927,4818|14446,2,2,http://www.reactome.org/biopax/96/48895#BiochemicalReaction4538,1,http://www.reactome.org/biopax/96/48895#Catalysis1955
3238,9930|14586|16416,14587|16414,3,2,http://www.reactome.org/biopax/96/48895#BiochemicalReaction6507,1,http://www.reactome.org/biopax/96/48895#Control606
3239,12528|13927|16482|16528,14446|16520|16574,4,3,http://www.reactome.org/biopax/96/48895#BiochemicalReaction1823,1,http://www.reactome.org/biopax/96/48895#Catalysis767
3240,6183|6270,6180|9992,2,2,http://www.reactome.org/biopax/96/48895#BiochemicalReaction5779,1,http://www.reactome.org/biopax/96/48895#Catalysis2375
3241,13849|13857,13854,2,1,http://www.reactome.org/biopax/96/48895#BiochemicalReaction3644,1,http://www.reactome.org/biopax/96/48895#Catalysis1679
3242,7662|15562,14308|15557,2,2,http://www.reactome.org/biopax/96/48895#BiochemicalReaction8034,1,http://www.reactome.org/biopax/96/48895#Catalysis4043
3243,3581|9755|13614,3580,3,1,http://www.reactome.org/biopax/96/48895#BiochemicalReaction6243,1,http://www.reactome.org/biopax/96/48895#Control588
3244,11043|14255|14793|15908|16563,15912|16482|16552,5,3,http://www.reactome.org/biopax/96/48895#BiochemicalReaction8413,1,http://www.reactome.org/biopax/96/48895#Catalysis4414
3245,98|14323|15765|16371,15756|16288,4,2,http://www.reactome.org/biopax/96/48895#BiochemicalReaction8234,1,http://www.reactome.org/biopax/96/48895#Catalysis4241
3246,4896|13927,4897|14446,2,2,http://www.reactome.org/biopax/96/48895#BiochemicalReaction4612,1,http://www.reactome.org/biopax/96/48895#Catalysis1975
3247,10707|16522,15075,2,1,http://www.reactome.org/biopax/96/48895#BiochemicalReaction7439,1,http://www.reactome.org/biopax/96/48895#Catalysis3496
3248,5992|9404,8749,2,1,http://www.reactome.org/biopax/96/48895#BiochemicalReaction5594,-1,http://www.reactome.org/biopax/96/48895#Control505
3249,6639|6795,6794|11135|13912,2,3,http://www.reactome.org/biopax/96/48895#BiochemicalReaction6390,1,http://www.reactome.org/biopax/96/48895#Catalysis2611
3250,2133,2130|2131|2135|12727|16574,1,5,http://www.reactome.org/biopax/96/48895#BiochemicalReaction2293,1,http://www.reactome.org/biopax/96/48895#Catalysis1086
3251,7659|14305|15069|16482,14309|15079|15547,4,3,http://www.reactome.org/biopax/96/48895#BiochemicalReaction8020,1,http://www.reactome.org/biopax/96/48895#Catalysis4030
3252,7845|14255|14463|14793|16563,14880|16482|16552,5,3,http://www.reactome.org/biopax/96/48895#BiochemicalReaction7272,1,http://www.reactome.org/biopax/96/48895#Catalysis3331
3253,5438|8388|13927,8392|14446,3,2,http://www.reactome.org/biopax/96/48895#BiochemicalReaction5091,-1,http://www.reactome.org/biopax/96/48895#Control462
3254,3596|13558,13699,2,1,http://www.reactome.org/biopax/96/48895#BiochemicalReaction3458,1,http://www.reactome.org/biopax/96/48895#Catalysis1590
3255,829|14147,13928,2,1,http://www.reactome.org/biopax/96/48895#BiochemicalReaction850,1,http://www.reactome.org/biopax/96/48895#Catalysis342
3256,362,363,1,1,http://www.reactome.org/biopax/96/48895#BiochemicalReaction8754,1,http://www.reactome.org/biopax/96/48895#Catalysis4718
3257,12708|14173,14158,2,1,http://www.reactome.org/biopax/96/48895#BiochemicalReaction2126,1,http://www.reactome.org/biopax/96/48895#Catalysis1027
3258,5499|8763|10063,10139|11363,3,2,http://www.reactome.org/biopax/96/48895#BiochemicalReaction6656,1,http://www.reactome.org/biopax/96/48895#Catalysis2849
3259,1854|14062|14297,14065|14237,3,2,http://www.reactome.org/biopax/96/48895#BiochemicalReaction1992,1,http://www.reactome.org/biopax/96/48895#Catalysis927
3260,5623|13927,5624|14446,2,2,http://www.reactome.org/biopax/96/48895#BiochemicalReaction5248,1,http://www.reactome.org/biopax/96/48895#Catalysis2231
3261,721|14309|14793,14397|16424,3,2,http://www.reactome.org/biopax/96/48895#BiochemicalReaction762,1,http://www.reactome.org/biopax/96/48895#Catalysis279
3262,11002|15552,15772,2,1,http://www.reactome.org/biopax/96/48895#BiochemicalReaction8246,1,http://www.reactome.org/biopax/96/48895#Catalysis4251
3263,5930|9367|13927,9374|14446,3,2,http://www.reactome.org/biopax/96/48895#BiochemicalReaction5529,1,http://www.reactome.org/biopax/96/48895#Catalysis2271
3264,3061|14279,3062|14078,2,2,http://www.reactome.org/biopax/96/48895#BiochemicalReaction3006,1,http://www.reactome.org/biopax/96/48895#Catalysis1432
3265,6923|16482,6924|10177,2,2,http://www.reactome.org/biopax/96/48895#BiochemicalReaction6694,1,http://www.reactome.org/biopax/96/48895#Catalysis2881
3266,7653|16591,3222|15551|16588,2,3,http://www.reactome.org/biopax/96/48895#BiochemicalReaction8006,1,http://www.reactome.org/biopax/96/48895#Catalysis4020
3267,4530|13927,4533|14446,2,2,http://www.reactome.org/biopax/96/48895#BiochemicalReaction4278,1,http://www.reactome.org/biopax/96/48895#Catalysis1884
3268,6851|14088|14557,14078|14558,3,2,http://www.reactome.org/biopax/96/48895#BiochemicalReaction6484,1,http://www.reactome.org/biopax/96/48895#Catalysis2686
3269,3801|6752|13998,3801|14008,3,2,http://www.reactome.org/biopax/96/48895#BiochemicalReaction3637,1,http://www.reactome.org/biopax/96/48895#Catalysis1674
3270,259|14323|16021|16288|16577,16022|16023|16351,5,3,http://www.reactome.org/biopax/96/48895#BiochemicalReaction8516,1,http://www.reactome.org/biopax/96/48895#Catalysis4515
3271,6377|10271|16482,9622|16574,3,2,http://www.reactome.org/biopax/96/48895#BiochemicalReaction5983,1,http://www.reactome.org/biopax/96/48895#Catalysis2458
3272,2656|10745,2657,2,1,http://www.reactome.org/biopax/96/48895#BiochemicalReaction2657,1,http://www.reactome.org/biopax/96/48895#Catalysis1241
3274,4214|8595,4213|8245,2,2,http://www.reactome.org/biopax/96/48895#BiochemicalReaction3966,1,http://www.reactome.org/biopax/96/48895#Catalysis1772
3275,7506|15380,15381,2,1,http://www.reactome.org/biopax/96/48895#BiochemicalReaction7767,1,http://www.reactome.org/biopax/96/48895#Catalysis3811
3276,10772|14348|16547,15166|16308,3,2,http://www.reactome.org/biopax/96/48895#BiochemicalReaction7576,1,http://www.reactome.org/biopax/96/48895#Catalysis3631
3277,11597|14183|15031,14990|15032|15033,3,3,http://www.reactome.org/biopax/96/48895#BiochemicalReaction7384,1,http://www.reactome.org/biopax/96/48895#Catalysis3441
3278,4546|8789,4547|8788|13901,2,3,http://www.reactome.org/biopax/96/48895#BiochemicalReaction4296,1,http://www.reactome.org/biopax/96/48895#Catalysis1893
3279,6005|6008|13927,6006|14446,3,2,http://www.reactome.org/biopax/96/48895#BiochemicalReaction5611,-1,http://www.reactome.org/biopax/96/48895#Control507
3280,43|44|14793|15050,42|15029,4,2,http://www.reactome.org/biopax/96/48895#BiochemicalReaction8153,1,http://www.reactome.org/biopax/96/48895#Catalysis4161
3281,208|13927|13969|16482,15079|15142|16574,4,3,http://www.reactome.org/biopax/96/48895#BiochemicalReaction8423,1,http://www.reactome.org/biopax/96/48895#Catalysis4424
3282,6737|6738|15939,6721|6737|14254,3,3,http://www.reactome.org/biopax/96/48895#BiochemicalReaction6363,1,http://www.reactome.org/biopax/96/48895#Catalysis2603
3283,1936|16424|16482,14793|16518,3,2,http://www.reactome.org/biopax/96/48895#BiochemicalReaction2111,1,http://www.reactome.org/biopax/96/48895#Catalysis1018
3284,173|3761|4009|10745,173|3762,4,2,http://www.reactome.org/biopax/96/48895#BiochemicalReaction3812,1,http://www.reactome.org/biopax/96/48895#Catalysis1735
3285,7286|13927|16471,14446|14793|16472,3,3,http://www.reactome.org/biopax/96/48895#BiochemicalReaction7139,1,http://www.reactome.org/biopax/96/48895#Catalysis3207
3286,1637|16458,16456,2,1,http://www.reactome.org/biopax/96/48895#BiochemicalReaction1642,1,http://www.reactome.org/biopax/96/48895#Catalysis705
3287,12290|12291|13927,12292|14446,3,2,http://www.reactome.org/biopax/96/48895#BiochemicalReaction1521,1,http://www.reactome.org/biopax/96/48895#Catalysis655
3288,10321|11954,10322|11688,2,2,http://www.reactome.org/biopax/96/48895#BiochemicalReaction6845,1,http://www.reactome.org/biopax/96/48895#Catalysis2967
3289,7524|14484,14955|15568,2,2,http://www.reactome.org/biopax/96/48895#BiochemicalReaction7818,1,http://www.reactome.org/biopax/96/48895#Catalysis3858
3291,10663|11202|16462,11199|16466,3,2,http://www.reactome.org/biopax/96/48895#BiochemicalReaction458,1,http://www.reactome.org/biopax/96/48895#Catalysis178
3292,887|13927|16365|16482,14446|14793|16352|16574,4,4,http://www.reactome.org/biopax/96/48895#BiochemicalReaction2044,1,http://www.reactome.org/biopax/96/48895#Catalysis972
3293,10809|15245|16482,14793|15246|16574,3,3,http://www.reactome.org/biopax/96/48895#BiochemicalReaction7651,1,http://www.reactome.org/biopax/96/48895#Catalysis3701
3294,5251|5282|16504,5261|14036,3,2,http://www.reactome.org/biopax/96/48895#BiochemicalReaction475,1,http://www.reactome.org/biopax/96/48895#Catalysis189
3295,12177|12179|16328|16329,12180|16331|16332|16420,4,4,http://www.reactome.org/biopax/96/48895#BiochemicalReaction1406,1,http://www.reactome.org/biopax/96/48895#Catalysis596
3296,7320|14844,16618,2,1,http://www.reactome.org/biopax/96/48895#BiochemicalReaction7237,1,http://www.reactome.org/biopax/96/48895#Catalysis3297
3298,7672|13927|15587,14446|15590,3,2,http://www.reactome.org/biopax/96/48895#BiochemicalReaction8054,1,http://www.reactome.org/biopax/96/48895#Catalysis4062
3299,10719|14196|15097,14362|15095,3,2,http://www.reactome.org/biopax/96/48895#BiochemicalReaction7472,1,http://www.reactome.org/biopax/96/48895#Catalysis3529
3300,7919|14873|15343|15607|16102,14874|15321|16103,5,3,http://www.reactome.org/biopax/96/48895#BiochemicalReaction8578,1,http://www.reactome.org/biopax/96/48895#Catalysis4575
3301,489|11223,422|2725|9745|9795|11222|11224|11226|11227,2,8,http://www.reactome.org/biopax/96/48895#BiochemicalReaction8848,1,http://www.reactome.org/biopax/96/48895#Control861
3302,5986|13998,5996|14008,2,2,http://www.reactome.org/biopax/96/48895#BiochemicalReaction516,1,http://www.reactome.org/biopax/96/48895#Catalysis202
3303,12171|12186|13998,12175|14008,3,2,http://www.reactome.org/biopax/96/48895#BiochemicalReaction1419,1,http://www.reactome.org/biopax/96/48895#Catalysis609
3304,10938|14417|15530,14418|15545,3,2,http://www.reactome.org/biopax/96/48895#BiochemicalReaction8017,1,http://www.reactome.org/biopax/96/48895#Catalysis4029
3305,7239|14652|14677,14675|14676,3,2,http://www.reactome.org/biopax/96/48895#BiochemicalReaction7011,1,http://www.reactome.org/biopax/96/48895#Catalysis3090
3306,830|14147,13928,2,1,http://www.reactome.org/biopax/96/48895#BiochemicalReaction851,1,http://www.reactome.org/biopax/96/48895#Catalysis343
3307,11749|14255|14793|16020|16563,16031|16482|16552,5,3,http://www.reactome.org/biopax/96/48895#BiochemicalReaction931,1,http://www.reactome.org/biopax/96/48895#Catalysis392
3308,10846|14255|14793|15379|16563,14682|15394|16482|16552,5,4,http://www.reactome.org/biopax/96/48895#BiochemicalReaction7778,1,http://www.reactome.org/biopax/96/48895#Control717
3309,9944|14115|14604,7792|14607,3,2,http://www.reactome.org/biopax/96/48895#BiochemicalReaction6522,1,http://www.reactome.org/biopax/96/48895#Catalysis2722
3310,187|14309|15894,13985|16324,3,2,http://www.reactome.org/biopax/96/48895#BiochemicalReaction8389,1,http://www.reactome.org/biopax/96/48895#Catalysis4390
3311,13491,13439|13509,1,2,http://www.reactome.org/biopax/96/48895#BiochemicalReaction203,1,http://www.reactome.org/biopax/96/48895#Catalysis52
3312,6395|6514|6517|9705,6518,4,1,http://www.reactome.org/biopax/96/48895#BiochemicalReaction6120,-1,http://www.reactome.org/biopax/96/48895#Control566
3313,1409|12205|13998,12206|14008,3,2,http://www.reactome.org/biopax/96/48895#BiochemicalReaction1436,1,http://www.reactome.org/biopax/96/48895#Control139
3314,11591|14183|14904,14901|14990|15013,3,3,http://www.reactome.org/biopax/96/48895#BiochemicalReaction7369,1,http://www.reactome.org/biopax/96/48895#Catalysis3426
3315,566|585|13998,577|14008,3,2,http://www.reactome.org/biopax/96/48895#BiochemicalReaction662,-1,http://www.reactome.org/biopax/96/48895#Control48
3316,5499|10056,10057|11363,2,2,http://www.reactome.org/biopax/96/48895#BiochemicalReaction6589,1,http://www.reactome.org/biopax/96/48895#Catalysis2783
3317,1537|13927,1538|14446,2,2,http://www.reactome.org/biopax/96/48895#BiochemicalReaction1553,1,http://www.reactome.org/biopax/96/48895#Catalysis666
3319,10622|14873|14893|14908,14466|14874|14909|15321|16040,4,5,http://www.reactome.org/biopax/96/48895#BiochemicalReaction7295,1,http://www.reactome.org/biopax/96/48895#Catalysis3354
3320,7234|16515,14597,2,1,http://www.reactome.org/biopax/96/48895#BiochemicalReaction6998,1,http://www.reactome.org/biopax/96/48895#Catalysis3077
3321,10607|14805,7301,2,1,http://www.reactome.org/biopax/96/48895#BiochemicalReaction7198,1,http://www.reactome.org/biopax/96/48895#Catalysis3265
3322,13927|14233|16533,14446|14654|14793,3,3,http://www.reactome.org/biopax/96/48895#BiochemicalReaction6981,-1,http://www.reactome.org/biopax/96/48895#Control664
3323,10271|13839|13927,13840|14446,3,2,http://www.reactome.org/biopax/96/48895#BiochemicalReaction3615,1,http://www.reactome.org/biopax/96/48895#Catalysis1664
3325,4467|13927,4468|14446,2,2,http://www.reactome.org/biopax/96/48895#BiochemicalReaction4226,1,http://www.reactome.org/biopax/96/48895#Catalysis1862
3326,3338|13927,3339|14446,2,2,http://www.reactome.org/biopax/96/48895#BiochemicalReaction3199,1,http://www.reactome.org/biopax/96/48895#Catalysis1497
3327,6352|6356|10745,6355,3,1,http://www.reactome.org/biopax/96/48895#BiochemicalReaction5941,1,http://www.reactome.org/biopax/96/48895#Catalysis2434
3328,4644|4876|16462,4886|16466,3,2,http://www.reactome.org/biopax/96/48895#BiochemicalReaction439,1,http://www.reactome.org/biopax/96/48895#Catalysis168
3329,1966|1984,1990|16480|16486,2,3,http://www.reactome.org/biopax/96/48895#BiochemicalReaction2172,1,http://www.reactome.org/biopax/96/48895#Catalysis1053
3330,7578|13940|16552,14793|15294|16424|16563,3,4,http://www.reactome.org/biopax/96/48895#BiochemicalReaction7936,1,http://www.reactome.org/biopax/96/48895#Catalysis3966
3331,14446|16591,16588,2,1,http://www.reactome.org/biopax/96/48895#BiochemicalReaction8008,-1,http://www.reactome.org/biopax/96/48895#Control768
3333,7307|10628|14430,13945|14460|14827,3,3,http://www.reactome.org/biopax/96/48895#BiochemicalReaction7217,1,http://www.reactome.org/biopax/96/48895#Catalysis3283
3334,3152|7796|8673,3147,3,1,http://www.reactome.org/biopax/96/48895#BiochemicalReaction310,-1,http://www.reactome.org/biopax/96/48895#Control18
3335,10943|13927|14308,14446,3,1,http://www.reactome.org/biopax/96/48895#BiochemicalReaction8044,1,http://www.reactome.org/biopax/96/48895#Catalysis4052
3336,10302|10374|16583|16588,10309|16343|16591,4,3,http://www.reactome.org/biopax/96/48895#BiochemicalReaction372,1,http://www.reactome.org/biopax/96/48895#Control26
3338,4259|13927,4260|8546|14446,2,3,http://www.reactome.org/biopax/96/48895#BiochemicalReaction4010,1,http://www.reactome.org/biopax/96/48895#Catalysis1780
3339,10843|14255|14793|15381|16563,14682|16342|16482|16552,5,4,http://www.reactome.org/biopax/96/48895#BiochemicalReaction7781,1,http://www.reactome.org/biopax/96/48895#Catalysis3825
3340,7502|15368|16391|16583|16588,15370|16343|16392,5,3,http://www.reactome.org/biopax/96/48895#BiochemicalReaction7761,1,http://www.reactome.org/biopax/96/48895#Catalysis3805
3341,8053|12160|16328|16329,12142|16331|16332|16420,4,4,http://www.reactome.org/biopax/96/48895#BiochemicalReaction1396,1,http://www.reactome.org/biopax/96/48895#Catalysis586
3344,2951|16504,2952|9992|13248|13251,2,4,http://www.reactome.org/biopax/96/48895#BiochemicalReaction2905,1,http://www.reactome.org/biopax/96/48895#Catalysis1384
3345,10654|14184|14916,14362|14917,3,2,http://www.reactome.org/biopax/96/48895#BiochemicalReaction7302,1,http://www.reactome.org/biopax/96/48895#Catalysis3361
3346,1115|8509|13927,12293|14446,3,2,http://www.reactome.org/biopax/96/48895#BiochemicalReaction1522,1,http://www.reactome.org/biopax/96/48895#Control144
3347,6446|9681|15939,6447|14254,3,2,http://www.reactome.org/biopax/96/48895#BiochemicalReaction6062,1,http://www.reactome.org/biopax/96/48895#Catalysis2492
3348,7413|13927|15146,14446|15138,3,2,http://www.reactome.org/biopax/96/48895#BiochemicalReaction7554,1,http://www.reactome.org/biopax/96/48895#Catalysis3610
3349,11094|16151|16482,13930|13971,3,2,http://www.reactome.org/biopax/96/48895#BiochemicalReaction8611,1,http://www.reactome.org/biopax/96/48895#Catalysis4607
3350,10704|15071|16482,15072|15073,3,2,http://www.reactome.org/biopax/96/48895#BiochemicalReaction7434,1,http://www.reactome.org/biopax/96/48895#Catalysis3491
3351,10861|16113|16391|16583|16588,16114|16343|16392,5,3,http://www.reactome.org/biopax/96/48895#BiochemicalReaction8585,1,http://www.reactome.org/biopax/96/48895#Catalysis4582
3352,8512|8513|13830,4008,3,1,http://www.reactome.org/biopax/96/48895#BiochemicalReaction3810,1,http://www.reactome.org/biopax/96/48895#Control349
3353,497|11228,498,2,1,http://www.reactome.org/biopax/96/48895#BiochemicalReaction8851,1,http://www.reactome.org/biopax/96/48895#Control884
3354,6202|6206|15551,6203|16475|16588,3,3,http://www.reactome.org/biopax/96/48895#BiochemicalReaction5802,-1,http://www.reactome.org/biopax/96/48895#Control529
3355,1053|16462,1054|10416|16466,2,3,http://www.reactome.org/biopax/96/48895#BiochemicalReaction1083,1,http://www.reactome.org/biopax/96/48895#Catalysis474
3356,2699|13127|13927,2700|14446,3,2,http://www.reactome.org/biopax/96/48895#BiochemicalReaction2691,1,http://www.reactome.org/biopax/96/48895#Catalysis1267
3357,1906|3183|13927,1907|14446,3,2,http://www.reactome.org/biopax/96/48895#BiochemicalReaction3088,1,http://www.reactome.org/biopax/96/48895#Control282
3358,9859|9861|15142,9860|15274,3,2,http://www.reactome.org/biopax/96/48895#BiochemicalReaction6433,1,http://www.reactome.org/biopax/96/48895#Catalysis2635
3359,12191|12192|13998,12193|14008,3,2,http://www.reactome.org/biopax/96/48895#BiochemicalReaction1425,1,http://www.reactome.org/biopax/96/48895#Catalysis614
3360,3431|13927,3432|14446,2,2,http://www.reactome.org/biopax/96/48895#BiochemicalReaction3267,1,http://www.reactome.org/biopax/96/48895#Catalysis1524
3361,14430|14721|14724,14686|14722,3,2,http://www.reactome.org/biopax/96/48895#BiochemicalReaction7107,-1,http://www.reactome.org/biopax/96/48895#Control684
3362,12570|14297|16453,14237|16574,3,2,http://www.reactome.org/biopax/96/48895#BiochemicalReaction1883,1,http://www.reactome.org/biopax/96/48895#Catalysis821
3363,6836|14523|16416,14524|14525,3,2,http://www.reactome.org/biopax/96/48895#BiochemicalReaction6453,1,http://www.reactome.org/biopax/96/48895#Catalysis2655
3364,2994|2995,2996|11363,2,2,http://www.reactome.org/biopax/96/48895#BiochemicalReaction2948,1,http://www.reactome.org/biopax/96/48895#Catalysis1405
3365,10827|15295|16391|16583|16588,15297|16343|16392,5,3,http://www.reactome.org/biopax/96/48895#BiochemicalReaction7695,1,http://www.reactome.org/biopax/96/48895#Catalysis3743
3366,2480|13927,3709|14446,2,2,http://www.reactome.org/biopax/96/48895#BiochemicalReaction3552,1,http://www.reactome.org/biopax/96/48895#Catalysis1633
3367,4353|16299|16482,16454|16457,3,2,http://www.reactome.org/biopax/96/48895#BiochemicalReaction4100,1,http://www.reactome.org/biopax/96/48895#Catalysis1820
3368,3778|13927|16299,13979|14446,3,2,http://www.reactome.org/biopax/96/48895#BiochemicalReaction3611,1,http://www.reactome.org/biopax/96/48895#Catalysis1662
3369,10973|13927|15722,14362|14446|14793,3,3,http://www.reactome.org/biopax/96/48895#BiochemicalReaction8172,1,http://www.reactome.org/biopax/96/48895#Catalysis4180
3370,4328|4331|13927,4329|14446,3,2,http://www.reactome.org/biopax/96/48895#BiochemicalReaction4078,1,http://www.reactome.org/biopax/96/48895#Catalysis1807
3371,12541|14323|15835,14793|16376,3,2,http://www.reactome.org/biopax/96/48895#BiochemicalReaction1851,1,http://www.reactome.org/biopax/96/48895#Catalysis790
3372,815|14147,13928,2,1,http://www.reactome.org/biopax/96/48895#BiochemicalReaction838,1,http://www.reactome.org/biopax/96/48895#Catalysis332
3373,4671|16462,3007|16466,2,2,http://www.reactome.org/biopax/96/48895#BiochemicalReaction2960,1,http://www.reactome.org/biopax/96/48895#Catalysis1411
3374,165|15855|16393|16588,14926|15859,4,2,http://www.reactome.org/biopax/96/48895#BiochemicalReaction8347,1,http://www.reactome.org/biopax/96/48895#Catalysis4348
3375,6588|9616|13927,9737|14446,3,2,http://www.reactome.org/biopax/96/48895#BiochemicalReaction6215,1,http://www.reactome.org/biopax/96/48895#Catalysis2550
3376,7434|10770|14255|14793|15161,7435|15163|16482,5,3,http://www.reactome.org/biopax/96/48895#BiochemicalReaction7574,1,http://www.reactome.org/biopax/96/48895#Catalysis3629
3377,5499|6884|12042,10051|11363,3,2,http://www.reactome.org/biopax/96/48895#BiochemicalReaction6584,1,http://www.reactome.org/biopax/96/48895#Catalysis2778
3378,5016|13927,5017|14446,2,2,http://www.reactome.org/biopax/96/48895#BiochemicalReaction4711,1,http://www.reactome.org/biopax/96/48895#Catalysis2000
3379,171|15869|16482,15870,3,1,http://www.reactome.org/biopax/96/48895#BiochemicalReaction8362,1,http://www.reactome.org/biopax/96/48895#Catalysis4363
3380,6977|16504,6978|7939,2,2,http://www.reactome.org/biopax/96/48895#BiochemicalReaction6719,1,http://www.reactome.org/biopax/96/48895#Catalysis2902
3381,10638|14255|15445,15446,3,1,http://www.reactome.org/biopax/96/48895#BiochemicalReaction7841,1,http://www.reactome.org/biopax/96/48895#Catalysis3881
3382,1668|12414|13322,1675,3,1,http://www.reactome.org/biopax/96/48895#BiochemicalReaction1687,1,http://www.reactome.org/biopax/96/48895#Catalysis719
3384,7392|14349|16351,15053|15070,3,2,http://www.reactome.org/biopax/96/48895#BiochemicalReaction7432,1,http://www.reactome.org/biopax/96/48895#Catalysis3489
3385,7198|7200|13927,7199|14446|14793,3,3,http://www.reactome.org/biopax/96/48895#BiochemicalReaction6948,1,http://www.reactome.org/biopax/96/48895#Catalysis3030
3386,12552|14019|15879,14087|16291,3,2,http://www.reactome.org/biopax/96/48895#BiochemicalReaction1866,1,http://www.reactome.org/biopax/96/48895#Catalysis805
3387,152|13970|15551|16391|16588,15838|16345|16392|16475,5,4,http://www.reactome.org/biopax/96/48895#BiochemicalReaction8325,1,http://www.reactome.org/biopax/96/48895#Catalysis4326
3388,10340|10341|16494,9383|10342,3,2,http://www.reactome.org/biopax/96/48895#BiochemicalReaction6855,-1,http://www.reactome.org/biopax/96/48895#Control621
3389,10642|14255|15450,15474,3,1,http://www.reactome.org/biopax/96/48895#BiochemicalReaction7863,1,http://www.reactome.org/biopax/96/48895#Catalysis3903
3390,6455|15939,6456|14254,2,2,http://www.reactome.org/biopax/96/48895#BiochemicalReaction6069,1,http://www.reactome.org/biopax/96/48895#Catalysis2496
3392,7878|14793|15286|16563,15288|16552,4,2,http://www.reactome.org/biopax/96/48895#BiochemicalReaction7689,1,http://www.reactome.org/biopax/96/48895#Catalysis3737
3393,799,800|16574,1,2,http://www.reactome.org/biopax/96/48895#BiochemicalReaction825,1,http://www.reactome.org/biopax/96/48895#Catalysis322
3394,1590|1617,2698|12391|12392,2,3,http://www.reactome.org/biopax/96/48895#BiochemicalReaction1636,-1,http://www.reactome.org/biopax/96/48895#Control166
3395,1172|16390|16391|16588,16389|16392,4,2,http://www.reactome.org/biopax/96/48895#BiochemicalReaction1182,1,http://www.reactome.org/biopax/96/48895#Catalysis512
3396,22|15660|16504,15661|16422|16514,3,3,http://www.reactome.org/biopax/96/48895#BiochemicalReaction8117,1,http://www.reactome.org/biopax/96/48895#Catalysis4125
3397,11740|15239|16351,14323|15244|15374,3,3,http://www.reactome.org/biopax/96/48895#BiochemicalReaction904,1,http://www.reactome.org/biopax/96/48895#Catalysis367
3398,8279|8544|16462,12141|16466,3,2,http://www.reactome.org/biopax/96/48895#BiochemicalReaction3840,1,http://www.reactome.org/biopax/96/48895#Catalysis1751
3399,1609|16458,16456,2,1,http://www.reactome.org/biopax/96/48895#BiochemicalReaction1626,1,http://www.reactome.org/biopax/96/48895#Catalysis697
3400,10826|14793|15351|16563,15352|16552,4,2,http://www.reactome.org/biopax/96/48895#BiochemicalReaction7738,1,http://www.reactome.org/biopax/96/48895#Catalysis3786
3401,1591|5522|13420,5521,3,1,http://www.reactome.org/biopax/96/48895#BiochemicalReaction5160,-1,http://www.reactome.org/biopax/96/48895#Control468
3402,7506|15029|15379,14793|15050|15380,3,3,http://www.reactome.org/biopax/96/48895#BiochemicalReaction7766,1,http://www.reactome.org/biopax/96/48895#Catalysis3810
3403,4499|4503|8775,4500,3,1,http://www.reactome.org/biopax/96/48895#BiochemicalReaction4259,-1,http://www.reactome.org/biopax/96/48895#Control397
3404,201|13973|14255,15907,3,1,http://www.reactome.org/biopax/96/48895#BiochemicalReaction8411,1,http://www.reactome.org/biopax/96/48895#Catalysis4412
3405,7896|14446|15574,13927|15572,3,2,http://www.reactome.org/biopax/96/48895#BiochemicalReaction8047,1,http://www.reactome.org/biopax/96/48895#Catalysis4055
3406,10469|14669,14670,2,1,http://www.reactome.org/biopax/96/48895#BiochemicalReaction6999,1,http://www.reactome.org/biopax/96/48895#Catalysis3078
3407,7410|15129|16482,15130|16574,3,2,http://www.reactome.org/biopax/96/48895#BiochemicalReaction7514,1,http://www.reactome.org/biopax/96/48895#Catalysis3571
3408,12676|13927|16458|16482,14446|16456|16574,4,3,http://www.reactome.org/biopax/96/48895#BiochemicalReaction2075,1,http://www.reactome.org/biopax/96/48895#Catalysis989
3409,11031|13927|13968|15462,14446|14793|15875|16574,4,4,http://www.reactome.org/biopax/96/48895#BiochemicalReaction8367,1,http://www.reactome.org/biopax/96/48895#Catalysis4368
3410,7172|16462,7182|16466,2,2,http://www.reactome.org/biopax/96/48895#BiochemicalReaction612,1,http://www.reactome.org/biopax/96/48895#Catalysis225
3411,6184|10745,6185,2,1,http://www.reactome.org/biopax/96/48895#BiochemicalReaction5781,1,http://www.reactome.org/biopax/96/48895#Catalysis2376
3412,1282|13998,1283|14008,2,2,http://www.reactome.org/biopax/96/48895#BiochemicalReaction1282,1,http://www.reactome.org/biopax/96/48895#Catalysis549
3413,4587|8816|13927,8825|14446,3,2,http://www.reactome.org/biopax/96/48895#BiochemicalReaction4345,-1,http://www.reactome.org/biopax/96/48895#Control402
3414,10705|14294|15142,15274|16522,3,2,http://www.reactome.org/biopax/96/48895#BiochemicalReaction7437,1,http://www.reactome.org/biopax/96/48895#Catalysis3494
3415,7604|14967|16345|16474,14421|15568|16404,4,3,http://www.reactome.org/biopax/96/48895#BiochemicalReaction7968,1,http://www.reactome.org/biopax/96/48895#Catalysis3996
3416,10998|15766,99,2,1,http://www.reactome.org/biopax/96/48895#BiochemicalReaction8235,1,http://www.reactome.org/biopax/96/48895#Catalysis4242
3417,873|14989|15029|16482,14793|15038|15050,4,3,http://www.reactome.org/biopax/96/48895#BiochemicalReaction888,1,http://www.reactome.org/biopax/96/48895#Catalysis351
3418,225|14183|15317|16387,15950|15952|16386,4,3,http://www.reactome.org/biopax/96/48895#BiochemicalReaction8456,1,http://www.reactome.org/biopax/96/48895#Catalysis4457
3419,4577|8813|16462,8814|16466,3,2,http://www.reactome.org/biopax/96/48895#BiochemicalReaction4331,1,http://www.reactome.org/biopax/96/48895#Catalysis1910
3420,12296|16438|16482,16439|16440,3,2,http://www.reactome.org/biopax/96/48895#BiochemicalReaction1526,1,http://www.reactome.org/biopax/96/48895#Catalysis656
3421,3659|3660|13927,3662|14446,3,2,http://www.reactome.org/biopax/96/48895#BiochemicalReaction3497,-1,http://www.reactome.org/biopax/96/48895#Control319
3422,7820|14430|14692,14693|14694,3,2,http://www.reactome.org/biopax/96/48895#BiochemicalReaction7048,1,http://www.reactome.org/biopax/96/48895#Catalysis3124
3423,3575|13614|13629,3574,3,1,http://www.reactome.org/biopax/96/48895#BiochemicalReaction6286,-1,http://www.reactome.org/biopax/96/48895#Control594
3424,154|14793|15841|16563,13956|16552,4,2,http://www.reactome.org/biopax/96/48895#BiochemicalReaction8327,1,http://www.reactome.org/biopax/96/48895#Catalysis4328
3425,3294|4158|16462,2083|16466,3,2,http://www.reactome.org/biopax/96/48895#BiochemicalReaction2570,1,http://www.reactome.org/biopax/96/48895#Catalysis1192
3426,3454|5486,5487,2,1,http://www.reactome.org/biopax/96/48895#BiochemicalReaction5135,1,http://www.reactome.org/biopax/96/48895#Catalysis2189
3427,3596|13724,13725|13726,2,2,http://www.reactome.org/biopax/96/48895#BiochemicalReaction3470,1,http://www.reactome.org/biopax/96/48895#Catalysis1601
3428,7315|14255|15448,15507,3,1,http://www.reactome.org/biopax/96/48895#BiochemicalReaction7888,1,http://www.reactome.org/biopax/96/48895#Catalysis3928
3429,5774|9255|16445,5772,3,1,http://www.reactome.org/biopax/96/48895#BiochemicalReaction5385,1,http://www.reactome.org/biopax/96/48895#Control490
3430,2301|7144,10369|10380|10381|10382|12368,2,5,http://www.reactome.org/biopax/96/48895#BiochemicalReaction6896,1,http://www.reactome.org/biopax/96/48895#Catalysis2998
3431,173|4363|8245|13927,173|4364|14308|15079,4,4,http://www.reactome.org/biopax/96/48895#BiochemicalReaction4111,1,http://www.reactome.org/biopax/96/48895#Catalysis1824
3432,894|16146|16482,16135|16171,3,2,http://www.reactome.org/biopax/96/48895#BiochemicalReaction947,1,http://www.reactome.org/biopax/96/48895#Catalysis408
3433,9404|10272|13927,9405|14446,3,2,http://www.reactome.org/biopax/96/48895#BiochemicalReaction5595,1,http://www.reactome.org/biopax/96/48895#Catalysis2305
3434,7161|10410|10413|16525,7162|10411|14642,4,3,http://www.reactome.org/biopax/96/48895#BiochemicalReaction6916,-1,http://www.reactome.org/biopax/96/48895#Control643
3435,11731|13927|14305|15560|16482,14308|14309|14793|15079|16433,5,5,http://www.reactome.org/biopax/96/48895#BiochemicalReaction8032,1,http://www.reactome.org/biopax/96/48895#Catalysis4041
3436,12615|14002|14297|14793,14003|14237|14323,4,3,http://www.reactome.org/biopax/96/48895#BiochemicalReaction1944,1,http://www.reactome.org/biopax/96/48895#Catalysis882
3437,7218|14658,10459|10460,2,2,http://www.reactome.org/biopax/96/48895#BiochemicalReaction6971,1,http://www.reactome.org/biopax/96/48895#Control657
3438,10745|13896|13927|14173,3862|14173|14308|15079,4,4,http://www.reactome.org/biopax/96/48895#BiochemicalReaction3695,1,http://www.reactome.org/biopax/96/48895#Catalysis1702
3439,6526|16482,3374|6417|6524|9663|16574,2,5,http://www.reactome.org/biopax/96/48895#BiochemicalReaction6126,1,http://www.reactome.org/biopax/96/48895#Catalysis2510
3440,3288|7222|10580,3288|7017,3,2,http://www.reactome.org/biopax/96/48895#BiochemicalReaction616,1,http://www.reactome.org/biopax/96/48895#Catalysis226
3441,2416|12971|15939,2418|12948|14254,3,3,http://www.reactome.org/biopax/96/48895#BiochemicalReaction2439,1,http://www.reactome.org/biopax/96/48895#Catalysis1140
3442,2886|14279,2887|14078,2,2,http://www.reactome.org/biopax/96/48895#BiochemicalReaction2865,1,http://www.reactome.org/biopax/96/48895#Catalysis1362
3443,2060|2066|16462,2070|16466,3,2,http://www.reactome.org/biopax/96/48895#BiochemicalReaction2247,1,http://www.reactome.org/biopax/96/48895#Catalysis1068
3444,5561|13927,5562|14446,2,2,http://www.reactome.org/biopax/96/48895#BiochemicalReaction5198,1,http://www.reactome.org/biopax/96/48895#Catalysis2212
3445,10271|12014|13927,9615|14446,3,2,http://www.reactome.org/biopax/96/48895#BiochemicalReaction5977,1,http://www.reactome.org/biopax/96/48895#Catalysis2453
3446,10493|10497|14110,10496|14109|16551,3,3,http://www.reactome.org/biopax/96/48895#BiochemicalReaction7043,1,http://www.reactome.org/biopax/96/48895#Catalysis3121
3447,232|15142|15857,14793|15274|15960,3,3,http://www.reactome.org/biopax/96/48895#BiochemicalReaction8465,1,http://www.reactome.org/biopax/96/48895#Catalysis4466
3448,18|15636|16482,15637|16574,3,2,http://www.reactome.org/biopax/96/48895#BiochemicalReaction8094,1,http://www.reactome.org/biopax/96/48895#Catalysis4102
3449,7822|14357|14704,13945|14362|14705,3,3,http://www.reactome.org/biopax/96/48895#BiochemicalReaction7078,1,http://www.reactome.org/biopax/96/48895#Catalysis3149
3450,14173|15079|16482,16574,3,1,http://www.reactome.org/biopax/96/48895#BiochemicalReaction6347,1,http://www.reactome.org/biopax/96/48895#Control596
3451,5180|13927,5181|14446,2,2,http://www.reactome.org/biopax/96/48895#BiochemicalReaction4863,1,http://www.reactome.org/biopax/96/48895#Catalysis2067
3452,11635|13995|14297,13996|14237,3,2,http://www.reactome.org/biopax/96/48895#BiochemicalReaction1941,1,http://www.reactome.org/biopax/96/48895#Catalysis879
3453,3343|3344|13927,3345|14446,3,2,http://www.reactome.org/biopax/96/48895#BiochemicalReaction3203,1,http://www.reactome.org/biopax/96/48895#Catalysis1500
3454,10282|10284|13998,10283|14008,3,2,http://www.reactome.org/biopax/96/48895#BiochemicalReaction6807,1,http://www.reactome.org/biopax/96/48895#Catalysis2946
3455,8118|11633,8117,2,1,http://www.reactome.org/biopax/96/48895#BiochemicalReaction1891,1,http://www.reactome.org/biopax/96/48895#Catalysis829
3456,894|15981|16135,16003|16146,3,2,http://www.reactome.org/biopax/96/48895#BiochemicalReaction943,1,http://www.reactome.org/biopax/96/48895#Catalysis404
3457,1775|16477|16482,16478|16479,3,2,http://www.reactome.org/biopax/96/48895#BiochemicalReaction1773,1,http://www.reactome.org/biopax/96/48895#Catalysis734
3458,2613|3294|16462,2509|16466,3,2,http://www.reactome.org/biopax/96/48895#BiochemicalReaction2612,1,http://www.reactome.org/biopax/96/48895#Catalysis1218
3459,7339|14183|14898,14899,3,1,http://www.reactome.org/biopax/96/48895#BiochemicalReaction7288,1,http://www.reactome.org/biopax/96/48895#Catalysis3347
3460,6364|16462,6365|16466,2,2,http://www.reactome.org/biopax/96/48895#BiochemicalReaction5960,1,http://www.reactome.org/biopax/96/48895#Catalysis2443
3461,671|11592|14574,680,3,1,http://www.reactome.org/biopax/96/48895#BiochemicalReaction83,1,http://www.reactome.org/biopax/96/48895#Control6
3462,137|14627|15816|16583|16588,14626|15817|16343,5,3,http://www.reactome.org/biopax/96/48895#BiochemicalReaction8298,1,http://www.reactome.org/biopax/96/48895#Control805
3463,4443|10621|13927,10626|14446,3,2,http://www.reactome.org/biopax/96/48895#BiochemicalReaction405,1,http://www.reactome.org/biopax/96/48895#Catalysis144
3464,13849|13864|16413,13852,3,1,http://www.reactome.org/biopax/96/48895#BiochemicalReaction3656,1,http://www.reactome.org/biopax/96/48895#Control343
3465,161|11024|15568,11025|15852,3,2,http://www.reactome.org/biopax/96/48895#BiochemicalReaction8341,1,http://www.reactome.org/biopax/96/48895#Catalysis4342
3466,7819|11730,8219,2,1,http://www.reactome.org/biopax/96/48895#BiochemicalReaction7034,1,http://www.reactome.org/biopax/96/48895#Catalysis3112
3467,8725|15029|15231|16482,14126|14793|15050,4,3,http://www.reactome.org/biopax/96/48895#BiochemicalReaction7636,1,http://www.reactome.org/biopax/96/48895#Catalysis3688
3468,7195|7197|13927,7196|14446|14793,3,3,http://www.reactome.org/biopax/96/48895#BiochemicalReaction6947,1,http://www.reactome.org/biopax/96/48895#Catalysis3029
3469,7480|14532|15242,15079|15243,3,2,http://www.reactome.org/biopax/96/48895#BiochemicalReaction7648,1,http://www.reactome.org/biopax/96/48895#Catalysis3699
3470,3761|3847|13927,3849|14446,3,2,http://www.reactome.org/biopax/96/48895#BiochemicalReaction3683,1,http://www.reactome.org/biopax/96/48895#Catalysis1698
3471,7871|16299|16482,14232|16574,3,2,http://www.reactome.org/biopax/96/48895#BiochemicalReaction7525,1,http://www.reactome.org/biopax/96/48895#Catalysis3582
3472,6020|13927|14232,14446|16299,3,2,http://www.reactome.org/biopax/96/48895#BiochemicalReaction5625,1,http://www.reactome.org/biopax/96/48895#Catalysis2315
3473,5636|10745,5637|13775,2,2,http://www.reactome.org/biopax/96/48895#BiochemicalReaction5259,1,http://www.reactome.org/biopax/96/48895#Catalysis2234
3474,12568|14323|16570,14793|16572,3,2,http://www.reactome.org/biopax/96/48895#BiochemicalReaction7035,1,http://www.reactome.org/biopax/96/48895#Catalysis3113
3475,168|14419|15863,14420|15864|16588,3,3,http://www.reactome.org/biopax/96/48895#BiochemicalReaction8352,1,http://www.reactome.org/biopax/96/48895#Catalysis4353
3476,192|15897|16482,14793|15275|15557,3,3,http://www.reactome.org/biopax/96/48895#BiochemicalReaction8393,1,http://www.reactome.org/biopax/96/48895#Catalysis4394
3477,361|14090,362|16261,2,2,http://www.reactome.org/biopax/96/48895#BiochemicalReaction8753,1,http://www.reactome.org/biopax/96/48895#Catalysis4717
3478,3714|13809|13927,3718|14446,3,2,http://www.reactome.org/biopax/96/48895#BiochemicalReaction3557,-1,http://www.reactome.org/biopax/96/48895#Control331
3479,5367|13437|13927,5368|14446,3,2,http://www.reactome.org/biopax/96/48895#BiochemicalReaction5023,1,http://www.reactome.org/biopax/96/48895#Catalysis2133
3480,12595|13941|16574,13940|16345,3,2,http://www.reactome.org/biopax/96/48895#BiochemicalReaction1918,1,http://www.reactome.org/biopax/96/48895#Catalysis856
3481,7392|16351|16547,15053|15088,3,2,http://www.reactome.org/biopax/96/48895#BiochemicalReaction7460,1,http://www.reactome.org/biopax/96/48895#Catalysis3517
3482,1773|16298,16350|16424,2,2,http://www.reactome.org/biopax/96/48895#BiochemicalReaction7,1,http://www.reactome.org/biopax/96/48895#Catalysis2
3483,7106|10745|13054,10305,3,1,http://www.reactome.org/biopax/96/48895#BiochemicalReaction6830,-1,http://www.reactome.org/biopax/96/48895#Control611
3484,2511|13100|16462,13101|16466,3,2,http://www.reactome.org/biopax/96/48895#BiochemicalReaction2605,1,http://www.reactome.org/biopax/96/48895#Catalysis1215
3485,5318|8983|16482,5319|16574,3,2,http://www.reactome.org/biopax/96/48895#BiochemicalReaction4981,1,http://www.reactome.org/biopax/96/48895#Catalysis2117
3486,12642|14060|14297,14061|14237,3,2,http://www.reactome.org/biopax/96/48895#BiochemicalReaction1990,1,http://www.reactome.org/biopax/96/48895#Catalysis925
3487,4026|8529|13927,11884|14446,3,2,http://www.reactome.org/biopax/96/48895#BiochemicalReaction3824,1,http://www.reactome.org/biopax/96/48895#Catalysis1740
3488,2393|12957|15939,2394|12948|14254,3,3,http://www.reactome.org/biopax/96/48895#BiochemicalReaction2427,1,http://www.reactome.org/biopax/96/48895#Catalysis1129
3489,1297|1298|15321,12051|12052|16415,3,3,http://www.reactome.org/biopax/96/48895#BiochemicalReaction1294,1,http://www.reactome.org/biopax/96/48895#Catalysis554
3490,11885|11887|16462,11888|16466,3,2,http://www.reactome.org/biopax/96/48895#BiochemicalReaction1064,1,http://www.reactome.org/biopax/96/48895#Catalysis464
3491,275|16136|16482|16552,14793|16137|16563,4,3,http://www.reactome.org/biopax/96/48895#BiochemicalReaction8605,-1,http://www.reactome.org/biopax/96/48895#Control838
3492,7563|14793|15514|16563,15036|16552,4,2,http://www.reactome.org/biopax/96/48895#BiochemicalReaction7923,1,http://www.reactome.org/biopax/96/48895#Catalysis3955
3493,5510|13927,5511|14446,2,2,http://www.reactome.org/biopax/96/48895#BiochemicalReaction5152,1,http://www.reactome.org/biopax/96/48895#Catalysis2193
3494,1297|12048|15321,12050|16415,3,2,http://www.reactome.org/biopax/96/48895#BiochemicalReaction1292,1,http://www.reactome.org/biopax/96/48895#Catalysis553
3495,3006|16504,4696|14279,2,2,http://www.reactome.org/biopax/96/48895#BiochemicalReaction2956,1,http://www.reactome.org/biopax/96/48895#Catalysis1410
3497,11587|14990|15026|16388,14991|15027,4,2,http://www.reactome.org/biopax/96/48895#BiochemicalReaction7381,1,http://www.reactome.org/biopax/96/48895#Catalysis3438
3498,11457|14020|14067,11468|14028,3,2,http://www.reactome.org/biopax/96/48895#BiochemicalReaction568,1,http://www.reactome.org/biopax/96/48895#Control42
3500,1927|14153|14793,13945|16378,3,2,http://www.reactome.org/biopax/96/48895#BiochemicalReaction2092,1,http://www.reactome.org/biopax/96/48895#Catalysis1002
3502,1975|12735|14184,1976|14362,3,2,http://www.reactome.org/biopax/96/48895#BiochemicalReaction2155,1,http://www.reactome.org/biopax/96/48895#Catalysis1046
3503,89|13927|14793|15746,15079|15747,4,2,http://www.reactome.org/biopax/96/48895#BiochemicalReaction8213,1,http://www.reactome.org/biopax/96/48895#Catalysis4220
3504,7675|10226|15591,10229|15592|16482,3,3,http://www.reactome.org/biopax/96/48895#BiochemicalReaction8059,1,http://www.reactome.org/biopax/96/48895#Catalysis4067
3505,8039|11433|13927,8040|14446,3,2,http://www.reactome.org/biopax/96/48895#BiochemicalReaction1337,1,http://www.reactome.org/biopax/96/48895#Catalysis566
3506,5541|13927,5543|14446,2,2,http://www.reactome.org/biopax/96/48895#BiochemicalReaction5180,1,http://www.reactome.org/biopax/96/48895#Catalysis2204
3507,11773|14471|14793|16563,14470|16552,4,2,http://www.reactome.org/biopax/96/48895#BiochemicalReaction5787,1,http://www.reactome.org/biopax/96/48895#Catalysis2382
3508,10692|15114|16351,15053|15115,3,2,http://www.reactome.org/biopax/96/48895#BiochemicalReaction7497,-1,http://www.reactome.org/biopax/96/48895#Control703
3509,9056|10641|13927,9057|14446,3,2,http://www.reactome.org/biopax/96/48895#BiochemicalReaction5046,1,http://www.reactome.org/biopax/96/48895#Catalysis2149
3510,7369|15003|16387,15004|16386,3,2,http://www.reactome.org/biopax/96/48895#BiochemicalReaction7363,1,http://www.reactome.org/biopax/96/48895#Catalysis3420
3512,5043|10745,2307,2,1,http://www.reactome.org/biopax/96/48895#BiochemicalReaction4738,1,http://www.reactome.org/biopax/96/48895#Catalysis2014
3513,2564|9992,2562|2565,2,2,http://www.reactome.org/biopax/96/48895#BiochemicalReaction2553,1,http://www.reactome.org/biopax/96/48895#Catalysis1184
3514,177|14419|16343|16347,14420|15883|16588,4,3,http://www.reactome.org/biopax/96/48895#BiochemicalReaction8374,1,http://www.reactome.org/biopax/96/48895#Catalysis4375
3516,7438|13927|15171,14446|14793|15172,3,3,http://www.reactome.org/biopax/96/48895#BiochemicalReaction7579,-1,http://www.reactome.org/biopax/96/48895#Control706
3517,1930|3667|14311,3665,3,1,http://www.reactome.org/biopax/96/48895#BiochemicalReaction3501,-1,http://www.reactome.org/biopax/96/48895#Control321
3518,11586|14901|15312,14902|15314,3,2,http://www.reactome.org/biopax/96/48895#BiochemicalReaction7709,1,http://www.reactome.org/biopax/96/48895#Catalysis3757
3519,10936|15544|16393,14417|14926,3,2,http://www.reactome.org/biopax/96/48895#BiochemicalReaction8014,1,http://www.reactome.org/biopax/96/48895#Catalysis4026
3520,4461|10626|13927,10639|14446,3,2,http://www.reactome.org/biopax/96/48895#BiochemicalReaction406,1,http://www.reactome.org/biopax/96/48895#Catalysis145
3521,10819|14793|15265|16563,15279|16552,4,2,http://www.reactome.org/biopax/96/48895#BiochemicalReaction7674,1,http://www.reactome.org/biopax/96/48895#Catalysis3724
3522,10458|14655|15321,14155|14656,3,2,http://www.reactome.org/biopax/96/48895#BiochemicalReaction6969,1,http://www.reactome.org/biopax/96/48895#Catalysis3050
3524,3584|4092|13830,4115,3,1,http://www.reactome.org/biopax/96/48895#BiochemicalReaction3896,-1,http://www.reactome.org/biopax/96/48895#Control375
3525,5499|8762|13302,10150|11363,3,2,http://www.reactome.org/biopax/96/48895#BiochemicalReaction6667,1,http://www.reactome.org/biopax/96/48895#Catalysis2860
3526,7305|14357|14793|14808|16563,14126|14362|16424|16482|16552,5,5,http://www.reactome.org/biopax/96/48895#BiochemicalReaction7205,1,http://www.reactome.org/biopax/96/48895#Catalysis3271
3527,14158|15575|16343,16345,3,1,http://www.reactome.org/biopax/96/48895#BiochemicalReaction6348,1,http://www.reactome.org/biopax/96/48895#Control597
3528,7433|15148|16482,15149|16574,3,2,http://www.reactome.org/biopax/96/48895#BiochemicalReaction7561,1,http://www.reactome.org/biopax/96/48895#Catalysis3616
3530,10567|10570|14110,10574|14109|16551,3,3,http://www.reactome.org/biopax/96/48895#BiochemicalReaction7095,1,http://www.reactome.org/biopax/96/48895#Catalysis3165
3531,2732|13189|15939,426|14254,3,2,http://www.reactome.org/biopax/96/48895#BiochemicalReaction2722,1,http://www.reactome.org/biopax/96/48895#Catalysis1284
3532,5499|10032|13303,10033|11363,3,2,http://www.reactome.org/biopax/96/48895#BiochemicalReaction6575,1,http://www.reactome.org/biopax/96/48895#Catalysis2769
3533,304|15394|15733,15740|16192,3,2,http://www.reactome.org/biopax/96/48895#BiochemicalReaction8639,1,http://www.reactome.org/biopax/96/48895#Catalysis4633
3534,656|3152|13998,654|14008,3,2,http://www.reactome.org/biopax/96/48895#BiochemicalReaction708,1,http://www.reactome.org/biopax/96/48895#Catalysis246
3535,791|14343,16378,2,1,http://www.reactome.org/biopax/96/48895#BiochemicalReaction822,1,http://www.reactome.org/biopax/96/48895#Catalysis321
3536,1020|5499|10118,10119|11363,3,2,http://www.reactome.org/biopax/96/48895#BiochemicalReaction6638,1,http://www.reactome.org/biopax/96/48895#Catalysis2832
3537,14255|14406|14793|16406|16563,14162|16431|16482|16552,5,4,http://www.reactome.org/biopax/96/48895#BiochemicalReaction5030,-1,http://www.reactome.org/biopax/96/48895#Control457
3538,248|11063,247,2,1,http://www.reactome.org/biopax/96/48895#BiochemicalReaction8492,-1,http://www.reactome.org/biopax/96/48895#Control825
3539,5499|11231,10058|11363,2,2,http://www.reactome.org/biopax/96/48895#BiochemicalReaction6590,1,http://www.reactome.org/biopax/96/48895#Catalysis2784
3541,2495|9992|13024,13025,3,1,http://www.reactome.org/biopax/96/48895#BiochemicalReaction2504,1,http://www.reactome.org/biopax/96/48895#Catalysis1164
3542,7528|14420|15424|16588,14419|15425,4,2,http://www.reactome.org/biopax/96/48895#BiochemicalReaction7822,1,http://www.reactome.org/biopax/96/48895#Catalysis3862
3543,11035|14419|15984|16343,14420|15986|16588,4,3,http://www.reactome.org/biopax/96/48895#BiochemicalReaction8486,1,http://www.reactome.org/biopax/96/48895#Catalysis4486
3544,3371|3374|15939,3375|14254,3,2,http://www.reactome.org/biopax/96/48895#BiochemicalReaction3225,1,http://www.reactome.org/biopax/96/48895#Catalysis1509
3545,4462|14793,16564,2,1,http://www.reactome.org/biopax/96/48895#BiochemicalReaction4218,1,http://www.reactome.org/biopax/96/48895#Catalysis1857
3546,14041|15939|15981|16433,14254|14793|15562|16574,4,4,http://www.reactome.org/biopax/96/48895#BiochemicalReaction8033,-1,http://www.reactome.org/biopax/96/48895#Control779
3547,698|14147,14147,2,1,http://www.reactome.org/biopax/96/48895#BiochemicalReaction736,1,http://www.reactome.org/biopax/96/48895#Catalysis254
3548,12602|14247|14297|14343,14237|14248|16378,4,3,http://www.reactome.org/biopax/96/48895#BiochemicalReaction1928,1,http://www.reactome.org/biopax/96/48895#Catalysis866
3549,507|509|11280|11281|11282|11283|11284|11285|11286|15142,508,10,1,http://www.reactome.org/biopax/96/48895#BiochemicalReaction8858,1,http://www.reactome.org/biopax/96/48895#Catalysis4754
3550,10611|13927|14362|14806,14308|14807|15079,4,3,http://www.reactome.org/biopax/96/48895#BiochemicalReaction7201,1,http://www.reactome.org/biopax/96/48895#Catalysis3268
3551,5111|12295,5108|12118,2,2,http://www.reactome.org/biopax/96/48895#BiochemicalReaction4798,1,http://www.reactome.org/biopax/96/48895#Catalysis2039
3553,13866|13868|14108,13867|14324,3,2,http://www.reactome.org/biopax/96/48895#BiochemicalReaction3659,1,http://www.reactome.org/biopax/96/48895#Catalysis1689
3554,14552|14793|15939,14120|15079,3,2,http://www.reactome.org/biopax/96/48895#BiochemicalReaction6477,1,http://www.reactome.org/biopax/96/48895#Control602
3555,2804|14212|14213|14214|14215,2805,5,1,http://www.reactome.org/biopax/96/48895#BiochemicalReaction2792,1,http://www.reactome.org/biopax/96/48895#Catalysis1317
3556,12335|14815,7546,2,1,http://www.reactome.org/biopax/96/48895#BiochemicalReaction7909,1,http://www.reactome.org/biopax/96/48895#Catalysis3947
3557,5499|7800|10045,10046|11363,3,2,http://www.reactome.org/biopax/96/48895#BiochemicalReaction6581,1,http://www.reactome.org/biopax/96/48895#Catalysis2775
3558,11068|14357|16586,14362|14793|15998,3,3,http://www.reactome.org/biopax/96/48895#BiochemicalReaction8499,1,http://www.reactome.org/biopax/96/48895#Catalysis4499
3559,3167|14019,14087,2,1,http://www.reactome.org/biopax/96/48895#BiochemicalReaction3077,-1,http://www.reactome.org/biopax/96/48895#Control280
3560,708|14255|14486|16482,14263|14492|16580,4,3,http://www.reactome.org/biopax/96/48895#BiochemicalReaction778,1,http://www.reactome.org/biopax/96/48895#Catalysis293
3561,2882,2884,1,1,http://www.reactome.org/biopax/96/48895#BiochemicalReaction2862,1,http://www.reactome.org/biopax/96/48895#Catalysis1361
3562,6187|14471|15029|16482,14476|14793|15050,4,3,http://www.reactome.org/biopax/96/48895#BiochemicalReaction5788,1,http://www.reactome.org/biopax/96/48895#Catalysis2383
3563,8078|16432,16433,2,1,http://www.reactome.org/biopax/96/48895#BiochemicalReaction1508,1,http://www.reactome.org/biopax/96/48895#Catalysis645
3564,5196|13927,5197|14446,2,2,http://www.reactome.org/biopax/96/48895#BiochemicalReaction4876,1,http://www.reactome.org/biopax/96/48895#Catalysis2073
3565,497|11230,498,2,1,http://www.reactome.org/biopax/96/48895#BiochemicalReaction8851,1,http://www.reactome.org/biopax/96/48895#Control880
3566,5377|16412,5378,2,1,http://www.reactome.org/biopax/96/48895#BiochemicalReaction5029,1,http://www.reactome.org/biopax/96/48895#Catalysis2139
3567,5165|13927,5166|14446,2,2,http://www.reactome.org/biopax/96/48895#BiochemicalReaction4844,1,http://www.reactome.org/biopax/96/48895#Catalysis2059
3568,12142|12192|13998,12191|14008,3,2,http://www.reactome.org/biopax/96/48895#BiochemicalReaction1424,1,http://www.reactome.org/biopax/96/48895#Catalysis613
3569,1511|15939,1512|14254,2,2,http://www.reactome.org/biopax/96/48895#BiochemicalReaction1533,1,http://www.reactome.org/biopax/96/48895#Catalysis657
3570,4019|8519|13927,4018|8518|14446,3,3,http://www.reactome.org/biopax/96/48895#BiochemicalReaction3814,-1,http://www.reactome.org/biopax/96/48895#Control351
3571,9918|14097|14564,14096|14565,3,2,http://www.reactome.org/biopax/96/48895#BiochemicalReaction6488,1,http://www.reactome.org/biopax/96/48895#Catalysis2690
3572,10604|16471|16482,14799|16574,3,2,http://www.reactome.org/biopax/96/48895#BiochemicalReaction7186,1,http://www.reactome.org/biopax/96/48895#Catalysis3254
3573,3316|9392,3313,2,1,http://www.reactome.org/biopax/96/48895#BiochemicalReaction6316,1,http://www.reactome.org/biopax/96/48895#Catalysis2588
3574,4026|11875|13927,11877|14446,3,2,http://www.reactome.org/biopax/96/48895#BiochemicalReaction3825,1,http://www.reactome.org/biopax/96/48895#Catalysis1741
3575,1024|6208|16462,6282|7729|9532|11843|16466|16514,3,6,http://www.reactome.org/biopax/96/48895#BiochemicalReaction5862,1,http://www.reactome.org/biopax/96/48895#Catalysis2404
3576,505|11256,6716,2,1,http://www.reactome.org/biopax/96/48895#BiochemicalReaction8855,1,http://www.reactome.org/biopax/96/48895#Control900
3577,13779|13783,13656|13780,2,2,http://www.reactome.org/biopax/96/48895#BiochemicalReaction3523,-1,http://www.reactome.org/biopax/96/48895#Control323
3578,7860|14294|16482,14530|15068,3,2,http://www.reactome.org/biopax/96/48895#BiochemicalReaction7429,1,http://www.reactome.org/biopax/96/48895#Catalysis3486
3579,7315|14255|15494,15509,3,1,http://www.reactome.org/biopax/96/48895#BiochemicalReaction7890,1,http://www.reactome.org/biopax/96/48895#Catalysis3930
3581,2840,2841|14268,1,2,http://www.reactome.org/biopax/96/48895#BiochemicalReaction2823,1,http://www.reactome.org/biopax/96/48895#Catalysis1335
3582,894|15633|16482,15635|16574,3,2,http://www.reactome.org/biopax/96/48895#BiochemicalReaction8092,1,http://www.reactome.org/biopax/96/48895#Catalysis4100
3583,4005|11876|13927,11878|14446,3,2,http://www.reactome.org/biopax/96/48895#BiochemicalReaction3971,1,http://www.reactome.org/biopax/96/48895#Catalysis1775
3584,1241|3762|13927,3763|14446,3,2,http://www.reactome.org/biopax/96/48895#BiochemicalReaction3602,1,http://www.reactome.org/biopax/96/48895#Catalysis1658
3585,6835|14107|14375,14519|14793|15723,3,3,http://www.reactome.org/biopax/96/48895#BiochemicalReaction6450,1,http://www.reactome.org/biopax/96/48895#Catalysis2652
3586,7674|13927|14305|14550|16482,14309|14446|14539|14793|16574,5,5,http://www.reactome.org/biopax/96/48895#BiochemicalReaction8057,1,http://www.reactome.org/biopax/96/48895#Catalysis4065
3587,1330|8037|10745,1333,3,1,http://www.reactome.org/biopax/96/48895#BiochemicalReaction1325,1,http://www.reactome.org/biopax/96/48895#Catalysis564
3588,10611|13927|14362|15340,14308|15079|15341|16482,4,4,http://www.reactome.org/biopax/96/48895#BiochemicalReaction7730,1,http://www.reactome.org/biopax/96/48895#Catalysis3778
3589,492|11241,495,2,1,http://www.reactome.org/biopax/96/48895#BiochemicalReaction8850,1,http://www.reactome.org/biopax/96/48895#Control864
3590,1042|16462,4989|16466,2,2,http://www.reactome.org/biopax/96/48895#BiochemicalReaction1074,1,http://www.reactome.org/biopax/96/48895#Catalysis470
3591,496|512|572,566,3,1,http://www.reactome.org/biopax/96/48895#BiochemicalReaction661,-1,http://www.reactome.org/biopax/96/48895#Control47
3592,3316|9649|15939,3313|14254,3,2,http://www.reactome.org/biopax/96/48895#BiochemicalReaction6011,1,http://www.reactome.org/biopax/96/48895#Catalysis2476
3593,3806|3807|13849,3808,3,1,http://www.reactome.org/biopax/96/48895#BiochemicalReaction3647,-1,http://www.reactome.org/biopax/96/48895#Control341
3594,10887|14793|15050|15294,15029|15263,4,2,http://www.reactome.org/biopax/96/48895#BiochemicalReaction7939,-1,http://www.reactome.org/biopax/96/48895#Control735
3595,148|15831|16482,14041|16439,3,2,http://www.reactome.org/biopax/96/48895#BiochemicalReaction8319,1,http://www.reactome.org/biopax/96/48895#Catalysis4320
3596,2788|14212|14213|14214|14215,2790,5,1,http://www.reactome.org/biopax/96/48895#BiochemicalReaction2778,1,http://www.reactome.org/biopax/96/48895#Catalysis1311
3597,1861|14446|15551,13927|16475,3,2,http://www.reactome.org/biopax/96/48895#BiochemicalReaction2008,1,http://www.reactome.org/biopax/96/48895#Catalysis940
3598,7856|14196|14526,14177|14362,3,2,http://www.reactome.org/biopax/96/48895#BiochemicalReaction7414,1,http://www.reactome.org/biopax/96/48895#Catalysis3471
3600,9810|10665|14971,10664|15568,3,2,http://www.reactome.org/biopax/96/48895#BiochemicalReaction7348,1,http://www.reactome.org/biopax/96/48895#Catalysis3407
3601,7859|14294|16482,14530|15067,3,2,http://www.reactome.org/biopax/96/48895#BiochemicalReaction7427,1,http://www.reactome.org/biopax/96/48895#Catalysis3484
3602,6883|10868,10080|11363,2,2,http://www.reactome.org/biopax/96/48895#BiochemicalReaction6604,1,http://www.reactome.org/biopax/96/48895#Catalysis2798
3603,2704|13127|16482,13052|16574,3,2,http://www.reactome.org/biopax/96/48895#BiochemicalReaction2696,-1,http://www.reactome.org/biopax/96/48895#Control263
3604,1958|14167,14168,2,1,http://www.reactome.org/biopax/96/48895#BiochemicalReaction2143,1,http://www.reactome.org/biopax/96/48895#Catalysis1041
3605,4469|9992|10957,10963,3,1,http://www.reactome.org/biopax/96/48895#BiochemicalReaction433,1,http://www.reactome.org/biopax/96/48895#Catalysis165
3606,6883|13302|13747,10106|11363,3,2,http://www.reactome.org/biopax/96/48895#BiochemicalReaction6627,1,http://www.reactome.org/biopax/96/48895#Catalysis2821
3607,4776|13026|16462,10954|16466,3,2,http://www.reactome.org/biopax/96/48895#BiochemicalReaction2506,1,http://www.reactome.org/biopax/96/48895#Catalysis1166
3609,10723|14196|15104,14362|14375,3,2,http://www.reactome.org/biopax/96/48895#BiochemicalReaction7483,1,http://www.reactome.org/biopax/96/48895#Catalysis3540
3610,265|16032,14793|16033|16482,2,3,http://www.reactome.org/biopax/96/48895#BiochemicalReaction8530,1,http://www.reactome.org/biopax/96/48895#Catalysis4529
3611,3554|11471|16483|16504,3553|14072|16493,4,3,http://www.reactome.org/biopax/96/48895#BiochemicalReaction3379,1,http://www.reactome.org/biopax/96/48895#Catalysis1558
3612,11017|15811|15815,15575|15816,3,2,http://www.reactome.org/biopax/96/48895#BiochemicalReaction8297,1,http://www.reactome.org/biopax/96/48895#Catalysis4298
3613,498|11260,499,2,1,http://www.reactome.org/biopax/96/48895#BiochemicalReaction8852,1,http://www.reactome.org/biopax/96/48895#Control891
3614,7569,7570,1,1,http://www.reactome.org/biopax/96/48895#BiochemicalReaction7931,1,http://www.reactome.org/biopax/96/48895#Catalysis3962
3615,3372|3785|15939,1332|14254,3,2,http://www.reactome.org/biopax/96/48895#BiochemicalReaction3621,1,http://www.reactome.org/biopax/96/48895#Catalysis1668
3616,3827|3830|13927,3831|14446,3,2,http://www.reactome.org/biopax/96/48895#BiochemicalReaction3669,1,http://www.reactome.org/biopax/96/48895#Catalysis1692
3617,156|14417|15843|16348|16588,13970|15842|16343,5,3,http://www.reactome.org/biopax/96/48895#BiochemicalReaction8330,1,http://www.reactome.org/biopax/96/48895#Catalysis4331
3618,7907|14873|15343|15607|16069,14874|15321|16070,5,3,http://www.reactome.org/biopax/96/48895#BiochemicalReaction8561,1,http://www.reactome.org/biopax/96/48895#Catalysis4558
3619,10395|14639|15142,14640|15274,3,2,http://www.reactome.org/biopax/96/48895#BiochemicalReaction6903,1,http://www.reactome.org/biopax/96/48895#Catalysis3005
3620,10972|13927|15722,14362|14446|14793,3,3,http://www.reactome.org/biopax/96/48895#BiochemicalReaction8171,1,http://www.reactome.org/biopax/96/48895#Catalysis4179
3621,1030|11879|16462,1031|16466,3,2,http://www.reactome.org/biopax/96/48895#BiochemicalReaction1060,1,http://www.reactome.org/biopax/96/48895#Catalysis461
3622,968|11829|16328|16329,11830|16331|16332,4,3,http://www.reactome.org/biopax/96/48895#BiochemicalReaction1018,1,http://www.reactome.org/biopax/96/48895#Catalysis443
3623,2073|2074|2075,2077,3,1,http://www.reactome.org/biopax/96/48895#BiochemicalReaction2249,1,http://www.reactome.org/biopax/96/48895#Control237
3624,12549|14323|16568,14793|16326,3,2,http://www.reactome.org/biopax/96/48895#BiochemicalReaction1861,1,http://www.reactome.org/biopax/96/48895#Catalysis800
3625,10638|15467|16552,15471|16563,3,2,http://www.reactome.org/biopax/96/48895#BiochemicalReaction7860,1,http://www.reactome.org/biopax/96/48895#Catalysis3900
3626,1830|8113|13927|16482,8115|14446|16574,4,3,http://www.reactome.org/biopax/96/48895#BiochemicalReaction1837,1,http://www.reactome.org/biopax/96/48895#Catalysis779
3627,6727|7779|13927,6727|14446|16574,3,3,http://www.reactome.org/biopax/96/48895#BiochemicalReaction6358,1,http://www.reactome.org/biopax/96/48895#Catalysis2601
3628,10455|14155|16541,14655|16574,3,2,http://www.reactome.org/biopax/96/48895#BiochemicalReaction6966,1,http://www.reactome.org/biopax/96/48895#Catalysis3047
3629,5499|13280,10093|11363,2,2,http://www.reactome.org/biopax/96/48895#BiochemicalReaction6616,1,http://www.reactome.org/biopax/96/48895#Catalysis2810
3630,3548|13601|13927,13602|14446,3,2,http://www.reactome.org/biopax/96/48895#BiochemicalReaction3372,-1,http://www.reactome.org/biopax/96/48895#Control296
3631,10958|15582|16482,14082|15638,3,2,http://www.reactome.org/biopax/96/48895#BiochemicalReaction8096,1,http://www.reactome.org/biopax/96/48895#Catalysis4104
3632,8055|12153|13998,12155|14008,3,2,http://www.reactome.org/biopax/96/48895#BiochemicalReaction1410,1,http://www.reactome.org/biopax/96/48895#Catalysis600
3635,10734|13927|14375,14446|15101,3,2,http://www.reactome.org/biopax/96/48895#BiochemicalReaction7510,1,http://www.reactome.org/biopax/96/48895#Catalysis3567
3636,5387|13927,5388|14446,2,2,http://www.reactome.org/biopax/96/48895#BiochemicalReaction5040,1,http://www.reactome.org/biopax/96/48895#Catalysis2145
3637,3001|16462,3002|16466,2,2,http://www.reactome.org/biopax/96/48895#BiochemicalReaction2952,1,http://www.reactome.org/biopax/96/48895#Catalysis1408
3638,9545|10879|14184,10880|14362,3,2,http://www.reactome.org/biopax/96/48895#BiochemicalReaction7920,1,http://www.reactome.org/biopax/96/48895#Catalysis3953
3641,6116|9471|13927,9470|14446,3,2,http://www.reactome.org/biopax/96/48895#BiochemicalReaction5712,1,http://www.reactome.org/biopax/96/48895#Catalysis2349
3642,4150|13073|16462,2582|16466,3,2,http://www.reactome.org/biopax/96/48895#BiochemicalReaction2577,1,http://www.reactome.org/biopax/96/48895#Control259
3643,7382|14370|16482,15053|15055,3,2,http://www.reactome.org/biopax/96/48895#BiochemicalReaction7410,1,http://www.reactome.org/biopax/96/48895#Catalysis3467
3644,860|14019|14297,14087|14237,3,2,http://www.reactome.org/biopax/96/48895#BiochemicalReaction1374,1,http://www.reactome.org/biopax/96/48895#Catalysis571
3645,2965|13259|16504,2968|16514,3,2,http://www.reactome.org/biopax/96/48895#BiochemicalReaction2921,1,http://www.reactome.org/biopax/96/48895#Catalysis1391
3646,7346|14938|16343,14940,3,1,http://www.reactome.org/biopax/96/48895#BiochemicalReaction7325,1,http://www.reactome.org/biopax/96/48895#Catalysis3384
3647,7584|14483|16389,15518|15519|16588,3,3,http://www.reactome.org/biopax/96/48895#BiochemicalReaction7947,1,http://www.reactome.org/biopax/96/48895#Catalysis3977
3648,2544|13062|13927,2545|14446,3,2,http://www.reactome.org/biopax/96/48895#BiochemicalReaction2542,1,http://www.reactome.org/biopax/96/48895#Catalysis1177
3649,7211|14446|14651,13927|14650,3,2,http://www.reactome.org/biopax/96/48895#BiochemicalReaction6987,1,http://www.reactome.org/biopax/96/48895#Catalysis3066
3651,11084|14255|14793|16055|16563,16056|16482|16552,5,3,http://www.reactome.org/biopax/96/48895#BiochemicalReaction8554,1,http://www.reactome.org/biopax/96/48895#Catalysis4551
3652,1898|12665,1899|16317,2,2,http://www.reactome.org/biopax/96/48895#BiochemicalReaction2058,1,http://www.reactome.org/biopax/96/48895#Catalysis977
3655,5617|5619|5622,5623|13891,3,2,http://www.reactome.org/biopax/96/48895#BiochemicalReaction5247,1,http://www.reactome.org/biopax/96/48895#Control479
3656,3732|3737|13927,3733|14446,3,2,http://www.reactome.org/biopax/96/48895#BiochemicalReaction3574,1,http://www.reactome.org/biopax/96/48895#Catalysis1645
3658,91|13927|13938|15069|16482,14446|15079|15746|16574,5,4,http://www.reactome.org/biopax/96/48895#BiochemicalReaction8216,1,http://www.reactome.org/biopax/96/48895#Catalysis4223
3659,7315|14255|14463|14793|16563,14865|16482|16552,5,3,http://www.reactome.org/biopax/96/48895#BiochemicalReaction7259,1,http://www.reactome.org/biopax/96/48895#Catalysis3318
3661,7344|14419|14927,14420|14929|16588,3,3,http://www.reactome.org/biopax/96/48895#BiochemicalReaction7313,1,http://www.reactome.org/biopax/96/48895#Catalysis3372
3662,2529|2759|10745,2760,3,1,http://www.reactome.org/biopax/96/48895#BiochemicalReaction2751,1,http://www.reactome.org/biopax/96/48895#Catalysis1298
3663,4116|13927,4117|14446,2,2,http://www.reactome.org/biopax/96/48895#BiochemicalReaction3899,1,http://www.reactome.org/biopax/96/48895#Catalysis1760
3664,5501|10745,5502,2,1,http://www.reactome.org/biopax/96/48895#BiochemicalReaction5145,1,http://www.reactome.org/biopax/96/48895#Catalysis2190
3665,10536|13015|16462,13020|16466,3,2,http://www.reactome.org/biopax/96/48895#BiochemicalReaction2501,1,http://www.reactome.org/biopax/96/48895#Catalysis1161
3666,7212|14651|14793|15050,14652|15029|16574,4,3,http://www.reactome.org/biopax/96/48895#BiochemicalReaction6962,1,http://www.reactome.org/biopax/96/48895#Catalysis3043
3667,1527|12308|15939,1528|14254,3,2,http://www.reactome.org/biopax/96/48895#BiochemicalReaction1544,1,http://www.reactome.org/biopax/96/48895#Catalysis663
3668,2842,2841|14269,1,2,http://www.reactome.org/biopax/96/48895#BiochemicalReaction2824,1,http://www.reactome.org/biopax/96/48895#Catalysis1336
3669,6693|13927|16299,13979|14446,3,2,http://www.reactome.org/biopax/96/48895#BiochemicalReaction6328,1,http://www.reactome.org/biopax/96/48895#Catalysis2593
3670,7137|10347|16351,10352,3,1,http://www.reactome.org/biopax/96/48895#BiochemicalReaction6872,1,http://www.reactome.org/biopax/96/48895#Catalysis2989
3671,6045|9437|16462,6046|16466,3,2,http://www.reactome.org/biopax/96/48895#BiochemicalReaction5644,1,http://www.reactome.org/biopax/96/48895#Catalysis2318
3672,13554|16319,12925|13556,2,2,http://www.reactome.org/biopax/96/48895#BiochemicalReaction209,1,http://www.reactome.org/biopax/96/48895#Control11
3673,12619|13975|14014|14237|14297,13978|14015|14237|14297,5,4,http://www.reactome.org/biopax/96/48895#BiochemicalReaction1953,1,http://www.reactome.org/biopax/96/48895#Catalysis891
3674,2038|10764|14162|14255,7567|16408,4,2,http://www.reactome.org/biopax/96/48895#BiochemicalReaction7929,1,http://www.reactome.org/biopax/96/48895#Control732
3675,10947|13927|15584,14446|15586,3,2,http://www.reactome.org/biopax/96/48895#BiochemicalReaction8052,1,http://www.reactome.org/biopax/96/48895#Catalysis4060
3676,6593|6594|13927,3905|14446,3,2,http://www.reactome.org/biopax/96/48895#BiochemicalReaction6224,1,http://www.reactome.org/biopax/96/48895#Catalysis2556
3677,10702|15067|16482,14530|15074,3,2,http://www.reactome.org/biopax/96/48895#BiochemicalReaction7435,1,http://www.reactome.org/biopax/96/48895#Catalysis3492
3678,10604|16363|16482,15136|16574,3,2,http://www.reactome.org/biopax/96/48895#BiochemicalReaction7532,1,http://www.reactome.org/biopax/96/48895#Catalysis3589
3679,9992|11432|11440,11439,3,1,http://www.reactome.org/biopax/96/48895#BiochemicalReaction540,1,http://www.reactome.org/biopax/96/48895#Catalysis211
3680,10924|10925|15531,10302,3,1,http://www.reactome.org/biopax/96/48895#BiochemicalReaction7992,1,http://www.reactome.org/biopax/96/48895#Catalysis4008
3681,7878|14793|15328|16563,15330|16552,4,2,http://www.reactome.org/biopax/96/48895#BiochemicalReaction7721,1,http://www.reactome.org/biopax/96/48895#Catalysis3769
3682,10845|15390|16391|16583|16588,15391|16343|16392,5,3,http://www.reactome.org/biopax/96/48895#BiochemicalReaction7776,1,http://www.reactome.org/biopax/96/48895#Catalysis3820
3683,120|9520|14793|16563,116|16552,4,2,http://www.reactome.org/biopax/96/48895#BiochemicalReaction8278,1,http://www.reactome.org/biopax/96/48895#Catalysis4282
3684,10647|14873|15343|15607|16204,14874|15321|16062|16205,5,4,http://www.reactome.org/biopax/96/48895#BiochemicalReaction8651,1,http://www.reactome.org/biopax/96/48895#Catalysis4645
3685,239|15029|15971|16482,14793|15050|15972,4,3,http://www.reactome.org/biopax/96/48895#BiochemicalReaction8477,1,http://www.reactome.org/biopax/96/48895#Catalysis4477
3686,2605|13038|16462,2606|16466,3,2,http://www.reactome.org/biopax/96/48895#BiochemicalReaction2596,1,http://www.reactome.org/biopax/96/48895#Catalysis1206
3687,9363|14815|16482,14308,3,1,http://www.reactome.org/biopax/96/48895#BiochemicalReaction5498,1,http://www.reactome.org/biopax/96/48895#Catalysis2255
3688,238|14417|15967|16583,14317|14421|15968,4,3,http://www.reactome.org/biopax/96/48895#BiochemicalReaction8475,1,http://www.reactome.org/biopax/96/48895#Catalysis4475
3689,1108|8019|16504,992|1109|11843|11846|16466|16514,3,6,http://www.reactome.org/biopax/96/48895#BiochemicalReaction1117,1,http://www.reactome.org/biopax/96/48895#Control91
3690,6819|9856|15029|16585,9857|14508|14793|15050,4,4,http://www.reactome.org/biopax/96/48895#BiochemicalReaction6430,1,http://www.reactome.org/biopax/96/48895#Catalysis2632
3691,1573|13927,1574|14446,2,2,http://www.reactome.org/biopax/96/48895#BiochemicalReaction1583,1,http://www.reactome.org/biopax/96/48895#Catalysis679
3692,11202|11455|16462,11460|16466,3,2,http://www.reactome.org/biopax/96/48895#BiochemicalReaction563,1,http://www.reactome.org/biopax/96/48895#Catalysis214
3693,8674|11261|13998,12181|14008,3,2,http://www.reactome.org/biopax/96/48895#BiochemicalReaction1427,1,http://www.reactome.org/biopax/96/48895#Catalysis616
3694,8987|13460,9103|9126,2,2,http://www.reactome.org/biopax/96/48895#BiochemicalReaction5290,-1,http://www.reactome.org/biopax/96/48895#Control482
3695,9797|10281|15142,10280|15274,3,2,http://www.reactome.org/biopax/96/48895#BiochemicalReaction6806,1,http://www.reactome.org/biopax/96/48895#Catalysis2945
3696,7271|14729|14793|16563,14730|16552,4,2,http://www.reactome.org/biopax/96/48895#BiochemicalReaction7111,1,http://www.reactome.org/biopax/96/48895#Catalysis3179
3697,5960|15939,5961|14254,2,2,http://www.reactome.org/biopax/96/48895#BiochemicalReaction5565,1,http://www.reactome.org/biopax/96/48895#Catalysis2292
3699,10599|13927|14312,14446|14785,3,2,http://www.reactome.org/biopax/96/48895#BiochemicalReaction7169,1,http://www.reactome.org/biopax/96/48895#Catalysis3237
3701,12751|12762|12764,12763,3,1,http://www.reactome.org/biopax/96/48895#BiochemicalReaction2211,1,http://www.reactome.org/biopax/96/48895#Control233
3702,497|11232,498,2,1,http://www.reactome.org/biopax/96/48895#BiochemicalReaction8851,1,http://www.reactome.org/biopax/96/48895#Control889
3703,100|14793|15767|16563,15605|16552,4,2,http://www.reactome.org/biopax/96/48895#BiochemicalReaction8241,1,http://www.reactome.org/biopax/96/48895#Catalysis4247
3704,502|11272,505,2,1,http://www.reactome.org/biopax/96/48895#BiochemicalReaction8854,1,http://www.reactome.org/biopax/96/48895#Control897
3705,7345|14924|16393|16588,14926|14934,4,2,http://www.reactome.org/biopax/96/48895#BiochemicalReaction7319,1,http://www.reactome.org/biopax/96/48895#Catalysis3378
3706,3765|5621,1242,2,1,http://www.reactome.org/biopax/96/48895#BiochemicalReaction3604,1,http://www.reactome.org/biopax/96/48895#Catalysis1660
3707,3219|9530|14419|16343,10320|14298|15520,4,3,http://www.reactome.org/biopax/96/48895#BiochemicalReaction7950,1,http://www.reactome.org/biopax/96/48895#Catalysis3979
3708,95|15756|16351,14323|15759|15760,3,3,http://www.reactome.org/biopax/96/48895#BiochemicalReaction8225,1,http://www.reactome.org/biopax/96/48895#Catalysis4232
3710,7347|14419|14948,14420|14949|16588,3,3,http://www.reactome.org/biopax/96/48895#BiochemicalReaction7334,1,http://www.reactome.org/biopax/96/48895#Catalysis3393
3711,12567|14343|16397,16378|16577,3,2,http://www.reactome.org/biopax/96/48895#BiochemicalReaction1880,1,http://www.reactome.org/biopax/96/48895#Catalysis818
3712,214|14510|16482,14734|14793|15928|16311,3,4,http://www.reactome.org/biopax/96/48895#BiochemicalReaction8429,1,http://www.reactome.org/biopax/96/48895#Catalysis4430
3713,5506|13927,5507|14446,2,2,http://www.reactome.org/biopax/96/48895#BiochemicalReaction5150,1,http://www.reactome.org/biopax/96/48895#Catalysis2192
3714,1598|1602|14019|16456,1601|12381,4,2,http://www.reactome.org/biopax/96/48895#BiochemicalReaction1620,1,http://www.reactome.org/biopax/96/48895#Control156
3715,7592|14484|14647|16343,13947|15568|16588,4,3,http://www.reactome.org/biopax/96/48895#BiochemicalReaction7959,1,http://www.reactome.org/biopax/96/48895#Catalysis3987
3716,4831|13927,4832|14446,2,2,http://www.reactome.org/biopax/96/48895#BiochemicalReaction4547,1,http://www.reactome.org/biopax/96/48895#Catalysis1958
3717,7904|14873|15343|15607|16064,14874|15321|16065,5,3,http://www.reactome.org/biopax/96/48895#BiochemicalReaction8559,1,http://www.reactome.org/biopax/96/48895#Catalysis4556
3718,12504|14297|16512,14237|16513,3,2,http://www.reactome.org/biopax/96/48895#BiochemicalReaction1797,1,http://www.reactome.org/biopax/96/48895#Catalysis756
3719,7551|13927|16376,7552|7553,3,2,http://www.reactome.org/biopax/96/48895#BiochemicalReaction7912,-1,http://www.reactome.org/biopax/96/48895#Control727
3720,3826|3828|13927,3827|14446,3,2,http://www.reactome.org/biopax/96/48895#BiochemicalReaction3668,-1,http://www.reactome.org/biopax/96/48895#Control345
3721,1614|1633,1634|12394,2,2,http://www.reactome.org/biopax/96/48895#BiochemicalReaction1638,-1,http://www.reactome.org/biopax/96/48895#Control168
3722,13927|16494,16515,2,1,http://www.reactome.org/biopax/96/48895#BiochemicalReaction1971,-1,http://www.reactome.org/biopax/96/48895#Control187
3723,7379|14776|16351,15053|15099,3,2,http://www.reactome.org/biopax/96/48895#BiochemicalReaction7475,1,http://www.reactome.org/biopax/96/48895#Catalysis3532
3724,588|13998,589|14008,2,2,http://www.reactome.org/biopax/96/48895#BiochemicalReaction664,1,http://www.reactome.org/biopax/96/48895#Catalysis237
3725,7639|14420|15528|16588,14419|15529|16591,4,3,http://www.reactome.org/biopax/96/48895#BiochemicalReaction7990,1,http://www.reactome.org/biopax/96/48895#Catalysis4006
3726,11995|13927|14087,11996|14446,3,2,http://www.reactome.org/biopax/96/48895#BiochemicalReaction1238,1,http://www.reactome.org/biopax/96/48895#Control111
3727,11795|13927|16307,14446|16309,3,2,http://www.reactome.org/biopax/96/48895#BiochemicalReaction988,1,http://www.reactome.org/biopax/96/48895#Catalysis434
3728,3451|13927,3452|14446,2,2,http://www.reactome.org/biopax/96/48895#BiochemicalReaction3284,1,http://www.reactome.org/biopax/96/48895#Catalysis1531
3729,8422|14326,14327|14329,2,2,http://www.reactome.org/biopax/96/48895#BiochemicalReaction3702,1,http://www.reactome.org/biopax/96/48895#Catalysis1707
3730,7994|15703|15712,15492|15723,3,2,http://www.reactome.org/biopax/96/48895#BiochemicalReaction916,1,http://www.reactome.org/biopax/96/48895#Catalysis377
3731,8002|12531|13927|16482,8003|14446|16574,4,3,http://www.reactome.org/biopax/96/48895#BiochemicalReaction1836,1,http://www.reactome.org/biopax/96/48895#Catalysis778
3732,7471|14430|15215,15221|15222,3,2,http://www.reactome.org/biopax/96/48895#BiochemicalReaction7623,1,http://www.reactome.org/biopax/96/48895#Catalysis3675
3733,12334|14815,7545,2,1,http://www.reactome.org/biopax/96/48895#BiochemicalReaction7908,1,http://www.reactome.org/biopax/96/48895#Catalysis3946
3734,1846|14031|16405,13960|14032,3,2,http://www.reactome.org/biopax/96/48895#BiochemicalReaction1965,1,http://www.reactome.org/biopax/96/48895#Catalysis903
3735,12354|14087|14776|16308,755,4,1,http://www.reactome.org/biopax/96/48895#BiochemicalReaction1604,1,http://www.reactome.org/biopax/96/48895#Control153
3736,2972|13998,2973|14008,2,2,http://www.reactome.org/biopax/96/48895#BiochemicalReaction2925,1,http://www.reactome.org/biopax/96/48895#Catalysis1394
3737,7325|15470|16482,15472,3,1,http://www.reactome.org/biopax/96/48895#BiochemicalReaction7861,1,http://www.reactome.org/biopax/96/48895#Catalysis3901
3738,450|5621,10745,2,1,http://www.reactome.org/biopax/96/48895#BiochemicalReaction8816,1,http://www.reactome.org/biopax/96/48895#Catalysis4735
3739,11120|11122|13927,11121|14446,3,2,http://www.reactome.org/biopax/96/48895#BiochemicalReaction8714,1,http://www.reactome.org/biopax/96/48895#Catalysis4702
3740,6102|16432|16482,16433,3,1,http://www.reactome.org/biopax/96/48895#BiochemicalReaction5694,1,http://www.reactome.org/biopax/96/48895#Catalysis2336
3741,8913|8916|11688,4820,3,1,http://www.reactome.org/biopax/96/48895#BiochemicalReaction4539,1,http://www.reactome.org/biopax/96/48895#Catalysis1956
3742,10983|14793|15736|16563,68|15737|16552,4,3,http://www.reactome.org/biopax/96/48895#BiochemicalReaction8194,1,http://www.reactome.org/biopax/96/48895#Catalysis4202
3743,14675|14684|16574,14685|14793|15069,3,3,http://www.reactome.org/biopax/96/48895#BiochemicalReaction7020,1,http://www.reactome.org/biopax/96/48895#Control675
3744,10671|15028,7371,2,1,http://www.reactome.org/biopax/96/48895#BiochemicalReaction7383,1,http://www.reactome.org/biopax/96/48895#Catalysis3440
3745,282|14255|16129|16482,14263|16130|16580,4,3,http://www.reactome.org/biopax/96/48895#BiochemicalReaction8595,1,http://www.reactome.org/biopax/96/48895#Catalysis4592
3746,9591|13437|13927,9592|14446,3,2,http://www.reactome.org/biopax/96/48895#BiochemicalReaction5949,1,http://www.reactome.org/biopax/96/48895#Catalysis2438
3747,2337|13503,2345|13493,2,2,http://www.reactome.org/biopax/96/48895#BiochemicalReaction202,1,http://www.reactome.org/biopax/96/48895#Catalysis51
3748,1154|1155|8030,1157|11948|11949,3,3,http://www.reactome.org/biopax/96/48895#BiochemicalReaction1170,1,http://www.reactome.org/biopax/96/48895#Catalysis503
3749,1350|3449|15939,3450|14837,3,2,http://www.reactome.org/biopax/96/48895#BiochemicalReaction3282,1,http://www.reactome.org/biopax/96/48895#Catalysis1530
3750,5255|13927,5256|14446,2,2,http://www.reactome.org/biopax/96/48895#BiochemicalReaction4927,1,http://www.reactome.org/biopax/96/48895#Catalysis2094
3751,7351|14956,14957,2,1,http://www.reactome.org/biopax/96/48895#BiochemicalReaction7339,1,http://www.reactome.org/biopax/96/48895#Catalysis3398
3752,6586|6591|13927,6592|14446,3,2,http://www.reactome.org/biopax/96/48895#BiochemicalReaction6221,-1,http://www.reactome.org/biopax/96/48895#Control575
3753,7843|14371|14873|15343|15607,14874|14878|15321,5,3,http://www.reactome.org/biopax/96/48895#BiochemicalReaction7270,1,http://www.reactome.org/biopax/96/48895#Catalysis3329
3754,6869|14104|14604,7797,3,1,http://www.reactome.org/biopax/96/48895#BiochemicalReaction6527,1,http://www.reactome.org/biopax/96/48895#Catalysis2727
3755,3294|8169|16462,8170|16466,3,2,http://www.reactome.org/biopax/96/48895#BiochemicalReaction2544,1,http://www.reactome.org/biopax/96/48895#Catalysis1178
3756,12636|14052|14297,14053|14237,3,2,http://www.reactome.org/biopax/96/48895#BiochemicalReaction1984,1,http://www.reactome.org/biopax/96/48895#Catalysis919
3757,6845|14357|14548,14362|14547|14793,3,3,http://www.reactome.org/biopax/96/48895#BiochemicalReaction6472,1,http://www.reactome.org/biopax/96/48895#Catalysis2674
3758,7532|14635|15458,15488,3,1,http://www.reactome.org/biopax/96/48895#BiochemicalReaction7875,1,http://www.reactome.org/biopax/96/48895#Catalysis3915
3759,10416|13012|16462,13013|16466,3,2,http://www.reactome.org/biopax/96/48895#BiochemicalReaction2492,1,http://www.reactome.org/biopax/96/48895#Catalysis1154
3760,6350|16482,8600|9588|16574,2,3,http://www.reactome.org/biopax/96/48895#BiochemicalReaction5936,1,http://www.reactome.org/biopax/96/48895#Catalysis2431
3761,5499|10134,10135|11363,2,2,http://www.reactome.org/biopax/96/48895#BiochemicalReaction6647,1,http://www.reactome.org/biopax/96/48895#Catalysis2842
3762,1225|10882,7569,2,1,http://www.reactome.org/biopax/96/48895#BiochemicalReaction7930,1,http://www.reactome.org/biopax/96/48895#Catalysis3961
3763,7530|15029|15427,14793|15050|15432,3,3,http://www.reactome.org/biopax/96/48895#BiochemicalReaction7830,1,http://www.reactome.org/biopax/96/48895#Catalysis3870
3764,6874|6877|10012|10013,6878,4,1,http://www.reactome.org/biopax/96/48895#BiochemicalReaction6560,1,http://www.reactome.org/biopax/96/48895#Catalysis2754
3765,5138|13927,5139|14446,2,2,http://www.reactome.org/biopax/96/48895#BiochemicalReaction4816,1,http://www.reactome.org/biopax/96/48895#Catalysis2046
3766,760|14019,14087,2,1,http://www.reactome.org/biopax/96/48895#BiochemicalReaction800,1,http://www.reactome.org/biopax/96/48895#Catalysis309
3767,10995|15142|16208,15274|16209,3,2,http://www.reactome.org/biopax/96/48895#BiochemicalReaction8653,1,http://www.reactome.org/biopax/96/48895#Catalysis4647
3768,270|16043|16380,16044|16381,3,2,http://www.reactome.org/biopax/96/48895#BiochemicalReaction8536,1,http://www.reactome.org/biopax/96/48895#Catalysis4535
3769,3046|16483,2892|3044|3047|16493,2,4,http://www.reactome.org/biopax/96/48895#BiochemicalReaction2992,1,http://www.reactome.org/biopax/96/48895#Catalysis1424
3770,2936|14279,2937|14078,2,2,http://www.reactome.org/biopax/96/48895#BiochemicalReaction2897,1,http://www.reactome.org/biopax/96/48895#Catalysis1379
3771,5933|9379|9380,5933,3,1,http://www.reactome.org/biopax/96/48895#BiochemicalReaction5538,1,http://www.reactome.org/biopax/96/48895#Catalysis2279
3772,6908|7156|16476,7164|14078,3,2,http://www.reactome.org/biopax/96/48895#BiochemicalReaction609,1,http://www.reactome.org/biopax/96/48895#Catalysis223
3774,7006|16482,7005|8245,2,2,http://www.reactome.org/biopax/96/48895#BiochemicalReaction6735,1,http://www.reactome.org/biopax/96/48895#Catalysis2915
3775,989|994|16462,993|16466,3,2,http://www.reactome.org/biopax/96/48895#BiochemicalReaction1034,1,http://www.reactome.org/biopax/96/48895#Catalysis448
3776,220|14498|16343|16583,13939|16384,4,2,http://www.reactome.org/biopax/96/48895#BiochemicalReaction8445,1,http://www.reactome.org/biopax/96/48895#Catalysis4446
3779,10898|16393,10895,2,1,http://www.reactome.org/biopax/96/48895#BiochemicalReaction7976,1,http://www.reactome.org/biopax/96/48895#Catalysis4004
3780,3691|13792,13794,2,1,http://www.reactome.org/biopax/96/48895#BiochemicalReaction3538,1,http://www.reactome.org/biopax/96/48895#Control327
3781,6932|16504,6933|9992,2,2,http://www.reactome.org/biopax/96/48895#BiochemicalReaction6698,1,http://www.reactome.org/biopax/96/48895#Catalysis2885
3782,7910|14873|15343|15607|16086,14874|15321|16087,5,3,http://www.reactome.org/biopax/96/48895#BiochemicalReaction8569,1,http://www.reactome.org/biopax/96/48895#Catalysis4566
3783,12163|12185|13998,12168|14008,3,2,http://www.reactome.org/biopax/96/48895#BiochemicalReaction1415,1,http://www.reactome.org/biopax/96/48895#Catalysis605
3784,566|13998,577|14008,2,2,http://www.reactome.org/biopax/96/48895#BiochemicalReaction662,1,http://www.reactome.org/biopax/96/48895#Catalysis236
3785,9377|11683,5934,2,1,http://www.reactome.org/biopax/96/48895#BiochemicalReaction5540,1,http://www.reactome.org/biopax/96/48895#Catalysis2281
3786,10689|11221|16462,11229|16466,3,2,http://www.reactome.org/biopax/96/48895#BiochemicalReaction460,1,http://www.reactome.org/biopax/96/48895#Catalysis180
3787,4676|13927,4677|14446,2,2,http://www.reactome.org/biopax/96/48895#BiochemicalReaction4426,1,http://www.reactome.org/biopax/96/48895#Catalysis1934
3788,3045|14279,3046|14078,2,2,http://www.reactome.org/biopax/96/48895#BiochemicalReaction2991,1,http://www.reactome.org/biopax/96/48895#Catalysis1423
3789,3387|9970|13927,3390|14446,3,2,http://www.reactome.org/biopax/96/48895#BiochemicalReaction3239,1,http://www.reactome.org/biopax/96/48895#Catalysis1514
3791,708|14248|14255|16482,14263|14274|16580,4,3,http://www.reactome.org/biopax/96/48895#BiochemicalReaction744,1,http://www.reactome.org/biopax/96/48895#Catalysis262
3792,4504|8780|13927,4508|14446,3,2,http://www.reactome.org/biopax/96/48895#BiochemicalReaction4263,1,http://www.reactome.org/biopax/96/48895#Catalysis1878
3793,12530|13927|16482|16547,14446|16534|16574,4,3,http://www.reactome.org/biopax/96/48895#BiochemicalReaction1833,1,http://www.reactome.org/biopax/96/48895#Catalysis776
3795,880|11734|15189,880|14254,3,2,http://www.reactome.org/biopax/96/48895#BiochemicalReaction900,1,http://www.reactome.org/biopax/96/48895#Catalysis363
3796,141|15939|16482,15251|15828,3,2,http://www.reactome.org/biopax/96/48895#BiochemicalReaction8309,1,http://www.reactome.org/biopax/96/48895#Catalysis4310
3798,276|14873|15343|15607|16058,14874|15321|16059,5,3,http://www.reactome.org/biopax/96/48895#BiochemicalReaction8555,1,http://www.reactome.org/biopax/96/48895#Control837
3799,1776|16351|16360,14323|16480|16486,3,3,http://www.reactome.org/biopax/96/48895#BiochemicalReaction1776,1,http://www.reactome.org/biopax/96/48895#Catalysis737
3800,3171|14147,13928,2,1,http://www.reactome.org/biopax/96/48895#BiochemicalReaction3081,-1,http://www.reactome.org/biopax/96/48895#Control281
3801,11093|16148|16482,16149|16150,3,2,http://www.reactome.org/biopax/96/48895#BiochemicalReaction8610,1,http://www.reactome.org/biopax/96/48895#Catalysis4606
3802,4385|13841|13927,4386|14446,3,2,http://www.reactome.org/biopax/96/48895#BiochemicalReaction4138,1,http://www.reactome.org/biopax/96/48895#Catalysis1836
3803,2335|13927,2319|14446,2,2,http://www.reactome.org/biopax/96/48895#BiochemicalReaction2402,1,http://www.reactome.org/biopax/96/48895#Catalysis1116
3804,1596|12380|14019,1597,3,1,http://www.reactome.org/biopax/96/48895#BiochemicalReaction1616,1,http://www.reactome.org/biopax/96/48895#Control154
3805,9616|10271|13927,9617|14446,3,2,http://www.reactome.org/biopax/96/48895#BiochemicalReaction5978,1,http://www.reactome.org/biopax/96/48895#Catalysis2454
3806,11727|14989|15142,14793|15019|15274,3,3,http://www.reactome.org/biopax/96/48895#BiochemicalReaction887,1,http://www.reactome.org/biopax/96/48895#Catalysis350
3807,10869|14635|15435,14855|15443|16482,3,3,http://www.reactome.org/biopax/96/48895#BiochemicalReaction7838,1,http://www.reactome.org/biopax/96/48895#Catalysis3878
3808,1926|14297,14237,2,1,http://www.reactome.org/biopax/96/48895#BiochemicalReaction2089,1,http://www.reactome.org/biopax/96/48895#Catalysis999
3809,4062|10302|16583|16588,10309|16343|16591,4,3,http://www.reactome.org/biopax/96/48895#BiochemicalReaction372,-1,http://www.reactome.org/biopax/96/48895#Control25
3810,993|997,8013,2,1,http://www.reactome.org/biopax/96/48895#BiochemicalReaction1036,1,http://www.reactome.org/biopax/96/48895#Control76
3812,17|15757|16351,15758|16453,3,2,http://www.reactome.org/biopax/96/48895#BiochemicalReaction8224,1,http://www.reactome.org/biopax/96/48895#Catalysis4231
3813,7349|14938|16391|16588,14937|16392,4,2,http://www.reactome.org/biopax/96/48895#BiochemicalReaction7324,1,http://www.reactome.org/biopax/96/48895#Catalysis3383
3814,10638|14255|15455,15456,3,1,http://www.reactome.org/biopax/96/48895#BiochemicalReaction7849,1,http://www.reactome.org/biopax/96/48895#Catalysis3889
3815,4863|13927,4864|14446,2,2,http://www.reactome.org/biopax/96/48895#BiochemicalReaction4579,1,http://www.reactome.org/biopax/96/48895#Catalysis1965
3816,2000|16351|16360,16480|16486,3,2,http://www.reactome.org/biopax/96/48895#BiochemicalReaction2185,1,http://www.reactome.org/biopax/96/48895#Catalysis1055
3817,2570|6270,2082|2562|9992,2,3,http://www.reactome.org/biopax/96/48895#BiochemicalReaction2565,1,http://www.reactome.org/biopax/96/48895#Catalysis1188
3818,13849|13865|14321,13864|14322,3,2,http://www.reactome.org/biopax/96/48895#BiochemicalReaction3657,1,http://www.reactome.org/biopax/96/48895#Catalysis1688
3819,7672|14446|15590,13927|15587,3,2,http://www.reactome.org/biopax/96/48895#BiochemicalReaction8055,1,http://www.reactome.org/biopax/96/48895#Catalysis4063
3820,7467|14430|15213,14643|15215,3,2,http://www.reactome.org/biopax/96/48895#BiochemicalReaction7618,1,http://www.reactome.org/biopax/96/48895#Catalysis3670
3821,1841|16326,16568,2,1,http://www.reactome.org/biopax/96/48895#BiochemicalReaction1863,1,http://www.reactome.org/biopax/96/48895#Catalysis802
3822,7431|15138|16482,15146|16574,3,2,http://www.reactome.org/biopax/96/48895#BiochemicalReaction7557,1,http://www.reactome.org/biopax/96/48895#Catalysis3613
3823,12995|12997|13927,12996|14446,3,2,http://www.reactome.org/biopax/96/48895#BiochemicalReaction2473,1,http://www.reactome.org/biopax/96/48895#Catalysis1147
3824,5499|10049|13266,10081|11363,3,2,http://www.reactome.org/biopax/96/48895#BiochemicalReaction6605,1,http://www.reactome.org/biopax/96/48895#Catalysis2799
3825,12695|13931,16629,2,1,http://www.reactome.org/biopax/96/48895#BiochemicalReaction2100,1,http://www.reactome.org/biopax/96/48895#Catalysis1010
3826,11588|15302,15303,2,1,http://www.reactome.org/biopax/96/48895#BiochemicalReaction7700,1,http://www.reactome.org/biopax/96/48895#Catalysis3748
3827,8674|12208|13998,12180|14008,3,2,http://www.reactome.org/biopax/96/48895#BiochemicalReaction1442,1,http://www.reactome.org/biopax/96/48895#Catalysis625
3828,12453|13914|16467,1722,3,1,http://www.reactome.org/biopax/96/48895#BiochemicalReaction1732,1,http://www.reactome.org/biopax/96/48895#Control180
3829,6825|9741|14255|16324,9875|16325|16424,4,3,http://www.reactome.org/biopax/96/48895#BiochemicalReaction6443,1,http://www.reactome.org/biopax/96/48895#Catalysis2645
3830,268|14793|16035,16036|16424,3,2,http://www.reactome.org/biopax/96/48895#BiochemicalReaction8533,1,http://www.reactome.org/biopax/96/48895#Catalysis4532
3831,321|14793|16518,16424|16482,3,2,http://www.reactome.org/biopax/96/48895#BiochemicalReaction8694,1,http://www.reactome.org/biopax/96/48895#Catalysis4688
3832,622|13822|13927,9644|14446,3,2,http://www.reactome.org/biopax/96/48895#BiochemicalReaction6007,1,http://www.reactome.org/biopax/96/48895#Catalysis2474
3833,10188|14087,14167,2,1,http://www.reactome.org/biopax/96/48895#BiochemicalReaction8883,1,http://www.reactome.org/biopax/96/48895#Catalysis4765
3834,896|13927|15614,14446|14793|15570,3,3,http://www.reactome.org/biopax/96/48895#BiochemicalReaction8076,1,http://www.reactome.org/biopax/96/48895#Catalysis4084
3835,9631|11317|16504,9632|9992,3,2,http://www.reactome.org/biopax/96/48895#BiochemicalReaction5997,-1,http://www.reactome.org/biopax/96/48895#Control564
3836,6833|9882|16328|16329,9883|16331|16332,4,3,http://www.reactome.org/biopax/96/48895#BiochemicalReaction6448,1,http://www.reactome.org/biopax/96/48895#Catalysis2650
3837,7952|11217|16482,7953|16262,3,2,http://www.reactome.org/biopax/96/48895#BiochemicalReaction8840,1,http://www.reactome.org/biopax/96/48895#Catalysis4744
3838,9930|14583|16416,14584|16414,3,2,http://www.reactome.org/biopax/96/48895#BiochemicalReaction6504,1,http://www.reactome.org/biopax/96/48895#Control603
3839,7253|14430|14714,14715|14716,3,2,http://www.reactome.org/biopax/96/48895#BiochemicalReaction7103,1,http://www.reactome.org/biopax/96/48895#Catalysis3171
3840,9375|9377|13927,9376|14446,3,2,http://www.reactome.org/biopax/96/48895#BiochemicalReaction5534,-1,http://www.reactome.org/biopax/96/48895#Control502
3841,6329|6330|13927,6332|14446,3,2,http://www.reactome.org/biopax/96/48895#BiochemicalReaction5912,-1,http://www.reactome.org/biopax/96/48895#Control552
3842,13927|14635|15857|16217,14446|14635|16574,4,3,http://www.reactome.org/biopax/96/48895#BiochemicalReaction8661,-1,http://www.reactome.org/biopax/96/48895#Control843
3843,1136|7112|11927,7115,3,1,http://www.reactome.org/biopax/96/48895#BiochemicalReaction6837,-1,http://www.reactome.org/biopax/96/48895#Control613
3844,12372|15093,16535,2,1,http://www.reactome.org/biopax/96/48895#BiochemicalReaction7903,1,http://www.reactome.org/biopax/96/48895#Catalysis3942
3845,7386|15063|16343,15064|15065|16345,3,3,http://www.reactome.org/biopax/96/48895#BiochemicalReaction7422,1,http://www.reactome.org/biopax/96/48895#Catalysis3479
3846,1238|4597|11913,4596,3,1,http://www.reactome.org/biopax/96/48895#BiochemicalReaction4347,-1,http://www.reactome.org/biopax/96/48895#Control403
3847,7223|13927|16533,14446|14793|16524,3,3,http://www.reactome.org/biopax/96/48895#BiochemicalReaction6979,1,http://www.reactome.org/biopax/96/48895#Catalysis3058
3848,11727|15142|16206,14793|15274|16207,3,3,http://www.reactome.org/biopax/96/48895#BiochemicalReaction8652,1,http://www.reactome.org/biopax/96/48895#Catalysis4646
3849,10642|15449|16552,15478|16563,3,2,http://www.reactome.org/biopax/96/48895#BiochemicalReaction7866,1,http://www.reactome.org/biopax/96/48895#Catalysis3906
3850,52|16411|16482,15716|16574,3,2,http://www.reactome.org/biopax/96/48895#BiochemicalReaction8163,1,http://www.reactome.org/biopax/96/48895#Catalysis4171
3851,11069|14183|16001|16387,16000|16002|16386,4,3,http://www.reactome.org/biopax/96/48895#BiochemicalReaction8501,1,http://www.reactome.org/biopax/96/48895#Catalysis4501
3852,2398|12962|15939,2399|12948|14254,3,3,http://www.reactome.org/biopax/96/48895#BiochemicalReaction2430,1,http://www.reactome.org/biopax/96/48895#Catalysis1132
3853,11758|13927|15762|16482,14446|15769|16574,4,3,http://www.reactome.org/biopax/96/48895#BiochemicalReaction919,1,http://www.reactome.org/biopax/96/48895#Catalysis380
3854,10601|14794|15321,14155|14795,3,2,http://www.reactome.org/biopax/96/48895#BiochemicalReaction7180,1,http://www.reactome.org/biopax/96/48895#Catalysis3248
3855,10609|10639|13927,10617|14446,3,2,http://www.reactome.org/biopax/96/48895#BiochemicalReaction407,1,http://www.reactome.org/biopax/96/48895#Catalysis146
3856,1858|14446|15551,13927|16475,3,2,http://www.reactome.org/biopax/96/48895#BiochemicalReaction2007,1,http://www.reactome.org/biopax/96/48895#Catalysis939
3857,13927|14068|14362,14446|14793|15719,3,3,http://www.reactome.org/biopax/96/48895#BiochemicalReaction8166,-1,http://www.reactome.org/biopax/96/48895#Control802
3858,6381|13927,3522|6382|9624|9625|14446,2,5,http://www.reactome.org/biopax/96/48895#BiochemicalReaction5989,1,http://www.reactome.org/biopax/96/48895#Catalysis2463
3859,3583,3587|3588,1,2,http://www.reactome.org/biopax/96/48895#BiochemicalReaction3393,1,http://www.reactome.org/biopax/96/48895#Catalysis1560
3860,3617|3622|12079,3623,3,1,http://www.reactome.org/biopax/96/48895#BiochemicalReaction3430,-1,http://www.reactome.org/biopax/96/48895#Control311
3861,105|13972|15770,15780|15857,3,2,http://www.reactome.org/biopax/96/48895#BiochemicalReaction8254,1,http://www.reactome.org/biopax/96/48895#Catalysis4259
3862,10649|14371|14873|15343|15607,14874|15321|16117,5,3,http://www.reactome.org/biopax/96/48895#BiochemicalReaction8588,1,http://www.reactome.org/biopax/96/48895#Catalysis4585
3863,10279|11845|13998,10278|14008,3,2,http://www.reactome.org/biopax/96/48895#BiochemicalReaction6805,1,http://www.reactome.org/biopax/96/48895#Catalysis2944
3864,1873|16598,16597,2,1,http://www.reactome.org/biopax/96/48895#BiochemicalReaction2028,1,http://www.reactome.org/biopax/96/48895#Catalysis959
3865,427|1020|9747,428|11189|11190,3,3,http://www.reactome.org/biopax/96/48895#BiochemicalReaction8790,1,http://www.reactome.org/biopax/96/48895#Control853
3866,1912|13927|13928|14793|16482,14147|14323|14446|16574,5,4,http://www.reactome.org/biopax/96/48895#BiochemicalReaction2071,1,http://www.reactome.org/biopax/96/48895#Catalysis986
3867,12559|14297|16570,14237|16572,3,2,http://www.reactome.org/biopax/96/48895#BiochemicalReaction1872,1,http://www.reactome.org/biopax/96/48895#Catalysis811
3868,4005|6608|9755,6609,3,1,http://www.reactome.org/biopax/96/48895#BiochemicalReaction6240,-1,http://www.reactome.org/biopax/96/48895#Control579
3869,11419|11935,1137,2,1,http://www.reactome.org/biopax/96/48895#BiochemicalReaction1140,-1,http://www.reactome.org/biopax/96/48895#Control96
3870,7522|15413|15414,14901|15415,3,2,http://www.reactome.org/biopax/96/48895#BiochemicalReaction7812,1,http://www.reactome.org/biopax/96/48895#Catalysis3852
3871,13949|14446|14793|14815,13927|15294,4,2,http://www.reactome.org/biopax/96/48895#BiochemicalReaction6990,-1,http://www.reactome.org/biopax/96/48895#Control667
3872,3045|13283|14279,3046|14078,3,2,http://www.reactome.org/biopax/96/48895#BiochemicalReaction2991,-1,http://www.reactome.org/biopax/96/48895#Control273
3874,10412|16445,7163,2,1,http://www.reactome.org/biopax/96/48895#BiochemicalReaction7894,1,http://www.reactome.org/biopax/96/48895#Catalysis3934
3875,1785|16516,16517,2,1,http://www.reactome.org/biopax/96/48895#BiochemicalReaction1798,1,http://www.reactome.org/biopax/96/48895#Catalysis757
3876,4464|14388|14389|16564,14390|14392,4,2,http://www.reactome.org/biopax/96/48895#BiochemicalReaction4222,1,http://www.reactome.org/biopax/96/48895#Catalysis1860
3877,7336|14882|16482,14886,3,1,http://www.reactome.org/biopax/96/48895#BiochemicalReaction7278,1,http://www.reactome.org/biopax/96/48895#Catalysis3337
3878,7241|16182,14675,2,1,http://www.reactome.org/biopax/96/48895#BiochemicalReaction7016,1,http://www.reactome.org/biopax/96/48895#Catalysis3095
3879,3417|8445,13489|13504|13505,2,3,http://www.reactome.org/biopax/96/48895#BiochemicalReaction3287,1,http://www.reactome.org/biopax/96/48895#Catalysis1533
3880,11738|15239,15305,2,1,http://www.reactome.org/biopax/96/48895#BiochemicalReaction902,1,http://www.reactome.org/biopax/96/48895#Catalysis365
3881,10601|14789|15321,14155|14790,3,2,http://www.reactome.org/biopax/96/48895#BiochemicalReaction7178,1,http://www.reactome.org/biopax/96/48895#Catalysis3246
3883,6432|9671|16482,6431|16574,3,2,http://www.reactome.org/biopax/96/48895#BiochemicalReaction6046,1,http://www.reactome.org/biopax/96/48895#Catalysis2487
3884,3164|14147,13928,2,1,http://www.reactome.org/biopax/96/48895#BiochemicalReaction3076,1,http://www.reactome.org/biopax/96/48895#Catalysis1462
3885,11686|13001|14073,2480,3,1,http://www.reactome.org/biopax/96/48895#BiochemicalReaction2480,1,http://www.reactome.org/biopax/96/48895#Catalysis1152
3886,3189|10347|16351,10353,3,1,http://www.reactome.org/biopax/96/48895#BiochemicalReaction6869,1,http://www.reactome.org/biopax/96/48895#Catalysis2986
3887,827|14147,13928,2,1,http://www.reactome.org/biopax/96/48895#BiochemicalReaction849,1,http://www.reactome.org/biopax/96/48895#Catalysis341
3888,7325|15458|16482,15460,3,1,http://www.reactome.org/biopax/96/48895#BiochemicalReaction7853,1,http://www.reactome.org/biopax/96/48895#Catalysis3893
3889,497|11249,498,2,1,http://www.reactome.org/biopax/96/48895#BiochemicalReaction8851,1,http://www.reactome.org/biopax/96/48895#Control878
3890,297|15733|16611,15740|16181,3,2,http://www.reactome.org/biopax/96/48895#BiochemicalReaction8631,1,http://www.reactome.org/biopax/96/48895#Catalysis4625
3891,4497|13927,4499|14446,2,2,http://www.reactome.org/biopax/96/48895#BiochemicalReaction4258,1,http://www.reactome.org/biopax/96/48895#Catalysis1876
3892,7335|14255|14463,14872,3,1,http://www.reactome.org/biopax/96/48895#BiochemicalReaction7266,1,http://www.reactome.org/biopax/96/48895#Catalysis3325
3893,2400|12963|15939,2401|12948|14254,3,3,http://www.reactome.org/biopax/96/48895#BiochemicalReaction2431,1,http://www.reactome.org/biopax/96/48895#Catalysis1133
3894,6116|6124|13927,6125|14446,3,2,http://www.reactome.org/biopax/96/48895#BiochemicalReaction5708,1,http://www.reactome.org/biopax/96/48895#Catalysis2345
3895,1844|13940|14417,13941|16324,3,2,http://www.reactome.org/biopax/96/48895#BiochemicalReaction8003,1,http://www.reactome.org/biopax/96/48895#Catalysis4018
3896,2764|10745,2765,2,1,http://www.reactome.org/biopax/96/48895#BiochemicalReaction2757,1,http://www.reactome.org/biopax/96/48895#Catalysis1301
3897,7828|10577|14110,7829|14109|16551,3,3,http://www.reactome.org/biopax/96/48895#BiochemicalReaction7096,1,http://www.reactome.org/biopax/96/48895#Catalysis3166
3898,6057|10745,6058,2,1,http://www.reactome.org/biopax/96/48895#BiochemicalReaction5655,1,http://www.reactome.org/biopax/96/48895#Catalysis2321
3899,10833|15359,15360,2,1,http://www.reactome.org/biopax/96/48895#BiochemicalReaction7744,1,http://www.reactome.org/biopax/96/48895#Catalysis3792
3900,10954|11445|16462,11454|16466,3,2,http://www.reactome.org/biopax/96/48895#BiochemicalReaction562,1,http://www.reactome.org/biopax/96/48895#Catalysis213
3902,5058|8983|16482,5059|16574,3,2,http://www.reactome.org/biopax/96/48895#BiochemicalReaction4749,1,http://www.reactome.org/biopax/96/48895#Catalysis2018
3903,12607|13980|14297,13983|14237,3,2,http://www.reactome.org/biopax/96/48895#BiochemicalReaction1934,1,http://www.reactome.org/biopax/96/48895#Catalysis872
3904,10730|14969|15113,15110|15568,3,2,http://www.reactome.org/biopax/96/48895#BiochemicalReaction7496,1,http://www.reactome.org/biopax/96/48895#Catalysis3553
3905,3406|13477|13927,3407|14446,3,2,http://www.reactome.org/biopax/96/48895#BiochemicalReaction3249,-1,http://www.reactome.org/biopax/96/48895#Control292
3906,4617|13080|16462,13081|16466,3,2,http://www.reactome.org/biopax/96/48895#BiochemicalReaction2581,1,http://www.reactome.org/biopax/96/48895#Catalysis1199
3907,7461|14430|15211,14691|15208,3,2,http://www.reactome.org/biopax/96/48895#BiochemicalReaction7611,1,http://www.reactome.org/biopax/96/48895#Catalysis3663
3908,5398|5401|13927,3543|14446,3,2,http://www.reactome.org/biopax/96/48895#BiochemicalReaction5057,-1,http://www.reactome.org/biopax/96/48895#Control460
3909,5269|13927,5270|14446,2,2,http://www.reactome.org/biopax/96/48895#BiochemicalReaction4936,1,http://www.reactome.org/biopax/96/48895#Catalysis2097
3910,36|15688|16417,14699|15689|16551,3,3,http://www.reactome.org/biopax/96/48895#BiochemicalReaction8143,1,http://www.reactome.org/biopax/96/48895#Catalysis4151
3911,3288|7065|16462,7057|16466|16514,3,3,http://www.reactome.org/biopax/96/48895#BiochemicalReaction600,1,http://www.reactome.org/biopax/96/48895#Catalysis217
3912,288|14793|15050|16155,15029|16406|16482,4,3,http://www.reactome.org/biopax/96/48895#BiochemicalReaction8613,1,http://www.reactome.org/biopax/96/48895#Catalysis4609
3913,7335|14255|15494,15501,3,1,http://www.reactome.org/biopax/96/48895#BiochemicalReaction7883,1,http://www.reactome.org/biopax/96/48895#Catalysis3923
3914,742|14297,14237,2,1,http://www.reactome.org/biopax/96/48895#BiochemicalReaction792,1,http://www.reactome.org/biopax/96/48895#Catalysis303
3915,3639|13747,13748|13749,2,2,http://www.reactome.org/biopax/96/48895#BiochemicalReaction3479,1,http://www.reactome.org/biopax/96/48895#Catalysis1609
3916,5376|13927,5377|14446|14793,2,3,http://www.reactome.org/biopax/96/48895#BiochemicalReaction5028,1,http://www.reactome.org/biopax/96/48895#Catalysis2138
3917,6298|9564|14184,9565|14362,3,2,http://www.reactome.org/biopax/96/48895#BiochemicalReaction5876,1,http://www.reactome.org/biopax/96/48895#Catalysis2409
3918,10954|13018|16462,13016|16466,3,2,http://www.reactome.org/biopax/96/48895#BiochemicalReaction2499,1,http://www.reactome.org/biopax/96/48895#Catalysis1159
3919,3176|11682,7543,2,1,http://www.reactome.org/biopax/96/48895#BiochemicalReaction7907,1,http://www.reactome.org/biopax/96/48895#Catalysis3945
3920,10651|14873|14893|14895,14466|14874|14896|15321|16040,4,5,http://www.reactome.org/biopax/96/48895#BiochemicalReaction7284,1,http://www.reactome.org/biopax/96/48895#Catalysis3343
3921,7335|14255|15448,15453,3,1,http://www.reactome.org/biopax/96/48895#BiochemicalReaction7846,1,http://www.reactome.org/biopax/96/48895#Catalysis3886
3922,214|15927|16482,14734|15814|16311,3,3,http://www.reactome.org/biopax/96/48895#BiochemicalReaction8428,1,http://www.reactome.org/biopax/96/48895#Catalysis4429
3923,6373|9675|16482,6437|16574,3,2,http://www.reactome.org/biopax/96/48895#BiochemicalReaction6052,1,http://www.reactome.org/biopax/96/48895#Catalysis2489
3924,7492|14297|16481,14237|16601,3,2,http://www.reactome.org/biopax/96/48895#BiochemicalReaction7748,1,http://www.reactome.org/biopax/96/48895#Control714
3925,11323|11324|16280,11321|14362,3,2,http://www.reactome.org/biopax/96/48895#BiochemicalReaction8912,1,http://www.reactome.org/biopax/96/48895#Catalysis4779
3926,3812|16533,16541,2,1,http://www.reactome.org/biopax/96/48895#BiochemicalReaction357,1,http://www.reactome.org/biopax/96/48895#Catalysis122
3927,11767|16372,16370,2,1,http://www.reactome.org/biopax/96/48895#BiochemicalReaction8543,1,http://www.reactome.org/biopax/96/48895#Catalysis4541
3928,5012|5014|13927,5015|14446,3,2,http://www.reactome.org/biopax/96/48895#BiochemicalReaction4708,1,http://www.reactome.org/biopax/96/48895#Control428
3929,807|14343,16378,2,1,http://www.reactome.org/biopax/96/48895#BiochemicalReaction830,1,http://www.reactome.org/biopax/96/48895#Catalysis326
3930,5805|15388,16334,2,1,http://www.reactome.org/biopax/96/48895#BiochemicalReaction7773,1,http://www.reactome.org/biopax/96/48895#Control716
3931,12657|14113|14114,14115|16433,3,2,http://www.reactome.org/biopax/96/48895#BiochemicalReaction2016,1,http://www.reactome.org/biopax/96/48895#Catalysis948
3932,701|14147,14147,2,1,http://www.reactome.org/biopax/96/48895#BiochemicalReaction739,1,http://www.reactome.org/biopax/96/48895#Catalysis257
3933,10683|14196|15037,14362|15046,3,2,http://www.reactome.org/biopax/96/48895#BiochemicalReaction7399,1,http://www.reactome.org/biopax/96/48895#Catalysis3456
3934,11048|14500|16389|16588,14498|15938|16588,4,3,http://www.reactome.org/biopax/96/48895#BiochemicalReaction8444,1,http://www.reactome.org/biopax/96/48895#Catalysis4445
3935,10692|15103|16351,15053|15106,3,2,http://www.reactome.org/biopax/96/48895#BiochemicalReaction7486,-1,http://www.reactome.org/biopax/96/48895#Control702
3936,11|15623|16574,15617|15622,3,2,http://www.reactome.org/biopax/96/48895#BiochemicalReaction8130,1,http://www.reactome.org/biopax/96/48895#Catalysis4138
3937,7136|9127|16351,10354,3,1,http://www.reactome.org/biopax/96/48895#BiochemicalReaction6870,1,http://www.reactome.org/biopax/96/48895#Catalysis2987
3938,8637|14370|16482,16457|16574,3,2,http://www.reactome.org/biopax/96/48895#BiochemicalReaction4056,1,http://www.reactome.org/biopax/96/48895#Catalysis1799
3939,11953|16288|16394,16351|16395,3,2,http://www.reactome.org/biopax/96/48895#BiochemicalReaction1188,1,http://www.reactome.org/biopax/96/48895#Catalysis517
3940,12690|16378,14343,2,1,http://www.reactome.org/biopax/96/48895#BiochemicalReaction2094,1,http://www.reactome.org/biopax/96/48895#Catalysis1004
3941,3031|3045|14279,3046|14078,3,2,http://www.reactome.org/biopax/96/48895#BiochemicalReaction2991,-1,http://www.reactome.org/biopax/96/48895#Control274
3942,7855|15047|16482,14530|15046,3,2,http://www.reactome.org/biopax/96/48895#BiochemicalReaction7401,1,http://www.reactome.org/biopax/96/48895#Catalysis3458
3943,13601|13603|13927,13602|14446,3,2,http://www.reactome.org/biopax/96/48895#BiochemicalReaction3372,1,http://www.reactome.org/biopax/96/48895#Catalysis1552
3944,11333|15939,15079|16432,2,2,http://www.reactome.org/biopax/96/48895#BiochemicalReaction8919,1,http://www.reactome.org/biopax/96/48895#Control918
3945,340|341,2475,2,1,http://www.reactome.org/biopax/96/48895#BiochemicalReaction8727,1,http://www.reactome.org/biopax/96/48895#Catalysis4707
3946,1599,1601,1,1,http://www.reactome.org/biopax/96/48895#BiochemicalReaction1618,1,http://www.reactome.org/biopax/96/48895#Catalysis692
3947,1706|5528|15939,1707|14254,3,2,http://www.reactome.org/biopax/96/48895#BiochemicalReaction5167,1,http://www.reactome.org/biopax/96/48895#Catalysis2199
3948,3815|5621,10745,2,1,http://www.reactome.org/biopax/96/48895#BiochemicalReaction3655,1,http://www.reactome.org/biopax/96/48895#Catalysis1686
3949,11009|14507|15343,14506,3,1,http://www.reactome.org/biopax/96/48895#BiochemicalReaction8272,1,http://www.reactome.org/biopax/96/48895#Catalysis4276
3950,4494|13927,4497|14446,2,2,http://www.reactome.org/biopax/96/48895#BiochemicalReaction4257,1,http://www.reactome.org/biopax/96/48895#Catalysis1875
3951,10827|15346|16391|16583|16588,15347|16343|16392,5,3,http://www.reactome.org/biopax/96/48895#BiochemicalReaction7734,1,http://www.reactome.org/biopax/96/48895#Catalysis3782
3952,1351|9678|15939,1332|14254,3,2,http://www.reactome.org/biopax/96/48895#BiochemicalReaction6057,1,http://www.reactome.org/biopax/96/48895#Catalysis2490
3953,5235|5236|15939,5237|14254,3,2,http://www.reactome.org/biopax/96/48895#BiochemicalReaction4911,1,http://www.reactome.org/biopax/96/48895#Catalysis2087
3954,276|14255|14793|15395|16563,16054|16482|16552,5,3,http://www.reactome.org/biopax/96/48895#BiochemicalReaction8553,1,http://www.reactome.org/biopax/96/48895#Control835
3955,547|11308|16552,548|14793|16563,3,3,http://www.reactome.org/biopax/96/48895#BiochemicalReaction8890,1,http://www.reactome.org/biopax/96/48895#Catalysis4768
3956,1785|16494,16515,2,1,http://www.reactome.org/biopax/96/48895#BiochemicalReaction1974,1,http://www.reactome.org/biopax/96/48895#Catalysis910
3957,9950|9952|14104,9951|14324,3,2,http://www.reactome.org/biopax/96/48895#BiochemicalReaction6532,1,http://www.reactome.org/biopax/96/48895#Catalysis2731
3958,12652|14095|14096,14097|14099,3,2,http://www.reactome.org/biopax/96/48895#BiochemicalReaction2010,1,http://www.reactome.org/biopax/96/48895#Catalysis942
3959,3454|6652,6648|6649|13044,2,3,http://www.reactome.org/biopax/96/48895#BiochemicalReaction6294,1,http://www.reactome.org/biopax/96/48895#Catalysis2582
3960,9972|9999|14097,9998|14096|16551,3,3,http://www.reactome.org/biopax/96/48895#BiochemicalReaction6549,1,http://www.reactome.org/biopax/96/48895#Catalysis2744
3961,2257|15939,2254|14254,2,2,http://www.reactome.org/biopax/96/48895#BiochemicalReaction2354,1,http://www.reactome.org/biopax/96/48895#Catalysis1103
3962,5928|14815|16482,14308|14793,3,2,http://www.reactome.org/biopax/96/48895#BiochemicalReaction5527,1,http://www.reactome.org/biopax/96/48895#Catalysis2270
3963,1706|5533|15939,1707|14254,3,2,http://www.reactome.org/biopax/96/48895#BiochemicalReaction5172,1,http://www.reactome.org/biopax/96/48895#Catalysis2201
3965,4932|13927,4936|14446,2,2,http://www.reactome.org/biopax/96/48895#BiochemicalReaction4643,1,http://www.reactome.org/biopax/96/48895#Catalysis1981
3966,10806|15029|15234|16482,14793|15050|15235,4,3,http://www.reactome.org/biopax/96/48895#BiochemicalReaction7637,1,http://www.reactome.org/biopax/96/48895#Catalysis3689
3967,4104|13927,4103|8545|14446,2,3,http://www.reactome.org/biopax/96/48895#BiochemicalReaction3887,1,http://www.reactome.org/biopax/96/48895#Catalysis1758
3968,9862|9863|13927|14734,9797|14308|15079,4,3,http://www.reactome.org/biopax/96/48895#BiochemicalReaction6434,1,http://www.reactome.org/biopax/96/48895#Catalysis2636
3969,5499|6906|10043,6907|11363,3,2,http://www.reactome.org/biopax/96/48895#BiochemicalReaction6658,1,http://www.reactome.org/biopax/96/48895#Catalysis2851
3970,4899|13927,4900|14446,2,2,http://www.reactome.org/biopax/96/48895#BiochemicalReaction4615,1,http://www.reactome.org/biopax/96/48895#Catalysis1976
3971,11617|14351|14913,14352|14914|14915,3,3,http://www.reactome.org/biopax/96/48895#BiochemicalReaction7300,1,http://www.reactome.org/biopax/96/48895#Catalysis3359
3972,1214|11988|13927,1215|14446,3,2,http://www.reactome.org/biopax/96/48895#BiochemicalReaction1230,1,http://www.reactome.org/biopax/96/48895#Catalysis536
3973,1350|3429|15939,3430|14837,3,2,http://www.reactome.org/biopax/96/48895#BiochemicalReaction3265,1,http://www.reactome.org/biopax/96/48895#Catalysis1523
3974,3377|13463|13927,3378|14446,3,2,http://www.reactome.org/biopax/96/48895#BiochemicalReaction3227,1,http://www.reactome.org/biopax/96/48895#Catalysis1510
3975,7013|16504,7014|9992,2,2,http://www.reactome.org/biopax/96/48895#BiochemicalReaction6746,1,http://www.reactome.org/biopax/96/48895#Catalysis2922
3976,12701|16424,14157,2,1,http://www.reactome.org/biopax/96/48895#BiochemicalReaction2120,1,http://www.reactome.org/biopax/96/48895#Catalysis1024
3977,7188|10443,7190,2,1,http://www.reactome.org/biopax/96/48895#BiochemicalReaction6943,1,http://www.reactome.org/biopax/96/48895#Catalysis3025
3978,3066|9992,3068,2,1,http://www.reactome.org/biopax/96/48895#BiochemicalReaction3009,1,http://www.reactome.org/biopax/96/48895#Catalysis1433
3979,7914|14873|15343|15607|16095,14874|15321|16096,5,3,http://www.reactome.org/biopax/96/48895#BiochemicalReaction8574,1,http://www.reactome.org/biopax/96/48895#Catalysis4571
3980,12007|12009,12010,2,1,http://www.reactome.org/biopax/96/48895#BiochemicalReaction1252,1,http://www.reactome.org/biopax/96/48895#Catalysis547
3981,10636|14255|14793|15283|16563,15284|16482|16552,5,3,http://www.reactome.org/biopax/96/48895#BiochemicalReaction7685,1,http://www.reactome.org/biopax/96/48895#Catalysis3733
3982,14255|14793|15703|15800|16563,15793|16482|16552,5,3,http://www.reactome.org/biopax/96/48895#BiochemicalReaction920,1,http://www.reactome.org/biopax/96/48895#Control66
3983,1223|11999|13927,1224|14446,3,2,http://www.reactome.org/biopax/96/48895#BiochemicalReaction1241,1,http://www.reactome.org/biopax/96/48895#Catalysis541
3984,1306|10609|12063,1314,3,1,http://www.reactome.org/biopax/96/48895#BiochemicalReaction1308,1,http://www.reactome.org/biopax/96/48895#Control126
3985,6943|16482,6944|10745,2,2,http://www.reactome.org/biopax/96/48895#BiochemicalReaction6704,1,http://www.reactome.org/biopax/96/48895#Catalysis2890
3986,1171|16384|16389,16343|16390,3,2,http://www.reactome.org/biopax/96/48895#BiochemicalReaction1181,1,http://www.reactome.org/biopax/96/48895#Catalysis511
3987,12623|14018|14323,14021|14793,3,2,http://www.reactome.org/biopax/96/48895#BiochemicalReaction1957,1,http://www.reactome.org/biopax/96/48895#Catalysis895
3988,318|10842|16391|16588,319|16392,4,2,http://www.reactome.org/biopax/96/48895#BiochemicalReaction8689,1,http://www.reactome.org/biopax/96/48895#Catalysis4683
3989,4150|13038|16462,2582|16466,3,2,http://www.reactome.org/biopax/96/48895#BiochemicalReaction2577,1,http://www.reactome.org/biopax/96/48895#Catalysis1195
3990,4579|16504,4532|7939|10701,2,3,http://www.reactome.org/biopax/96/48895#BiochemicalReaction422,1,http://www.reactome.org/biopax/96/48895#Catalysis155
3991,4811|16462,4819|16466,2,2,http://www.reactome.org/biopax/96/48895#BiochemicalReaction436,1,http://www.reactome.org/biopax/96/48895#Catalysis166
3992,6482|13328|13927,6483|14446,3,2,http://www.reactome.org/biopax/96/48895#BiochemicalReaction6092,1,http://www.reactome.org/biopax/96/48895#Catalysis2500
3993,558|11322,11323|13969,2,2,http://www.reactome.org/biopax/96/48895#BiochemicalReaction8911,1,http://www.reactome.org/biopax/96/48895#Catalysis4778
3994,31|14793|15680|16482,14734|15681|16424,4,3,http://www.reactome.org/biopax/96/48895#BiochemicalReaction8136,1,http://www.reactome.org/biopax/96/48895#Catalysis4144
3995,12756|14195|14196,14197|14362,3,2,http://www.reactome.org/biopax/96/48895#BiochemicalReaction2199,1,http://www.reactome.org/biopax/96/48895#Catalysis1057
3996,4861|13927,4862|14446,2,2,http://www.reactome.org/biopax/96/48895#BiochemicalReaction4577,1,http://www.reactome.org/biopax/96/48895#Catalysis1964
3997,3584|4092|8562,4093,3,1,http://www.reactome.org/biopax/96/48895#BiochemicalReaction3878,-1,http://www.reactome.org/biopax/96/48895#Control369
3998,6070|10745,6071,2,1,http://www.reactome.org/biopax/96/48895#BiochemicalReaction5670,1,http://www.reactome.org/biopax/96/48895#Catalysis2330
3999,4319|13927|16299,13979|14446,3,2,http://www.reactome.org/biopax/96/48895#BiochemicalReaction4069,1,http://www.reactome.org/biopax/96/48895#Catalysis1802
4000,6879|10018|14622,10019|14324|16551,3,3,http://www.reactome.org/biopax/96/48895#BiochemicalReaction6566,1,http://www.reactome.org/biopax/96/48895#Catalysis2760
4001,4546|8791,4549|8788|13901,2,3,http://www.reactome.org/biopax/96/48895#BiochemicalReaction4298,1,http://www.reactome.org/biopax/96/48895#Catalysis1895
4002,6202|14484|15551,6203|16475|16588,3,3,http://www.reactome.org/biopax/96/48895#BiochemicalReaction5802,1,http://www.reactome.org/biopax/96/48895#Control531
4003,7788|9921|16482,13946|14566,3,2,http://www.reactome.org/biopax/96/48895#BiochemicalReaction6489,1,http://www.reactome.org/biopax/96/48895#Catalysis2691
4004,1316|5621,10609|10745,2,2,http://www.reactome.org/biopax/96/48895#BiochemicalReaction1311,1,http://www.reactome.org/biopax/96/48895#Catalysis559
4005,5536|13927,5537|14446,2,2,http://www.reactome.org/biopax/96/48895#BiochemicalReaction5175,1,http://www.reactome.org/biopax/96/48895#Catalysis2202
4007,1204|1205|13927,1206|14446,3,2,http://www.reactome.org/biopax/96/48895#BiochemicalReaction1213,1,http://www.reactome.org/biopax/96/48895#Catalysis530
4009,7755|11921,7754,2,1,http://www.reactome.org/biopax/96/48895#BiochemicalReaction5951,1,http://www.reactome.org/biopax/96/48895#Control558
4010,7374|14653|14793|15050,15029|15037,4,2,http://www.reactome.org/biopax/96/48895#BiochemicalReaction7397,1,http://www.reactome.org/biopax/96/48895#Catalysis3454
4011,5030|16482,5032|16574,2,2,http://www.reactome.org/biopax/96/48895#BiochemicalReaction4728,1,http://www.reactome.org/biopax/96/48895#Catalysis2007
4012,5499|10077|10079,10078|11363,3,2,http://www.reactome.org/biopax/96/48895#BiochemicalReaction6603,1,http://www.reactome.org/biopax/96/48895#Catalysis2797
4013,1706|3855|15939,1707|14254,3,2,http://www.reactome.org/biopax/96/48895#BiochemicalReaction3688,1,http://www.reactome.org/biopax/96/48895#Catalysis1700
4014,6156|13927,14815|15079,2,2,http://www.reactome.org/biopax/96/48895#BiochemicalReaction5752,1,http://www.reactome.org/biopax/96/48895#Control524
4015,3621,3622|14446,1,2,http://www.reactome.org/biopax/96/48895#BiochemicalReaction3429,1,http://www.reactome.org/biopax/96/48895#Catalysis1570
4016,9889|14527|16416,14524|14528,3,2,http://www.reactome.org/biopax/96/48895#BiochemicalReaction6456,1,http://www.reactome.org/biopax/96/48895#Catalysis2658
4017,12572|14297|16453,14237|16574,3,2,http://www.reactome.org/biopax/96/48895#BiochemicalReaction1885,1,http://www.reactome.org/biopax/96/48895#Catalysis823
4018,11023|13927|14309|15831,14446|14793|15837|16574,4,4,http://www.reactome.org/biopax/96/48895#BiochemicalReaction8332,1,http://www.reactome.org/biopax/96/48895#Catalysis4333
4019,9717|9723|16462,9724|16466,3,2,http://www.reactome.org/biopax/96/48895#BiochemicalReaction6183,1,http://www.reactome.org/biopax/96/48895#Catalysis2532
4021,3917|12937|15939,3918|12937|14254|16574,3,4,http://www.reactome.org/biopax/96/48895#BiochemicalReaction3743,1,http://www.reactome.org/biopax/96/48895#Catalysis1719
4022,9887|14294|14525,7784|14526,3,2,http://www.reactome.org/biopax/96/48895#BiochemicalReaction6454,1,http://www.reactome.org/biopax/96/48895#Catalysis2656
4023,179|10894|14419,10317|14420|16588,3,3,http://www.reactome.org/biopax/96/48895#BiochemicalReaction8380,1,http://www.reactome.org/biopax/96/48895#Catalysis4381
4024,1706|5200|15939,1707|14254,3,2,http://www.reactome.org/biopax/96/48895#BiochemicalReaction4881,1,http://www.reactome.org/biopax/96/48895#Catalysis2075
4025,12159|12190|13998,12189|14008,3,2,http://www.reactome.org/biopax/96/48895#BiochemicalReaction1422,1,http://www.reactome.org/biopax/96/48895#Catalysis612
4026,10981|15732,62,2,1,http://www.reactome.org/biopax/96/48895#BiochemicalReaction8187,1,http://www.reactome.org/biopax/96/48895#Catalysis4195
4027,4653|13927,4655|14446,2,2,http://www.reactome.org/biopax/96/48895#BiochemicalReaction4406,1,http://www.reactome.org/biopax/96/48895#Catalysis1930
4028,9926|14107|14517,14106|14579,3,2,http://www.reactome.org/biopax/96/48895#BiochemicalReaction6500,1,http://www.reactome.org/biopax/96/48895#Catalysis2702
4029,438|11194|16504,439|16421,3,2,http://www.reactome.org/biopax/96/48895#BiochemicalReaction8806,1,http://www.reactome.org/biopax/96/48895#Catalysis4732
4030,1935|14323|16519,14157|16351,3,2,http://www.reactome.org/biopax/96/48895#BiochemicalReaction2121,1,http://www.reactome.org/biopax/96/48895#Catalysis1025
4031,11054|13370|14419|16343,11052|14298|15966,4,3,http://www.reactome.org/biopax/96/48895#BiochemicalReaction8473,1,http://www.reactome.org/biopax/96/48895#Catalysis4474
4032,5265|13927,5267|14446,2,2,http://www.reactome.org/biopax/96/48895#BiochemicalReaction4932,1,http://www.reactome.org/biopax/96/48895#Catalysis2096
4033,7650|14309|14648,14041|16324,3,2,http://www.reactome.org/biopax/96/48895#BiochemicalReaction8316,1,http://www.reactome.org/biopax/96/48895#Catalysis4317
4034,9913|14097|14559,14096|14561,3,2,http://www.reactome.org/biopax/96/48895#BiochemicalReaction6486,1,http://www.reactome.org/biopax/96/48895#Catalysis2688
4035,7168|15551|16343,7167|16345|16475,3,3,http://www.reactome.org/biopax/96/48895#BiochemicalReaction6922,1,http://www.reactome.org/biopax/96/48895#Catalysis3010
4036,4383|13927,4384|14446,2,2,http://www.reactome.org/biopax/96/48895#BiochemicalReaction4135,1,http://www.reactome.org/biopax/96/48895#Catalysis1834
4037,5227|6322|6326|7742|12315,6325,5,1,http://www.reactome.org/biopax/96/48895#BiochemicalReaction5907,-1,http://www.reactome.org/biopax/96/48895#Control548
4038,5178|10745,5179,2,1,http://www.reactome.org/biopax/96/48895#BiochemicalReaction4861,1,http://www.reactome.org/biopax/96/48895#Catalysis2066
4039,1226|11999|13927,1227|14446,3,2,http://www.reactome.org/biopax/96/48895#BiochemicalReaction1243,1,http://www.reactome.org/biopax/96/48895#Catalysis543
4041,5299|5301|13927,5300|14446,3,2,http://www.reactome.org/biopax/96/48895#BiochemicalReaction4963,-1,http://www.reactome.org/biopax/96/48895#Control454
4042,10674|16451|16482,15040|16574,3,2,http://www.reactome.org/biopax/96/48895#BiochemicalReaction7388,1,http://www.reactome.org/biopax/96/48895#Catalysis3445
4043,9520|14477|15029,14478|14793|15050,3,3,http://www.reactome.org/biopax/96/48895#BiochemicalReaction5789,1,http://www.reactome.org/biopax/96/48895#Catalysis2384
4044,159|15847|16324,14309|15848,3,2,http://www.reactome.org/biopax/96/48895#BiochemicalReaction8336,1,http://www.reactome.org/biopax/96/48895#Catalysis4337
4045,2436|16482,2437|16574,2,2,http://www.reactome.org/biopax/96/48895#BiochemicalReaction2449,1,http://www.reactome.org/biopax/96/48895#Catalysis1145
4046,3005|3102|15939,3013|14254,3,2,http://www.reactome.org/biopax/96/48895#BiochemicalReaction306,1,http://www.reactome.org/biopax/96/48895#Catalysis110
4047,10594|14766|16462,14765|16422|16466,3,3,http://www.reactome.org/biopax/96/48895#BiochemicalReaction7150,1,http://www.reactome.org/biopax/96/48895#Catalysis3218
4048,7482|15243,15079|15245,2,2,http://www.reactome.org/biopax/96/48895#BiochemicalReaction7650,1,http://www.reactome.org/biopax/96/48895#Catalysis3700
4049,10733|14087|14186,7407,3,1,http://www.reactome.org/biopax/96/48895#BiochemicalReaction7507,1,http://www.reactome.org/biopax/96/48895#Control704
4050,7344|14949|15568,14484|14952,3,2,http://www.reactome.org/biopax/96/48895#BiochemicalReaction7335,1,http://www.reactome.org/biopax/96/48895#Catalysis3394
4051,12545|16376,15835,2,1,http://www.reactome.org/biopax/96/48895#BiochemicalReaction1857,1,http://www.reactome.org/biopax/96/48895#Catalysis796
4052,11002|15772,15552,2,1,http://www.reactome.org/biopax/96/48895#BiochemicalReaction8247,1,http://www.reactome.org/biopax/96/48895#Catalysis4252
4053,10627|14793|14821|16563,14822|16552,4,2,http://www.reactome.org/biopax/96/48895#BiochemicalReaction7215,1,http://www.reactome.org/biopax/96/48895#Catalysis3281
4054,651|13998,652|14008,2,2,http://www.reactome.org/biopax/96/48895#BiochemicalReaction706,1,http://www.reactome.org/biopax/96/48895#Catalysis245
4055,3454|9398,9399|9400,2,2,http://www.reactome.org/biopax/96/48895#BiochemicalReaction5587,1,http://www.reactome.org/biopax/96/48895#Catalysis2301
4056,7258|10518|14108,10519|14324|16551,3,3,http://www.reactome.org/biopax/96/48895#BiochemicalReaction7058,1,http://www.reactome.org/biopax/96/48895#Catalysis3134
4057,881|14323|15206,14793|15252,3,2,http://www.reactome.org/biopax/96/48895#BiochemicalReaction901,1,http://www.reactome.org/biopax/96/48895#Catalysis364
4058,10640|14255|14793|16111|16563,16112|16482|16552,5,3,http://www.reactome.org/biopax/96/48895#BiochemicalReaction8584,1,http://www.reactome.org/biopax/96/48895#Catalysis4581
4059,2511|13091|16462,13092|14446,3,2,http://www.reactome.org/biopax/96/48895#BiochemicalReaction2600,1,http://www.reactome.org/biopax/96/48895#Catalysis1210
4060,5107|8996|13927,5109|14446,3,2,http://www.reactome.org/biopax/96/48895#BiochemicalReaction4795,1,http://www.reactome.org/biopax/96/48895#Catalysis2038
4061,4480,1662|4474,1,2,http://www.reactome.org/biopax/96/48895#BiochemicalReaction4244,1,http://www.reactome.org/biopax/96/48895#Catalysis1872
4062,7496|16601,16481,2,1,http://www.reactome.org/biopax/96/48895#BiochemicalReaction7752,1,http://www.reactome.org/biopax/96/48895#Catalysis3798
4063,6879|10017|14112,10018|14324|16551,3,3,http://www.reactome.org/biopax/96/48895#BiochemicalReaction6565,1,http://www.reactome.org/biopax/96/48895#Catalysis2759
4064,7506|15388,16334,2,1,http://www.reactome.org/biopax/96/48895#BiochemicalReaction7773,1,http://www.reactome.org/biopax/96/48895#Catalysis3817
4065,6928|16504,6929|7939,2,2,http://www.reactome.org/biopax/96/48895#BiochemicalReaction6696,1,http://www.reactome.org/biopax/96/48895#Catalysis2883
4066,2258|12854|15939,2259|14254,3,2,http://www.reactome.org/biopax/96/48895#BiochemicalReaction2355,1,http://www.reactome.org/biopax/96/48895#Catalysis1104
4067,6823|7782|16426,7783|14509|15343|16423,3,4,http://www.reactome.org/biopax/96/48895#BiochemicalReaction6435,-1,http://www.reactome.org/biopax/96/48895#Control600
4068,11723|14077|14297,14079|14237,3,2,http://www.reactome.org/biopax/96/48895#BiochemicalReaction1995,1,http://www.reactome.org/biopax/96/48895#Catalysis930
4069,7834|16472|16482,16471|16574,3,2,http://www.reactome.org/biopax/96/48895#BiochemicalReaction7137,1,http://www.reactome.org/biopax/96/48895#Catalysis3205
4070,149|14793|15834,16350|16424,3,2,http://www.reactome.org/biopax/96/48895#BiochemicalReaction8433,1,http://www.reactome.org/biopax/96/48895#Catalysis4434
4072,11056|15142|15977,14793|15274|15978,3,3,http://www.reactome.org/biopax/96/48895#BiochemicalReaction8480,1,http://www.reactome.org/biopax/96/48895#Catalysis4480
4073,13927|14173|14675,14308|14793|15069,3,3,http://www.reactome.org/biopax/96/48895#BiochemicalReaction7021,1,http://www.reactome.org/biopax/96/48895#Control676
4074,7|14081|15069,14308|15079,3,2,http://www.reactome.org/biopax/96/48895#BiochemicalReaction8072,1,http://www.reactome.org/biopax/96/48895#Catalysis4080
4075,2667|16328|16329,2666|16331|16332|16420,3,4,http://www.reactome.org/biopax/96/48895#BiochemicalReaction2666,1,http://www.reactome.org/biopax/96/48895#Catalysis1249
4076,7368|15303|16387,15307|16386,3,2,http://www.reactome.org/biopax/96/48895#BiochemicalReaction7702,1,http://www.reactome.org/biopax/96/48895#Catalysis3750
4077,10002|10006|14116,10005|15343|16284,3,3,http://www.reactome.org/biopax/96/48895#BiochemicalReaction6554,1,http://www.reactome.org/biopax/96/48895#Catalysis2749
4078,4746|13927,4747|14446,2,2,http://www.reactome.org/biopax/96/48895#BiochemicalReaction4481,1,http://www.reactome.org/biopax/96/48895#Catalysis1943
4079,6088|9461|10745,9462,3,1,http://www.reactome.org/biopax/96/48895#BiochemicalReaction5682,1,http://www.reactome.org/biopax/96/48895#Catalysis2331
4081,5911|15939,5913|14254,2,2,http://www.reactome.org/biopax/96/48895#BiochemicalReaction5508,1,http://www.reactome.org/biopax/96/48895#Catalysis2259
4082,5232|7748|13927,6343|14446,3,2,http://www.reactome.org/biopax/96/48895#BiochemicalReaction5922,1,http://www.reactome.org/biopax/96/48895#Catalysis2422
4083,7473|15029|15232|16482,14126|14793|15050,4,3,http://www.reactome.org/biopax/96/48895#BiochemicalReaction7635,1,http://www.reactome.org/biopax/96/48895#Catalysis3687
4084,2757|5621,2630|10745|13199,2,3,http://www.reactome.org/biopax/96/48895#BiochemicalReaction2746,1,http://www.reactome.org/biopax/96/48895#Catalysis1294
4085,3873|13927|14329|16482,14331|14446|16574,4,3,http://www.reactome.org/biopax/96/48895#BiochemicalReaction3707,1,http://www.reactome.org/biopax/96/48895#Catalysis1709
4086,3719|3722|13927,3724|14446,3,2,http://www.reactome.org/biopax/96/48895#BiochemicalReaction3564,1,http://www.reactome.org/biopax/96/48895#Catalysis1640
4087,7237|14672|16552,14673|16424|16563,3,3,http://www.reactome.org/biopax/96/48895#BiochemicalReaction7004,1,http://www.reactome.org/biopax/96/48895#Catalysis3083
4088,7677|13927|15591,14446|15598,3,2,http://www.reactome.org/biopax/96/48895#BiochemicalReaction8066,1,http://www.reactome.org/biopax/96/48895#Catalysis4074
4089,4402|8668|13927,4403|14446,3,2,http://www.reactome.org/biopax/96/48895#BiochemicalReaction4150,1,http://www.reactome.org/biopax/96/48895#Catalysis1841
4090,3637|13742,13743|13744,2,2,http://www.reactome.org/biopax/96/48895#BiochemicalReaction3476,1,http://www.reactome.org/biopax/96/48895#Catalysis1607
4091,492|493,495,2,1,http://www.reactome.org/biopax/96/48895#BiochemicalReaction8850,1,http://www.reactome.org/biopax/96/48895#Control867
4092,6853|14430|14567,13944|14568,3,2,http://www.reactome.org/biopax/96/48895#BiochemicalReaction6491,1,http://www.reactome.org/biopax/96/48895#Catalysis2693
4093,14173|15667|16482,14793|15079|15560,3,3,http://www.reactome.org/biopax/96/48895#BiochemicalReaction8122,1,http://www.reactome.org/biopax/96/48895#Control796
4094,12046|12049|15321,12048|16415,3,2,http://www.reactome.org/biopax/96/48895#BiochemicalReaction1291,1,http://www.reactome.org/biopax/96/48895#Catalysis552
4096,11617|14351|16427,14352|14375|14897,3,3,http://www.reactome.org/biopax/96/48895#BiochemicalReaction7286,1,http://www.reactome.org/biopax/96/48895#Catalysis3345
4097,15545|16385|16393,14417|14926,3,2,http://www.reactome.org/biopax/96/48895#BiochemicalReaction8015,1,http://www.reactome.org/biopax/96/48895#Control771
4098,5038|10745,5040,2,1,http://www.reactome.org/biopax/96/48895#BiochemicalReaction4734,1,http://www.reactome.org/biopax/96/48895#Catalysis2012
4099,5683|9127|12923,5682,3,1,http://www.reactome.org/biopax/96/48895#BiochemicalReaction5302,-1,http://www.reactome.org/biopax/96/48895#Control486
4100,29|14085|14793|16563,15677|16552,4,2,http://www.reactome.org/biopax/96/48895#BiochemicalReaction8131,1,http://www.reactome.org/biopax/96/48895#Catalysis4139
4101,7577|14309|15294,13967|16324,3,2,http://www.reactome.org/biopax/96/48895#BiochemicalReaction8334,1,http://www.reactome.org/biopax/96/48895#Catalysis4335
4102,1029|11874|14574,10229|11873,3,2,http://www.reactome.org/biopax/96/48895#BiochemicalReaction1057,1,http://www.reactome.org/biopax/96/48895#Control80
4103,3107|16462,3109|16466|16514,2,3,http://www.reactome.org/biopax/96/48895#BiochemicalReaction3034,1,http://www.reactome.org/biopax/96/48895#Catalysis1445
4104,7667|13927|14305|16482|16518,14309|14446|14793|15563|16574,5,5,http://www.reactome.org/biopax/96/48895#BiochemicalReaction8035,1,http://www.reactome.org/biopax/96/48895#Catalysis4044
4105,7991|15321|15410,15343|15364|15420,3,3,http://www.reactome.org/biopax/96/48895#BiochemicalReaction907,1,http://www.reactome.org/biopax/96/48895#Catalysis369
4106,3841|16299,13979,2,1,http://www.reactome.org/biopax/96/48895#BiochemicalReaction3675,1,http://www.reactome.org/biopax/96/48895#Catalysis1693
4107,8002|11769|13927|16482,8003|14446|16574,4,3,http://www.reactome.org/biopax/96/48895#BiochemicalReaction951,1,http://www.reactome.org/biopax/96/48895#Catalysis412
4108,10596|14768|16462,14769|16466,3,2,http://www.reactome.org/biopax/96/48895#BiochemicalReaction7153,1,http://www.reactome.org/biopax/96/48895#Catalysis3221
4109,2587|13086|14020,2590|14028,3,2,http://www.reactome.org/biopax/96/48895#BiochemicalReaction2585,1,http://www.reactome.org/biopax/96/48895#Catalysis1201
4110,7132|10352|16351,10353,3,1,http://www.reactome.org/biopax/96/48895#BiochemicalReaction6867,1,http://www.reactome.org/biopax/96/48895#Catalysis2984
4111,223|15948,15949|16418,2,2,http://www.reactome.org/biopax/96/48895#BiochemicalReaction8454,1,http://www.reactome.org/biopax/96/48895#Catalysis4455
4112,13941|14646|15551|16418,14647|16345|16475|16588,4,4,http://www.reactome.org/biopax/96/48895#BiochemicalReaction6956,-1,http://www.reactome.org/biopax/96/48895#Control652
4113,4904|13927,4906|14446,2,2,http://www.reactome.org/biopax/96/48895#BiochemicalReaction4620,1,http://www.reactome.org/biopax/96/48895#Catalysis1978
4114,6684|13927,6685|14446,2,2,http://www.reactome.org/biopax/96/48895#BiochemicalReaction6323,1,http://www.reactome.org/biopax/96/48895#Catalysis2591
4115,13822|13979|16482,16299|16574,3,2,http://www.reactome.org/biopax/96/48895#BiochemicalReaction3585,1,http://www.reactome.org/biopax/96/48895#Catalysis1649
4116,4525|10689|16462,4532|16466,3,2,http://www.reactome.org/biopax/96/48895#BiochemicalReaction416,1,http://www.reactome.org/biopax/96/48895#Catalysis151
4117,7250|14430|14721,14686|14722,3,2,http://www.reactome.org/biopax/96/48895#BiochemicalReaction7107,1,http://www.reactome.org/biopax/96/48895#Catalysis3175
4118,7502|15370|16391|16583|16588,15371|16343|16392,5,3,http://www.reactome.org/biopax/96/48895#BiochemicalReaction7762,1,http://www.reactome.org/biopax/96/48895#Catalysis3806
4119,260|16021|16025,13982|16022|16577,3,3,http://www.reactome.org/biopax/96/48895#BiochemicalReaction8518,1,http://www.reactome.org/biopax/96/48895#Catalysis4517
4120,8028|13777,8272,2,1,http://www.reactome.org/biopax/96/48895#BiochemicalReaction223,1,http://www.reactome.org/biopax/96/48895#Catalysis71
4121,6837|14529,14529,2,1,http://www.reactome.org/biopax/96/48895#BiochemicalReaction6457,1,http://www.reactome.org/biopax/96/48895#Catalysis2659
4122,14173|14675|14684,14685|14793|15069,3,3,http://www.reactome.org/biopax/96/48895#BiochemicalReaction7020,1,http://www.reactome.org/biopax/96/48895#Control674
4123,8245|11397,12762,2,1,http://www.reactome.org/biopax/96/48895#BiochemicalReaction6747,1,http://www.reactome.org/biopax/96/48895#Catalysis2923
4124,10587|14115|14739,14607|14740,3,2,http://www.reactome.org/biopax/96/48895#BiochemicalReaction7118,1,http://www.reactome.org/biopax/96/48895#Catalysis3186
4125,3000|16462,3001|4617|16466,2,3,http://www.reactome.org/biopax/96/48895#BiochemicalReaction2951,1,http://www.reactome.org/biopax/96/48895#Catalysis1407
4126,645|10289|13927|14309,7072|14446|16574,4,3,http://www.reactome.org/biopax/96/48895#BiochemicalReaction6810,1,http://www.reactome.org/biopax/96/48895#Catalysis2949
4127,10725|14375|16482,14530|15105,3,2,http://www.reactome.org/biopax/96/48895#BiochemicalReaction7484,1,http://www.reactome.org/biopax/96/48895#Catalysis3541
4128,7339|14183|15308,15310,3,1,http://www.reactome.org/biopax/96/48895#BiochemicalReaction7705,1,http://www.reactome.org/biopax/96/48895#Catalysis3753
4129,622|11448|13927,11459|14446,3,2,http://www.reactome.org/biopax/96/48895#BiochemicalReaction66,1,http://www.reactome.org/biopax/96/48895#Catalysis26
4130,4004|10745,8245,2,1,http://www.reactome.org/biopax/96/48895#BiochemicalReaction3807,1,http://www.reactome.org/biopax/96/48895#Catalysis1733
4131,10694|14177|16482,14526|14530,3,2,http://www.reactome.org/biopax/96/48895#BiochemicalReaction7412,1,http://www.reactome.org/biopax/96/48895#Catalysis3469
4132,8035|13807,8290,2,1,http://www.reactome.org/biopax/96/48895#BiochemicalReaction225,1,http://www.reactome.org/biopax/96/48895#Catalysis73
4133,2995|8751|13028,10153|11363,3,2,http://www.reactome.org/biopax/96/48895#BiochemicalReaction6669,1,http://www.reactome.org/biopax/96/48895#Catalysis2862
4134,6423|9664|15939,6372|14254,3,2,http://www.reactome.org/biopax/96/48895#BiochemicalReaction6035,1,http://www.reactome.org/biopax/96/48895#Catalysis2484
4135,1096|1098|16346,1097,3,1,http://www.reactome.org/biopax/96/48895#BiochemicalReaction1111,1,http://www.reactome.org/biopax/96/48895#Control89
4136,6766,6754|6755|6767|9809|16345,1,5,http://www.reactome.org/biopax/96/48895#BiochemicalReaction6377,1,http://www.reactome.org/biopax/96/48895#Catalysis2606
4137,85|10986|13927|14066,86|14308|15079,4,3,http://www.reactome.org/biopax/96/48895#BiochemicalReaction8208,1,http://www.reactome.org/biopax/96/48895#Catalysis4215
4138,11586|14901|15311,14902|15313,3,2,http://www.reactome.org/biopax/96/48895#BiochemicalReaction7708,1,http://www.reactome.org/biopax/96/48895#Catalysis3756
4139,1415|8074|16482,8075|14263,3,2,http://www.reactome.org/biopax/96/48895#BiochemicalReaction1452,1,http://www.reactome.org/biopax/96/48895#Catalysis635
4140,6086|13998,6094|14008,2,2,http://www.reactome.org/biopax/96/48895#BiochemicalReaction521,1,http://www.reactome.org/biopax/96/48895#Catalysis207
4141,7344|14419|14932,14420|14933|16588,3,3,http://www.reactome.org/biopax/96/48895#BiochemicalReaction7317,1,http://www.reactome.org/biopax/96/48895#Catalysis3376
4142,11496|12454|13927,13469|14446,3,2,http://www.reactome.org/biopax/96/48895#BiochemicalReaction3232,1,http://www.reactome.org/biopax/96/48895#Catalysis1512
4143,5409|13927,5411|14446,2,2,http://www.reactome.org/biopax/96/48895#BiochemicalReaction5062,1,http://www.reactome.org/biopax/96/48895#Catalysis2158
4144,3637|13324,13674|13675,2,2,http://www.reactome.org/biopax/96/48895#BiochemicalReaction3446,1,http://www.reactome.org/biopax/96/48895#Catalysis1578
4145,4949|8242,4976,2,1,http://www.reactome.org/biopax/96/48895#BiochemicalReaction4675,1,http://www.reactome.org/biopax/96/48895#Catalysis1987
4146,12330|16299,16308|16454,2,2,http://www.reactome.org/biopax/96/48895#BiochemicalReaction1564,1,http://www.reactome.org/biopax/96/48895#Catalysis673
4147,10820|14793|15249|16563,15269|16552,4,2,http://www.reactome.org/biopax/96/48895#BiochemicalReaction7668,1,http://www.reactome.org/biopax/96/48895#Control710
4148,10843|14255|14793|15379|16563,14682|15394|16482|16552,5,4,http://www.reactome.org/biopax/96/48895#BiochemicalReaction7778,1,http://www.reactome.org/biopax/96/48895#Catalysis3822
4149,1678|1679,2301|12417,2,2,http://www.reactome.org/biopax/96/48895#BiochemicalReaction1693,1,http://www.reactome.org/biopax/96/48895#Catalysis723
4150,2041|14209,14210,2,1,http://www.reactome.org/biopax/96/48895#BiochemicalReaction2225,1,http://www.reactome.org/biopax/96/48895#Catalysis1064
4151,876|13927|14305|15107|16482,14308|14309|14793|15079|15126,5,5,http://www.reactome.org/biopax/96/48895#BiochemicalReaction894,1,http://www.reactome.org/biopax/96/48895#Catalysis357
4152,10792|14430|15214,14643|15215,3,2,http://www.reactome.org/biopax/96/48895#BiochemicalReaction7615,1,http://www.reactome.org/biopax/96/48895#Catalysis3667
4153,2374|2377|15939,2375|12948|14254,3,3,http://www.reactome.org/biopax/96/48895#BiochemicalReaction2420,1,http://www.reactome.org/biopax/96/48895#Catalysis1122
4154,11653|14241|15142,14486|15274,3,2,http://www.reactome.org/biopax/96/48895#BiochemicalReaction775,1,http://www.reactome.org/biopax/96/48895#Catalysis291
4155,10630|14832|14833,14466|14834,3,2,http://www.reactome.org/biopax/96/48895#BiochemicalReaction7220,1,http://www.reactome.org/biopax/96/48895#Catalysis3286
4157,12645|14075,14076,2,1,http://www.reactome.org/biopax/96/48895#BiochemicalReaction1998,1,http://www.reactome.org/biopax/96/48895#Catalysis933
4159,7364|14994,14996|14997,2,2,http://www.reactome.org/biopax/96/48895#BiochemicalReaction7358,1,http://www.reactome.org/biopax/96/48895#Catalysis3415
4160,2715|10745,2716,2,1,http://www.reactome.org/biopax/96/48895#BiochemicalReaction2708,1,http://www.reactome.org/biopax/96/48895#Catalysis1276
4161,7930|14255|14793|16244|16563,16245|16482|16552,5,3,http://www.reactome.org/biopax/96/48895#BiochemicalReaction8677,1,http://www.reactome.org/biopax/96/48895#Catalysis4671
4162,1196|11956|15939,1197|14254,3,2,http://www.reactome.org/biopax/96/48895#BiochemicalReaction1202,-1,http://www.reactome.org/biopax/96/48895#Control100
4163,8128|12628|14323,8129|14793,3,2,http://www.reactome.org/biopax/96/48895#BiochemicalReaction1968,1,http://www.reactome.org/biopax/96/48895#Catalysis906
4164,14417|15843|16348|16475|16588,13970|15842|16343,5,3,http://www.reactome.org/biopax/96/48895#BiochemicalReaction8330,1,http://www.reactome.org/biopax/96/48895#Control813
4165,7336|14881|16482,14885,3,1,http://www.reactome.org/biopax/96/48895#BiochemicalReaction7277,1,http://www.reactome.org/biopax/96/48895#Catalysis3336
4167,4541|13927,4542|14446,2,2,http://www.reactome.org/biopax/96/48895#BiochemicalReaction4290,1,http://www.reactome.org/biopax/96/48895#Catalysis1889
4168,13970|15842|16343|16475,14417|15843|16348|16588,4,4,http://www.reactome.org/biopax/96/48895#BiochemicalReaction8329,1,http://www.reactome.org/biopax/96/48895#Control811
4169,1668|2301,1671,2,1,http://www.reactome.org/biopax/96/48895#BiochemicalReaction1683,1,http://www.reactome.org/biopax/96/48895#Catalysis716
4170,10729|15110|16343,15111|15112,3,2,http://www.reactome.org/biopax/96/48895#BiochemicalReaction7493,1,http://www.reactome.org/biopax/96/48895#Catalysis3550
4171,3181|14019,14087,2,1,http://www.reactome.org/biopax/96/48895#BiochemicalReaction3086,1,http://www.reactome.org/biopax/96/48895#Catalysis1468
4172,7617|7623|10904,7618|10903,3,2,http://www.reactome.org/biopax/96/48895#BiochemicalReaction7980,1,http://www.reactome.org/biopax/96/48895#Control757
4173,1525|1611,1613,2,1,http://www.reactome.org/biopax/96/48895#BiochemicalReaction1628,1,http://www.reactome.org/biopax/96/48895#Catalysis698
4174,11063|11064,248,2,1,http://www.reactome.org/biopax/96/48895#BiochemicalReaction8502,1,http://www.reactome.org/biopax/96/48895#Catalysis4502
4175,505|11276,6716,2,1,http://www.reactome.org/biopax/96/48895#BiochemicalReaction8855,1,http://www.reactome.org/biopax/96/48895#Control904
4176,7545|7551|13927,7552|7553,3,2,http://www.reactome.org/biopax/96/48895#BiochemicalReaction7912,1,http://www.reactome.org/biopax/96/48895#Control729
4177,7401,7402,1,1,http://www.reactome.org/biopax/96/48895#BiochemicalReaction7452,1,http://www.reactome.org/biopax/96/48895#Catalysis3509
4178,210|15274|16482,14073|14510,3,2,http://www.reactome.org/biopax/96/48895#BiochemicalReaction8424,1,http://www.reactome.org/biopax/96/48895#Catalysis4425
4179,11080|15983|16047|16343,15985|16624,4,2,http://www.reactome.org/biopax/96/48895#BiochemicalReaction8540,1,http://www.reactome.org/biopax/96/48895#Catalysis4539
4180,3322|3324|13427,3323,3,1,http://www.reactome.org/biopax/96/48895#BiochemicalReaction3194,-1,http://www.reactome.org/biopax/96/48895#Control291
4181,1669|1670,1668|2301,2,2,http://www.reactome.org/biopax/96/48895#BiochemicalReaction1681,1,http://www.reactome.org/biopax/96/48895#Control178
4182,8234|13512,13519|13525,2,2,http://www.reactome.org/biopax/96/48895#BiochemicalReaction205,1,http://www.reactome.org/biopax/96/48895#Catalysis54
4183,8816|8826|13927,8825|14446,3,2,http://www.reactome.org/biopax/96/48895#BiochemicalReaction4345,1,http://www.reactome.org/biopax/96/48895#Catalysis1917
4185,7402|14375,7399|16522,2,2,http://www.reactome.org/biopax/96/48895#BiochemicalReaction7453,1,http://www.reactome.org/biopax/96/48895#Catalysis3510
4186,14087|14147,13928,2,1,http://www.reactome.org/biopax/96/48895#BiochemicalReaction3115,1,http://www.reactome.org/biopax/96/48895#Control286
4187,5926|14461|16482,14462|14463|14793,3,3,http://www.reactome.org/biopax/96/48895#BiochemicalReaction5524,1,http://www.reactome.org/biopax/96/48895#Catalysis2268
4188,1239|1241,1243,2,1,http://www.reactome.org/biopax/96/48895#BiochemicalReaction1256,1,http://www.reactome.org/biopax/96/48895#Control118
4189,13131|13193|16462,13194|16466,3,2,http://www.reactome.org/biopax/96/48895#BiochemicalReaction2733,1,http://www.reactome.org/biopax/96/48895#Catalysis1288
4190,5652|5671|9121|9122,5672,4,1,http://www.reactome.org/biopax/96/48895#BiochemicalReaction5284,-1,http://www.reactome.org/biopax/96/48895#Control481
4191,7910|14873|15343|15607|16083,14874|15321|16084|16085,5,4,http://www.reactome.org/biopax/96/48895#BiochemicalReaction8568,1,http://www.reactome.org/biopax/96/48895#Catalysis4565
4192,5413|13927,5408|14446,2,2,http://www.reactome.org/biopax/96/48895#BiochemicalReaction5065,1,http://www.reactome.org/biopax/96/48895#Catalysis2159
4193,1241|6671|13927,1242|13833|14446,3,3,http://www.reactome.org/biopax/96/48895#BiochemicalReaction6309,1,http://www.reactome.org/biopax/96/48895#Catalysis2587
4194,10471|14117|14671,14102|14553,3,2,http://www.reactome.org/biopax/96/48895#BiochemicalReaction7001,1,http://www.reactome.org/biopax/96/48895#Catalysis3080
4196,3522|3549|13927,3550|3551|14446,3,3,http://www.reactome.org/biopax/96/48895#BiochemicalReaction3376,1,http://www.reactome.org/biopax/96/48895#Catalysis1556
4199,11726|16135,16126,2,1,http://www.reactome.org/biopax/96/48895#BiochemicalReaction945,1,http://www.reactome.org/biopax/96/48895#Catalysis406
4200,2102|15551,2102|16345|16475,2,3,http://www.reactome.org/biopax/96/48895#BiochemicalReaction2273,1,http://www.reactome.org/biopax/96/48895#Catalysis1080
4201,822|14147,13928,2,1,http://www.reactome.org/biopax/96/48895#BiochemicalReaction844,1,http://www.reactome.org/biopax/96/48895#Catalysis336
4202,7408|15125|16407,15127|15128,3,2,http://www.reactome.org/biopax/96/48895#BiochemicalReaction7508,1,http://www.reactome.org/biopax/96/48895#Catalysis3565
4203,230|10314|15594|16588,229|14317,4,2,http://www.reactome.org/biopax/96/48895#BiochemicalReaction8462,1,http://www.reactome.org/biopax/96/48895#Catalysis4463
4205,1822|13927|16482|16535,14446|16536|16574,4,3,http://www.reactome.org/biopax/96/48895#BiochemicalReaction1826,1,http://www.reactome.org/biopax/96/48895#Catalysis769
4206,7844|14371|14873|15343|15607,14874|14879|15321,5,3,http://www.reactome.org/biopax/96/48895#BiochemicalReaction7271,1,http://www.reactome.org/biopax/96/48895#Catalysis3330
4207,9921|15225|16482,13946|15226,3,2,http://www.reactome.org/biopax/96/48895#BiochemicalReaction7626,1,http://www.reactome.org/biopax/96/48895#Catalysis3678
4208,3596|13729,13730|13731,2,2,http://www.reactome.org/biopax/96/48895#BiochemicalReaction3472,1,http://www.reactome.org/biopax/96/48895#Catalysis1603
4209,420|1020,421,2,1,http://www.reactome.org/biopax/96/48895#BiochemicalReaction8786,1,http://www.reactome.org/biopax/96/48895#Control849
4210,7346|14953|16343,14954,3,1,http://www.reactome.org/biopax/96/48895#BiochemicalReaction7337,1,http://www.reactome.org/biopax/96/48895#Catalysis3396
4211,2552|8170|11566,2553,3,1,http://www.reactome.org/biopax/96/48895#BiochemicalReaction2546,-1,http://www.reactome.org/biopax/96/48895#Control254
4212,11033|14990|15878|16388,14991|15880,4,2,http://www.reactome.org/biopax/96/48895#BiochemicalReaction8371,1,http://www.reactome.org/biopax/96/48895#Catalysis4372
4213,2783|4617|16462,2784|16466,3,2,http://www.reactome.org/biopax/96/48895#BiochemicalReaction2774,1,http://www.reactome.org/biopax/96/48895#Catalysis1309
4214,2169|9626|13927,9627|14446,3,2,http://www.reactome.org/biopax/96/48895#BiochemicalReaction5993,1,http://www.reactome.org/biopax/96/48895#Catalysis2464
4215,1778|16351|16490,16494,3,1,http://www.reactome.org/biopax/96/48895#BiochemicalReaction1786,1,http://www.reactome.org/biopax/96/48895#Catalysis747
4216,7183|14117,7184|14793|15723,2,3,http://www.reactome.org/biopax/96/48895#BiochemicalReaction6938,1,http://www.reactome.org/biopax/96/48895#Catalysis3020
4217,917|14019,14087,2,1,http://www.reactome.org/biopax/96/48895#BiochemicalReaction976,1,http://www.reactome.org/biopax/96/48895#Catalysis425
4218,4505|12295|16482,4520|16574,3,2,http://www.reactome.org/biopax/96/48895#BiochemicalReaction4271,1,http://www.reactome.org/biopax/96/48895#Catalysis1881
4219,7589|10745|10885,10887,3,1,http://www.reactome.org/biopax/96/48895#BiochemicalReaction7954,1,http://www.reactome.org/biopax/96/48895#Catalysis3982
4220,3555|16422|16462,14078|14307,3,2,http://www.reactome.org/biopax/96/48895#BiochemicalReaction3380,1,http://www.reactome.org/biopax/96/48895#Catalysis1559
4221,10533|10536|16462,10534|16466,3,2,http://www.reactome.org/biopax/96/48895#BiochemicalReaction397,1,http://www.reactome.org/biopax/96/48895#Catalysis141
4222,2389|12928,2396|2404,2,2,http://www.reactome.org/biopax/96/48895#BiochemicalReaction250,1,http://www.reactome.org/biopax/96/48895#Catalysis98
4223,4473|16376,1662|8340,2,2,http://www.reactome.org/biopax/96/48895#BiochemicalReaction4235,1,http://www.reactome.org/biopax/96/48895#Control389
4224,7425|16462,7444|16466,2,2,http://www.reactome.org/biopax/96/48895#BiochemicalReaction629,1,http://www.reactome.org/biopax/96/48895#Catalysis228
4225,8636|16482|16547,14350|14370,3,2,http://www.reactome.org/biopax/96/48895#BiochemicalReaction4055,1,http://www.reactome.org/biopax/96/48895#Catalysis1798
4226,7748|9586|16482,7750|16574,3,2,http://www.reactome.org/biopax/96/48895#BiochemicalReaction5928,1,http://www.reactome.org/biopax/96/48895#Catalysis2427
4227,1865|14157,16424,2,1,http://www.reactome.org/biopax/96/48895#BiochemicalReaction2109,1,http://www.reactome.org/biopax/96/48895#Catalysis1016
4228,3474|5524|5527,5526,3,1,http://www.reactome.org/biopax/96/48895#BiochemicalReaction5163,-1,http://www.reactome.org/biopax/96/48895#Control470
4229,2607|13104|13927,13105|14446,3,2,http://www.reactome.org/biopax/96/48895#BiochemicalReaction2608,1,http://www.reactome.org/biopax/96/48895#Catalysis1217
4230,6571|6572,1706|13497,2,2,http://www.reactome.org/biopax/96/48895#BiochemicalReaction6175,-1,http://www.reactome.org/biopax/96/48895#Control572
4231,11754|13927|15608|16482,14446|15662|16574,4,3,http://www.reactome.org/biopax/96/48895#BiochemicalReaction914,1,http://www.reactome.org/biopax/96/48895#Catalysis376
4232,7161|7163|10410|16525,7162|10411|14642,4,3,http://www.reactome.org/biopax/96/48895#BiochemicalReaction6916,1,http://www.reactome.org/biopax/96/48895#Control640
4233,11751|15551|15568|16233,15575|15579|16234,4,3,http://www.reactome.org/biopax/96/48895#BiochemicalReaction8670,1,http://www.reactome.org/biopax/96/48895#Catalysis4664
4235,7325|15478|16482,15479,3,1,http://www.reactome.org/biopax/96/48895#BiochemicalReaction7867,1,http://www.reactome.org/biopax/96/48895#Catalysis3907
4236,6838|9890|14529,9891|9892,3,2,http://www.reactome.org/biopax/96/48895#BiochemicalReaction6458,1,http://www.reactome.org/biopax/96/48895#Catalysis2660
4237,973|7113,7114|11601,2,2,http://www.reactome.org/biopax/96/48895#BiochemicalReaction6835,1,http://www.reactome.org/biopax/96/48895#Catalysis2960
4238,325|14323|16519,14157|16351,3,2,http://www.reactome.org/biopax/96/48895#BiochemicalReaction8700,1,http://www.reactome.org/biopax/96/48895#Catalysis4694
4239,497|11254,498,2,1,http://www.reactome.org/biopax/96/48895#BiochemicalReaction8851,1,http://www.reactome.org/biopax/96/48895#Control885
4240,10951|15596|16343,15597|16475|16588,3,3,http://www.reactome.org/biopax/96/48895#BiochemicalReaction8065,1,http://www.reactome.org/biopax/96/48895#Catalysis4073
4241,7524|14955|15568,14484,3,1,http://www.reactome.org/biopax/96/48895#BiochemicalReaction7825,1,http://www.reactome.org/biopax/96/48895#Catalysis3865
4242,11599|14183,11609|11610,2,2,http://www.reactome.org/biopax/96/48895#BiochemicalReaction727,1,http://www.reactome.org/biopax/96/48895#Catalysis253
4243,13634|13636,13635,2,1,http://www.reactome.org/biopax/96/48895#BiochemicalReaction3403,1,http://www.reactome.org/biopax/96/48895#Catalysis1565
4244,7494|14255|14793|16520|16563,15357|16482|16552,5,3,http://www.reactome.org/biopax/96/48895#BiochemicalReaction7742,1,http://www.reactome.org/biopax/96/48895#Catalysis3790
4245,5193|13927,5195|14446,2,2,http://www.reactome.org/biopax/96/48895#BiochemicalReaction4873,1,http://www.reactome.org/biopax/96/48895#Catalysis2072
4246,4410|8668|13927,4411|14446,3,2,http://www.reactome.org/biopax/96/48895#BiochemicalReaction4158,1,http://www.reactome.org/biopax/96/48895#Catalysis1845
4247,5360|13927|16299,13979|14446,3,2,http://www.reactome.org/biopax/96/48895#BiochemicalReaction5016,1,http://www.reactome.org/biopax/96/48895#Catalysis2129
4248,6957|16482,6958|7735,2,2,http://www.reactome.org/biopax/96/48895#BiochemicalReaction6709,1,http://www.reactome.org/biopax/96/48895#Catalysis2895
4250,13927|14147,13928,2,1,http://www.reactome.org/biopax/96/48895#BiochemicalReaction843,-1,http://www.reactome.org/biopax/96/48895#Control65
4251,10560|10563|14110,10562|14109|16551,3,3,http://www.reactome.org/biopax/96/48895#BiochemicalReaction7090,1,http://www.reactome.org/biopax/96/48895#Catalysis3161
4252,8257|13467,13567|13569,2,2,http://www.reactome.org/biopax/96/48895#BiochemicalReaction211,1,http://www.reactome.org/biopax/96/48895#Catalysis60
4253,5597|12294|16482,5596|16574,3,2,http://www.reactome.org/biopax/96/48895#BiochemicalReaction5228,1,http://www.reactome.org/biopax/96/48895#Catalysis2224
4254,1561|3975,1560|15079,2,2,http://www.reactome.org/biopax/96/48895#BiochemicalReaction3786,-1,http://www.reactome.org/biopax/96/48895#Control347
4255,5776|9257|16445,5777,3,1,http://www.reactome.org/biopax/96/48895#BiochemicalReaction5386,-1,http://www.reactome.org/biopax/96/48895#Control493
4256,10633|14793|16563|16619,16552|16620,4,2,http://www.reactome.org/biopax/96/48895#BiochemicalReaction7235,1,http://www.reactome.org/biopax/96/48895#Catalysis3295
4257,6202|14420|15551,6203|16475|16588,3,3,http://www.reactome.org/biopax/96/48895#BiochemicalReaction5802,1,http://www.reactome.org/biopax/96/48895#Control530
4258,6|13927|15626,14446|14793|15627,3,3,http://www.reactome.org/biopax/96/48895#BiochemicalReaction8088,1,http://www.reactome.org/biopax/96/48895#Catalysis4096
4259,5499|10076|10164,10165|11363,3,2,http://www.reactome.org/biopax/96/48895#BiochemicalReaction6680,1,http://www.reactome.org/biopax/96/48895#Catalysis2873
4260,883|15703|15733,15740|15751,3,2,http://www.reactome.org/biopax/96/48895#BiochemicalReaction917,1,http://www.reactome.org/biopax/96/48895#Catalysis378
4261,3802|16504,9965|10178|10180|16514,2,4,http://www.reactome.org/biopax/96/48895#BiochemicalReaction353,1,http://www.reactome.org/biopax/96/48895#Catalysis118
4262,12352|16450|16482,14793|16448|16449,3,3,http://www.reactome.org/biopax/96/48895#BiochemicalReaction1602,1,http://www.reactome.org/biopax/96/48895#Catalysis686
4264,5640|16482,9110|10183|16574,2,3,http://www.reactome.org/biopax/96/48895#BiochemicalReaction5263,1,http://www.reactome.org/biopax/96/48895#Catalysis2235
4265,645|13405|14357,3274|14362,3,2,http://www.reactome.org/biopax/96/48895#BiochemicalReaction3167,1,http://www.reactome.org/biopax/96/48895#Catalysis1490
4266,8388|13927,8392|14446,2,2,http://www.reactome.org/biopax/96/48895#BiochemicalReaction5091,1,http://www.reactome.org/biopax/96/48895#Catalysis2168
4267,11063|11064|11070,248,3,1,http://www.reactome.org/biopax/96/48895#BiochemicalReaction8502,-1,http://www.reactome.org/biopax/96/48895#Control826
4268,62|7518,66,2,1,http://www.reactome.org/biopax/96/48895#BiochemicalReaction8190,1,http://www.reactome.org/biopax/96/48895#Catalysis4198
4269,7865|15087|16482,14530|15092,3,2,http://www.reactome.org/biopax/96/48895#BiochemicalReaction7465,1,http://www.reactome.org/biopax/96/48895#Catalysis3522
4270,699|14147,14147,2,1,http://www.reactome.org/biopax/96/48895#BiochemicalReaction737,1,http://www.reactome.org/biopax/96/48895#Catalysis255
4271,2558|13114|13998,2621|14008,3,2,http://www.reactome.org/biopax/96/48895#BiochemicalReaction2622,1,http://www.reactome.org/biopax/96/48895#Catalysis1224
4272,10813|14255|14793|15253|16563,15259|16482|16552,5,3,http://www.reactome.org/biopax/96/48895#BiochemicalReaction7658,1,http://www.reactome.org/biopax/96/48895#Catalysis3708
4273,11635|14290|14297,14237|14305,3,2,http://www.reactome.org/biopax/96/48895#BiochemicalReaction749,1,http://www.reactome.org/biopax/96/48895#Catalysis267
4274,193|14419|15838|16343,13970|14420|16588,4,3,http://www.reactome.org/biopax/96/48895#BiochemicalReaction8397,1,http://www.reactome.org/biopax/96/48895#Catalysis4398
4275,147|13927|14041|14305|16482,13977|14308|14309|14793|15079,5,5,http://www.reactome.org/biopax/96/48895#BiochemicalReaction8317,1,http://www.reactome.org/biopax/96/48895#Catalysis4318
4276,1984|12742,12737|12738|14187,2,3,http://www.reactome.org/biopax/96/48895#BiochemicalReaction2167,1,http://www.reactome.org/biopax/96/48895#Control224
4277,12624|13965,13973,2,1,http://www.reactome.org/biopax/96/48895#BiochemicalReaction8408,1,http://www.reactome.org/biopax/96/48895#Catalysis4409
4278,11756|13927|16601,14446|16481|16574,3,3,http://www.reactome.org/biopax/96/48895#BiochemicalReaction7751,1,http://www.reactome.org/biopax/96/48895#Catalysis3797
4279,108|15782|16343|16392,14317|15773|16391|16588,4,4,http://www.reactome.org/biopax/96/48895#BiochemicalReaction8262,1,http://www.reactome.org/biopax/96/48895#Catalysis4267
4280,7531|14635|15454,15487,3,1,http://www.reactome.org/biopax/96/48895#BiochemicalReaction7873,1,http://www.reactome.org/biopax/96/48895#Catalysis3913
4281,7366|14183|14997|14999,14990|15000|15001,4,3,http://www.reactome.org/biopax/96/48895#BiochemicalReaction7359,1,http://www.reactome.org/biopax/96/48895#Catalysis3416
4282,5882|9342,5883,2,1,http://www.reactome.org/biopax/96/48895#BiochemicalReaction5480,1,http://www.reactome.org/biopax/96/48895#Catalysis2252
4283,7344|14931|16343,14932,3,1,http://www.reactome.org/biopax/96/48895#BiochemicalReaction7316,1,http://www.reactome.org/biopax/96/48895#Catalysis3375
4284,6403|9654|15939,6404|14254,3,2,http://www.reactome.org/biopax/96/48895#BiochemicalReaction6017,1,http://www.reactome.org/biopax/96/48895#Catalysis2478
4285,7399,7400,1,1,http://www.reactome.org/biopax/96/48895#BiochemicalReaction7450,1,http://www.reactome.org/biopax/96/48895#Catalysis3507
4287,2569|9992,2570,2,1,http://www.reactome.org/biopax/96/48895#BiochemicalReaction2564,1,http://www.reactome.org/biopax/96/48895#Catalysis1187
4288,11202|11456|16462,11461|16466,3,2,http://www.reactome.org/biopax/96/48895#BiochemicalReaction3334,1,http://www.reactome.org/biopax/96/48895#Catalysis1543
4289,3065|7098,7111|10306,2,2,http://www.reactome.org/biopax/96/48895#BiochemicalReaction6832,1,http://www.reactome.org/biopax/96/48895#Catalysis2959
4290,58|14255|15725|16482,15731|16580,4,2,http://www.reactome.org/biopax/96/48895#BiochemicalReaction8182,1,http://www.reactome.org/biopax/96/48895#Catalysis4190
4291,35|15683|16351,14323|15684|16453,3,3,http://www.reactome.org/biopax/96/48895#BiochemicalReaction8141,1,http://www.reactome.org/biopax/96/48895#Catalysis4149
4292,12568|16570,16572,2,1,http://www.reactome.org/biopax/96/48895#BiochemicalReaction1881,1,http://www.reactome.org/biopax/96/48895#Catalysis819
4293,593|3152|14020,595|14028,3,2,http://www.reactome.org/biopax/96/48895#BiochemicalReaction669,1,http://www.reactome.org/biopax/96/48895#Catalysis240
4295,2649|8178|13927,2648|13144|14446,3,3,http://www.reactome.org/biopax/96/48895#BiochemicalReaction2649,1,http://www.reactome.org/biopax/96/48895#Catalysis1238
4296,874|15069|15610,15079|15611,3,2,http://www.reactome.org/biopax/96/48895#BiochemicalReaction8074,1,http://www.reactome.org/biopax/96/48895#Catalysis4082
4297,5518|9083|16351,1591,3,1,http://www.reactome.org/biopax/96/48895#BiochemicalReaction5159,1,http://www.reactome.org/biopax/96/48895#Catalysis2196
4298,27|15669|16343,15670|16345,3,2,http://www.reactome.org/biopax/96/48895#BiochemicalReaction8124,1,http://www.reactome.org/biopax/96/48895#Catalysis4132
4299,3522|5079|13927,5101|14446,3,2,http://www.reactome.org/biopax/96/48895#BiochemicalReaction4785,1,http://www.reactome.org/biopax/96/48895#Catalysis2033
4300,5621|11125,10745,2,1,http://www.reactome.org/biopax/96/48895#BiochemicalReaction8720,1,http://www.reactome.org/biopax/96/48895#Catalysis4704
4301,7878|14793|15352|16563,15355|16552,4,2,http://www.reactome.org/biopax/96/48895#BiochemicalReaction7740,1,http://www.reactome.org/biopax/96/48895#Catalysis3788
4302,7390|14526|15077,14099|16522,3,2,http://www.reactome.org/biopax/96/48895#BiochemicalReaction7446,1,http://www.reactome.org/biopax/96/48895#Catalysis3503
4303,5499|10155|10605,10154|11363,3,2,http://www.reactome.org/biopax/96/48895#BiochemicalReaction6670,1,http://www.reactome.org/biopax/96/48895#Catalysis2863
4304,1020|2995|11317,10090|11363,3,2,http://www.reactome.org/biopax/96/48895#BiochemicalReaction6614,1,http://www.reactome.org/biopax/96/48895#Catalysis2808
4305,1778|16351|16495,16494,3,1,http://www.reactome.org/biopax/96/48895#BiochemicalReaction1787,1,http://www.reactome.org/biopax/96/48895#Catalysis748
4306,4832|13927,4834|14446,2,2,http://www.reactome.org/biopax/96/48895#BiochemicalReaction4548,1,http://www.reactome.org/biopax/96/48895#Catalysis1959
4307,10613,7305,1,1,http://www.reactome.org/biopax/96/48895#BiochemicalReaction7204,1,http://www.reactome.org/biopax/96/48895#Catalysis3270
4308,3747|3748|13927,3749|14446,3,2,http://www.reactome.org/biopax/96/48895#BiochemicalReaction3591,1,http://www.reactome.org/biopax/96/48895#Catalysis1652
4309,11766|16372,16370,2,1,http://www.reactome.org/biopax/96/48895#BiochemicalReaction8542,1,http://www.reactome.org/biopax/96/48895#Catalysis4540
4310,13584|16351|16360,14306|16486,3,2,http://www.reactome.org/biopax/96/48895#BiochemicalReaction3359,1,http://www.reactome.org/biopax/96/48895#Catalysis1547
4312,824|14147,13928,2,1,http://www.reactome.org/biopax/96/48895#BiochemicalReaction846,1,http://www.reactome.org/biopax/96/48895#Catalysis338
4313,4662|10954|16462,4644|16466,3,2,http://www.reactome.org/biopax/96/48895#BiochemicalReaction430,1,http://www.reactome.org/biopax/96/48895#Catalysis162
4314,7474|14357,14362|15236|16482,2,3,http://www.reactome.org/biopax/96/48895#BiochemicalReaction7638,1,http://www.reactome.org/biopax/96/48895#Catalysis3690
4315,12448|13979|16482,16363|16574,3,2,http://www.reactome.org/biopax/96/48895#BiochemicalReaction3584,1,http://www.reactome.org/biopax/96/48895#Catalysis1648
4316,567|15939,15079|16432,2,2,http://www.reactome.org/biopax/96/48895#BiochemicalReaction8919,-1,http://www.reactome.org/biopax/96/48895#Control916
4317,11088|14873|15343|15607|16118,14874|15321|16119,5,3,http://www.reactome.org/biopax/96/48895#BiochemicalReaction8589,1,http://www.reactome.org/biopax/96/48895#Catalysis4586
4318,284|14293|15029,14682|14793|15050,3,3,http://www.reactome.org/biopax/96/48895#BiochemicalReaction8598,1,http://www.reactome.org/biopax/96/48895#Catalysis4594
4319,7011|16482,7012|7735,2,2,http://www.reactome.org/biopax/96/48895#BiochemicalReaction6745,1,http://www.reactome.org/biopax/96/48895#Catalysis2921
4320,7652,7653|16343,1,2,http://www.reactome.org/biopax/96/48895#BiochemicalReaction8005,1,http://www.reactome.org/biopax/96/48895#Catalysis4019
4321,8975|9378,9377,2,1,http://www.reactome.org/biopax/96/48895#BiochemicalReaction5539,1,http://www.reactome.org/biopax/96/48895#Catalysis2280
4322,3686,11038|13776|13778,1,3,http://www.reactome.org/biopax/96/48895#BiochemicalReaction3522,1,http://www.reactome.org/biopax/96/48895#Catalysis1624
4323,4060|10745,4061,2,1,http://www.reactome.org/biopax/96/48895#BiochemicalReaction3851,1,http://www.reactome.org/biopax/96/48895#Catalysis1754
4324,21|15651|16482,14793|15079|15646,3,3,http://www.reactome.org/biopax/96/48895#BiochemicalReaction8112,1,http://www.reactome.org/biopax/96/48895#Catalysis4120
4326,12261|12263|13927,12262|14446,3,2,http://www.reactome.org/biopax/96/48895#BiochemicalReaction1498,1,http://www.reactome.org/biopax/96/48895#Catalysis641
4327,9992|11231|11432,11439,3,1,http://www.reactome.org/biopax/96/48895#BiochemicalReaction540,-1,http://www.reactome.org/biopax/96/48895#Control39
4328,11589|14902|15009,14901|15014,3,2,http://www.reactome.org/biopax/96/48895#BiochemicalReaction7370,1,http://www.reactome.org/biopax/96/48895#Catalysis3427
4329,7586|10883|13927,10884|14446|14793,3,3,http://www.reactome.org/biopax/96/48895#BiochemicalReaction7951,1,http://www.reactome.org/biopax/96/48895#Catalysis3980
4330,1920|10745|12682|13927,1922|14149|14446,4,3,http://www.reactome.org/biopax/96/48895#BiochemicalReaction2084,1,http://www.reactome.org/biopax/96/48895#Control198
4331,1936|14793|16518,16424|16482,3,2,http://www.reactome.org/biopax/96/48895#BiochemicalReaction2118,1,http://www.reactome.org/biopax/96/48895#Catalysis1022
4332,7042|7045,2503|2907|7044|10242,2,4,http://www.reactome.org/biopax/96/48895#BiochemicalReaction6776,1,http://www.reactome.org/biopax/96/48895#Catalysis2939
4333,173|3758|3761|8245,173|3762,4,2,http://www.reactome.org/biopax/96/48895#BiochemicalReaction3601,1,http://www.reactome.org/biopax/96/48895#Catalysis1657
4334,3587|12111,13683|13684,2,2,http://www.reactome.org/biopax/96/48895#BiochemicalReaction3450,1,http://www.reactome.org/biopax/96/48895#Catalysis1582
4335,889|16255|16482,15824|16256,3,2,http://www.reactome.org/biopax/96/48895#BiochemicalReaction8685,1,http://www.reactome.org/biopax/96/48895#Catalysis4679
4336,1864|16351,16482,2,1,http://www.reactome.org/biopax/96/48895#BiochemicalReaction2023,1,http://www.reactome.org/biopax/96/48895#Catalysis954
4337,10827|15331|16391|16583|16588,15333|16343|16392,5,3,http://www.reactome.org/biopax/96/48895#BiochemicalReaction7722,1,http://www.reactome.org/biopax/96/48895#Catalysis3770
4338,1928|14154,14087,2,1,http://www.reactome.org/biopax/96/48895#BiochemicalReaction2098,1,http://www.reactome.org/biopax/96/48895#Catalysis1008
4339,6883|10131|13028,10133|11363,3,2,http://www.reactome.org/biopax/96/48895#BiochemicalReaction6646,1,http://www.reactome.org/biopax/96/48895#Catalysis2841
4340,3581|8533|13927,6618|14446,3,2,http://www.reactome.org/biopax/96/48895#BiochemicalReaction6275,1,http://www.reactome.org/biopax/96/48895#Catalysis2575
4341,3859|14793|15944|16563,15203|16482|16552,4,3,http://www.reactome.org/biopax/96/48895#BiochemicalReaction8449,1,http://www.reactome.org/biopax/96/48895#Catalysis4450
4342,271|14137|16045,15531|16588,3,2,http://www.reactome.org/biopax/96/48895#BiochemicalReaction8537,1,http://www.reactome.org/biopax/96/48895#Catalysis4536
4343,1979|13927|14185|16482,14186|14446|16574,4,3,http://www.reactome.org/biopax/96/48895#BiochemicalReaction2160,1,http://www.reactome.org/biopax/96/48895#Catalysis1049
4344,3581|6619|13614,3580,3,1,http://www.reactome.org/biopax/96/48895#BiochemicalReaction6243,-1,http://www.reactome.org/biopax/96/48895#Control587
4345,4024|8526|10745,8525|12013|12014,3,3,http://www.reactome.org/biopax/96/48895#BiochemicalReaction3819,1,http://www.reactome.org/biopax/96/48895#Catalysis1737
4346,10850|14793|16336|16563,16335|16552,4,2,http://www.reactome.org/biopax/96/48895#BiochemicalReaction7783,1,http://www.reactome.org/biopax/96/48895#Catalysis3827
4347,1016|1020,1017,2,1,http://www.reactome.org/biopax/96/48895#BiochemicalReaction1051,1,http://www.reactome.org/biopax/96/48895#Catalysis457
4348,11749|14255|14793|16020|16563,16041|16482|16552,5,3,http://www.reactome.org/biopax/96/48895#BiochemicalReaction932,1,http://www.reactome.org/biopax/96/48895#Catalysis393
4349,7483|14255|14793|15247|16563,15248|16482|16552,5,3,http://www.reactome.org/biopax/96/48895#BiochemicalReaction7653,1,http://www.reactome.org/biopax/96/48895#Catalysis3703
4350,234|14038|15962,15963|16345,3,2,http://www.reactome.org/biopax/96/48895#BiochemicalReaction8468,1,http://www.reactome.org/biopax/96/48895#Catalysis4469
4351,6563|13927,6564|14446,2,2,http://www.reactome.org/biopax/96/48895#BiochemicalReaction6162,1,http://www.reactome.org/biopax/96/48895#Catalysis2522
4352,5169|13927,5170|14446,2,2,http://www.reactome.org/biopax/96/48895#BiochemicalReaction4850,1,http://www.reactome.org/biopax/96/48895#Catalysis2061
4353,5593|13927|16299,13979|14446,3,2,http://www.reactome.org/biopax/96/48895#BiochemicalReaction5223,1,http://www.reactome.org/biopax/96/48895#Catalysis2221
4354,5646|5650|5652,5651,3,1,http://www.reactome.org/biopax/96/48895#BiochemicalReaction5271,-1,http://www.reactome.org/biopax/96/48895#Control480
4355,2558|13066|16504,10030|16514,3,2,http://www.reactome.org/biopax/96/48895#BiochemicalReaction2549,1,http://www.reactome.org/biopax/96/48895#Catalysis1181
4356,10552|14430|14701,14702|14703,3,2,http://www.reactome.org/biopax/96/48895#BiochemicalReaction7076,1,http://www.reactome.org/biopax/96/48895#Catalysis3147
4357,13927|14027,14734|15294,2,2,http://www.reactome.org/biopax/96/48895#BiochemicalReaction8405,1,http://www.reactome.org/biopax/96/48895#Control818
4358,5499|13294,10103|11363,2,2,http://www.reactome.org/biopax/96/48895#BiochemicalReaction6624,1,http://www.reactome.org/biopax/96/48895#Catalysis2818
4359,7910|14874|15440|15607|16077,14873|15321|16078,5,3,http://www.reactome.org/biopax/96/48895#BiochemicalReaction8565,1,http://www.reactome.org/biopax/96/48895#Catalysis4562
4360,4586|8817|14400,8818|15079,3,2,http://www.reactome.org/biopax/96/48895#BiochemicalReaction4335,1,http://www.reactome.org/biopax/96/48895#Catalysis1913
4361,4461|5274|13927,5275|14446,3,2,http://www.reactome.org/biopax/96/48895#BiochemicalReaction4942,1,http://www.reactome.org/biopax/96/48895#Catalysis2099
4362,7337|14351|14466|14888,14889|14890|14891,4,3,http://www.reactome.org/biopax/96/48895#BiochemicalReaction7280,1,http://www.reactome.org/biopax/96/48895#Catalysis3339
4363,10317|14417|14420|16588,10893|14317,4,2,http://www.reactome.org/biopax/96/48895#BiochemicalReaction7964,1,http://www.reactome.org/biopax/96/48895#Control751
4364,10819|14793|15249|16563,15269|16552,4,2,http://www.reactome.org/biopax/96/48895#BiochemicalReaction7668,1,http://www.reactome.org/biopax/96/48895#Catalysis3718
4365,1966|12728,1990|16480|16486,2,3,http://www.reactome.org/biopax/96/48895#BiochemicalReaction2172,1,http://www.reactome.org/biopax/96/48895#Control226
4366,11755|13927|16052|16482,14446|16053|16574,4,3,http://www.reactome.org/biopax/96/48895#BiochemicalReaction8551,1,http://www.reactome.org/biopax/96/48895#Catalysis4548
4367,2589|5499|6888,6887|11363,3,2,http://www.reactome.org/biopax/96/48895#BiochemicalReaction6608,1,http://www.reactome.org/biopax/96/48895#Catalysis2802
4368,10740|15131|16482,15085|16574,3,2,http://www.reactome.org/biopax/96/48895#BiochemicalReaction7520,1,http://www.reactome.org/biopax/96/48895#Catalysis3577
4369,8388|9070|13927,8390|14446,3,2,http://www.reactome.org/biopax/96/48895#BiochemicalReaction5089,1,http://www.reactome.org/biopax/96/48895#Catalysis2166
4370,2727|2728|16482,2729|16574,3,2,http://www.reactome.org/biopax/96/48895#BiochemicalReaction2718,1,http://www.reactome.org/biopax/96/48895#Catalysis1282
4371,3114|14279,3116|14078,2,2,http://www.reactome.org/biopax/96/48895#BiochemicalReaction3040,1,http://www.reactome.org/biopax/96/48895#Catalysis1448
4372,1679|12418|13322,1680,3,1,http://www.reactome.org/biopax/96/48895#BiochemicalReaction1694,1,http://www.reactome.org/biopax/96/48895#Catalysis724
4373,14483|15519|16389,15518|15519|16588,3,3,http://www.reactome.org/biopax/96/48895#BiochemicalReaction7947,-1,http://www.reactome.org/biopax/96/48895#Control742
4374,5618|8987|9104,5620,3,1,http://www.reactome.org/biopax/96/48895#BiochemicalReaction5291,-1,http://www.reactome.org/biopax/96/48895#Control484
4375,7673|13927|14305|14550|16482,14309|14446|14539|14793|16574,5,5,http://www.reactome.org/biopax/96/48895#BiochemicalReaction8056,1,http://www.reactome.org/biopax/96/48895#Catalysis4064
4376,5619|5623|13927,5677|14446,3,2,http://www.reactome.org/biopax/96/48895#BiochemicalReaction5293,1,http://www.reactome.org/biopax/96/48895#Catalysis2245
4377,7022|10745|13927,7023|15079,3,2,http://www.reactome.org/biopax/96/48895#BiochemicalReaction6758,1,http://www.reactome.org/biopax/96/48895#Catalysis2933
4378,7410|14411|16482,14375|16574,3,2,http://www.reactome.org/biopax/96/48895#BiochemicalReaction7513,1,http://www.reactome.org/biopax/96/48895#Catalysis3570
4379,7323|14851,14852|16482,2,2,http://www.reactome.org/biopax/96/48895#BiochemicalReaction7245,1,http://www.reactome.org/biopax/96/48895#Catalysis3304
4380,94|15551|15754|16588,15575|15755,4,2,http://www.reactome.org/biopax/96/48895#BiochemicalReaction8222,1,http://www.reactome.org/biopax/96/48895#Catalysis4229
4382,12|13927|14074,14446|14793|15589,3,3,http://www.reactome.org/biopax/96/48895#BiochemicalReaction8084,1,http://www.reactome.org/biopax/96/48895#Catalysis4092
4383,13849|13854|14321,13850|14322,3,2,http://www.reactome.org/biopax/96/48895#BiochemicalReaction3638,-1,http://www.reactome.org/biopax/96/48895#Control339
4384,7378|14310|16409,14318|15054,3,2,http://www.reactome.org/biopax/96/48895#BiochemicalReaction7407,1,http://www.reactome.org/biopax/96/48895#Control697
4385,1865|16351,16482,2,1,http://www.reactome.org/biopax/96/48895#BiochemicalReaction2033,1,http://www.reactome.org/biopax/96/48895#Catalysis962
4386,1242|1330,1335,2,1,http://www.reactome.org/biopax/96/48895#BiochemicalReaction1326,1,http://www.reactome.org/biopax/96/48895#Control131
4387,6995|16504,6997|7943,2,2,http://www.reactome.org/biopax/96/48895#BiochemicalReaction6728,1,http://www.reactome.org/biopax/96/48895#Catalysis2911
4388,315|16255|16482,15824|16256,3,2,http://www.reactome.org/biopax/96/48895#BiochemicalReaction8686,1,http://www.reactome.org/biopax/96/48895#Catalysis4680
4389,5621|6166,9492|9503,2,2,http://www.reactome.org/biopax/96/48895#BiochemicalReaction5758,1,http://www.reactome.org/biopax/96/48895#Catalysis2368
4390,10728|16482|16523,14530|15109,3,2,http://www.reactome.org/biopax/96/48895#BiochemicalReaction7491,1,http://www.reactome.org/biopax/96/48895#Catalysis3548
4391,9464|13927,6110|14446,2,2,http://www.reactome.org/biopax/96/48895#BiochemicalReaction5699,1,http://www.reactome.org/biopax/96/48895#Catalysis2339
4392,7387|14539|15062,15066|15079,3,2,http://www.reactome.org/biopax/96/48895#BiochemicalReaction7423,1,http://www.reactome.org/biopax/96/48895#Catalysis3480
4393,9557|9559,9558,2,1,http://www.reactome.org/biopax/96/48895#BiochemicalReaction5873,1,http://www.reactome.org/biopax/96/48895#Catalysis2406
4394,1169|16383|16588,16384|16583,3,2,http://www.reactome.org/biopax/96/48895#BiochemicalReaction1178,1,http://www.reactome.org/biopax/96/48895#Catalysis508
4395,10647|14873|15343|15607|16060,14874|15321|16061|16062,5,4,http://www.reactome.org/biopax/96/48895#BiochemicalReaction8556,1,http://www.reactome.org/biopax/96/48895#Catalysis4553
4396,11092|16141|16482,16142,3,1,http://www.reactome.org/biopax/96/48895#BiochemicalReaction8607,1,http://www.reactome.org/biopax/96/48895#Catalysis4603
4397,11082|11083,275,2,1,http://www.reactome.org/biopax/96/48895#BiochemicalReaction8619,1,http://www.reactome.org/biopax/96/48895#Catalysis4615
4398,1672,1671|2301,1,2,http://www.reactome.org/biopax/96/48895#BiochemicalReaction1685,1,http://www.reactome.org/biopax/96/48895#Catalysis717
4399,375|11179|11180|11181|12253|16462,376|377|9537|11136|11139|11142|11147|11148|11163|11164|11165|11166|11169|11170|11171|11172|11173|11174|11175|11176|11177|11513|16466|16514,6,24,http://www.reactome.org/biopax/96/48895#BiochemicalReaction8765,1,http://www.reactome.org/biopax/96/48895#Catalysis4725
4400,1221|11995|13927,11996|14446,3,2,http://www.reactome.org/biopax/96/48895#BiochemicalReaction1238,1,http://www.reactome.org/biopax/96/48895#Control109
4401,5419|13927,5420|14446,2,2,http://www.reactome.org/biopax/96/48895#BiochemicalReaction5074,1,http://www.reactome.org/biopax/96/48895#Catalysis2162
4402,11749|14255|14793|16057|16563,16068|16482|16552,5,3,http://www.reactome.org/biopax/96/48895#BiochemicalReaction936,1,http://www.reactome.org/biopax/96/48895#Catalysis397
4403,11786|13927|14574,11787|14446,3,2,http://www.reactome.org/biopax/96/48895#BiochemicalReaction983,1,http://www.reactome.org/biopax/96/48895#Control68
4404,1539|13927,1540|14446,2,2,http://www.reactome.org/biopax/96/48895#BiochemicalReaction1555,1,http://www.reactome.org/biopax/96/48895#Catalysis667
4405,11598|15313|15316,14901|15318,3,2,http://www.reactome.org/biopax/96/48895#BiochemicalReaction7711,1,http://www.reactome.org/biopax/96/48895#Catalysis3759
4406,8170|11566|16462,13065|16466,3,2,http://www.reactome.org/biopax/96/48895#BiochemicalReaction2547,1,http://www.reactome.org/biopax/96/48895#Catalysis1179
4407,11087|14873|15343|15607|16099,14874|15321|16100,5,3,http://www.reactome.org/biopax/96/48895#BiochemicalReaction8590,1,http://www.reactome.org/biopax/96/48895#Catalysis4587
4408,497|11247,498,2,1,http://www.reactome.org/biopax/96/48895#BiochemicalReaction8851,1,http://www.reactome.org/biopax/96/48895#Control875
4409,10642|14255|15494,15497,3,1,http://www.reactome.org/biopax/96/48895#BiochemicalReaction7879,1,http://www.reactome.org/biopax/96/48895#Catalysis3919
4410,6028|6029,1495|6022|9415|9418|9419|12056,2,6,http://www.reactome.org/biopax/96/48895#BiochemicalReaction5630,1,http://www.reactome.org/biopax/96/48895#Control510
4411,12658|14113|14120,14121|16433,3,2,http://www.reactome.org/biopax/96/48895#BiochemicalReaction2020,1,http://www.reactome.org/biopax/96/48895#Catalysis952
4412,11683|13323|13927,13334|14446,3,2,http://www.reactome.org/biopax/96/48895#BiochemicalReaction3089,1,http://www.reactome.org/biopax/96/48895#Catalysis1470
4413,6310|6312|16482,6311|16574,3,2,http://www.reactome.org/biopax/96/48895#BiochemicalReaction5897,1,http://www.reactome.org/biopax/96/48895#Catalysis2415
4414,6573|13927,9716|13063|14446,2,3,http://www.reactome.org/biopax/96/48895#BiochemicalReaction6177,1,http://www.reactome.org/biopax/96/48895#Catalysis2529
4415,10317|14417|15551|16588,10893|14317,4,2,http://www.reactome.org/biopax/96/48895#BiochemicalReaction7964,1,http://www.reactome.org/biopax/96/48895#Control752
4416,5414|13927,5415|14446,2,2,http://www.reactome.org/biopax/96/48895#BiochemicalReaction5068,1,http://www.reactome.org/biopax/96/48895#Catalysis2160
4417,7347|14419|14935,14420|14936|16588,3,3,http://www.reactome.org/biopax/96/48895#BiochemicalReaction7321,1,http://www.reactome.org/biopax/96/48895#Catalysis3380
4418,11727|15089|15142,14793|15096|15274,3,3,http://www.reactome.org/biopax/96/48895#BiochemicalReaction890,1,http://www.reactome.org/biopax/96/48895#Catalysis353
4419,159|14309|15848,15847|16324,3,2,http://www.reactome.org/biopax/96/48895#BiochemicalReaction8337,1,http://www.reactome.org/biopax/96/48895#Catalysis4338
4420,12691|16378,14343,2,1,http://www.reactome.org/biopax/96/48895#BiochemicalReaction2095,1,http://www.reactome.org/biopax/96/48895#Catalysis1005
4421,1706|7738|15939,1707|14254,3,2,http://www.reactome.org/biopax/96/48895#BiochemicalReaction5892,1,http://www.reactome.org/biopax/96/48895#Catalysis2413
4422,7289|14796|16482,14797|16574,3,2,http://www.reactome.org/biopax/96/48895#BiochemicalReaction7183,1,http://www.reactome.org/biopax/96/48895#Catalysis3251
4423,9132|10357,9342,2,1,http://www.reactome.org/biopax/96/48895#BiochemicalReaction6876,1,http://www.reactome.org/biopax/96/48895#Control631
4424,11004|14419|15774,14420|15781,3,2,http://www.reactome.org/biopax/96/48895#BiochemicalReaction8260,1,http://www.reactome.org/biopax/96/48895#Catalysis4265
4425,3687|8815,8822|8823,2,2,http://www.reactome.org/biopax/96/48895#BiochemicalReaction4344,1,http://www.reactome.org/biopax/96/48895#Catalysis1916
4426,178|13970|15884,14417|15883,3,2,http://www.reactome.org/biopax/96/48895#BiochemicalReaction8376,1,http://www.reactome.org/biopax/96/48895#Catalysis4377
4427,10418|11517|15551,10417|16475,3,2,http://www.reactome.org/biopax/96/48895#BiochemicalReaction6920,1,http://www.reactome.org/biopax/96/48895#Catalysis3009
4429,7341|7848|13927,7849|14446|14793,3,3,http://www.reactome.org/biopax/96/48895#BiochemicalReaction7309,1,http://www.reactome.org/biopax/96/48895#Catalysis3368
4430,4785|13927,4787|14446,2,2,http://www.reactome.org/biopax/96/48895#BiochemicalReaction4512,1,http://www.reactome.org/biopax/96/48895#Catalysis1946
4431,156|13970|15842|16343,14417|15843|16348|16588,4,4,http://www.reactome.org/biopax/96/48895#BiochemicalReaction8329,1,http://www.reactome.org/biopax/96/48895#Catalysis4330
4432,1778|16351|16498,16494|16499,3,2,http://www.reactome.org/biopax/96/48895#BiochemicalReaction1789,1,http://www.reactome.org/biopax/96/48895#Catalysis750
4433,217|14873|15343|15607|16122,14874|15321|16123,5,3,http://www.reactome.org/biopax/96/48895#BiochemicalReaction8592,1,http://www.reactome.org/biopax/96/48895#Catalysis4589
4434,5361|11343|16462,5372|16466,3,2,http://www.reactome.org/biopax/96/48895#BiochemicalReaction482,1,http://www.reactome.org/biopax/96/48895#Catalysis193
4435,9938|14595,14596|14597,2,2,http://www.reactome.org/biopax/96/48895#BiochemicalReaction6514,1,http://www.reactome.org/biopax/96/48895#Catalysis2714
4436,2853,2854|14268,1,2,http://www.reactome.org/biopax/96/48895#BiochemicalReaction2832,1,http://www.reactome.org/biopax/96/48895#Catalysis1344
4438,7600|10894|14419,10317|14420|16588,3,3,http://www.reactome.org/biopax/96/48895#BiochemicalReaction7966,1,http://www.reactome.org/biopax/96/48895#Catalysis3994
4439,5499|8757|13028,10141|11363,3,2,http://www.reactome.org/biopax/96/48895#BiochemicalReaction6659,1,http://www.reactome.org/biopax/96/48895#Catalysis2852
4440,1840|14323|16371|16568,14130|16351,4,2,http://www.reactome.org/biopax/96/48895#BiochemicalReaction2042,1,http://www.reactome.org/biopax/96/48895#Catalysis971
4441,8219|10480|13913,7246,3,1,http://www.reactome.org/biopax/96/48895#BiochemicalReaction7033,1,http://www.reactome.org/biopax/96/48895#Catalysis3111
4443,2620|13112|16504,13111|16514,3,2,http://www.reactome.org/biopax/96/48895#BiochemicalReaction2621,1,http://www.reactome.org/biopax/96/48895#Catalysis1223
4444,879|15204|16482,15079|15194,3,2,http://www.reactome.org/biopax/96/48895#BiochemicalReaction899,1,http://www.reactome.org/biopax/96/48895#Catalysis362
4445,4560|8811|13927,8812|14446,3,2,http://www.reactome.org/biopax/96/48895#BiochemicalReaction4330,1,http://www.reactome.org/biopax/96/48895#Catalysis1909
4446,1662|4478,4474,2,1,http://www.reactome.org/biopax/96/48895#BiochemicalReaction4242,1,http://www.reactome.org/biopax/96/48895#Catalysis1870
4447,7321|8533|13927,7322|14446|14793,3,3,http://www.reactome.org/biopax/96/48895#BiochemicalReaction7242,1,http://www.reactome.org/biopax/96/48895#Catalysis3302
4449,7478|14532,15241,2,1,http://www.reactome.org/biopax/96/48895#BiochemicalReaction7644,1,http://www.reactome.org/biopax/96/48895#Catalysis3695
4450,7335|14463,14871,2,1,http://www.reactome.org/biopax/96/48895#BiochemicalReaction7265,1,http://www.reactome.org/biopax/96/48895#Catalysis3324
4452,486|13927,487|14446,2,2,http://www.reactome.org/biopax/96/48895#BiochemicalReaction8845,1,http://www.reactome.org/biopax/96/48895#Catalysis4747
4454,4484|10416|16462,4525|16466,3,2,http://www.reactome.org/biopax/96/48895#BiochemicalReaction415,1,http://www.reactome.org/biopax/96/48895#Catalysis150
4455,5656|13927,5659|14446,2,2,http://www.reactome.org/biopax/96/48895#BiochemicalReaction5275,1,http://www.reactome.org/biopax/96/48895#Catalysis2239
4456,12641|14057|14297,14058|14237,3,2,http://www.reactome.org/biopax/96/48895#BiochemicalReaction1989,1,http://www.reactome.org/biopax/96/48895#Catalysis924
4457,10861|14255|14793|15407|16563,15408|16482|16552,5,3,http://www.reactome.org/biopax/96/48895#BiochemicalReaction7805,1,http://www.reactome.org/biopax/96/48895#Catalysis3846
4458,1613|12371|16465,1657,3,1,http://www.reactome.org/biopax/96/48895#BiochemicalReaction1663,1,http://www.reactome.org/biopax/96/48895#Control176
4459,3543|3549|13927,3550|3551|14446,3,3,http://www.reactome.org/biopax/96/48895#BiochemicalReaction3376,1,http://www.reactome.org/biopax/96/48895#Control298
4460,7451|7875|14430,7453|13944,3,2,http://www.reactome.org/biopax/96/48895#BiochemicalReaction7606,1,http://www.reactome.org/biopax/96/48895#Catalysis3658
4461,10845|15391|16391|16583|16588,15392|16343|16392,5,3,http://www.reactome.org/biopax/96/48895#BiochemicalReaction7777,1,http://www.reactome.org/biopax/96/48895#Catalysis3821
4462,5499|8674,10115|11363,2,2,http://www.reactome.org/biopax/96/48895#BiochemicalReaction6634,1,http://www.reactome.org/biopax/96/48895#Catalysis2828
4463,10467|13927|14667,14446|14668|14793,3,3,http://www.reactome.org/biopax/96/48895#BiochemicalReaction6997,1,http://www.reactome.org/biopax/96/48895#Catalysis3076
4464,2961|2963|16462,2962|16466,3,2,http://www.reactome.org/biopax/96/48895#BiochemicalReaction2916,1,http://www.reactome.org/biopax/96/48895#Catalysis1388
4465,6698|6699|15939,1768|14254,3,2,http://www.reactome.org/biopax/96/48895#BiochemicalReaction6332,1,http://www.reactome.org/biopax/96/48895#Catalysis2594
4466,6867|14603,14599|14605,2,2,http://www.reactome.org/biopax/96/48895#BiochemicalReaction6520,1,http://www.reactome.org/biopax/96/48895#Catalysis2720
4467,1525|12386|16459,1618,3,1,http://www.reactome.org/biopax/96/48895#BiochemicalReaction1656,1,http://www.reactome.org/biopax/96/48895#Control174
4468,6878|13153|14621,10014|14096|16551,3,3,http://www.reactome.org/biopax/96/48895#BiochemicalReaction6561,1,http://www.reactome.org/biopax/96/48895#Catalysis2755
4469,6378|13927|14493,14446|16299,3,2,http://www.reactome.org/biopax/96/48895#BiochemicalReaction5985,1,http://www.reactome.org/biopax/96/48895#Catalysis2460
4470,312|16222|16224,16225,3,1,http://www.reactome.org/biopax/96/48895#BiochemicalReaction8666,1,http://www.reactome.org/biopax/96/48895#Catalysis4660
4471,21|15640|16482,14793|15079|15641,3,3,http://www.reactome.org/biopax/96/48895#BiochemicalReaction8104,1,http://www.reactome.org/biopax/96/48895#Catalysis4112
4472,8719|15717,14064|15718,2,2,http://www.reactome.org/biopax/96/48895#BiochemicalReaction8164,1,http://www.reactome.org/biopax/96/48895#Catalysis4172
4473,360,361|16514,1,2,http://www.reactome.org/biopax/96/48895#BiochemicalReaction8752,1,http://www.reactome.org/biopax/96/48895#Catalysis4716
4474,10807|14357|15236|16482,14362|14793|15237,4,3,http://www.reactome.org/biopax/96/48895#BiochemicalReaction7639,1,http://www.reactome.org/biopax/96/48895#Catalysis3691
4475,14255|14793|15405|16511|16563,15407|16482|16552,5,3,http://www.reactome.org/biopax/96/48895#BiochemicalReaction7804,-1,http://www.reactome.org/biopax/96/48895#Control724
4476,794|804|805,806,3,1,http://www.reactome.org/biopax/96/48895#BiochemicalReaction828,1,http://www.reactome.org/biopax/96/48895#Catalysis324
4477,5398|5399|13927,3543|14446,3,2,http://www.reactome.org/biopax/96/48895#BiochemicalReaction5057,-1,http://www.reactome.org/biopax/96/48895#Control458
4478,10271|13662|13927,9614|14446,3,2,http://www.reactome.org/biopax/96/48895#BiochemicalReaction5976,1,http://www.reactome.org/biopax/96/48895#Catalysis2452
4479,3587|8527|12015,4025,3,1,http://www.reactome.org/biopax/96/48895#BiochemicalReaction3822,-1,http://www.reactome.org/biopax/96/48895#Control355
4480,13928|14019,14087,2,1,http://www.reactome.org/biopax/96/48895#BiochemicalReaction740,-1,http://www.reactome.org/biopax/96/48895#Control56
4481,1563|12011|13927,12012|14446,3,2,http://www.reactome.org/biopax/96/48895#BiochemicalReaction1254,1,http://www.reactome.org/biopax/96/48895#Control117
4482,6680|9772,9777|9778,2,2,http://www.reactome.org/biopax/96/48895#BiochemicalReaction6317,1,http://www.reactome.org/biopax/96/48895#Catalysis2589
4484,7260|10530|14110,10532|14109|16551,3,3,http://www.reactome.org/biopax/96/48895#BiochemicalReaction7064,1,http://www.reactome.org/biopax/96/48895#Catalysis3140
4485,1238|4384|13927,3761|14446,3,2,http://www.reactome.org/biopax/96/48895#BiochemicalReaction4136,1,http://www.reactome.org/biopax/96/48895#Catalysis1835
4486,488,489,1,1,http://www.reactome.org/biopax/96/48895#BiochemicalReaction8847,1,http://www.reactome.org/biopax/96/48895#Catalysis4748
4487,621|625|11566,627,3,1,http://www.reactome.org/biopax/96/48895#BiochemicalReaction700,1,http://www.reactome.org/biopax/96/48895#Control50
4488,10898|15517|16393,10895,3,1,http://www.reactome.org/biopax/96/48895#BiochemicalReaction7976,1,http://www.reactome.org/biopax/96/48895#Control755
4489,4857|13927,4858|14446,2,2,http://www.reactome.org/biopax/96/48895#BiochemicalReaction4573,1,http://www.reactome.org/biopax/96/48895#Catalysis1963
4490,5517|9093|16351,5571,3,1,http://www.reactome.org/biopax/96/48895#BiochemicalReaction5206,1,http://www.reactome.org/biopax/96/48895#Catalysis2215
4491,13503|13589,13610|13613,2,2,http://www.reactome.org/biopax/96/48895#BiochemicalReaction218,1,http://www.reactome.org/biopax/96/48895#Catalysis67
4493,14148|14297,14237,2,1,http://www.reactome.org/biopax/96/48895#BiochemicalReaction2083,-1,http://www.reactome.org/biopax/96/48895#Control197
4494,13155|13157|16462,13156|16466,3,2,http://www.reactome.org/biopax/96/48895#BiochemicalReaction2672,1,http://www.reactome.org/biopax/96/48895#Catalysis1252
4495,4317|13927,4318|14446,2,2,http://www.reactome.org/biopax/96/48895#BiochemicalReaction4067,1,http://www.reactome.org/biopax/96/48895#Catalysis1801
4496,884|15733|16176,15740|16177,3,2,http://www.reactome.org/biopax/96/48895#BiochemicalReaction8628,1,http://www.reactome.org/biopax/96/48895#Catalysis4622
4497,12577|14297|16593,14237|16594,3,2,http://www.reactome.org/biopax/96/48895#BiochemicalReaction1894,-1,http://www.reactome.org/biopax/96/48895#Control185
4498,11311|13927|14087,11326|14446,3,2,http://www.reactome.org/biopax/96/48895#BiochemicalReaction8914,-1,http://www.reactome.org/biopax/96/48895#Control911
4499,117|14255|15794,14471,3,1,http://www.reactome.org/biopax/96/48895#BiochemicalReaction8275,1,http://www.reactome.org/biopax/96/48895#Catalysis4279
4500,11106|11456|16462,9603|16466,3,2,http://www.reactome.org/biopax/96/48895#BiochemicalReaction5962,1,http://www.reactome.org/biopax/96/48895#Catalysis2444
4501,6372|9665|16482,6423|16574,3,2,http://www.reactome.org/biopax/96/48895#BiochemicalReaction6036,1,http://www.reactome.org/biopax/96/48895#Catalysis2485
4502,6450|9684|16482,6449|16574,3,2,http://www.reactome.org/biopax/96/48895#BiochemicalReaction6065,1,http://www.reactome.org/biopax/96/48895#Catalysis2495
4503,1335|8300|16462,4412|16466,3,2,http://www.reactome.org/biopax/96/48895#BiochemicalReaction4159,1,http://www.reactome.org/biopax/96/48895#Catalysis1846
4504,324|14317|16343,14646|16588,3,2,http://www.reactome.org/biopax/96/48895#BiochemicalReaction8697,1,http://www.reactome.org/biopax/96/48895#Catalysis4691
4505,3522|8782|13927,8783|14446,3,2,http://www.reactome.org/biopax/96/48895#BiochemicalReaction4279,1,http://www.reactome.org/biopax/96/48895#Catalysis1885
4507,10826|14793|15284|16563,15285|16552,4,2,http://www.reactome.org/biopax/96/48895#BiochemicalReaction7686,1,http://www.reactome.org/biopax/96/48895#Catalysis3734
4508,3596|13736,13737|13738,2,2,http://www.reactome.org/biopax/96/48895#BiochemicalReaction3474,1,http://www.reactome.org/biopax/96/48895#Catalysis1605
4509,7318|14844,16619,2,1,http://www.reactome.org/biopax/96/48895#BiochemicalReaction7233,1,http://www.reactome.org/biopax/96/48895#Catalysis3293
4511,5499|10043|13291,10102|11363,3,2,http://www.reactome.org/biopax/96/48895#BiochemicalReaction6623,1,http://www.reactome.org/biopax/96/48895#Catalysis2817
4512,7991|15321|16138,15343|16139|16140,3,3,http://www.reactome.org/biopax/96/48895#BiochemicalReaction8606,1,http://www.reactome.org/biopax/96/48895#Catalysis4602
4513,5383|13520|13927,5384|14446,3,2,http://www.reactome.org/biopax/96/48895#BiochemicalReaction5036,1,http://www.reactome.org/biopax/96/48895#Catalysis2143
4514,6064|13998,6075|14008,2,2,http://www.reactome.org/biopax/96/48895#BiochemicalReaction520,1,http://www.reactome.org/biopax/96/48895#Catalysis206
4515,1061|2619,1061,2,1,http://www.reactome.org/biopax/96/48895#BiochemicalReaction2749,1,http://www.reactome.org/biopax/96/48895#Catalysis1297
4517,12286|14087|14297,14019|14237,3,2,http://www.reactome.org/biopax/96/48895#BiochemicalReaction1516,1,http://www.reactome.org/biopax/96/48895#Control143
4518,10857|15402,7514,2,1,http://www.reactome.org/biopax/96/48895#BiochemicalReaction7796,1,http://www.reactome.org/biopax/96/48895#Catalysis3838
4519,7479|14532|15241,15079|15242,3,2,http://www.reactome.org/biopax/96/48895#BiochemicalReaction7645,1,http://www.reactome.org/biopax/96/48895#Catalysis3696
4520,6583|9731|13927,9732|14446,3,2,http://www.reactome.org/biopax/96/48895#BiochemicalReaction6197,1,http://www.reactome.org/biopax/96/48895#Catalysis2542
4521,7348|14942|16393|16588,14926|14943,4,2,http://www.reactome.org/biopax/96/48895#BiochemicalReaction7328,1,http://www.reactome.org/biopax/96/48895#Catalysis3387
4522,1392|12142|14020,12143|14028,3,2,http://www.reactome.org/biopax/96/48895#BiochemicalReaction1381,1,http://www.reactome.org/biopax/96/48895#Catalysis574
4523,57|14255|15730,15726|16580,3,2,http://www.reactome.org/biopax/96/48895#BiochemicalReaction8181,1,http://www.reactome.org/biopax/96/48895#Catalysis4189
4524,6567|13927,9050|13063|14446,2,3,http://www.reactome.org/biopax/96/48895#BiochemicalReaction6167,1,http://www.reactome.org/biopax/96/48895#Catalysis2524
4525,7915|14873|15343|15607|16097,14874|15321|16098,5,3,http://www.reactome.org/biopax/96/48895#BiochemicalReaction8575,1,http://www.reactome.org/biopax/96/48895#Catalysis4572
4526,6590|9738|13927,9740|14446,3,2,http://www.reactome.org/biopax/96/48895#BiochemicalReaction6216,-1,http://www.reactome.org/biopax/96/48895#Control574
4527,9740|9743|13927,9744|14446,3,2,http://www.reactome.org/biopax/96/48895#BiochemicalReaction6218,1,http://www.reactome.org/biopax/96/48895#Catalysis2553
4528,4489|4492|8341,4490,3,1,http://www.reactome.org/biopax/96/48895#BiochemicalReaction4252,1,http://www.reactome.org/biopax/96/48895#Control394
4529,7878|14793|15353|16563,15356|16552,4,2,http://www.reactome.org/biopax/96/48895#BiochemicalReaction7741,1,http://www.reactome.org/biopax/96/48895#Catalysis3789
4530,2169|3838|13927,3567|14446,3,2,http://www.reactome.org/biopax/96/48895#BiochemicalReaction6227,1,http://www.reactome.org/biopax/96/48895#Catalysis2559
4531,12938|15137|16482,15136|16574,3,2,http://www.reactome.org/biopax/96/48895#BiochemicalReaction7541,1,http://www.reactome.org/biopax/96/48895#Catalysis3598
4532,1911|13927|13928|14237|16482,14147|14297|14446|16574,5,4,http://www.reactome.org/biopax/96/48895#BiochemicalReaction2069,-1,http://www.reactome.org/biopax/96/48895#Control193
4533,5327|5329|9046,5328,3,1,http://www.reactome.org/biopax/96/48895#BiochemicalReaction4988,-1,http://www.reactome.org/biopax/96/48895#Control455
4534,12901|13467,12928|13585,2,2,http://www.reactome.org/biopax/96/48895#BiochemicalReaction213,-1,http://www.reactome.org/biopax/96/48895#Control12
4535,4819|16462,4825|10979|10984|16466,2,4,http://www.reactome.org/biopax/96/48895#BiochemicalReaction437,1,http://www.reactome.org/biopax/96/48895#Catalysis167
4536,8119|12580|14793,8120|14323,3,2,http://www.reactome.org/biopax/96/48895#BiochemicalReaction1896,1,http://www.reactome.org/biopax/96/48895#Catalysis834
4538,6215,6216|7729|9532|11843|16466|16514,1,6,http://www.reactome.org/biopax/96/48895#BiochemicalReaction5808,1,http://www.reactome.org/biopax/96/48895#Catalysis2389
4539,10692|16351|16547,15053|15088,3,2,http://www.reactome.org/biopax/96/48895#BiochemicalReaction7460,-1,http://www.reactome.org/biopax/96/48895#Control700
4540,10744|15136|16482,15103|16574,3,2,http://www.reactome.org/biopax/96/48895#BiochemicalReaction7533,1,http://www.reactome.org/biopax/96/48895#Catalysis3590
4541,2684|13162|16504,13161|16514,3,2,http://www.reactome.org/biopax/96/48895#BiochemicalReaction2678,1,http://www.reactome.org/biopax/96/48895#Catalysis1258
4542,8429|14331,14332|14333,2,2,http://www.reactome.org/biopax/96/48895#BiochemicalReaction3708,1,http://www.reactome.org/biopax/96/48895#Catalysis1710
4543,4006|13927,4007|14446,2,2,http://www.reactome.org/biopax/96/48895#BiochemicalReaction3809,1,http://www.reactome.org/biopax/96/48895#Catalysis1734
4544,4760|12317|13476,3406,3,1,http://www.reactome.org/biopax/96/48895#BiochemicalReaction5944,1,http://www.reactome.org/biopax/96/48895#Control556
4545,4280|8629|13927,4281|14446,3,2,http://www.reactome.org/biopax/96/48895#BiochemicalReaction4031,1,http://www.reactome.org/biopax/96/48895#Catalysis1785
4546,12711|16353,14173,2,1,http://www.reactome.org/biopax/96/48895#BiochemicalReaction2129,1,http://www.reactome.org/biopax/96/48895#Catalysis1030
4547,6437|9674|15939,6373|14254,3,2,http://www.reactome.org/biopax/96/48895#BiochemicalReaction6051,1,http://www.reactome.org/biopax/96/48895#Catalysis2488
4548,621|625|11471,627,3,1,http://www.reactome.org/biopax/96/48895#BiochemicalReaction700,1,http://www.reactome.org/biopax/96/48895#Control52
4549,6972|16482,6973|7735,2,2,http://www.reactome.org/biopax/96/48895#BiochemicalReaction6717,1,http://www.reactome.org/biopax/96/48895#Catalysis2900
4550,7400|14226,7401|15085,2,2,http://www.reactome.org/biopax/96/48895#BiochemicalReaction7451,1,http://www.reactome.org/biopax/96/48895#Catalysis3508
4551,7286|16473|16482,16471|16574,3,2,http://www.reactome.org/biopax/96/48895#BiochemicalReaction7141,1,http://www.reactome.org/biopax/96/48895#Catalysis3209
4552,2918|14279,2917|2919|14078,2,3,http://www.reactome.org/biopax/96/48895#BiochemicalReaction2887,1,http://www.reactome.org/biopax/96/48895#Catalysis1374
4553,2892|13237|16504,2888|14280,3,2,http://www.reactome.org/biopax/96/48895#BiochemicalReaction2870,1,http://www.reactome.org/biopax/96/48895#Catalysis1365
4554,3596|13428,13727|13728,2,2,http://www.reactome.org/biopax/96/48895#BiochemicalReaction3471,1,http://www.reactome.org/biopax/96/48895#Catalysis1602
4555,9376|14815|16482,14308,3,1,http://www.reactome.org/biopax/96/48895#BiochemicalReaction5535,1,http://www.reactome.org/biopax/96/48895#Catalysis2276
4556,1020|2995|10096,10098|11363,3,2,http://www.reactome.org/biopax/96/48895#BiochemicalReaction6620,1,http://www.reactome.org/biopax/96/48895#Catalysis2814
4557,6908|7164|16476,7172|14078,3,2,http://www.reactome.org/biopax/96/48895#BiochemicalReaction610,1,http://www.reactome.org/biopax/96/48895#Catalysis224
4558,10923|14420|15528|16588,14419|15529|16591,4,3,http://www.reactome.org/biopax/96/48895#BiochemicalReaction7990,1,http://www.reactome.org/biopax/96/48895#Control762
4559,10588|14104|14749,14324|14739,3,2,http://www.reactome.org/biopax/96/48895#BiochemicalReaction7123,1,http://www.reactome.org/biopax/96/48895#Catalysis3191
4560,3744|4341|13927,3746|14446,3,2,http://www.reactome.org/biopax/96/48895#BiochemicalReaction4104,1,http://www.reactome.org/biopax/96/48895#Catalysis1822
4561,276|16136|16482|16552,14793|16137|16563,4,3,http://www.reactome.org/biopax/96/48895#BiochemicalReaction8605,1,http://www.reactome.org/biopax/96/48895#Control839
4562,7323|14255|14865,15430,3,1,http://www.reactome.org/biopax/96/48895#BiochemicalReaction7829,1,http://www.reactome.org/biopax/96/48895#Catalysis3869
4563,249|14183|15999|16387,15997|16000|16386,4,3,http://www.reactome.org/biopax/96/48895#BiochemicalReaction8500,1,http://www.reactome.org/biopax/96/48895#Catalysis4500
4564,11873|11875|13927,11877|14446,3,2,http://www.reactome.org/biopax/96/48895#BiochemicalReaction1058,1,http://www.reactome.org/biopax/96/48895#Catalysis460
4565,7660|15069,7659,2,1,http://www.reactome.org/biopax/96/48895#BiochemicalReaction8019,1,http://www.reactome.org/biopax/96/48895#Control776
4566,6584|16482,9074|12005|16574,2,3,http://www.reactome.org/biopax/96/48895#BiochemicalReaction6200,1,http://www.reactome.org/biopax/96/48895#Catalysis2544
4567,988|3955,989,2,1,http://www.reactome.org/biopax/96/48895#BiochemicalReaction1031,-1,http://www.reactome.org/biopax/96/48895#Control75
4568,8184|13807,7700,2,1,http://www.reactome.org/biopax/96/48895#BiochemicalReaction237,1,http://www.reactome.org/biopax/96/48895#Catalysis85
4569,10946|15578|16462,15580|16466,3,2,http://www.reactome.org/biopax/96/48895#BiochemicalReaction8049,1,http://www.reactome.org/biopax/96/48895#Catalysis4057
4570,10614|13927|14362|14809,14308|14810|15079,4,3,http://www.reactome.org/biopax/96/48895#BiochemicalReaction7206,1,http://www.reactome.org/biopax/96/48895#Catalysis3272
4571,35|15682|16351,14323|15683|16453,3,3,http://www.reactome.org/biopax/96/48895#BiochemicalReaction8140,1,http://www.reactome.org/biopax/96/48895#Catalysis4148
4572,1596|1604,1605,2,1,http://www.reactome.org/biopax/96/48895#BiochemicalReaction1621,1,http://www.reactome.org/biopax/96/48895#Catalysis694
4573,13927|14154,14087,2,1,http://www.reactome.org/biopax/96/48895#BiochemicalReaction2098,1,http://www.reactome.org/biopax/96/48895#Control210
4575,3596|6118,6120|9467,2,2,http://www.reactome.org/biopax/96/48895#BiochemicalReaction5705,1,http://www.reactome.org/biopax/96/48895#Catalysis2344
4576,7344|14929|15568,14484|14930,3,2,http://www.reactome.org/biopax/96/48895#BiochemicalReaction7314,1,http://www.reactome.org/biopax/96/48895#Catalysis3373
4577,320|7613,7612|11109,2,2,http://www.reactome.org/biopax/96/48895#BiochemicalReaction8692,1,http://www.reactome.org/biopax/96/48895#Catalysis4686
4578,1034|6752|13998,1035|14008,3,2,http://www.reactome.org/biopax/96/48895#BiochemicalReaction1068,1,http://www.reactome.org/biopax/96/48895#Catalysis466
4579,15539|16591,16588,2,1,http://www.reactome.org/biopax/96/48895#BiochemicalReaction8007,-1,http://www.reactome.org/biopax/96/48895#Control766
4580,7472|15227|16482,15082|15228,3,2,http://www.reactome.org/biopax/96/48895#BiochemicalReaction7630,1,http://www.reactome.org/biopax/96/48895#Catalysis3682
4581,3580|13617|13626|13627,3589,4,1,http://www.reactome.org/biopax/96/48895#BiochemicalReaction3394,-1,http://www.reactome.org/biopax/96/48895#Control304
4582,11096|16279|16563,16162|16552,3,2,http://www.reactome.org/biopax/96/48895#BiochemicalReaction8615,1,http://www.reactome.org/biopax/96/48895#Catalysis4611
4583,12543|15835|16561,14793|16560,3,2,http://www.reactome.org/biopax/96/48895#BiochemicalReaction1855,1,http://www.reactome.org/biopax/96/48895#Catalysis794
4584,3316|3421|15939,3313|14254,3,2,http://www.reactome.org/biopax/96/48895#BiochemicalReaction3261,1,http://www.reactome.org/biopax/96/48895#Catalysis1522
4585,11207|11211|16462,11210|16466,3,2,http://www.reactome.org/biopax/96/48895#BiochemicalReaction8832,1,http://www.reactome.org/biopax/96/48895#Catalysis4741
4586,10949|14635,10948|14855,2,2,http://www.reactome.org/biopax/96/48895#BiochemicalReaction8062,1,http://www.reactome.org/biopax/96/48895#Catalysis4070
4588,6873|9969|14104,9972|14324|16551,3,3,http://www.reactome.org/biopax/96/48895#BiochemicalReaction6536,1,http://www.reactome.org/biopax/96/48895#Catalysis2735
4589,2790|14212|14213|14214|14215,2791,5,1,http://www.reactome.org/biopax/96/48895#BiochemicalReaction2780,1,http://www.reactome.org/biopax/96/48895#Catalysis1312
4590,12192|12193|13998,12194|14008,3,2,http://www.reactome.org/biopax/96/48895#BiochemicalReaction1426,1,http://www.reactome.org/biopax/96/48895#Catalysis615
4591,4259|4261|13927,4260|8546|14446,3,3,http://www.reactome.org/biopax/96/48895#BiochemicalReaction4010,-1,http://www.reactome.org/biopax/96/48895#Control381
4592,129|11011|16547,11013|15798|15803,3,3,http://www.reactome.org/biopax/96/48895#BiochemicalReaction8290,1,http://www.reactome.org/biopax/96/48895#Catalysis4291
4593,11744|15476|16048,16049|16284,3,2,http://www.reactome.org/biopax/96/48895#BiochemicalReaction8547,1,http://www.reactome.org/biopax/96/48895#Catalysis4544
4594,10651|14873|14893|14910,14466|14911|15321|16040,4,4,http://www.reactome.org/biopax/96/48895#BiochemicalReaction7297,1,http://www.reactome.org/biopax/96/48895#Catalysis3356
4595,12600|13952|14297,14237|16325,3,2,http://www.reactome.org/biopax/96/48895#BiochemicalReaction1926,1,http://www.reactome.org/biopax/96/48895#Catalysis864
4596,9917|14097|14754,14096|14756,3,2,http://www.reactome.org/biopax/96/48895#BiochemicalReaction7128,1,http://www.reactome.org/biopax/96/48895#Catalysis3196
4597,1013|1015|13927,1010|14446,3,2,http://www.reactome.org/biopax/96/48895#BiochemicalReaction1049,-1,http://www.reactome.org/biopax/96/48895#Control79
4598,10815|14793|15260|16563,15261|16552,4,2,http://www.reactome.org/biopax/96/48895#BiochemicalReaction7660,1,http://www.reactome.org/biopax/96/48895#Catalysis3710
4599,8219|16579,7815|8219,2,2,http://www.reactome.org/biopax/96/48895#BiochemicalReaction7023,1,http://www.reactome.org/biopax/96/48895#Control680
4600,8035|13777,8290,2,1,http://www.reactome.org/biopax/96/48895#BiochemicalReaction226,1,http://www.reactome.org/biopax/96/48895#Catalysis74
4601,10825|15029|15324,14793|15050|15325,3,3,http://www.reactome.org/biopax/96/48895#BiochemicalReaction7716,1,http://www.reactome.org/biopax/96/48895#Catalysis3764
4602,769|13927,14815|15079,2,2,http://www.reactome.org/biopax/96/48895#BiochemicalReaction5525,1,http://www.reactome.org/biopax/96/48895#Control499
4603,9446|9636|10745,9637,3,1,http://www.reactome.org/biopax/96/48895#BiochemicalReaction6002,1,http://www.reactome.org/biopax/96/48895#Catalysis2470
4604,7241|14680,14681,2,1,http://www.reactome.org/biopax/96/48895#BiochemicalReaction7017,1,http://www.reactome.org/biopax/96/48895#Catalysis3096
4605,11733|15640|16482,14793|15079|15641,3,3,http://www.reactome.org/biopax/96/48895#BiochemicalReaction8105,1,http://www.reactome.org/biopax/96/48895#Catalysis4113
4606,253|13985|14255|16412,15891|16014,4,2,http://www.reactome.org/biopax/96/48895#BiochemicalReaction8510,1,http://www.reactome.org/biopax/96/48895#Catalysis4509
4607,11036|14417|15885,15884|16324,3,2,http://www.reactome.org/biopax/96/48895#BiochemicalReaction8377,1,http://www.reactome.org/biopax/96/48895#Catalysis4378
4608,9590|13103|13927,13477|14446,3,2,http://www.reactome.org/biopax/96/48895#BiochemicalReaction5943,1,http://www.reactome.org/biopax/96/48895#Catalysis2436
4609,7290|14798|16482,14058|16574,3,2,http://www.reactome.org/biopax/96/48895#BiochemicalReaction7185,1,http://www.reactome.org/biopax/96/48895#Catalysis3253
4610,13140,13143|13150,1,2,http://www.reactome.org/biopax/96/48895#BiochemicalReaction174,1,http://www.reactome.org/biopax/96/48895#Catalysis46
4611,535|7955|13927,538|14446,3,2,http://www.reactome.org/biopax/96/48895#BiochemicalReaction8876,1,http://www.reactome.org/biopax/96/48895#Catalysis4761
4612,4657|13927,4659|14446,2,2,http://www.reactome.org/biopax/96/48895#BiochemicalReaction4410,1,http://www.reactome.org/biopax/96/48895#Catalysis1932
4613,7977|11527,590|14118,2,2,http://www.reactome.org/biopax/96/48895#BiochemicalReaction665,1,http://www.reactome.org/biopax/96/48895#Catalysis238
4614,6005|13927,6006|14446,2,2,http://www.reactome.org/biopax/96/48895#BiochemicalReaction5611,1,http://www.reactome.org/biopax/96/48895#Catalysis2308
4615,259|13982|14323|16021|16288|16577,16022|16026|16351,6,3,http://www.reactome.org/biopax/96/48895#BiochemicalReaction8519,1,http://www.reactome.org/biopax/96/48895#Catalysis4518
4616,13927|13938|14173|15069|16482,14446|15079|15746|16574,5,4,http://www.reactome.org/biopax/96/48895#BiochemicalReaction8216,1,http://www.reactome.org/biopax/96/48895#Control803
4617,6604|6616,3581|6603,2,2,http://www.reactome.org/biopax/96/48895#BiochemicalReaction6242,-1,http://www.reactome.org/biopax/96/48895#Control584
4618,11309|16274,16270,2,1,http://www.reactome.org/biopax/96/48895#BiochemicalReaction8896,1,http://www.reactome.org/biopax/96/48895#Catalysis4771
4619,10702|15086|16482,14530|15092,3,2,http://www.reactome.org/biopax/96/48895#BiochemicalReaction7464,1,http://www.reactome.org/biopax/96/48895#Catalysis3521
4620,10827|15292|16392,15295|16391|16588,3,3,http://www.reactome.org/biopax/96/48895#BiochemicalReaction7693,1,http://www.reactome.org/biopax/96/48895#Catalysis3741
4621,10658|10659,7340,2,1,http://www.reactome.org/biopax/96/48895#BiochemicalReaction7306,1,http://www.reactome.org/biopax/96/48895#Catalysis3365
4622,5499|13028|13263,10039|11363,3,2,http://www.reactome.org/biopax/96/48895#BiochemicalReaction6579,1,http://www.reactome.org/biopax/96/48895#Catalysis2773
4624,11032|15142|15875,14793|15274|15876,3,3,http://www.reactome.org/biopax/96/48895#BiochemicalReaction8368,1,http://www.reactome.org/biopax/96/48895#Catalysis4369
4625,2900|14279,2901|14078,2,2,http://www.reactome.org/biopax/96/48895#BiochemicalReaction2875,1,http://www.reactome.org/biopax/96/48895#Catalysis1368
4626,324|14646|16588,14317|16343,3,2,http://www.reactome.org/biopax/96/48895#BiochemicalReaction8698,1,http://www.reactome.org/biopax/96/48895#Catalysis4692
4628,1202|13927,1203|14446,2,2,http://www.reactome.org/biopax/96/48895#BiochemicalReaction1211,1,http://www.reactome.org/biopax/96/48895#Catalysis529
4629,4391|8664|13834|13899,3764|4386|4392|8664|13899,4,5,http://www.reactome.org/biopax/96/48895#BiochemicalReaction4142,1,http://www.reactome.org/biopax/96/48895#Catalysis1838
4630,3457|13927,3458|14446,2,2,http://www.reactome.org/biopax/96/48895#BiochemicalReaction3290,1,http://www.reactome.org/biopax/96/48895#Catalysis1535
4631,247|14024|14793,15991|16424,3,2,http://www.reactome.org/biopax/96/48895#BiochemicalReaction8493,1,http://www.reactome.org/biopax/96/48895#Catalysis4493
4632,172|15552|15871,14309|15872,3,2,http://www.reactome.org/biopax/96/48895#BiochemicalReaction8364,1,http://www.reactome.org/biopax/96/48895#Catalysis4365
4633,706,705|707|11623|11628|11629|11630|11631|14247,1,8,http://www.reactome.org/biopax/96/48895#BiochemicalReaction743,1,http://www.reactome.org/biopax/96/48895#Catalysis261
4635,5499|10044|10069,10070|11363,3,2,http://www.reactome.org/biopax/96/48895#BiochemicalReaction6598,1,http://www.reactome.org/biopax/96/48895#Catalysis2792
4636,4458|14334|16563,14339|14793|16552,3,3,http://www.reactome.org/biopax/96/48895#BiochemicalReaction6145,1,http://www.reactome.org/biopax/96/48895#Catalysis2512
4637,2497|10689|16462,2994|16466,3,2,http://www.reactome.org/biopax/96/48895#BiochemicalReaction2946,1,http://www.reactome.org/biopax/96/48895#Catalysis1403
4638,7097,7098|10303,1,2,http://www.reactome.org/biopax/96/48895#BiochemicalReaction6825,1,http://www.reactome.org/biopax/96/48895#Catalysis2954
4639,173|3757|8245,173|3758,3,2,http://www.reactome.org/biopax/96/48895#BiochemicalReaction3598,1,http://www.reactome.org/biopax/96/48895#Catalysis1654
4640,3374|11736|15939,1331|14254,3,2,http://www.reactome.org/biopax/96/48895#BiochemicalReaction3247,1,http://www.reactome.org/biopax/96/48895#Catalysis1515
4641,308|13927|14309|15814,14446|16217|16574,4,3,http://www.reactome.org/biopax/96/48895#BiochemicalReaction8659,1,http://www.reactome.org/biopax/96/48895#Catalysis4653
4642,136|14420|15821|16583|16588,14419|15822|16343,5,3,http://www.reactome.org/biopax/96/48895#BiochemicalReaction8302,1,http://www.reactome.org/biopax/96/48895#Catalysis4303
4644,10745|13014,2494,2,1,http://www.reactome.org/biopax/96/48895#BiochemicalReaction2495,1,http://www.reactome.org/biopax/96/48895#Catalysis1155
4645,9929|14583|16416,14584|16414,3,2,http://www.reactome.org/biopax/96/48895#BiochemicalReaction6504,1,http://www.reactome.org/biopax/96/48895#Catalysis2706
4646,1598|1630|14019,1604|12381,3,2,http://www.reactome.org/biopax/96/48895#BiochemicalReaction1635,1,http://www.reactome.org/biopax/96/48895#Catalysis700
4647,9973|9978|14110,9976|14109|16551,3,3,http://www.reactome.org/biopax/96/48895#BiochemicalReaction6538,1,http://www.reactome.org/biopax/96/48895#Catalysis2737
4648,9930|14584|16416,14585|16414,3,2,http://www.reactome.org/biopax/96/48895#BiochemicalReaction6505,1,http://www.reactome.org/biopax/96/48895#Control604
4649,1035|1040|16328,1034|16332,3,2,http://www.reactome.org/biopax/96/48895#BiochemicalReaction1072,1,http://www.reactome.org/biopax/96/48895#Catalysis468
4650,10638|14255|15448,15508,3,1,http://www.reactome.org/biopax/96/48895#BiochemicalReaction7889,1,http://www.reactome.org/biopax/96/48895#Catalysis3929
4651,5672|13927,5673|14446,2,2,http://www.reactome.org/biopax/96/48895#BiochemicalReaction5285,1,http://www.reactome.org/biopax/96/48895#Catalysis2241
4653,9821|9826|14506|15607|16040,9827|14507|15321,5,3,http://www.reactome.org/biopax/96/48895#BiochemicalReaction6409,1,http://www.reactome.org/biopax/96/48895#Catalysis2620
4654,11752|15594|16237,15568|16241|16588,3,3,http://www.reactome.org/biopax/96/48895#BiochemicalReaction8675,1,http://www.reactome.org/biopax/96/48895#Catalysis4669
4655,6119|9471|13927,9470|14446,3,2,http://www.reactome.org/biopax/96/48895#BiochemicalReaction5713,1,http://www.reactome.org/biopax/96/48895#Catalysis2350
4656,4501|13927,4679|14446,2,2,http://www.reactome.org/biopax/96/48895#BiochemicalReaction22,1,http://www.reactome.org/biopax/96/48895#Catalysis11
4657,13927|14446|16533,14446|14654|14793,3,3,http://www.reactome.org/biopax/96/48895#BiochemicalReaction6981,1,http://www.reactome.org/biopax/96/48895#Control662
4658,12001|14087,12002,2,1,http://www.reactome.org/biopax/96/48895#BiochemicalReaction1244,1,http://www.reactome.org/biopax/96/48895#Control113
4660,6883|6892|6894,6893|10126,3,2,http://www.reactome.org/biopax/96/48895#BiochemicalReaction6642,1,http://www.reactome.org/biopax/96/48895#Catalysis2837
4661,4802|13927,4804|14446,2,2,http://www.reactome.org/biopax/96/48895#BiochemicalReaction4522,1,http://www.reactome.org/biopax/96/48895#Catalysis1950
4662,11040|15537|15899,15898|15901|16343,3,3,http://www.reactome.org/biopax/96/48895#BiochemicalReaction8395,1,http://www.reactome.org/biopax/96/48895#Catalysis4396
4663,2109|14219|14220|14221|14223,2110|15575,5,2,http://www.reactome.org/biopax/96/48895#BiochemicalReaction2278,1,http://www.reactome.org/biopax/96/48895#Catalysis1083
4664,769|5927,5928,2,1,http://www.reactome.org/biopax/96/48895#BiochemicalReaction5526,1,http://www.reactome.org/biopax/96/48895#Control500
4665,10814|15029|15262,14793|15050|15264|16424,3,4,http://www.reactome.org/biopax/96/48895#BiochemicalReaction7662,1,http://www.reactome.org/biopax/96/48895#Catalysis3712
4666,3211|11113|15939,329|14254,3,2,http://www.reactome.org/biopax/96/48895#BiochemicalReaction8726,1,http://www.reactome.org/biopax/96/48895#Catalysis4706
4667,10450|14648|15939,13949|14254|16424,3,3,http://www.reactome.org/biopax/96/48895#BiochemicalReaction6957,1,http://www.reactome.org/biopax/96/48895#Catalysis3038
4668,166|15860|16343,15861,3,1,http://www.reactome.org/biopax/96/48895#BiochemicalReaction8350,1,http://www.reactome.org/biopax/96/48895#Catalysis4351
4669,14646|15551|15961|16348,15962|16345|16475,4,3,http://www.reactome.org/biopax/96/48895#BiochemicalReaction8467,1,http://www.reactome.org/biopax/96/48895#Control824
4670,2874,2875,1,1,http://www.reactome.org/biopax/96/48895#BiochemicalReaction2854,1,http://www.reactome.org/biopax/96/48895#Catalysis1356
4671,8179|13807,7722,2,1,http://www.reactome.org/biopax/96/48895#BiochemicalReaction240,1,http://www.reactome.org/biopax/96/48895#Catalysis88
4672,492|11235,495,2,1,http://www.reactome.org/biopax/96/48895#BiochemicalReaction8850,1,http://www.reactome.org/biopax/96/48895#Control862
4673,10744|15137|16482,14493|16574,3,2,http://www.reactome.org/biopax/96/48895#BiochemicalReaction7542,1,http://www.reactome.org/biopax/96/48895#Catalysis3599
4674,5538|13927|16299,13979|14446,3,2,http://www.reactome.org/biopax/96/48895#BiochemicalReaction5177,1,http://www.reactome.org/biopax/96/48895#Catalysis2203
4675,7255|14430|14694,14691|14695,3,2,http://www.reactome.org/biopax/96/48895#BiochemicalReaction7049,1,http://www.reactome.org/biopax/96/48895#Catalysis3125
4676,2887|2888|12803|13237,2889|13233,4,2,http://www.reactome.org/biopax/96/48895#BiochemicalReaction2866,1,http://www.reactome.org/biopax/96/48895#Control269
4677,7350|14952|16393|16588,14926|14953,4,2,http://www.reactome.org/biopax/96/48895#BiochemicalReaction7336,1,http://www.reactome.org/biopax/96/48895#Catalysis3395
4678,1924|16378,14343,2,1,http://www.reactome.org/biopax/96/48895#BiochemicalReaction2086,1,http://www.reactome.org/biopax/96/48895#Catalysis997
4679,1633|2693,1634|12394,2,2,http://www.reactome.org/biopax/96/48895#BiochemicalReaction1638,1,http://www.reactome.org/biopax/96/48895#Control170
4681,9867|13927|14515,14446|14516,3,2,http://www.reactome.org/biopax/96/48895#BiochemicalReaction6439,1,http://www.reactome.org/biopax/96/48895#Catalysis2641
4682,9783|9785|14498,9784|14500,3,2,http://www.reactome.org/biopax/96/48895#BiochemicalReaction6334,1,http://www.reactome.org/biopax/96/48895#Catalysis2595
4683,878|13927|15185,14446|15189,3,2,http://www.reactome.org/biopax/96/48895#BiochemicalReaction896,1,http://www.reactome.org/biopax/96/48895#Catalysis359
4684,7265|14430|14702,14691|14704,3,2,http://www.reactome.org/biopax/96/48895#BiochemicalReaction7077,1,http://www.reactome.org/biopax/96/48895#Catalysis3148
4685,1057|1058|11566|11899|11900,1059|11901,5,2,http://www.reactome.org/biopax/96/48895#BiochemicalReaction1086,1,http://www.reactome.org/biopax/96/48895#Control81
4686,935|16310|16482,14263|16311|16312,3,3,http://www.reactome.org/biopax/96/48895#BiochemicalReaction993,1,http://www.reactome.org/biopax/96/48895#Catalysis436
4687,11021|14484|15538,15568|15832|16588,3,3,http://www.reactome.org/biopax/96/48895#BiochemicalReaction8320,1,http://www.reactome.org/biopax/96/48895#Catalysis4321
4689,3812|16541,16533,2,1,http://www.reactome.org/biopax/96/48895#BiochemicalReaction6977,1,http://www.reactome.org/biopax/96/48895#Catalysis3056
4691,10347|14343|16351,9127,3,1,http://www.reactome.org/biopax/96/48895#BiochemicalReaction6861,1,http://www.reactome.org/biopax/96/48895#Control626
4692,497|11237,498,2,1,http://www.reactome.org/biopax/96/48895#BiochemicalReaction8851,1,http://www.reactome.org/biopax/96/48895#Control888
4693,10477|13927|14683,14446|14677|14793,3,3,http://www.reactome.org/biopax/96/48895#BiochemicalReaction7019,1,http://www.reactome.org/biopax/96/48895#Catalysis3098
4694,13941|14419|15551,14317|14420|16418,3,3,http://www.reactome.org/biopax/96/48895#BiochemicalReaction7942,-1,http://www.reactome.org/biopax/96/48895#Control737
4695,2411|8160|15939,2412|12948|14254,3,3,http://www.reactome.org/biopax/96/48895#BiochemicalReaction2437,1,http://www.reactome.org/biopax/96/48895#Catalysis1138
4696,11086|14873|15343|15607|16115,14874|15321|16116,5,3,http://www.reactome.org/biopax/96/48895#BiochemicalReaction8587,1,http://www.reactome.org/biopax/96/48895#Catalysis4584
4697,1237|12011|13927,12012|14446,3,2,http://www.reactome.org/biopax/96/48895#BiochemicalReaction1254,1,http://www.reactome.org/biopax/96/48895#Control116
4698,7211|13927|14650,14446|14651,3,2,http://www.reactome.org/biopax/96/48895#BiochemicalReaction6961,1,http://www.reactome.org/biopax/96/48895#Catalysis3042
4699,5342|14020,5350|14028,2,2,http://www.reactome.org/biopax/96/48895#BiochemicalReaction481,1,http://www.reactome.org/biopax/96/48895#Catalysis192
4700,9519|14471|14793|16563,14470|16552,4,2,http://www.reactome.org/biopax/96/48895#BiochemicalReaction5785,1,http://www.reactome.org/biopax/96/48895#Catalysis2380
4701,1706|5135|15939,1707|14254,3,2,http://www.reactome.org/biopax/96/48895#BiochemicalReaction4811,1,http://www.reactome.org/biopax/96/48895#Catalysis2044
4702,10711|14297|15083,14237|15084,3,2,http://www.reactome.org/biopax/96/48895#BiochemicalReaction7449,1,http://www.reactome.org/biopax/96/48895#Catalysis3506
4703,8222|13350|13927,13498|14446,3,2,http://www.reactome.org/biopax/96/48895#BiochemicalReaction3276,1,http://www.reactome.org/biopax/96/48895#Catalysis1529
4704,10623|14873|14893|14896,14466|14874|15321|16040|16425,4,5,http://www.reactome.org/biopax/96/48895#BiochemicalReaction7285,1,http://www.reactome.org/biopax/96/48895#Catalysis3344
4705,11058|14350|16588,14793|15982,3,2,http://www.reactome.org/biopax/96/48895#BiochemicalReaction8484,1,http://www.reactome.org/biopax/96/48895#Catalysis4484
4706,175|16351|16371|16579,14323|16143|16144|16288,4,4,http://www.reactome.org/biopax/96/48895#BiochemicalReaction8608,1,http://www.reactome.org/biopax/96/48895#Catalysis4604
4707,7217|14654|16482,16533|16574,3,2,http://www.reactome.org/biopax/96/48895#BiochemicalReaction6965,1,http://www.reactome.org/biopax/96/48895#Catalysis3046
4708,10815|14793|15273|16563,15276|16552,4,2,http://www.reactome.org/biopax/96/48895#BiochemicalReaction7671,1,http://www.reactome.org/biopax/96/48895#Catalysis3721
4709,4801|13927,4802|14446,2,2,http://www.reactome.org/biopax/96/48895#BiochemicalReaction4521,1,http://www.reactome.org/biopax/96/48895#Catalysis1949
4710,2012|12753|14430,2013|14194|16528,3,3,http://www.reactome.org/biopax/96/48895#BiochemicalReaction2195,1,http://www.reactome.org/biopax/96/48895#Catalysis1056
4711,11110|11112|16462,11111|16466,3,2,http://www.reactome.org/biopax/96/48895#BiochemicalReaction8702,1,http://www.reactome.org/biopax/96/48895#Catalysis4696
4712,5499|8755|10063,10137|11363,3,2,http://www.reactome.org/biopax/96/48895#BiochemicalReaction6649,1,http://www.reactome.org/biopax/96/48895#Catalysis2844
4713,1177|14635|16580,14855|16482,3,2,http://www.reactome.org/biopax/96/48895#BiochemicalReaction1190,1,http://www.reactome.org/biopax/96/48895#Catalysis519
4714,12766|14203,14204,2,1,http://www.reactome.org/biopax/96/48895#BiochemicalReaction2222,1,http://www.reactome.org/biopax/96/48895#Catalysis1061
4715,6182|9992,6183,2,1,http://www.reactome.org/biopax/96/48895#BiochemicalReaction5778,1,http://www.reactome.org/biopax/96/48895#Catalysis2374
4716,2038|14162|14255|16327,7567|16408,4,2,http://www.reactome.org/biopax/96/48895#BiochemicalReaction7929,1,http://www.reactome.org/biopax/96/48895#Control731
4717,7338|14897|16387,14898|16386,3,2,http://www.reactome.org/biopax/96/48895#BiochemicalReaction7287,1,http://www.reactome.org/biopax/96/48895#Catalysis3346
4718,1604|12384,1525|12385,2,2,http://www.reactome.org/biopax/96/48895#BiochemicalReaction1625,1,http://www.reactome.org/biopax/96/48895#Catalysis696
4719,3694|13756,13796,2,1,http://www.reactome.org/biopax/96/48895#BiochemicalReaction3539,1,http://www.reactome.org/biopax/96/48895#Control328
4720,6129|12007|13927,9474|14446,3,2,http://www.reactome.org/biopax/96/48895#BiochemicalReaction5721,1,http://www.reactome.org/biopax/96/48895#Catalysis2353
4721,880|5553|15939,1331|14254,3,2,http://www.reactome.org/biopax/96/48895#BiochemicalReaction5190,1,http://www.reactome.org/biopax/96/48895#Catalysis2208
4722,9473|9986|13927,9476|14446,3,2,http://www.reactome.org/biopax/96/48895#BiochemicalReaction5729,1,http://www.reactome.org/biopax/96/48895#Control515
4723,11883|13641|13645|13927,9773|9774|14446,4,3,http://www.reactome.org/biopax/96/48895#BiochemicalReaction6291,1,http://www.reactome.org/biopax/96/48895#Catalysis2581
4724,899|14083|15616,15615|16574,3,2,http://www.reactome.org/biopax/96/48895#BiochemicalReaction8079,1,http://www.reactome.org/biopax/96/48895#Catalysis4087
4725,295|14117|15029|16482,14793|15050|15712,4,3,http://www.reactome.org/biopax/96/48895#BiochemicalReaction8622,1,http://www.reactome.org/biopax/96/48895#Catalysis4616
4726,3294|4150|16462,4617|16466,3,2,http://www.reactome.org/biopax/96/48895#BiochemicalReaction2579,1,http://www.reactome.org/biopax/96/48895#Catalysis1197
4727,7415|13927|15147,14446|15139,3,2,http://www.reactome.org/biopax/96/48895#BiochemicalReaction7560,1,http://www.reactome.org/biopax/96/48895#Catalysis3615
4728,6201|14184|14916,14362|14917,3,2,http://www.reactome.org/biopax/96/48895#BiochemicalReaction7302,1,http://www.reactome.org/biopax/96/48895#Control689
4729,9940|14108|14600,14324|14603,3,2,http://www.reactome.org/biopax/96/48895#BiochemicalReaction6518,1,http://www.reactome.org/biopax/96/48895#Catalysis2718
4730,7551|13927,7552|7553,2,2,http://www.reactome.org/biopax/96/48895#BiochemicalReaction7912,1,http://www.reactome.org/biopax/96/48895#Catalysis3950
4731,11207|11209|16462,11208|16466,3,2,http://www.reactome.org/biopax/96/48895#BiochemicalReaction8831,1,http://www.reactome.org/biopax/96/48895#Catalysis4740
4732,622|12454|13927,3411|14446,3,2,http://www.reactome.org/biopax/96/48895#BiochemicalReaction3251,1,http://www.reactome.org/biopax/96/48895#Catalysis1519
4733,12564|16570|16573,16572|16576,3,2,http://www.reactome.org/biopax/96/48895#BiochemicalReaction1877,1,http://www.reactome.org/biopax/96/48895#Catalysis815
4734,9967|9971|14616,9969|14324|16551,3,3,http://www.reactome.org/biopax/96/48895#BiochemicalReaction6535,1,http://www.reactome.org/biopax/96/48895#Catalysis2734
4735,10716|14236|16351,15093|15094,3,2,http://www.reactome.org/biopax/96/48895#BiochemicalReaction7467,1,http://www.reactome.org/biopax/96/48895#Catalysis3524
4736,2|7602,8152|8186|10695,2,3,http://www.reactome.org/biopax/96/48895#BiochemicalReaction57,1,http://www.reactome.org/biopax/96/48895#Catalysis24
4737,1829|13927|16482|16543,14446|16544|16574,4,3,http://www.reactome.org/biopax/96/48895#BiochemicalReaction1831,1,http://www.reactome.org/biopax/96/48895#Catalysis774
4738,198|14027,14734|15294,2,2,http://www.reactome.org/biopax/96/48895#BiochemicalReaction8405,1,http://www.reactome.org/biopax/96/48895#Catalysis4406
4739,3455|3522,3485,2,1,http://www.reactome.org/biopax/96/48895#BiochemicalReaction331,-1,http://www.reactome.org/biopax/96/48895#Control22
4740,5449|13927|16299,13979|14446,3,2,http://www.reactome.org/biopax/96/48895#BiochemicalReaction5098,1,http://www.reactome.org/biopax/96/48895#Catalysis2172
4741,7288|14778|16482,14786|16574,3,2,http://www.reactome.org/biopax/96/48895#BiochemicalReaction7175,1,http://www.reactome.org/biopax/96/48895#Catalysis3243
4742,343|13805|13927,344|14446,3,2,http://www.reactome.org/biopax/96/48895#BiochemicalReaction8731,1,http://www.reactome.org/biopax/96/48895#Catalysis4709
4743,12544|16376,15835,2,1,http://www.reactome.org/biopax/96/48895#BiochemicalReaction1856,1,http://www.reactome.org/biopax/96/48895#Catalysis795
4744,3584|13622|13763,4107,3,1,http://www.reactome.org/biopax/96/48895#BiochemicalReaction3891,-1,http://www.reactome.org/biopax/96/48895#Control373
4745,10552|14430|14716,14703|14717,3,2,http://www.reactome.org/biopax/96/48895#BiochemicalReaction7104,1,http://www.reactome.org/biopax/96/48895#Catalysis3172
4746,10975|14362|16475,14446|15568,3,2,http://www.reactome.org/biopax/96/48895#BiochemicalReaction8174,1,http://www.reactome.org/biopax/96/48895#Catalysis4182
4747,215|14255|15814,14793|16298,3,2,http://www.reactome.org/biopax/96/48895#BiochemicalReaction8431,1,http://www.reactome.org/biopax/96/48895#Catalysis4432
4748,155|14793|15841|16563,13956|16552,4,2,http://www.reactome.org/biopax/96/48895#BiochemicalReaction8328,1,http://www.reactome.org/biopax/96/48895#Catalysis4329
4749,5390|8532|13927,8041|9055|14446,3,3,http://www.reactome.org/biopax/96/48895#BiochemicalReaction5042,1,http://www.reactome.org/biopax/96/48895#Catalysis2147
4750,11081|16370,273,2,1,http://www.reactome.org/biopax/96/48895#BiochemicalReaction8545,1,http://www.reactome.org/biopax/96/48895#Catalysis4543
4751,3596|13904,13688|13689,2,2,http://www.reactome.org/biopax/96/48895#BiochemicalReaction3452,1,http://www.reactome.org/biopax/96/48895#Catalysis1584
4752,2519|4776|16462,2520|16466,3,2,http://www.reactome.org/biopax/96/48895#BiochemicalReaction2521,1,http://www.reactome.org/biopax/96/48895#Catalysis1173
4753,10783|14104|15178,14324|15197|16551,3,3,http://www.reactome.org/biopax/96/48895#BiochemicalReaction7594,1,http://www.reactome.org/biopax/96/48895#Catalysis3648
4754,5970|13927|16299,13979|14446,3,2,http://www.reactome.org/biopax/96/48895#BiochemicalReaction5575,1,http://www.reactome.org/biopax/96/48895#Catalysis2296
4755,1295|12043,12044|12045,2,2,http://www.reactome.org/biopax/96/48895#BiochemicalReaction1289,1,http://www.reactome.org/biopax/96/48895#Catalysis550
4756,11786|11788|13927,11787|14446,3,2,http://www.reactome.org/biopax/96/48895#BiochemicalReaction983,1,http://www.reactome.org/biopax/96/48895#Catalysis429
4757,11653|14499|15142,14492|14510,3,2,http://www.reactome.org/biopax/96/48895#BiochemicalReaction780,1,http://www.reactome.org/biopax/96/48895#Catalysis295
4758,12651|14357,14094,2,1,http://www.reactome.org/biopax/96/48895#BiochemicalReaction2009,1,http://www.reactome.org/biopax/96/48895#Catalysis941
4759,7315|14255|14803,15433,3,1,http://www.reactome.org/biopax/96/48895#BiochemicalReaction7831,1,http://www.reactome.org/biopax/96/48895#Catalysis3871
4760,3204|14147,13928,2,1,http://www.reactome.org/biopax/96/48895#BiochemicalReaction3115,1,http://www.reactome.org/biopax/96/48895#Catalysis1479
4761,11996|11998|13927,11999|14446,3,2,http://www.reactome.org/biopax/96/48895#BiochemicalReaction1239,1,http://www.reactome.org/biopax/96/48895#Catalysis539
4762,6097|15939,6098|14254,2,2,http://www.reactome.org/biopax/96/48895#BiochemicalReaction5691,1,http://www.reactome.org/biopax/96/48895#Catalysis2334
4764,753|757|11670|11671|13927|16574,753|11670|11671|14446,6,4,http://www.reactome.org/biopax/96/48895#BiochemicalReaction797,-1,http://www.reactome.org/biopax/96/48895#Control62
4765,9927|14120|14580,14254|14581,3,2,http://www.reactome.org/biopax/96/48895#BiochemicalReaction6502,1,http://www.reactome.org/biopax/96/48895#Catalysis2704
4766,5375|10272,5376,2,1,http://www.reactome.org/biopax/96/48895#BiochemicalReaction5027,1,http://www.reactome.org/biopax/96/48895#Catalysis2137
4767,425|1020,427,2,1,http://www.reactome.org/biopax/96/48895#BiochemicalReaction8789,1,http://www.reactome.org/biopax/96/48895#Control852
4768,9059|14407,14408,2,1,http://www.reactome.org/biopax/96/48895#BiochemicalReaction5860,1,http://www.reactome.org/biopax/96/48895#Catalysis2403
4770,1673|5618|9102,5617,3,1,http://www.reactome.org/biopax/96/48895#BiochemicalReaction5246,-1,http://www.reactome.org/biopax/96/48895#Control477
4771,3584|4092|13622,4107,3,1,http://www.reactome.org/biopax/96/48895#BiochemicalReaction3891,-1,http://www.reactome.org/biopax/96/48895#Control372
4772,6869|10487|14104,10489|14324|16551,3,3,http://www.reactome.org/biopax/96/48895#BiochemicalReaction7040,1,http://www.reactome.org/biopax/96/48895#Catalysis3118
4773,7339|14999|15310,14990|15001|15312,3,3,http://www.reactome.org/biopax/96/48895#BiochemicalReaction7707,1,http://www.reactome.org/biopax/96/48895#Catalysis3755
4774,7286|13927|16469,14446|16470,3,2,http://www.reactome.org/biopax/96/48895#BiochemicalReaction7162,1,http://www.reactome.org/biopax/96/48895#Catalysis3230
4775,11050|14990|15952|16388,14991|15957,4,2,http://www.reactome.org/biopax/96/48895#BiochemicalReaction8459,1,http://www.reactome.org/biopax/96/48895#Catalysis4460
4776,5461|5499,5508|11363,2,2,http://www.reactome.org/biopax/96/48895#BiochemicalReaction495,1,http://www.reactome.org/biopax/96/48895#Catalysis194
4777,2509|13038|16462,2510|16466,3,2,http://www.reactome.org/biopax/96/48895#BiochemicalReaction2514,1,http://www.reactome.org/biopax/96/48895#Catalysis1170
4778,14041|14254|15939|15981,14254|14793|15562|16574,4,4,http://www.reactome.org/biopax/96/48895#BiochemicalReaction8033,-1,http://www.reactome.org/biopax/96/48895#Control780
4779,6120|9471|13927,9470|14446,3,2,http://www.reactome.org/biopax/96/48895#BiochemicalReaction5715,1,http://www.reactome.org/biopax/96/48895#Catalysis2352
4780,708|14241|14255|16482,14263|14499|16580,4,3,http://www.reactome.org/biopax/96/48895#BiochemicalReaction779,1,http://www.reactome.org/biopax/96/48895#Catalysis294
4781,3793|13846|13847,3792,3,1,http://www.reactome.org/biopax/96/48895#BiochemicalReaction3630,-1,http://www.reactome.org/biopax/96/48895#Control337
4782,4550|8516,8348|8792,2,2,http://www.reactome.org/biopax/96/48895#BiochemicalReaction4301,1,http://www.reactome.org/biopax/96/48895#Catalysis1898
4783,1673|6477|14020,6488|14028,3,2,http://www.reactome.org/biopax/96/48895#BiochemicalReaction548,1,http://www.reactome.org/biopax/96/48895#Control41
4784,10991|13927|15749,14446|14793|15750,3,3,http://www.reactome.org/biopax/96/48895#BiochemicalReaction8219,1,http://www.reactome.org/biopax/96/48895#Catalysis4226
4786,7670|14793|15569,14106|16424,3,2,http://www.reactome.org/biopax/96/48895#BiochemicalReaction8041,1,http://www.reactome.org/biopax/96/48895#Catalysis4049
4787,13636|13790,13655|13791,2,2,http://www.reactome.org/biopax/96/48895#BiochemicalReaction3533,1,http://www.reactome.org/biopax/96/48895#Catalysis1629
4788,5223|13927,5226|14446,2,2,http://www.reactome.org/biopax/96/48895#BiochemicalReaction4902,1,http://www.reactome.org/biopax/96/48895#Catalysis2083
4789,489|2725,422|2725|9745|9795|11222|11224|11226|11227,2,8,http://www.reactome.org/biopax/96/48895#BiochemicalReaction8848,1,http://www.reactome.org/biopax/96/48895#Control860
4790,11085|14255|14793|16246|16563,16247|16482|16552,5,3,http://www.reactome.org/biopax/96/48895#BiochemicalReaction8679,1,http://www.reactome.org/biopax/96/48895#Catalysis4673
4791,4293|8631|13927,4294|14446,3,2,http://www.reactome.org/biopax/96/48895#BiochemicalReaction4040,1,http://www.reactome.org/biopax/96/48895#Catalysis1791
4792,11127|13927|14087,14019|14446|16574,3,3,http://www.reactome.org/biopax/96/48895#BiochemicalReaction8733,1,http://www.reactome.org/biopax/96/48895#Catalysis4710
4793,2345,2349|13509,1,2,http://www.reactome.org/biopax/96/48895#BiochemicalReaction204,1,http://www.reactome.org/biopax/96/48895#Catalysis53
4794,7389|14526|15066,14099|14294,3,2,http://www.reactome.org/biopax/96/48895#BiochemicalReaction7425,1,http://www.reactome.org/biopax/96/48895#Catalysis3482
4795,6164|11849|13927,6165|14446,3,2,http://www.reactome.org/biopax/96/48895#BiochemicalReaction5756,1,http://www.reactome.org/biopax/96/48895#Catalysis2366
4796,7346|14947|16343,14948,3,1,http://www.reactome.org/biopax/96/48895#BiochemicalReaction7333,1,http://www.reactome.org/biopax/96/48895#Catalysis3392
4797,10611|13927|14362|15300,14308|15079|15301,4,3,http://www.reactome.org/biopax/96/48895#BiochemicalReaction7697,1,http://www.reactome.org/biopax/96/48895#Catalysis3745
4798,591|3199|3259|3270|7796|11361|11528|11529|11530|11531|11533|11534,592|11532,12,2,http://www.reactome.org/biopax/96/48895#BiochemicalReaction667,1,http://www.reactome.org/biopax/96/48895#Control49
4799,5499|9708,10064|11363,2,2,http://www.reactome.org/biopax/96/48895#BiochemicalReaction6593,1,http://www.reactome.org/biopax/96/48895#Catalysis2787
4800,203|15912|16482,13967|14793|15915,3,3,http://www.reactome.org/biopax/96/48895#BiochemicalReaction8415,1,http://www.reactome.org/biopax/96/48895#Catalysis4416
4801,2434|12981|16482,2435|16574,3,2,http://www.reactome.org/biopax/96/48895#BiochemicalReaction2448,1,http://www.reactome.org/biopax/96/48895#Control248
4802,3532|12023|16462,13593|16466,3,2,http://www.reactome.org/biopax/96/48895#BiochemicalReaction3365,1,http://www.reactome.org/biopax/96/48895#Catalysis1548
4803,4434|4617|16462,4895|16466,3,2,http://www.reactome.org/biopax/96/48895#BiochemicalReaction441,1,http://www.reactome.org/biopax/96/48895#Catalysis170
4804,7280|16299|16482,14793|16308|16454,3,3,http://www.reactome.org/biopax/96/48895#BiochemicalReaction7133,1,http://www.reactome.org/biopax/96/48895#Catalysis3201
4805,8634|13927|16308,8635|14446,3,2,http://www.reactome.org/biopax/96/48895#BiochemicalReaction4054,1,http://www.reactome.org/biopax/96/48895#Control383
4806,7886|14255|14793|15448|16563,15482|16482|16552,5,3,http://www.reactome.org/biopax/96/48895#BiochemicalReaction7870,1,http://www.reactome.org/biopax/96/48895#Catalysis3910
4807,1728|14029|14309,14030|14211,3,2,http://www.reactome.org/biopax/96/48895#BiochemicalReaction1962,1,http://www.reactome.org/biopax/96/48895#Catalysis900
4808,434|1020|9747,435|11189|11190,3,3,http://www.reactome.org/biopax/96/48895#BiochemicalReaction8796,1,http://www.reactome.org/biopax/96/48895#Control859
4809,7208|14649,13949|16482,2,2,http://www.reactome.org/biopax/96/48895#BiochemicalReaction6989,1,http://www.reactome.org/biopax/96/48895#Catalysis3068
4810,8029|16368|16563,16370|16552,3,2,http://www.reactome.org/biopax/96/48895#BiochemicalReaction1163,1,http://www.reactome.org/biopax/96/48895#Catalysis500
4811,1707|6313|9573,6314,3,1,http://www.reactome.org/biopax/96/48895#BiochemicalReaction5899,1,http://www.reactome.org/biopax/96/48895#Control545
4812,1777|16351|16487,14323|16488|16489,3,3,http://www.reactome.org/biopax/96/48895#BiochemicalReaction1780,1,http://www.reactome.org/biopax/96/48895#Catalysis741
4813,5964|13998,5974|14008,2,2,http://www.reactome.org/biopax/96/48895#BiochemicalReaction515,1,http://www.reactome.org/biopax/96/48895#Catalysis201
4814,2597|16462,2598|16466,2,2,http://www.reactome.org/biopax/96/48895#BiochemicalReaction2590,1,http://www.reactome.org/biopax/96/48895#Catalysis1203
4815,11098|16183|16482,13937|16184,3,2,http://www.reactome.org/biopax/96/48895#BiochemicalReaction8632,1,http://www.reactome.org/biopax/96/48895#Catalysis4626
4816,7748|9578|13927,9584|14446,3,2,http://www.reactome.org/biopax/96/48895#BiochemicalReaction5924,1,http://www.reactome.org/biopax/96/48895#Catalysis2424
4817,10459|10460|14658,7218,3,1,http://www.reactome.org/biopax/96/48895#BiochemicalReaction6970,-1,http://www.reactome.org/biopax/96/48895#Control656
4818,3189|10352|16351,10353,3,1,http://www.reactome.org/biopax/96/48895#BiochemicalReaction6868,1,http://www.reactome.org/biopax/96/48895#Catalysis2985
4819,718|11644|14366|14376,719|14793,4,2,http://www.reactome.org/biopax/96/48895#BiochemicalReaction759,1,http://www.reactome.org/biopax/96/48895#Catalysis276
4820,5010|5013,5014,2,1,http://www.reactome.org/biopax/96/48895#BiochemicalReaction4707,1,http://www.reactome.org/biopax/96/48895#Control427
4821,9898|14536|14793|16563,14537|16552,4,2,http://www.reactome.org/biopax/96/48895#BiochemicalReaction6464,1,http://www.reactome.org/biopax/96/48895#Catalysis2666
4822,3140,3029|3037|3142|13318|13319,1,5,http://www.reactome.org/biopax/96/48895#BiochemicalReaction3060,1,http://www.reactome.org/biopax/96/48895#Catalysis1457
4823,9945|10019|14110,10021|14109|16551,3,3,http://www.reactome.org/biopax/96/48895#BiochemicalReaction6567,1,http://www.reactome.org/biopax/96/48895#Catalysis2761
4825,3703|14019,14087,2,1,http://www.reactome.org/biopax/96/48895#BiochemicalReaction3547,1,http://www.reactome.org/biopax/96/48895#Catalysis1631
4826,8069|11410|13998,8070|14008,3,2,http://www.reactome.org/biopax/96/48895#BiochemicalReaction1449,1,http://www.reactome.org/biopax/96/48895#Catalysis632
4827,2801|4210|16462|16504,2802|16466|16514,4,3,http://www.reactome.org/biopax/96/48895#BiochemicalReaction2789,1,http://www.reactome.org/biopax/96/48895#Catalysis1316
4828,10794|14201|16482,14348|16515,3,2,http://www.reactome.org/biopax/96/48895#BiochemicalReaction7621,1,http://www.reactome.org/biopax/96/48895#Catalysis3673
4829,1662|1665,1666,2,1,http://www.reactome.org/biopax/96/48895#BiochemicalReaction1675,1,http://www.reactome.org/biopax/96/48895#Catalysis712
4830,11448|11504|13927,11510|14446,3,2,http://www.reactome.org/biopax/96/48895#BiochemicalReaction70,1,http://www.reactome.org/biopax/96/48895#Catalysis29
4831,898|15668|16482,14793|15079|15634,3,3,http://www.reactome.org/biopax/96/48895#BiochemicalReaction8123,1,http://www.reactome.org/biopax/96/48895#Catalysis4131
4834,10875|13927|14362|16535,14308|14978|15079,4,3,http://www.reactome.org/biopax/96/48895#BiochemicalReaction7904,1,http://www.reactome.org/biopax/96/48895#Catalysis3943
4835,1020|16472,14763,2,1,http://www.reactome.org/biopax/96/48895#BiochemicalReaction7145,1,http://www.reactome.org/biopax/96/48895#Catalysis3213
4836,560|11328|16482,9312|16574,3,2,http://www.reactome.org/biopax/96/48895#BiochemicalReaction8916,-1,http://www.reactome.org/biopax/96/48895#Control914
4837,10357|14391,9342,2,1,http://www.reactome.org/biopax/96/48895#BiochemicalReaction6876,1,http://www.reactome.org/biopax/96/48895#Control632
4838,11730|13927|15169|16482,14446|15176|16574,4,3,http://www.reactome.org/biopax/96/48895#BiochemicalReaction893,1,http://www.reactome.org/biopax/96/48895#Catalysis356
4839,1984|12741,12737|12738|14187,2,3,http://www.reactome.org/biopax/96/48895#BiochemicalReaction2166,1,http://www.reactome.org/biopax/96/48895#Catalysis1050
4840,7283|13927|16454,14446|14793|16472,3,3,http://www.reactome.org/biopax/96/48895#BiochemicalReaction7135,1,http://www.reactome.org/biopax/96/48895#Catalysis3203
4842,1406,1407,1,1,http://www.reactome.org/biopax/96/48895#BiochemicalReaction1432,1,http://www.reactome.org/biopax/96/48895#Catalysis620
4843,7354|14646|14964|15551,14965|16345|16475|16588,4,4,http://www.reactome.org/biopax/96/48895#BiochemicalReaction7344,1,http://www.reactome.org/biopax/96/48895#Catalysis3403
4844,9539|14413|14488,9540|15274,3,2,http://www.reactome.org/biopax/96/48895#BiochemicalReaction5836,1,http://www.reactome.org/biopax/96/48895#Control532
4845,3374|3458|15939,1331|14254,3,2,http://www.reactome.org/biopax/96/48895#BiochemicalReaction3291,1,http://www.reactome.org/biopax/96/48895#Catalysis1536
4846,151|13970|15838,14038|14417,3,2,http://www.reactome.org/biopax/96/48895#BiochemicalReaction8323,1,http://www.reactome.org/biopax/96/48895#Catalysis4324
4847,12609|13986|13987,13988|14793,3,2,http://www.reactome.org/biopax/96/48895#BiochemicalReaction1936,1,http://www.reactome.org/biopax/96/48895#Catalysis874
4848,10598|13927|16470,14446|14774,3,2,http://www.reactome.org/biopax/96/48895#BiochemicalReaction7164,1,http://www.reactome.org/biopax/96/48895#Catalysis3232
4849,3049,1045|2871|2999|8192,1,4,http://www.reactome.org/biopax/96/48895#BiochemicalReaction2995,1,http://www.reactome.org/biopax/96/48895#Catalysis1426
4850,12171|12174|16328|16329,12173|16331|16332|16420,4,4,http://www.reactome.org/biopax/96/48895#BiochemicalReaction1402,1,http://www.reactome.org/biopax/96/48895#Catalysis592
4852,12582|16597,16598,2,1,http://www.reactome.org/biopax/96/48895#BiochemicalReaction1898,1,http://www.reactome.org/biopax/96/48895#Catalysis836
4853,7477|13927|15238,14446|14793|15240,3,3,http://www.reactome.org/biopax/96/48895#BiochemicalReaction7642,1,http://www.reactome.org/biopax/96/48895#Catalysis3693
4854,186|13981|16351|16371,15893|16288|16460,4,3,http://www.reactome.org/biopax/96/48895#BiochemicalReaction8387,1,http://www.reactome.org/biopax/96/48895#Catalysis4388
4855,4530|8782|13927,8783|14446,3,2,http://www.reactome.org/biopax/96/48895#BiochemicalReaction4279,1,http://www.reactome.org/biopax/96/48895#Control400
4856,10778|14119|15182,14199|14324|16551,3,3,http://www.reactome.org/biopax/96/48895#BiochemicalReaction7586,1,http://www.reactome.org/biopax/96/48895#Catalysis3640
4857,5064|8985|8986|16467,5062,4,1,http://www.reactome.org/biopax/96/48895#BiochemicalReaction4753,1,http://www.reactome.org/biopax/96/48895#Control429
4858,5030|5033|16482,5034|13808|16574,3,3,http://www.reactome.org/biopax/96/48895#BiochemicalReaction4730,1,http://www.reactome.org/biopax/96/48895#Catalysis2009
4859,7434|10769|14255|14793|15161,7435|15162|16482,5,3,http://www.reactome.org/biopax/96/48895#BiochemicalReaction7573,1,http://www.reactome.org/biopax/96/48895#Catalysis3628
4860,4469|9992|11233,11236,3,1,http://www.reactome.org/biopax/96/48895#BiochemicalReaction463,1,http://www.reactome.org/biopax/96/48895#Catalysis181
4861,3041,3008|3032|3037|4680|4702|4706|4733|4754|4776|4786|8148|8191|10416|10805|10835|10856|10911|11779|12804,1,19,http://www.reactome.org/biopax/96/48895#BiochemicalReaction2987,1,http://www.reactome.org/biopax/96/48895#Catalysis1421
4862,10858|14255|14257|14793|16563,15403|16482|16552,5,3,http://www.reactome.org/biopax/96/48895#BiochemicalReaction7798,1,http://www.reactome.org/biopax/96/48895#Catalysis3840
4863,6354,1706|7753,1,2,http://www.reactome.org/biopax/96/48895#BiochemicalReaction5939,1,http://www.reactome.org/biopax/96/48895#Catalysis2433
4864,10994|14252|14793|15069,15079|15746,4,2,http://www.reactome.org/biopax/96/48895#BiochemicalReaction8229,1,http://www.reactome.org/biopax/96/48895#Catalysis4236
4865,7664|15029|15981|16482,14793|15050|15560,4,3,http://www.reactome.org/biopax/96/48895#BiochemicalReaction8030,-1,http://www.reactome.org/biopax/96/48895#Control778
4866,10416|10422|16462,10423|16466,3,2,http://www.reactome.org/biopax/96/48895#BiochemicalReaction377,1,http://www.reactome.org/biopax/96/48895#Catalysis135
4867,12585|16372,16370,2,1,http://www.reactome.org/biopax/96/48895#BiochemicalReaction8544,1,http://www.reactome.org/biopax/96/48895#Catalysis4542
4868,9900|14541|16482,14517|14793|16574,3,3,http://www.reactome.org/biopax/96/48895#BiochemicalReaction6467,1,http://www.reactome.org/biopax/96/48895#Catalysis2669
4869,5343|5345|13927,5346|14446,3,2,http://www.reactome.org/biopax/96/48895#BiochemicalReaction5004,1,http://www.reactome.org/biopax/96/48895#Catalysis2124
4870,3721|3795,3796|15079,2,2,http://www.reactome.org/biopax/96/48895#BiochemicalReaction3634,1,http://www.reactome.org/biopax/96/48895#Catalysis1672
4871,873|14255|15639|16482,13931|16580,4,2,http://www.reactome.org/biopax/96/48895#BiochemicalReaction8102,1,http://www.reactome.org/biopax/96/48895#Catalysis4110
4872,10812|14793|15270|16563,15271|16552,4,2,http://www.reactome.org/biopax/96/48895#BiochemicalReaction7669,1,http://www.reactome.org/biopax/96/48895#Catalysis3719
4873,720,705|707|11623|11628|11629|11630|11645|14391,1,8,http://www.reactome.org/biopax/96/48895#BiochemicalReaction761,1,http://www.reactome.org/biopax/96/48895#Catalysis278
4874,8390|13927,8391|14446,2,2,http://www.reactome.org/biopax/96/48895#BiochemicalReaction5090,1,http://www.reactome.org/biopax/96/48895#Catalysis2167
4875,7251|14430|14714,14715|14716,3,2,http://www.reactome.org/biopax/96/48895#BiochemicalReaction7102,1,http://www.reactome.org/biopax/96/48895#Catalysis3170
4876,7207|14646|15551|16418,14647|16345|16475|16588,4,4,http://www.reactome.org/biopax/96/48895#BiochemicalReaction6956,1,http://www.reactome.org/biopax/96/48895#Catalysis3037
4877,2442|16482,2443|16574,2,2,http://www.reactome.org/biopax/96/48895#BiochemicalReaction2452,1,http://www.reactome.org/biopax/96/48895#Catalysis1146
4878,494|497,498,2,1,http://www.reactome.org/biopax/96/48895#BiochemicalReaction8851,1,http://www.reactome.org/biopax/96/48895#Control877
4879,4155|16462,2583|16466,2,2,http://www.reactome.org/biopax/96/48895#BiochemicalReaction2580,1,http://www.reactome.org/biopax/96/48895#Catalysis1198
4880,10827|15291|16391|16583|16588,15292|16343|16392,5,3,http://www.reactome.org/biopax/96/48895#BiochemicalReaction7691,1,http://www.reactome.org/biopax/96/48895#Catalysis3739
4881,10881|14406|16482,15515|16431,3,2,http://www.reactome.org/biopax/96/48895#BiochemicalReaction7925,1,http://www.reactome.org/biopax/96/48895#Catalysis3957
4882,639|642|11568|11569|11573|11574,643,6,1,http://www.reactome.org/biopax/96/48895#BiochemicalReaction703,1,http://www.reactome.org/biopax/96/48895#Control54
4883,10625|14819,14820|16482,2,2,http://www.reactome.org/biopax/96/48895#BiochemicalReaction7214,1,http://www.reactome.org/biopax/96/48895#Catalysis3280
4884,20|14082|14793|16482,14734|15639,4,2,http://www.reactome.org/biopax/96/48895#BiochemicalReaction8099,1,http://www.reactome.org/biopax/96/48895#Catalysis4107
4885,11752|15594|16239,15568|16240,3,2,http://www.reactome.org/biopax/96/48895#BiochemicalReaction8674,1,http://www.reactome.org/biopax/96/48895#Catalysis4668
4886,2546|13858|13927,13859|14446,3,2,http://www.reactome.org/biopax/96/48895#BiochemicalReaction3645,1,http://www.reactome.org/biopax/96/48895#Catalysis1680
4887,7534|10871,1231|7535,2,2,http://www.reactome.org/biopax/96/48895#BiochemicalReaction7896,1,http://www.reactome.org/biopax/96/48895#Catalysis3936
4888,3809|5621,3807|10745,2,2,http://www.reactome.org/biopax/96/48895#BiochemicalReaction3649,1,http://www.reactome.org/biopax/96/48895#Catalysis1682
4890,7325|15446|16482,15447,3,1,http://www.reactome.org/biopax/96/48895#BiochemicalReaction7842,1,http://www.reactome.org/biopax/96/48895#Catalysis3882
4891,11732|13927|15581,14446|15583,3,2,http://www.reactome.org/biopax/96/48895#BiochemicalReaction8050,1,http://www.reactome.org/biopax/96/48895#Catalysis4058
4892,6811|9821|14506|15607|16040,6812|14507|15321,5,3,http://www.reactome.org/biopax/96/48895#BiochemicalReaction6406,1,http://www.reactome.org/biopax/96/48895#Catalysis2617
4893,5499|10168,10169|11363,2,2,http://www.reactome.org/biopax/96/48895#BiochemicalReaction6682,1,http://www.reactome.org/biopax/96/48895#Catalysis2875
4894,7846|14255|14463|14793|16563,14882|16482|16552,5,3,http://www.reactome.org/biopax/96/48895#BiochemicalReaction7274,1,http://www.reactome.org/biopax/96/48895#Catalysis3333
4895,5499|11360,10066|11363,2,2,http://www.reactome.org/biopax/96/48895#BiochemicalReaction6595,1,http://www.reactome.org/biopax/96/48895#Catalysis2789
4896,80|10986|13927|14066,81|14308|15079,4,3,http://www.reactome.org/biopax/96/48895#BiochemicalReaction8206,1,http://www.reactome.org/biopax/96/48895#Catalysis4214
4897,7896|13927|15572,14446|15574,3,2,http://www.reactome.org/biopax/96/48895#BiochemicalReaction8046,1,http://www.reactome.org/biopax/96/48895#Catalysis4054
4898,12497|16351|16360,14323|16480|16486,3,3,http://www.reactome.org/biopax/96/48895#BiochemicalReaction1781,1,http://www.reactome.org/biopax/96/48895#Catalysis742
4899,1862|14107|15712,14116|15476,3,2,http://www.reactome.org/biopax/96/48895#BiochemicalReaction2017,1,http://www.reactome.org/biopax/96/48895#Catalysis949
4900,7345|14930|16393|16588,14926|14931,4,2,http://www.reactome.org/biopax/96/48895#BiochemicalReaction7315,1,http://www.reactome.org/biopax/96/48895#Catalysis3374
4901,11751|15551|15568|16236,15575|15579|16237,4,3,http://www.reactome.org/biopax/96/48895#BiochemicalReaction8672,1,http://www.reactome.org/biopax/96/48895#Catalysis4666
4902,7663|15549|15558,15552|15559,3,2,http://www.reactome.org/biopax/96/48895#BiochemicalReaction8028,1,http://www.reactome.org/biopax/96/48895#Catalysis4038
4903,8491|8492|8493,3975,3,1,http://www.reactome.org/biopax/96/48895#BiochemicalReaction3784,-1,http://www.reactome.org/biopax/96/48895#Control346
4904,12360|13927|14446|16482,14793|16452|16574,4,3,http://www.reactome.org/biopax/96/48895#BiochemicalReaction1607,1,http://www.reactome.org/biopax/96/48895#Catalysis690
4905,4634|5621,1242|10745,2,2,http://www.reactome.org/biopax/96/48895#BiochemicalReaction4385,1,http://www.reactome.org/biopax/96/48895#Catalysis1928
4906,4356|8653|13927,4358|14446,3,2,http://www.reactome.org/biopax/96/48895#BiochemicalReaction4106,1,http://www.reactome.org/biopax/96/48895#Catalysis1823
4907,2252|13927|14227,1107|2249|2253|14446,3,4,http://www.reactome.org/biopax/96/48895#BiochemicalReaction2352,1,http://www.reactome.org/biopax/96/48895#Control241
4908,1129|10745|14574,1131,3,1,http://www.reactome.org/biopax/96/48895#BiochemicalReaction1130,-1,http://www.reactome.org/biopax/96/48895#Control94
4909,7279|16299|16482,14793|16308|16454,3,3,http://www.reactome.org/biopax/96/48895#BiochemicalReaction7132,1,http://www.reactome.org/biopax/96/48895#Catalysis3200
4910,10827|15293|16391|16583|16588,15296|16343|16392,5,3,http://www.reactome.org/biopax/96/48895#BiochemicalReaction7694,1,http://www.reactome.org/biopax/96/48895#Catalysis3742
4911,3374|4333|15939,1331|14254,3,2,http://www.reactome.org/biopax/96/48895#BiochemicalReaction4081,1,http://www.reactome.org/biopax/96/48895#Catalysis1809
4912,2716|5621,2714|10745,2,2,http://www.reactome.org/biopax/96/48895#BiochemicalReaction2709,1,http://www.reactome.org/biopax/96/48895#Catalysis1277
4914,15715|16411,15716,2,1,http://www.reactome.org/biopax/96/48895#BiochemicalReaction8159,-1,http://www.reactome.org/biopax/96/48895#Control800
4915,285|14419|15065|16343,14420|15422|16588,4,3,http://www.reactome.org/biopax/96/48895#BiochemicalReaction8600,1,http://www.reactome.org/biopax/96/48895#Catalysis4596
4916,2845,2846|14268,1,2,http://www.reactome.org/biopax/96/48895#BiochemicalReaction2827,1,http://www.reactome.org/biopax/96/48895#Catalysis1339
4917,7133|10347|16351,9127,3,1,http://www.reactome.org/biopax/96/48895#BiochemicalReaction6862,1,http://www.reactome.org/biopax/96/48895#Catalysis2979
4918,6339|13927,6340|14446,2,2,http://www.reactome.org/biopax/96/48895#BiochemicalReaction5918,1,http://www.reactome.org/biopax/96/48895#Catalysis2421
4919,5328|9046|13927,5330|14446,3,2,http://www.reactome.org/biopax/96/48895#BiochemicalReaction4990,1,http://www.reactome.org/biopax/96/48895#Catalysis2118
4920,5621|6168,9492,2,1,http://www.reactome.org/biopax/96/48895#BiochemicalReaction5761,1,http://www.reactome.org/biopax/96/48895#Catalysis2370
4921,5460|13927,8394|13063|14446,2,3,http://www.reactome.org/biopax/96/48895#BiochemicalReaction5108,1,http://www.reactome.org/biopax/96/48895#Catalysis2175
4922,12142|12188|13998,12156|14008,3,2,http://www.reactome.org/biopax/96/48895#BiochemicalReaction1420,1,http://www.reactome.org/biopax/96/48895#Catalysis610
4923,12599|13951|14297,13953|14237,3,2,http://www.reactome.org/biopax/96/48895#BiochemicalReaction1925,1,http://www.reactome.org/biopax/96/48895#Catalysis863
4924,11312|14471|14793|16563,16274|16552,4,2,http://www.reactome.org/biopax/96/48895#BiochemicalReaction8895,1,http://www.reactome.org/biopax/96/48895#Catalysis4770
4925,10968|13927|14793|16411,15079|16575,4,2,http://www.reactome.org/biopax/96/48895#BiochemicalReaction8161,1,http://www.reactome.org/biopax/96/48895#Catalysis4169
4926,3316|3434|15939,3313|14254,3,2,http://www.reactome.org/biopax/96/48895#BiochemicalReaction3269,1,http://www.reactome.org/biopax/96/48895#Catalysis1525
4927,4373|8660|13927,8661|14446,3,2,http://www.reactome.org/biopax/96/48895#BiochemicalReaction4124,1,http://www.reactome.org/biopax/96/48895#Catalysis1831
4928,7198|13927|14087,7199|14446|14793,3,3,http://www.reactome.org/biopax/96/48895#BiochemicalReaction6948,1,http://www.reactome.org/biopax/96/48895#Control646
4929,60,61|2027,1,2,http://www.reactome.org/biopax/96/48895#BiochemicalReaction8185,1,http://www.reactome.org/biopax/96/48895#Catalysis4193
4930,8658|16299|16482,16454|16457,3,2,http://www.reactome.org/biopax/96/48895#BiochemicalReaction4121,1,http://www.reactome.org/biopax/96/48895#Catalysis1830
4931,2511|13096|16462,13097|16466,3,2,http://www.reactome.org/biopax/96/48895#BiochemicalReaction2603,1,http://www.reactome.org/biopax/96/48895#Catalysis1213
4932,3522|10183|13927,10189|14446,3,2,http://www.reactome.org/biopax/96/48895#BiochemicalReaction355,1,http://www.reactome.org/biopax/96/48895#Catalysis120
4933,10317|14417|16475|16588,10893|14317,4,2,http://www.reactome.org/biopax/96/48895#BiochemicalReaction7964,-1,http://www.reactome.org/biopax/96/48895#Control749
4934,480|482|16482,481|16264,3,2,http://www.reactome.org/biopax/96/48895#BiochemicalReaction8843,1,http://www.reactome.org/biopax/96/48895#Catalysis4746
4935,2511|11903|16462,13093|14446,3,2,http://www.reactome.org/biopax/96/48895#BiochemicalReaction2601,1,http://www.reactome.org/biopax/96/48895#Catalysis1211
4936,11034|15882|16404,16344|16474|16588,3,3,http://www.reactome.org/biopax/96/48895#BiochemicalReaction8373,1,http://www.reactome.org/biopax/96/48895#Catalysis4374
4937,2937|14279,2917|2938|13242|14078,2,4,http://www.reactome.org/biopax/96/48895#BiochemicalReaction2898,1,http://www.reactome.org/biopax/96/48895#Catalysis1380
4939,1847|16494,16515,2,1,http://www.reactome.org/biopax/96/48895#BiochemicalReaction1971,1,http://www.reactome.org/biopax/96/48895#Catalysis909
4940,46|14635|15707,14855|16327,3,2,http://www.reactome.org/biopax/96/48895#BiochemicalReaction8154,1,http://www.reactome.org/biopax/96/48895#Catalysis4162
4941,5609|13927,5610|14446,2,2,http://www.reactome.org/biopax/96/48895#BiochemicalReaction5241,1,http://www.reactome.org/biopax/96/48895#Catalysis2229
4942,11337|14042|16504,14046|16514,3,2,http://www.reactome.org/biopax/96/48895#BiochemicalReaction477,1,http://www.reactome.org/biopax/96/48895#Catalysis190
4943,11732|13927|15194,14446|15201,3,2,http://www.reactome.org/biopax/96/48895#BiochemicalReaction897,1,http://www.reactome.org/biopax/96/48895#Catalysis360
4944,2029|12751|12762,12763,3,1,http://www.reactome.org/biopax/96/48895#BiochemicalReaction2211,1,http://www.reactome.org/biopax/96/48895#Catalysis1059
4945,5019|13927,5020|14446,2,2,http://www.reactome.org/biopax/96/48895#BiochemicalReaction4717,1,http://www.reactome.org/biopax/96/48895#Catalysis2002
4946,6847|14552|14793|15939,14120|15079,4,2,http://www.reactome.org/biopax/96/48895#BiochemicalReaction6477,1,http://www.reactome.org/biopax/96/48895#Catalysis2679
4947,197|13972,14734|15294,2,2,http://www.reactome.org/biopax/96/48895#BiochemicalReaction8402,1,http://www.reactome.org/biopax/96/48895#Catalysis4403
4948,5547|11366|11367,5530,3,1,http://www.reactome.org/biopax/96/48895#BiochemicalReaction501,-1,http://www.reactome.org/biopax/96/48895#Control33
4949,739|14019,14087,2,1,http://www.reactome.org/biopax/96/48895#BiochemicalReaction790,1,http://www.reactome.org/biopax/96/48895#Catalysis302
4950,5154|13927,5155|14446,2,2,http://www.reactome.org/biopax/96/48895#BiochemicalReaction4836,1,http://www.reactome.org/biopax/96/48895#Catalysis2055
4951,240|14255|15972|16324,16325|16424|16596,4,3,http://www.reactome.org/biopax/96/48895#BiochemicalReaction8478,1,http://www.reactome.org/biopax/96/48895#Catalysis4478
4952,10523|10527|13927,10525|14446,3,2,http://www.reactome.org/biopax/96/48895#BiochemicalReaction395,1,http://www.reactome.org/biopax/96/48895#Catalysis139
4953,2062|4617|16462,2080|12791|16466,3,3,http://www.reactome.org/biopax/96/48895#BiochemicalReaction2253,1,http://www.reactome.org/biopax/96/48895#Catalysis1071
4954,12523|13927|16482|16518,14446|16519|16574,4,3,http://www.reactome.org/biopax/96/48895#BiochemicalReaction1818,1,http://www.reactome.org/biopax/96/48895#Catalysis762
4955,1020|5499|11317,10088|11363,3,2,http://www.reactome.org/biopax/96/48895#BiochemicalReaction6613,1,http://www.reactome.org/biopax/96/48895#Catalysis2807
4956,7169|15551|16343,7167|16345|16475,3,3,http://www.reactome.org/biopax/96/48895#BiochemicalReaction6924,1,http://www.reactome.org/biopax/96/48895#Catalysis3011
4957,7897|15621|16574,14085|15616,3,2,http://www.reactome.org/biopax/96/48895#BiochemicalReaction8129,1,http://www.reactome.org/biopax/96/48895#Catalysis4137
4959,5580|9096|16482,5581|16574,3,2,http://www.reactome.org/biopax/96/48895#BiochemicalReaction5213,1,http://www.reactome.org/biopax/96/48895#Catalysis2217
4960,8249|13589,13590|13591,2,2,http://www.reactome.org/biopax/96/48895#BiochemicalReaction216,1,http://www.reactome.org/biopax/96/48895#Catalysis65
4961,7383|15058|16482,15061|16449,3,2,http://www.reactome.org/biopax/96/48895#BiochemicalReaction7419,1,http://www.reactome.org/biopax/96/48895#Catalysis3476
4962,5098|13927|16299,13979|14446,3,2,http://www.reactome.org/biopax/96/48895#BiochemicalReaction4783,1,http://www.reactome.org/biopax/96/48895#Catalysis2032
4963,814|842|16223,852|16284,3,2,http://www.reactome.org/biopax/96/48895#BiochemicalReaction103,1,http://www.reactome.org/biopax/96/48895#Catalysis35
4964,22|15658|16504,15659|16422|16514,3,3,http://www.reactome.org/biopax/96/48895#BiochemicalReaction8116,1,http://www.reactome.org/biopax/96/48895#Catalysis4124
4965,10855|15395|16552,14793|15396|16563,3,3,http://www.reactome.org/biopax/96/48895#BiochemicalReaction7794,1,http://www.reactome.org/biopax/96/48895#Catalysis3836
4966,11652|14297|14328|14343,14237|14241|16378,4,3,http://www.reactome.org/biopax/96/48895#BiochemicalReaction773,1,http://www.reactome.org/biopax/96/48895#Catalysis290
4967,1167|14255|16563,14793|16377|16552,3,3,http://www.reactome.org/biopax/96/48895#BiochemicalReaction1175,1,http://www.reactome.org/biopax/96/48895#Catalysis505
4968,1186|1200,1201|16574,2,2,http://www.reactome.org/biopax/96/48895#BiochemicalReaction1206,1,http://www.reactome.org/biopax/96/48895#Control104
4969,10631|14835|16482,14463|14836,3,2,http://www.reactome.org/biopax/96/48895#BiochemicalReaction7221,1,http://www.reactome.org/biopax/96/48895#Catalysis3287
4970,11431|11433,11432,2,1,http://www.reactome.org/biopax/96/48895#BiochemicalReaction532,-1,http://www.reactome.org/biopax/96/48895#Control37
4972,3596|6116,6119|9466,2,2,http://www.reactome.org/biopax/96/48895#BiochemicalReaction5704,1,http://www.reactome.org/biopax/96/48895#Catalysis2343
4973,7910|14873|15343|15607|16080,14874|15321|15469,5,3,http://www.reactome.org/biopax/96/48895#BiochemicalReaction8566,1,http://www.reactome.org/biopax/96/48895#Catalysis4563
4974,301|15733|16520,15740|16188,3,2,http://www.reactome.org/biopax/96/48895#BiochemicalReaction8635,1,http://www.reactome.org/biopax/96/48895#Catalysis4629
4975,5038|8980|10745,5039,3,1,http://www.reactome.org/biopax/96/48895#BiochemicalReaction4733,1,http://www.reactome.org/biopax/96/48895#Catalysis2011
4976,2889|14279,2890|14078,2,2,http://www.reactome.org/biopax/96/48895#BiochemicalReaction2867,1,http://www.reactome.org/biopax/96/48895#Catalysis1363
4977,4705|4711|13927,4710|14446,3,2,http://www.reactome.org/biopax/96/48895#BiochemicalReaction4450,1,http://www.reactome.org/biopax/96/48895#Catalysis1938
4978,10869|14635|15450,14855|15455|16482,3,3,http://www.reactome.org/biopax/96/48895#BiochemicalReaction7848,1,http://www.reactome.org/biopax/96/48895#Catalysis3888
4979,6586|9736|13927,2169|9737|14446,3,3,http://www.reactome.org/biopax/96/48895#BiochemicalReaction6212,1,http://www.reactome.org/biopax/96/48895#Catalysis2548
4980,8156|14226|16482,14227|14228,3,2,http://www.reactome.org/biopax/96/48895#BiochemicalReaction2348,1,http://www.reactome.org/biopax/96/48895#Catalysis1101
4981,7546|7551|13927,7552|7553,3,2,http://www.reactome.org/biopax/96/48895#BiochemicalReaction7912,1,http://www.reactome.org/biopax/96/48895#Control726
4982,1330|1334|10745,1333,3,1,http://www.reactome.org/biopax/96/48895#BiochemicalReaction1325,-1,http://www.reactome.org/biopax/96/48895#Control130
4983,9|15551|15612,15613|16475|16588,3,3,http://www.reactome.org/biopax/96/48895#BiochemicalReaction8075,1,http://www.reactome.org/biopax/96/48895#Catalysis4083
4984,7021,7022|14308,1,2,http://www.reactome.org/biopax/96/48895#BiochemicalReaction6757,1,http://www.reactome.org/biopax/96/48895#Catalysis2932
4986,10702|14294|16482,14530|15068,3,2,http://www.reactome.org/biopax/96/48895#BiochemicalReaction7430,1,http://www.reactome.org/biopax/96/48895#Catalysis3487
4987,4705|13927,4707|14446,2,2,http://www.reactome.org/biopax/96/48895#BiochemicalReaction4446,1,http://www.reactome.org/biopax/96/48895#Catalysis1936
4988,620|16462,11564|11565|16466,2,3,http://www.reactome.org/biopax/96/48895#BiochemicalReaction699,1,http://www.reactome.org/biopax/96/48895#Catalysis244
4989,9342|10359,10358,2,1,http://www.reactome.org/biopax/96/48895#BiochemicalReaction6877,1,http://www.reactome.org/biopax/96/48895#Catalysis2991
4990,10801|15172|16482,15171|16574,3,2,http://www.reactome.org/biopax/96/48895#BiochemicalReaction7631,1,http://www.reactome.org/biopax/96/48895#Catalysis3683
4991,6369|13927,6370|14446,2,2,http://www.reactome.org/biopax/96/48895#BiochemicalReaction5973,1,http://www.reactome.org/biopax/96/48895#Catalysis2450
4992,8879|10745,9727,2,1,http://www.reactome.org/biopax/96/48895#BiochemicalReaction6186,1,http://www.reactome.org/biopax/96/48895#Catalysis2535
4994,5499|8710,10114|11363,2,2,http://www.reactome.org/biopax/96/48895#BiochemicalReaction6633,1,http://www.reactome.org/biopax/96/48895#Catalysis2827
4995,258|14323|16021|16371,16022|16288,4,2,http://www.reactome.org/biopax/96/48895#BiochemicalReaction8515,1,http://www.reactome.org/biopax/96/48895#Catalysis4514
4996,12591|14297|16627,14237|16628,3,2,http://www.reactome.org/biopax/96/48895#BiochemicalReaction1909,1,http://www.reactome.org/biopax/96/48895#Catalysis847
4997,7528|14419|15425,14420|15424|16588,3,3,http://www.reactome.org/biopax/96/48895#BiochemicalReaction7823,1,http://www.reactome.org/biopax/96/48895#Catalysis3863
4998,8352|8612|8793,4556,3,1,http://www.reactome.org/biopax/96/48895#BiochemicalReaction4306,1,http://www.reactome.org/biopax/96/48895#Control401
4999,5030|16482,5031|16574,2,2,http://www.reactome.org/biopax/96/48895#BiochemicalReaction4727,1,http://www.reactome.org/biopax/96/48895#Catalysis2006
5000,199|13973|14255,15907,3,1,http://www.reactome.org/biopax/96/48895#BiochemicalReaction8409,1,http://www.reactome.org/biopax/96/48895#Catalysis4410
5001,10272|14493|16482,11987|16574,3,2,http://www.reactome.org/biopax/96/48895#BiochemicalReaction5986,-1,http://www.reactome.org/biopax/96/48895#Control561
5002,12701|14157,16424,2,1,http://www.reactome.org/biopax/96/48895#BiochemicalReaction2110,1,http://www.reactome.org/biopax/96/48895#Catalysis1017
5003,12195|12196|13998,12197|14008,3,2,http://www.reactome.org/biopax/96/48895#BiochemicalReaction1429,1,http://www.reactome.org/biopax/96/48895#Catalysis618
5004,7512|15395|16552,14793|15396|16563,3,3,http://www.reactome.org/biopax/96/48895#BiochemicalReaction7793,1,http://www.reactome.org/biopax/96/48895#Catalysis3835
5005,6431|9670|15939,6432|14254,3,2,http://www.reactome.org/biopax/96/48895#BiochemicalReaction6045,1,http://www.reactome.org/biopax/96/48895#Catalysis2486
5006,10524|10526|14110,10528|14109|16551,3,3,http://www.reactome.org/biopax/96/48895#BiochemicalReaction7063,1,http://www.reactome.org/biopax/96/48895#Catalysis3139
5007,6327|9585|16482,6344|16574,3,2,http://www.reactome.org/biopax/96/48895#BiochemicalReaction5926,1,http://www.reactome.org/biopax/96/48895#Catalysis2425
5008,8004|11749|14255,14793|16296|16482,3,3,http://www.reactome.org/biopax/96/48895#BiochemicalReaction962,1,http://www.reactome.org/biopax/96/48895#Catalysis417
5009,2385|2387|15939,2386|12948|14254,3,3,http://www.reactome.org/biopax/96/48895#BiochemicalReaction2424,1,http://www.reactome.org/biopax/96/48895#Catalysis1126
5010,9949|14604|14612,7798,3,1,http://www.reactome.org/biopax/96/48895#BiochemicalReaction6529,1,http://www.reactome.org/biopax/96/48895#Catalysis2729
5011,7094,7095|9111,1,2,http://www.reactome.org/biopax/96/48895#BiochemicalReaction6823,1,http://www.reactome.org/biopax/96/48895#Catalysis2953
5012,7020|8245,12762,2,1,http://www.reactome.org/biopax/96/48895#BiochemicalReaction6751,1,http://www.reactome.org/biopax/96/48895#Control608
5014,10554|10556|14105,10555|14324|16551,3,3,http://www.reactome.org/biopax/96/48895#BiochemicalReaction7085,1,http://www.reactome.org/biopax/96/48895#Catalysis3156
5015,8634|13927,8635|14446,2,2,http://www.reactome.org/biopax/96/48895#BiochemicalReaction4054,1,http://www.reactome.org/biopax/96/48895#Catalysis1797
5016,4158|10475,4169,2,1,http://www.reactome.org/biopax/96/48895#BiochemicalReaction385,1,http://www.reactome.org/biopax/96/48895#Catalysis138
5018,4560|4583|13927,4584|14446,3,2,http://www.reactome.org/biopax/96/48895#BiochemicalReaction4333,1,http://www.reactome.org/biopax/96/48895#Catalysis1911
5019,6551|16371|16563,14793|16373|16552,3,3,http://www.reactome.org/biopax/96/48895#BiochemicalReaction6147,1,http://www.reactome.org/biopax/96/48895#Catalysis2513
5020,7015|16504,7016|7943,2,2,http://www.reactome.org/biopax/96/48895#BiochemicalReaction6748,1,http://www.reactome.org/biopax/96/48895#Catalysis2924
5021,7469|15218|15321,14793|15175|15219,3,3,http://www.reactome.org/biopax/96/48895#BiochemicalReaction7620,1,http://www.reactome.org/biopax/96/48895#Catalysis3672
5022,7323|14635|14852,14858,3,1,http://www.reactome.org/biopax/96/48895#BiochemicalReaction7250,1,http://www.reactome.org/biopax/96/48895#Catalysis3309
5023,6556|9057|13927,6557|14446,3,2,http://www.reactome.org/biopax/96/48895#BiochemicalReaction6154,1,http://www.reactome.org/biopax/96/48895#Catalysis2519
5024,3861|13894|13927,3829|14446,3,2,http://www.reactome.org/biopax/96/48895#BiochemicalReaction3693,1,http://www.reactome.org/biopax/96/48895#Catalysis1701
5025,6785,6787|6788|9812|16574,1,4,http://www.reactome.org/biopax/96/48895#BiochemicalReaction6385,1,http://www.reactome.org/biopax/96/48895#Catalysis2609
5026,12466|13927|16469,14446|16470,3,2,http://www.reactome.org/biopax/96/48895#BiochemicalReaction1747,1,http://www.reactome.org/biopax/96/48895#Catalysis728
5027,6841|13927|14531,14446|14532|16574,3,3,http://www.reactome.org/biopax/96/48895#BiochemicalReaction6461,1,http://www.reactome.org/biopax/96/48895#Catalysis2663
5028,6961|16482,6962|7735,2,2,http://www.reactome.org/biopax/96/48895#BiochemicalReaction6711,1,http://www.reactome.org/biopax/96/48895#Catalysis2897
5029,7577|13967|16324,14309|15294,3,2,http://www.reactome.org/biopax/96/48895#BiochemicalReaction7935,1,http://www.reactome.org/biopax/96/48895#Catalysis3965
5030,5621|9597,10745,2,1,http://www.reactome.org/biopax/96/48895#BiochemicalReaction5952,1,http://www.reactome.org/biopax/96/48895#Catalysis2439
5031,3743|3746|13927,3747|14446,3,2,http://www.reactome.org/biopax/96/48895#BiochemicalReaction3589,1,http://www.reactome.org/biopax/96/48895#Catalysis1651
5032,10757|15138|16482,15146|16574,3,2,http://www.reactome.org/biopax/96/48895#BiochemicalReaction7555,1,http://www.reactome.org/biopax/96/48895#Catalysis3611
5033,6641,9771|11600|13903,1,3,http://www.reactome.org/biopax/96/48895#BiochemicalReaction6272,1,http://www.reactome.org/biopax/96/48895#Catalysis2573
5034,7589|10464|10745,10465,3,1,http://www.reactome.org/biopax/96/48895#BiochemicalReaction7955,1,http://www.reactome.org/biopax/96/48895#Catalysis3983
5035,214|14510,14793|15928|15930,2,3,http://www.reactome.org/biopax/96/48895#BiochemicalReaction8435,1,http://www.reactome.org/biopax/96/48895#Catalysis4436
5036,1639|12396|16482,12379|16463|16464,3,3,http://www.reactome.org/biopax/96/48895#BiochemicalReaction1644,1,http://www.reactome.org/biopax/96/48895#Catalysis706
5037,10717|13972|16522,14350|15095,3,2,http://www.reactome.org/biopax/96/48895#BiochemicalReaction7468,1,http://www.reactome.org/biopax/96/48895#Catalysis3525
5038,12714|14793|16460,14323|14734,3,2,http://www.reactome.org/biopax/96/48895#BiochemicalReaction2136,1,http://www.reactome.org/biopax/96/48895#Catalysis1036
5039,722|16482,690|10745,2,2,http://www.reactome.org/biopax/96/48895#BiochemicalReaction87,1,http://www.reactome.org/biopax/96/48895#Catalysis30
5040,6167|6169,6170,2,1,http://www.reactome.org/biopax/96/48895#BiochemicalReaction5763,1,http://www.reactome.org/biopax/96/48895#Catalysis2371
5041,1852|16494,16515,2,1,http://www.reactome.org/biopax/96/48895#BiochemicalReaction1981,1,http://www.reactome.org/biopax/96/48895#Catalysis917
5042,2983|9992,2499|13262,2,2,http://www.reactome.org/biopax/96/48895#BiochemicalReaction2934,1,http://www.reactome.org/biopax/96/48895#Catalysis1398
5043,8059|11947|13998,8060|14008,3,2,http://www.reactome.org/biopax/96/48895#BiochemicalReaction1444,1,http://www.reactome.org/biopax/96/48895#Catalysis627
5044,7120|7121|10312|16588|16600,7122|7123|10314|14628|14629|14630|14631,5,7,http://www.reactome.org/biopax/96/48895#BiochemicalReaction6842,1,http://www.reactome.org/biopax/96/48895#Catalysis2964
5045,660|3152|13998,654|14008,3,2,http://www.reactome.org/biopax/96/48895#BiochemicalReaction710,1,http://www.reactome.org/biopax/96/48895#Catalysis247
5046,645|2523|6545,2691,3,1,http://www.reactome.org/biopax/96/48895#BiochemicalReaction6141,1,http://www.reactome.org/biopax/96/48895#Control569
5047,8878|13063|13927,8879|14446,3,2,http://www.reactome.org/biopax/96/48895#BiochemicalReaction6185,1,http://www.reactome.org/biopax/96/48895#Catalysis2534
5048,3723|9992,9965|10125|10127,2,3,http://www.reactome.org/biopax/96/48895#BiochemicalReaction347,1,http://www.reactome.org/biopax/96/48895#Catalysis116
5049,150|15837|16482,14309|15831,3,2,http://www.reactome.org/biopax/96/48895#BiochemicalReaction8322,1,http://www.reactome.org/biopax/96/48895#Catalysis4323
5050,1776|16351|16359,14323|16358|16480,3,3,http://www.reactome.org/biopax/96/48895#BiochemicalReaction1774,1,http://www.reactome.org/biopax/96/48895#Catalysis735
5051,10656|14918|14919,14916|14920,3,2,http://www.reactome.org/biopax/96/48895#BiochemicalReaction7304,1,http://www.reactome.org/biopax/96/48895#Catalysis3363
5052,10673|14521|15037,14362|15039,3,2,http://www.reactome.org/biopax/96/48895#BiochemicalReaction7387,1,http://www.reactome.org/biopax/96/48895#Catalysis3444
5053,2434|16482,2435|16574,2,2,http://www.reactome.org/biopax/96/48895#BiochemicalReaction2448,1,http://www.reactome.org/biopax/96/48895#Catalysis1144
5054,1296|12045|16413,12046|16414,3,2,http://www.reactome.org/biopax/96/48895#BiochemicalReaction1290,1,http://www.reactome.org/biopax/96/48895#Catalysis551
5055,1184|1191|8162,12901|12902|12905|12909,3,4,http://www.reactome.org/biopax/96/48895#BiochemicalReaction142,1,http://www.reactome.org/biopax/96/48895#Catalysis43
5056,10470|13927|14670,14446|14671|14793,3,3,http://www.reactome.org/biopax/96/48895#BiochemicalReaction7000,1,http://www.reactome.org/biopax/96/48895#Catalysis3079
5057,12173|12186|13998,12171|14008,3,2,http://www.reactome.org/biopax/96/48895#BiochemicalReaction1418,1,http://www.reactome.org/biopax/96/48895#Catalysis608
5058,10892|14420|16418|16588,14419|15521,4,2,http://www.reactome.org/biopax/96/48895#BiochemicalReaction7956,1,http://www.reactome.org/biopax/96/48895#Catalysis3984
5059,7610|7623|7642,7614|7643|10927,3,3,http://www.reactome.org/biopax/96/48895#BiochemicalReaction7995,1,http://www.reactome.org/biopax/96/48895#Control763
5060,1611|1617,1613,2,1,http://www.reactome.org/biopax/96/48895#BiochemicalReaction1628,-1,http://www.reactome.org/biopax/96/48895#Control161
5061,4087|4088|4090,4089,3,1,http://www.reactome.org/biopax/96/48895#BiochemicalReaction3871,-1,http://www.reactome.org/biopax/96/48895#Control364
5062,5186|5189|13927,5188|14446,3,2,http://www.reactome.org/biopax/96/48895#BiochemicalReaction4868,-1,http://www.reactome.org/biopax/96/48895#Control448
5063,12630|13945|14045,14030|14793,3,2,http://www.reactome.org/biopax/96/48895#BiochemicalReaction1970,1,http://www.reactome.org/biopax/96/48895#Catalysis908
5064,918|14147,13928,2,1,http://www.reactome.org/biopax/96/48895#BiochemicalReaction977,1,http://www.reactome.org/biopax/96/48895#Catalysis426
5065,23|15663|16482,14308|14675|14793,3,3,http://www.reactome.org/biopax/96/48895#BiochemicalReaction8118,1,http://www.reactome.org/biopax/96/48895#Catalysis4126
5066,9521|14472|14473|16591,14474|14475,4,2,http://www.reactome.org/biopax/96/48895#BiochemicalReaction5786,1,http://www.reactome.org/biopax/96/48895#Catalysis2381
5068,160|13970|15851,14417|15849,3,2,http://www.reactome.org/biopax/96/48895#BiochemicalReaction8339,1,http://www.reactome.org/biopax/96/48895#Catalysis4340
5069,11091|16136|16482|16552,14793|16137|16563,4,3,http://www.reactome.org/biopax/96/48895#BiochemicalReaction8605,1,http://www.reactome.org/biopax/96/48895#Catalysis4601
5070,5499|9537,10054|11363,2,2,http://www.reactome.org/biopax/96/48895#BiochemicalReaction6587,1,http://www.reactome.org/biopax/96/48895#Catalysis2781
5071,9035|14815|16482,14308,3,1,http://www.reactome.org/biopax/96/48895#BiochemicalReaction4943,1,http://www.reactome.org/biopax/96/48895#Catalysis2100
5072,10713|14196|15087,14362|16522,3,2,http://www.reactome.org/biopax/96/48895#BiochemicalReaction7459,1,http://www.reactome.org/biopax/96/48895#Catalysis3516
5073,4471|10745,4014,2,1,http://www.reactome.org/biopax/96/48895#BiochemicalReaction4230,1,http://www.reactome.org/biopax/96/48895#Catalysis1863
5074,1049|14020,1050|14028,2,2,http://www.reactome.org/biopax/96/48895#BiochemicalReaction1079,1,http://www.reactome.org/biopax/96/48895#Catalysis471
5075,2995|6884|10120,10121|11363,3,2,http://www.reactome.org/biopax/96/48895#BiochemicalReaction6639,1,http://www.reactome.org/biopax/96/48895#Catalysis2833
5076,773,774|11682,1,2,http://www.reactome.org/biopax/96/48895#BiochemicalReaction812,1,http://www.reactome.org/biopax/96/48895#Catalysis315
5077,10774|15172,15173,2,1,http://www.reactome.org/biopax/96/48895#BiochemicalReaction7581,1,http://www.reactome.org/biopax/96/48895#Catalysis3635
5078,11588|15304,15306,2,1,http://www.reactome.org/biopax/96/48895#BiochemicalReaction7701,1,http://www.reactome.org/biopax/96/48895#Catalysis3749
5079,7323|14255|14863,15429,3,1,http://www.reactome.org/biopax/96/48895#BiochemicalReaction7828,1,http://www.reactome.org/biopax/96/48895#Catalysis3868
5080,5388|5389|13927,5218|14446,3,2,http://www.reactome.org/biopax/96/48895#BiochemicalReaction5041,1,http://www.reactome.org/biopax/96/48895#Catalysis2146
5081,1020|5499|10096,10097|11363,3,2,http://www.reactome.org/biopax/96/48895#BiochemicalReaction6619,1,http://www.reactome.org/biopax/96/48895#Catalysis2813
5082,105|15969,15857|15971,2,2,http://www.reactome.org/biopax/96/48895#BiochemicalReaction8476,1,http://www.reactome.org/biopax/96/48895#Catalysis4476
5083,442|443|16504,445|16421,3,2,http://www.reactome.org/biopax/96/48895#BiochemicalReaction8812,1,http://www.reactome.org/biopax/96/48895#Catalysis4734
5084,7306|14255|14793|14822|14823,14824|14825|16482,5,3,http://www.reactome.org/biopax/96/48895#BiochemicalReaction7216,1,http://www.reactome.org/biopax/96/48895#Catalysis3282
5085,3313|9650|16482,3316|16574,3,2,http://www.reactome.org/biopax/96/48895#BiochemicalReaction6012,1,http://www.reactome.org/biopax/96/48895#Catalysis2477
5086,3619|13662|13663,3620,3,1,http://www.reactome.org/biopax/96/48895#BiochemicalReaction3427,-1,http://www.reactome.org/biopax/96/48895#Control309
5087,5225|14020,5230|14028,2,2,http://www.reactome.org/biopax/96/48895#BiochemicalReaction473,1,http://www.reactome.org/biopax/96/48895#Catalysis187
5088,5158|13927,5161|14446,2,2,http://www.reactome.org/biopax/96/48895#BiochemicalReaction4840,1,http://www.reactome.org/biopax/96/48895#Catalysis2057
5089,3805|13856,3804|10745,2,2,http://www.reactome.org/biopax/96/48895#BiochemicalReaction3642,1,http://www.reactome.org/biopax/96/48895#Catalysis1677
5090,10942|13927|15570,14446|15571,3,2,http://www.reactome.org/biopax/96/48895#BiochemicalReaction8042,1,http://www.reactome.org/biopax/96/48895#Catalysis4050
5091,5378|15036,7564|16412,2,2,http://www.reactome.org/biopax/96/48895#BiochemicalReaction7924,1,http://www.reactome.org/biopax/96/48895#Catalysis3956
5092,1960|1961|12724|12725|12726|14174|14175|14176,1962,8,1,http://www.reactome.org/biopax/96/48895#BiochemicalReaction2146,1,http://www.reactome.org/biopax/96/48895#Control218
5093,187|13985|16324,14309|15894,3,2,http://www.reactome.org/biopax/96/48895#BiochemicalReaction8388,1,http://www.reactome.org/biopax/96/48895#Catalysis4389
5094,1222|11997|13927,1223|14446,3,2,http://www.reactome.org/biopax/96/48895#BiochemicalReaction1240,1,http://www.reactome.org/biopax/96/48895#Control112
5095,2681|13160|16462,2682|2683|8180|16466,3,4,http://www.reactome.org/biopax/96/48895#BiochemicalReaction2676,1,http://www.reactome.org/biopax/96/48895#Catalysis1256
5096,11837|11852|13927,11851|14446,3,2,http://www.reactome.org/biopax/96/48895#BiochemicalReaction1044,1,http://www.reactome.org/biopax/96/48895#Catalysis453
5097,5157|5160|13927,5159|14446,3,2,http://www.reactome.org/biopax/96/48895#BiochemicalReaction4839,-1,http://www.reactome.org/biopax/96/48895#Control444
5098,5009|14793|14950|16563,14635|16313|16552,4,3,http://www.reactome.org/biopax/96/48895#BiochemicalReaction4703,1,http://www.reactome.org/biopax/96/48895#Catalysis1997
5099,1802|1804|13927,1803|14446,3,2,http://www.reactome.org/biopax/96/48895#BiochemicalReaction1808,1,http://www.reactome.org/biopax/96/48895#Catalysis759
5100,7511|14793|15396|16563,15395|16552,4,2,http://www.reactome.org/biopax/96/48895#BiochemicalReaction7790,1,http://www.reactome.org/biopax/96/48895#Catalysis3832
5101,6942|16482,8245|10179,2,2,http://www.reactome.org/biopax/96/48895#BiochemicalReaction6703,1,http://www.reactome.org/biopax/96/48895#Catalysis2889
5102,3596|8934,8935|8936,2,2,http://www.reactome.org/biopax/96/48895#BiochemicalReaction4624,1,http://www.reactome.org/biopax/96/48895#Catalysis1980
5103,2751|13131|16462,2754|16466,3,2,http://www.reactome.org/biopax/96/48895#BiochemicalReaction2743,1,http://www.reactome.org/biopax/96/48895#Catalysis1292
5104,2479|14019|14297,14087|14237,3,2,http://www.reactome.org/biopax/96/48895#BiochemicalReaction3101,1,http://www.reactome.org/biopax/96/48895#Catalysis1474
5106,8753|11202|16462,9621|16466,3,2,http://www.reactome.org/biopax/96/48895#BiochemicalReaction5981,1,http://www.reactome.org/biopax/96/48895#Catalysis2457
5107,12701|14734,16460,2,1,http://www.reactome.org/biopax/96/48895#BiochemicalReaction2133,1,http://www.reactome.org/biopax/96/48895#Catalysis1033
5109,2821|13218|13927,13219|14446,3,2,http://www.reactome.org/biopax/96/48895#BiochemicalReaction2808,1,http://www.reactome.org/biopax/96/48895#Catalysis1324
5110,12619|13964|14014|14237|14297,13972|14015|14237|14297,5,4,http://www.reactome.org/biopax/96/48895#BiochemicalReaction1952,1,http://www.reactome.org/biopax/96/48895#Catalysis890
5111,11643|14350|14357,14362|14366,3,2,http://www.reactome.org/biopax/96/48895#BiochemicalReaction758,1,http://www.reactome.org/biopax/96/48895#Catalysis275
5112,2507|16462,10689|16466,2,2,http://www.reactome.org/biopax/96/48895#BiochemicalReaction2510,1,http://www.reactome.org/biopax/96/48895#Catalysis1168
5114,10271|13924|13927,9618|14446,3,2,http://www.reactome.org/biopax/96/48895#BiochemicalReaction5979,1,http://www.reactome.org/biopax/96/48895#Catalysis2455
5115,15908|15910|16324,14309|15909|16482,3,3,http://www.reactome.org/biopax/96/48895#BiochemicalReaction8412,-1,http://www.reactome.org/biopax/96/48895#Control820
5116,104|15779|16482,15778,3,1,http://www.reactome.org/biopax/96/48895#BiochemicalReaction8258,1,http://www.reactome.org/biopax/96/48895#Catalysis4263
5117,501|11263|13124,6717|11263|11264|11265|11266|11267|11268|11269|11270|13122|13124,3,11,http://www.reactome.org/biopax/96/48895#BiochemicalReaction8853,1,http://www.reactome.org/biopax/96/48895#Control893
5118,4903|13927,4904|14446,2,2,http://www.reactome.org/biopax/96/48895#BiochemicalReaction4619,1,http://www.reactome.org/biopax/96/48895#Catalysis1977
5119,136|15818|16588,14317|15819,3,2,http://www.reactome.org/biopax/96/48895#BiochemicalReaction8300,1,http://www.reactome.org/biopax/96/48895#Catalysis4301
5120,4434|5173|13998,5162|14008,3,2,http://www.reactome.org/biopax/96/48895#BiochemicalReaction469,1,http://www.reactome.org/biopax/96/48895#Catalysis185
5121,6934|16482,6935|10745,2,2,http://www.reactome.org/biopax/96/48895#BiochemicalReaction6699,1,http://www.reactome.org/biopax/96/48895#Catalysis2886
5122,898|15666|16482,14793|15079|15981,3,3,http://www.reactome.org/biopax/96/48895#BiochemicalReaction8121,1,http://www.reactome.org/biopax/96/48895#Catalysis4129
5123,9594|9599|11370,6362,3,1,http://www.reactome.org/biopax/96/48895#BiochemicalReaction5956,1,http://www.reactome.org/biopax/96/48895#Control559
5124,12003|14087|16482,12004|16574,3,2,http://www.reactome.org/biopax/96/48895#BiochemicalReaction1248,1,http://www.reactome.org/biopax/96/48895#Control114
5125,7659|15981,7660,2,1,http://www.reactome.org/biopax/96/48895#BiochemicalReaction8018,1,http://www.reactome.org/biopax/96/48895#Control773
5126,10934|15543|16351,13981|14123,3,2,http://www.reactome.org/biopax/96/48895#BiochemicalReaction8012,1,http://www.reactome.org/biopax/96/48895#Catalysis4024
5127,7841|14635|14863,14855|14864|16482,3,3,http://www.reactome.org/biopax/96/48895#BiochemicalReaction7258,1,http://www.reactome.org/biopax/96/48895#Catalysis3317
5129,7840|14255|14793|14854|16563,14856|16482|16552,5,3,http://www.reactome.org/biopax/96/48895#BiochemicalReaction7248,1,http://www.reactome.org/biopax/96/48895#Catalysis3307
5130,4534|13927,4535|14446,2,2,http://www.reactome.org/biopax/96/48895#BiochemicalReaction4282,1,http://www.reactome.org/biopax/96/48895#Catalysis1886
5131,9524|14255|14481|14793|16563,14482|16482|16552,5,3,http://www.reactome.org/biopax/96/48895#BiochemicalReaction5793,1,http://www.reactome.org/biopax/96/48895#Catalysis2387
5132,5382|13927,5383|14446,2,2,http://www.reactome.org/biopax/96/48895#BiochemicalReaction5035,1,http://www.reactome.org/biopax/96/48895#Catalysis2142
5133,3596|13704,13705|13706,2,2,http://www.reactome.org/biopax/96/48895#BiochemicalReaction3461,1,http://www.reactome.org/biopax/96/48895#Catalysis1593
5135,7128|10365,10366,2,1,http://www.reactome.org/biopax/96/48895#BiochemicalReaction6884,1,http://www.reactome.org/biopax/96/48895#Catalysis2995
5136,3220|13364|14419,13366|14298|16410,3,3,http://www.reactome.org/biopax/96/48895#BiochemicalReaction3130,1,http://www.reactome.org/biopax/96/48895#Catalysis1482
5137,12622|14016|14323,14017|14793,3,2,http://www.reactome.org/biopax/96/48895#BiochemicalReaction1956,1,http://www.reactome.org/biopax/96/48895#Catalysis894
5138,7426|7427|7428|10755,7429,4,1,http://www.reactome.org/biopax/96/48895#BiochemicalReaction7549,1,http://www.reactome.org/biopax/96/48895#Catalysis3605
5139,8031|8757|8759,1156,3,1,http://www.reactome.org/biopax/96/48895#BiochemicalReaction7193,1,http://www.reactome.org/biopax/96/48895#Catalysis3261
5140,303|15733|16191,15740|16623,3,2,http://www.reactome.org/biopax/96/48895#BiochemicalReaction8638,1,http://www.reactome.org/biopax/96/48895#Catalysis4632
5143,7870|13927|14202,14446|15134,3,2,http://www.reactome.org/biopax/96/48895#BiochemicalReaction7522,1,http://www.reactome.org/biopax/96/48895#Catalysis3579
5145,7532|14635|15454,15487,3,1,http://www.reactome.org/biopax/96/48895#BiochemicalReaction7874,1,http://www.reactome.org/biopax/96/48895#Catalysis3914
5146,6190|9523|14255|14793|16563,9522|14479|16482|16552,5,4,http://www.reactome.org/biopax/96/48895#BiochemicalReaction5791,1,http://www.reactome.org/biopax/96/48895#Catalysis2385
5147,1521|15939,1522|14254,2,2,http://www.reactome.org/biopax/96/48895#BiochemicalReaction1540,1,http://www.reactome.org/biopax/96/48895#Catalysis660
5148,6067|10745,6068,2,1,http://www.reactome.org/biopax/96/48895#BiochemicalReaction5667,1,http://www.reactome.org/biopax/96/48895#Catalysis2329
5149,7526|15423,14484|15424,2,2,http://www.reactome.org/biopax/96/48895#BiochemicalReaction7820,1,http://www.reactome.org/biopax/96/48895#Catalysis3860
5150,6145|10745,6146,2,1,http://www.reactome.org/biopax/96/48895#BiochemicalReaction5742,1,http://www.reactome.org/biopax/96/48895#Catalysis2360
5151,7917|14873|15343|15607|16099,14874|15321|16100,5,3,http://www.reactome.org/biopax/96/48895#BiochemicalReaction8576,1,http://www.reactome.org/biopax/96/48895#Catalysis4573
5152,1706|5195|15939,1707|14254,3,2,http://www.reactome.org/biopax/96/48895#BiochemicalReaction4874,1,http://www.reactome.org/biopax/96/48895#Control449
5153,1280|12039|12040,1281,3,1,http://www.reactome.org/biopax/96/48895#BiochemicalReaction1281,1,http://www.reactome.org/biopax/96/48895#Control122
5154,5798|13998,5938|14008,2,2,http://www.reactome.org/biopax/96/48895#BiochemicalReaction513,1,http://www.reactome.org/biopax/96/48895#Catalysis200
5155,12613|13997|14297|14793,13999|14237|14323,4,3,http://www.reactome.org/biopax/96/48895#BiochemicalReaction1942,1,http://www.reactome.org/biopax/96/48895#Catalysis880
5156,10638|14255|15494,15510,3,1,http://www.reactome.org/biopax/96/48895#BiochemicalReaction7891,1,http://www.reactome.org/biopax/96/48895#Catalysis3931
5157,10732|15116|16602,15120|16608,3,2,http://www.reactome.org/biopax/96/48895#BiochemicalReaction7501,1,http://www.reactome.org/biopax/96/48895#Catalysis3558
5158,1062|4155|16462,1063|16466,3,2,http://www.reactome.org/biopax/96/48895#BiochemicalReaction1088,-1,http://www.reactome.org/biopax/96/48895#Control86
5159,4073|13962|16343,13970|16348,3,2,http://www.reactome.org/biopax/96/48895#BiochemicalReaction373,1,http://www.reactome.org/biopax/96/48895#Catalysis133
5160,880|4286|15939,1331|14254,3,2,http://www.reactome.org/biopax/96/48895#BiochemicalReaction4035,1,http://www.reactome.org/biopax/96/48895#Catalysis1787
5161,893|15029|15951,14793|15050|15959,3,3,http://www.reactome.org/biopax/96/48895#BiochemicalReaction928,1,http://www.reactome.org/biopax/96/48895#Catalysis389
5162,6854|14571,14572|15294,2,2,http://www.reactome.org/biopax/96/48895#BiochemicalReaction6493,1,http://www.reactome.org/biopax/96/48895#Catalysis2695
5163,4535|8347|13927,4536|14446,3,2,http://www.reactome.org/biopax/96/48895#BiochemicalReaction4283,1,http://www.reactome.org/biopax/96/48895#Catalysis1887
5164,310|13927|15857|16217,14446|14635|16574,4,3,http://www.reactome.org/biopax/96/48895#BiochemicalReaction8661,1,http://www.reactome.org/biopax/96/48895#Catalysis4655
5166,6549|14334|16563,14339|14793|16552,3,3,http://www.reactome.org/biopax/96/48895#BiochemicalReaction6145,1,http://www.reactome.org/biopax/96/48895#Control571
5167,11219|16262|16482,16263|16574,3,2,http://www.reactome.org/biopax/96/48895#BiochemicalReaction8841,1,http://www.reactome.org/biopax/96/48895#Catalysis4745
5168,10738|13927|15085,14202|14446,3,2,http://www.reactome.org/biopax/96/48895#BiochemicalReaction7515,1,http://www.reactome.org/biopax/96/48895#Catalysis3572
5169,1168|16379|16591,16380|16381,3,2,http://www.reactome.org/biopax/96/48895#BiochemicalReaction1177,1,http://www.reactome.org/biopax/96/48895#Catalysis507
5170,7269|14430|14712,14691|14713,3,2,http://www.reactome.org/biopax/96/48895#BiochemicalReaction7100,1,http://www.reactome.org/biopax/96/48895#Catalysis3168
5171,2783|2786|4617|13207,2787,4,1,http://www.reactome.org/biopax/96/48895#BiochemicalReaction2776,-1,http://www.reactome.org/biopax/96/48895#Control265
5172,7144|10350,10369|10373|10375|10376|12368,2,5,http://www.reactome.org/biopax/96/48895#BiochemicalReaction6894,1,http://www.reactome.org/biopax/96/48895#Catalysis2996
5173,6375|13927|16299,13979|14446,3,2,http://www.reactome.org/biopax/96/48895#BiochemicalReaction5975,1,http://www.reactome.org/biopax/96/48895#Catalysis2451
5174,562|11328|16482,9312|16574,3,2,http://www.reactome.org/biopax/96/48895#BiochemicalReaction8916,1,http://www.reactome.org/biopax/96/48895#Catalysis4782
5175,10522|10526|16417,10524|14700,3,2,http://www.reactome.org/biopax/96/48895#BiochemicalReaction7062,1,http://www.reactome.org/biopax/96/48895#Catalysis3138
5176,5|15588|15604,15589|15605,3,2,http://www.reactome.org/biopax/96/48895#BiochemicalReaction8070,1,http://www.reactome.org/biopax/96/48895#Catalysis4078
5177,2878,2879|14278,1,2,http://www.reactome.org/biopax/96/48895#BiochemicalReaction2858,1,http://www.reactome.org/biopax/96/48895#Catalysis1358
5178,6357|13927,3786|13437|14446,2,3,http://www.reactome.org/biopax/96/48895#BiochemicalReaction5948,1,http://www.reactome.org/biopax/96/48895#Catalysis2437
5179,3374|3785|15939,1331|14254,3,2,http://www.reactome.org/biopax/96/48895#BiochemicalReaction3620,1,http://www.reactome.org/biopax/96/48895#Catalysis1667
5180,6565|13927,6564|12091|14446,2,3,http://www.reactome.org/biopax/96/48895#BiochemicalReaction6164,1,http://www.reactome.org/biopax/96/48895#Catalysis2523
5181,10771|14226|15164,15078|15165,3,2,http://www.reactome.org/biopax/96/48895#BiochemicalReaction7575,1,http://www.reactome.org/biopax/96/48895#Catalysis3630
5182,1778|16351|16492,16490|16491|16494,3,3,http://www.reactome.org/biopax/96/48895#BiochemicalReaction1784,1,http://www.reactome.org/biopax/96/48895#Catalysis745
5183,11687|14147,13928,2,1,http://www.reactome.org/biopax/96/48895#BiochemicalReaction837,1,http://www.reactome.org/biopax/96/48895#Catalysis331
5184,10961|15706,15707,2,1,http://www.reactome.org/biopax/96/48895#BiochemicalReaction8150,1,http://www.reactome.org/biopax/96/48895#Catalysis4158
5185,229|11051|15772,231|15774|16348,3,3,http://www.reactome.org/biopax/96/48895#BiochemicalReaction8463,1,http://www.reactome.org/biopax/96/48895#Catalysis4464
5187,12547|16376|16519,15835|16518,3,2,http://www.reactome.org/biopax/96/48895#BiochemicalReaction1859,1,http://www.reactome.org/biopax/96/48895#Catalysis798
5189,2652|13927,2653|14446,2,2,http://www.reactome.org/biopax/96/48895#BiochemicalReaction2654,1,http://www.reactome.org/biopax/96/48895#Catalysis1240
5190,9083|9084|16351,1591,3,1,http://www.reactome.org/biopax/96/48895#BiochemicalReaction5158,-1,http://www.reactome.org/biopax/96/48895#Control466
5191,4424|14378|16567,4425,3,1,http://www.reactome.org/biopax/96/48895#BiochemicalReaction4181,1,http://www.reactome.org/biopax/96/48895#Control385
5192,7238|14673,14676,2,1,http://www.reactome.org/biopax/96/48895#BiochemicalReaction7008,1,http://www.reactome.org/biopax/96/48895#Catalysis3087
5193,9734|13063|13927,9733|14446,3,2,http://www.reactome.org/biopax/96/48895#BiochemicalReaction6198,1,http://www.reactome.org/biopax/96/48895#Catalysis2543
5194,5228|13927,5229|14446,2,2,http://www.reactome.org/biopax/96/48895#BiochemicalReaction4904,1,http://www.reactome.org/biopax/96/48895#Catalysis2084
5195,6862|6863|16482,7789|14591,3,2,http://www.reactome.org/biopax/96/48895#BiochemicalReaction6512,1,http://www.reactome.org/biopax/96/48895#Catalysis2712
5196,7423|15137|16482,14493|16574,3,2,http://www.reactome.org/biopax/96/48895#BiochemicalReaction7543,1,http://www.reactome.org/biopax/96/48895#Catalysis3600
5197,205|15919|16574,14081|15920,3,2,http://www.reactome.org/biopax/96/48895#BiochemicalReaction8418,1,http://www.reactome.org/biopax/96/48895#Catalysis4419
5199,10692|14349|16351,15053|15070,3,2,http://www.reactome.org/biopax/96/48895#BiochemicalReaction7432,-1,http://www.reactome.org/biopax/96/48895#Control699
5200,191|15896,15897,2,1,http://www.reactome.org/biopax/96/48895#BiochemicalReaction8392,1,http://www.reactome.org/biopax/96/48895#Catalysis4393
5201,9083|9085|16351,1591,3,1,http://www.reactome.org/biopax/96/48895#BiochemicalReaction5159,-1,http://www.reactome.org/biopax/96/48895#Control467
5202,9868|9870|14110,9869|14109,3,2,http://www.reactome.org/biopax/96/48895#BiochemicalReaction6440,1,http://www.reactome.org/biopax/96/48895#Catalysis2642
5203,7957|15142|16314,15203|15274,3,2,http://www.reactome.org/biopax/96/48895#BiochemicalReaction8878,1,http://www.reactome.org/biopax/96/48895#Catalysis4762
5204,3288|7138|16462,7138|13989|14078,3,3,http://www.reactome.org/biopax/96/48895#BiochemicalReaction606,1,http://www.reactome.org/biopax/96/48895#Catalysis220
5205,3596|13562,13695,2,1,http://www.reactome.org/biopax/96/48895#BiochemicalReaction3455,1,http://www.reactome.org/biopax/96/48895#Catalysis1587
5206,1525|1633,1634|12394,2,2,http://www.reactome.org/biopax/96/48895#BiochemicalReaction1638,1,http://www.reactome.org/biopax/96/48895#Catalysis702
5207,11766|16606,16610,2,1,http://www.reactome.org/biopax/96/48895#BiochemicalReaction1904,1,http://www.reactome.org/biopax/96/48895#Catalysis842
5208,12565|14343|16518,16378|16519,3,2,http://www.reactome.org/biopax/96/48895#BiochemicalReaction1878,1,http://www.reactome.org/biopax/96/48895#Catalysis816
5209,5339|5340|13927,5343|14446,3,2,http://www.reactome.org/biopax/96/48895#BiochemicalReaction5001,1,http://www.reactome.org/biopax/96/48895#Catalysis2122
5210,10867|15422|15551|15568,14484|15575|15579,4,3,http://www.reactome.org/biopax/96/48895#BiochemicalReaction7817,1,http://www.reactome.org/biopax/96/48895#Catalysis3857
5211,11001|13927|14309|15738,14446|15771|16574,4,3,http://www.reactome.org/biopax/96/48895#BiochemicalReaction8245,1,http://www.reactome.org/biopax/96/48895#Catalysis4250
5212,5499|13028|13029,10094|11363,3,2,http://www.reactome.org/biopax/96/48895#BiochemicalReaction6617,1,http://www.reactome.org/biopax/96/48895#Catalysis2811
5213,8460|14411,14375,2,1,http://www.reactome.org/biopax/96/48895#BiochemicalReaction32,1,http://www.reactome.org/biopax/96/48895#Catalysis15
5214,301|15348|15733,15740|16189,3,2,http://www.reactome.org/biopax/96/48895#BiochemicalReaction8636,1,http://www.reactome.org/biopax/96/48895#Catalysis4630
5215,6686|9388|14464,7056|9361,3,2,http://www.reactome.org/biopax/96/48895#BiochemicalReaction47,1,http://www.reactome.org/biopax/96/48895#Catalysis18
5218,11642|14297|14335|14343,14237|14350|16378,4,3,http://www.reactome.org/biopax/96/48895#BiochemicalReaction757,1,http://www.reactome.org/biopax/96/48895#Catalysis274
5219,736|13927|14309|14734,14305|14446|14793|16574,4,4,http://www.reactome.org/biopax/96/48895#BiochemicalReaction787,1,http://www.reactome.org/biopax/96/48895#Catalysis300
5220,10681|14805|16482,14793|15040|16535,3,3,http://www.reactome.org/biopax/96/48895#BiochemicalReaction7395,1,http://www.reactome.org/biopax/96/48895#Catalysis3452
5221,3581|12365|13927,6619|14446,3,2,http://www.reactome.org/biopax/96/48895#BiochemicalReaction6278,1,http://www.reactome.org/biopax/96/48895#Catalysis2577
5222,10847|14793|16342|16563,16336|16552,4,2,http://www.reactome.org/biopax/96/48895#BiochemicalReaction7782,1,http://www.reactome.org/biopax/96/48895#Catalysis3826
5223,3183|13323|13927,13334|14446,3,2,http://www.reactome.org/biopax/96/48895#BiochemicalReaction3089,1,http://www.reactome.org/biopax/96/48895#Control283
5224,352|354|13927,353|14446,3,2,http://www.reactome.org/biopax/96/48895#BiochemicalReaction8743,1,http://www.reactome.org/biopax/96/48895#Catalysis4713
5225,3374|5410|15939,1331|14254,3,2,http://www.reactome.org/biopax/96/48895#BiochemicalReaction5061,1,http://www.reactome.org/biopax/96/48895#Catalysis2157
5226,12499|16351|16502,16503,3,1,http://www.reactome.org/biopax/96/48895#BiochemicalReaction1791,1,http://www.reactome.org/biopax/96/48895#Catalysis752
5227,13970|14646|15551|16418,14647|16345|16475|16588,4,4,http://www.reactome.org/biopax/96/48895#BiochemicalReaction6956,-1,http://www.reactome.org/biopax/96/48895#Control649
5228,2984|16462,2498|16466,2,2,http://www.reactome.org/biopax/96/48895#BiochemicalReaction2936,1,http://www.reactome.org/biopax/96/48895#Catalysis1399
5229,5276|9036|13927,5279|14446,3,2,http://www.reactome.org/biopax/96/48895#BiochemicalReaction4947,1,http://www.reactome.org/biopax/96/48895#Catalysis2102
5230,14446|15673|16482,15674|16574,3,2,http://www.reactome.org/biopax/96/48895#BiochemicalReaction8127,1,http://www.reactome.org/biopax/96/48895#Control798
5231,7909|14873|15343|15607|16073,14874|15321|16074,5,3,http://www.reactome.org/biopax/96/48895#BiochemicalReaction8563,1,http://www.reactome.org/biopax/96/48895#Catalysis4560
5232,8970|13927,8971|14446,2,2,http://www.reactome.org/biopax/96/48895#BiochemicalReaction4698,1,http://www.reactome.org/biopax/96/48895#Catalysis1995
5233,10622|14873|14892|14893,14466|14874|14894|15321|16040,4,5,http://www.reactome.org/biopax/96/48895#BiochemicalReaction7282,1,http://www.reactome.org/biopax/96/48895#Catalysis3341
5234,10638|14255|15466,15468,3,1,http://www.reactome.org/biopax/96/48895#BiochemicalReaction7858,1,http://www.reactome.org/biopax/96/48895#Catalysis3898
5235,7264|12398,10549,2,1,http://www.reactome.org/biopax/96/48895#BiochemicalReaction7073,-1,http://www.reactome.org/biopax/96/48895#Control683
5236,7186|14117,7188|14793|15723,2,3,http://www.reactome.org/biopax/96/48895#BiochemicalReaction6941,1,http://www.reactome.org/biopax/96/48895#Catalysis3023
5237,4456|4457|13927|16482,8701|14385|14446|16574,4,4,http://www.reactome.org/biopax/96/48895#BiochemicalReaction4205,1,http://www.reactome.org/biopax/96/48895#Catalysis1854
5238,7315|14255|15448,15449,3,1,http://www.reactome.org/biopax/96/48895#BiochemicalReaction7843,1,http://www.reactome.org/biopax/96/48895#Catalysis3883
5239,10416|10644|10652,4469,3,1,http://www.reactome.org/biopax/96/48895#BiochemicalReaction409,-1,http://www.reactome.org/biopax/96/48895#Control27
5240,6882|10031|11363,5499|6881,3,2,http://www.reactome.org/biopax/96/48895#BiochemicalReaction6574,1,http://www.reactome.org/biopax/96/48895#Control607
5241,11739|15321|15332,15343|15354|15364,3,3,http://www.reactome.org/biopax/96/48895#BiochemicalReaction903,1,http://www.reactome.org/biopax/96/48895#Catalysis366
5242,5206|10745,5207,2,1,http://www.reactome.org/biopax/96/48895#BiochemicalReaction4890,1,http://www.reactome.org/biopax/96/48895#Catalysis2079
5243,11030|15870|16482,15871,3,1,http://www.reactome.org/biopax/96/48895#BiochemicalReaction8363,1,http://www.reactome.org/biopax/96/48895#Catalysis4364
5244,10638|14255|15501,15503,3,1,http://www.reactome.org/biopax/96/48895#BiochemicalReaction7885,1,http://www.reactome.org/biopax/96/48895#Catalysis3925
5245,7290|14797|16482,14058|16574,3,2,http://www.reactome.org/biopax/96/48895#BiochemicalReaction7184,1,http://www.reactome.org/biopax/96/48895#Catalysis3252
5246,1020|7297|11137|11188,425|11492|11493,4,3,http://www.reactome.org/biopax/96/48895#BiochemicalReaction8788,1,http://www.reactome.org/biopax/96/48895#Control851
5248,10788|14430|15215,15221|15222,3,2,http://www.reactome.org/biopax/96/48895#BiochemicalReaction7623,1,http://www.reactome.org/biopax/96/48895#Control709
5249,2492|13927,582|14446,2,2,http://www.reactome.org/biopax/96/48895#BiochemicalReaction8941,1,http://www.reactome.org/biopax/96/48895#Catalysis4792
5250,5499|8765|13302,10138|11363,3,2,http://www.reactome.org/biopax/96/48895#BiochemicalReaction6655,1,http://www.reactome.org/biopax/96/48895#Catalysis2848
5251,1020|14786,14788,2,1,http://www.reactome.org/biopax/96/48895#BiochemicalReaction7177,1,http://www.reactome.org/biopax/96/48895#Catalysis3245
5252,10656|14916|14920,14918|14919,3,2,http://www.reactome.org/biopax/96/48895#BiochemicalReaction7310,1,http://www.reactome.org/biopax/96/48895#Catalysis3369
5253,9973|9982|14108,9980|14324,3,2,http://www.reactome.org/biopax/96/48895#BiochemicalReaction6539,1,http://www.reactome.org/biopax/96/48895#Catalysis2738
5254,11763|15941,15951,2,1,http://www.reactome.org/biopax/96/48895#BiochemicalReaction927,1,http://www.reactome.org/biopax/96/48895#Catalysis388
5255,12563|14147|16378,13928|14343,3,2,http://www.reactome.org/biopax/96/48895#BiochemicalReaction1876,1,http://www.reactome.org/biopax/96/48895#Catalysis814
5256,188|14255|15894,15895|16424,3,2,http://www.reactome.org/biopax/96/48895#BiochemicalReaction8390,1,http://www.reactome.org/biopax/96/48895#Catalysis4391
5257,10602|16454|16482,14796|16574,3,2,http://www.reactome.org/biopax/96/48895#BiochemicalReaction7181,1,http://www.reactome.org/biopax/96/48895#Catalysis3249
5258,7439|14104|14199,14324|15178|16551,3,3,http://www.reactome.org/biopax/96/48895#BiochemicalReaction7587,1,http://www.reactome.org/biopax/96/48895#Catalysis3641
5259,5128|13927,5130|14446,2,2,http://www.reactome.org/biopax/96/48895#BiochemicalReaction4808,1,http://www.reactome.org/biopax/96/48895#Catalysis2042
5260,274|15476|16049,16050|16284,3,2,http://www.reactome.org/biopax/96/48895#BiochemicalReaction8549,1,http://www.reactome.org/biopax/96/48895#Catalysis4546
5261,7288|14786|16482,14312|16574,3,2,http://www.reactome.org/biopax/96/48895#BiochemicalReaction7170,1,http://www.reactome.org/biopax/96/48895#Catalysis3238
5262,7537|16299|16482,14793|16308|16454,3,3,http://www.reactome.org/biopax/96/48895#BiochemicalReaction7898,1,http://www.reactome.org/biopax/96/48895#Catalysis3938
5263,10638|15497|16552,15498|16563,3,2,http://www.reactome.org/biopax/96/48895#BiochemicalReaction7880,1,http://www.reactome.org/biopax/96/48895#Catalysis3920
5264,11789|11791|16482,11790|16574,3,2,http://www.reactome.org/biopax/96/48895#BiochemicalReaction986,1,http://www.reactome.org/biopax/96/48895#Catalysis432
5265,63,64|10982,1,2,http://www.reactome.org/biopax/96/48895#BiochemicalReaction8189,1,http://www.reactome.org/biopax/96/48895#Catalysis4197
5266,11637|14039|14147|14297|14323,13928|14040|14237|14793,5,4,http://www.reactome.org/biopax/96/48895#BiochemicalReaction1967,1,http://www.reactome.org/biopax/96/48895#Catalysis905
5267,2621|13115|16504,2558|14249,3,2,http://www.reactome.org/biopax/96/48895#BiochemicalReaction2623,1,http://www.reactome.org/biopax/96/48895#Catalysis1225
5268,7597|15527|16392,14317|14417|16391,3,3,http://www.reactome.org/biopax/96/48895#BiochemicalReaction7962,1,http://www.reactome.org/biopax/96/48895#Catalysis3990
5269,4300|13431|13927,3786|13328|14446,3,3,http://www.reactome.org/biopax/96/48895#BiochemicalReaction4045,1,http://www.reactome.org/biopax/96/48895#Catalysis1792
5270,4063|10745,8245,2,1,http://www.reactome.org/biopax/96/48895#BiochemicalReaction3852,1,http://www.reactome.org/biopax/96/48895#Catalysis1755
5271,8351|8797|16482,13927|14308|14793,3,3,http://www.reactome.org/biopax/96/48895#BiochemicalReaction4305,1,http://www.reactome.org/biopax/96/48895#Catalysis1900
5272,103|15551|15772|15776,15777|16345|16475,4,3,http://www.reactome.org/biopax/96/48895#BiochemicalReaction8250,1,http://www.reactome.org/biopax/96/48895#Catalysis4255
5273,1315|12064,1316,2,1,http://www.reactome.org/biopax/96/48895#BiochemicalReaction1310,1,http://www.reactome.org/biopax/96/48895#Control127
5274,4365|13927,4365|14446,2,2,http://www.reactome.org/biopax/96/48895#BiochemicalReaction4113,1,http://www.reactome.org/biopax/96/48895#Catalysis1825
5275,6881|6882|11363,5499|6881,3,2,http://www.reactome.org/biopax/96/48895#BiochemicalReaction6574,1,http://www.reactome.org/biopax/96/48895#Catalysis2768
5276,6008|6009|13927,6010|14446,3,2,http://www.reactome.org/biopax/96/48895#BiochemicalReaction5613,-1,http://www.reactome.org/biopax/96/48895#Control509
5277,1393|12144|14020,12145|14028,3,2,http://www.reactome.org/biopax/96/48895#BiochemicalReaction1382,1,http://www.reactome.org/biopax/96/48895#Catalysis575
5278,14019|14804,14087,2,1,http://www.reactome.org/biopax/96/48895#BiochemicalReaction808,-1,http://www.reactome.org/biopax/96/48895#Control64
5279,5770|9254|16445,5768,3,1,http://www.reactome.org/biopax/96/48895#BiochemicalReaction5381,-1,http://www.reactome.org/biopax/96/48895#Control488
5280,1560|1562|15939,1561|14254,3,2,http://www.reactome.org/biopax/96/48895#BiochemicalReaction1572,1,http://www.reactome.org/biopax/96/48895#Catalysis675
5281,5224|5371|13927,5443|14446,3,2,http://www.reactome.org/biopax/96/48895#BiochemicalReaction29,1,http://www.reactome.org/biopax/96/48895#Catalysis13
5282,497|11255,498,2,1,http://www.reactome.org/biopax/96/48895#BiochemicalReaction8851,1,http://www.reactome.org/biopax/96/48895#Control887
5283,1057|1058|4662|11899|11900,1059|11901,5,2,http://www.reactome.org/biopax/96/48895#BiochemicalReaction1086,1,http://www.reactome.org/biopax/96/48895#Control84
5284,1611|1662,1613,2,1,http://www.reactome.org/biopax/96/48895#BiochemicalReaction1672,1,http://www.reactome.org/biopax/96/48895#Catalysis711
5285,4546|8793|13927,4557|8788|13901|14308|15079,3,5,http://www.reactome.org/biopax/96/48895#BiochemicalReaction4307,1,http://www.reactome.org/biopax/96/48895#Catalysis1901
5286,1706|5312|15939,1707|14254,3,2,http://www.reactome.org/biopax/96/48895#BiochemicalReaction4975,1,http://www.reactome.org/biopax/96/48895#Catalysis2116
5287,8179|13553,7722,2,1,http://www.reactome.org/biopax/96/48895#BiochemicalReaction239,1,http://www.reactome.org/biopax/96/48895#Catalysis87
5288,3237|3238|15939,3239|14254,3,2,http://www.reactome.org/biopax/96/48895#BiochemicalReaction3141,1,http://www.reactome.org/biopax/96/48895#Catalysis1484
5289,7259|10520|14108,10521|14324|16551,3,3,http://www.reactome.org/biopax/96/48895#BiochemicalReaction7060,1,http://www.reactome.org/biopax/96/48895#Catalysis3136
5290,5530|8711|11400|11408|11410,5955,5,1,http://www.reactome.org/biopax/96/48895#BiochemicalReaction514,-1,http://www.reactome.org/biopax/96/48895#Control36
5291,2380|8159|15939,2381|12948|14254,3,3,http://www.reactome.org/biopax/96/48895#BiochemicalReaction2422,1,http://www.reactome.org/biopax/96/48895#Catalysis1124
5292,3196|13348|16482,3197|14127,3,2,http://www.reactome.org/biopax/96/48895#BiochemicalReaction3106,1,http://www.reactome.org/biopax/96/48895#Catalysis1477
5293,10505|10509|14112,10508|14324|16551,3,3,http://www.reactome.org/biopax/96/48895#BiochemicalReaction7053,1,http://www.reactome.org/biopax/96/48895#Catalysis3129
5294,5215|11202|16462,5246|16466,3,2,http://www.reactome.org/biopax/96/48895#BiochemicalReaction474,1,http://www.reactome.org/biopax/96/48895#Catalysis188
5295,7842|14635|14866,14855|14867|16482,3,3,http://www.reactome.org/biopax/96/48895#BiochemicalReaction7261,1,http://www.reactome.org/biopax/96/48895#Catalysis3320
5296,3779|4443|13927,3780|14446,3,2,http://www.reactome.org/biopax/96/48895#BiochemicalReaction3613,1,http://www.reactome.org/biopax/96/48895#Catalysis1663
5297,10647|14873|15343|15607|16063,14874|15321|15463,5,3,http://www.reactome.org/biopax/96/48895#BiochemicalReaction8557,1,http://www.reactome.org/biopax/96/48895#Catalysis4554
5298,1499|1507|1523|16291,1516,4,1,http://www.reactome.org/biopax/96/48895#BiochemicalReaction144,1,http://www.reactome.org/biopax/96/48895#Control8
5299,1850|16494,16515,2,1,http://www.reactome.org/biopax/96/48895#BiochemicalReaction1976,1,http://www.reactome.org/biopax/96/48895#Catalysis912
5300,12624|13955,13956,2,1,http://www.reactome.org/biopax/96/48895#BiochemicalReaction1958,1,http://www.reactome.org/biopax/96/48895#Catalysis896
5301,3367|13927,3369|14446,2,2,http://www.reactome.org/biopax/96/48895#BiochemicalReaction3221,1,http://www.reactome.org/biopax/96/48895#Catalysis1507
5302,3297|14302|16418,14303|14304,3,2,http://www.reactome.org/biopax/96/48895#BiochemicalReaction3179,1,http://www.reactome.org/biopax/96/48895#Catalysis1491
5303,358|13972|14259,16310|16482,3,2,http://www.reactome.org/biopax/96/48895#BiochemicalReaction8748,1,http://www.reactome.org/biopax/96/48895#Catalysis4715
5304,173|3761|4017|10745,173|3762,4,2,http://www.reactome.org/biopax/96/48895#BiochemicalReaction3812,-1,http://www.reactome.org/biopax/96/48895#Control350
5305,4611|13927,4612|14446,2,2,http://www.reactome.org/biopax/96/48895#BiochemicalReaction4366,1,http://www.reactome.org/biopax/96/48895#Catalysis1922
5306,135|15812|16583,14317|15813,3,2,http://www.reactome.org/biopax/96/48895#BiochemicalReaction8296,1,http://www.reactome.org/biopax/96/48895#Catalysis4297
5307,6376|13927|16299,13979|14446,3,2,http://www.reactome.org/biopax/96/48895#BiochemicalReaction5975,1,http://www.reactome.org/biopax/96/48895#Control560
5308,2995|8756|10145,10146|11363,3,2,http://www.reactome.org/biopax/96/48895#BiochemicalReaction6663,1,http://www.reactome.org/biopax/96/48895#Catalysis2856
5309,9939|14598,14599|14600,2,2,http://www.reactome.org/biopax/96/48895#BiochemicalReaction6515,1,http://www.reactome.org/biopax/96/48895#Catalysis2715
5310,7180|14553,16541,2,1,http://www.reactome.org/biopax/96/48895#BiochemicalReaction6953,1,http://www.reactome.org/biopax/96/48895#Catalysis3034
5312,13548|13549|16462,3508|16466,3,2,http://www.reactome.org/biopax/96/48895#BiochemicalReaction3332,1,http://www.reactome.org/biopax/96/48895#Catalysis1542
5313,11715|14928|14939,14951|14962,3,2,http://www.reactome.org/biopax/96/48895#BiochemicalReaction877,1,http://www.reactome.org/biopax/96/48895#Catalysis345
5314,5198|13927,5199|14446,2,2,http://www.reactome.org/biopax/96/48895#BiochemicalReaction4879,1,http://www.reactome.org/biopax/96/48895#Catalysis2074
5315,556|14019|14297,14087|14237,3,2,http://www.reactome.org/biopax/96/48895#BiochemicalReaction8909,1,http://www.reactome.org/biopax/96/48895#Catalysis4777
5316,7335|15453|16552,15502|16563,3,2,http://www.reactome.org/biopax/96/48895#BiochemicalReaction7884,1,http://www.reactome.org/biopax/96/48895#Catalysis3924
5317,906|16294|16552,14793|16295|16563,3,3,http://www.reactome.org/biopax/96/48895#BiochemicalReaction960,1,http://www.reactome.org/biopax/96/48895#Catalysis415
5318,7931|14255|14793|16244|16563,16248|16482|16552,5,3,http://www.reactome.org/biopax/96/48895#BiochemicalReaction8680,1,http://www.reactome.org/biopax/96/48895#Catalysis4674
5319,5621|13147,10745,2,1,http://www.reactome.org/biopax/96/48895#BiochemicalReaction2660,1,http://www.reactome.org/biopax/96/48895#Catalysis1244
5320,5530|9957|11374,5582,3,1,http://www.reactome.org/biopax/96/48895#BiochemicalReaction504,-1,http://www.reactome.org/biopax/96/48895#Control35
5321,12553|14343|16518,16378|16519,3,2,http://www.reactome.org/biopax/96/48895#BiochemicalReaction1867,1,http://www.reactome.org/biopax/96/48895#Catalysis806
5322,1900|14233,15826,2,1,http://www.reactome.org/biopax/96/48895#BiochemicalReaction8306,1,http://www.reactome.org/biopax/96/48895#Catalysis4307
5323,6560|16482,6561|16574,2,2,http://www.reactome.org/biopax/96/48895#BiochemicalReaction6159,1,http://www.reactome.org/biopax/96/48895#Catalysis2521
5324,11650|14297|14343|14404,14237|14397|16378,4,3,http://www.reactome.org/biopax/96/48895#BiochemicalReaction767,1,http://www.reactome.org/biopax/96/48895#Catalysis284
5325,1190|1194,1193|16574,2,2,http://www.reactome.org/biopax/96/48895#BiochemicalReaction1200,1,http://www.reactome.org/biopax/96/48895#Control99
5326,4529|12294|13927,4530|14446,3,2,http://www.reactome.org/biopax/96/48895#BiochemicalReaction4277,-1,http://www.reactome.org/biopax/96/48895#Control398
5327,12280|14087|16437,14793|16434,3,2,http://www.reactome.org/biopax/96/48895#BiochemicalReaction1514,1,http://www.reactome.org/biopax/96/48895#Catalysis650
5328,312|14635|16250,16251,3,1,http://www.reactome.org/biopax/96/48895#BiochemicalReaction8682,1,http://www.reactome.org/biopax/96/48895#Catalysis4676
5329,5499|10076,10160|11363,2,2,http://www.reactome.org/biopax/96/48895#BiochemicalReaction6676,1,http://www.reactome.org/biopax/96/48895#Catalysis2869
5330,10698|15059|15060,14362|14526,3,2,http://www.reactome.org/biopax/96/48895#BiochemicalReaction7416,1,http://www.reactome.org/biopax/96/48895#Catalysis3473
5331,8595|8609,8610|10745,2,2,http://www.reactome.org/biopax/96/48895#BiochemicalReaction3997,1,http://www.reactome.org/biopax/96/48895#Catalysis1779
5332,314|16228|16389,16229|16230,3,2,http://www.reactome.org/biopax/96/48895#BiochemicalReaction8668,1,http://www.reactome.org/biopax/96/48895#Catalysis4662
5333,4927|4935|13927,4931|14446,3,2,http://www.reactome.org/biopax/96/48895#BiochemicalReaction4642,1,http://www.reactome.org/biopax/96/48895#Control423
5335,7678|14793|15573|16482,14734|15588,4,2,http://www.reactome.org/biopax/96/48895#BiochemicalReaction8068,1,http://www.reactome.org/biopax/96/48895#Catalysis4076
5337,10786|13927|14348,14207|14446|14793,3,3,http://www.reactome.org/biopax/96/48895#BiochemicalReaction7597,1,http://www.reactome.org/biopax/96/48895#Catalysis3651
5338,6129|9986|13927,9476|14446,3,2,http://www.reactome.org/biopax/96/48895#BiochemicalReaction5728,1,http://www.reactome.org/biopax/96/48895#Catalysis2355
5339,5621|6066,10745|13906,2,2,http://www.reactome.org/biopax/96/48895#BiochemicalReaction5665,1,http://www.reactome.org/biopax/96/48895#Catalysis2327
5340,7482|14793|15245|16563,15079|15247|16552,4,3,http://www.reactome.org/biopax/96/48895#BiochemicalReaction7652,1,http://www.reactome.org/biopax/96/48895#Catalysis3702
5342,3161|7796|8673,3147,3,1,http://www.reactome.org/biopax/96/48895#BiochemicalReaction310,-1,http://www.reactome.org/biopax/96/48895#Control19
5344,12261|12329,12330,2,1,http://www.reactome.org/biopax/96/48895#BiochemicalReaction1562,1,http://www.reactome.org/biopax/96/48895#Control150
5345,7609|7610|7612|10900|10901|10902,7613|7614|7615|14137,6,4,http://www.reactome.org/biopax/96/48895#BiochemicalReaction7977,1,http://www.reactome.org/biopax/96/48895#Catalysis4005
5346,6366|13927,6367|14446,2,2,http://www.reactome.org/biopax/96/48895#BiochemicalReaction5967,1,http://www.reactome.org/biopax/96/48895#Catalysis2447
5347,1299|12052|16416,12053|15343|16414,3,3,http://www.reactome.org/biopax/96/48895#BiochemicalReaction1295,1,http://www.reactome.org/biopax/96/48895#Catalysis555
5348,10876|11682,10876,2,1,http://www.reactome.org/biopax/96/48895#BiochemicalReaction7906,1,http://www.reactome.org/biopax/96/48895#Catalysis3944
5349,2402|12965|15939,2403|12948|14254,3,3,http://www.reactome.org/biopax/96/48895#BiochemicalReaction2432,1,http://www.reactome.org/biopax/96/48895#Catalysis1134
5350,10465|13949|14446|14793,13927|15294,4,2,http://www.reactome.org/biopax/96/48895#BiochemicalReaction6990,-1,http://www.reactome.org/biopax/96/48895#Control670
5351,8032|11950|16384,11951|16343,3,2,http://www.reactome.org/biopax/96/48895#BiochemicalReaction1185,1,http://www.reactome.org/biopax/96/48895#Catalysis515
5352,878|13927|15201,14446|15204,3,2,http://www.reactome.org/biopax/96/48895#BiochemicalReaction898,1,http://www.reactome.org/biopax/96/48895#Catalysis361
5353,15939|16412|16482,15251|15828,3,2,http://www.reactome.org/biopax/96/48895#BiochemicalReaction8309,-1,http://www.reactome.org/biopax/96/48895#Control809
5354,7104,7105|9111,1,2,http://www.reactome.org/biopax/96/48895#BiochemicalReaction6829,1,http://www.reactome.org/biopax/96/48895#Catalysis2956
5355,4938|12315|13927,12318|14446,3,2,http://www.reactome.org/biopax/96/48895#BiochemicalReaction4645,1,http://www.reactome.org/biopax/96/48895#Catalysis1982
5356,2494|5621,10745,2,1,http://www.reactome.org/biopax/96/48895#BiochemicalReaction2496,1,http://www.reactome.org/biopax/96/48895#Catalysis1156
5357,1944|12702|15050,1945|14793|15029,3,3,http://www.reactome.org/biopax/96/48895#BiochemicalReaction2115,1,http://www.reactome.org/biopax/96/48895#Catalysis1020
5358,7419|16363,7420,2,1,http://www.reactome.org/biopax/96/48895#BiochemicalReaction7534,1,http://www.reactome.org/biopax/96/48895#Catalysis3591
5359,7219|14659,10461|10462,2,2,http://www.reactome.org/biopax/96/48895#BiochemicalReaction6973,1,http://www.reactome.org/biopax/96/48895#Control660
5360,10851|14793|16336|16563,16335|16552,4,2,http://www.reactome.org/biopax/96/48895#BiochemicalReaction7784,1,http://www.reactome.org/biopax/96/48895#Catalysis3828
5361,497|11244,498,2,1,http://www.reactome.org/biopax/96/48895#BiochemicalReaction8851,1,http://www.reactome.org/biopax/96/48895#Control871
5362,789|14019,14087,2,1,http://www.reactome.org/biopax/96/48895#BiochemicalReaction820,1,http://www.reactome.org/biopax/96/48895#Catalysis320
5363,2784|2785|16504,2783|16514,3,2,http://www.reactome.org/biopax/96/48895#BiochemicalReaction2775,1,http://www.reactome.org/biopax/96/48895#Catalysis1310
5364,1208|16407,16382,2,1,http://www.reactome.org/biopax/96/48895#BiochemicalReaction1221,-1,http://www.reactome.org/biopax/96/48895#Control106
5365,12282|14087,14019,2,1,http://www.reactome.org/biopax/96/48895#BiochemicalReaction1515,1,http://www.reactome.org/biopax/96/48895#Catalysis651
5366,5621|6794,10745,2,1,http://www.reactome.org/biopax/96/48895#BiochemicalReaction6391,1,http://www.reactome.org/biopax/96/48895#Catalysis2612
5367,2077|16476,2076|2078,2,2,http://www.reactome.org/biopax/96/48895#BiochemicalReaction2251,1,http://www.reactome.org/biopax/96/48895#Catalysis1069
5368,3596|13690,13691|13692,2,2,http://www.reactome.org/biopax/96/48895#BiochemicalReaction3453,1,http://www.reactome.org/biopax/96/48895#Catalysis1585
5369,3596|13560,13698,2,1,http://www.reactome.org/biopax/96/48895#BiochemicalReaction3457,1,http://www.reactome.org/biopax/96/48895#Catalysis1589
5370,31|14793|15678|16482,14734|15462|16424,4,3,http://www.reactome.org/biopax/96/48895#BiochemicalReaction8133,1,http://www.reactome.org/biopax/96/48895#Catalysis4141
5371,7840|14255|14793|14853|16563,14854|16482|16552,5,3,http://www.reactome.org/biopax/96/48895#BiochemicalReaction7247,1,http://www.reactome.org/biopax/96/48895#Catalysis3306
5372,2650|13927,13043|13127|14446,2,3,http://www.reactome.org/biopax/96/48895#BiochemicalReaction2651,1,http://www.reactome.org/biopax/96/48895#Catalysis1239
5373,8063|12210|13998,8057|14008,3,2,http://www.reactome.org/biopax/96/48895#BiochemicalReaction1446,1,http://www.reactome.org/biopax/96/48895#Catalysis629
5374,2169,3987,1,1,http://www.reactome.org/biopax/96/48895#BiochemicalReaction16,1,http://www.reactome.org/biopax/96/48895#Catalysis8
5375,3862|8252,3863|13896,2,2,http://www.reactome.org/biopax/96/48895#BiochemicalReaction3696,1,http://www.reactome.org/biopax/96/48895#Catalysis1703
5376,10564|10567|14110,10566|14109|16551,3,3,http://www.reactome.org/biopax/96/48895#BiochemicalReaction7092,1,http://www.reactome.org/biopax/96/48895#Catalysis3163
5377,138|14420|15821|16583|16588,14419|15822|16343,5,3,http://www.reactome.org/biopax/96/48895#BiochemicalReaction8302,1,http://www.reactome.org/biopax/96/48895#Control806
5378,3216|14417|15902,13970|15948,3,2,http://www.reactome.org/biopax/96/48895#BiochemicalReaction8453,1,http://www.reactome.org/biopax/96/48895#Catalysis4454
5379,5936|15939,5939|14254,2,2,http://www.reactome.org/biopax/96/48895#BiochemicalReaction5542,1,http://www.reactome.org/biopax/96/48895#Catalysis2283
5380,10563|10570|14110,10578|14109|16551,3,3,http://www.reactome.org/biopax/96/48895#BiochemicalReaction7097,1,http://www.reactome.org/biopax/96/48895#Catalysis3167
5382,4368|13927|16299,13979|14446,3,2,http://www.reactome.org/biopax/96/48895#BiochemicalReaction4118,1,http://www.reactome.org/biopax/96/48895#Catalysis1828
5383,5591|13927,5592|14446,2,2,http://www.reactome.org/biopax/96/48895#BiochemicalReaction5221,1,http://www.reactome.org/biopax/96/48895#Catalysis2220
5384,41|15702|16504,15704|15705|16422,3,3,http://www.reactome.org/biopax/96/48895#BiochemicalReaction8149,1,http://www.reactome.org/biopax/96/48895#Catalysis4157
5385,12621|13967|14237|14290|14297,13958|14237|14297|14305,5,4,http://www.reactome.org/biopax/96/48895#BiochemicalReaction1955,1,http://www.reactome.org/biopax/96/48895#Catalysis893
5386,7246|14793|16482,7249|7815,3,2,http://www.reactome.org/biopax/96/48895#BiochemicalReaction7026,1,http://www.reactome.org/biopax/96/48895#Control681
5387,10594|14762|16462,14763|16422|16466,3,3,http://www.reactome.org/biopax/96/48895#BiochemicalReaction7147,1,http://www.reactome.org/biopax/96/48895#Catalysis3215
5388,795|798,5931,2,1,http://www.reactome.org/biopax/96/48895#BiochemicalReaction5530,1,http://www.reactome.org/biopax/96/48895#Catalysis2272
5390,3116|8198,3092|3117,2,2,http://www.reactome.org/biopax/96/48895#BiochemicalReaction3041,1,http://www.reactome.org/biopax/96/48895#Catalysis1449
5391,2637|16462,13131|13138|16466,2,3,http://www.reactome.org/biopax/96/48895#BiochemicalReaction2640,1,http://www.reactome.org/biopax/96/48895#Catalysis1236
5392,11095|16152|16482,16153|16154,3,2,http://www.reactome.org/biopax/96/48895#BiochemicalReaction8612,1,http://www.reactome.org/biopax/96/48895#Catalysis4608
5393,158|14304|14417,13970|16418,3,2,http://www.reactome.org/biopax/96/48895#BiochemicalReaction8333,1,http://www.reactome.org/biopax/96/48895#Catalysis4334
5394,12181|12196|13998,12195|14008,3,2,http://www.reactome.org/biopax/96/48895#BiochemicalReaction1428,1,http://www.reactome.org/biopax/96/48895#Catalysis617
5395,1770|13927,6711|14446,2,2,http://www.reactome.org/biopax/96/48895#BiochemicalReaction6337,1,http://www.reactome.org/biopax/96/48895#Catalysis2597
5396,4003|10745,4004,2,1,http://www.reactome.org/biopax/96/48895#BiochemicalReaction3806,1,http://www.reactome.org/biopax/96/48895#Catalysis1732
5397,6883|10175|13028,10087|11363,3,2,http://www.reactome.org/biopax/96/48895#BiochemicalReaction6611,1,http://www.reactome.org/biopax/96/48895#Catalysis2805
5398,11680|13456|16462,11681|16466,3,2,http://www.reactome.org/biopax/96/48895#BiochemicalReaction3217,1,http://www.reactome.org/biopax/96/48895#Catalysis1505
5399,4789|13927,4790|14446,2,2,http://www.reactome.org/biopax/96/48895#BiochemicalReaction4514,1,http://www.reactome.org/biopax/96/48895#Catalysis1947
5401,4660|13927,4661|14446,2,2,http://www.reactome.org/biopax/96/48895#BiochemicalReaction4413,1,http://www.reactome.org/biopax/96/48895#Catalysis1933
5402,3567|9738|13927,9740|14446,3,2,http://www.reactome.org/biopax/96/48895#BiochemicalReaction6216,-1,http://www.reactome.org/biopax/96/48895#Control573
5403,10678|16535,7373,2,1,http://www.reactome.org/biopax/96/48895#BiochemicalReaction7392,1,http://www.reactome.org/biopax/96/48895#Catalysis3449
5404,10514|10516|13927,10515|14446|16551,3,3,http://www.reactome.org/biopax/96/48895#BiochemicalReaction7056,1,http://www.reactome.org/biopax/96/48895#Catalysis3132
5405,6638,6617|11600,1,2,http://www.reactome.org/biopax/96/48895#BiochemicalReaction6270,1,http://www.reactome.org/biopax/96/48895#Catalysis2572
5406,50|13927|15716,14446|14793|16411,3,3,http://www.reactome.org/biopax/96/48895#BiochemicalReaction8160,1,http://www.reactome.org/biopax/96/48895#Catalysis4168
5408,8423|14329,14330,2,1,http://www.reactome.org/biopax/96/48895#BiochemicalReaction3703,1,http://www.reactome.org/biopax/96/48895#Catalysis1708
5409,5000|8969,12440|16574,2,2,http://www.reactome.org/biopax/96/48895#BiochemicalReaction4694,1,http://www.reactome.org/biopax/96/48895#Catalysis1992
5410,8771|12411,1662,2,1,http://www.reactome.org/biopax/96/48895#BiochemicalReaction4236,1,http://www.reactome.org/biopax/96/48895#Control390
5411,5218|9025|13927,8532|14446,3,2,http://www.reactome.org/biopax/96/48895#BiochemicalReaction4898,1,http://www.reactome.org/biopax/96/48895#Catalysis2081
5412,6883|6884|12042,10052|11363,3,2,http://www.reactome.org/biopax/96/48895#BiochemicalReaction6585,1,http://www.reactome.org/biopax/96/48895#Catalysis2779
5413,178|14417|15917,13970|15918,3,2,http://www.reactome.org/biopax/96/48895#BiochemicalReaction8417,1,http://www.reactome.org/biopax/96/48895#Catalysis4418
5414,12501|16329|16507,16508|16509,3,2,http://www.reactome.org/biopax/96/48895#BiochemicalReaction1794,1,http://www.reactome.org/biopax/96/48895#Catalysis754
5415,9717|9721|16462,9722|16466,3,2,http://www.reactome.org/biopax/96/48895#BiochemicalReaction6182,1,http://www.reactome.org/biopax/96/48895#Catalysis2531
5416,10485|10488|14108,10487|14324|16551,3,3,http://www.reactome.org/biopax/96/48895#BiochemicalReaction7039,1,http://www.reactome.org/biopax/96/48895#Catalysis3117
5418,7347|14419|14954,14420|14955|16588,3,3,http://www.reactome.org/biopax/96/48895#BiochemicalReaction7338,1,http://www.reactome.org/biopax/96/48895#Catalysis3397
5419,12655|14109|15733,14110|15740,3,2,http://www.reactome.org/biopax/96/48895#BiochemicalReaction2013,1,http://www.reactome.org/biopax/96/48895#Catalysis945
5420,10638|14255|15438,15439,3,1,http://www.reactome.org/biopax/96/48895#BiochemicalReaction7835,1,http://www.reactome.org/biopax/96/48895#Catalysis3875
5421,1776|16351|16484,14323|16480|16485,3,3,http://www.reactome.org/biopax/96/48895#BiochemicalReaction1775,1,http://www.reactome.org/biopax/96/48895#Catalysis736
5422,4213|8245|8293,4028,3,1,http://www.reactome.org/biopax/96/48895#BiochemicalReaction3967,1,http://www.reactome.org/biopax/96/48895#Catalysis1773
5423,7250|14430|14687,14686|14688,3,2,http://www.reactome.org/biopax/96/48895#BiochemicalReaction7031,1,http://www.reactome.org/biopax/96/48895#Catalysis3109
5425,3596|12080,13715|13716,2,2,http://www.reactome.org/biopax/96/48895#BiochemicalReaction3466,1,http://www.reactome.org/biopax/96/48895#Catalysis1597
5426,4343|8647|13927,8641|14446,3,2,http://www.reactome.org/biopax/96/48895#BiochemicalReaction4089,1,http://www.reactome.org/biopax/96/48895#Catalysis1813
5427,2810|12804,2812,2,1,http://www.reactome.org/biopax/96/48895#BiochemicalReaction2798,1,http://www.reactome.org/biopax/96/48895#Catalysis1321
5428,717,705|707|11623|11628|11629|11630|11631|11634|14328,1,9,http://www.reactome.org/biopax/96/48895#BiochemicalReaction756,1,http://www.reactome.org/biopax/96/48895#Catalysis273
5429,11724|14075|14297,14076|14237,3,2,http://www.reactome.org/biopax/96/48895#BiochemicalReaction1994,1,http://www.reactome.org/biopax/96/48895#Catalysis929
5430,621|625|11567,627,3,1,http://www.reactome.org/biopax/96/48895#BiochemicalReaction700,1,http://www.reactome.org/biopax/96/48895#Control51
5431,144|12276|13927,145|14446,3,2,http://www.reactome.org/biopax/96/48895#BiochemicalReaction8310,1,http://www.reactome.org/biopax/96/48895#Catalysis4311
5432,1874|12918|13927,2314|14446,3,2,http://www.reactome.org/biopax/96/48895#BiochemicalReaction2390,1,http://www.reactome.org/biopax/96/48895#Catalysis1113
5433,11675|11686|11792,1859,3,1,http://www.reactome.org/biopax/96/48895#BiochemicalReaction8,1,http://www.reactome.org/biopax/96/48895#Catalysis3
5434,1706|5137|15939,1707|14254,3,2,http://www.reactome.org/biopax/96/48895#BiochemicalReaction4814,1,http://www.reactome.org/biopax/96/48895#Control441
5435,2958|14283|16328|16333,14284|16331|16332|16420,4,4,http://www.reactome.org/biopax/96/48895#BiochemicalReaction2910,1,http://www.reactome.org/biopax/96/48895#Catalysis1386
5436,309|16217,15814|16216,2,2,http://www.reactome.org/biopax/96/48895#BiochemicalReaction8660,1,http://www.reactome.org/biopax/96/48895#Catalysis4654
5437,5462|10745|13775,5463,3,1,http://www.reactome.org/biopax/96/48895#BiochemicalReaction5109,1,http://www.reactome.org/biopax/96/48895#Catalysis2176
5438,14166|15545|16393,14417|14926,3,2,http://www.reactome.org/biopax/96/48895#BiochemicalReaction8015,1,http://www.reactome.org/biopax/96/48895#Control772
5439,730|14423|14430,14433|14440,3,2,http://www.reactome.org/biopax/96/48895#BiochemicalReaction771,1,http://www.reactome.org/biopax/96/48895#Catalysis288
5440,11950|11952|16400,11951|16343|16401,3,3,http://www.reactome.org/biopax/96/48895#BiochemicalReaction1192,1,http://www.reactome.org/biopax/96/48895#Catalysis521
5441,12700|14297,14237,2,1,http://www.reactome.org/biopax/96/48895#BiochemicalReaction2102,1,http://www.reactome.org/biopax/96/48895#Catalysis1012
5442,10271|11931,11933,2,1,http://www.reactome.org/biopax/96/48895#BiochemicalReaction1139,1,http://www.reactome.org/biopax/96/48895#Control95
5444,3005|3071|15939,3013|14254,3,2,http://www.reactome.org/biopax/96/48895#BiochemicalReaction984,1,http://www.reactome.org/biopax/96/48895#Catalysis430
5445,12705|15079,16455,2,1,http://www.reactome.org/biopax/96/48895#BiochemicalReaction2124,1,http://www.reactome.org/biopax/96/48895#Catalysis1026
5446,4283|4285|13927,4286|14446,3,2,http://www.reactome.org/biopax/96/48895#BiochemicalReaction4034,1,http://www.reactome.org/biopax/96/48895#Catalysis1786
5447,6988|16504,6989|7939,2,2,http://www.reactome.org/biopax/96/48895#BiochemicalReaction6724,1,http://www.reactome.org/biopax/96/48895#Catalysis2907
5448,3522|5115,5116,2,1,http://www.reactome.org/biopax/96/48895#BiochemicalReaction4796,1,http://www.reactome.org/biopax/96/48895#Control436
5449,4490|4493|4496,4494,3,1,http://www.reactome.org/biopax/96/48895#BiochemicalReaction4255,-1,http://www.reactome.org/biopax/96/48895#Control395
5450,6203|14158|16343,6202|16345,3,2,http://www.reactome.org/biopax/96/48895#BiochemicalReaction7949,1,http://www.reactome.org/biopax/96/48895#Control743
5451,4538|8786|16504,8785|16514,3,2,http://www.reactome.org/biopax/96/48895#BiochemicalReaction4288,1,http://www.reactome.org/biopax/96/48895#Catalysis1888
5452,6318|13927,6319|14446,2,2,http://www.reactome.org/biopax/96/48895#BiochemicalReaction5901,1,http://www.reactome.org/biopax/96/48895#Catalysis2416
5453,10967|15715,15716,2,1,http://www.reactome.org/biopax/96/48895#BiochemicalReaction8159,1,http://www.reactome.org/biopax/96/48895#Catalysis4167
5454,12176|12177|16328|16329,12142|16331|16332|16420,4,4,http://www.reactome.org/biopax/96/48895#BiochemicalReaction1404,1,http://www.reactome.org/biopax/96/48895#Catalysis594
5456,10317|14168|14417|16588,10893|14317,4,2,http://www.reactome.org/biopax/96/48895#BiochemicalReaction7964,-1,http://www.reactome.org/biopax/96/48895#Control750
5457,1823|13927|14810|16482,14362|14446|14793|15015,4,4,http://www.reactome.org/biopax/96/48895#BiochemicalReaction7371,1,http://www.reactome.org/biopax/96/48895#Catalysis3428
5458,206|15922|16482,15923|16574,3,2,http://www.reactome.org/biopax/96/48895#BiochemicalReaction8421,1,http://www.reactome.org/biopax/96/48895#Catalysis4422
5459,7910|14873|15343|15607|16088,14874|15321|16089,5,3,http://www.reactome.org/biopax/96/48895#BiochemicalReaction8570,1,http://www.reactome.org/biopax/96/48895#Catalysis4567
5461,6119|6124|13927,6125|14446,3,2,http://www.reactome.org/biopax/96/48895#BiochemicalReaction5709,1,http://www.reactome.org/biopax/96/48895#Catalysis2346
5462,16029|16157|16158,16159|16160,3,2,http://www.reactome.org/biopax/96/48895#BiochemicalReaction8614,-1,http://www.reactome.org/biopax/96/48895#Control841
5463,10483|13927|14689,14446|14793|15733,3,3,http://www.reactome.org/biopax/96/48895#BiochemicalReaction7037,1,http://www.reactome.org/biopax/96/48895#Catalysis3115
5465,3603|11881|13927,3604|13646|14446,3,3,http://www.reactome.org/biopax/96/48895#BiochemicalReaction3410,1,http://www.reactome.org/biopax/96/48895#Catalysis1568
5466,559|11311|13927,11326|14446,3,2,http://www.reactome.org/biopax/96/48895#BiochemicalReaction8914,-1,http://www.reactome.org/biopax/96/48895#Control910
5467,6644|13927,6645|14446,2,2,http://www.reactome.org/biopax/96/48895#BiochemicalReaction6279,1,http://www.reactome.org/biopax/96/48895#Catalysis2578
5468,1574|13927,1575|14446,2,2,http://www.reactome.org/biopax/96/48895#BiochemicalReaction1584,1,http://www.reactome.org/biopax/96/48895#Catalysis680
5469,1834|13928,14147,2,1,http://www.reactome.org/biopax/96/48895#BiochemicalReaction1839,1,http://www.reactome.org/biopax/96/48895#Control183
5470,5308|13927,5309|14446,2,2,http://www.reactome.org/biopax/96/48895#BiochemicalReaction4971,1,http://www.reactome.org/biopax/96/48895#Catalysis2115
5471,3763|3764|13834|13835,3764|3765|13835,4,3,http://www.reactome.org/biopax/96/48895#BiochemicalReaction3603,1,http://www.reactome.org/biopax/96/48895#Catalysis1659
5472,3113,3037|3114|13296|13305,1,4,http://www.reactome.org/biopax/96/48895#BiochemicalReaction3039,1,http://www.reactome.org/biopax/96/48895#Catalysis1447
5473,9941|14108|14604,7791,3,1,http://www.reactome.org/biopax/96/48895#BiochemicalReaction6519,1,http://www.reactome.org/biopax/96/48895#Catalysis2719
5474,497|11242,498,2,1,http://www.reactome.org/biopax/96/48895#BiochemicalReaction8851,1,http://www.reactome.org/biopax/96/48895#Control869
5475,6157|13927,14815|15079,2,2,http://www.reactome.org/biopax/96/48895#BiochemicalReaction5752,1,http://www.reactome.org/biopax/96/48895#Catalysis2363
5476,162|164|16343,161|16345,3,2,http://www.reactome.org/biopax/96/48895#BiochemicalReaction8346,1,http://www.reactome.org/biopax/96/48895#Catalysis4347
5477,1403|8831,8832|13792,2,2,http://www.reactome.org/biopax/96/48895#BiochemicalReaction4353,1,http://www.reactome.org/biopax/96/48895#Control404
5478,7289|16471|16482,14800|16574,3,2,http://www.reactome.org/biopax/96/48895#BiochemicalReaction7187,1,http://www.reactome.org/biopax/96/48895#Catalysis3255
5479,1977|11682|13927,1978|14446,3,2,http://www.reactome.org/biopax/96/48895#BiochemicalReaction2157,1,http://www.reactome.org/biopax/96/48895#Catalysis1047
5480,1827|13927|16482|16520,14446|16358|16574,4,3,http://www.reactome.org/biopax/96/48895#BiochemicalReaction1829,1,http://www.reactome.org/biopax/96/48895#Catalysis772
5481,1543|11735|15939,1544|14254,3,2,http://www.reactome.org/biopax/96/48895#BiochemicalReaction1557,1,http://www.reactome.org/biopax/96/48895#Catalysis668
5482,5808|16025|16026,13958|16607,3,2,http://www.reactome.org/biopax/96/48895#BiochemicalReaction8521,1,http://www.reactome.org/biopax/96/48895#Control829
5483,12288|12289|13927,12290|14446,3,2,http://www.reactome.org/biopax/96/48895#BiochemicalReaction1520,1,http://www.reactome.org/biopax/96/48895#Catalysis654
5484,2617|2676|13927,2677|14446,3,2,http://www.reactome.org/biopax/96/48895#BiochemicalReaction2673,1,http://www.reactome.org/biopax/96/48895#Catalysis1253
5485,10723|14196|15105,14362|14375,3,2,http://www.reactome.org/biopax/96/48895#BiochemicalReaction7485,1,http://www.reactome.org/biopax/96/48895#Catalysis3542
5486,10751|13927|15103,14446|14493,3,2,http://www.reactome.org/biopax/96/48895#BiochemicalReaction7539,1,http://www.reactome.org/biopax/96/48895#Catalysis3596
5487,5499|10122,10123|11363,2,2,http://www.reactome.org/biopax/96/48895#BiochemicalReaction6640,1,http://www.reactome.org/biopax/96/48895#Catalysis2834
5488,8944|10340|10341,9383|10342,3,2,http://www.reactome.org/biopax/96/48895#BiochemicalReaction6855,-1,http://www.reactome.org/biopax/96/48895#Control616
5489,10733|14186,7407,2,1,http://www.reactome.org/biopax/96/48895#BiochemicalReaction7507,1,http://www.reactome.org/biopax/96/48895#Catalysis3564
5490,5773|9255|16445,5772,3,1,http://www.reactome.org/biopax/96/48895#BiochemicalReaction5385,1,http://www.reactome.org/biopax/96/48895#Control489
5491,11099|15740|16482,14308|16574,3,2,http://www.reactome.org/biopax/96/48895#BiochemicalReaction8643,1,http://www.reactome.org/biopax/96/48895#Catalysis4637
5492,259|16025|16026,13958|16607,3,2,http://www.reactome.org/biopax/96/48895#BiochemicalReaction8521,1,http://www.reactome.org/biopax/96/48895#Catalysis4520
5493,5524|5542|12011,5541,3,1,http://www.reactome.org/biopax/96/48895#BiochemicalReaction5179,1,http://www.reactome.org/biopax/96/48895#Control472
5494,4318|4327|13927,4333|14446,3,2,http://www.reactome.org/biopax/96/48895#BiochemicalReaction4080,1,http://www.reactome.org/biopax/96/48895#Catalysis1808
5495,12856|16482|16522,14371|14372,3,2,http://www.reactome.org/biopax/96/48895#BiochemicalReaction4057,1,http://www.reactome.org/biopax/96/48895#Catalysis1800
5497,723|14309|14793,14397|16424,3,2,http://www.reactome.org/biopax/96/48895#BiochemicalReaction763,1,http://www.reactome.org/biopax/96/48895#Catalysis280
5498,12562|13928|14297|14343,14147|14237|16378,4,3,http://www.reactome.org/biopax/96/48895#BiochemicalReaction1875,1,http://www.reactome.org/biopax/96/48895#Catalysis813
5499,4389|16462,4399|16466,2,2,http://www.reactome.org/biopax/96/48895#BiochemicalReaction401,1,http://www.reactome.org/biopax/96/48895#Catalysis142
5500,1020|5499|10605,10154|11363,3,2,http://www.reactome.org/biopax/96/48895#BiochemicalReaction6671,1,http://www.reactome.org/biopax/96/48895#Catalysis2864
5501,12592|14335,14350,2,1,http://www.reactome.org/biopax/96/48895#BiochemicalReaction1910,1,http://www.reactome.org/biopax/96/48895#Catalysis848
5502,13849|13850|16413,13852,3,1,http://www.reactome.org/biopax/96/48895#BiochemicalReaction3656,-1,http://www.reactome.org/biopax/96/48895#Control342
5503,11594|14196|14653,14362|15045,3,2,http://www.reactome.org/biopax/96/48895#BiochemicalReaction7398,1,http://www.reactome.org/biopax/96/48895#Catalysis3455
5504,11583|15366|15367,14362|15320,3,2,http://www.reactome.org/biopax/96/48895#BiochemicalReaction7758,1,http://www.reactome.org/biopax/96/48895#Catalysis3802
5505,12558|14297|16570,14237|16572,3,2,http://www.reactome.org/biopax/96/48895#BiochemicalReaction1871,1,http://www.reactome.org/biopax/96/48895#Catalysis810
5506,814|852|16287,863|16284,3,2,http://www.reactome.org/biopax/96/48895#BiochemicalReaction104,1,http://www.reactome.org/biopax/96/48895#Catalysis36
5507,7593|15533,7594|14137,2,2,http://www.reactome.org/biopax/96/48895#BiochemicalReaction7972,1,http://www.reactome.org/biopax/96/48895#Catalysis4000
5508,7310|14371|15607,14840,3,1,http://www.reactome.org/biopax/96/48895#BiochemicalReaction7229,1,http://www.reactome.org/biopax/96/48895#Catalysis3289
5509,11934|11941|13927,11940|16466,3,2,http://www.reactome.org/biopax/96/48895#BiochemicalReaction1154,1,http://www.reactome.org/biopax/96/48895#Catalysis496
5510,6606|9767,6605|10745,2,2,http://www.reactome.org/biopax/96/48895#BiochemicalReaction6257,-1,http://www.reactome.org/biopax/96/48895#Control589
5512,693|14237,697|16353,2,2,http://www.reactome.org/biopax/96/48895#BiochemicalReaction735,1,http://www.reactome.org/biopax/96/48895#Control55
5514,12635|14297|16494,14237|16515,3,2,http://www.reactome.org/biopax/96/48895#BiochemicalReaction1982,1,http://www.reactome.org/biopax/96/48895#Catalysis918
5515,2873|14279,2874|14078,2,2,http://www.reactome.org/biopax/96/48895#BiochemicalReaction2853,1,http://www.reactome.org/biopax/96/48895#Catalysis1355
5516,10974|14362,15568,2,1,http://www.reactome.org/biopax/96/48895#BiochemicalReaction8173,1,http://www.reactome.org/biopax/96/48895#Catalysis4181
5517,10645|14371|14873|15343|15607,14874|14875|15321,5,3,http://www.reactome.org/biopax/96/48895#BiochemicalReaction7267,1,http://www.reactome.org/biopax/96/48895#Catalysis3326
5518,6329|13927,6332|14446,2,2,http://www.reactome.org/biopax/96/48895#BiochemicalReaction5912,1,http://www.reactome.org/biopax/96/48895#Catalysis2420
5519,3579|13617|13618,3582,3,1,http://www.reactome.org/biopax/96/48895#BiochemicalReaction3392,-1,http://www.reactome.org/biopax/96/48895#Control303
5520,7251|14430|14695,14688|14697,3,2,http://www.reactome.org/biopax/96/48895#BiochemicalReaction7050,1,http://www.reactome.org/biopax/96/48895#Catalysis3126
5521,769|9568|12441,6105,3,1,http://www.reactome.org/biopax/96/48895#BiochemicalReaction5885,-1,http://www.reactome.org/biopax/96/48895#Control543
5522,10676|14521|15040,14362|14805,3,2,http://www.reactome.org/biopax/96/48895#BiochemicalReaction7391,1,http://www.reactome.org/biopax/96/48895#Catalysis3448
5523,2357|16482,2358|2359|16574,2,3,http://www.reactome.org/biopax/96/48895#BiochemicalReaction2413,1,http://www.reactome.org/biopax/96/48895#Catalysis1120
5524,7822|14357|14709,13945|14362|14710,3,3,http://www.reactome.org/biopax/96/48895#BiochemicalReaction7083,1,http://www.reactome.org/biopax/96/48895#Catalysis3154
5525,10732|15116|15117,15119|16608,3,2,http://www.reactome.org/biopax/96/48895#BiochemicalReaction7499,1,http://www.reactome.org/biopax/96/48895#Catalysis3556
5526,776|16462,777|16466,2,2,http://www.reactome.org/biopax/96/48895#BiochemicalReaction813,1,http://www.reactome.org/biopax/96/48895#Catalysis316
5527,5769|9254|16445,5768,3,1,http://www.reactome.org/biopax/96/48895#BiochemicalReaction5381,1,http://www.reactome.org/biopax/96/48895#Control487
5528,3768|3770|13836,3773,3,1,http://www.reactome.org/biopax/96/48895#BiochemicalReaction3607,-1,http://www.reactome.org/biopax/96/48895#Control334
5529,1072|4044|16504,4042|16514,3,2,http://www.reactome.org/biopax/96/48895#BiochemicalReaction3836,-1,http://www.reactome.org/biopax/96/48895#Control358
5531,10827|15335|16391|16583|16588,15337|16343|16392,5,3,http://www.reactome.org/biopax/96/48895#BiochemicalReaction7725,1,http://www.reactome.org/biopax/96/48895#Catalysis3773
5532,9553|11921,9555,2,1,http://www.reactome.org/biopax/96/48895#BiochemicalReaction5857,1,http://www.reactome.org/biopax/96/48895#Control537
5533,7799|10029,13300,2,1,http://www.reactome.org/biopax/96/48895#BiochemicalReaction6572,1,http://www.reactome.org/biopax/96/48895#Catalysis2766
5534,5369|7571,7572,2,1,http://www.reactome.org/biopax/96/48895#BiochemicalReaction7932,1,http://www.reactome.org/biopax/96/48895#Catalysis3963
5535,104|15778,15779|16482,2,2,http://www.reactome.org/biopax/96/48895#BiochemicalReaction8252,1,http://www.reactome.org/biopax/96/48895#Catalysis4257
5536,4585|8815|14399,8816|15079,3,2,http://www.reactome.org/biopax/96/48895#BiochemicalReaction4334,1,http://www.reactome.org/biopax/96/48895#Catalysis1912
5537,13927|14675|16574,14308|14793|15069,3,3,http://www.reactome.org/biopax/96/48895#BiochemicalReaction7021,1,http://www.reactome.org/biopax/96/48895#Control677
5538,14|13927|15624,14446|14793|15625,3,3,http://www.reactome.org/biopax/96/48895#BiochemicalReaction8087,1,http://www.reactome.org/biopax/96/48895#Catalysis4095
5539,10983|14635|15734,67|14793|15735,3,3,http://www.reactome.org/biopax/96/48895#BiochemicalReaction8192,1,http://www.reactome.org/biopax/96/48895#Catalysis4200
5540,8004|11773|14793|16563,16297|16552,4,2,http://www.reactome.org/biopax/96/48895#BiochemicalReaction963,1,http://www.reactome.org/biopax/96/48895#Catalysis418
5542,885|15395|15733,15740|16194,3,2,http://www.reactome.org/biopax/96/48895#BiochemicalReaction8640,1,http://www.reactome.org/biopax/96/48895#Catalysis4634
5543,4028|8596,4213|8245,2,2,http://www.reactome.org/biopax/96/48895#BiochemicalReaction3968,1,http://www.reactome.org/biopax/96/48895#Catalysis1774
5544,3166|14019,14087,2,1,http://www.reactome.org/biopax/96/48895#BiochemicalReaction3077,1,http://www.reactome.org/biopax/96/48895#Catalysis1463
5545,8543|11680|16462,11681|16466,3,2,http://www.reactome.org/biopax/96/48895#BiochemicalReaction3839,1,http://www.reactome.org/biopax/96/48895#Catalysis1750
5546,919|16305,14323,2,1,http://www.reactome.org/biopax/96/48895#BiochemicalReaction978,1,http://www.reactome.org/biopax/96/48895#Catalysis427
5547,10634|14842,14845,2,1,http://www.reactome.org/biopax/96/48895#BiochemicalReaction7236,1,http://www.reactome.org/biopax/96/48895#Catalysis3296
5548,7263|10549|14430,10518|14701,3,2,http://www.reactome.org/biopax/96/48895#BiochemicalReaction7074,1,http://www.reactome.org/biopax/96/48895#Catalysis3145
5549,11330|15939,15079|16432,2,2,http://www.reactome.org/biopax/96/48895#BiochemicalReaction8919,1,http://www.reactome.org/biopax/96/48895#Catalysis4784
5550,2738|2740|16482,2732|8183|16574,3,3,http://www.reactome.org/biopax/96/48895#BiochemicalReaction2728,1,http://www.reactome.org/biopax/96/48895#Catalysis1286
5551,497|11248,498,2,1,http://www.reactome.org/biopax/96/48895#BiochemicalReaction8851,1,http://www.reactome.org/biopax/96/48895#Control876
5552,7240|14652|14677,14679|16533,3,2,http://www.reactome.org/biopax/96/48895#BiochemicalReaction7012,1,http://www.reactome.org/biopax/96/48895#Catalysis3091
5554,153|14420|15839|16588,14419|15840,4,2,http://www.reactome.org/biopax/96/48895#BiochemicalReaction8326,1,http://www.reactome.org/biopax/96/48895#Catalysis4327
5555,2995|9537|13302,10055|11363,3,2,http://www.reactome.org/biopax/96/48895#BiochemicalReaction6588,1,http://www.reactome.org/biopax/96/48895#Catalysis2782
5556,1495|6310|16482,6311|16574,3,2,http://www.reactome.org/biopax/96/48895#BiochemicalReaction5896,1,http://www.reactome.org/biopax/96/48895#Catalysis2414
5557,682|16482,10117|10745|11584,2,3,http://www.reactome.org/biopax/96/48895#BiochemicalReaction726,1,http://www.reactome.org/biopax/96/48895#Catalysis252
5558,10694|14526|16482,14530|15058,3,2,http://www.reactome.org/biopax/96/48895#BiochemicalReaction7415,1,http://www.reactome.org/biopax/96/48895#Catalysis3472
5559,1908|14087|15343,14140|14793,3,2,http://www.reactome.org/biopax/96/48895#BiochemicalReaction2067,1,http://www.reactome.org/biopax/96/48895#Control192
5560,11534|13605|16462,13606|16466,3,2,http://www.reactome.org/biopax/96/48895#BiochemicalReaction3374,1,http://www.reactome.org/biopax/96/48895#Catalysis1554
5561,7336|15454|16482,15481,3,1,http://www.reactome.org/biopax/96/48895#BiochemicalReaction7869,1,http://www.reactome.org/biopax/96/48895#Catalysis3909
5562,8108|8109|16351,16490|16491,3,2,http://www.reactome.org/biopax/96/48895#BiochemicalReaction1782,1,http://www.reactome.org/biopax/96/48895#Catalysis743
5563,107|15778|16482|16552,14793|15770|16424|16563,4,4,http://www.reactome.org/biopax/96/48895#BiochemicalReaction8259,1,http://www.reactome.org/biopax/96/48895#Catalysis4264
5564,12554|14237|16518,14297|16519,3,2,http://www.reactome.org/biopax/96/48895#BiochemicalReaction1868,1,http://www.reactome.org/biopax/96/48895#Catalysis807
5565,8720|10415|14184,10414|14362,3,2,http://www.reactome.org/biopax/96/48895#BiochemicalReaction6917,1,http://www.reactome.org/biopax/96/48895#Catalysis3008
5566,7854|13927|16449,14446|15037,3,2,http://www.reactome.org/biopax/96/48895#BiochemicalReaction7386,1,http://www.reactome.org/biopax/96/48895#Catalysis3443
5567,1881|14130|14131,16568,3,1,http://www.reactome.org/biopax/96/48895#BiochemicalReaction2040,1,http://www.reactome.org/biopax/96/48895#Catalysis969
5568,51|16482|16575,14308|14793|16411,3,3,http://www.reactome.org/biopax/96/48895#BiochemicalReaction8162,1,http://www.reactome.org/biopax/96/48895#Catalysis4170
5569,12264|14912|15607|16423,14913|15321|16426,4,3,http://www.reactome.org/biopax/96/48895#BiochemicalReaction7299,1,http://www.reactome.org/biopax/96/48895#Catalysis3358
5570,12534|14297|14793,14237|14323,3,2,http://www.reactome.org/biopax/96/48895#BiochemicalReaction1844,1,http://www.reactome.org/biopax/96/48895#Catalysis783
5571,7524|15568|15864,14484|14964,3,2,http://www.reactome.org/biopax/96/48895#BiochemicalReaction8354,1,http://www.reactome.org/biopax/96/48895#Catalysis4355
5572,11749|14255|14793|16057|16563,16079|16482|16552,5,3,http://www.reactome.org/biopax/96/48895#BiochemicalReaction937,1,http://www.reactome.org/biopax/96/48895#Catalysis398
5573,10828|13927|14362|15300,14308|15079|15301,4,3,http://www.reactome.org/biopax/96/48895#BiochemicalReaction7699,1,http://www.reactome.org/biopax/96/48895#Catalysis3747
5575,4318|4325|13927,4326|14446,3,2,http://www.reactome.org/biopax/96/48895#BiochemicalReaction4075,1,http://www.reactome.org/biopax/96/48895#Catalysis1805
5576,7135|9127|16351,10353,3,1,http://www.reactome.org/biopax/96/48895#BiochemicalReaction6871,1,http://www.reactome.org/biopax/96/48895#Catalysis2988
5577,12156|12158|16328|16329,12142|16331|16332|16420,4,4,http://www.reactome.org/biopax/96/48895#BiochemicalReaction1394,1,http://www.reactome.org/biopax/96/48895#Catalysis584
5578,11732|13927|15126,14446|15185,3,2,http://www.reactome.org/biopax/96/48895#BiochemicalReaction895,1,http://www.reactome.org/biopax/96/48895#Catalysis358
5579,7361|14982|16387,14983|16386,3,2,http://www.reactome.org/biopax/96/48895#BiochemicalReaction7354,1,http://www.reactome.org/biopax/96/48895#Catalysis3411
5580,10816|15265,15266,2,1,http://www.reactome.org/biopax/96/48895#BiochemicalReaction7664,1,http://www.reactome.org/biopax/96/48895#Catalysis3714
5581,6404|9655|16482,6403|16574,3,2,http://www.reactome.org/biopax/96/48895#BiochemicalReaction6018,1,http://www.reactome.org/biopax/96/48895#Catalysis2479
5582,10827|15334|16391|16583|16588,15335|16343|16392,5,3,http://www.reactome.org/biopax/96/48895#BiochemicalReaction7723,1,http://www.reactome.org/biopax/96/48895#Catalysis3771
5583,10869|14635|15449,14855|15466|16482,3,3,http://www.reactome.org/biopax/96/48895#BiochemicalReaction7856,1,http://www.reactome.org/biopax/96/48895#Catalysis3896
5584,7376|16482|16523,14530|15108,3,2,http://www.reactome.org/biopax/96/48895#BiochemicalReaction7489,1,http://www.reactome.org/biopax/96/48895#Catalysis3546
5585,2981|9992,2983,2,1,http://www.reactome.org/biopax/96/48895#BiochemicalReaction2933,1,http://www.reactome.org/biopax/96/48895#Catalysis1397
5586,282|14255|16131|16482,14263|16132|16580,4,3,http://www.reactome.org/biopax/96/48895#BiochemicalReaction8596,1,http://www.reactome.org/biopax/96/48895#Catalysis4593
5587,10456|14155|16541,14655|16574,3,2,http://www.reactome.org/biopax/96/48895#BiochemicalReaction6967,1,http://www.reactome.org/biopax/96/48895#Catalysis3048
5588,2767|5621,2085|10745,2,2,http://www.reactome.org/biopax/96/48895#BiochemicalReaction2764,1,http://www.reactome.org/biopax/96/48895#Catalysis1304
5589,6925|16504,6926|7939,2,2,http://www.reactome.org/biopax/96/48895#BiochemicalReaction6695,1,http://www.reactome.org/biopax/96/48895#Catalysis2882
5590,6606|9766,6605|10745,2,2,http://www.reactome.org/biopax/96/48895#BiochemicalReaction6257,1,http://www.reactome.org/biopax/96/48895#Control590
5591,7437|15167|15168,14526|15170,3,2,http://www.reactome.org/biopax/96/48895#BiochemicalReaction7577,1,http://www.reactome.org/biopax/96/48895#Catalysis3632
5592,6713|15079|16482,16574,3,1,http://www.reactome.org/biopax/96/48895#BiochemicalReaction6347,1,http://www.reactome.org/biopax/96/48895#Catalysis2599
5594,5474|10745,5475|13922,2,2,http://www.reactome.org/biopax/96/48895#BiochemicalReaction5122,1,http://www.reactome.org/biopax/96/48895#Catalysis2184
5595,5602|9098|16504,5599|14410,3,2,http://www.reactome.org/biopax/96/48895#BiochemicalReaction5233,1,http://www.reactome.org/biopax/96/48895#Catalysis2226
5596,4018|4020,1403,2,1,http://www.reactome.org/biopax/96/48895#BiochemicalReaction3815,1,http://www.reactome.org/biopax/96/48895#Control352
5597,10959|15643|16482,14793|15644|16574,3,3,http://www.reactome.org/biopax/96/48895#BiochemicalReaction8108,1,http://www.reactome.org/biopax/96/48895#Catalysis4116
5598,13328|13438|13927,13440|14446,3,2,http://www.reactome.org/biopax/96/48895#BiochemicalReaction4046,1,http://www.reactome.org/biopax/96/48895#Catalysis1793
5599,6006|13927,6009|14446,2,2,http://www.reactome.org/biopax/96/48895#BiochemicalReaction5612,1,http://www.reactome.org/biopax/96/48895#Catalysis2309
5600,7605|14421|15528,15517|15529,3,2,http://www.reactome.org/biopax/96/48895#BiochemicalReaction7969,1,http://www.reactome.org/biopax/96/48895#Catalysis3997
5601,1163|14793|16377,14255|16580,3,2,http://www.reactome.org/biopax/96/48895#BiochemicalReaction1176,1,http://www.reactome.org/biopax/96/48895#Catalysis506
5602,7243|13927|14675,14308|14793|15069,3,3,http://www.reactome.org/biopax/96/48895#BiochemicalReaction7021,1,http://www.reactome.org/biopax/96/48895#Catalysis3100
5603,8220|13927,8221|14446,2,2,http://www.reactome.org/biopax/96/48895#BiochemicalReaction3260,1,http://www.reactome.org/biopax/96/48895#Catalysis1521
5604,12264|14890|15607|16423,14892|15321|16426,4,3,http://www.reactome.org/biopax/96/48895#BiochemicalReaction7281,1,http://www.reactome.org/biopax/96/48895#Catalysis3340
5605,2196|15939,2197|14254,2,2,http://www.reactome.org/biopax/96/48895#BiochemicalReaction2319,1,http://www.reactome.org/biopax/96/48895#Catalysis1094
5606,5634|10745,5635|13906,2,2,http://www.reactome.org/biopax/96/48895#BiochemicalReaction5257,1,http://www.reactome.org/biopax/96/48895#Catalysis2233
5607,10818|14793|15267|16563,15268|16552,4,2,http://www.reactome.org/biopax/96/48895#BiochemicalReaction7666,1,http://www.reactome.org/biopax/96/48895#Catalysis3716
5608,12180|12208|13998,12209|14008,3,2,http://www.reactome.org/biopax/96/48895#BiochemicalReaction1443,1,http://www.reactome.org/biopax/96/48895#Catalysis626
5609,12679|13927|14144|16482,14145|14446|16574,4,3,http://www.reactome.org/biopax/96/48895#BiochemicalReaction2078,1,http://www.reactome.org/biopax/96/48895#Catalysis992
5610,4087|4088|8043,4089,3,1,http://www.reactome.org/biopax/96/48895#BiochemicalReaction3871,-1,http://www.reactome.org/biopax/96/48895#Control365
5611,14137|16045|16046,15531|16588,3,2,http://www.reactome.org/biopax/96/48895#BiochemicalReaction8537,-1,http://www.reactome.org/biopax/96/48895#Control833
5612,13131|13195|16462,13196|16466,3,2,http://www.reactome.org/biopax/96/48895#BiochemicalReaction2734,1,http://www.reactome.org/biopax/96/48895#Catalysis1289
5614,5621|6058,9442|10745,2,2,http://www.reactome.org/biopax/96/48895#BiochemicalReaction5656,1,http://www.reactome.org/biopax/96/48895#Catalysis2322
5615,9630|10745|13822,9629,3,1,http://www.reactome.org/biopax/96/48895#BiochemicalReaction5995,1,http://www.reactome.org/biopax/96/48895#Catalysis2465
5616,2311|2340|2341|2342|2343|2344|2346|12936|16363,2320|2347|12935,9,3,http://www.reactome.org/biopax/96/48895#BiochemicalReaction2406,1,http://www.reactome.org/biopax/96/48895#Control245
5617,9641|10198,13822,2,1,http://www.reactome.org/biopax/96/48895#BiochemicalReaction6738,1,http://www.reactome.org/biopax/96/48895#Catalysis2917
5618,14041|15562|15939|15981,14254|14793|15562|16574,4,4,http://www.reactome.org/biopax/96/48895#BiochemicalReaction8033,-1,http://www.reactome.org/biopax/96/48895#Control781
5619,2662|2665|13927,2664|14446,3,2,http://www.reactome.org/biopax/96/48895#BiochemicalReaction2664,1,http://www.reactome.org/biopax/96/48895#Catalysis1247
5620,7205|10448|14430,7206|14643,3,2,http://www.reactome.org/biopax/96/48895#BiochemicalReaction6954,1,http://www.reactome.org/biopax/96/48895#Catalysis3035
5621,10689|13015|16462,13018|16466,3,2,http://www.reactome.org/biopax/96/48895#BiochemicalReaction2498,1,http://www.reactome.org/biopax/96/48895#Catalysis1158
5622,6089|6090|13927,2315|14446,3,2,http://www.reactome.org/biopax/96/48895#BiochemicalReaction5686,1,http://www.reactome.org/biopax/96/48895#Catalysis2333
5623,8137|16378,14343,2,1,http://www.reactome.org/biopax/96/48895#BiochemicalReaction2090,1,http://www.reactome.org/biopax/96/48895#Catalysis1000
5624,3671|8242,3673,2,1,http://www.reactome.org/biopax/96/48895#BiochemicalReaction3508,1,http://www.reactome.org/biopax/96/48895#Catalysis1620
5625,2301|12366,1676,2,1,http://www.reactome.org/biopax/96/48895#BiochemicalReaction1688,1,http://www.reactome.org/biopax/96/48895#Catalysis720
5626,11676|14087|14297,14019|14237,3,2,http://www.reactome.org/biopax/96/48895#BiochemicalReaction1516,-1,http://www.reactome.org/biopax/96/48895#Control142
5627,10697|14196|14526,14177|14362,3,2,http://www.reactome.org/biopax/96/48895#BiochemicalReaction7413,1,http://www.reactome.org/biopax/96/48895#Catalysis3470
5629,6006|6008|13927,6009|14446,3,2,http://www.reactome.org/biopax/96/48895#BiochemicalReaction5612,-1,http://www.reactome.org/biopax/96/48895#Control508
5630,10698|14184|15043,14362|15042,3,2,http://www.reactome.org/biopax/96/48895#BiochemicalReaction7811,1,http://www.reactome.org/biopax/96/48895#Catalysis3851
5631,3770|12447|13927,1495|3790|14446,3,3,http://www.reactome.org/biopax/96/48895#BiochemicalReaction3627,1,http://www.reactome.org/biopax/96/48895#Catalysis1669
5632,661|15939,15079|16432,2,2,http://www.reactome.org/biopax/96/48895#BiochemicalReaction8930,1,http://www.reactome.org/biopax/96/48895#Catalysis4787
5633,769|13329|13927,13331|14446,3,2,http://www.reactome.org/biopax/96/48895#BiochemicalReaction3072,1,http://www.reactome.org/biopax/96/48895#Control279
5634,7372|14521|15040,14362|14805,3,2,http://www.reactome.org/biopax/96/48895#BiochemicalReaction7390,1,http://www.reactome.org/biopax/96/48895#Catalysis3447
5635,11278|16265|16482,14675|16266,3,2,http://www.reactome.org/biopax/96/48895#BiochemicalReaction8856,1,http://www.reactome.org/biopax/96/48895#Catalysis4752
5636,521|12142|13998,12173|14008,3,2,http://www.reactome.org/biopax/96/48895#BiochemicalReaction1416,1,http://www.reactome.org/biopax/96/48895#Catalysis606
5637,8987|13481,9103|9126,2,2,http://www.reactome.org/biopax/96/48895#BiochemicalReaction5290,-1,http://www.reactome.org/biopax/96/48895#Control483
5638,5544|13927,5545|14446,2,2,http://www.reactome.org/biopax/96/48895#BiochemicalReaction5182,1,http://www.reactome.org/biopax/96/48895#Catalysis2205
5639,4107|4109|8245,4108,3,1,http://www.reactome.org/biopax/96/48895#BiochemicalReaction3892,1,http://www.reactome.org/biopax/96/48895#Catalysis1759
5640,1590|1623,2698|12391|12392,2,3,http://www.reactome.org/biopax/96/48895#BiochemicalReaction1636,-1,http://www.reactome.org/biopax/96/48895#Control167
5641,14087|14209,14210,2,1,http://www.reactome.org/biopax/96/48895#BiochemicalReaction2225,1,http://www.reactome.org/biopax/96/48895#Control234
5642,5554|13927,5524|12091|14446,2,3,http://www.reactome.org/biopax/96/48895#BiochemicalReaction5192,1,http://www.reactome.org/biopax/96/48895#Catalysis2209
5643,5621|11926,10745,2,1,http://www.reactome.org/biopax/96/48895#BiochemicalReaction1132,1,http://www.reactome.org/biopax/96/48895#Catalysis485
5644,7357|14484|14969,14970|15568,3,2,http://www.reactome.org/biopax/96/48895#BiochemicalReaction7347,1,http://www.reactome.org/biopax/96/48895#Catalysis3406
5645,9925|14578|14793|15939,14114|15079,4,2,http://www.reactome.org/biopax/96/48895#BiochemicalReaction6499,1,http://www.reactome.org/biopax/96/48895#Catalysis2701
5646,7662|15556,15557|15558,2,2,http://www.reactome.org/biopax/96/48895#BiochemicalReaction8027,1,http://www.reactome.org/biopax/96/48895#Catalysis4037
5647,1088|1093|1097|1100|1107,1103|1104|1105|1106,5,4,http://www.reactome.org/biopax/96/48895#BiochemicalReaction1116,1,http://www.reactome.org/biopax/96/48895#Control90
5648,4662|10536|16462,4644|16466,3,2,http://www.reactome.org/biopax/96/48895#BiochemicalReaction446,1,http://www.reactome.org/biopax/96/48895#Catalysis173
5649,5393|9059|13927,8803|14446,3,2,http://www.reactome.org/biopax/96/48895#BiochemicalReaction5049,1,http://www.reactome.org/biopax/96/48895#Catalysis2151
5650,14840|14841|16587,14842|14843|15321,3,3,http://www.reactome.org/biopax/96/48895#BiochemicalReaction7231,1,http://www.reactome.org/biopax/96/48895#Control687
5651,10540|10544|14110,10542|14109|16551,3,3,http://www.reactome.org/biopax/96/48895#BiochemicalReaction7067,1,http://www.reactome.org/biopax/96/48895#Catalysis3143
5652,11746|15712|16041,14793|15723|16051|16079,3,4,http://www.reactome.org/biopax/96/48895#BiochemicalReaction935,1,http://www.reactome.org/biopax/96/48895#Catalysis396
5653,322|14157|16351,14323|16519,3,2,http://www.reactome.org/biopax/96/48895#BiochemicalReaction8695,1,http://www.reactome.org/biopax/96/48895#Catalysis4689
5654,5357|13927,5358|14446,2,2,http://www.reactome.org/biopax/96/48895#BiochemicalReaction5014,1,http://www.reactome.org/biopax/96/48895#Catalysis2128
5655,2555|11566|16462,13065|16466,3,2,http://www.reactome.org/biopax/96/48895#BiochemicalReaction2547,-1,http://www.reactome.org/biopax/96/48895#Control256
5656,498|11257,499,2,1,http://www.reactome.org/biopax/96/48895#BiochemicalReaction8852,1,http://www.reactome.org/biopax/96/48895#Control892
5657,255|14242|16015|16016,16017|16018|16019,4,3,http://www.reactome.org/biopax/96/48895#BiochemicalReaction8512,1,http://www.reactome.org/biopax/96/48895#Catalysis4511
5658,3596|13712,13713|13714,2,2,http://www.reactome.org/biopax/96/48895#BiochemicalReaction3465,1,http://www.reactome.org/biopax/96/48895#Catalysis1596
