old_node_id,new_node_id
0,0
1,1
2,2
3,3
4,4
9,5
10,6
12,7
36,8
37,9
38,10
39,11
40,12
51,13
52,14
53,15
60,16
61,17
62,18
63,19
64,20
65,21
66,22
67,23
68,24
70,25
73,26
74,27
76,28
77,29
78,30
79,31
80,32
82,33
85,34
86,35
87,36
89,37
90,38
98,39
100,40
101,41
102,42
104,43
105,44
106,45
120,46
121,47
128,48
129,49
130,50
132,51
136,52
143,53
144,54
145,55
146,56
148,57
149,58
150,59
151,60
152,61
153,62
154,63
155,64
158,65
162,66
164,67
165,68
166,69
167,70
168,71
170,72
171,73
172,74
173,75
174,76
175,77
176,78
177,79
178,80
180,81
181,82
184,83
185,84
187,85
188,86
189,87
190,88
196,89
204,90
205,91
207,92
214,93
216,94
217,95
218,96
221,97
222,98
223,99
224,100
225,101
226,102
227,103
229,104
231,105
232,106
233,107
234,108
235,109
236,110
243,111
245,112
246,113
247,114
248,115
250,116
251,117
253,118
254,119
255,120
256,121
260,122
265,123
268,124
275,125
279,126
280,127
300,128
301,129
302,130
304,131
309,132
310,133
313,134
315,135
320,136
321,137
322,138
323,139
324,140
325,141
326,142
329,143
330,144
335,145
338,146
339,147
341,148
342,149
343,150
347,151
348,152
351,153
352,154
353,155
359,156
360,157
363,158
364,159
365,160
366,161
367,162
368,163
369,164
370,165
373,166
383,167
384,168
385,169
386,170
387,171
389,172
392,173
393,174
394,175
395,176
396,177
397,178
398,179
400,180
405,181
406,182
407,183
408,184
409,185
414,186
417,187
418,188
419,189
420,190
424,191
426,192
427,193
428,194
429,195
430,196
431,197
432,198
433,199
434,200
436,201
437,202
438,203
439,204
440,205
441,206
442,207
443,208
444,209
445,210
446,211
447,212
448,213
449,214
450,215
451,216
452,217
453,218
454,219
455,220
456,221
457,222
458,223
459,224
460,225
461,226
462,227
463,228
464,229
465,230
466,231
467,232
468,233
469,234
470,235
471,236
472,237
473,238
474,239
475,240
476,241
477,242
478,243
479,244
480,245
481,246
482,247
483,248
484,249
485,250
486,251
487,252
488,253
489,254
490,255
491,256
492,257
493,258
494,259
495,260
496,261
497,262
498,263
499,264
500,265
501,266
502,267
503,268
504,269
506,270
507,271
508,272
509,273
510,274
511,275
512,276
513,277
514,278
515,279
516,280
517,281
518,282
519,283
520,284
521,285
522,286
523,287
525,288
526,289
527,290
528,291
529,292
530,293
531,294
532,295
533,296
534,297
535,298
536,299
539,300
540,301
541,302
542,303
544,304
545,305
546,306
547,307
548,308
549,309
550,310
551,311
552,312
554,313
556,314
557,315
558,316
559,317
560,318
561,319
562,320
563,321
564,322
565,323
566,324
567,325
568,326
569,327
570,328
571,329
572,330
573,331
575,332
577,333
579,334
580,335
582,336
585,337
586,338
587,339
588,340
589,341
590,342
592,343
593,344
594,345
595,346
596,347
597,348
602,349
605,350
606,351
607,352
609,353
610,354
611,355
612,356
614,357
615,358
616,359
617,360
619,361
621,362
624,363
625,364
626,365
627,366
628,367
629,368
630,369
632,370
633,371
634,372
635,373
636,374
637,375
638,376
639,377
640,378
641,379
642,380
643,381
644,382
645,383
646,384
647,385
649,386
650,387
651,388
652,389
653,390
654,391
655,392
656,393
657,394
658,395
659,396
660,397
661,398
662,399
663,400
664,401
665,402
666,403
669,404
670,405
671,406
672,407
674,408
675,409
676,410
677,411
679,412
680,413
683,414
684,415
685,416
686,417
687,418
688,419
689,420
690,421
691,422
692,423
693,424
694,425
695,426
696,427
697,428
698,429
699,430
700,431
701,432
702,433
703,434
704,435
705,436
706,437
707,438
708,439
709,440
710,441
711,442
712,443
713,444
714,445
715,446
716,447
717,448
718,449
719,450
720,451
721,452
722,453
723,454
724,455
725,456
726,457
727,458
729,459
730,460
731,461
732,462
733,463
734,464
735,465
736,466
737,467
738,468
739,469
740,470
741,471
742,472
743,473
744,474
745,475
746,476
747,477
748,478
751,479
752,480
754,481
755,482
756,483
758,484
759,485
760,486
761,487
762,488
763,489
764,490
765,491
766,492
767,493
769,494
770,495
771,496
772,497
773,498
774,499
775,500
777,501
778,502
779,503
780,504
781,505
782,506
783,507
784,508
785,509
787,510
788,511
789,512
790,513
791,514
792,515
794,516
795,517
796,518
797,519
798,520
799,521
800,522
802,523
803,524
805,525
806,526
807,527
809,528
810,529
811,530
812,531
813,532
815,533
823,534
824,535
825,536
827,537
828,538
829,539
831,540
833,541
835,542
836,543
837,544
838,545
842,546
846,547
848,548
851,549
852,550
853,551
854,552
855,553
856,554
857,555
859,556
862,557
863,558
864,559
865,560
866,561
867,562
868,563
869,564
870,565
871,566
873,567
874,568
875,569
876,570
877,571
878,572
879,573
880,574
881,575
882,576
883,577
884,578
885,579
886,580
887,581
888,582
889,583
890,584
891,585
892,586
893,587
894,588
895,589
896,590
897,591
898,592
900,593
901,594
903,595
904,596
905,597
907,598
908,599
909,600
910,601
911,602
912,603
913,604
914,605
915,606
916,607
917,608
918,609
919,610
922,611
923,612
924,613
925,614
926,615
927,616
928,617
929,618
930,619
935,620
936,621
937,622
938,623
939,624
940,625
941,626
942,627
943,628
944,629
945,630
946,631
947,632
948,633
950,634
951,635
952,636
953,637
954,638
955,639
956,640
957,641
958,642
959,643
960,644
962,645
963,646
964,647
965,648
966,649
967,650
968,651
969,652
971,653
972,654
973,655
974,656
975,657
976,658
977,659
978,660
979,661
980,662
981,663
982,664
983,665
984,666
985,667
986,668
987,669
988,670
989,671
990,672
991,673
992,674
993,675
994,676
995,677
996,678
997,679
998,680
999,681
1000,682
1001,683
1002,684
1004,685
1005,686
1006,687
1007,688
1008,689
1009,690
1010,691
1011,692
1012,693
1013,694
1014,695
1015,696
1016,697
1017,698
1018,699
1020,700
1023,701
1024,702
1025,703
1031,704
1038,705
1039,706
1040,707
1041,708
1044,709
1046,710
1047,711
1054,712
1055,713
1056,714
1057,715
1058,716
1059,717
1060,718
1061,719
1062,720
1063,721
1064,722
1065,723
1067,724
1068,725
1069,726
1071,727
1072,728
1073,729
1074,730
1075,731
1076,732
1077,733
1078,734
1079,735
1080,736
1081,737
1082,738
1083,739
1084,740
1085,741
1086,742
1087,743
1088,744
1092,745
1093,746
1094,747
1095,748
1096,749
1097,750
1098,751
1099,752
1101,753
1102,754
1103,755
1104,756
1105,757
1106,758
1107,759
1108,760
1109,761
1110,762
1111,763
1112,764
1113,765
1114,766
1115,767
1116,768
1117,769
1118,770
1119,771
1121,772
1122,773
1123,774
1124,775
1125,776
1126,777
1127,778
1128,779
1129,780
1130,781
1131,782
1132,783
1133,784
1134,785
1135,786
1136,787
1137,788
1138,789
1139,790
1140,791
1141,792
1142,793
1143,794
1144,795
1145,796
1146,797
1147,798
1148,799
1149,800
1150,801
1151,802
1152,803
1153,804
1154,805
1155,806
1156,807
1157,808
1158,809
1159,810
1160,811
1161,812
1162,813
1163,814
1164,815
1165,816
1166,817
1167,818
1168,819
1169,820
1170,821
1171,822
1172,823
1173,824
1174,825
1175,826
1176,827
1177,828
1178,829
1179,830
1180,831
1181,832
1183,833
1184,834
1185,835
1186,836
1187,837
1189,838
1190,839
1191,840
1192,841
1193,842
1194,843
1195,844
1196,845
1197,846
1198,847
1199,848
1201,849
1202,850
1203,851
1204,852
1205,853
1206,854
1207,855
1209,856
1210,857
1211,858
1212,859
1213,860
1214,861
1215,862
1216,863
1217,864
1218,865
1219,866
1220,867
1221,868
1222,869
1223,870
1224,871
1225,872
1226,873
1227,874
1228,875
1229,876
1230,877
1231,878
1232,879
1233,880
1234,881
1235,882
1236,883
1237,884
1238,885
1239,886
1240,887
1241,888
1242,889
1243,890
1244,891
1245,892
1246,893
1247,894
1248,895
1249,896
1250,897
1251,898
1252,899
1253,900
1254,901
1255,902
1256,903
1257,904
1258,905
1259,906
1260,907
1261,908
1262,909
1263,910
1264,911
1265,912
1266,913
1267,914
1268,915
1269,916
1270,917
1271,918
1272,919
1273,920
1274,921
1275,922
1276,923
1277,924
1278,925
1279,926
1280,927
1281,928
1282,929
1283,930
1284,931
1285,932
1286,933
1287,934
1288,935
1289,936
1290,937
1291,938
1292,939
1293,940
1294,941
1295,942
1296,943
1297,944
1298,945
1299,946
1300,947
1301,948
1304,949
1305,950
1306,951
1307,952
1308,953
1309,954
1310,955
1311,956
1312,957
1313,958
1314,959
1315,960
1316,961
1317,962
1318,963
1319,964
1320,965
1321,966
1322,967
1323,968
1324,969
1325,970
1326,971
1327,972
1328,973
1329,974
1331,975
1332,976
1333,977
1334,978
1335,979
1336,980
1337,981
1338,982
1339,983
1340,984
1341,985
1342,986
1343,987
1344,988
1345,989
1346,990
1347,991
1348,992
1349,993
1350,994
1351,995
1352,996
1353,997
1354,998
1355,999
1357,1000
1359,1001
1360,1002
1362,1003
1363,1004
1365,1005
1366,1006
1367,1007
1368,1008
1369,1009
1373,1010
1374,1011
1375,1012
1376,1013
1377,1014
1378,1015
1379,1016
1380,1017
1381,1018
1382,1019
1383,1020
1384,1021
1385,1022
1386,1023
1387,1024
1388,1025
1389,1026
1390,1027
1391,1028
1392,1029
1393,1030
1394,1031
1395,1032
1396,1033
1397,1034
1398,1035
1399,1036
1400,1037
1401,1038
1402,1039
1404,1040
1405,1041
1406,1042
1407,1043
1408,1044
1409,1045
1410,1046
1411,1047
1412,1048
1413,1049
1414,1050
1417,1051
1418,1052
1419,1053
1420,1054
1421,1055
1422,1056
1423,1057
1424,1058
1425,1059
1426,1060
1427,1061
1428,1062
1429,1063
1430,1064
1431,1065
1432,1066
1433,1067
1434,1068
1435,1069
1436,1070
1437,1071
1438,1072
1440,1073
1441,1074
1443,1075
1444,1076
1445,1077
1446,1078
1447,1079
1448,1080
1449,1081
1450,1082
1452,1083
1453,1084
1454,1085
1455,1086
1456,1087
1457,1088
1458,1089
1459,1090
1460,1091
1461,1092
1462,1093
1463,1094
1464,1095
1474,1096
1475,1097
1477,1098
1478,1099
1479,1100
1481,1101
1482,1102
1483,1103
1485,1104
1486,1105
1487,1106
1488,1107
1490,1108
1492,1109
1493,1110
1494,1111
1497,1112
1498,1113
1500,1114
1501,1115
1502,1116
1503,1117
1504,1118
1505,1119
1506,1120
1507,1121
1508,1122
1509,1123
1510,1124
1511,1125
1512,1126
1513,1127
1514,1128
1515,1129
1516,1130
1517,1131
1525,1132
1526,1133
1527,1134
1528,1135
1529,1136
1530,1137
1531,1138
1532,1139
1534,1140
1536,1141
1537,1142
1540,1143
1541,1144
1571,1145
1572,1146
1573,1147
1582,1148
1583,1149
1588,1150
1590,1151
1603,1152
1604,1153
1607,1154
1613,1155
1617,1156
1618,1157
1620,1158
1621,1159
1622,1160
1624,1161
1625,1162
1626,1163
1627,1164
1628,1165
1629,1166
1630,1167
1631,1168
1632,1169
1635,1170
1637,1171
1640,1172
1642,1173
1645,1174
1646,1175
1655,1176
1656,1177
1657,1178
1658,1179
1659,1180
1660,1181
1668,1182
1669,1183
1670,1184
1671,1185
1673,1186
1674,1187
1675,1188
1676,1189
1679,1190
1683,1191
1684,1192
1685,1193
1686,1194
1687,1195
1688,1196
1696,1197
1697,1198
1698,1199
1703,1200
1710,1201
1714,1202
1718,1203
1719,1204
1720,1205
1721,1206
1723,1207
1724,1208
1725,1209
1726,1210
1727,1211
1728,1212
1729,1213
1730,1214
1731,1215
1732,1216
1734,1217
1735,1218
1736,1219
1737,1220
1740,1221
1741,1222
1742,1223
1743,1224
1744,1225
1745,1226
1746,1227
1748,1228
1749,1229
1752,1230
1753,1231
1754,1232
1755,1233
1756,1234
1757,1235
1758,1236
1759,1237
1760,1238
1761,1239
1762,1240
1763,1241
1764,1242
1766,1243
1767,1244
1769,1245
1770,1246
1773,1247
1774,1248
1775,1249
1778,1250
1779,1251
1780,1252
1784,1253
1785,1254
1787,1255
1795,1256
1796,1257
1797,1258
1799,1259
1800,1260
1801,1261
1802,1262
1806,1263
1807,1264
1808,1265
1809,1266
1812,1267
1814,1268
1816,1269
1819,1270
1820,1271
1821,1272
1822,1273
1825,1274
1826,1275
1827,1276
1830,1277
1831,1278
1832,1279
1842,1280
1844,1281
1845,1282
1847,1283
1849,1284
1850,1285
1852,1286
1853,1287
1854,1288
1856,1289
1857,1290
1858,1291
1859,1292
1860,1293
1861,1294
1862,1295
1865,1296
1866,1297
1867,1298
1868,1299
1869,1300
1873,1301
1874,1302
1875,1303
1876,1304
1880,1305
1881,1306
1882,1307
1883,1308
1900,1309
1909,1310
1918,1311
1919,1312
1920,1313
1921,1314
1922,1315
1923,1316
1924,1317
1925,1318
1926,1319
1927,1320
1928,1321
1929,1322
1930,1323
1931,1324
1932,1325
1933,1326
1934,1327
1935,1328
1936,1329
1937,1330
1938,1331
1939,1332
1940,1333
1941,1334
1942,1335
1943,1336
1944,1337
1945,1338
1946,1339
1947,1340
1948,1341
1949,1342
1950,1343
1951,1344
1952,1345
1953,1346
1954,1347
1955,1348
1956,1349
1957,1350
1958,1351
1959,1352
1960,1353
1961,1354
1962,1355
1963,1356
1964,1357
1965,1358
1966,1359
1967,1360
1968,1361
1969,1362
1972,1363
1973,1364
1974,1365
1976,1366
1977,1367
1978,1368
1979,1369
1980,1370
1981,1371
1982,1372
1983,1373
1984,1374
1985,1375
1987,1376
1992,1377
1994,1378
1995,1379
1996,1380
1997,1381
1999,1382
2001,1383
2002,1384
2003,1385
2004,1386
2005,1387
2006,1388
2007,1389
2008,1390
2009,1391
2010,1392
2011,1393
2012,1394
2013,1395
2014,1396
2015,1397
2016,1398
2017,1399
2018,1400
2019,1401
2020,1402
2021,1403
2022,1404
2023,1405
2024,1406
2025,1407
2026,1408
2027,1409
2028,1410
2029,1411
2030,1412
2031,1413
2032,1414
2033,1415
2034,1416
2035,1417
2040,1418
2041,1419
2042,1420
2043,1421
2044,1422
2045,1423
2046,1424
2052,1425
2053,1426
2054,1427
2055,1428
2056,1429
2057,1430
2058,1431
2059,1432
2060,1433
2061,1434
2063,1435
2064,1436
2065,1437
2066,1438
2067,1439
2068,1440
2069,1441
2070,1442
2071,1443
2072,1444
2073,1445
2074,1446
2075,1447
2076,1448
2077,1449
2078,1450
2079,1451
2080,1452
2082,1453
2084,1454
2085,1455
2086,1456
2088,1457
2089,1458
2091,1459
2092,1460
2093,1461
2094,1462
2095,1463
2096,1464
2097,1465
2098,1466
2099,1467
2101,1468
2102,1469
2103,1470
2104,1471
2108,1472
2109,1473
2110,1474
2111,1475
2113,1476
2114,1477
2115,1478
2116,1479
2117,1480
2118,1481
2119,1482
2120,1483
2121,1484
2122,1485
2123,1486
2124,1487
2125,1488
2126,1489
2127,1490
2128,1491
2129,1492
2130,1493
2131,1494
2132,1495
2133,1496
2134,1497
2135,1498
2136,1499
2137,1500
2138,1501
2139,1502
2140,1503
2141,1504
2142,1505
2145,1506
2146,1507
2147,1508
2149,1509
2150,1510
2151,1511
2152,1512
2157,1513
2158,1514
2159,1515
2160,1516
2162,1517
2163,1518
2164,1519
2165,1520
2166,1521
2167,1522
2168,1523
2169,1524
2172,1525
2173,1526
2174,1527
2180,1528
2183,1529
2192,1530
2193,1531
2194,1532
2195,1533
2196,1534
2204,1535
2222,1536
2230,1537
2235,1538
2236,1539
2237,1540
2238,1541
2239,1542
2240,1543
2241,1544
2242,1545
2243,1546
2244,1547
2245,1548
2246,1549
2248,1550
2249,1551
2250,1552
2251,1553
2261,1554
2266,1555
2267,1556
2268,1557
2269,1558
2270,1559
2271,1560
2272,1561
2275,1562
2276,1563
2280,1564
2281,1565
2282,1566
2283,1567
2285,1568
2286,1569
2287,1570
2288,1571
2289,1572
2290,1573
2291,1574
2292,1575
2293,1576
2295,1577
2296,1578
2297,1579
2298,1580
2301,1581
2302,1582
2303,1583
2304,1584
2305,1585
2307,1586
2309,1587
2310,1588
2311,1589
2312,1590
2313,1591
2314,1592
2315,1593
2316,1594
2317,1595
2318,1596
2319,1597
2320,1598
2321,1599
2322,1600
2323,1601
2324,1602
2325,1603
2327,1604
2328,1605
2329,1606
2330,1607
2331,1608
2332,1609
2340,1610
2342,1611
2343,1612
2349,1613
2355,1614
2356,1615
2358,1616
2359,1617
2360,1618
2367,1619
2368,1620
2372,1621
2373,1622
2382,1623
2388,1624
2389,1625
2390,1626
2391,1627
2392,1628
2393,1629
2394,1630
2395,1631
2396,1632
2397,1633
2398,1634
2399,1635
2400,1636
2402,1637
2403,1638
2404,1639
2405,1640
2406,1641
2407,1642
2408,1643
2409,1644
2412,1645
2421,1646
2423,1647
2426,1648
2431,1649
2433,1650
2434,1651
2435,1652
2436,1653
2439,1654
2442,1655
2444,1656
2445,1657
2447,1658
2448,1659
2449,1660
2451,1661
2454,1662
2455,1663
2456,1664
2457,1665
2458,1666
2462,1667
2467,1668
2469,1669
2476,1670
2477,1671
2479,1672
2481,1673
2482,1674
2484,1675
2485,1676
2486,1677
2487,1678
2488,1679
2491,1680
2492,1681
2493,1682
2494,1683
2495,1684
2496,1685
2501,1686
2511,1687
2512,1688
2514,1689
2518,1690
2519,1691
2520,1692
2521,1693
2522,1694
2523,1695
2524,1696
2530,1697
2531,1698
2535,1699
2553,1700
2554,1701
2558,1702
2559,1703
2560,1704
2562,1705
2571,1706
2605,1707
2619,1708
2620,1709
2621,1710
2622,1711
2625,1712
2629,1713
2630,1714
2631,1715
2632,1716
2634,1717
2635,1718
2636,1719
2637,1720
2640,1721
2641,1722
2642,1723
2643,1724
2644,1725
2646,1726
2647,1727
2649,1728
2650,1729
2659,1730
2660,1731
2661,1732
2662,1733
2663,1734
2664,1735
2665,1736
2666,1737
2667,1738
2668,1739
2670,1740
2674,1741
2675,1742
2676,1743
2677,1744
2678,1745
2680,1746
2682,1747
2685,1748
2686,1749
2687,1750
2688,1751
2689,1752
2690,1753
2693,1754
2694,1755
2695,1756
2696,1757
2698,1758
2699,1759
2700,1760
2701,1761
2702,1762
2704,1763
2705,1764
2706,1765
2707,1766
2708,1767
2709,1768
2710,1769
2711,1770
2714,1771
2715,1772
2716,1773
2721,1774
2722,1775
2724,1776
2725,1777
2728,1778
2731,1779
2732,1780
2734,1781
2740,1782
2743,1783
2745,1784
2749,1785
2750,1786
2751,1787
2753,1788
2755,1789
2756,1790
2758,1791
2759,1792
2760,1793
2761,1794
2764,1795
2765,1796
2767,1797
2768,1798
2778,1799
2779,1800
2783,1801
2786,1802
2787,1803
2788,1804
2789,1805
2790,1806
2794,1807
2796,1808
2797,1809
2798,1810
2800,1811
2801,1812
2802,1813
2803,1814
2804,1815
2807,1816
2808,1817
2811,1818
2812,1819
2813,1820
2814,1821
2815,1822
2816,1823
2817,1824
2822,1825
2824,1826
2826,1827
2828,1828
2829,1829
2830,1830
2831,1831
2832,1832
2836,1833
2839,1834
2841,1835
2843,1836
2844,1837
2848,1838
2849,1839
2850,1840
2856,1841
2857,1842
2858,1843
2859,1844
2861,1845
2862,1846
2863,1847
2864,1848
2865,1849
2866,1850
2867,1851
2868,1852
2869,1853
2870,1854
2872,1855
2873,1856
2874,1857
2875,1858
2877,1859
2879,1860
2881,1861
2884,1862
2885,1863
2886,1864
2888,1865
2890,1866
2892,1867
2893,1868
2894,1869
2895,1870
2897,1871
2898,1872
2901,1873
2902,1874
2903,1875
2907,1876
2908,1877
2911,1878
2912,1879
2913,1880
2919,1881
2920,1882
2921,1883
2922,1884
2923,1885
2926,1886
2928,1887
2929,1888
2930,1889
2931,1890
2933,1891
2934,1892
2935,1893
2936,1894
2939,1895
2940,1896
2941,1897
2942,1898
2943,1899
2948,1900
2949,1901
2950,1902
2952,1903
2956,1904
2957,1905
2958,1906
2959,1907
2961,1908
2962,1909
2964,1910
2965,1911
2966,1912
2967,1913
2968,1914
2970,1915
2972,1916
2973,1917
2976,1918
2978,1919
2981,1920
2983,1921
2984,1922
2985,1923
2986,1924
2987,1925
2988,1926
2989,1927
2990,1928
2991,1929
2992,1930
2993,1931
2994,1932
2995,1933
2996,1934
2997,1935
3000,1936
3001,1937
3005,1938
3008,1939
3010,1940
3011,1941
3012,1942
3013,1943
3014,1944
3015,1945
3016,1946
3017,1947
3018,1948
3019,1949
3022,1950
3023,1951
3024,1952
3025,1953
3026,1954
3027,1955
3028,1956
3029,1957
3030,1958
3031,1959
3032,1960
3033,1961
3034,1962
3035,1963
3041,1964
3042,1965
3043,1966
3044,1967
3045,1968
3046,1969
3048,1970
3049,1971
3050,1972
3051,1973
3052,1974
3053,1975
3054,1976
3056,1977
3057,1978
3058,1979
3059,1980
3062,1981
3066,1982
3067,1983
3068,1984
3070,1985
3072,1986
3073,1987
3074,1988
3075,1989
3076,1990
3077,1991
3078,1992
3080,1993
3081,1994
3083,1995
3084,1996
3086,1997
3087,1998
3088,1999
3089,2000
3090,2001
3091,2002
3092,2003
3093,2004
3095,2005
3096,2006
3100,2007
3101,2008
3102,2009
3103,2010
3104,2011
3105,2012
3106,2013
3108,2014
3110,2015
3111,2016
3112,2017
3113,2018
3114,2019
3115,2020
3116,2021
3117,2022
3118,2023
3119,2024
3120,2025
3121,2026
3122,2027
3123,2028
3124,2029
3125,2030
3127,2031
3128,2032
3129,2033
3130,2034
3131,2035
3132,2036
3133,2037
3134,2038
3135,2039
3136,2040
3137,2041
3138,2042
3139,2043
3140,2044
3141,2045
3142,2046
3144,2047
3146,2048
3147,2049
3148,2050
3149,2051
3150,2052
3151,2053
3152,2054
3155,2055
3158,2056
3159,2057
3167,2058
3169,2059
3171,2060
3172,2061
3173,2062
3174,2063
3175,2064
3176,2065
3178,2066
3179,2067
3180,2068
3181,2069
3182,2070
3184,2071
3186,2072
3187,2073
3190,2074
3191,2075
3193,2076
3194,2077
3195,2078
3197,2079
3198,2080
3199,2081
3200,2082
3202,2083
3204,2084
3205,2085
3206,2086
3207,2087
3208,2088
3211,2089
3212,2090
3213,2091
3214,2092
3215,2093
3216,2094
3217,2095
3219,2096
3221,2097
3222,2098
3229,2099
3231,2100
3232,2101
3233,2102
3234,2103
3247,2104
3250,2105
3252,2106
3254,2107
3255,2108
3257,2109
3258,2110
3259,2111
3260,2112
3261,2113
3262,2114
3263,2115
3264,2116
3265,2117
3266,2118
3267,2119
3268,2120
3269,2121
3270,2122
3271,2123
3272,2124
3273,2125
3274,2126
3275,2127
3276,2128
3277,2129
3278,2130
3279,2131
3280,2132
3281,2133
3282,2134
3283,2135
3284,2136
3285,2137
3286,2138
3287,2139
3288,2140
3289,2141
3292,2142
3294,2143
3295,2144
3297,2145
3298,2146
3300,2147
3302,2148
3303,2149
3304,2150
3305,2151
3306,2152
3307,2153
3308,2154
3310,2155
3311,2156
3314,2157
3315,2158
3316,2159
3317,2160
3319,2161
3320,2162
3321,2163
3324,2164
3325,2165
3326,2166
3330,2167
3337,2168
3338,2169
3339,2170
3340,2171
3341,2172
3342,2173
3343,2174
3344,2175
3345,2176
3346,2177
3347,2178
3350,2179
3356,2180
3357,2181
3366,2182
3367,2183
3368,2184
3369,2185
3370,2186
3371,2187
3372,2188
3373,2189
3375,2190
3376,2191
3378,2192
3379,2193
3380,2194
3381,2195
3382,2196
3383,2197
3384,2198
3385,2199
3389,2200
3392,2201
3393,2202
3394,2203
3395,2204
3398,2205
3399,2206
3400,2207
3402,2208
3403,2209
3404,2210
3406,2211
3408,2212
3409,2213
3410,2214
3412,2215
3413,2216
3414,2217
3415,2218
3416,2219
3418,2220
3419,2221
3420,2222
3421,2223
3422,2224
3426,2225
3427,2226
3428,2227
3429,2228
3430,2229
3431,2230
3434,2231
3435,2232
3436,2233
3437,2234
3438,2235
3439,2236
3440,2237
3441,2238
3444,2239
3445,2240
3446,2241
3447,2242
3452,2243
3453,2244
3460,2245
3461,2246
3462,2247
3463,2248
3464,2249
3465,2250
3466,2251
3467,2252
3470,2253
3471,2254
3472,2255
3473,2256
3478,2257
3479,2258
3480,2259
3482,2260
3483,2261
3484,2262
3485,2263
3486,2264
3487,2265
3488,2266
3489,2267
3491,2268
3495,2269
3500,2270
3501,2271
3502,2272
3503,2273
3504,2274
3506,2275
3507,2276
3508,2277
3510,2278
3511,2279
3513,2280
3520,2281
3527,2282
3530,2283
3534,2284
3540,2285
3541,2286
3542,2287
3543,2288
3544,2289
3545,2290
3547,2291
3548,2292
3549,2293
3550,2294
3553,2295
3554,2296
3555,2297
3556,2298
3557,2299
3558,2300
3559,2301
3561,2302
3562,2303
3563,2304
3564,2305
3565,2306
3566,2307
3567,2308
3568,2309
3573,2310
3575,2311
3576,2312
3577,2313
3578,2314
3579,2315
3580,2316
3585,2317
3586,2318
3587,2319
3588,2320
3589,2321
3590,2322
3591,2323
3592,2324
3594,2325
3596,2326
3597,2327
3600,2328
3601,2329
3604,2330
3607,2331
3608,2332
3615,2333
3616,2334
3617,2335
3619,2336
3620,2337
3621,2338
3622,2339
3624,2340
3625,2341
3626,2342
3627,2343
3628,2344
3629,2345
3630,2346
3631,2347
3632,2348
3633,2349
3634,2350
3635,2351
3640,2352
3641,2353
3643,2354
3644,2355
3645,2356
3647,2357
3648,2358
3651,2359
3652,2360
3654,2361
3655,2362
3658,2363
3659,2364
3660,2365
3661,2366
3662,2367
3663,2368
3664,2369
3666,2370
3667,2371
3672,2372
3673,2373
3674,2374
3676,2375
3683,2376
3684,2377
3685,2378
3686,2379
3687,2380
3690,2381
3691,2382
3696,2383
3699,2384
3700,2385
3702,2386
3703,2387
3704,2388
3705,2389
3706,2390
3707,2391
3712,2392
3715,2393
3717,2394
3720,2395
3721,2396
3722,2397
3725,2398
3726,2399
3727,2400
3728,2401
3729,2402
3730,2403
3731,2404
3735,2405
3736,2406
3737,2407
3740,2408
3741,2409
3744,2410
3749,2411
3757,2412
3759,2413
3760,2414
3761,2415
3762,2416
3763,2417
3764,2418
3767,2419
3768,2420
3769,2421
3770,2422
3772,2423
3774,2424
3775,2425
3776,2426
3780,2427
3781,2428
3842,2429
3873,2430
3874,2431
3875,2432
3876,2433
3878,2434
3879,2435
3880,2436
3881,2437
3882,2438
3883,2439
3884,2440
3885,2441
3895,2442
3906,2443
3927,2444
3938,2445
3949,2446
3951,2447
3953,2448
3961,2449
3979,2450
3990,2451
4004,2452
4005,2453
4008,2454
4009,2455
4012,2456
4013,2457
4015,2458
4016,2459
4019,2460
4021,2461
4022,2462
4023,2463
4024,2464
4025,2465
4026,2466
4027,2467
4028,2468
4030,2469
4033,2470
4035,2471
4036,2472
4037,2473
4039,2474
4041,2475
4042,2476
4043,2477
4044,2478
4045,2479
4046,2480
4047,2481
4048,2482
4049,2483
4052,2484
4053,2485
4056,2486
4057,2487
4058,2488
4059,2489
4061,2490
4062,2491
4063,2492
4066,2493
4067,2494
4072,2495
4076,2496
4077,2497
4081,2498
4082,2499
4084,2500
4085,2501
4086,2502
4092,2503
4107,2504
4108,2505
4109,2506
4119,2507
4121,2508
4124,2509
4126,2510
4128,2511
4129,2512
4130,2513
4131,2514
4132,2515
4133,2516
4135,2517
4136,2518
4138,2519
4140,2520
4143,2521
4150,2522
4151,2523
4153,2524
4154,2525
4156,2526
4157,2527
4158,2528
4159,2529
4160,2530
4163,2531
4164,2532
4168,2533
4170,2534
4171,2535
4172,2536
4175,2537
4176,2538
4177,2539
4178,2540
4179,2541
4180,2542
4181,2543
4182,2544
4183,2545
4184,2546
4187,2547
4188,2548
4191,2549
4192,2550
4194,2551
4199,2552
4200,2553
4201,2554
4202,2555
4203,2556
4205,2557
4206,2558
4207,2559
4208,2560
4209,2561
4212,2562
4213,2563
4223,2564
4224,2565
4225,2566
4237,2567
4238,2568
4239,2569
4240,2570
4241,2571
4242,2572
4243,2573
4244,2574
4247,2575
4248,2576
4252,2577
4254,2578
4260,2579
4262,2580
4263,2581
4264,2582
4265,2583
4266,2584
4275,2585
4281,2586
4282,2587
4283,2588
4284,2589
4285,2590
4286,2591
4287,2592
4288,2593
4292,2594
4294,2595
4295,2596
4302,2597
4303,2598
4304,2599
4305,2600
4306,2601
4307,2602
4309,2603
4310,2604
4311,2605
4312,2606
4313,2607
4314,2608
4316,2609
4317,2610
4322,2611
4323,2612
4330,2613
4331,2614
4334,2615
4335,2616
4336,2617
4337,2618
4338,2619
4339,2620
4347,2621
4348,2622
4349,2623
4353,2624
4354,2625
4355,2626
4356,2627
4359,2628
4360,2629
4361,2630
4362,2631
4363,2632
4364,2633
4365,2634
4367,2635
4368,2636
4369,2637
4370,2638
4371,2639
4372,2640
4373,2641
4374,2642
4377,2643
4378,2644
4384,2645
4385,2646
4392,2647
4398,2648
4399,2649
4400,2650
4401,2651
4408,2652
4409,2653
4412,2654
4413,2655
4414,2656
4415,2657
4416,2658
4417,2659
4420,2660
4422,2661
4423,2662
4424,2663
4425,2664
4426,2665
4427,2666
4428,2667
4429,2668
4430,2669
4432,2670
4433,2671
4434,2672
4436,2673
4437,2674
4438,2675
4439,2676
4454,2677
4455,2678
4456,2679
4457,2680
4458,2681
4460,2682
4461,2683
4462,2684
4463,2685
4464,2686
4465,2687
4466,2688
4467,2689
4468,2690
4469,2691
4470,2692
4474,2693
4475,2694
4476,2695
4477,2696
4478,2697
4482,2698
4489,2699
4491,2700
4496,2701
4497,2702
4510,2703
4517,2704
4520,2705
4521,2706
4524,2707
4525,2708
4548,2709
4549,2710
4556,2711
4557,2712
4559,2713
4564,2714
4567,2715
4568,2716
4570,2717
4572,2718
4574,2719
4576,2720
4577,2721
4578,2722
4579,2723
4580,2724
4581,2725
4583,2726
4584,2727
4589,2728
4590,2729
4591,2730
4593,2731
4595,2732
4598,2733
4602,2734
4603,2735
4605,2736
4609,2737
4617,2738
4621,2739
4625,2740
4627,2741
4629,2742
4630,2743
4631,2744
4632,2745
4637,2746
4642,2747
4643,2748
4644,2749
4645,2750
4646,2751
4647,2752
4648,2753
4649,2754
4650,2755
4651,2756
4652,2757
4653,2758
4654,2759
4655,2760
4656,2761
4659,2762
4664,2763
4665,2764
4666,2765
4668,2766
4669,2767
4670,2768
4671,2769
4672,2770
4673,2771
4674,2772
4675,2773
4676,2774
4677,2775
4679,2776
4680,2777
4681,2778
4682,2779
4683,2780
4686,2781
4687,2782
4688,2783
4691,2784
4692,2785
4694,2786
4695,2787
4698,2788
4700,2789
4701,2790
4702,2791
4703,2792
4704,2793
4705,2794
4706,2795
4707,2796
4708,2797
4709,2798
4710,2799
4711,2800
4712,2801
4713,2802
4715,2803
4716,2804
4718,2805
4721,2806
4722,2807
4723,2808
4724,2809
4725,2810
4726,2811
4727,2812
4729,2813
4730,2814
4731,2815
4732,2816
4733,2817
4734,2818
4735,2819
4736,2820
4737,2821
4739,2822
4740,2823
4741,2824
4742,2825
4744,2826
4745,2827
4746,2828
4747,2829
4749,2830
4751,2831
4752,2832
4754,2833
4756,2834
4757,2835
4758,2836
4759,2837
4760,2838
4761,2839
4764,2840
4766,2841
4767,2842
4770,2843
4772,2844
4774,2845
4781,2846
4782,2847
4786,2848
4788,2849
4789,2850
4795,2851
4796,2852
4801,2853
4803,2854
4811,2855
4812,2856
4814,2857
4818,2858
4829,2859
4830,2860
4833,2861
4838,2862
4839,2863
4841,2864
4846,2865
4847,2866
4857,2867
4858,2868
4861,2869
4863,2870
4864,2871
4874,2872
4875,2873
4876,2874
4877,2875
4880,2876
4881,2877
4883,2878
4885,2879
4890,2880
4891,2881
4892,2882
4893,2883
4894,2884
4895,2885
4896,2886
4897,2887
4898,2888
4899,2889
4901,2890
4902,2891
4903,2892
4912,2893
4913,2894
4914,2895
4915,2896
4916,2897
4920,2898
4923,2899
4925,2900
4926,2901
4945,2902
4946,2903
4947,2904
4957,2905
4958,2906
4960,2907
4961,2908
4962,2909
4963,2910
4964,2911
4965,2912
4966,2913
4967,2914
4969,2915
4970,2916
4972,2917
4973,2918
4975,2919
4976,2920
4977,2921
4978,2922
4981,2923
4982,2924
4983,2925
4984,2926
4985,2927
4986,2928
4987,2929
4988,2930
4989,2931
4990,2932
4991,2933
4992,2934
4993,2935
4995,2936
4996,2937
4997,2938
4998,2939
4999,2940
5000,2941
5001,2942
5002,2943
5003,2944
5004,2945
5005,2946
5007,2947
5008,2948
5009,2949
5010,2950
5011,2951
5012,2952
5014,2953
5015,2954
5021,2955
5022,2956
5023,2957
5024,2958
5026,2959
5027,2960
5029,2961
5030,2962
5031,2963
5033,2964
5034,2965
5035,2966
5036,2967
5037,2968
5038,2969
5040,2970
5041,2971
5047,2972
5048,2973
5052,2974
5053,2975
5056,2976
5060,2977
5061,2978
5062,2979
5063,2980
5064,2981
5065,2982
5066,2983
5071,2984
5072,2985
5073,2986
5076,2987
5077,2988
5078,2989
5079,2990
5080,2991
5082,2992
5090,2993
5091,2994
5092,2995
5099,2996
5100,2997
5101,2998
5103,2999
5112,3000
5113,3001
5116,3002
5118,3003
5119,3004
5120,3005
5121,3006
5125,3007
5127,3008
5128,3009
5130,3010
5133,3011
5134,3012
5135,3013
5136,3014
5139,3015
5140,3016
5142,3017
5143,3018
5144,3019
5146,3020
5147,3021
5148,3022
5149,3023
5150,3024
5152,3025
5153,3026
5156,3027
5157,3028
5159,3029
5160,3030
5161,3031
5163,3032
5166,3033
5167,3034
5168,3035
5169,3036
5170,3037
5171,3038
5172,3039
5173,3040
5174,3041
5175,3042
5176,3043
5177,3044
5178,3045
5179,3046
5180,3047
5181,3048
5182,3049
5183,3050
5184,3051
5186,3052
5198,3053
5209,3054
5211,3055
5212,3056
5213,3057
5215,3058
5216,3059
5217,3060
5218,3061
5219,3062
5220,3063
5221,3064
5223,3065
5224,3066
5225,3067
5226,3068
5227,3069
5228,3070
5229,3071
5230,3072
5231,3073
5232,3074
5233,3075
5234,3076
5235,3077
5236,3078
5237,3079
5238,3080
5239,3081
5240,3082
5241,3083
5242,3084
5243,3085
5244,3086
5245,3087
5258,3088
5259,3089
5260,3090
5261,3091
5262,3092
5263,3093
5264,3094
5265,3095
5266,3096
5268,3097
5271,3098
5272,3099
5274,3100
5275,3101
5278,3102
5280,3103
5292,3104
5293,3105
5294,3106
5295,3107
5296,3108
5297,3109
5298,3110
5299,3111
5300,3112
5301,3113
5303,3114
5305,3115
5306,3116
5307,3117
5308,3118
5311,3119
5312,3120
5313,3121
5314,3122
5315,3123
5316,3124
5317,3125
5318,3126
5319,3127
5320,3128
5321,3129
5322,3130
5323,3131
5324,3132
5325,3133
5326,3134
5327,3135
5328,3136
5329,3137
5330,3138
5331,3139
5332,3140
5333,3141
5334,3142
5335,3143
5337,3144
5338,3145
5339,3146
5340,3147
5343,3148
5344,3149
5345,3150
5346,3151
5347,3152
5348,3153
5349,3154
5350,3155
5351,3156
5352,3157
5353,3158
5354,3159
5355,3160
5356,3161
5357,3162
5359,3163
5360,3164
5361,3165
5362,3166
5373,3167
5382,3168
5384,3169
5386,3170
5387,3171
5389,3172
5390,3173
5391,3174
5392,3175
5393,3176
5394,3177
5396,3178
5397,3179
5401,3180
5402,3181
5403,3182
5408,3183
5410,3184
5415,3185
5417,3186
5421,3187
5424,3188
5425,3189
5433,3190
5434,3191
5436,3192
5442,3193
5444,3194
5446,3195
5452,3196
5458,3197
5476,3198
5483,3199
5484,3200
5485,3201
5498,3202
5499,3203
5501,3204
5502,3205
5503,3206
5505,3207
5506,3208
5507,3209
5508,3210
5509,3211
5510,3212
5511,3213
5512,3214
5513,3215
5515,3216
5516,3217
5517,3218
5518,3219
5519,3220
5520,3221
5521,3222
5523,3223
5524,3224
5525,3225
5526,3226
5527,3227
5528,3228
5538,3229
5539,3230
5540,3231
5541,3232
5542,3233
5543,3234
5545,3235
5546,3236
5547,3237
5548,3238
5549,3239
5550,3240
5551,3241
5552,3242
5553,3243
5554,3244
5556,3245
5557,3246
5558,3247
5559,3248
5561,3249
5562,3250
5567,3251
5574,3252
5575,3253
5577,3254
5580,3255
5582,3256
5583,3257
5585,3258
5588,3259
5591,3260
5594,3261
5596,3262
5597,3263
5598,3264
5600,3265
5602,3266
5603,3267
5605,3268
5607,3269
5610,3270
5611,3271
5612,3272
5614,3273
5617,3274
5618,3275
5619,3276
5621,3277
5622,3278
5623,3279
5624,3280
5625,3281
5627,3282
5632,3283
5634,3284
5635,3285
5638,3286
5639,3287
5640,3288
5641,3289
5642,3290
5643,3291
5644,3292
5645,3293
5646,3294
5647,3295
5648,3296
5649,3297
5650,3298
5651,3299
5652,3300
5653,3301
5654,3302
5655,3303
5658,3304
5663,3305
5666,3306
5667,3307
5674,3308
5692,3309
5693,3310
5694,3311
5695,3312
5699,3313
5701,3314
5703,3315
5704,3316
5706,3317
5708,3318
5709,3319
5711,3320
5712,3321
5713,3322
5715,3323
5716,3324
5717,3325
5718,3326
5719,3327
5720,3328
5721,3329
5722,3330
5723,3331
5727,3332
5728,3333
5731,3334
5732,3335
5734,3336
5735,3337
5736,3338
5737,3339
5738,3340
5739,3341
5741,3342
5742,3343
5744,3344
5745,3345
5760,3346
5761,3347
5762,3348
5763,3349
5764,3350
5765,3351
5766,3352
5768,3353
5769,3354
5771,3355
5772,3356
5774,3357
5782,3358
5785,3359
5786,3360
5787,3361
5788,3362
5789,3363
5790,3364
5792,3365
5793,3366
5795,3367
5796,3368
5797,3369
5799,3370
5800,3371
5804,3372
5805,3373
5806,3374
5807,3375
5815,3376
5826,3377
5827,3378
5831,3379
5832,3380
5834,3381
5837,3382
5838,3383
5841,3384
5845,3385
5846,3386
5847,3387
5851,3388
5854,3389
5864,3390
5872,3391
5873,3392
5874,3393
5875,3394
5878,3395
5884,3396
5885,3397
5886,3398
5887,3399
5888,3400
5889,3401
5892,3402
5894,3403
5895,3404
5896,3405
5897,3406
5899,3407
5900,3408
5903,3409
5907,3410
5909,3411
5914,3412
5915,3413
5916,3414
5918,3415
5922,3416
5923,3417
5924,3418
5927,3419
5933,3420
5935,3421
5936,3422
5938,3423
5939,3424
5941,3425
5948,3426
5949,3427
5952,3428
5954,3429
5955,3430
5956,3431
5958,3432
5960,3433
5961,3434
5962,3435
5963,3436
5964,3437
5970,3438
5972,3439
5976,3440
5977,3441
5984,3442
5985,3443
5986,3444
5987,3445
5988,3446
5989,3447
5999,3448
6000,3449
6002,3450
6003,3451
6005,3452
6006,3453
6007,3454
6008,3455
6009,3456
6010,3457
6011,3458
6037,3459
6038,3460
6039,3461
6040,3462
6041,3463
6042,3464
6043,3465
6047,3466
6048,3467
6050,3468
6054,3469
6062,3470
6073,3471
6074,3472
6075,3473
6076,3474
6078,3475
6080,3476
6081,3477
6082,3478
6083,3479
6084,3480
6085,3481
6087,3482
6088,3483
6089,3484
6090,3485
6091,3486
6092,3487
6093,3488
6094,3489
6095,3490
6096,3491
6097,3492
6098,3493
6100,3494
6101,3495
6103,3496
6105,3497
6106,3498
6108,3499
6109,3500
6110,3501
6112,3502
6113,3503
6114,3504
6117,3505
6118,3506
6121,3507
6128,3508
6138,3509
6139,3510
6140,3511
6142,3512
6143,3513
6144,3514
6145,3515
6146,3516
6147,3517
6148,3518
6151,3519
6152,3520
6154,3521
6155,3522
6156,3523
6157,3524
6158,3525
6159,3526
6160,3527
6161,3528
6163,3529
6164,3530
6165,3531
6166,3532
6167,3533
6168,3534
6169,3535
6171,3536
6172,3537
6173,3538
6174,3539
6176,3540
6178,3541
6180,3542
6184,3543
6185,3544
6187,3545
6189,3546
6190,3547
6193,3548
6196,3549
6197,3550
6199,3551
6203,3552
6204,3553
6205,3554
6206,3555
6207,3556
6213,3557
6216,3558
6218,3559
6219,3560
6220,3561
6221,3562
6222,3563
6223,3564
6224,3565
6225,3566
6226,3567
6227,3568
6228,3569
6229,3570
6230,3571
6231,3572
6232,3573
6233,3574
6234,3575
6235,3576
6236,3577
6237,3578
6238,3579
6239,3580
6240,3581
6241,3582
6242,3583
6243,3584
6244,3585
6245,3586
6246,3587
6248,3588
6249,3589
6250,3590
6251,3591
6252,3592
6253,3593
6258,3594
6259,3595
6260,3596
6262,3597
6263,3598
6264,3599
6265,3600
6267,3601
6268,3602
6269,3603
6271,3604
6273,3605
6274,3606
6275,3607
6276,3608
6277,3609
6281,3610
6282,3611
6283,3612
6291,3613
6292,3614
6293,3615
6294,3616
6298,3617
6299,3618
6300,3619
6304,3620
6305,3621
6306,3622
6307,3623
6308,3624
6312,3625
6313,3626
6314,3627
6316,3628
6317,3629
6318,3630
6320,3631
6321,3632
6322,3633
6323,3634
6325,3635
6326,3636
6327,3637
6328,3638
6329,3639
6330,3640
6331,3641
6342,3642
6343,3643
6344,3644
6345,3645
6346,3646
6347,3647
6348,3648
6349,3649
6350,3650
6351,3651
6352,3652
6353,3653
6354,3654
6355,3655
6356,3656
6360,3657
6361,3658
6363,3659
6364,3660
6365,3661
6367,3662
6368,3663
6369,3664
6370,3665
6374,3666
6375,3667
6376,3668
6377,3669
6378,3670
6379,3671
6380,3672
6381,3673
6382,3674
6383,3675
6384,3676
6385,3677
6386,3678
6387,3679
6388,3680
6396,3681
6398,3682
6399,3683
6400,3684
6401,3685
6402,3686
6403,3687
6404,3688
6405,3689
6408,3690
6409,3691
6410,3692
6412,3693
6413,3694
6414,3695
6415,3696
6416,3697
6417,3698
6418,3699
6419,3700
6420,3701
6421,3702
6422,3703
6423,3704
6424,3705
6425,3706
6426,3707
6429,3708
6430,3709
6431,3710
6432,3711
6433,3712
6434,3713
6435,3714
6436,3715
6437,3716
6438,3717
6439,3718
6441,3719
6442,3720
6443,3721
6445,3722
6449,3723
6450,3724
6452,3725
6455,3726
6456,3727
6457,3728
6458,3729
6459,3730
6460,3731
6463,3732
6464,3733
6465,3734
6466,3735
6467,3736
6468,3737
6469,3738
6470,3739
6471,3740
6472,3741
6473,3742
6474,3743
6478,3744
6480,3745
6482,3746
6483,3747
6497,3748
6498,3749
6499,3750
6500,3751
6501,3752
6502,3753
6503,3754
6504,3755
6513,3756
6514,3757
6518,3758
6519,3759
6520,3760
6521,3761
6524,3762
6525,3763
6526,3764
6527,3765
6530,3766
6533,3767
6534,3768
6535,3769
6537,3770
6539,3771
6540,3772
6542,3773
6543,3774
6552,3775
6553,3776
6554,3777
6555,3778
6557,3779
6558,3780
6559,3781
6560,3782
6561,3783
6562,3784
6563,3785
6564,3786
6565,3787
6566,3788
6569,3789
6570,3790
6573,3791
6575,3792
6576,3793
6577,3794
6580,3795
6581,3796
6582,3797
6588,3798
6591,3799
6592,3800
6593,3801
6594,3802
6595,3803
6596,3804
6599,3805
6600,3806
6605,3807
6606,3808
6611,3809
6612,3810
6613,3811
6615,3812
6616,3813
6617,3814
6619,3815
6620,3816
6621,3817
6622,3818
6623,3819
6625,3820
6626,3821
6627,3822
6628,3823
6629,3824
6630,3825
6632,3826
6634,3827
6635,3828
6636,3829
6637,3830
6638,3831
6639,3832
6640,3833
6642,3834
6643,3835
6644,3836
6645,3837
6646,3838
6647,3839
6649,3840
6650,3841
6651,3842
6655,3843
6656,3844
6657,3845
6660,3846
6661,3847
6662,3848
6663,3849
6664,3850
6665,3851
6666,3852
6667,3853
6668,3854
6669,3855
6670,3856
6673,3857
6682,3858
6683,3859
6684,3860
6685,3861
6690,3862
6691,3863
6693,3864
6700,3865
6701,3866
6703,3867
6704,3868
6705,3869
6707,3870
6708,3871
6709,3872
6710,3873
6711,3874
6712,3875
6713,3876
6714,3877
6715,3878
6716,3879
6717,3880
6718,3881
6719,3882
6720,3883
6744,3884
6745,3885
6746,3886
6747,3887
6751,3888
6752,3889
6753,3890
6758,3891
6759,3892
6760,3893
6768,3894
6769,3895
6771,3896
6777,3897
6780,3898
6785,3899
6786,3900
6789,3901
6791,3902
6792,3903
6803,3904
6815,3905
6816,3906
6821,3907
6834,3908
6835,3909
6836,3910
6837,3911
6838,3912
6839,3913
6840,3914
6841,3915
6842,3916
6843,3917
6844,3918
6845,3919
6846,3920
6848,3921
6849,3922
6850,3923
6851,3924
6852,3925
6853,3926
6854,3927
6855,3928
6856,3929
6857,3930
6858,3931
6859,3932
6860,3933
6861,3934
6862,3935
6863,3936
6864,3937
6865,3938
6866,3939
6867,3940
6869,3941
6872,3942
6873,3943
6875,3944
6877,3945
6879,3946
6880,3947
6881,3948
6882,3949
6883,3950
6884,3951
6885,3952
6886,3953
6887,3954
6888,3955
6889,3956
6890,3957
6893,3958
6904,3959
6908,3960
6909,3961
6910,3962
6911,3963
6923,3964
6927,3965
6928,3966
6931,3967
6932,3968
6933,3969
6935,3970
6936,3971
6937,3972
6939,3973
6942,3974
6943,3975
6944,3976
6945,3977
6946,3978
6947,3979
6949,3980
6954,3981
6955,3982
6956,3983
6957,3984
6958,3985
6959,3986
6960,3987
6961,3988
6962,3989
6963,3990
6964,3991
6965,3992
6966,3993
6967,3994
6968,3995
6969,3996
6972,3997
6975,3998
6976,3999
6977,4000
6978,4001
6979,4002
6981,4003
6982,4004
6983,4005
6984,4006
6985,4007
6986,4008
6987,4009
6989,4010
6990,4011
6991,4012
6992,4013
6993,4014
6995,4015
6998,4016
7000,4017
7002,4018
7004,4019
7007,4020
7008,4021
7009,4022
7010,4023
7011,4024
7012,4025
7013,4026
7014,4027
7015,4028
7016,4029
7017,4030
7050,4031
7058,4032
7060,4033
7061,4034
7062,4035
7063,4036
7064,4037
7065,4038
7066,4039
7067,4040
7068,4041
7069,4042
7071,4043
7072,4044
7074,4045
7075,4046
7076,4047
7077,4048
7078,4049
7079,4050
7081,4051
7082,4052
7084,4053
7085,4054
7086,4055
7088,4056
7090,4057
7091,4058
7092,4059
7094,4060
7098,4061
7099,4062
7100,4063
7101,4064
7103,4065
7104,4066
7105,4067
7106,4068
7107,4069
7108,4070
7109,4071
7110,4072
7113,4073
7114,4074
7116,4075
7119,4076
7120,4077
7121,4078
7122,4079
7123,4080
7124,4081
7125,4082
7130,4083
7132,4084
7134,4085
7135,4086
7139,4087
7140,4088
7141,4089
7143,4090
7146,4091
7147,4092
7148,4093
7149,4094
7150,4095
7151,4096
7153,4097
7154,4098
7155,4099
7156,4100
7157,4101
7161,4102
7167,4103
7168,4104
7169,4105
7170,4106
7172,4107
7173,4108
7174,4109
7175,4110
7176,4111
7177,4112
7181,4113
7182,4114
7184,4115
7188,4116
7189,4117
7197,4118
7199,4119
7200,4120
7201,4121
7202,4122
7203,4123
7204,4124
7205,4125
7206,4126
7207,4127
7208,4128
7209,4129
7210,4130
7212,4131
7214,4132
7215,4133
7220,4134
7221,4135
7222,4136
7223,4137
7225,4138
7226,4139
7227,4140
7232,4141
7233,4142
7234,4143
7238,4144
7239,4145
7242,4146
7243,4147
7244,4148
7245,4149
7249,4150
7254,4151
7255,4152
7256,4153
7257,4154
7265,4155
7267,4156
7270,4157
7271,4158
7274,4159
7282,4160
7283,4161
7285,4162
7291,4163
7294,4164
7296,4165
7297,4166
7298,4167
7299,4168
7300,4169
7302,4170
7303,4171
7310,4172
7311,4173
7312,4174
7319,4175
7320,4176
7321,4177
7322,4178
7325,4179
7326,4180
7327,4181
7328,4182
7329,4183
7331,4184
7332,4185
7333,4186
7334,4187
7335,4188
7336,4189
7341,4190
7368,4191
7370,4192
7377,4193
7378,4194
7380,4195
7383,4196
7384,4197
7385,4198
7386,4199
7391,4200
7392,4201
7396,4202
7398,4203
7408,4204
7426,4205
7427,4206
7429,4207
7434,4208
7454,4209
7501,4210
7554,4211
7555,4212
7556,4213
7557,4214
7561,4215
7564,4216
7565,4217
7566,4218
7568,4219
7569,4220
7570,4221
7580,4222
7583,4223
7596,4224
7607,4225
7665,4226
7666,4227
7671,4228
7673,4229
7675,4230
7676,4231
7677,4232
7678,4233
7679,4234
7680,4235
7682,4236
7684,4237
7685,4238
7686,4239
7687,4240
7688,4241
7690,4242
7691,4243
7692,4244
7699,4245
7700,4246
7701,4247
7702,4248
7703,4249
7704,4250
7705,4251
7707,4252
7708,4253
7709,4254
7711,4255
7712,4256
7713,4257
7714,4258
7715,4259
7716,4260
7717,4261
7721,4262
7722,4263
7723,4264
7724,4265
7725,4266
7726,4267
7729,4268
7730,4269
7732,4270
7737,4271
7738,4272
7739,4273
7740,4274
7741,4275
7742,4276
7743,4277
7745,4278
7746,4279
7766,4280
7768,4281
7769,4282
7770,4283
7771,4284
7772,4285
7773,4286
7774,4287
7776,4288
7777,4289
7780,4290
7781,4291
7783,4292
7784,4293
7785,4294
7786,4295
7787,4296
7788,4297
7789,4298
7790,4299
7792,4300
7793,4301
7797,4302
7799,4303
7801,4304
7805,4305
7806,4306
7807,4307
7808,4308
7810,4309
7811,4310
7823,4311
7824,4312
7826,4313
7827,4314
7829,4315
7831,4316
7832,4317
7833,4318
7838,4319
7839,4320
7843,4321
7846,4322
7849,4323
7855,4324
7856,4325
7859,4326
7867,4327
7868,4328
7869,4329
7873,4330
7874,4331
7878,4332
7879,4333
7883,4334
7886,4335
7900,4336
7901,4337
7902,4338
7903,4339
7907,4340
7908,4341
7911,4342
7912,4343
7913,4344
7916,4345
7917,4346
7918,4347
7920,4348
7921,4349
7922,4350
7924,4351
7927,4352
7928,4353
7929,4354
7930,4355
7937,4356
7938,4357
7939,4358
7940,4359
7941,4360
7942,4361
7943,4362
7944,4363
7949,4364
7956,4365
7957,4366
7958,4367
7959,4368
7960,4369
7961,4370
7963,4371
7964,4372
7965,4373
7966,4374
7967,4375
7970,4376
7971,4377
7984,4378
7985,4379
7990,4380
7991,4381
7994,4382
7995,4383
7996,4384
7999,4385
8000,4386
8001,4387
8002,4388
8003,4389
8004,4390
8005,4391
8006,4392
8008,4393
8009,4394
8010,4395
8011,4396
8012,4397
8013,4398
8014,4399
8018,4400
8019,4401
8020,4402
8022,4403
8025,4404
8026,4405
8029,4406
8030,4407
8031,4408
8032,4409
8033,4410
8036,4411
8037,4412
8038,4413
8039,4414
8040,4415
8041,4416
8042,4417
8043,4418
8044,4419
8055,4420
8058,4421
8060,4422
8061,4423
8062,4424
8063,4425
8064,4426
8066,4427
8067,4428
8068,4429
8070,4430
8071,4431
8072,4432
8073,4433
8086,4434
8087,4435
8088,4436
8089,4437
8092,4438
8093,4439
8094,4440
8095,4441
8096,4442
8102,4443
8103,4444
8109,4445
8110,4446
8111,4447
8118,4448
8119,4449
8120,4450
8121,4451
8129,4452
8134,4453
8135,4454
8136,4455
8137,4456
8138,4457
8140,4458
8141,4459
8142,4460
8150,4461
8156,4462
8157,4463
8163,4464
8164,4465
8168,4466
8169,4467
8170,4468
8173,4469
8175,4470
8184,4471
8185,4472
8186,4473
8188,4474
8191,4475
8193,4476
8194,4477
8196,4478
8198,4479
8199,4480
8200,4481
8204,4482
8208,4483
8212,4484
8218,4485
8220,4486
8221,4487
8222,4488
8223,4489
8224,4490
8225,4491
8235,4492
8243,4493
8244,4494
8255,4495
8261,4496
8262,4497
8263,4498
8265,4499
8266,4500
8272,4501
8273,4502
8274,4503
8275,4504
8276,4505
8277,4506
8278,4507
8280,4508
8282,4509
8283,4510
8284,4511
8285,4512
8288,4513
8289,4514
8290,4515
8291,4516
8294,4517
8295,4518
8296,4519
8297,4520
8298,4521
8301,4522
8303,4523
8304,4524
8305,4525
8313,4526
8314,4527
8316,4528
8323,4529
8332,4530
8340,4531
8341,4532
8342,4533
8343,4534
8344,4535
8352,4536
8359,4537
8361,4538
8377,4539
8378,4540
8380,4541
8386,4542
8387,4543
8390,4544
8394,4545
8401,4546
8403,4547
8404,4548
8407,4549
8408,4550
8409,4551
8410,4552
8411,4553
8415,4554
8416,4555
8419,4556
8422,4557
8423,4558
8426,4559
8427,4560
8428,4561
8430,4562
8431,4563
8458,4564
8461,4565
8464,4566
8468,4567
8469,4568
8470,4569
8472,4570
8473,4571
8474,4572
8475,4573
8487,4574
8489,4575
8495,4576
8496,4577
8497,4578
8498,4579
8499,4580
8500,4581
8501,4582
8504,4583
8505,4584
8507,4585
8510,4586
8511,4587
8512,4588
8514,4589
8517,4590
8518,4591
8520,4592
8521,4593
8523,4594
8525,4595
8526,4596
8527,4597
8528,4598
8531,4599
8532,4600
8539,4601
8550,4602
8553,4603
8554,4604
8562,4605
8563,4606
8564,4607
8567,4608
8575,4609
8576,4610
8577,4611
8583,4612
8584,4613
8586,4614
8592,4615
8601,4616
8603,4617
8607,4618
8611,4619
8614,4620
8615,4621
8616,4622
8618,4623
8621,4624
8629,4625
8632,4626
8634,4627
8635,4628
8637,4629
8638,4630
8641,4631
8643,4632
8645,4633
8647,4634
8650,4635
8652,4636
8660,4637
8667,4638
8695,4639
8696,4640
8697,4641
8698,4642
8700,4643
8701,4644
8702,4645
8703,4646
8704,4647
8705,4648
8706,4649
8707,4650
8710,4651
8711,4652
8712,4653
8713,4654
8714,4655
8715,4656
8716,4657
8720,4658
8721,4659
8723,4660
8724,4661
8725,4662
8726,4663
8734,4664
8735,4665
8736,4666
8737,4667
8738,4668
8739,4669
8741,4670
8742,4671
8743,4672
8744,4673
8745,4674
8746,4675
8747,4676
8748,4677
8749,4678
8751,4679
8752,4680
8753,4681
8754,4682
8755,4683
8756,4684
8759,4685
8765,4686
8766,4687
8767,4688
8768,4689
8769,4690
8771,4691
8773,4692
8777,4693
8778,4694
8779,4695
8781,4696
8782,4697
8783,4698
8784,4699
8787,4700
8795,4701
8810,4702
8811,4703
8813,4704
8814,4705
8815,4706
8816,4707
8817,4708
8818,4709
8819,4710
8821,4711
8822,4712
8823,4713
8828,4714
8829,4715
8830,4716
8832,4717
8833,4718
8834,4719
8861,4720
8862,4721
8875,4722
8876,4723
8886,4724
8891,4725
8892,4726
8893,4727
8894,4728
8895,4729
8897,4730
8898,4731
8902,4732
8903,4733
8904,4734
8905,4735
8906,4736
8913,4737
8914,4738
8915,4739
8916,4740
8917,4741
8918,4742
8920,4743
8921,4744
8922,4745
8924,4746
8925,4747
8927,4748
8928,4749
8929,4750
8932,4751
8933,4752
8934,4753
8935,4754
8936,4755
8937,4756
8938,4757
8939,4758
8940,4759
8941,4760
8945,4761
8946,4762
8948,4763
8949,4764
8951,4765
8953,4766
8954,4767
8955,4768
8956,4769
8957,4770
8958,4771
8961,4772
8962,4773
8963,4774
8964,4775
8965,4776
8967,4777
8969,4778
8971,4779
8972,4780
8973,4781
8974,4782
8975,4783
8976,4784
8977,4785
8978,4786
8980,4787
8981,4788
8986,4789
8987,4790
8990,4791
8992,4792
8993,4793
8994,4794
8995,4795
8996,4796
8997,4797
8999,4798
9000,4799
9001,4800
9002,4801
9003,4802
9004,4803
9005,4804
9006,4805
9007,4806
9008,4807
9009,4808
9010,4809
9011,4810
9012,4811
9013,4812
9014,4813
9015,4814
9016,4815
9017,4816
9018,4817
9019,4818
9021,4819
9022,4820
9023,4821
9025,4822
9026,4823
9027,4824
9028,4825
9029,4826
9032,4827
9033,4828
9034,4829
9036,4830
9037,4831
9038,4832
9039,4833
9040,4834
9042,4835
9043,4836
9044,4837
9045,4838
9046,4839
9047,4840
9052,4841
9053,4842
9054,4843
9055,4844
9057,4845
9060,4846
9061,4847
9062,4848
9063,4849
9065,4850
9066,4851
9067,4852
9070,4853
9073,4854
9074,4855
9075,4856
9076,4857
9077,4858
9080,4859
9081,4860
9083,4861
9084,4862
9086,4863
9087,4864
9088,4865
9090,4866
9091,4867
9092,4868
9094,4869
9095,4870
9096,4871
9103,4872
9104,4873
9106,4874
9107,4875
9108,4876
9109,4877
9111,4878
9114,4879
9116,4880
9117,4881
9118,4882
9120,4883
9121,4884
9124,4885
9126,4886
9128,4887
9129,4888
9130,4889
9131,4890
9132,4891
9133,4892
9134,4893
9136,4894
9138,4895
9140,4896
9141,4897
9142,4898
9143,4899
9144,4900
9145,4901
9146,4902
9148,4903
9149,4904
9150,4905
9151,4906
9153,4907
9156,4908
9157,4909
9158,4910
9160,4911
9162,4912
9163,4913
9164,4914
9168,4915
9171,4916
9174,4917
9175,4918
9176,4919
9177,4920
9179,4921
9180,4922
9183,4923
9184,4924
9185,4925
9190,4926
9192,4927
9194,4928
9196,4929
9198,4930
9199,4931
9202,4932
9203,4933
9204,4934
9205,4935
9207,4936
9208,4937
9209,4938
9211,4939
9216,4940
9217,4941
9218,4942
9219,4943
9220,4944
9226,4945
9227,4946
9228,4947
9229,4948
9233,4949
9234,4950
9237,4951
9238,4952
9239,4953
9240,4954
9247,4955
9248,4956
9250,4957
9251,4958
9252,4959
9256,4960
9257,4961
9259,4962
9260,4963
9261,4964
9262,4965
9263,4966
9266,4967
9267,4968
9268,4969
9269,4970
9272,4971
9274,4972
9276,4973
9277,4974
9278,4975
9279,4976
9280,4977
9281,4978
9282,4979
9284,4980
9285,4981
9286,4982
9287,4983
9289,4984
9290,4985
9291,4986
9292,4987
9293,4988
9294,4989
9295,4990
9296,4991
9297,4992
9298,4993
9299,4994
9300,4995
9301,4996
9302,4997
9304,4998
9305,4999
9306,5000
9308,5001
9309,5002
9310,5003
9311,5004
9312,5005
9313,5006
9314,5007
9315,5008
9316,5009
9317,5010
9318,5011
9319,5012
9320,5013
9321,5014
9322,5015
9323,5016
9324,5017
9326,5018
9327,5019
9328,5020
9330,5021
9331,5022
9332,5023
9333,5024
9339,5025
9340,5026
9342,5027
9343,5028
9344,5029
9345,5030
9347,5031
9350,5032
9351,5033
9352,5034
9358,5035
9359,5036
9360,5037
9361,5038
9366,5039
9367,5040
9368,5041
9373,5042
9374,5043
9380,5044
9381,5045
9382,5046
9383,5047
9386,5048
9387,5049
9388,5050
9389,5051
9397,5052
9401,5053
9402,5054
9403,5055
9404,5056
9405,5057
9406,5058
9409,5059
9411,5060
9412,5061
9413,5062
9415,5063
9417,5064
9418,5065
9419,5066
9421,5067
9422,5068
9428,5069
9429,5070
9431,5071
9432,5072
9434,5073
9435,5074
9436,5075
9437,5076
9438,5077
9439,5078
9440,5079
9441,5080
9442,5081
9443,5082
9445,5083
9446,5084
9448,5085
9455,5086
9456,5087
9459,5088
9460,5089
9461,5090
9464,5091
9465,5092
9467,5093
9468,5094
9472,5095
9473,5096
9479,5097
9481,5098
9482,5099
9483,5100
9487,5101
9488,5102
9489,5103
9490,5104
9491,5105
9492,5106
9493,5107
9494,5108
9495,5109
9497,5110
9498,5111
9499,5112
9500,5113
9501,5114
9502,5115
9503,5116
9504,5117
9505,5118
9506,5119
9507,5120
9508,5121
9509,5122
9510,5123
9512,5124
9513,5125
9514,5126
9515,5127
9516,5128
9517,5129
9518,5130
9519,5131
9520,5132
9521,5133
9522,5134
9523,5135
9526,5136
9527,5137
9528,5138
9529,5139
9530,5140
9531,5141
9532,5142
9533,5143
9534,5144
9535,5145
9536,5146
9537,5147
9538,5148
9542,5149
9543,5150
9547,5151
9548,5152
9549,5153
9553,5154
9554,5155
9558,5156
9559,5157
9560,5158
9564,5159
9565,5160
9568,5161
9569,5162
9570,5163
9573,5164
9574,5165
9575,5166
9578,5167
9579,5168
9582,5169
9583,5170
9585,5171
9587,5172
9588,5173
9589,5174
9590,5175
9591,5176
9597,5177
9598,5178
9599,5179
9600,5180
9601,5181
9602,5182
9606,5183
9608,5184
9610,5185
9611,5186
9612,5187
9613,5188
9615,5189
9616,5190
9618,5191
9619,5192
9620,5193
9621,5194
9629,5195
9632,5196
9637,5197
9638,5198
9653,5199
9655,5200
9656,5201
9657,5202
9658,5203
9659,5204
9660,5205
9661,5206
9662,5207
9664,5208
9665,5209
9666,5210
9667,5211
9668,5212
9669,5213
9670,5214
9677,5215
9679,5216
9680,5217
9681,5218
9682,5219
9683,5220
9684,5221
9685,5222
9686,5223
9688,5224
9689,5225
9690,5226
9691,5227
9692,5228
9693,5229
9694,5230
9695,5231
9696,5232
9697,5233
9698,5234
9699,5235
9700,5236
9701,5237
9702,5238
9703,5239
9704,5240
9705,5241
9706,5242
9707,5243
9708,5244
9709,5245
9710,5246
9711,5247
9713,5248
9714,5249
9715,5250
9716,5251
9717,5252
9718,5253
9719,5254
9720,5255
9729,5256
9730,5257
9731,5258
9737,5259
9738,5260
9739,5261
9741,5262
9742,5263
9743,5264
9744,5265
9745,5266
9746,5267
9747,5268
9749,5269
9750,5270
9755,5271
9759,5272
9765,5273
9769,5274
9771,5275
9772,5276
9773,5277
9774,5278
9775,5279
9778,5280
9783,5281
9784,5282
9785,5283
9789,5284
9791,5285
9792,5286
9793,5287
9800,5288
9801,5289
9802,5290
9805,5291
9806,5292
9807,5293
9808,5294
9809,5295
9812,5296
9813,5297
9814,5298
9816,5299
9818,5300
9819,5301
9820,5302
9821,5303
9822,5304
9823,5305
9827,5306
9829,5307
9831,5308
9832,5309
9835,5310
9838,5311
9839,5312
9840,5313
9841,5314
9852,5315
9855,5316
9864,5317
9865,5318
9866,5319
9869,5320
9871,5321
9876,5322
9877,5323
9890,5324
9891,5325
9892,5326
9893,5327
9894,5328
9895,5329
9897,5330
9898,5331
9899,5332
9909,5333
9925,5334
9926,5335
9927,5336
9929,5337
9934,5338
9935,5339
9937,5340
9942,5341
9943,5342
9945,5343
9946,5344
9947,5345
9948,5346
9949,5347
9950,5348
9951,5349
9952,5350
9953,5351
9954,5352
9955,5353
9956,5354
9957,5355
9959,5356
9963,5357
9964,5358
9965,5359
9966,5360
9967,5361
9969,5362
9970,5363
9971,5364
9978,5365
9989,5366
10002,5367
10003,5368
10004,5369
10007,5370
10009,5371
10014,5372
10018,5373
10019,5374
10020,5375
10021,5376
10022,5377
10024,5378
10025,5379
10026,5380
10027,5381
10028,5382
10029,5383
10030,5384
10031,5385
10032,5386
10040,5387
10041,5388
10043,5389
10044,5390
10045,5391
10046,5392
10047,5393
10048,5394
10049,5395
10052,5396
10058,5397
10059,5398
10060,5399
10062,5400
10063,5401
10065,5402
10067,5403
10068,5404
10069,5405
10070,5406
10072,5407
10074,5408
10075,5409
10076,5410
10077,5411
10078,5412
10083,5413
10094,5414
10095,5415
10096,5416
10097,5417
10098,5418
10099,5419
10100,5420
10101,5421
10102,5422
10103,5423
10104,5424
10105,5425
10106,5426
10107,5427
10113,5428
10114,5429
10115,5430
10116,5431
10117,5432
10121,5433
10122,5434
10124,5435
10125,5436
10127,5437
10129,5438
10139,5439
10147,5440
10148,5441
10149,5442
10150,5443
10151,5444
10152,5445
10154,5446
10155,5447
10157,5448
10158,5449
10162,5450
10165,5451
10167,5452
10171,5453
10177,5454
10178,5455
10205,5456
10206,5457
10208,5458
10209,5459
10210,5460
10211,5461
10212,5462
10213,5463
10214,5464
10215,5465
10216,5466
10217,5467
10219,5468
10220,5469
10221,5470
10222,5471
10223,5472
10241,5473
10242,5474
10243,5475
10244,5476
10245,5477
10247,5478
10248,5479
10249,5480
10250,5481
10251,5482
10252,5483
10253,5484
10254,5485
10255,5486
10261,5487
10262,5488
10263,5489
10264,5490
10265,5491
10267,5492
10268,5493
10269,5494
10273,5495
10275,5496
10276,5497
10277,5498
10278,5499
10279,5500
10280,5501
10283,5502
10284,5503
10287,5504
10290,5505
10300,5506
10301,5507
10306,5508
10307,5509
10308,5510
10314,5511
10315,5512
10317,5513
10319,5514
10320,5515
10321,5516
10322,5517
10324,5518
10325,5519
10326,5520
10328,5521
10329,5522
10330,5523
10331,5524
10333,5525
10334,5526
10336,5527
10337,5528
10338,5529
10339,5530
10340,5531
10341,5532
10344,5533
10346,5534
10353,5535
10354,5536
10355,5537
10371,5538
10373,5539
10374,5540
10375,5541
10381,5542
10399,5543
10400,5544
10401,5545
10402,5546
10403,5547
10404,5548
10407,5549
10408,5550
10409,5551
10414,5552
10415,5553
10416,5554
10417,5555
10421,5556
10423,5557
10424,5558
10425,5559
10426,5560
10428,5561
10429,5562
10430,5563
10434,5564
10435,5565
10436,5566
10437,5567
10438,5568
10440,5569
10442,5570
10445,5571
10447,5572
10451,5573
10452,5574
10453,5575
10454,5576
10455,5577
10458,5578
10460,5579
10461,5580
10463,5581
10464,5582
10466,5583
10469,5584
10471,5585
10472,5586
10474,5587
10475,5588
10477,5589
10478,5590
10479,5591
10480,5592
10481,5593
10482,5594
10483,5595
10484,5596
10488,5597
10489,5598
10492,5599
10493,5600
10494,5601
10496,5602
10497,5603
10498,5604
10500,5605
10503,5606
10510,5607
10511,5608
10512,5609
10527,5610
10528,5611
10529,5612
10530,5613
10531,5614
10532,5615
10533,5616
10534,5617
10535,5618
10536,5619
10537,5620
10541,5621
10542,5622
10543,5623
10544,5624
10545,5625
10546,5626
10549,5627
10553,5628
10554,5629
10555,5630
10556,5631
10559,5632
10562,5633
10563,5634
10564,5635
10565,5636
10566,5637
10567,5638
10568,5639
10569,5640
10570,5641
10571,5642
10572,5643
10573,5644
10574,5645
10575,5646
10576,5647
10577,5648
10578,5649
10579,5650
10580,5651
10581,5652
10583,5653
10588,5654
10590,5655
10593,5656
10594,5657
10595,5658
10596,5659
10597,5660
10598,5661
10599,5662
10600,5663
10601,5664
10603,5665
10604,5666
10605,5667
10606,5668
10607,5669
10608,5670
10609,5671
10610,5672
10613,5673
10614,5674
10622,5675
10638,5676
10677,5677
10678,5678
10682,5679
10685,5680
10686,5681
10688,5682
10691,5683
10692,5684
10700,5685
10702,5686
10703,5687
10704,5688
10705,5689
10706,5690
10708,5691
10710,5692
10712,5693
10713,5694
10714,5695
10718,5696
10719,5697
10724,5698
10725,5699
10727,5700
10731,5701
10732,5702
10733,5703
10735,5704
10736,5705
10738,5706
10739,5707
10740,5708
10746,5709
10747,5710
10755,5711
10756,5712
10757,5713
10758,5714
10759,5715
10761,5716
10762,5717
10763,5718
10764,5719
10765,5720
10767,5721
10768,5722
10769,5723
10772,5724
10774,5725
10775,5726
10776,5727
10778,5728
10779,5729
10780,5730
10781,5731
10782,5732
10783,5733
10784,5734
10785,5735
10789,5736
10801,5737
10802,5738
10806,5739
10807,5740
10808,5741
10809,5742
10816,5743
10817,5744
10819,5745
10821,5746
10823,5747
10824,5748
10827,5749
10828,5750
10831,5751
10832,5752
10833,5753
10835,5754
10836,5755
10837,5756
10838,5757
10840,5758
10841,5759
10845,5760
10846,5761
10849,5762
10857,5763
10858,5764
10859,5765
10860,5766
10861,5767
10863,5768
10865,5769
10866,5770
10870,5771
10871,5772
10872,5773
10874,5774
10875,5775
10876,5776
10877,5777
10878,5778
10879,5779
10880,5780
10881,5781
10884,5782
10885,5783
10887,5784
10888,5785
10890,5786
10891,5787
10892,5788
10895,5789
10897,5790
10898,5791
10899,5792
10900,5793
10904,5794
10905,5795
10906,5796
10907,5797
10908,5798
10909,5799
10910,5800
10911,5801
10912,5802
10914,5803
10915,5804
10916,5805
10917,5806
10918,5807
10920,5808
10924,5809
10926,5810
10930,5811
10932,5812
10933,5813
10935,5814
10938,5815
10940,5816
10943,5817
10945,5818
10947,5819
10949,5820
10950,5821
10952,5822
10955,5823
10958,5824
10959,5825
10960,5826
10961,5827
10962,5828
10963,5829
10964,5830
10965,5831
10966,5832
10968,5833
10971,5834
10972,5835
10973,5836
10974,5837
10979,5838
10980,5839
10981,5840
10982,5841
10983,5842
10984,5843
10985,5844
10987,5845
10993,5846
10994,5847
10995,5848
10997,5849
10999,5850
11000,5851
11001,5852
11002,5853
11004,5854
11006,5855
11008,5856
11010,5857
11014,5858
11016,5859
11017,5860
11018,5861
11020,5862
11022,5863
11023,5864
11027,5865
11033,5866
11034,5867
11035,5868
11040,5869
11041,5870
11047,5871
11052,5872
11062,5873
11076,5874
11078,5875
11079,5876
11082,5877
11083,5878
11086,5879
11087,5880
11088,5881
11165,5882
11191,5883
11192,5884
11195,5885
11196,5886
11197,5887
11198,5888
11199,5889
11200,5890
11205,5891
11207,5892
11208,5893
11209,5894
11211,5895
11212,5896
11213,5897
11214,5898
11217,5899
11218,5900
11219,5901
11220,5902
11223,5903
11224,5904
11225,5905
11231,5906
11232,5907
11233,5908
11234,5909
11235,5910
11237,5911
11238,5912
11239,5913
11241,5914
11243,5915
11244,5916
11246,5917
11247,5918
11248,5919
11251,5920
11252,5921
11253,5922
11258,5923
11259,5924
11260,5925
11261,5926
11262,5927
11263,5928
11266,5929
11267,5930
11268,5931
11269,5932
11270,5933
11271,5934
11273,5935
11274,5936
11278,5937
11279,5938
11280,5939
11281,5940
11282,5941
11289,5942
11291,5943
11292,5944
11294,5945
11295,5946
11296,5947
11297,5948
11298,5949
11299,5950
11300,5951
11305,5952
11306,5953
11307,5954
11309,5955
11312,5956
11314,5957
11316,5958
11320,5959
11321,5960
11322,5961
11325,5962
11326,5963
11339,5964
11340,5965
11345,5966
11346,5967
11347,5968
11348,5969
11350,5970
11351,5971
11352,5972
11353,5973
11355,5974
11356,5975
11357,5976
11359,5977
11360,5978
11361,5979
11367,5980
11368,5981
11369,5982
11370,5983
11371,5984
11374,5985
11375,5986
11378,5987
11379,5988
11382,5989
11383,5990
11384,5991
11386,5992
11413,5993
11453,5994
11459,5995
11465,5996
11484,5997
11501,5998
11502,5999
11503,6000
11510,6001
11511,6002
11512,6003
11528,6004
11530,6005
11531,6006
11532,6007
11542,6008
11547,6009
11548,6010
11549,6011
11551,6012
11554,6013
11555,6014
11556,6015
11559,6016
11561,6017
11563,6018
11564,6019
11566,6020
11567,6021
11568,6022
11569,6023
11570,6024
11571,6025
11572,6026
11574,6027
11575,6028
11576,6029
11577,6030
11578,6031
11579,6032
11580,6033
11581,6034
11583,6035
11584,6036
11585,6037
11587,6038
11588,6039
11589,6040
11590,6041
11591,6042
11593,6043
11594,6044
11607,6045
11608,6046
11609,6047
11610,6048
11611,6049
11617,6050
11618,6051
11619,6052
11620,6053
11621,6054
11622,6055
11624,6056
11625,6057
11626,6058
11634,6059
11644,6060
11648,6061
11649,6062
11650,6063
11651,6064
11652,6065
11654,6066
11655,6067
11658,6068
11659,6069
11660,6070
11661,6071
11662,6072
11663,6073
11664,6074
11666,6075
11671,6076
11672,6077
11673,6078
11674,6079
11675,6080
11676,6081
11677,6082
11678,6083
11680,6084
11681,6085
11682,6086
11683,6087
11685,6088
11686,6089
11687,6090
11688,6091
11691,6092
11692,6093
11693,6094
11699,6095
11700,6096
11701,6097
11702,6098
11703,6099
11705,6100
11706,6101
11707,6102
11708,6103
11709,6104
11710,6105
11711,6106
11713,6107
11717,6108
11720,6109
11721,6110
11722,6111
11723,6112
11724,6113
11725,6114
11726,6115
11727,6116
11729,6117
11730,6118
11731,6119
11732,6120
11733,6121
11735,6122
11739,6123
11746,6124
11751,6125
11752,6126
11753,6127
11754,6128
11755,6129
11756,6130
11757,6131
11760,6132
11761,6133
11762,6134
11763,6135
11764,6136
11765,6137
11766,6138
11767,6139
11769,6140
11786,6141
11787,6142
11788,6143
11789,6144
11790,6145
11791,6146
11792,6147
11796,6148
11806,6149
11813,6150
11814,6151
11817,6152
11824,6153
11825,6154
11826,6155
11827,6156
11829,6157
11830,6158
11831,6159
11834,6160
11835,6161
11836,6162
11838,6163
11839,6164
11842,6165
11843,6166
11844,6167
11845,6168
11846,6169
11847,6170
11849,6171
11850,6172
11851,6173
11852,6174
11853,6175
11854,6176
11856,6177
11857,6178
11858,6179
11859,6180
11860,6181
11861,6182
11862,6183
11866,6184
11867,6185
11868,6186
11869,6187
11870,6188
11871,6189
11872,6190
11874,6191
11884,6192
11886,6193
11887,6194
11891,6195
11894,6196
11895,6197
11896,6198
11897,6199
11898,6200
11899,6201
11900,6202
11901,6203
11903,6204
11905,6205
11906,6206
11907,6207
11909,6208
11914,6209
11915,6210
11916,6211
11917,6212
11918,6213
11920,6214
11921,6215
11922,6216
11924,6217
11925,6218
11927,6219
11928,6220
11929,6221
11930,6222
11931,6223
11932,6224
11934,6225
11935,6226
11937,6227
11938,6228
11940,6229
11941,6230
11942,6231
11943,6232
11944,6233
11946,6234
11947,6235
11948,6236
11949,6237
11950,6238
11951,6239
11952,6240
11953,6241
11954,6242
11956,6243
11957,6244
11958,6245
11959,6246
11961,6247
11962,6248
11963,6249
11964,6250
11965,6251
11966,6252
11968,6253
11975,6254
11976,6255
11981,6256
11982,6257
11983,6258
11989,6259
11992,6260
11994,6261
11995,6262
11996,6263
11997,6264
11998,6265
11999,6266
12000,6267
12003,6268
12007,6269
12008,6270
12015,6271
12016,6272
12017,6273
12019,6274
12030,6275
12036,6276
12038,6277
12046,6278
12047,6279
12048,6280
12049,6281
12050,6282
12051,6283
12052,6284
12053,6285
12055,6286
12056,6287
12059,6288
12068,6289
12072,6290
12074,6291
12076,6292
12077,6293
12078,6294
12081,6295
12082,6296
12085,6297
12086,6298
12087,6299
12093,6300
12101,6301
12102,6302
12106,6303
12114,6304
12116,6305
12117,6306
12119,6307
12120,6308
12121,6309
12124,6310
12125,6311
12127,6312
12135,6313
12137,6314
12147,6315
12148,6316
12149,6317
12150,6318
12152,6319
12160,6320
12161,6321
12162,6322
12166,6323
12167,6324
12168,6325
12169,6326
12170,6327
12171,6328
12172,6329
12173,6330
12174,6331
12175,6332
12176,6333
12177,6334
12178,6335
12179,6336
12180,6337
12181,6338
12182,6339
12183,6340
12184,6341
12185,6342
12186,6343
12187,6344
12188,6345
12189,6346
12190,6347
12191,6348
12192,6349
12193,6350
12194,6351
12195,6352
12196,6353
12197,6354
12198,6355
12199,6356
12200,6357
12201,6358
12202,6359
12203,6360
12204,6361
12206,6362
12209,6363
12210,6364
12211,6365
12212,6366
12213,6367
12214,6368
12215,6369
12216,6370
12217,6371
12218,6372
12219,6373
12220,6374
12221,6375
12222,6376
12223,6377
12224,6378
12225,6379
12226,6380
12227,6381
12228,6382
12229,6383
12230,6384
12231,6385
12232,6386
12233,6387
12234,6388
12235,6389
12236,6390
12237,6391
12238,6392
12239,6393
12240,6394
12241,6395
12242,6396
12243,6397
12244,6398
12245,6399
12246,6400
12248,6401
12250,6402
12252,6403
12253,6404
12257,6405
12261,6406
12262,6407
12263,6408
12264,6409
12265,6410
12266,6411
12268,6412
12270,6413
12271,6414
12278,6415
12279,6416
12280,6417
12281,6418
12282,6419
12287,6420
12288,6421
12292,6422
12299,6423
12301,6424
12307,6425
12308,6426
12309,6427
12310,6428
12311,6429
12314,6430
12318,6431
12319,6432
12321,6433
12323,6434
12324,6435
12325,6436
12327,6437
12329,6438
12330,6439
12333,6440
12334,6441
12335,6442
12336,6443
12342,6444
12344,6445
12345,6446
12346,6447
12348,6448
12349,6449
12352,6450
12353,6451
12354,6452
12355,6453
12356,6454
12357,6455
12358,6456
12359,6457
12360,6458
12361,6459
12362,6460
12363,6461
12364,6462
12365,6463
12366,6464
12367,6465
12368,6466
12369,6467
12370,6468
12371,6469
12372,6470
12373,6471
12374,6472
12375,6473
12376,6474
12377,6475
12378,6476
12379,6477
12380,6478
12381,6479
12382,6480
12383,6481
12384,6482
12385,6483
12386,6484
12387,6485
12388,6486
12389,6487
12390,6488
12391,6489
12392,6490
12393,6491
12394,6492
12395,6493
12396,6494
12397,6495
12398,6496
12399,6497
12400,6498
12401,6499
12402,6500
12403,6501
12406,6502
12407,6503
12408,6504
12409,6505
12413,6506
12420,6507
12421,6508
12427,6509
12430,6510
12438,6511
12439,6512
12440,6513
12442,6514
12443,6515
12445,6516
12460,6517
12461,6518
12465,6519
12468,6520
12469,6521
12482,6522
12491,6523
12496,6524
12497,6525
12498,6526
12499,6527
12500,6528
12501,6529
12504,6530
12506,6531
12514,6532
12515,6533
12521,6534
12523,6535
12537,6536
12540,6537
12541,6538
12550,6539
12551,6540
12552,6541
12554,6542
12558,6543
12559,6544
12561,6545
12562,6546
12565,6547
12566,6548
12567,6549
12568,6550
12571,6551
12588,6552
12589,6553
12590,6554
12595,6555
12598,6556
12601,6557
12611,6558
12612,6559
12615,6560
12620,6561
12621,6562
12627,6563
12630,6564
12631,6565
12633,6566
12634,6567
12638,6568
12647,6569
12648,6570
12653,6571
12655,6572
12657,6573
12658,6574
12662,6575
12666,6576
12667,6577
12668,6578
12669,6579
12670,6580
12671,6581
12672,6582
12674,6583
12675,6584
12676,6585
12683,6586
12688,6587
12689,6588
12692,6589
12707,6590
12708,6591
12712,6592
12713,6593
12715,6594
12717,6595
12719,6596
12721,6597
12726,6598
12727,6599
12728,6600
12729,6601
12734,6602
12735,6603
12736,6604
12737,6605
12738,6606
12739,6607
12741,6608
12749,6609
12750,6610
12751,6611
12752,6612
12754,6613
12755,6614
12756,6615
12758,6616
12759,6617
12760,6618
12761,6619
12762,6620
12763,6621
12764,6622
12765,6623
12766,6624
12767,6625
12768,6626
12773,6627
12776,6628
12779,6629
12782,6630
12789,6631
12792,6632
12796,6633
12802,6634
12803,6635
12804,6636
12805,6637
12806,6638
12808,6639
12809,6640
12811,6641
12813,6642
12814,6643
12815,6644
12816,6645
12817,6646
12818,6647
12819,6648
12820,6649
12821,6650
12822,6651
12823,6652
12826,6653
12827,6654
12828,6655
12829,6656
12830,6657
12831,6658
12832,6659
12833,6660
12834,6661
12835,6662
12836,6663
12837,6664
12838,6665
12839,6666
12840,6667
12841,6668
12842,6669
12843,6670
12844,6671
12845,6672
12847,6673
12849,6674
12850,6675
12855,6676
12859,6677
12860,6678
12862,6679
12863,6680
12872,6681
12875,6682
12877,6683
12880,6684
12881,6685
12883,6686
12888,6687
12889,6688
12893,6689
12895,6690
12896,6691
12902,6692
12910,6693
12911,6694
12915,6695
12920,6696
12921,6697
12922,6698
12924,6699
12925,6700
12926,6701
12927,6702
12928,6703
12929,6704
12930,6705
12931,6706
12932,6707
12934,6708
12935,6709
12937,6710
12940,6711
12941,6712
12942,6713
12943,6714
12944,6715
12947,6716
12955,6717
12958,6718
12959,6719
12961,6720
12962,6721
12965,6722
12966,6723
12969,6724
12971,6725
12972,6726
12974,6727
12975,6728
12976,6729
12978,6730
12980,6731
12982,6732
12983,6733
12985,6734
12986,6735
12987,6736
12988,6737
12989,6738
12990,6739
12992,6740
12993,6741
12994,6742
12996,6743
12997,6744
12998,6745
13001,6746
13004,6747
13005,6748
13006,6749
13007,6750
13010,6751
13011,6752
13012,6753
13013,6754
13016,6755
13018,6756
13019,6757
13020,6758
13022,6759
13024,6760
13025,6761
13027,6762
13029,6763
13030,6764
13031,6765
13032,6766
13033,6767
13035,6768
13036,6769
13037,6770
13038,6771
13040,6772
13041,6773
13045,6774
13048,6775
13050,6776
13051,6777
13052,6778
13053,6779
13054,6780
13057,6781
13058,6782
13059,6783
13064,6784
13073,6785
13089,6786
13093,6787
13098,6788
13107,6789
13110,6790
13112,6791
13114,6792
13125,6793
13135,6794
13136,6795
13138,6796
13139,6797
13141,6798
13142,6799
13144,6800
13146,6801
13147,6802
13149,6803
13150,6804
13151,6805
13155,6806
13177,6807
13178,6808
13179,6809
13180,6810
13181,6811
13183,6812
13188,6813
13194,6814
13195,6815
13196,6816
13197,6817
13198,6818
13204,6819
13205,6820
13207,6821
13209,6822
13210,6823
13211,6824
13212,6825
13213,6826
13214,6827
13215,6828
13216,6829
13217,6830
13218,6831
13219,6832
13220,6833
13221,6834
13222,6835
13223,6836
13224,6837
13225,6838
13226,6839
13227,6840
13228,6841
13229,6842
13230,6843
13231,6844
13232,6845
13233,6846
13234,6847
13235,6848
13236,6849
13237,6850
13238,6851
13239,6852
13240,6853
13242,6854
13243,6855
13244,6856
13247,6857
13248,6858
13249,6859
13250,6860
13254,6861
13255,6862
13256,6863
13257,6864
13258,6865
13259,6866
13262,6867
13265,6868
13266,6869
13267,6870
13268,6871
13269,6872
13274,6873
13275,6874
13277,6875
13278,6876
13279,6877
13280,6878
13281,6879
13282,6880
13283,6881
13284,6882
13285,6883
13286,6884
13287,6885
13290,6886
13291,6887
13292,6888
13293,6889
13294,6890
13295,6891
13296,6892
13297,6893
13298,6894
13299,6895
13300,6896
13301,6897
13302,6898
13303,6899
13304,6900
13305,6901
13306,6902
13307,6903
13308,6904
13309,6905
13310,6906
13311,6907
13312,6908
13313,6909
13314,6910
13315,6911
13316,6912
13317,6913
13318,6914
13320,6915
13321,6916
13322,6917
13325,6918
13326,6919
13327,6920
13328,6921
13329,6922
13330,6923
13331,6924
13334,6925
13335,6926
13336,6927
13337,6928
13338,6929
13339,6930
13340,6931
13341,6932
13342,6933
13343,6934
13344,6935
13345,6936
13346,6937
13347,6938
13348,6939
13349,6940
13350,6941
13351,6942
13352,6943
13353,6944
13354,6945
13355,6946
13356,6947
13357,6948
13358,6949
13359,6950
13360,6951
13361,6952
13362,6953
13363,6954
13364,6955
13365,6956
13366,6957
13367,6958
13368,6959
13369,6960
13370,6961
13377,6962
13378,6963
13379,6964
13380,6965
13381,6966
13382,6967
13383,6968
13384,6969
13385,6970
13386,6971
13387,6972
13388,6973
13389,6974
13390,6975
13391,6976
13392,6977
13393,6978
13394,6979
13395,6980
13396,6981
13397,6982
13398,6983
13399,6984
13400,6985
13401,6986
13402,6987
13403,6988
13404,6989
13405,6990
13406,6991
13407,6992
13408,6993
13409,6994
13410,6995
13411,6996
13412,6997
13413,6998
13414,6999
13415,7000
13416,7001
13417,7002
13418,7003
13419,7004
13420,7005
13421,7006
13422,7007
13423,7008
13424,7009
13425,7010
13426,7011
13427,7012
13428,7013
13429,7014
13430,7015
13431,7016
13432,7017
13433,7018
13434,7019
13435,7020
13436,7021
13437,7022
13438,7023
13439,7024
13440,7025
13443,7026
13444,7027
13447,7028
13448,7029
13449,7030
13450,7031
13451,7032
13452,7033
13453,7034
13454,7035
13455,7036
13456,7037
13457,7038
13458,7039
13459,7040
13460,7041
13461,7042
13462,7043
13463,7044
13464,7045
13465,7046
13466,7047
13467,7048
13469,7049
13470,7050
13472,7051
13473,7052
13474,7053
13475,7054
13483,7055
13488,7056
13489,7057
13497,7058
13498,7059
13499,7060
13501,7061
13507,7062
13510,7063
13511,7064
13512,7065
13519,7066
13521,7067
13524,7068
13525,7069
13526,7070
13527,7071
13528,7072
13529,7073
13531,7074
13533,7075
13534,7076
13540,7077
13580,7078
13588,7079
13590,7080
13596,7081
13598,7082
13599,7083
13601,7084
13607,7085
13608,7086
13609,7087
13610,7088
13611,7089
13612,7090
13630,7091
13633,7092
13638,7093
13639,7094
13641,7095
13651,7096
13652,7097
13654,7098
13655,7099
13657,7100
13658,7101
13659,7102
13660,7103
13661,7104
13662,7105
13663,7106
13664,7107
13665,7108
13666,7109
13667,7110
13668,7111
13669,7112
13670,7113
13671,7114
13672,7115
13673,7116
13675,7117
13676,7118
13677,7119
13678,7120
13679,7121
13680,7122
13681,7123
13682,7124
13683,7125
13684,7126
13685,7127
13688,7128
13689,7129
13690,7130
13691,7131
13692,7132
13693,7133
13694,7134
13695,7135
13696,7136
13697,7137
13698,7138
13699,7139
13700,7140
13701,7141
13702,7142
13703,7143
13704,7144
13705,7145
13706,7146
13707,7147
13714,7148
13715,7149
13716,7150
13717,7151
13718,7152
13719,7153
13720,7154
13721,7155
13722,7156
13723,7157
13724,7158
13725,7159
13726,7160
13727,7161
13728,7162
13729,7163
13730,7164
13731,7165
13732,7166
13733,7167
13734,7168
13735,7169
13736,7170
13737,7171
13738,7172
13739,7173
13740,7174
13741,7175
13742,7176
13743,7177
13744,7178
13745,7179
13746,7180
13747,7181
13748,7182
13749,7183
13750,7184
13751,7185
13754,7186
13755,7187
13756,7188
13757,7189
13758,7190
13759,7191
13760,7192
13763,7193
13764,7194
13765,7195
13766,7196
13767,7197
13768,7198
13771,7199
13772,7200
13775,7201
13776,7202
13777,7203
13782,7204
13796,7205
13797,7206
13798,7207
13799,7208
13800,7209
13801,7210
13806,7211
13807,7212
13808,7213
13809,7214
13810,7215
13811,7216
13814,7217
13815,7218
13817,7219
13819,7220
13821,7221
13822,7222
13828,7223
13829,7224
13833,7225
13834,7226
13837,7227
13839,7228
13840,7229
13841,7230
13842,7231
13843,7232
13845,7233
13846,7234
13847,7235
13848,7236
13849,7237
13850,7238
13851,7239
13852,7240
13853,7241
13854,7242
13856,7243
13857,7244
13858,7245
13859,7246
13861,7247
13862,7248
13864,7249
13865,7250
13866,7251
13867,7252
13868,7253
13869,7254
13870,7255
13871,7256
13873,7257
13874,7258
13875,7259
13878,7260
13882,7261
13884,7262
13885,7263
13886,7264
13887,7265
13888,7266
13890,7267
13894,7268
13895,7269
13905,7270
13909,7271
13911,7272
13913,7273
13918,7274
13919,7275
13933,7276
13938,7277
13939,7278
13940,7279
13942,7280
13943,7281
13944,7282
13945,7283
13946,7284
13947,7285
13948,7286
13951,7287
13952,7288
13953,7289
13954,7290
13957,7291
13958,7292
13964,7293
13975,7294
13985,7295
13986,7296
13991,7297
13994,7298
13995,7299
13996,7300
13998,7301
14000,7302
14004,7303
14005,7304
14006,7305
14008,7306
14010,7307
14017,7308
14032,7309
14033,7310
14034,7311
14035,7312
14037,7313
14038,7314
14039,7315
14040,7316
14041,7317
14042,7318
14043,7319
14047,7320
14048,7321
14049,7322
14056,7323
14058,7324
14059,7325
14060,7326
14061,7327
14065,7328
14066,7329
14074,7330
14075,7331
14076,7332
14077,7333
14078,7334
14079,7335
14082,7336
14084,7337
14085,7338
14086,7339
14087,7340
14092,7341
14099,7342
14103,7343
14104,7344
14106,7345
14107,7346
14109,7347
14110,7348
14124,7349
14125,7350
14126,7351
14128,7352
14129,7353
14130,7354
14131,7355
14132,7356
14133,7357
14134,7358
14135,7359
14136,7360
14137,7361
14138,7362
14139,7363
14140,7364
14141,7365
14142,7366
14143,7367
14147,7368
14149,7369
14150,7370
14151,7371
14153,7372
14155,7373
14157,7374
14159,7375
14160,7376
14162,7377
14199,7378
14200,7379
14201,7380
14202,7381
14205,7382
14206,7383
14207,7384
14208,7385
14210,7386
14219,7387
14220,7388
14226,7389
14227,7390
14234,7391
14235,7392
14238,7393
14239,7394
14241,7395
14242,7396
14244,7397
14245,7398
14246,7399
14249,7400
14251,7401
14254,7402
14255,7403
14256,7404
14257,7405
14258,7406
14259,7407
14260,7408
14261,7409
14262,7410
14264,7411
14265,7412
14266,7413
14267,7414
14268,7415
14269,7416
14271,7417
14273,7418
14274,7419
14275,7420
14277,7421
14294,7422
14295,7423
14297,7424
14298,7425
14299,7426
14300,7427
14301,7428
14302,7429
14303,7430
14304,7431
14305,7432
14306,7433
14307,7434
14308,7435
14309,7436
14310,7437
14311,7438
14312,7439
14313,7440
14314,7441
14315,7442
14316,7443
14317,7444
14318,7445
14319,7446
14323,7447
14336,7448
14341,7449
14343,7450
14349,7451
14351,7452
14370,7453
14371,7454
14373,7455
14374,7456
14375,7457
14376,7458
14378,7459
14379,7460
14380,7461
14381,7462
14382,7463
14383,7464
14386,7465
14388,7466
14389,7467
14391,7468
14393,7469
14400,7470
14406,7471
14408,7472
14409,7473
14410,7474
14417,7475
14418,7476
14419,7477
14420,7478
14424,7479
14430,7480
14431,7481
14432,7482
14433,7483
14434,7484
14435,7485
14436,7486
14437,7487
14438,7488
14439,7489
14464,7490
14465,7491
14466,7492
14467,7493
14468,7494
14469,7495
14470,7496
14474,7497
14476,7498
14478,7499
14479,7500
14480,7501
14482,7502
14485,7503
14486,7504
14487,7505
14491,7506
14492,7507
14506,7508
14507,7509
14509,7510
14510,7511
14513,7512
14517,7513
14526,7514
14532,7515
14538,7516
14541,7517
14542,7518
14543,7519
14544,7520
14546,7521
14550,7522
14554,7523
14555,7524
14558,7525
14559,7526
14560,7527
14561,7528
14562,7529
14563,7530
14564,7531
14565,7532
14567,7533
14568,7534
14569,7535
14570,7536
14571,7537
14572,7538
14573,7539
14574,7540
14575,7541
14576,7542
14577,7543
14578,7544
14579,7545
14580,7546
14596,7547
14597,7548
14603,7549
14605,7550
14609,7551
14631,7552
14641,7553
14645,7554
14647,7555
14651,7556
14652,7557
14653,7558
14654,7559
14655,7560
14660,7561
14662,7562
14664,7563
14669,7564
14671,7565
14673,7566
14674,7567
14681,7568
14687,7569
14689,7570
14690,7571
14696,7572
14697,7573
14701,7574
14702,7575
14703,7576
14704,7577
14705,7578
14709,7579
14711,7580
14712,7581
14713,7582
14714,7583
14715,7584
14716,7585
14717,7586
14718,7587
14719,7588
14720,7589
14721,7590
14722,7591
14723,7592
14724,7593
14725,7594
14726,7595
14728,7596
14729,7597
14730,7598
14731,7599
14732,7600
14733,7601
14734,7602
14735,7603
14737,7604
14738,7605
14740,7606
14741,7607
14742,7608
14743,7609
14744,7610
14745,7611
14746,7612
14747,7613
14748,7614
14750,7615
14752,7616
14753,7617
14754,7618
14755,7619
14756,7620
14757,7621
14758,7622
14759,7623
14760,7624
14761,7625
14762,7626
14763,7627
14765,7628
14766,7629
14767,7630
14771,7631
14780,7632
14781,7633
14783,7634
14785,7635
14788,7636
14789,7637
14792,7638
14793,7639
14794,7640
14795,7641
14796,7642
14798,7643
14800,7644
14803,7645
14805,7646
14806,7647
14809,7648
14810,7649
14813,7650
14816,7651
14821,7652
14826,7653
14828,7654
14829,7655
14830,7656
14831,7657
14832,7658
14833,7659
14834,7660
14838,7661
14840,7662
14866,7663
14867,7664
14872,7665
14873,7666
14874,7667
14875,7668
14876,7669
14877,7670
14878,7671
14879,7672
14880,7673
14881,7674
14882,7675
14883,7676
14885,7677
14886,7678
14887,7679
14888,7680
14889,7681
14890,7682
14891,7683
14894,7684
14895,7685
14901,7686
14904,7687
14909,7688
14912,7689
14916,7690
14918,7691
14919,7692
14921,7693
14924,7694
14929,7695
14931,7696
14932,7697
14933,7698
14934,7699
14938,7700
14939,7701
14941,7702
14942,7703
14943,7704
14944,7705
14945,7706
14946,7707
14947,7708
14948,7709
14949,7710
14950,7711
14951,7712
14952,7713
14953,7714
14954,7715
14955,7716
14956,7717
14957,7718
14958,7719
14959,7720
14960,7721
14961,7722
14962,7723
14963,7724
14964,7725
14965,7726
14967,7727
14968,7728
14969,7729
14970,7730
14971,7731
14974,7732
14975,7733
14976,7734
14977,7735
14978,7736
14979,7737
14980,7738
14981,7739
14982,7740
14985,7741
14986,7742
14987,7743
14991,7744
14992,7745
14993,7746
14995,7747
14996,7748
15002,7749
15006,7750
15010,7751
15014,7752
15015,7753
15017,7754
15018,7755
15019,7756
15020,7757
15021,7758
15022,7759
15023,7760
15024,7761
15025,7762
15026,7763
15027,7764
15028,7765
15029,7766
15030,7767
15031,7768
15033,7769
15034,7770
15035,7771
15037,7772
15039,7773
15040,7774
15041,7775
15042,7776
15043,7777
15044,7778
15045,7779
15046,7780
15047,7781
15049,7782
15050,7783
15051,7784
15052,7785
15053,7786
15054,7787
15055,7788
15056,7789
15057,7790
15058,7791
15059,7792
15060,7793
15061,7794
15062,7795
15063,7796
15064,7797
15065,7798
15066,7799
15067,7800
15068,7801
15071,7802
15072,7803
15073,7804
15076,7805
15077,7806
15084,7807
15085,7808
15088,7809
15091,7810
15097,7811
15098,7812
15099,7813
15100,7814
15101,7815
15103,7816
15104,7817
15105,7818
15106,7819
15107,7820
15109,7821
15110,7822
15111,7823
15112,7824
15113,7825
15114,7826
15115,7827
15116,7828
15117,7829
15118,7830
15119,7831
15120,7832
15121,7833
15122,7834
15123,7835
15124,7836
15125,7837
15126,7838
15127,7839
15128,7840
15129,7841
15130,7842
15131,7843
15132,7844
15133,7845
15136,7846
15138,7847
15139,7848
15140,7849
15141,7850
15142,7851
15143,7852
15144,7853
15145,7854
15146,7855
15147,7856
15148,7857
15149,7858
15150,7859
15151,7860
15152,7861
15153,7862
15154,7863
15155,7864
15156,7865
15157,7866
15158,7867
15159,7868
15160,7869
15161,7870
15162,7871
15163,7872
15167,7873
15169,7874
15171,7875
15176,7876
15177,7877
15185,7878
15186,7879
15189,7880
15190,7881
15192,7882
15193,7883
15202,7884
15209,7885
15213,7886
15214,7887
15216,7888
15218,7889
15219,7890
15220,7891
15221,7892
15222,7893
15223,7894
15227,7895
15228,7896
15229,7897
15230,7898
15231,7899
15232,7900
15233,7901
15235,7902
15236,7903
15237,7904
15238,7905
15239,7906
15240,7907
15241,7908
15242,7909
15243,7910
15244,7911
15245,7912
15247,7913
15248,7914
15249,7915
15250,7916
15251,7917
15252,7918
15253,7919
15254,7920
15255,7921
15256,7922
15257,7923
15265,7924
15281,7925
15282,7926
15283,7927
15286,7928
15289,7929
15290,7930
15292,7931
15293,7932
15294,7933
15301,7934
15306,7935
15307,7936
15310,7937
15313,7938
15314,7939
15330,7940
15331,7941
15332,7942
15333,7943
15334,7944
15336,7945
15344,7946
15345,7947
15358,7948
15359,7949
15360,7950
15361,7951
15362,7952
15363,7953
15366,7954
15367,7955
15368,7956
15370,7957
15371,7958
15372,7959
15373,7960
15378,7961
15379,7962
15380,7963
15381,7964
15385,7965
15392,7966
15393,7967
15394,7968
15395,7969
15396,7970
15398,7971
15400,7972
15401,7973
15402,7974
15403,7975
15404,7976
15405,7977
15406,7978
15407,7979
15408,7980
15409,7981
15410,7982
15411,7983
15412,7984
15413,7985
15414,7986
15415,7987
15416,7988
15417,7989
15418,7990
15419,7991
15420,7992
15421,7993
15422,7994
15423,7995
15424,7996
15425,7997
15426,7998
15427,7999
15428,8000
15429,8001
15430,8002
15431,8003
15432,8004
15433,8005
15434,8006
15435,8007
15436,8008
15437,8009
15438,8010
15439,8011
15440,8012
15441,8013
15442,8014
15443,8015
15444,8016
15445,8017
15446,8018
15447,8019
15448,8020
15449,8021
15450,8022
15451,8023
15452,8024
15453,8025
15454,8026
15455,8027
15456,8028
15457,8029
15458,8030
15459,8031
15460,8032
15461,8033
15462,8034
15463,8035
15464,8036
15465,8037
15466,8038
15467,8039
15468,8040
15469,8041
15470,8042
15471,8043
15472,8044
15473,8045
15474,8046
15476,8047
15477,8048
15478,8049
15479,8050
15480,8051
15481,8052
15482,8053
15483,8054
15484,8055
15485,8056
15486,8057
15487,8058
15488,8059
15489,8060
15490,8061
15491,8062
15492,8063
15494,8064
15495,8065
15496,8066
15497,8067
15498,8068
15499,8069
15500,8070
15501,8071
15502,8072
15503,8073
15504,8074
15505,8075
15506,8076
15507,8077
15508,8078
15509,8079
15510,8080
15511,8081
15512,8082
15513,8083
15514,8084
15515,8085
15516,8086
15517,8087
15518,8088
15519,8089
15520,8090
15534,8091
15535,8092
15536,8093
15538,8094
15539,8095
15540,8096
15541,8097
15542,8098
15543,8099
15544,8100
15546,8101
15547,8102
15548,8103
15549,8104
15550,8105
15551,8106
15552,8107
15553,8108
15554,8109
15555,8110
15556,8111
15557,8112
15558,8113
15559,8114
15560,8115
15561,8116
15562,8117
15563,8118
15564,8119
15565,8120
15566,8121
15567,8122
15569,8123
15570,8124
15571,8125
15572,8126
15573,8127
15578,8128
15580,8129
15581,8130
15582,8131
15588,8132
15593,8133
15594,8134
15595,8135
15596,8136
15598,8137
15599,8138
15600,8139
15602,8140
15603,8141
15604,8142
15605,8143
15606,8144
15607,8145
15608,8146
15610,8147
15611,8148
15612,8149
15613,8150
15622,8151
15624,8152
15625,8153
15626,8154
15627,8155
15628,8156
15632,8157
15635,8158
15636,8159
15637,8160
15638,8161
15642,8162
15645,8163
15653,8164
15658,8165
15659,8166
15660,8167
15661,8168
15662,8169
15663,8170
15665,8171
15666,8172
15667,8173
15668,8174
15669,8175
15670,8176
15671,8177
15672,8178
15673,8179
15674,8180
15675,8181
15676,8182
15677,8183
15678,8184
15679,8185
15680,8186
15681,8187
15682,8188
15683,8189
15684,8190
15685,8191
15686,8192
15688,8193
15689,8194
15690,8195
15691,8196
15700,8197
15701,8198
15703,8199
15707,8200
15708,8201
15709,8202
15710,8203
15711,8204
15712,8205
15713,8206
15714,8207
15716,8208
15717,8209
15718,8210
15719,8211
15720,8212
15723,8213
15724,8214
15725,8215
15726,8216
15727,8217
15728,8218
15729,8219
15741,8220
15742,8221
15744,8222
15745,8223
15750,8224
15751,8225
15753,8226
15754,8227
15755,8228
15757,8229
15759,8230
15760,8231
15761,8232
15767,8233
15768,8234
15769,8235
15771,8236
15772,8237
15773,8238
15774,8239
15775,8240
15776,8241
15777,8242
15778,8243
15779,8244
15782,8245
15783,8246
15784,8247
15790,8248
15791,8249
15792,8250
15793,8251
15794,8252
15796,8253
15797,8254
15799,8255
15806,8256
15807,8257
15808,8258
15810,8259
15812,8260
15817,8261
15818,8262
15821,8263
15825,8264
15827,8265
15828,8266
15829,8267
15830,8268
15832,8269
15834,8270
15837,8271
15838,8272
15839,8273
15841,8274
15842,8275
15843,8276
15844,8277
15845,8278
15846,8279
15847,8280
15848,8281
15849,8282
15850,8283
15852,8284
15853,8285
15854,8286
15855,8287
15858,8288
15859,8289
15860,8290
15866,8291
15869,8292
15870,8293
15872,8294
15874,8295
15875,8296
15876,8297
15877,8298
15878,8299
15879,8300
15880,8301
15881,8302
15882,8303
15883,8304
15884,8305
15885,8306
15886,8307
15887,8308
15888,8309
15889,8310
15890,8311
15891,8312
15892,8313
15893,8314
15894,8315
15897,8316
15898,8317
15899,8318
15901,8319
15902,8320
15903,8321
15904,8322
15905,8323
15906,8324
15907,8325
15908,8326
15909,8327
15910,8328
15911,8329
15912,8330
15913,8331
15914,8332
15915,8333
15916,8334
15917,8335
15918,8336
15919,8337
15920,8338
15921,8339
15922,8340
15923,8341
15924,8342
15925,8343
15926,8344
15927,8345
15928,8346
15929,8347
15930,8348
15932,8349
15933,8350
15934,8351
15935,8352
15936,8353
15937,8354
15938,8355
15939,8356
15940,8357
15941,8358
15942,8359
15943,8360
15944,8361
15950,8362
15951,8363
15952,8364
15953,8365
15954,8366
15955,8367
15961,8368
15966,8369
15967,8370
15969,8371
15971,8372
15972,8373
15973,8374
15981,8375
15982,8376
15983,8377
15984,8378
15985,8379
15986,8380
15988,8381
15989,8382
15995,8383
16000,8384
16001,8385
16002,8386
16003,8387
16004,8388
16005,8389
16006,8390
16007,8391
16009,8392
16010,8393
16011,8394
16012,8395
16014,8396
16015,8397
16016,8398
16018,8399
16019,8400
16020,8401
16021,8402
16022,8403
16023,8404
16024,8405
16025,8406
16028,8407
16029,8408
16031,8409
16032,8410
16033,8411
16034,8412
16035,8413
16036,8414
16037,8415
16038,8416
16039,8417
16041,8418
16042,8419
16047,8420
16048,8421
16049,8422
16050,8423
16051,8424
16055,8425
16062,8426
16067,8427
16073,8428
16074,8429
16075,8430
16076,8431
16081,8432
16082,8433
16083,8434
16084,8435
16085,8436
16086,8437
16087,8438
16088,8439
16089,8440
16090,8441
16093,8442
16094,8443
16095,8444
16096,8445
16097,8446
16098,8447
16099,8448
16100,8449
16101,8450
16102,8451
16103,8452
16107,8453
16109,8454
16111,8455
16122,8456
16123,8457
16124,8458
16125,8459
16127,8460
16129,8461
16130,8462
16131,8463
16134,8464
16136,8465
16139,8466
16141,8467
16142,8468
16150,8469
16154,8470
16155,8471
16157,8472
16158,8473
16159,8474
16160,8475
16161,8476
16164,8477
16165,8478
16172,8479
16174,8480
16175,8481
16176,8482
16177,8483
16178,8484
16179,8485
16180,8486
16183,8487
16185,8488
16191,8489
16193,8490
16194,8491
16195,8492
16196,8493
16199,8494
16200,8495
16201,8496
16202,8497
16205,8498
16206,8499
16207,8500
16210,8501
16212,8502
16216,8503
16217,8504
16218,8505
16219,8506
16220,8507
16222,8508
16223,8509
16224,8510
16225,8511
16226,8512
16227,8513
16228,8514
16229,8515
16230,8516
16231,8517
16232,8518
16233,8519
16234,8520
16236,8521
16239,8522
16240,8523
16242,8524
16244,8525
16246,8526
16247,8527
16248,8528
16249,8529
16253,8530
16255,8531
16257,8532
16258,8533
16259,8534
16260,8535
16263,8536
16265,8537
16267,8538
16268,8539
16270,8540
16271,8541
16273,8542
16274,8543
16276,8544
16277,8545
16278,8546
16279,8547
16280,8548
16281,8549
16282,8550
16283,8551
16284,8552
16288,8553
16289,8554
16296,8555
16297,8556
16302,8557
16309,8558
16311,8559
16312,8560
16313,8561
16315,8562
16316,8563
16317,8564
16318,8565
16320,8566
16322,8567
16328,8568
16331,8569
16337,8570
16343,8571
16353,8572
16364,8573
16365,8574
16366,8575
16367,8576
16377,8577
16382,8578
16384,8579
16390,8580
16391,8581
16393,8582
16394,8583
16396,8584
16398,8585
16399,8586
16400,8587
16407,8588
16408,8589
16409,8590
16410,8591
16411,8592
16412,8593
16413,8594
16414,8595
16415,8596
16416,8597
16417,8598
16418,8599
16419,8600
16420,8601
16422,8602
16423,8603
16424,8604
16425,8605
16426,8606
16427,8607
16428,8608
16429,8609
16430,8610
16431,8611
16432,8612
16433,8613
16434,8614
16435,8615
16436,8616
16437,8617
16438,8618
16439,8619
16440,8620
16441,8621
16442,8622
16443,8623
16444,8624
16445,8625
16446,8626
16447,8627
16448,8628
16451,8629
16454,8630
16456,8631
16457,8632
16458,8633
16460,8634
16464,8635
16470,8636
16472,8637
16473,8638
16474,8639
16475,8640
16476,8641
16486,8642
16490,8643
16495,8644
16500,8645
16505,8646
16511,8647
16515,8648
16516,8649
16521,8650
16522,8651
16526,8652
16533,8653
16544,8654
16547,8655
16548,8656
16549,8657
16550,8658
16551,8659
16552,8660
16554,8661
16557,8662
16559,8663
16565,8664
16567,8665
16568,8666
16569,8667
16570,8668
16571,8669
16574,8670
16575,8671
16578,8672
16579,8673
16580,8674
16581,8675
16585,8676
16587,8677
16588,8678
16590,8679
16591,8680
16592,8681
16594,8682
16595,8683
16596,8684
16598,8685
16599,8686
16603,8687
16604,8688
16605,8689
16609,8690
16612,8691
16615,8692
16616,8693
16617,8694
16622,8695
16630,8696
16648,8697
16649,8698
16660,8699
16670,8700
16673,8701
16674,8702
16675,8703
16678,8704
16679,8705
16682,8706
16683,8707
16686,8708
16688,8709
16690,8710
16691,8711
16692,8712
16694,8713
16695,8714
16696,8715
16697,8716
16698,8717
16702,8718
16703,8719
16704,8720
16708,8721
16710,8722
16711,8723
16715,8724
16723,8725
16725,8726
16728,8727
16733,8728
16736,8729
16737,8730
16738,8731
16739,8732
16740,8733
16741,8734
16743,8735
16744,8736
16751,8737
16753,8738
16757,8739
16764,8740
16765,8741
16766,8742
16767,8743
16769,8744
16771,8745
16772,8746
16775,8747
16776,8748
16777,8749
16778,8750
16779,8751
16780,8752
16781,8753
16782,8754
16783,8755
16784,8756
16785,8757
16786,8758
16787,8759
16788,8760
16789,8761
16790,8762
16791,8763
16792,8764
16793,8765
16794,8766
16798,8767
16799,8768
16801,8769
16803,8770
16805,8771
16806,8772
16807,8773
16808,8774
16809,8775
16810,8776
16811,8777
16812,8778
16813,8779
16814,8780
16815,8781
16816,8782
16817,8783
16819,8784
16820,8785
16821,8786
16822,8787
16823,8788
16824,8789
16825,8790
16826,8791
16827,8792
16828,8793
16830,8794
16835,8795
16836,8796
16837,8797
16838,8798
16839,8799
16840,8800
16841,8801
16842,8802
16843,8803
16844,8804
16845,8805
16846,8806
16847,8807
16848,8808
16849,8809
16850,8810
16851,8811
16853,8812
16854,8813
16855,8814
16856,8815
16857,8816
16861,8817
16867,8818
16868,8819
16869,8820
16873,8821
16874,8822
16875,8823
16894,8824
16895,8825
16904,8826
16907,8827
16922,8828
16929,8829
16930,8830
16933,8831
16937,8832
16939,8833
16940,8834
16941,8835
16944,8836
16946,8837
16947,8838
16948,8839
16953,8840
16954,8841
16955,8842
16956,8843
16957,8844
16958,8845
16960,8846
16961,8847
16981,8848
16983,8849
16987,8850
16988,8851
16989,8852
16992,8853
16993,8854
16994,8855
16996,8856
16997,8857
16998,8858
16999,8859
17000,8860
17001,8861
17002,8862
17003,8863
17004,8864
17005,8865
17006,8866
17007,8867
17008,8868
17009,8869
17010,8870
17011,8871
17012,8872
17015,8873
17017,8874
17040,8875
17041,8876
17042,8877
17050,8878
17053,8879
17054,8880
17055,8881
17058,8882
17061,8883
17063,8884
17064,8885
17069,8886
17091,8887
17095,8888
17096,8889
17097,8890
17099,8891
17103,8892
17111,8893
17119,8894
17128,8895
17129,8896
17130,8897
17134,8898
17136,8899
17137,8900
17142,8901
17145,8902
17147,8903
17149,8904
17152,8905
17153,8906
17154,8907
17155,8908
17156,8909
17158,8910
17159,8911
17160,8912
17161,8913
17162,8914
17163,8915
17164,8916
17165,8917
17166,8918
17167,8919
17168,8920
17169,8921
17170,8922
17171,8923
17172,8924
17175,8925
17176,8926
17177,8927
17178,8928
17179,8929
17180,8930
17181,8931
17182,8932
17183,8933
17184,8934
17185,8935
17186,8936
17187,8937
17188,8938
17189,8939
17190,8940
17191,8941
17193,8942
17194,8943
17197,8944
17201,8945
17203,8946
17206,8947
17207,8948
17208,8949
17209,8950
17210,8951
17211,8952
17212,8953
17213,8954
17214,8955
17215,8956
17217,8957
17218,8958
17219,8959
17220,8960
17221,8961
17222,8962
17223,8963
17224,8964
17225,8965
17226,8966
17227,8967
17228,8968
17229,8969
17230,8970
17231,8971
17232,8972
17233,8973
17234,8974
17235,8975
17236,8976
17237,8977
17238,8978
17239,8979
17240,8980
17241,8981
17242,8982
17243,8983
17244,8984
17245,8985
17246,8986
17247,8987
17248,8988
17249,8989
17250,8990
17251,8991
17252,8992
17254,8993
17255,8994
17256,8995
17257,8996
17258,8997
17259,8998
17262,8999
17263,9000
17265,9001
17267,9002
17269,9003
17270,9004
17271,9005
17274,9006
17277,9007
17278,9008
17279,9009
17281,9010
17283,9011
17285,9012
17286,9013
17287,9014
17289,9015
17291,9016
17294,9017
17296,9018
17298,9019
17299,9020
17301,9021
17304,9022
17306,9023
17309,9024
17311,9025
17312,9026
17313,9027
17314,9028
17315,9029
17317,9030
17319,9031
17321,9032
17322,9033
17324,9034
17325,9035
17327,9036
17328,9037
17329,9038
17330,9039
17331,9040
17332,9041
17335,9042
17336,9043
17337,9044
17338,9045
17339,9046
17340,9047
17341,9048
17342,9049
17343,9050
17344,9051
17345,9052
17346,9053
17347,9054
17348,9055
17349,9056
17350,9057
17351,9058
17354,9059
17355,9060
17356,9061
17357,9062
17358,9063
17359,9064
17360,9065
17361,9066
17362,9067
17363,9068
17364,9069
17365,9070
17366,9071
17367,9072
17368,9073
17369,9074
17370,9075
17371,9076
17372,9077
17373,9078
17374,9079
17375,9080
17376,9081
17377,9082
17378,9083
17379,9084
17380,9085
17381,9086
17382,9087
17383,9088
17384,9089
17385,9090
17386,9091
17387,9092
17388,9093
17389,9094
17390,9095
17391,9096
17393,9097
17394,9098
17395,9099
17396,9100
17397,9101
17398,9102
17399,9103
17400,9104
17401,9105
17402,9106
17403,9107
17404,9108
17405,9109
17406,9110
17407,9111
17408,9112
17409,9113
17410,9114
17411,9115
17412,9116
17416,9117
17417,9118
17418,9119
17419,9120
17420,9121
17421,9122
17422,9123
17423,9124
17424,9125
17425,9126
17426,9127
17427,9128
17428,9129
17430,9130
17431,9131
17432,9132
17433,9133
17435,9134
17436,9135
17437,9136
17439,9137
17440,9138
17441,9139
17442,9140
17443,9141
17444,9142
17446,9143
17447,9144
17448,9145
17449,9146
17450,9147
17451,9148
17452,9149
17453,9150
17454,9151
17455,9152
17456,9153
17457,9154
17458,9155
17459,9156
17460,9157
17461,9158
17462,9159
17463,9160
17464,9161
17465,9162
17466,9163
17467,9164
17468,9165
17469,9166
17470,9167
17471,9168
17472,9169
17473,9170
17474,9171
17475,9172
17476,9173
17477,9174
17478,9175
17479,9176
17480,9177
17483,9178
17484,9179
17486,9180
17487,9181
17488,9182
17489,9183
17491,9184
17493,9185
17494,9186
17495,9187
17496,9188
17498,9189
17499,9190
17500,9191
17501,9192
17505,9193
17506,9194
17507,9195
17508,9196
17509,9197
17510,9198
17511,9199
17513,9200
17514,9201
17515,9202
17516,9203
17517,9204
17518,9205
17519,9206
17520,9207
17521,9208
17522,9209
17523,9210
17524,9211
17525,9212
17526,9213
17527,9214
17528,9215
17529,9216
17530,9217
17531,9218
17532,9219
17533,9220
17534,9221
17535,9222
17536,9223
17537,9224
17538,9225
17539,9226
17540,9227
17541,9228
17542,9229
17543,9230
17544,9231
17545,9232
17546,9233
17547,9234
17548,9235
17549,9236
17550,9237
17551,9238
17552,9239
17553,9240
17554,9241
17555,9242
17556,9243
17557,9244
17558,9245
17559,9246
17560,9247
17561,9248
17562,9249
17563,9250
17564,9251
17565,9252
17567,9253
17568,9254
17569,9255
17570,9256
17572,9257
17573,9258
17574,9259
17575,9260
17576,9261
17577,9262
17578,9263
17579,9264
17580,9265
17581,9266
17582,9267
17583,9268
17585,9269
17586,9270
17587,9271
17588,9272
17589,9273
17590,9274
17591,9275
17592,9276
17594,9277
17596,9278
17597,9279
17598,9280
17599,9281
17600,9282
17601,9283
17602,9284
17603,9285
17604,9286
17605,9287
17606,9288
17607,9289
17608,9290
17609,9291
17610,9292
17611,9293
17612,9294
17613,9295
17614,9296
17615,9297
17616,9298
17617,9299
17618,9300
17619,9301
17620,9302
17623,9303
17624,9304
17625,9305
17626,9306
17627,9307
17628,9308
17632,9309
17633,9310
17634,9311
17635,9312
17636,9313
17637,9314
17638,9315
17639,9316
17641,9317
17642,9318
17643,9319
17644,9320
17645,9321
17646,9322
17647,9323
17648,9324
17649,9325
17650,9326
17651,9327
17652,9328
17653,9329
17654,9330
17655,9331
17656,9332
17657,9333
17659,9334
17664,9335
17666,9336
17667,9337
17668,9338
17669,9339
17670,9340
17671,9341
17672,9342
17673,9343
17675,9344
17676,9345
17678,9346
17686,9347
17687,9348
17688,9349
17689,9350
17690,9351
17691,9352
17692,9353
17693,9354
17694,9355
17695,9356
17696,9357
17697,9358
17698,9359
17699,9360
17700,9361
17701,9362
17703,9363
17705,9364
17707,9365
17708,9366
17709,9367
17710,9368
17711,9369
17715,9370
17716,9371
17717,9372
17718,9373
17719,9374
17720,9375
17721,9376
17722,9377
17723,9378
17724,9379
17725,9380
17726,9381
17727,9382
17728,9383
17729,9384
17730,9385
17731,9386
17732,9387
17733,9388
17734,9389
17735,9390
17737,9391
17738,9392
17739,9393
17741,9394
17742,9395
17743,9396
17744,9397
17745,9398
17746,9399
17747,9400
17748,9401
17750,9402
17751,9403
17753,9404
17754,9405
17755,9406
17756,9407
17757,9408
17759,9409
17760,9410
17761,9411
17762,9412
17763,9413
17764,9414
17766,9415
17767,9416
17768,9417
17769,9418
17770,9419
17771,9420
17772,9421
17773,9422
17775,9423
17777,9424
17779,9425
17780,9426
17782,9427
17783,9428
17785,9429
17786,9430
17787,9431
17788,9432
17793,9433
17794,9434
17796,9435
17797,9436
17799,9437
17800,9438
17801,9439
17802,9440
17803,9441
17804,9442
17805,9443
17806,9444
17808,9445
17809,9446
17810,9447
17811,9448
17812,9449
17814,9450
17815,9451
17816,9452
17819,9453
17832,9454
17839,9455
17840,9456
17841,9457
17842,9458
17849,9459
17850,9460
17851,9461
17852,9462
17853,9463
17854,9464
17861,9465
17862,9466
17863,9467
17864,9468
17865,9469
17866,9470
17867,9471
17868,9472
17869,9473
17871,9474
17872,9475
17873,9476
17874,9477
17876,9478
17877,9479
17878,9480
17879,9481
17880,9482
17881,9483
17882,9484
17883,9485
17884,9486
17885,9487
17887,9488
17888,9489
17889,9490
17890,9491
17891,9492
17892,9493
17893,9494
17894,9495
17895,9496
17896,9497
17897,9498
17898,9499
17900,9500
17902,9501
17903,9502
17904,9503
17906,9504
17907,9505
17908,9506
17909,9507
17911,9508
17912,9509
17915,9510
17916,9511
17917,9512
17918,9513
17919,9514
17920,9515
17921,9516
17922,9517
17923,9518
17924,9519
17925,9520
17926,9521
17927,9522
17928,9523
17929,9524
17930,9525
17931,9526
17932,9527
17933,9528
17934,9529
17935,9530
17936,9531
17937,9532
17938,9533
17939,9534
17940,9535
17941,9536
17942,9537
17943,9538
17944,9539
17945,9540
17946,9541
17947,9542
17948,9543
17949,9544
17950,9545
17951,9546
17952,9547
17953,9548
17954,9549
17955,9550
17956,9551
17958,9552
17960,9553
17961,9554
17962,9555
17963,9556
17964,9557
17965,9558
17966,9559
17967,9560
17968,9561
17969,9562
17970,9563
17971,9564
17972,9565
17973,9566
17974,9567
17975,9568
17976,9569
17977,9570
17979,9571
17980,9572
17982,9573
17984,9574
17985,9575
17986,9576
17987,9577
17988,9578
17989,9579
17990,9580
17991,9581
17992,9582
17993,9583
17994,9584
17995,9585
17996,9586
17997,9587
17998,9588
17999,9589
18000,9590
18001,9591
18002,9592
18003,9593
18004,9594
18005,9595
18006,9596
18007,9597
18008,9598
18009,9599
18010,9600
18012,9601
18013,9602
18014,9603
18015,9604
18016,9605
18017,9606
18018,9607
18019,9608
18020,9609
18021,9610
18022,9611
18023,9612
18024,9613
18025,9614
18026,9615
18030,9616
18033,9617
18034,9618
18035,9619
18036,9620
18037,9621
18038,9622
18039,9623
18040,9624
18041,9625
18042,9626
18043,9627
18044,9628
18045,9629
18046,9630
18047,9631
18048,9632
18050,9633
18051,9634
18052,9635
18053,9636
18054,9637
18055,9638
18056,9639
18057,9640
18058,9641
18059,9642
18060,9643
18061,9644
18062,9645
18063,9646
18064,9647
18065,9648
18066,9649
18067,9650
18068,9651
18069,9652
18070,9653
18071,9654
18072,9655
18073,9656
18074,9657
18075,9658
18076,9659
18077,9660
18078,9661
18079,9662
18081,9663
18082,9664
18083,9665
18084,9666
18085,9667
18086,9668
18087,9669
18088,9670
18089,9671
18090,9672
18091,9673
18093,9674
18095,9675
18096,9676
18097,9677
18098,9678
18099,9679
18100,9680
18101,9681
18102,9682
18103,9683
18106,9684
18107,9685
18108,9686
18109,9687
18112,9688
18123,9689
18124,9690
18133,9691
18138,9692
18139,9693
18140,9694
18141,9695
18142,9696
18143,9697
18144,9698
18145,9699
18147,9700
18148,9701
18149,9702
18150,9703
18151,9704
18152,9705
18153,9706
18154,9707
18155,9708
18156,9709
18157,9710
18158,9711
18159,9712
18160,9713
18161,9714
18165,9715
18166,9716
18167,9717
18168,9718
18169,9719
18171,9720
18172,9721
18173,9722
18174,9723
18175,9724
18176,9725
18177,9726
18178,9727
18179,9728
18180,9729
18181,9730
18182,9731
18183,9732
18184,9733
18185,9734
18186,9735
18187,9736
18188,9737
18191,9738
18193,9739
18194,9740
18195,9741
18196,9742
18198,9743
18199,9744
18200,9745
18201,9746
18202,9747
18203,9748
18206,9749
18207,9750
18208,9751
18209,9752
18223,9753
18224,9754
18232,9755
18239,9756
18242,9757
18244,9758
18245,9759
18249,9760
18250,9761
18251,9762
18257,9763
18260,9764
18261,9765
18262,9766
18263,9767
18265,9768
18266,9769
18269,9770
18270,9771
18273,9772
18274,9773
18276,9774
18277,9775
18278,9776
18279,9777
18285,9778
18287,9779
18289,9780
18293,9781
18295,9782
18299,9783
18300,9784
18304,9785
18305,9786
18308,9787
18309,9788
18310,9789
18311,9790
18312,9791
18313,9792
18314,9793
18315,9794
18316,9795
18317,9796
18318,9797
18319,9798
18320,9799
18321,9800
18322,9801
18323,9802
18324,9803
18325,9804
18326,9805
18327,9806
18328,9807
18329,9808
18330,9809
18331,9810
18332,9811
18333,9812
18334,9813
18335,9814
18336,9815
18337,9816
18338,9817
18339,9818
18340,9819
18342,9820
18343,9821
18344,9822
18345,9823
18346,9824
18347,9825
18348,9826
18349,9827
18351,9828
18352,9829
18353,9830
18354,9831
18355,9832
18356,9833
18357,9834
18358,9835
18359,9836
18360,9837
18361,9838
18362,9839
18363,9840
18364,9841
18365,9842
18366,9843
18367,9844
18368,9845
18369,9846
18370,9847
18371,9848
18376,9849
18377,9850
18378,9851
18380,9852
18381,9853
18382,9854
18383,9855
18384,9856
18387,9857
18388,9858
18389,9859
18395,9860
18397,9861
18399,9862
18400,9863
18401,9864
18402,9865
18407,9866
18409,9867
18410,9868
18411,9869
18412,9870
18413,9871
18414,9872
18415,9873
18416,9874
18417,9875
18418,9876
18419,9877
18420,9878
18421,9879
18422,9880
18424,9881
18425,9882
18426,9883
18427,9884
18428,9885
18429,9886
18430,9887
18431,9888
18432,9889
18433,9890
18434,9891
18435,9892
18436,9893
18437,9894
18438,9895
18439,9896
18440,9897
18441,9898
18442,9899
18443,9900
18444,9901
18445,9902
18446,9903
18447,9904
18448,9905
18449,9906
18450,9907
18451,9908
18452,9909
18453,9910
18454,9911
18457,9912
18458,9913
18459,9914
18461,9915
18462,9916
18463,9917
18464,9918
18468,9919
18469,9920
18471,9921
18472,9922
18473,9923
18474,9924
18482,9925
18484,9926
18485,9927
18487,9928
18488,9929
18489,9930
18492,9931
18494,9932
18495,9933
18502,9934
18503,9935
18504,9936
18505,9937
18506,9938
18507,9939
18508,9940
18509,9941
18510,9942
18511,9943
18512,9944
18513,9945
18514,9946
18515,9947
18516,9948
18517,9949
18518,9950
18519,9951
18520,9952
18521,9953
18522,9954
18523,9955
18524,9956
18525,9957
18526,9958
18527,9959
18528,9960
18529,9961
18530,9962
18531,9963
18532,9964
18533,9965
18534,9966
18535,9967
18536,9968
18537,9969
18538,9970
18539,9971
18540,9972
18541,9973
18542,9974
18543,9975
18544,9976
18545,9977
18546,9978
18547,9979
18548,9980
18549,9981
18550,9982
18551,9983
18552,9984
18553,9985
18554,9986
18555,9987
18556,9988
18557,9989
18558,9990
18559,9991
18560,9992
18561,9993
18562,9994
18563,9995
18564,9996
18565,9997
18566,9998
18567,9999
18568,10000
18569,10001
18570,10002
18571,10003
18572,10004
18573,10005
18574,10006
18575,10007
18576,10008
18577,10009
18582,10010
18583,10011
18584,10012
18585,10013
18586,10014
18587,10015
18588,10016
18589,10017
18590,10018
18591,10019
18593,10020
18594,10021
18595,10022
18596,10023
18597,10024
18598,10025
18599,10026
18600,10027
18601,10028
18602,10029
18603,10030
18604,10031
18605,10032
18606,10033
18607,10034
18608,10035
18609,10036
18610,10037
18611,10038
18612,10039
18613,10040
18614,10041
18615,10042
18616,10043
18617,10044
18619,10045
18620,10046
18621,10047
18622,10048
18623,10049
18624,10050
18625,10051
18626,10052
18627,10053
18628,10054
18629,10055
18630,10056
18631,10057
18632,10058
18633,10059
18634,10060
18635,10061
18637,10062
18639,10063
18640,10064
18641,10065
18642,10066
18643,10067
18644,10068
18645,10069
18648,10070
18650,10071
18651,10072
18652,10073
18653,10074
18654,10075
18657,10076
18658,10077
18660,10078
18661,10079
18662,10080
18663,10081
18665,10082
18666,10083
18667,10084
18668,10085
18669,10086
18670,10087
18671,10088
18672,10089
18674,10090
18675,10091
18677,10092
18679,10093
18680,10094
18681,10095
18682,10096
18684,10097
18687,10098
18688,10099
18691,10100
18692,10101
18693,10102
18694,10103
18695,10104
18696,10105
18697,10106
18698,10107
18699,10108
18700,10109
18701,10110
18703,10111
18704,10112
18705,10113
18706,10114
18707,10115
18708,10116
18709,10117
18711,10118
18712,10119
18713,10120
18714,10121
18715,10122
18716,10123
18717,10124
18718,10125
18719,10126
18720,10127
18721,10128
18722,10129
18723,10130
18724,10131
18725,10132
18726,10133
18727,10134
18728,10135
18729,10136
18730,10137
18731,10138
18732,10139
18733,10140
18734,10141
18735,10142
18736,10143
18737,10144
18738,10145
18739,10146
18740,10147
18741,10148
18742,10149
18743,10150
18744,10151
18745,10152
18746,10153
18747,10154
18748,10155
18749,10156
18750,10157
18751,10158
18752,10159
18753,10160
18754,10161
18756,10162
18757,10163
18758,10164
18759,10165
18760,10166
18761,10167
18762,10168
18763,10169
18764,10170
18765,10171
18766,10172
18767,10173
18768,10174
18769,10175
18770,10176
18771,10177
18772,10178
18773,10179
18774,10180
18775,10181
18776,10182
18777,10183
18778,10184
18779,10185
18780,10186
18781,10187
18782,10188
18783,10189
18784,10190
18785,10191
18786,10192
18787,10193
18788,10194
18789,10195
18790,10196
18791,10197
18792,10198
18793,10199
18795,10200
18796,10201
18797,10202
18798,10203
18799,10204
18800,10205
18801,10206
18802,10207
18803,10208
18804,10209
18805,10210
18806,10211
18807,10212
18808,10213
18809,10214
18810,10215
18811,10216
18812,10217
18813,10218
18814,10219
18815,10220
18816,10221
18817,10222
18818,10223
18819,10224
18820,10225
18821,10226
18822,10227
18823,10228
18824,10229
18825,10230
18828,10231
18829,10232
18830,10233
18831,10234
18832,10235
18833,10236
18834,10237
18835,10238
18836,10239
18837,10240
18838,10241
18839,10242
18840,10243
18841,10244
18842,10245
18843,10246
18844,10247
18845,10248
18846,10249
18847,10250
18848,10251
18849,10252
18850,10253
18852,10254
18853,10255
18854,10256
18855,10257
18856,10258
18857,10259
18858,10260
18859,10261
18860,10262
18861,10263
18862,10264
18863,10265
18864,10266
18865,10267
18866,10268
18867,10269
18868,10270
18869,10271
18870,10272
18871,10273
18872,10274
18873,10275
18874,10276
18875,10277
18876,10278
18877,10279
18878,10280
18879,10281
18880,10282
18881,10283
18882,10284
18883,10285
18888,10286
18889,10287
18890,10288
18891,10289
18892,10290
18895,10291
18897,10292
18899,10293
18900,10294
18903,10295
18906,10296
18907,10297
18908,10298
18909,10299
18910,10300
18911,10301
18912,10302
18913,10303
18914,10304
18915,10305
18919,10306
18924,10307
18925,10308
18926,10309
18927,10310
18928,10311
18929,10312
18930,10313
18931,10314
18932,10315
18933,10316
18934,10317
18938,10318
18939,10319
18941,10320
18942,10321
18950,10322
18952,10323
18955,10324
18958,10325
18959,10326
18967,10327
18968,10328
18969,10329
18970,10330
19000,10331
19010,10332
19012,10333
19013,10334
19014,10335
19016,10336
19017,10337
19018,10338
19019,10339
19020,10340
19021,10341
19022,10342
19023,10343
19024,10344
19025,10345
19026,10346
19027,10347
19028,10348
19029,10349
19030,10350
19031,10351
19032,10352
19033,10353
19034,10354
19035,10355
19036,10356
19037,10357
19039,10358
19042,10359
19047,10360
19049,10361
19052,10362
19053,10363
19054,10364
19055,10365
19056,10366
19058,10367
19059,10368
19060,10369
19061,10370
19062,10371
19066,10372
19067,10373
19068,10374
19070,10375
19071,10376
19072,10377
19073,10378
19074,10379
19075,10380
19076,10381
19077,10382
19081,10383
19082,10384
19083,10385
19084,10386
19086,10387
19087,10388
19088,10389
19089,10390
19090,10391
19093,10392
19094,10393
19095,10394
19096,10395
19097,10396
19098,10397
19099,10398
19100,10399
19101,10400
19102,10401
19103,10402
19104,10403
19105,10404
19106,10405
19107,10406
19108,10407
19110,10408
19111,10409
19112,10410
19113,10411
19115,10412
19116,10413
19117,10414
19120,10415
19121,10416
19122,10417
19123,10418
19124,10419
19125,10420
19127,10421
19128,10422
19129,10423
19130,10424
19131,10425
19132,10426
19133,10427
19135,10428
19136,10429
19137,10430
19138,10431
19139,10432
19140,10433
19141,10434
19142,10435
19143,10436
19144,10437
19145,10438
19146,10439
19149,10440
19150,10441
19152,10442
19157,10443
19158,10444
19159,10445
19160,10446
19161,10447
19162,10448
19163,10449
19164,10450
19166,10451
19167,10452
19168,10453
19169,10454
19170,10455
19171,10456
19172,10457
19173,10458
19174,10459
19175,10460
19176,10461
19177,10462
19178,10463
19179,10464
19186,10465
19194,10466
19197,10467
19198,10468
19199,10469
19201,10470
19203,10471
19204,10472
19205,10473
19210,10474
19211,10475
19212,10476
19213,10477
19214,10478
19215,10479
19216,10480
19235,10481
19239,10482
19240,10483
19241,10484
19249,10485
19250,10486
19251,10487
19252,10488
19253,10489
19254,10490
19255,10491
19256,10492
19257,10493
19258,10494
19259,10495
19261,10496
19263,10497
19264,10498
19265,10499
19266,10500
19272,10501
19278,10502
19282,10503
19284,10504
19286,10505
19287,10506
19296,10507
19298,10508
19299,10509
19304,10510
19305,10511
19306,10512
19307,10513
19308,10514
19309,10515
19310,10516
19314,10517
19315,10518
19316,10519
19317,10520
19321,10521
19322,10522
19323,10523
19324,10524
19325,10525
19326,10526
19331,10527
19333,10528
19336,10529
19338,10530
19339,10531
19340,10532
19349,10533
19351,10534
19352,10535
19353,10536
19364,10537
19367,10538
19368,10539
19369,10540
19370,10541
19371,10542
19372,10543
19373,10544
19378,10545
19379,10546
19382,10547
19383,10548
19384,10549
19385,10550
19387,10551
19388,10552
19389,10553
19390,10554
19391,10555
19392,10556
19395,10557
19399,10558
19400,10559
19401,10560
19402,10561
19403,10562
19405,10563
19406,10564
19407,10565
19409,10566
19410,10567
19411,10568
19412,10569
19416,10570
19417,10571
19418,10572
19423,10573
19424,10574
19425,10575
19426,10576
19432,10577
19434,10578
19435,10579
19436,10580
19437,10581
19439,10582
19440,10583
19443,10584
19445,10585
19446,10586
19447,10587
19449,10588
19450,10589
19452,10590
19453,10591
19454,10592
19455,10593
19456,10594
19457,10595
19459,10596
19465,10597
19466,10598
19468,10599
19469,10600
19470,10601
19471,10602
19472,10603
19474,10604
19475,10605
19476,10606
19477,10607
19478,10608
19479,10609
19480,10610
19481,10611
19482,10612
19483,10613
19484,10614
19485,10615
19486,10616
19487,10617
19488,10618
19489,10619
19490,10620
19493,10621
19536,10622
19537,10623
19544,10624
19545,10625
19546,10626
19547,10627
19548,10628
19549,10629
19550,10630
19551,10631
19552,10632
19553,10633
19554,10634
19556,10635
19557,10636
19558,10637
19559,10638
19560,10639
19561,10640
19562,10641
19563,10642
19564,10643
19567,10644
19568,10645
19569,10646
19570,10647
19571,10648
19572,10649
19573,10650
19574,10651
19575,10652
19576,10653
19577,10654
19578,10655
19579,10656
19580,10657
19581,10658
19582,10659
19584,10660
19593,10661
19595,10662
19596,10663
19597,10664
19598,10665
19600,10666
19602,10667
19603,10668
19608,10669
19612,10670
19616,10671
19617,10672
19618,10673
19619,10674
19620,10675
19626,10676
19634,10677
19635,10678
19637,10679
19638,10680
19639,10681
19640,10682
19641,10683
19645,10684
19646,10685
19656,10686
19658,10687
19659,10688
19664,10689
19665,10690
19667,10691
19668,10692
19669,10693
19670,10694
19671,10695
19672,10696
19673,10697
19684,10698
19686,10699
19687,10700
19688,10701
19689,10702
19693,10703
19697,10704
19698,10705
19699,10706
19701,10707
19704,10708
19713,10709
19717,10710
19718,10711
19719,10712
19724,10713
19725,10714
19728,10715
19730,10716
19734,10717
19735,10718
19736,10719
19738,10720
19741,10721
19742,10722
19745,10723
19746,10724
19747,10725
19751,10726
19752,10727
19754,10728
19756,10729
19757,10730
19758,10731
19768,10732
19769,10733
19770,10734
19771,10735
19772,10736
19781,10737
19820,10738
19883,10739
19902,10740
19903,10741
19905,10742
19907,10743
19928,10744
19930,10745
19947,10746
19958,10747
19960,10748
19999,10749
20003,10750
20006,10751
20011,10752
20012,10753
20013,10754
20014,10755
20015,10756
20016,10757
20018,10758
20020,10759
20022,10760
20023,10761
20024,10762
20026,10763
20031,10764
20032,10765
20033,10766
20034,10767
20035,10768
20037,10769
20038,10770
20039,10771
20041,10772
20046,10773
20049,10774
20050,10775
20051,10776
20053,10777
20054,10778
20055,10779
20057,10780
20058,10781
20059,10782
20060,10783
20063,10784
20064,10785
20069,10786
20070,10787
20071,10788
20072,10789
20073,10790
20074,10791
20075,10792
20076,10793
20077,10794
20078,10795
20079,10796
20080,10797
20082,10798
20083,10799
20089,10800
20091,10801
20092,10802
20093,10803
20095,10804
20096,10805
20097,10806
20100,10807
20107,10808
20108,10809
20109,10810
20110,10811
20111,10812
20113,10813
20114,10814
20116,10815
20117,10816
20119,10817
20120,10818
20121,10819
20122,10820
20123,10821
20124,10822
20143,10823
20146,10824
20147,10825
20148,10826
20154,10827
20161,10828
20162,10829
20165,10830
20168,10831
20171,10832
20183,10833
20184,10834
20185,10835
20190,10836
20191,10837
20193,10838
20194,10839
20196,10840
20197,10841
20199,10842
20200,10843
20202,10844
20205,10845
20206,10846
20207,10847
20208,10848
20213,10849
20214,10850
20215,10851
20219,10852
20230,10853
20231,10854
20238,10855
20243,10856
20245,10857
20248,10858
20249,10859
20251,10860
20252,10861
20253,10862
20254,10863
20255,10864
20256,10865
20260,10866
20261,10867
20271,10868
20274,10869
20275,10870
20277,10871
20278,10872
20282,10873
20283,10874
20284,10875
20285,10876
20286,10877
20287,10878
20291,10879
20292,10880
20293,10881
20294,10882
20295,10883
20296,10884
20297,10885
20300,10886
20301,10887
20302,10888
20303,10889
20304,10890
20310,10891
20311,10892
20312,10893
20313,10894
20316,10895
20318,10896
20319,10897
20321,10898
20322,10899
20324,10900
20326,10901
20327,10902
20328,10903
20329,10904
20330,10905
20332,10906
20333,10907
20335,10908
20337,10909
20338,10910
20339,10911
20340,10912
20344,10913
20345,10914
20346,10915
20347,10916
20348,10917
20349,10918
20350,10919
20351,10920
20353,10921
20354,10922
20355,10923
20356,10924
20357,10925
20358,10926
20359,10927
20360,10928
20361,10929
20362,10930
20363,10931
20364,10932
20365,10933
20366,10934
20367,10935
20368,10936
20369,10937
20372,10938
20373,10939
20374,10940
20376,10941
20379,10942
20382,10943
20383,10944
20385,10945
20387,10946
20388,10947
20391,10948
20392,10949
20393,10950
20394,10951
20395,10952
20396,10953
20397,10954
20398,10955
20399,10956
20402,10957
20403,10958
20406,10959
20407,10960
20408,10961
20411,10962
20412,10963
20413,10964
20415,10965
20416,10966
20417,10967
20418,10968
20419,10969
20421,10970
20425,10971
20429,10972
20442,10973
20443,10974
20444,10975
20447,10976
20448,10977
20449,10978
20450,10979
20451,10980
20452,10981
20453,10982
20455,10983
20461,10984
20463,10985
20465,10986
20469,10987
20470,10988
20471,10989
20473,10990
20475,10991
20476,10992
20477,10993
20478,10994
20479,10995
20480,10996
20481,10997
20482,10998
20483,10999
20484,11000
20487,11001
20488,11002
20489,11003
20490,11004
20491,11005
20492,11006
20493,11007
20495,11008
20496,11009
20497,11010
20498,11011
20499,11012
20500,11013
20501,11014
20506,11015
20507,11016
20508,11017
20512,11018
20513,11019
20514,11020
20517,11021
20518,11022
20519,11023
20520,11024
20523,11025
20524,11026
20526,11027
20528,11028
20529,11029
20539,11030
20540,11031
20543,11032
20544,11033
20547,11034
20548,11035
20549,11036
20551,11037
20552,11038
20553,11039
20554,11040
20555,11041
20556,11042
20557,11043
20558,11044
20559,11045
20560,11046
20561,11047
20562,11048
20563,11049
20565,11050
20567,11051
20568,11052
20569,11053
20570,11054
20572,11055
20573,11056
20574,11057
20575,11058
20576,11059
20577,11060
20578,11061
20579,11062
20580,11063
20581,11064
20582,11065
20583,11066
20584,11067
20585,11068
20586,11069
20587,11070
20588,11071
20589,11072
20591,11073
20592,11074
20593,11075
20594,11076
20595,11077
20596,11078
20597,11079
20598,11080
20599,11081
20600,11082
20602,11083
20603,11084
20604,11085
20607,11086
20608,11087
20609,11088
20613,11089
20618,11090
20619,11091
20620,11092
20622,11093
20623,11094
20624,11095
20628,11096
20635,11097
20636,11098
20637,11099
20639,11100
20640,11101
20641,11102
20648,11103
20649,11104
20650,11105
20651,11106
20653,11107
20654,11108
20655,11109
20656,11110
20657,11111
20658,11112
20659,11113
20660,11114
20661,11115
20662,11116
20663,11117
20664,11118
20665,11119
20666,11120
20667,11121
20668,11122
20669,11123
20670,11124
20671,11125
20672,11126
20673,11127
20674,11128
20675,11129
20676,11130
20677,11131
20678,11132
20679,11133
20680,11134
20681,11135
20682,11136
20683,11137
20684,11138
20685,11139
20686,11140
20687,11141
20688,11142
20689,11143
20690,11144
20691,11145
20692,11146
20693,11147
20694,11148
20695,11149
20696,11150
20697,11151
20698,11152
20699,11153
20700,11154
20701,11155
20702,11156
20703,11157
20704,11158
20705,11159
20706,11160
20707,11161
20708,11162
20709,11163
20711,11164
20712,11165
20713,11166
20715,11167
20716,11168
20717,11169
20718,11170
20719,11171
20720,11172
20721,11173
20722,11174
20723,11175
20724,11176
20728,11177
20729,11178
20730,11179
20731,11180
20732,11181
20733,11182
20734,11183
20735,11184
20736,11185
20737,11186
20739,11187
20740,11188
20741,11189
20742,11190
20743,11191
20744,11192
20746,11193
20747,11194
20748,11195
20750,11196
20751,11197
20752,11198
20753,11199
20754,11200
20755,11201
20760,11202
20769,11203
20770,11204
20771,11205
20772,11206
20780,11207
20790,11208
20791,11209
20792,11210
20793,11211
20794,11212
20796,11213
20798,11214
20799,11215
20800,11216
20801,11217
20802,11218
20803,11219
20804,11220
20805,11221
20806,11222
20807,11223
20808,11224
20809,11225
20810,11226
20811,11227
20812,11228
20815,11229
20816,11230
20817,11231
20818,11232
20819,11233
20823,11234
20829,11235
20832,11236
20833,11237
20834,11238
20848,11239
20849,11240
20850,11241
20851,11242
20856,11243
20857,11244
20858,11245
20860,11246
20861,11247
20862,11248
20863,11249
20865,11250
20871,11251
20872,11252
20873,11253
20874,11254
20875,11255
20876,11256
20877,11257
20879,11258
20886,11259
20887,11260
20889,11261
20902,11262
20904,11263
20906,11264
20908,11265
20909,11266
20910,11267
20912,11268
20913,11269
20914,11270
20916,11271
20922,11272
20923,11273
20924,11274
20925,11275
20926,11276
20927,11277
20928,11278
20929,11279
20932,11280
20933,11281
20934,11282
20935,11283
20944,11284
20949,11285
20950,11286
20951,11287
20952,11288
20953,11289
20954,11290
20955,11291
20956,11292
20957,11293
20958,11294
20959,11295
20965,11296
20966,11297
20969,11298
20971,11299
20973,11300
20974,11301
20977,11302
20980,11303
20981,11304
20982,11305
20985,11306
20986,11307
20991,11308
20992,11309
20993,11310
21000,11311
21001,11312
21003,11313
21005,11314
21006,11315
21008,11316
21013,11317
21014,11318
21015,11319
21020,11320
21026,11321
21028,11322
21029,11323
21033,11324
21037,11325
21038,11326
21039,11327
21041,11328
21043,11329
21044,11330
21045,11331
21046,11332
21047,11333
21048,11334
21049,11335
21051,11336
21052,11337
21053,11338
21054,11339
21055,11340
21056,11341
21057,11342
21059,11343
21062,11344
21063,11345
21064,11346
21065,11347
21066,11348
21069,11349
21071,11350
21072,11351
21073,11352
21078,11353
21079,11354
21080,11355
21081,11356
21083,11357
21084,11358
21086,11359
21087,11360
21088,11361
21089,11362
21090,11363
21091,11364
21092,11365
21093,11366
21094,11367
21098,11368
21100,11369
21102,11370
21104,11371
21106,11372
21110,11373
21114,11374
21115,11375
21116,11376
21117,11377
21118,11378
21119,11379
21120,11380
21121,11381
21122,11382
21123,11383
21125,11384
21126,11385
21128,11386
21130,11387
21131,11388
21134,11389
21135,11390
21136,11391
21137,11392
21139,11393
21140,11394
21141,11395
21142,11396
21145,11397
21146,11398
21149,11399
21150,11400
21151,11401
21153,11402
21155,11403
21157,11404
21158,11405
21159,11406
21160,11407
21161,11408
21162,11409
21166,11410
21167,11411
21172,11412
21173,11413
21174,11414
21175,11415
21176,11416
21177,11417
21178,11418
21179,11419
21181,11420
21182,11421
21183,11422
21184,11423
21185,11424
21186,11425
21189,11426
21190,11427
21191,11428
21193,11429
21194,11430
21195,11431
21196,11432
21199,11433
21200,11434
21202,11435
21205,11436
21207,11437
21210,11438
21212,11439
21214,11440
21217,11441
21221,11442
21226,11443
21229,11444
21231,11445
21232,11446
21233,11447
21234,11448
21235,11449
21237,11450
21239,11451
21240,11452
21243,11453
21244,11454
21246,11455
21250,11456
21251,11457
21252,11458
21253,11459
21254,11460
21255,11461
21256,11462
21257,11463
21259,11464
21260,11465
21262,11466
21264,11467
21271,11468
21272,11469
21273,11470
21274,11471
21280,11472
21281,11473
21283,11474
21286,11475
21287,11476
21288,11477
21289,11478
21310,11479
21326,11480
21332,11481
21335,11482
21340,11483
21343,11484
21358,11485
21370,11486
21373,11487
21374,11488
21375,11489
21376,11490
21380,11491
21381,11492
21384,11493
21385,11494
21388,11495
21389,11496
21393,11497
21399,11498
21402,11499
21410,11500
21418,11501
21420,11502
21423,11503
21424,11504
21425,11505
21426,11506
21427,11507
21428,11508
21429,11509
21430,11510
21431,11511
21432,11512
21433,11513
21434,11514
21435,11515
21436,11516
21437,11517
21438,11518
21439,11519
21440,11520
21445,11521
21446,11522
21448,11523
21451,11524
21452,11525
21453,11526
21454,11527
21455,11528
21456,11529
21457,11530
21459,11531
21460,11532
21461,11533
21462,11534
21463,11535
21464,11536
21465,11537
21466,11538
21467,11539
21468,11540
21469,11541
21470,11542
21471,11543
21473,11544
21474,11545
21475,11546
21476,11547
21492,11548
21493,11549
21494,11550
21495,11551
21496,11552
21497,11553
21499,11554
21500,11555
21503,11556
21506,11557
21508,11558
21509,11559
21510,11560
21511,11561
21513,11562
21515,11563
21516,11564
21521,11565
21523,11566
21530,11567
21536,11568
21553,11569
21554,11570
21556,11571
21557,11572
21558,11573
21561,11574
21565,11575
21566,11576
21568,11577
21569,11578
21570,11579
21573,11580
21574,11581
21575,11582
21576,11583
21577,11584
21578,11585
21579,11586
21580,11587
21581,11588
21582,11589
21583,11590
21584,11591
21585,11592
21586,11593
21587,11594
21588,11595
21589,11596
21590,11597
21591,11598
21592,11599
21593,11600
21594,11601
21595,11602
21596,11603
21597,11604
21598,11605
21599,11606
21600,11607
21601,11608
21602,11609
21603,11610
21604,11611
21605,11612
21606,11613
21607,11614
21608,11615
21609,11616
21610,11617
21611,11618
21612,11619
21613,11620
21614,11621
21615,11622
21616,11623
21617,11624
21618,11625
21619,11626
21620,11627
21621,11628
21623,11629
21624,11630
21625,11631
21626,11632
21627,11633
21628,11634
21629,11635
21630,11636
21631,11637
21636,11638
21637,11639
21638,11640
21639,11641
21640,11642
21641,11643
21642,11644
21643,11645
21644,11646
21645,11647
21646,11648
21647,11649
21648,11650
21649,11651
21650,11652
21651,11653
21652,11654
21653,11655
21654,11656
21655,11657
21656,11658
21657,11659
21659,11660
21661,11661
21664,11662
21665,11663
21666,11664
21667,11665
21668,11666
21669,11667
21674,11668
21676,11669
21677,11670
21678,11671
21679,11672
21682,11673
21684,11674
21685,11675
21686,11676
21687,11677
21688,11678
21689,11679
21690,11680
21691,11681
21692,11682
21693,11683
21694,11684
21700,11685
21702,11686
21703,11687
21704,11688
21705,11689
21706,11690
21707,11691
21708,11692
21709,11693
21711,11694
21713,11695
21714,11696
21715,11697
21716,11698
21719,11699
21721,11700
21722,11701
21730,11702
21731,11703
21732,11704
21733,11705
21734,11706
21735,11707
21738,11708
21739,11709
21740,11710
21741,11711
21742,11712
21743,11713
21744,11714
21745,11715
21746,11716
21747,11717
21748,11718
21750,11719
21751,11720
21753,11721
21754,11722
21755,11723
21756,11724
21757,11725
21758,11726
21760,11727
21761,11728
21762,11729
21763,11730
21764,11731
21765,11732
21766,11733
21767,11734
21768,11735
21769,11736
21770,11737
21771,11738
21772,11739
21773,11740
21774,11741
21775,11742
21778,11743
21779,11744
21780,11745
21781,11746
21782,11747
21784,11748
21785,11749
21788,11750
21789,11751
21790,11752
21791,11753
21792,11754
21794,11755
21795,11756
21796,11757
21797,11758
21799,11759
21800,11760
21805,11761
21806,11762
21807,11763
21808,11764
21809,11765
21810,11766
21811,11767
21812,11768
21813,11769
21814,11770
21817,11771
21818,11772
21819,11773
21820,11774
21821,11775
21824,11776
21825,11777
21826,11778
21834,11779
21836,11780
21838,11781
21839,11782
21840,11783
21842,11784
21843,11785
21846,11786
21847,11787
21848,11788
21851,11789
21852,11790
21853,11791
21855,11792
21857,11793
21858,11794
21860,11795
21861,11796
21863,11797
21864,11798
21866,11799
21867,11800
21872,11801
21882,11802
21883,11803
21887,11804
21888,11805
21889,11806
21893,11807
21897,11808
21899,11809
21902,11810
21930,11811
21946,11812
21947,11813
21949,11814
21952,11815
21954,11816
21955,11817
21957,11818
21967,11819
21968,11820
21969,11821
21970,11822
21971,11823
21972,11824
21973,11825
21974,11826
21975,11827
21976,11828
21978,11829
21979,11830
21980,11831
21981,11832
21996,11833
21997,11834
22002,11835
22007,11836
22008,11837
22009,11838
22010,11839
22011,11840
22017,11841
22019,11842
22020,11843
22021,11844
22026,11845
22032,11846
22038,11847
22039,11848
22040,11849
22041,11850
22042,11851
22043,11852
22044,11853
22045,11854
22046,11855
22047,11856
22048,11857
22049,11858
22050,11859
22051,11860
22052,11861
22053,11862
22054,11863
22055,11864
22056,11865
22057,11866
22058,11867
22059,11868
22060,11869
22061,11870
22062,11871
22063,11872
22064,11873
22065,11874
22066,11875
22067,11876
22068,11877
22071,11878
22072,11879
22073,11880
22074,11881
22075,11882
22076,11883
22077,11884
22078,11885
22079,11886
22080,11887
22081,11888
22082,11889
22083,11890
22084,11891
22085,11892
22086,11893
22087,11894
22088,11895
22089,11896
22091,11897
22092,11898
22093,11899
22094,11900
22095,11901
22096,11902
22101,11903
22102,11904
22109,11905
22111,11906
22113,11907
22114,11908
22116,11909
22117,11910
22118,11911
22120,11912
22122,11913
22123,11914
22124,11915
22131,11916
22132,11917
22134,11918
22135,11919
22137,11920
22138,11921
22139,11922
22140,11923
22142,11924
22153,11925
22154,11926
22155,11927
22156,11928
22159,11929
22160,11930
22166,11931
22167,11932
22168,11933
22169,11934
22170,11935
22171,11936
22172,11937
22173,11938
22174,11939
22175,11940
22176,11941
22177,11942
22178,11943
22179,11944
22182,11945
22192,11946
22195,11947
22201,11948
22202,11949
22208,11950
22209,11951
22211,11952
22212,11953
22213,11954
22214,11955
22215,11956
22216,11957
22217,11958
22218,11959
22222,11960
22223,11961
22225,11962
22226,11963
22228,11964
22229,11965
22230,11966
22232,11967
22233,11968
22234,11969
22235,11970
22236,11971
22246,11972
22248,11973
22249,11974
22250,11975
22252,11976
22253,11977
22254,11978
22255,11979
22256,11980
22257,11981
22258,11982
22259,11983
22260,11984
22262,11985
22263,11986
22265,11987
22266,11988
22267,11989
22268,11990
22270,11991
22272,11992
22273,11993
22274,11994
22276,11995
22277,11996
22278,11997
22281,11998
22286,11999
22287,12000
22288,12001
22289,12002
22290,12003
22291,12004
22292,12005
22296,12006
22297,12007
22298,12008
22299,12009
22300,12010
22301,12011
22306,12012
22309,12013
22311,12014
22327,12015
22330,12016
22331,12017
22332,12018
22333,12019
22334,12020
22338,12021
22339,12022
22342,12023
22344,12024
22346,12025
22348,12026
22350,12027
22353,12028
22355,12029
22356,12030
22357,12031
22358,12032
22359,12033
22361,12034
22362,12035
22363,12036
22367,12037
22368,12038
22369,12039
22370,12040
22371,12041
22372,12042
22373,12043
22378,12044
22379,12045
22382,12046
22383,12047
22385,12048
22395,12049
22396,12050
22397,12051
22398,12052
22399,12053
22401,12054
22402,12055
22403,12056
22405,12057
22406,12058
22407,12059
22408,12060
22410,12061
22412,12062
22413,12063
22414,12064
22415,12065
22416,12066
22417,12067
22419,12068
22420,12069
22422,12070
22424,12071
22427,12072
22429,12073
22430,12074
22431,12075
22442,12076
22443,12077
22444,12078
22445,12079
22446,12080
22449,12081
22450,12082
22451,12083
22458,12084
22461,12085
22465,12086
22474,12087
22475,12088
22477,12089
22478,12090
22479,12091
22480,12092
22481,12093
22483,12094
22484,12095
22486,12096
22487,12097
22489,12098
22490,12099
22491,12100
22492,12101
22493,12102
22495,12103
22496,12104
22497,12105
22498,12106
22499,12107
22503,12108
22515,12109
22517,12110
22518,12111
22519,12112
22520,12113
22525,12114
22533,12115
22535,12116
22540,12117
22542,12118
22543,12119
22544,12120
22551,12121
22558,12122
22559,12123
22560,12124
22563,12125
22564,12126
22565,12127
22570,12128
22571,12129
22572,12130
22575,12131
22578,12132
22579,12133
22580,12134
22593,12135
22602,12136
22607,12137
22608,12138
22610,12139
22611,12140
22613,12141
22614,12142
22615,12143
22616,12144
22619,12145
22620,12146
22621,12147
22623,12148
22624,12149
22627,12150
22629,12151
22635,12152
22636,12153
22637,12154
22642,12155
22649,12156
22650,12157
22651,12158
22653,12159
22656,12160
22657,12161
22658,12162
22661,12163
22662,12164
22663,12165
22665,12166
22667,12167
22671,12168
22675,12169
22682,12170
22687,12171
22700,12172
22702,12173
22709,12174
22715,12175
22716,12176
22720,12177
22724,12178
22725,12179
22726,12180
22731,12181
22732,12182
22739,12183
22743,12184
22746,12185
22749,12186
22750,12187
22751,12188
22752,12189
22753,12190
22754,12191
22757,12192
22758,12193
22760,12194
22762,12195
22763,12196
22764,12197
22765,12198
22766,12199
22767,12200
22768,12201
22769,12202
22771,12203
22772,12204
22775,12205
22776,12206
22777,12207
22778,12208
22779,12209
22780,12210
22781,12211
22782,12212
22783,12213
22784,12214
22785,12215
22786,12216
22787,12217
22788,12218
22789,12219
22790,12220
22791,12221
22793,12222
22794,12223
22795,12224
22796,12225
22797,12226
22798,12227
22799,12228
22801,12229
22802,12230
22804,12231
22806,12232
22807,12233
22816,12234
22817,12235
22818,12236
22819,12237
22820,12238
22827,12239
22837,12240
22838,12241
22839,12242
22840,12243
22841,12244
22842,12245
22843,12246
22844,12247
22845,12248
22846,12249
22852,12250
22855,12251
22856,12252
22857,12253
22861,12254
22865,12255
22867,12256
22868,12257
22869,12258
22870,12259
22871,12260
22872,12261
22878,12262
22882,12263
22884,12264
22885,12265
22886,12266
22889,12267
22890,12268
22891,12269
22892,12270
22893,12271
22895,12272
22896,12273
22897,12274
22898,12275
22900,12276
22930,12277
22934,12278
22935,12279
22936,12280
22943,12281
22945,12282
22947,12283
22948,12284
22949,12285
22950,12286
22951,12287
22952,12288
22955,12289
22956,12290
22958,12291
22959,12292
22960,12293
22961,12294
22968,12295
22969,12296
22970,12297
22971,12298
22983,12299
22985,12300
22997,12301
22998,12302
22999,12303
23003,12304
23004,12305
23005,12306
23007,12307
23008,12308
23011,12309
23013,12310
23014,12311
23015,12312
23016,12313
23017,12314
23019,12315
23020,12316
23022,12317
23023,12318
23024,12319
23025,12320
23033,12321
23035,12322
23036,12323
23037,12324
23042,12325
23043,12326
23045,12327
23046,12328
23047,12329
23052,12330
23057,12331
23061,12332
23062,12333
23063,12334
23064,12335
23065,12336
23066,12337
23067,12338
23068,12339
23069,12340
23070,12341
23071,12342
23072,12343
23073,12344
23074,12345
23075,12346
23077,12347
23078,12348
23079,12349
23080,12350
23081,12351
23082,12352
23083,12353
23084,12354
23085,12355
23086,12356
23088,12357
23089,12358
23090,12359
23091,12360
23092,12361
23093,12362
23094,12363
23095,12364
23096,12365
23097,12366
23099,12367
23100,12368
23101,12369
23102,12370
23103,12371
23104,12372
23105,12373
23106,12374
23107,12375
23108,12376
23109,12377
23110,12378
23111,12379
23116,12380
23117,12381
23118,12382
23119,12383
23120,12384
23121,12385
23122,12386
23123,12387
23124,12388
23125,12389
23126,12390
23127,12391
23130,12392
23132,12393
23133,12394
23134,12395
23138,12396
23143,12397
23149,12398
23150,12399
23152,12400
23153,12401
23156,12402
23157,12403
23158,12404
23159,12405
23160,12406
23164,12407
23165,12408
23167,12409
23168,12410
23169,12411
23170,12412
23171,12413
23172,12414
23173,12415
23174,12416
23175,12417
23176,12418
23177,12419
23178,12420
23179,12421
23180,12422
23181,12423
23182,12424
23183,12425
23184,12426
23185,12427
23186,12428
23187,12429
23188,12430
23189,12431
23190,12432
23191,12433
23192,12434
23193,12435
23194,12436
23195,12437
23196,12438
23197,12439
23198,12440
23199,12441
23200,12442
23201,12443
23202,12444
23203,12445
23204,12446
23205,12447
23206,12448
23207,12449
23208,12450
23209,12451
23210,12452
23211,12453
23212,12454
23213,12455
23214,12456
23215,12457
23216,12458
23217,12459
23218,12460
23219,12461
23220,12462
23221,12463
23222,12464
23223,12465
23224,12466
23227,12467
23228,12468
23229,12469
23230,12470
23231,12471
23232,12472
23235,12473
23236,12474
23239,12475
23240,12476
23241,12477
23246,12478
23247,12479
23248,12480
23249,12481
23250,12482
23251,12483
23254,12484
23255,12485
23258,12486
23259,12487
23260,12488
23261,12489
23262,12490
23265,12491
23266,12492
23267,12493
23268,12494
23269,12495
23270,12496
23271,12497
23272,12498
23273,12499
23274,12500
23279,12501
23280,12502
23281,12503
23282,12504
23283,12505
23284,12506
23285,12507
23286,12508
23287,12509
23288,12510
23289,12511
23290,12512
23291,12513
23292,12514
23293,12515
23294,12516
23295,12517
23296,12518
23297,12519
23298,12520
23299,12521
23300,12522
23301,12523
23302,12524
23304,12525
23305,12526
23306,12527
23307,12528
23308,12529
23315,12530
23316,12531
23317,12532
23318,12533
23319,12534
23320,12535
23321,12536
23322,12537
23323,12538
23324,12539
23325,12540
23326,12541
23327,12542
23328,12543
23329,12544
23330,12545
23331,12546
23332,12547
23333,12548
23334,12549
23335,12550
23336,12551
23337,12552
23338,12553
23339,12554
23340,12555
23341,12556
23343,12557
23345,12558
23346,12559
23349,12560
23351,12561
23352,12562
23354,12563
23356,12564
23357,12565
23358,12566
23359,12567
23360,12568
23361,12569
23362,12570
23363,12571
23364,12572
23365,12573
23366,12574
23367,12575
23368,12576
23369,12577
23370,12578
23371,12579
23372,12580
23373,12581
23374,12582
23375,12583
23376,12584
23377,12585
23378,12586
23379,12587
23380,12588
23381,12589
23382,12590
23383,12591
23384,12592
23385,12593
23386,12594
23387,12595
23389,12596
23390,12597
23391,12598
23394,12599
23398,12600
23399,12601
23400,12602
23401,12603
23402,12604
23403,12605
23404,12606
23405,12607
23411,12608
23412,12609
23413,12610
23414,12611
23415,12612
23419,12613
23420,12614
23421,12615
23422,12616
23423,12617
23425,12618
23427,12619
23428,12620
23429,12621
23431,12622
23432,12623
23433,12624
23434,12625
23435,12626
23436,12627
23438,12628
23439,12629
23443,12630
23445,12631
23446,12632
23447,12633
23449,12634
23451,12635
23454,12636
23455,12637
23456,12638
23457,12639
23458,12640
23459,12641
23460,12642
23462,12643
23463,12644
23464,12645
23465,12646
23467,12647
23469,12648
23470,12649
23472,12650
23475,12651
23476,12652
23477,12653
23480,12654
23481,12655
23482,12656
23483,12657
23484,12658
23485,12659
23486,12660
23488,12661
23489,12662
23490,12663
23492,12664
23493,12665
23494,12666
23495,12667
23496,12668
23497,12669
23500,12670
23501,12671
23502,12672
23503,12673
23504,12674
23505,12675
23506,12676
23508,12677
23509,12678
23511,12679
23512,12680
23514,12681
23515,12682
23516,12683
23517,12684
23518,12685
23519,12686
23520,12687
23521,12688
23522,12689
23523,12690
23524,12691
23525,12692
23529,12693
23530,12694
23531,12695
23532,12696
23533,12697
23534,12698
23535,12699
23536,12700
23537,12701
23540,12702
23541,12703
23542,12704
23543,12705
23544,12706
23546,12707
23547,12708
23548,12709
23549,12710
23551,12711
23553,12712
23554,12713
23555,12714
23556,12715
23557,12716
23558,12717
23559,12718
23561,12719
23564,12720
23565,12721
23566,12722
23567,12723
23568,12724
23570,12725
23571,12726
23572,12727
23573,12728
23575,12729
23576,12730
23577,12731
23578,12732
23579,12733
23580,12734
23581,12735
23582,12736
23583,12737
23584,12738
23585,12739
23586,12740
23587,12741
23588,12742
23589,12743
23590,12744
23591,12745
23592,12746
23593,12747
23594,12748
23595,12749
23596,12750
23597,12751
23598,12752
23599,12753
23600,12754
23601,12755
23602,12756
23603,12757
23604,12758
23605,12759
23606,12760
23607,12761
23608,12762
23609,12763
23610,12764
23611,12765
23612,12766
23613,12767
23614,12768
23615,12769
23616,12770
23617,12771
23618,12772
23619,12773
23620,12774
23621,12775
23622,12776
23623,12777
23625,12778
23626,12779
23627,12780
23628,12781
23629,12782
23630,12783
23631,12784
23632,12785
23633,12786
23634,12787
23635,12788
23636,12789
23637,12790
23638,12791
23639,12792
23640,12793
23641,12794
23642,12795
23643,12796
23644,12797
23645,12798
23646,12799
23647,12800
23648,12801
23649,12802
23650,12803
23651,12804
23652,12805
23653,12806
23654,12807
23655,12808
23656,12809
23657,12810
23658,12811
23659,12812
23660,12813
23661,12814
23662,12815
23663,12816
23664,12817
23665,12818
23666,12819
23667,12820
23668,12821
23669,12822
23670,12823
23671,12824
23672,12825
23673,12826
23674,12827
23675,12828
23676,12829
23677,12830
23678,12831
23679,12832
23680,12833
23681,12834
23682,12835
23683,12836
23684,12837
23685,12838
23686,12839
23687,12840
23688,12841
23689,12842
23690,12843
23691,12844
23692,12845
23693,12846
23694,12847
23695,12848
23696,12849
23697,12850
23698,12851
23699,12852
23700,12853
23701,12854
23702,12855
23703,12856
23704,12857
23705,12858
23706,12859
23707,12860
23708,12861
23709,12862
23710,12863
23711,12864
23712,12865
23714,12866
23715,12867
23716,12868
23717,12869
23718,12870
23719,12871
23720,12872
23721,12873
23723,12874
23727,12875
23728,12876
23730,12877
23731,12878
23732,12879
23733,12880
23734,12881
23735,12882
23737,12883
23738,12884
23742,12885
23743,12886
23744,12887
23746,12888
23749,12889
23753,12890
23754,12891
23755,12892
23757,12893
23758,12894
23759,12895
23760,12896
23761,12897
23762,12898
23763,12899
23764,12900
23765,12901
23766,12902
23767,12903
23771,12904
23772,12905
23773,12906
23774,12907
23775,12908
23777,12909
23778,12910
23779,12911
23780,12912
23781,12913
23782,12914
23783,12915
23784,12916
23785,12917
23786,12918
23787,12919
23788,12920
23789,12921
23790,12922
23791,12923
23792,12924
23793,12925
23794,12926
23795,12927
23796,12928
23797,12929
23798,12930
23799,12931
23803,12932
23804,12933
23805,12934
23806,12935
23807,12936
23808,12937
23809,12938
23810,12939
23811,12940
23814,12941
23816,12942
23817,12943
23818,12944
23819,12945
23820,12946
23822,12947
23823,12948
23824,12949
23825,12950
23826,12951
23827,12952
23828,12953
23830,12954
23831,12955
23832,12956
23834,12957
23839,12958
23840,12959
23841,12960
23850,12961
23852,12962
23853,12963
23854,12964
23855,12965
23856,12966
23857,12967
23860,12968
23861,12969
23862,12970
23863,12971
23864,12972
23865,12973
23867,12974
23868,12975
23869,12976
23870,12977
23872,12978
23873,12979
23874,12980
23875,12981
23876,12982
23879,12983
23880,12984
23881,12985
23882,12986
23884,12987
23885,12988
23886,12989
23889,12990
23891,12991
23892,12992
23893,12993
23894,12994
23895,12995
23896,12996
23897,12997
23898,12998
23899,12999
23900,13000
23901,13001
23902,13002
23903,13003
23904,13004
23905,13005
23906,13006
23912,13007
23915,13008
23916,13009
23917,13010
23918,13011
23919,13012
23920,13013
23925,13014
23929,13015
23931,13016
23933,13017
23934,13018
23935,13019
23936,13020
23937,13021
23938,13022
23940,13023
23946,13024
23947,13025
23949,13026
23951,13027
23952,13028
23957,13029
23958,13030
23960,13031
23961,13032
23962,13033
23968,13034
23969,13035
23975,13036
23977,13037
23978,13038
23980,13039
23982,13040
23984,13041
23985,13042
23986,13043
23987,13044
23988,13045
23989,13046
23990,13047
23991,13048
23992,13049
23993,13050
23994,13051
23995,13052
23996,13053
23997,13054
23998,13055
23999,13056
24000,13057
24001,13058
24002,13059
24003,13060
24004,13061
24005,13062
24006,13063
24007,13064
24008,13065
24009,13066
24010,13067
24011,13068
24012,13069
24013,13070
24014,13071
24015,13072
24016,13073
24017,13074
24018,13075
24019,13076
24020,13077
24021,13078
24022,13079
24023,13080
24024,13081
24025,13082
24026,13083
24027,13084
24028,13085
24029,13086
24030,13087
24031,13088
24032,13089
24034,13090
24035,13091
24036,13092
24037,13093
24038,13094
24039,13095
24040,13096
24041,13097
24042,13098
24043,13099
24044,13100
24045,13101
24046,13102
24047,13103
24048,13104
24049,13105
24050,13106
24051,13107
24052,13108
24053,13109
24054,13110
24055,13111
24056,13112
24057,13113
24058,13114
24059,13115
24060,13116
24061,13117
24062,13118
24063,13119
24064,13120
24065,13121
24066,13122
24067,13123
24068,13124
24069,13125
24075,13126
24076,13127
24077,13128
24078,13129
24079,13130
24080,13131
24081,13132
24082,13133
24083,13134
24084,13135
24085,13136
24086,13137
24087,13138
24090,13139
24091,13140
24092,13141
24093,13142
24094,13143
24095,13144
24096,13145
24097,13146
24098,13147
24099,13148
24100,13149
24101,13150
24102,13151
24103,13152
24104,13153
24105,13154
24106,13155
24107,13156
24108,13157
24109,13158
24110,13159
24111,13160
24112,13161
24113,13162
24114,13163
24115,13164
24116,13165
24117,13166
24118,13167
24119,13168
24120,13169
24121,13170
24122,13171
24123,13172
24124,13173
24125,13174
24126,13175
24127,13176
24128,13177
24129,13178
24130,13179
24131,13180
24132,13181
24133,13182
24134,13183
24135,13184
24136,13185
24137,13186
24138,13187
24139,13188
24140,13189
24141,13190
24142,13191
24143,13192
24144,13193
24145,13194
24146,13195
24147,13196
24148,13197
24149,13198
24150,13199
24151,13200
24152,13201
24153,13202
24154,13203
24155,13204
24156,13205
24157,13206
24158,13207
24159,13208
24160,13209
24161,13210
24162,13211
24163,13212
24164,13213
24165,13214
24166,13215
24167,13216
24168,13217
24169,13218
24170,13219
24171,13220
24172,13221
24173,13222
24174,13223
24175,13224
24176,13225
24177,13226
24178,13227
24179,13228
24180,13229
24181,13230
24186,13231
24187,13232
24190,13233
24191,13234
24192,13235
24193,13236
24194,13237
24195,13238
24196,13239
24197,13240
24198,13241
24199,13242
24200,13243
24202,13244
24207,13245
24208,13246
24209,13247
24210,13248
24211,13249
24212,13250
24213,13251
24214,13252
24216,13253
24217,13254
24218,13255
24219,13256
24220,13257
24221,13258
24222,13259
24223,13260
24224,13261
24225,13262
24226,13263
24227,13264
24228,13265
24229,13266
24230,13267
24232,13268
24234,13269
24235,13270
24236,13271
24237,13272
24238,13273
24239,13274
24240,13275
24241,13276
24242,13277
24243,13278
24244,13279
24245,13280
24246,13281
24247,13282
24248,13283
24249,13284
24250,13285
24251,13286
24252,13287
24253,13288
24254,13289
24255,13290
24256,13291
24257,13292
24258,13293
24259,13294
24260,13295
24261,13296
24262,13297
24263,13298
24264,13299
24265,13300
24266,13301
24267,13302
24268,13303
24269,13304
24270,13305
24271,13306
24272,13307
24273,13308
24274,13309
24275,13310
24276,13311
24277,13312
24278,13313
24279,13314
24280,13315
24281,13316
24282,13317
24283,13318
24284,13319
24285,13320
24286,13321
24287,13322
24288,13323
24289,13324
24290,13325
24292,13326
24293,13327
24294,13328
24295,13329
24296,13330
24297,13331
24298,13332
24300,13333
24301,13334
24302,13335
24303,13336
24304,13337
24305,13338
24306,13339
24307,13340
24308,13341
24309,13342
24311,13343
24313,13344
24314,13345
24315,13346
24316,13347
24317,13348
24318,13349
24319,13350
24320,13351
24321,13352
24322,13353
24323,13354
24324,13355
24325,13356
24326,13357
24327,13358
24328,13359
24329,13360
24330,13361
24331,13362
24332,13363
24333,13364
24334,13365
24335,13366
24336,13367
24337,13368
24338,13369
24339,13370
24340,13371
24341,13372
24342,13373
24343,13374
24344,13375
24345,13376
24346,13377
24347,13378
24348,13379
24349,13380
24350,13381
24352,13382
24353,13383
24354,13384
24355,13385
24356,13386
24357,13387
24358,13388
24359,13389
24360,13390
24361,13391
24362,13392
24363,13393
24364,13394
24365,13395
24366,13396
24367,13397
24368,13398
24369,13399
24370,13400
24371,13401
24372,13402
24373,13403
24374,13404
24375,13405
24376,13406
24377,13407
24378,13408
24379,13409
24380,13410
24382,13411
24383,13412
24384,13413
24385,13414
24386,13415
24387,13416
24388,13417
24389,13418
24390,13419
24391,13420
24392,13421
24393,13422
24394,13423
24395,13424
24396,13425
24397,13426
24398,13427
24399,13428
24401,13429
24402,13430
24403,13431
24404,13432
24405,13433
24406,13434
24407,13435
24408,13436
24409,13437
24410,13438
24411,13439
24412,13440
24413,13441
24414,13442
24415,13443
24416,13444
24417,13445
24418,13446
24421,13447
24422,13448
24423,13449
24424,13450
24425,13451
24427,13452
24428,13453
24429,13454
24430,13455
24431,13456
24432,13457
24433,13458
24434,13459
24435,13460
24436,13461
24437,13462
24438,13463
24439,13464
24440,13465
24441,13466
24442,13467
24443,13468
24444,13469
24445,13470
24446,13471
24447,13472
24448,13473
24449,13474
24450,13475
24451,13476
24452,13477
24453,13478
24454,13479
24455,13480
24456,13481
24457,13482
24458,13483
24459,13484
24460,13485
24461,13486
24462,13487
24463,13488
24464,13489
24465,13490
24466,13491
24467,13492
24468,13493
24469,13494
24471,13495
24472,13496
24473,13497
24474,13498
24475,13499
24476,13500
24477,13501
24478,13502
24479,13503
24480,13504
24482,13505
24483,13506
24484,13507
24485,13508
24486,13509
24487,13510
24488,13511
24490,13512
24491,13513
24492,13514
24493,13515
24494,13516
24495,13517
24496,13518
24497,13519
24498,13520
24499,13521
24500,13522
24501,13523
24502,13524
24503,13525
24504,13526
24505,13527
24506,13528
24507,13529
24508,13530
24509,13531
24510,13532
24511,13533
24512,13534
24513,13535
24514,13536
24515,13537
24516,13538
24517,13539
24518,13540
24519,13541
24520,13542
24521,13543
24522,13544
24523,13545
24524,13546
24525,13547
24526,13548
24527,13549
24528,13550
24529,13551
24530,13552
24531,13553
24532,13554
24533,13555
24534,13556
24535,13557
24536,13558
24537,13559
24538,13560
24539,13561
24540,13562
24541,13563
24542,13564
24543,13565
24544,13566
24545,13567
24546,13568
24547,13569
24548,13570
24551,13571
24552,13572
24553,13573
24554,13574
24555,13575
24556,13576
24557,13577
24558,13578
24559,13579
24560,13580
24561,13581
24562,13582
24563,13583
24564,13584
24565,13585
24566,13586
24567,13587
24568,13588
24569,13589
24570,13590
24571,13591
24572,13592
24573,13593
24574,13594
24575,13595
24576,13596
24577,13597
24578,13598
24579,13599
24580,13600
24581,13601
24582,13602
24583,13603
24584,13604
24585,13605
24588,13606
24589,13607
24590,13608
24591,13609
24592,13610
24593,13611
24594,13612
24595,13613
24596,13614
24597,13615
24598,13616
24599,13617
24600,13618
24601,13619
24602,13620
24603,13621
24604,13622
24605,13623
24606,13624
24607,13625
24608,13626
24609,13627
24610,13628
24611,13629
24612,13630
24613,13631
24614,13632
24615,13633
24616,13634
24617,13635
24618,13636
24619,13637
24620,13638
24621,13639
24622,13640
24623,13641
24626,13642
24627,13643
24628,13644
24629,13645
24630,13646
24631,13647
24632,13648
24633,13649
24634,13650
24635,13651
24636,13652
24637,13653
24638,13654
24639,13655
24640,13656
24641,13657
24642,13658
24643,13659
24644,13660
24645,13661
24646,13662
24647,13663
24648,13664
24649,13665
24650,13666
24651,13667
24652,13668
24653,13669
24654,13670
24655,13671
24656,13672
24657,13673
24658,13674
24659,13675
24660,13676
24661,13677
24662,13678
24663,13679
24664,13680
24665,13681
24666,13682
24667,13683
24668,13684
24669,13685
24670,13686
24671,13687
24672,13688
24673,13689
24674,13690
24675,13691
24676,13692
24677,13693
24678,13694
24679,13695
24680,13696
24681,13697
24682,13698
24683,13699
24684,13700
24685,13701
24686,13702
24687,13703
24688,13704
24689,13705
24690,13706
24691,13707
24692,13708
24693,13709
24694,13710
24695,13711
24696,13712
24697,13713
24698,13714
24699,13715
24700,13716
24701,13717
24702,13718
24703,13719
24704,13720
24705,13721
24706,13722
24707,13723
24708,13724
24709,13725
24710,13726
24711,13727
24712,13728
24713,13729
24714,13730
24715,13731
24716,13732
24717,13733
24718,13734
24719,13735
24720,13736
24721,13737
24722,13738
24723,13739
24724,13740
24725,13741
24726,13742
24727,13743
24728,13744
24729,13745
24730,13746
24731,13747
24732,13748
24733,13749
24734,13750
24735,13751
24736,13752
24737,13753
24738,13754
24739,13755
24740,13756
24741,13757
24742,13758
24743,13759
24744,13760
24745,13761
24747,13762
24748,13763
24750,13764
24751,13765
24752,13766
24753,13767
24754,13768
24755,13769
24756,13770
24757,13771
24758,13772
24759,13773
24760,13774
24761,13775
24762,13776
24763,13777
24764,13778
24765,13779
24766,13780
24767,13781
24768,13782
24769,13783
24770,13784
24771,13785
24772,13786
24774,13787
24776,13788
24777,13789
24778,13790
24779,13791
24780,13792
24781,13793
24782,13794
24783,13795
24784,13796
24785,13797
24786,13798
24787,13799
24788,13800
24790,13801
24791,13802
24792,13803
24793,13804
24794,13805
24795,13806
24796,13807
24797,13808
24798,13809
24799,13810
24800,13811
24801,13812
24802,13813
24803,13814
24804,13815
24805,13816
24806,13817
24807,13818
24808,13819
24809,13820
24811,13821
24812,13822
24813,13823
24814,13824
24815,13825
24816,13826
24817,13827
24818,13828
24819,13829
24820,13830
24821,13831
24822,13832
24823,13833
24824,13834
24825,13835
24826,13836
24827,13837
24828,13838
24829,13839
24830,13840
24831,13841
24832,13842
24833,13843
24834,13844
24835,13845
24836,13846
24837,13847
24838,13848
24839,13849
24840,13850
24841,13851
24842,13852
24843,13853
24844,13854
24845,13855
24846,13856
24847,13857
24848,13858
24849,13859
24850,13860
24852,13861
24853,13862
24854,13863
24855,13864
24856,13865
24857,13866
24858,13867
24859,13868
24860,13869
24861,13870
24862,13871
24863,13872
24864,13873
24865,13874
24866,13875
24867,13876
24870,13877
24871,13878
24872,13879
24873,13880
24874,13881
24875,13882
24876,13883
24877,13884
24880,13885
24881,13886
24882,13887
24883,13888
24884,13889
24885,13890
24886,13891
24887,13892
24888,13893
24889,13894
24890,13895
24891,13896
24892,13897
24894,13898
24895,13899
24896,13900
24897,13901
24900,13902
24901,13903
24902,13904
24903,13905
24904,13906
24905,13907
24906,13908
24907,13909
24908,13910
24909,13911
24910,13912
24911,13913
24912,13914
24915,13915
24916,13916
24917,13917
24918,13918
24919,13919
24920,13920
24923,13921
24924,13922
24925,13923
24926,13924
24927,13925
24930,13926
24931,13927
24932,13928
24933,13929
24934,13930
24935,13931
24936,13932
24938,13933
24939,13934
24940,13935
24942,13936
24943,13937
24944,13938
24945,13939
24946,13940
24947,13941
24948,13942
24952,13943
24953,13944
24954,13945
24957,13946
24958,13947
24960,13948
24961,13949
24962,13950
24963,13951
24964,13952
24965,13953
24966,13954
24967,13955
24971,13956
24972,13957
24973,13958
24974,13959
24975,13960
24976,13961
24977,13962
24978,13963
24980,13964
24981,13965
24982,13966
24983,13967
24984,13968
24985,13969
24986,13970
24987,13971
24988,13972
24989,13973
24990,13974
24991,13975
24992,13976
24993,13977
24994,13978
24995,13979
24996,13980
24997,13981
24998,13982
24999,13983
25000,13984
25003,13985
25004,13986
25005,13987
25006,13988
25007,13989
25009,13990
25010,13991
25011,13992
25012,13993
25013,13994
25014,13995
25015,13996
25016,13997
25017,13998
25018,13999
25019,14000
25020,14001
25021,14002
25022,14003
25023,14004
25024,14005
25025,14006
25026,14007
25027,14008
25028,14009
25029,14010
25030,14011
25031,14012
25032,14013
25033,14014
25034,14015
25035,14016
25036,14017
25037,14018
25038,14019
25039,14020
25040,14021
25041,14022
25042,14023
25043,14024
25044,14025
25045,14026
25047,14027
25048,14028
25053,14029
25054,14030
25055,14031
25056,14032
25057,14033
25058,14034
25059,14035
25060,14036
25061,14037
25062,14038
25063,14039
25064,14040
25065,14041
25066,14042
25067,14043
25068,14044
25069,14045
25070,14046
25071,14047
25072,14048
25073,14049
25074,14050
25075,14051
25076,14052
25077,14053
25078,14054
25079,14055
25080,14056
25081,14057
25082,14058
25083,14059
25084,14060
25085,14061
25086,14062
25087,14063
25088,14064
25089,14065
25091,14066
25092,14067
25093,14068
25094,14069
25095,14070
25096,14071
25097,14072
25098,14073
25099,14074
25100,14075
25101,14076
25102,14077
25103,14078
25104,14079
25105,14080
25106,14081
25107,14082
25108,14083
25109,14084
25110,14085
25111,14086
25112,14087
25113,14088
25114,14089
25115,14090
25116,14091
25117,14092
25118,14093
25119,14094
25120,14095
25121,14096
25122,14097
25123,14098
25124,14099
25125,14100
25126,14101
25127,14102
25128,14103
25129,14104
25130,14105
25131,14106
25132,14107
25133,14108
25134,14109
25135,14110
25136,14111
25137,14112
25138,14113
25139,14114
25140,14115
25141,14116
25142,14117
25143,14118
25144,14119
25145,14120
25146,14121
25147,14122
25148,14123
25149,14124
25150,14125
25151,14126
25152,14127
25153,14128
25154,14129
25155,14130
25156,14131
25157,14132
25158,14133
25159,14134
25160,14135
25161,14136
25162,14137
25163,14138
25164,14139
25165,14140
25166,14141
25167,14142
25168,14143
25169,14144
25170,14145
25171,14146
25172,14147
25173,14148
25174,14149
25175,14150
25176,14151
25177,14152
25178,14153
25179,14154
25180,14155
25181,14156
25182,14157
25184,14158
25185,14159
25186,14160
25187,14161
25188,14162
25190,14163
25191,14164
25192,14165
25193,14166
25194,14167
25195,14168
25196,14169
25197,14170
25198,14171
25199,14172
25200,14173
25201,14174
25202,14175
25203,14176
25204,14177
25205,14178
25206,14179
25207,14180
25208,14181
25209,14182
25210,14183
25211,14184
25212,14185
25213,14186
25214,14187
25215,14188
25216,14189
25217,14190
25218,14191
25219,14192
25221,14193
25222,14194
25223,14195
25224,14196
25225,14197
25226,14198
25230,14199
25231,14200
25232,14201
25233,14202
25234,14203
25235,14204
25236,14205
25237,14206
25238,14207
25239,14208
25241,14209
25242,14210
25243,14211
25244,14212
25245,14213
25246,14214
25247,14215
25248,14216
25249,14217
25250,14218
25251,14219
25252,14220
25253,14221
25254,14222
25255,14223
25256,14224
25257,14225
25258,14226
25259,14227
25260,14228
25261,14229
25262,14230
25263,14231
25264,14232
25265,14233
25266,14234
25267,14235
25268,14236
25269,14237
25270,14238
25271,14239
25272,14240
25273,14241
25274,14242
25275,14243
25276,14244
25277,14245
25278,14246
25279,14247
25280,14248
25281,14249
25282,14250
25283,14251
25284,14252
25285,14253
25286,14254
25287,14255
25288,14256
25289,14257
25290,14258
25291,14259
25292,14260
25293,14261
25294,14262
25295,14263
25296,14264
25297,14265
25298,14266
25299,14267
25300,14268
25301,14269
25302,14270
25303,14271
25304,14272
25305,14273
25306,14274
25307,14275
25308,14276
25309,14277
25310,14278
25311,14279
25312,14280
25313,14281
25314,14282
25317,14283
25318,14284
25319,14285
25320,14286
25321,14287
25322,14288
25323,14289
25324,14290
25325,14291
25326,14292
25327,14293
25328,14294
25329,14295
25330,14296
25331,14297
25332,14298
25333,14299
25334,14300
25335,14301
25336,14302
25337,14303
25341,14304
25342,14305
25343,14306
25344,14307
25345,14308
25346,14309
25347,14310
25348,14311
25349,14312
25350,14313
25351,14314
25352,14315
25353,14316
25354,14317
25355,14318
25356,14319
25357,14320
25358,14321
25359,14322
25360,14323
25361,14324
25362,14325
25363,14326
25364,14327
25365,14328
25366,14329
25367,14330
25368,14331
25369,14332
25370,14333
25371,14334
25372,14335
25373,14336
25374,14337
25375,14338
25376,14339
25377,14340
25378,14341
25379,14342
25380,14343
25381,14344
25382,14345
25383,14346
25384,14347
25385,14348
25386,14349
25387,14350
25389,14351
25390,14352
25391,14353
25392,14354
25393,14355
25394,14356
25395,14357
25396,14358
25397,14359
25398,14360
25399,14361
25400,14362
25401,14363
25402,14364
25403,14365
25404,14366
25405,14367
25406,14368
25407,14369
25408,14370
25409,14371
25410,14372
25411,14373
25412,14374
25413,14375
25414,14376
25415,14377
25416,14378
25417,14379
25418,14380
25419,14381
25420,14382
25421,14383
25422,14384
25423,14385
25424,14386
25425,14387
25426,14388
25427,14389
25428,14390
25430,14391
25431,14392
25432,14393
25434,14394
25435,14395
25436,14396
25437,14397
25438,14398
25439,14399
25440,14400
25441,14401
25442,14402
25443,14403
25444,14404
25445,14405
25446,14406
25447,14407
25448,14408
25449,14409
25450,14410
25451,14411
25452,14412
25453,14413
25454,14414
25455,14415
25456,14416
25457,14417
25458,14418
25459,14419
25460,14420
25461,14421
25462,14422
25463,14423
25464,14424
25465,14425
25466,14426
25467,14427
25468,14428
25469,14429
25470,14430
25471,14431
25472,14432
25473,14433
25474,14434
25475,14435
25476,14436
25477,14437
25478,14438
25479,14439
25480,14440
25481,14441
25482,14442
25483,14443
25484,14444
25485,14445
25486,14446
25487,14447
25488,14448
25489,14449
25490,14450
25491,14451
25492,14452
25493,14453
25494,14454
25495,14455
25496,14456
25497,14457
25498,14458
25499,14459
25500,14460
25501,14461
25502,14462
25503,14463
25504,14464
25505,14465
25506,14466
25507,14467
25508,14468
25509,14469
25510,14470
25511,14471
25512,14472
25513,14473
25514,14474
25515,14475
25516,14476
25517,14477
25518,14478
25523,14479
25524,14480
25525,14481
25526,14482
25527,14483
25528,14484
25529,14485
25530,14486
25531,14487
25532,14488
25533,14489
25534,14490
25535,14491
25536,14492
25537,14493
25538,14494
25539,14495
25540,14496
25541,14497
25542,14498
25543,14499
25544,14500
25545,14501
25546,14502
25547,14503
25548,14504
25549,14505
25550,14506
25551,14507
25557,14508
25563,14509
25569,14510
25570,14511
25571,14512
25572,14513
25573,14514
25574,14515
25575,14516
25576,14517
25577,14518
25578,14519
25579,14520
25580,14521
25581,14522
25582,14523
25583,14524
25584,14525
25585,14526
25586,14527
25587,14528
25588,14529
25589,14530
25590,14531
25591,14532
25592,14533
25593,14534
25594,14535
25595,14536
25596,14537
25597,14538
25598,14539
25599,14540
25600,14541
25601,14542
25603,14543
25604,14544
25605,14545
25606,14546
25607,14547
25608,14548
25609,14549
25610,14550
25611,14551
25612,14552
25613,14553
25614,14554
25615,14555
25616,14556
25617,14557
25618,14558
25619,14559
25620,14560
25621,14561
25622,14562
25623,14563
25624,14564
25625,14565
25626,14566
25627,14567
25628,14568
25629,14569
25630,14570
25631,14571
25632,14572
25633,14573
25634,14574
25635,14575
25636,14576
25637,14577
25638,14578
25639,14579
25640,14580
25641,14581
25642,14582
25643,14583
25644,14584
25645,14585
25646,14586
25647,14587
25648,14588
25649,14589
25650,14590
25651,14591
25652,14592
25653,14593
25654,14594
25655,14595
25656,14596
25657,14597
25658,14598
25659,14599
25660,14600
25661,14601
25662,14602
25663,14603
25664,14604
25665,14605
25666,14606
25667,14607
25668,14608
25669,14609
25670,14610
25671,14611
25672,14612
25673,14613
25674,14614
25675,14615
25676,14616
25677,14617
25678,14618
25679,14619
25680,14620
25681,14621
25682,14622
25683,14623
25684,14624
25685,14625
25686,14626
25687,14627
25688,14628
25689,14629
25690,14630
25691,14631
25692,14632
25693,14633
25694,14634
25695,14635
25696,14636
25697,14637
25698,14638
25699,14639
25700,14640
25701,14641
25702,14642
25703,14643
25704,14644
25705,14645
25706,14646
25707,14647
25708,14648
25709,14649
25710,14650
25711,14651
25712,14652
25713,14653
25714,14654
25715,14655
25716,14656
25717,14657
25718,14658
25719,14659
25720,14660
25721,14661
25722,14662
25723,14663
25724,14664
25725,14665
25726,14666
25727,14667
25728,14668
25729,14669
25730,14670
25731,14671
25733,14672
25734,14673
25735,14674
25736,14675
25737,14676
25738,14677
25739,14678
25740,14679
25741,14680
25742,14681
25743,14682
25744,14683
25745,14684
25746,14685
25747,14686
25748,14687
25749,14688
25750,14689
25751,14690
25752,14691
25753,14692
25754,14693
25755,14694
25756,14695
25757,14696
25758,14697
25759,14698
25760,14699
25761,14700
25762,14701
25763,14702
25764,14703
25765,14704
25766,14705
25767,14706
25768,14707
25769,14708
25770,14709
25771,14710
25772,14711
25773,14712
25774,14713
25775,14714
25776,14715
25777,14716
25778,14717
25779,14718
25780,14719
25781,14720
25782,14721
25783,14722
25784,14723
25785,14724
25786,14725
25787,14726
25788,14727
25789,14728
25790,14729
25791,14730
25792,14731
25793,14732
25794,14733
25796,14734
25797,14735
25798,14736
25799,14737
25800,14738
25801,14739
25802,14740
25803,14741
25804,14742
25805,14743
25806,14744
25807,14745
25808,14746
25809,14747
25810,14748
25811,14749
25812,14750
25813,14751
25814,14752
25815,14753
25816,14754
25817,14755
25818,14756
25819,14757
25820,14758
25821,14759
25822,14760
25823,14761
25825,14762
25826,14763
25827,14764
25828,14765
25829,14766
25830,14767
25832,14768
25833,14769
25834,14770
25835,14771
25836,14772
25837,14773
25838,14774
25842,14775
25843,14776
25844,14777
25845,14778
25846,14779
25847,14780
25848,14781
25849,14782
25850,14783
25851,14784
25852,14785
25853,14786
25854,14787
25855,14788
25856,14789
25857,14790
25858,14791
25859,14792
25860,14793
25861,14794
25862,14795
25863,14796
25864,14797
25865,14798
25866,14799
25867,14800
25868,14801
25869,14802
25870,14803
25872,14804
25873,14805
25874,14806
25875,14807
25876,14808
25877,14809
25878,14810
25879,14811
25880,14812
25881,14813
25882,14814
25883,14815
25884,14816
25885,14817
25886,14818
25887,14819
25888,14820
25889,14821
25890,14822
25891,14823
25892,14824
25893,14825
25896,14826
25897,14827
25898,14828
25899,14829
25900,14830
25901,14831
25902,14832
25903,14833
25904,14834
25905,14835
25906,14836
25907,14837
25908,14838
25909,14839
25910,14840
25911,14841
25912,14842
25913,14843
25914,14844
25915,14845
25916,14846
25917,14847
25918,14848
25919,14849
25920,14850
25921,14851
25922,14852
25923,14853
25924,14854
25925,14855
25926,14856
25927,14857
25928,14858
25929,14859
25930,14860
25931,14861
25932,14862
25933,14863
25934,14864
25935,14865
25937,14866
25938,14867
25939,14868
25940,14869
25941,14870
25942,14871
25943,14872
25944,14873
25945,14874
25947,14875
25948,14876
25950,14877
25951,14878
25952,14879
25953,14880
25954,14881
25955,14882
25956,14883
25957,14884
25958,14885
25959,14886
25963,14887
25964,14888
25969,14889
25970,14890
25972,14891
25974,14892
25975,14893
25977,14894
25982,14895
25985,14896
25986,14897
25988,14898
25992,14899
25993,14900
25994,14901
25995,14902
25996,14903
25997,14904
25998,14905
25999,14906
26000,14907
26001,14908
26002,14909
26003,14910
26004,14911
26005,14912
26007,14913
26008,14914
26015,14915
26021,14916
26032,14917
26033,14918
26036,14919
26037,14920
26038,14921
26039,14922
26040,14923
26041,14924
26042,14925
26045,14926
26046,14927
26051,14928
26052,14929
26053,14930
26054,14931
26055,14932
26056,14933
26057,14934
26058,14935
26059,14936
26060,14937
26061,14938
26062,14939
26063,14940
26064,14941
26065,14942
26066,14943
26067,14944
26068,14945
26069,14946
26070,14947
26071,14948
26073,14949
26074,14950
26075,14951
26076,14952
26078,14953
26079,14954
26080,14955
26081,14956
26082,14957
26083,14958
26084,14959
26085,14960
26086,14961
26087,14962
26089,14963
26090,14964
26091,14965
26092,14966
26095,14967
26098,14968
26100,14969
26101,14970
26102,14971
26103,14972
26104,14973
26105,14974
26107,14975
26108,14976
26109,14977
26110,14978
26112,14979
26114,14980
26115,14981
26116,14982
26117,14983
26118,14984
26119,14985
26123,14986
26124,14987
26126,14988
26127,14989
26128,14990
26129,14991
26130,14992
26132,14993
26133,14994
26134,14995
26135,14996
26136,14997
26137,14998
26138,14999
26139,15000
26140,15001
26142,15002
26143,15003
26144,15004
26145,15005
26146,15006
26147,15007
26148,15008
26149,15009
26152,15010
26153,15011
26154,15012
26155,15013
26156,15014
26157,15015
26158,15016
26159,15017
26160,15018
26161,15019
26162,15020
26163,15021
26165,15022
26166,15023
26167,15024
26168,15025
26169,15026
26170,15027
26171,15028
26172,15029
26173,15030
26174,15031
26175,15032
26176,15033
26177,15034
26178,15035
26179,15036
26180,15037
26181,15038
26182,15039
26183,15040
26184,15041
26185,15042
26186,15043
26187,15044
26188,15045
26189,15046
26190,15047
26191,15048
26192,15049
26193,15050
26194,15051
26195,15052
26196,15053
26197,15054
26198,15055
26199,15056
26200,15057
26201,15058
26202,15059
26203,15060
26204,15061
26205,15062
26206,15063
26207,15064
26208,15065
26209,15066
26210,15067
26211,15068
26212,15069
26213,15070
26214,15071
26217,15072
26218,15073
26219,15074
26220,15075
26221,15076
26222,15077
26223,15078
26224,15079
26225,15080
26226,15081
26227,15082
26228,15083
26229,15084
26230,15085
26231,15086
26232,15087
26233,15088
26234,15089
26235,15090
26236,15091
26237,15092
26238,15093
26239,15094
26240,15095
26242,15096
26243,15097
26244,15098
26245,15099
26246,15100
26247,15101
26248,15102
26249,15103
26250,15104
26252,15105
26253,15106
26254,15107
26255,15108
26256,15109
26257,15110
26258,15111
26259,15112
26260,15113
26261,15114
26262,15115
26263,15116
26264,15117
26265,15118
26266,15119
26267,15120
26268,15121
26269,15122
26270,15123
26271,15124
26272,15125
26273,15126
26274,15127
26275,15128
26276,15129
26277,15130
26279,15131
26280,15132
26281,15133
26282,15134
26283,15135
26285,15136
26286,15137
26287,15138
26289,15139
26292,15140
26294,15141
26295,15142
26296,15143
26297,15144
26298,15145
26302,15146
26303,15147
26304,15148
26305,15149
26306,15150
26307,15151
26308,15152
26309,15153
26310,15154
26311,15155
26312,15156
26313,15157
26314,15158
26315,15159
26316,15160
26317,15161
26318,15162
26319,15163
26321,15164
26322,15165
26324,15166
26326,15167
26327,15168
26328,15169
26331,15170
26334,15171
26335,15172
26336,15173
26337,15174
26338,15175
26339,15176
26340,15177
26341,15178
26342,15179
26343,15180
