hyperedge_id,source_nodes,target_nodes,source_size,target_size,reaction_id,sign,control_id
1,6714|8079|8408,8081|8410,3,2,http://www.reactome.org/biopax/96/56210#BiochemicalReaction2761,1,http://www.reactome.org/biopax/96/56210#Catalysis1615
2,4326|7815|9252,7817|9457|9515,3,3,http://www.reactome.org/biopax/96/56210#BiochemicalReaction4263,1,http://www.reactome.org/biopax/96/56210#Catalysis2548
3,1791|8205|8223,8262|8974,3,2,http://www.reactome.org/biopax/96/56210#BiochemicalReaction2600,1,http://www.reactome.org/biopax/96/56210#Catalysis1463
4,1613|7733|8045,1602|8395|8974|9515,3,4,http://www.reactome.org/biopax/96/56210#BiochemicalReaction197,1,http://www.reactome.org/biopax/96/56210#Catalysis112
5,2093|8734|9002|9136|9156,8733|9025|9135,5,3,http://www.reactome.org/biopax/96/56210#BiochemicalReaction3154,1,http://www.reactome.org/biopax/96/56210#Catalysis1973
6,2219|8974|9308,8476,3,1,http://www.reactome.org/biopax/96/56210#BiochemicalReaction3362,1,http://www.reactome.org/biopax/96/56210#Catalysis2180
7,2233|2235|8045,2234|8395,3,2,http://www.reactome.org/biopax/96/56210#BiochemicalReaction3373,1,http://www.reactome.org/biopax/96/56210#Catalysis2184
8,2197|8045|8962|9490,8395|8476|8927,4,3,http://www.reactome.org/biopax/96/56210#BiochemicalReaction3338,1,http://www.reactome.org/biopax/96/56210#Catalysis2156
9,5337|9131,9132,2,1,http://www.reactome.org/biopax/96/56210#BiochemicalReaction269,1,http://www.reactome.org/biopax/96/56210#Catalysis153
10,28|8259,29|8270,2,2,http://www.reactome.org/biopax/96/56210#BiochemicalReaction804,1,http://www.reactome.org/biopax/96/56210#Catalysis522
11,7554|8381|8382|8383,8384|8385,4,2,http://www.reactome.org/biopax/96/56210#BiochemicalReaction2735,1,http://www.reactome.org/biopax/96/56210#Catalysis1591
12,2088|8726|9515,8162|8728,3,2,http://www.reactome.org/biopax/96/56210#BiochemicalReaction3227,1,http://www.reactome.org/biopax/96/56210#Catalysis2046
13,96|1246|8134,321|9138,3,2,http://www.reactome.org/biopax/96/56210#BiochemicalReaction1808,1,http://www.reactome.org/biopax/96/56210#Catalysis901
14,6336|9432|9453,9433|9454,3,2,http://www.reactome.org/biopax/96/56210#BiochemicalReaction573,1,http://www.reactome.org/biopax/96/56210#Catalysis382
15,6268|9170|9193,8542|9194,3,2,http://www.reactome.org/biopax/96/56210#BiochemicalReaction454,1,http://www.reactome.org/biopax/96/56210#Catalysis266
16,2328|2336|8045,2339|8395,3,2,http://www.reactome.org/biopax/96/56210#BiochemicalReaction3476,1,http://www.reactome.org/biopax/96/56210#Catalysis2234
17,2229|2231,2227|8476,2,2,http://www.reactome.org/biopax/96/56210#BiochemicalReaction3398,1,http://www.reactome.org/biopax/96/56210#Catalysis2202
18,5959|5961|9270,5960|9272,3,2,http://www.reactome.org/biopax/96/56210#BiochemicalReaction4737,1,http://www.reactome.org/biopax/96/56210#Catalysis2727
20,1846|8374|8375,8376|8974,3,2,http://www.reactome.org/biopax/96/56210#BiochemicalReaction2730,1,http://www.reactome.org/biopax/96/56210#Catalysis1587
21,5065|8045|8397|9148,8398|8938|8974,4,3,http://www.reactome.org/biopax/96/56210#BiochemicalReaction2751,1,http://www.reactome.org/biopax/96/56210#Catalysis1605
22,153|8303,45|154|155|6606|8313,2,5,http://www.reactome.org/biopax/96/56210#BiochemicalReaction918,1,http://www.reactome.org/biopax/96/56210#Catalysis584
23,2251|5276|5303,2252|5291,3,2,http://www.reactome.org/biopax/96/56210#BiochemicalReaction3388,1,http://www.reactome.org/biopax/96/56210#Catalysis2192
24,4076|9399,9400,2,1,http://www.reactome.org/biopax/96/56210#BiochemicalReaction545,1,http://www.reactome.org/biopax/96/56210#Catalysis354
25,5140|8513|9002|9161,8514|9014|9159,4,3,http://www.reactome.org/biopax/96/56210#BiochemicalReaction2913,1,http://www.reactome.org/biopax/96/56210#Control277
26,5267|8912|9308,8913,3,1,http://www.reactome.org/biopax/96/56210#BiochemicalReaction3323,1,http://www.reactome.org/biopax/96/56210#Catalysis2141
28,330|8303,331|8313,2,2,http://www.reactome.org/biopax/96/56210#BiochemicalReaction1032,1,http://www.reactome.org/biopax/96/56210#Catalysis623
29,5986|9006|9453,9035|9446,3,2,http://www.reactome.org/biopax/96/56210#BiochemicalReaction4774,1,http://www.reactome.org/biopax/96/56210#Catalysis2764
30,4768|4891|9437,4769|7902|9219,3,3,http://www.reactome.org/biopax/96/56210#BiochemicalReaction2344,1,http://www.reactome.org/biopax/96/56210#Catalysis1214
32,2287|8045,2437|8395,2,2,http://www.reactome.org/biopax/96/56210#BiochemicalReaction3585,1,http://www.reactome.org/biopax/96/56210#Catalysis2279
33,1890|7986|8496|9515,7977|8497,4,2,http://www.reactome.org/biopax/96/56210#BiochemicalReaction2858,1,http://www.reactome.org/biopax/96/56210#Catalysis1703
34,2192|9284|9439,8917|9441,3,2,http://www.reactome.org/biopax/96/56210#BiochemicalReaction3331,1,http://www.reactome.org/biopax/96/56210#Catalysis2149
35,6793|7012,5840,2,1,http://www.reactome.org/biopax/96/56210#BiochemicalReaction4511,1,http://www.reactome.org/biopax/96/56210#Catalysis2644
36,1335|7246|8259,4668|8270,3,2,http://www.reactome.org/biopax/96/56210#BiochemicalReaction1890,-1,http://www.reactome.org/biopax/96/56210#Control177
37,1923|9159|9317,7856|9002|9161,3,3,http://www.reactome.org/biopax/96/56210#BiochemicalReaction2900,1,http://www.reactome.org/biopax/96/56210#Catalysis1742
38,1976|7772,1977,2,1,http://www.reactome.org/biopax/96/56210#BiochemicalReaction2942,1,http://www.reactome.org/biopax/96/56210#Control287
39,5994|9011|9050,9051|9052,3,2,http://www.reactome.org/biopax/96/56210#BiochemicalReaction4786,1,http://www.reactome.org/biopax/96/56210#Control436
40,5174|8636,8637,2,1,http://www.reactome.org/biopax/96/56210#BiochemicalReaction3040,1,http://www.reactome.org/biopax/96/56210#Catalysis1862
41,2434|8045,2435|8395,2,2,http://www.reactome.org/biopax/96/56210#BiochemicalReaction3582,1,http://www.reactome.org/biopax/96/56210#Catalysis2277
42,3514|8134,3515|9138,2,2,http://www.reactome.org/biopax/96/56210#BiochemicalReaction4602,1,http://www.reactome.org/biopax/96/56210#Catalysis2675
43,557|558|6793,559,3,1,http://www.reactome.org/biopax/96/56210#BiochemicalReaction1262,1,http://www.reactome.org/biopax/96/56210#Catalysis724
44,5234|9121|9308,5238|8476,3,2,http://www.reactome.org/biopax/96/56210#BiochemicalReaction254,1,http://www.reactome.org/biopax/96/56210#Control26
45,1879|8045|9400,1880|1881,3,2,http://www.reactome.org/biopax/96/56210#BiochemicalReaction2846,1,http://www.reactome.org/biopax/96/56210#Control245
46,7530|7534|8259,7535|8270,3,2,http://www.reactome.org/biopax/96/56210#BiochemicalReaction1965,1,http://www.reactome.org/biopax/96/56210#Catalysis982
47,3625|5917|8134,3626|5913|9138,3,3,http://www.reactome.org/biopax/96/56210#BiochemicalReaction4662,1,http://www.reactome.org/biopax/96/56210#Catalysis2699
48,1654|7708,1656,2,1,http://www.reactome.org/biopax/96/56210#BiochemicalReaction2231,1,http://www.reactome.org/biopax/96/56210#Catalysis1109
49,2690|8045,2691|8395,2,2,http://www.reactome.org/biopax/96/56210#BiochemicalReaction3798,1,http://www.reactome.org/biopax/96/56210#Catalysis2362
51,5263|7770|8062|8903|9256,8064|8904|9246,5,3,http://www.reactome.org/biopax/96/56210#BiochemicalReaction3314,1,http://www.reactome.org/biopax/96/56210#Catalysis2132
52,1750|8099|8102|9002,8103|8104,4,2,http://www.reactome.org/biopax/96/56210#BiochemicalReaction2487,1,http://www.reactome.org/biopax/96/56210#Catalysis1352
53,1690|4731|9436,4732|7902|9219,3,3,http://www.reactome.org/biopax/96/56210#BiochemicalReaction2297,1,http://www.reactome.org/biopax/96/56210#Catalysis1174
54,4113|9485|9515,9144|9321,3,2,http://www.reactome.org/biopax/96/56210#BiochemicalReaction616,1,http://www.reactome.org/biopax/96/56210#Catalysis419
55,442|2614|8134,443|9138,3,2,http://www.reactome.org/biopax/96/56210#BiochemicalReaction3731,1,http://www.reactome.org/biopax/96/56210#Catalysis2331
56,306|2443|8045,305|8395,3,2,http://www.reactome.org/biopax/96/56210#BiochemicalReaction1021,1,http://www.reactome.org/biopax/96/56210#Catalysis618
58,6239|8045|8540|8857|9308,8938|8962|8974|9450|9515,5,5,http://www.reactome.org/biopax/96/56210#BiochemicalReaction2956,1,http://www.reactome.org/biopax/96/56210#Catalysis1779
60,5387|5388|8045,5389|8395,3,2,http://www.reactome.org/biopax/96/56210#BiochemicalReaction3510,1,http://www.reactome.org/biopax/96/56210#Catalysis2250
61,4870|4872|8999|9002,4871|9014|9025,4,3,http://www.reactome.org/biopax/96/56210#BiochemicalReaction202,1,http://www.reactome.org/biopax/96/56210#Control20
62,808|1450|8259,1451|8270,3,2,http://www.reactome.org/biopax/96/56210#BiochemicalReaction2016,1,http://www.reactome.org/biopax/96/56210#Catalysis1014
63,4978|8251|9269,8252|8253,3,2,http://www.reactome.org/biopax/96/56210#BiochemicalReaction2593,1,http://www.reactome.org/biopax/96/56210#Catalysis1456
64,279|6710,281,2,1,http://www.reactome.org/biopax/96/56210#BiochemicalReaction1002,1,http://www.reactome.org/biopax/96/56210#Control103
65,4006|4007|4009,4011,3,1,http://www.reactome.org/biopax/96/56210#BiochemicalReaction388,1,http://www.reactome.org/biopax/96/56210#Control41
66,1743|8946,8947|9169,2,2,http://www.reactome.org/biopax/96/56210#BiochemicalReaction3350,1,http://www.reactome.org/biopax/96/56210#Catalysis2168
67,2634,2636|8476,1,2,http://www.reactome.org/biopax/96/56210#BiochemicalReaction3751,1,http://www.reactome.org/biopax/96/56210#Catalysis2340
69,6272|8542|9242,9170|9243,3,2,http://www.reactome.org/biopax/96/56210#BiochemicalReaction457,1,http://www.reactome.org/biopax/96/56210#Catalysis269
71,4280|8259,4281|6449|8270,2,3,http://www.reactome.org/biopax/96/56210#BiochemicalReaction782,1,http://www.reactome.org/biopax/96/56210#Catalysis509
73,7722|7986|9400|9515,7872|7977,4,2,http://www.reactome.org/biopax/96/56210#BiochemicalReaction2265,1,http://www.reactome.org/biopax/96/56210#Catalysis1142
74,5079|7986|8146|8453|9515,7977|8454|9308,5,3,http://www.reactome.org/biopax/96/56210#BiochemicalReaction2805,1,http://www.reactome.org/biopax/96/56210#Catalysis1656
75,5995|9011|9054,9051|9055,3,2,http://www.reactome.org/biopax/96/56210#BiochemicalReaction4789,1,http://www.reactome.org/biopax/96/56210#Catalysis2779
76,4737|4739|9440,4738|9219|9438,3,3,http://www.reactome.org/biopax/96/56210#BiochemicalReaction2301,1,http://www.reactome.org/biopax/96/56210#Catalysis1178
77,4913|7786|7975|8259,7976|8270,4,2,http://www.reactome.org/biopax/96/56210#BiochemicalReaction2388,1,http://www.reactome.org/biopax/96/56210#Catalysis1255
78,5012|8310|9308,8214|8311,3,2,http://www.reactome.org/biopax/96/56210#BiochemicalReaction2674,1,http://www.reactome.org/biopax/96/56210#Catalysis1535
79,204|345,205,2,1,http://www.reactome.org/biopax/96/56210#BiochemicalReaction946,1,http://www.reactome.org/biopax/96/56210#Control77
80,316|319|6863,438|6760,3,2,http://www.reactome.org/biopax/96/56210#BiochemicalReaction1143,-1,http://www.reactome.org/biopax/96/56210#Control127
81,371|4512|9308,9573|9574|9579,3,3,http://www.reactome.org/biopax/96/56210#BiochemicalReaction1067,1,http://www.reactome.org/biopax/96/56210#Catalysis644
82,1350|7475|8281,722|8287,3,2,http://www.reactome.org/biopax/96/56210#BiochemicalReaction1909,1,http://www.reactome.org/biopax/96/56210#Catalysis947
83,2730|6793,2731,2,1,http://www.reactome.org/biopax/96/56210#BiochemicalReaction3839,1,http://www.reactome.org/biopax/96/56210#Catalysis2382
84,1680|7894|9252|9308,9312|9457|9515,4,3,http://www.reactome.org/biopax/96/56210#BiochemicalReaction3318,1,http://www.reactome.org/biopax/96/56210#Catalysis2136
85,5973|8196|9009,9010|9148,3,2,http://www.reactome.org/biopax/96/56210#BiochemicalReaction4751,1,http://www.reactome.org/biopax/96/56210#Catalysis2741
86,1746|8164|8405,8165|8167|8407,3,3,http://www.reactome.org/biopax/96/56210#BiochemicalReaction2758,1,http://www.reactome.org/biopax/96/56210#Catalysis1612
87,1756|8133,8135,2,1,http://www.reactome.org/biopax/96/56210#BiochemicalReaction2508,1,http://www.reactome.org/biopax/96/56210#Catalysis1373
88,2105|8759|9025|9159,7781|9002|9135|9161,4,4,http://www.reactome.org/biopax/96/56210#BiochemicalReaction3183,1,http://www.reactome.org/biopax/96/56210#Catalysis2002
89,3580|8045,3566|8395,2,2,http://www.reactome.org/biopax/96/56210#BiochemicalReaction4642,1,http://www.reactome.org/biopax/96/56210#Catalysis2688
90,5216|8019|8756|9025|9159,7854|8752|9002|9161,5,4,http://www.reactome.org/biopax/96/56210#BiochemicalReaction3179,1,http://www.reactome.org/biopax/96/56210#Catalysis1998
91,2573|5507|6793,2574,3,1,http://www.reactome.org/biopax/96/56210#BiochemicalReaction3703,-1,http://www.reactome.org/biopax/96/56210#Control342
92,4337|5759|9308,5760|8991,3,2,http://www.reactome.org/biopax/96/56210#BiochemicalReaction4333,1,http://www.reactome.org/biopax/96/56210#Catalysis2569
93,5062|8423|9252,8424|9457|9515,3,3,http://www.reactome.org/biopax/96/56210#BiochemicalReaction2773,1,http://www.reactome.org/biopax/96/56210#Catalysis1627
94,114,115|8395,1,2,http://www.reactome.org/biopax/96/56210#BiochemicalReaction852,1,http://www.reactome.org/biopax/96/56210#Catalysis544
95,2787|8045,2788|8395,2,2,http://www.reactome.org/biopax/96/56210#BiochemicalReaction3876,1,http://www.reactome.org/biopax/96/56210#Catalysis2399
97,473|4085,474|6793,2,2,http://www.reactome.org/biopax/96/56210#BiochemicalReaction1175,1,http://www.reactome.org/biopax/96/56210#Catalysis696
98,2113|8772|9457|9515,9124|9252,4,2,http://www.reactome.org/biopax/96/56210#BiochemicalReaction3196,1,http://www.reactome.org/biopax/96/56210#Catalysis2015
100,1976|9450,1977,2,1,http://www.reactome.org/biopax/96/56210#BiochemicalReaction2942,1,http://www.reactome.org/biopax/96/56210#Control288
101,1966|8521|8962|9515,9002|9135|9397,4,3,http://www.reactome.org/biopax/96/56210#BiochemicalReaction2927,1,http://www.reactome.org/biopax/96/56210#Catalysis1756
102,2232|5291|8045,5293|8395,3,2,http://www.reactome.org/biopax/96/56210#BiochemicalReaction3371,1,http://www.reactome.org/biopax/96/56210#Catalysis2183
103,396|8045,396|8395,2,2,http://www.reactome.org/biopax/96/56210#BiochemicalReaction1106,1,http://www.reactome.org/biopax/96/56210#Catalysis668
104,3252|5751|9270,5755|9272,3,2,http://www.reactome.org/biopax/96/56210#BiochemicalReaction4330,-1,http://www.reactome.org/biopax/96/56210#Control401
105,1362|7512|8322,1365|8331,3,2,http://www.reactome.org/biopax/96/56210#BiochemicalReaction1925,1,http://www.reactome.org/biopax/96/56210#Catalysis957
106,5249|9146|9258,8850|9148|9515,3,3,http://www.reactome.org/biopax/96/56210#BiochemicalReaction3267,1,http://www.reactome.org/biopax/96/56210#Catalysis2086
107,3363|6864|8045,3364|8395,3,2,http://www.reactome.org/biopax/96/56210#BiochemicalReaction4469,1,http://www.reactome.org/biopax/96/56210#Catalysis2629
108,6335|9447|9448,9449|9450,3,2,http://www.reactome.org/biopax/96/56210#BiochemicalReaction570,1,http://www.reactome.org/biopax/96/56210#Catalysis379
109,3748|6701|8146|8152,5964|8162|8171,4,3,http://www.reactome.org/biopax/96/56210#BiochemicalReaction4740,1,http://www.reactome.org/biopax/96/56210#Catalysis2730
110,6252|9170|9219,9220|9515,3,2,http://www.reactome.org/biopax/96/56210#BiochemicalReaction434,1,http://www.reactome.org/biopax/96/56210#Catalysis246
111,5376|8956,8476|9566,2,2,http://www.reactome.org/biopax/96/56210#BiochemicalReaction3499,1,http://www.reactome.org/biopax/96/56210#Catalysis2244
112,338|4085,337|6793,2,2,http://www.reactome.org/biopax/96/56210#BiochemicalReaction1038,1,http://www.reactome.org/biopax/96/56210#Catalysis627
113,51|52|6474,55|6473,3,2,http://www.reactome.org/biopax/96/56210#BiochemicalReaction816,1,http://www.reactome.org/biopax/96/56210#Catalysis528
114,1910|5104|9308,5103|8476,3,2,http://www.reactome.org/biopax/96/56210#BiochemicalReaction2883,1,http://www.reactome.org/biopax/96/56210#Catalysis1726
115,5269|9308|9441,8476|8938,3,2,http://www.reactome.org/biopax/96/56210#BiochemicalReaction3333,1,http://www.reactome.org/biopax/96/56210#Catalysis2151
116,4078|9399,9400,2,1,http://www.reactome.org/biopax/96/56210#BiochemicalReaction547,1,http://www.reactome.org/biopax/96/56210#Catalysis356
117,5554|8542|9142|9143,9144|9145|9170,4,3,http://www.reactome.org/biopax/96/56210#BiochemicalReaction280,1,http://www.reactome.org/biopax/96/56210#Catalysis163
119,686|7116|8259,693|8270,3,2,http://www.reactome.org/biopax/96/56210#BiochemicalReaction1387,1,http://www.reactome.org/biopax/96/56210#Catalysis758
120,2216|7854|9002,9025|9562,3,2,http://www.reactome.org/biopax/96/56210#BiochemicalReaction3360,1,http://www.reactome.org/biopax/96/56210#Catalysis2178
121,982|990|997|1010|1100,1042|1061|1073|1083,5,4,http://www.reactome.org/biopax/96/56210#BiochemicalReaction162,1,http://www.reactome.org/biopax/96/56210#Control12
122,7737|7986|8966,7977|8967,3,2,http://www.reactome.org/biopax/96/56210#BiochemicalReaction200,1,http://www.reactome.org/biopax/96/56210#Catalysis113
123,5025|8045|8328,8329|8395|9515,3,3,http://www.reactome.org/biopax/96/56210#BiochemicalReaction2687,1,http://www.reactome.org/biopax/96/56210#Catalysis1548
124,2234|2235|8045,2236|8395,3,2,http://www.reactome.org/biopax/96/56210#BiochemicalReaction3374,1,http://www.reactome.org/biopax/96/56210#Catalysis2185
125,7178|8564|8566,7182|8565|9308,3,3,http://www.reactome.org/biopax/96/56210#BiochemicalReaction2980,-1,http://www.reactome.org/biopax/96/56210#Control297
126,1903|5110|7855|9002,5111|9562,4,2,http://www.reactome.org/biopax/96/56210#BiochemicalReaction2875,1,http://www.reactome.org/biopax/96/56210#Catalysis1719
127,443|3266|5766,3267,3,1,http://www.reactome.org/biopax/96/56210#BiochemicalReaction4352,1,http://www.reactome.org/biopax/96/56210#Control405
129,3411|5844|8045,5845|8395,3,2,http://www.reactome.org/biopax/96/56210#BiochemicalReaction4526,-1,http://www.reactome.org/biopax/96/56210#Control420
130,1977|8527,1976,2,1,http://www.reactome.org/biopax/96/56210#BiochemicalReaction2943,1,http://www.reactome.org/biopax/96/56210#Control289
131,3075|8542,9170,2,1,http://www.reactome.org/biopax/96/56210#BiochemicalReaction313,1,http://www.reactome.org/biopax/96/56210#Catalysis189
132,7333,7299|7334,1,2,http://www.reactome.org/biopax/96/56210#BiochemicalReaction1685,1,http://www.reactome.org/biopax/96/56210#Catalysis849
133,1885|2022,1982|8476,2,2,http://www.reactome.org/biopax/96/56210#BiochemicalReaction220,1,http://www.reactome.org/biopax/96/56210#Control22
134,4095|8045|9308|9515,8395|8476|9465,4,3,http://www.reactome.org/biopax/96/56210#BiochemicalReaction590,1,http://www.reactome.org/biopax/96/56210#Catalysis396
135,1689|7896|7930,7897|7931,3,2,http://www.reactome.org/biopax/96/56210#BiochemicalReaction2354,1,http://www.reactome.org/biopax/96/56210#Catalysis1221
136,1790|9530,1787|9196,2,2,http://www.reactome.org/biopax/96/56210#BiochemicalReaction2586,1,http://www.reactome.org/biopax/96/56210#Catalysis1449
137,1660|1670|1675|1965|4637|4864|5155,1621|1955,7,2,http://www.reactome.org/biopax/96/56210#BiochemicalReaction2926,1,http://www.reactome.org/biopax/96/56210#Control282
138,4912|7967|8259,7786|7968|8270,3,3,http://www.reactome.org/biopax/96/56210#BiochemicalReaction2382,1,http://www.reactome.org/biopax/96/56210#Catalysis1249
139,1746|8123|8170,8172,3,1,http://www.reactome.org/biopax/96/56210#BiochemicalReaction2527,1,http://www.reactome.org/biopax/96/56210#Catalysis1390
140,2363|5378|8045,5382|5384|8395,3,3,http://www.reactome.org/biopax/96/56210#BiochemicalReaction3504,1,http://www.reactome.org/biopax/96/56210#Catalysis2247
141,762|8610|9308,8540|8974|9515,3,3,http://www.reactome.org/biopax/96/56210#BiochemicalReaction3018,1,http://www.reactome.org/biopax/96/56210#Catalysis1840
142,7607|8672|9515,8671|9149,3,2,http://www.reactome.org/biopax/96/56210#BiochemicalReaction3091,1,http://www.reactome.org/biopax/96/56210#Catalysis1912
143,3089|6793,3090,2,1,http://www.reactome.org/biopax/96/56210#BiochemicalReaction4167,1,http://www.reactome.org/biopax/96/56210#Catalysis2500
144,754|808,754,2,1,http://www.reactome.org/biopax/96/56210#BiochemicalReaction2021,1,http://www.reactome.org/biopax/96/56210#Catalysis1019
145,3927|4019,3928|6810,2,2,http://www.reactome.org/biopax/96/56210#BiochemicalReaction4962,1,http://www.reactome.org/biopax/96/56210#Catalysis2889
146,758|8303,767|8313,2,2,http://www.reactome.org/biopax/96/56210#BiochemicalReaction1434,1,http://www.reactome.org/biopax/96/56210#Catalysis775
147,7663|7725|8045,7723|8270,3,2,http://www.reactome.org/biopax/96/56210#BiochemicalReaction194,1,http://www.reactome.org/biopax/96/56210#Catalysis110
148,5163|8045|8938,8395,3,1,http://www.reactome.org/biopax/96/56210#BiochemicalReaction2968,1,http://www.reactome.org/biopax/96/56210#Catalysis1790
149,2377|5397,5395|8476,2,2,http://www.reactome.org/biopax/96/56210#BiochemicalReaction3526,1,http://www.reactome.org/biopax/96/56210#Catalysis2257
150,2791|8045,2792|8395,2,2,http://www.reactome.org/biopax/96/56210#BiochemicalReaction3880,1,http://www.reactome.org/biopax/96/56210#Catalysis2401
151,557|3162|6793,3163,3,1,http://www.reactome.org/biopax/96/56210#BiochemicalReaction4246,1,http://www.reactome.org/biopax/96/56210#Catalysis2540
152,6353|9121|9472,9473|9515,3,2,http://www.reactome.org/biopax/96/56210#BiochemicalReaction601,1,http://www.reactome.org/biopax/96/56210#Catalysis405
153,6357|8045|9308|9477,8395|8476|9478,4,3,http://www.reactome.org/biopax/96/56210#BiochemicalReaction606,1,http://www.reactome.org/biopax/96/56210#Catalysis410
154,195|6666|8259,196|9545,3,2,http://www.reactome.org/biopax/96/56210#BiochemicalReaction943,1,http://www.reactome.org/biopax/96/56210#Catalysis593
155,769|8303,770|8313,2,2,http://www.reactome.org/biopax/96/56210#BiochemicalReaction1436,1,http://www.reactome.org/biopax/96/56210#Catalysis776
156,4981|8254|8260,8261|9167,3,2,http://www.reactome.org/biopax/96/56210#BiochemicalReaction2599,1,http://www.reactome.org/biopax/96/56210#Catalysis1462
157,5235|6140|6142,4955|6141|9002,3,3,http://www.reactome.org/biopax/96/56210#BiochemicalReaction4968,1,http://www.reactome.org/biopax/96/56210#Catalysis2892
158,96|2815|8134,321|9138,3,2,http://www.reactome.org/biopax/96/56210#BiochemicalReaction3907,1,http://www.reactome.org/biopax/96/56210#Catalysis2413
159,7614|7824|9308,7825|7826|9515,3,3,http://www.reactome.org/biopax/96/56210#BiochemicalReaction2110,1,http://www.reactome.org/biopax/96/56210#Control185
160,1823|8323,8324,2,1,http://www.reactome.org/biopax/96/56210#BiochemicalReaction2685,1,http://www.reactome.org/biopax/96/56210#Catalysis1546
161,5156|8542|9121,9166|9170,3,2,http://www.reactome.org/biopax/96/56210#BiochemicalReaction436,-1,http://www.reactome.org/biopax/96/56210#Control44
162,898|7754|7756|8259|9551,900,5,1,http://www.reactome.org/biopax/96/56210#BiochemicalReaction1550,1,http://www.reactome.org/biopax/96/56210#Control154
163,656|7745,7746,2,1,http://www.reactome.org/biopax/96/56210#BiochemicalReaction1351,1,http://www.reactome.org/biopax/96/56210#Catalysis741
164,8542|9482,9170,2,1,http://www.reactome.org/biopax/96/56210#BiochemicalReaction609,-1,http://www.reactome.org/biopax/96/56210#Control51
165,7719|8045|9308|9327,8395|8476|9383,4,3,http://www.reactome.org/biopax/96/56210#BiochemicalReaction18,1,http://www.reactome.org/biopax/96/56210#Catalysis18
166,4056|9140,9139,2,1,http://www.reactome.org/biopax/96/56210#BiochemicalReaction429,1,http://www.reactome.org/biopax/96/56210#Control43
167,2333|8045,2334|8395,2,2,http://www.reactome.org/biopax/96/56210#BiochemicalReaction3472,1,http://www.reactome.org/biopax/96/56210#Catalysis2230
168,1893|2319|9308,1892|9461|9515,3,3,http://www.reactome.org/biopax/96/56210#BiochemicalReaction2862,1,http://www.reactome.org/biopax/96/56210#Catalysis1707
169,2103|8755|9159,8756|9002|9161,3,3,http://www.reactome.org/biopax/96/56210#BiochemicalReaction3177,1,http://www.reactome.org/biopax/96/56210#Catalysis1996
170,6426|6429|8045,6430|8395,3,2,http://www.reactome.org/biopax/96/56210#BiochemicalReaction729,1,http://www.reactome.org/biopax/96/56210#Catalysis486
171,48|81,4491,2,1,http://www.reactome.org/biopax/96/56210#BiochemicalReaction93,1,http://www.reactome.org/biopax/96/56210#Control3
172,6891|8072|8073,8074|8075|9530,3,3,http://www.reactome.org/biopax/96/56210#BiochemicalReaction2469,1,http://www.reactome.org/biopax/96/56210#Catalysis1334
173,2411|5253|9308,5258|8476,3,2,http://www.reactome.org/biopax/96/56210#BiochemicalReaction256,1,http://www.reactome.org/biopax/96/56210#Catalysis147
174,72|9308|9527,8962|9536,3,2,http://www.reactome.org/biopax/96/56210#BiochemicalReaction24,1,http://www.reactome.org/biopax/96/56210#Catalysis24
175,6463|6465|8259,6464|8270,3,2,http://www.reactome.org/biopax/96/56210#BiochemicalReaction805,1,http://www.reactome.org/biopax/96/56210#Catalysis523
176,5107|9199|9252,9228|9457|9515,3,3,http://www.reactome.org/biopax/96/56210#BiochemicalReaction2869,-1,http://www.reactome.org/biopax/96/56210#Control248
177,973|7303|8322,5448|8331,3,2,http://www.reactome.org/biopax/96/56210#BiochemicalReaction3609,1,http://www.reactome.org/biopax/96/56210#Catalysis2290
178,1475|6221,6916,2,1,http://www.reactome.org/biopax/96/56210#BiochemicalReaction382,1,http://www.reactome.org/biopax/96/56210#Catalysis215
179,4958|8019|8142|9181,7846|8143|9190,4,3,http://www.reactome.org/biopax/96/56210#BiochemicalReaction2513,1,http://www.reactome.org/biopax/96/56210#Catalysis1378
180,2991|9308|9566,9567|9568,3,2,http://www.reactome.org/biopax/96/56210#BiochemicalReaction4065,1,http://www.reactome.org/biopax/96/56210#Catalysis2462
182,4909|7961|9308,7962|8476,3,2,http://www.reactome.org/biopax/96/56210#BiochemicalReaction2375,1,http://www.reactome.org/biopax/96/56210#Catalysis1242
183,1720|7962|9308,8006|8476,3,2,http://www.reactome.org/biopax/96/56210#BiochemicalReaction2416,1,http://www.reactome.org/biopax/96/56210#Catalysis1283
184,1855|5068,1856,2,1,http://www.reactome.org/biopax/96/56210#BiochemicalReaction2781,1,http://www.reactome.org/biopax/96/56210#Catalysis1635
185,4726|8045|9400,7742|8395|9515,3,3,http://www.reactome.org/biopax/96/56210#BiochemicalReaction2250,1,http://www.reactome.org/biopax/96/56210#Catalysis1127
187,334|6769|8045,6770|8395,3,2,http://www.reactome.org/biopax/96/56210#BiochemicalReaction1035,1,http://www.reactome.org/biopax/96/56210#Catalysis625
188,4855|8045,4856|8395,2,2,http://www.reactome.org/biopax/96/56210#BiochemicalReaction3903,1,http://www.reactome.org/biopax/96/56210#Catalysis2410
189,2166|8472|8816|9002,8019|8871|9562,4,3,http://www.reactome.org/biopax/96/56210#BiochemicalReaction3286,1,http://www.reactome.org/biopax/96/56210#Catalysis2105
191,4213|6426|8045,6427|8395,3,2,http://www.reactome.org/biopax/96/56210#BiochemicalReaction726,1,http://www.reactome.org/biopax/96/56210#Catalysis484
192,6310|8542|9333,9170|9334,3,2,http://www.reactome.org/biopax/96/56210#BiochemicalReaction514,1,http://www.reactome.org/biopax/96/56210#Catalysis325
193,5077|8118|8451,8117|8452|9002,3,3,http://www.reactome.org/biopax/96/56210#BiochemicalReaction2803,1,http://www.reactome.org/biopax/96/56210#Catalysis1654
194,9159|9181|9317,7855|9161|9562,3,3,http://www.reactome.org/biopax/96/56210#BiochemicalReaction2873,-1,http://www.reactome.org/biopax/96/56210#Control251
195,3746|5956|8146|9457|9515,5957|9252|9308,5,3,http://www.reactome.org/biopax/96/56210#BiochemicalReaction4735,1,http://www.reactome.org/biopax/96/56210#Catalysis2725
196,2023|8045|8639|9490,8640|8938|8974|9515,4,4,http://www.reactome.org/biopax/96/56210#BiochemicalReaction3045,1,http://www.reactome.org/biopax/96/56210#Catalysis1867
197,1765|8400|9110,8403|9109,3,2,http://www.reactome.org/biopax/96/56210#BiochemicalReaction2754,1,http://www.reactome.org/biopax/96/56210#Catalysis1608
198,5015|9349|9513|9515,8162|8317|9148,4,3,http://www.reactome.org/biopax/96/56210#BiochemicalReaction2677,-1,http://www.reactome.org/biopax/96/56210#Control236
199,3236|8361,8960,2,1,http://www.reactome.org/biopax/96/56210#BiochemicalReaction4317,1,http://www.reactome.org/biopax/96/56210#Control399
200,279|6728,281,2,1,http://www.reactome.org/biopax/96/56210#BiochemicalReaction1002,1,http://www.reactome.org/biopax/96/56210#Control110
201,3095|6793,3097,2,1,http://www.reactome.org/biopax/96/56210#BiochemicalReaction4175,1,http://www.reactome.org/biopax/96/56210#Catalysis2505
202,122|6507|8045,123|8395,3,2,http://www.reactome.org/biopax/96/56210#BiochemicalReaction858,-1,http://www.reactome.org/biopax/96/56210#Control74
203,3823|9139,9140,2,1,http://www.reactome.org/biopax/96/56210#BiochemicalReaction348,1,http://www.reactome.org/biopax/96/56210#Catalysis212
204,1361|4085,6793,2,1,http://www.reactome.org/biopax/96/56210#BiochemicalReaction1924,1,http://www.reactome.org/biopax/96/56210#Catalysis956
205,6356|7986|8415|9515,7977|8417,4,2,http://www.reactome.org/biopax/96/56210#BiochemicalReaction2766,1,http://www.reactome.org/biopax/96/56210#Catalysis1620
206,1422|4213|8045,1423|8395,3,2,http://www.reactome.org/biopax/96/56210#BiochemicalReaction1986,1,http://www.reactome.org/biopax/96/56210#Catalysis1000
207,808|1412|8259,1415|8270,3,2,http://www.reactome.org/biopax/96/56210#BiochemicalReaction1981,1,http://www.reactome.org/biopax/96/56210#Catalysis995
208,1932|1949|1950,1951|1952|5145,3,3,http://www.reactome.org/biopax/96/56210#BiochemicalReaction2918,1,http://www.reactome.org/biopax/96/56210#Control278
209,2122|8780|8962,8152|8781,3,2,http://www.reactome.org/biopax/96/56210#BiochemicalReaction3206,1,http://www.reactome.org/biopax/96/56210#Catalysis2025
210,6008|9069|9445,4399,3,1,http://www.reactome.org/biopax/96/56210#BiochemicalReaction4808,1,http://www.reactome.org/biopax/96/56210#Catalysis2796
211,5974|8226|9016,4389|7960,3,2,http://www.reactome.org/biopax/96/56210#BiochemicalReaction4753,1,http://www.reactome.org/biopax/96/56210#Catalysis2743
213,762|8611|9308,8582|8974|9515,3,3,http://www.reactome.org/biopax/96/56210#BiochemicalReaction3019,1,http://www.reactome.org/biopax/96/56210#Catalysis1841
214,5249|9146|9257,8846|9148|9515,3,3,http://www.reactome.org/biopax/96/56210#BiochemicalReaction3265,1,http://www.reactome.org/biopax/96/56210#Catalysis2084
215,4912|7969|8259,7786|7968|8270,3,3,http://www.reactome.org/biopax/96/56210#BiochemicalReaction2383,1,http://www.reactome.org/biopax/96/56210#Catalysis1250
216,2232|8045,2434|8395,2,2,http://www.reactome.org/biopax/96/56210#BiochemicalReaction3581,1,http://www.reactome.org/biopax/96/56210#Catalysis2276
217,548|564|8259,519|554|8270,3,3,http://www.reactome.org/biopax/96/56210#BiochemicalReaction119,1,http://www.reactome.org/biopax/96/56210#Catalysis81
218,2729|8045|9566,8395|9122,3,2,http://www.reactome.org/biopax/96/56210#BiochemicalReaction3836,1,http://www.reactome.org/biopax/96/56210#Catalysis2380
219,84|9544,85|9545,2,2,http://www.reactome.org/biopax/96/56210#BiochemicalReaction831,1,http://www.reactome.org/biopax/96/56210#Catalysis537
220,722|7365,725,2,1,http://www.reactome.org/biopax/96/56210#BiochemicalReaction132,1,http://www.reactome.org/biopax/96/56210#Catalysis89
221,2064|8045|8448|8675,8395|8476|8681,4,3,http://www.reactome.org/biopax/96/56210#BiochemicalReaction3103,1,http://www.reactome.org/biopax/96/56210#Catalysis1923
222,150|9551,151|9552,2,2,http://www.reactome.org/biopax/96/56210#BiochemicalReaction915,1,http://www.reactome.org/biopax/96/56210#Catalysis582
223,2095|7855|9135,8736|9156,3,2,http://www.reactome.org/biopax/96/56210#BiochemicalReaction3158,1,http://www.reactome.org/biopax/96/56210#Catalysis1977
225,4251|9544,4253|9545,2,2,http://www.reactome.org/biopax/96/56210#BiochemicalReaction762,1,http://www.reactome.org/biopax/96/56210#Catalysis499
226,864|885|9175,699|862|863|887|9545,3,5,http://www.reactome.org/biopax/96/56210#BiochemicalReaction1536,1,http://www.reactome.org/biopax/96/56210#Catalysis804
227,5258|5277,5278,2,1,http://www.reactome.org/biopax/96/56210#BiochemicalReaction258,1,http://www.reactome.org/biopax/96/56210#Catalysis148
228,1721|8002|9308,8003|8476,3,2,http://www.reactome.org/biopax/96/56210#BiochemicalReaction2413,1,http://www.reactome.org/biopax/96/56210#Catalysis1280
229,4389|5975|9011,9015|9017,3,2,http://www.reactome.org/biopax/96/56210#BiochemicalReaction4754,1,http://www.reactome.org/biopax/96/56210#Catalysis2744
230,3765|8045|9027,8395|9028|9515,3,3,http://www.reactome.org/biopax/96/56210#BiochemicalReaction4763,1,http://www.reactome.org/biopax/96/56210#Catalysis2753
231,2596|5518|7408|7845,2595,4,1,http://www.reactome.org/biopax/96/56210#BiochemicalReaction3719,1,http://www.reactome.org/biopax/96/56210#Control344
232,2064|8681,8682|9308,2,2,http://www.reactome.org/biopax/96/56210#BiochemicalReaction3104,1,http://www.reactome.org/biopax/96/56210#Catalysis1924
233,5028|7775|8323,7776|9256|9521,3,3,http://www.reactome.org/biopax/96/56210#BiochemicalReaction2692,1,http://www.reactome.org/biopax/96/56210#Catalysis1552
234,8045|9146|9193|9324,8016|8395|8476|9515,4,4,http://www.reactome.org/biopax/96/56210#BiochemicalReaction2485,1,http://www.reactome.org/biopax/96/56210#Control227
235,6333|9438|9439,9440|9441,3,2,http://www.reactome.org/biopax/96/56210#BiochemicalReaction567,1,http://www.reactome.org/biopax/96/56210#Catalysis376
236,1703|7896|7916,7907|7918,3,2,http://www.reactome.org/biopax/96/56210#BiochemicalReaction2333,1,http://www.reactome.org/biopax/96/56210#Catalysis1203
237,1237|7433|8045,7261|8395,3,2,http://www.reactome.org/biopax/96/56210#BiochemicalReaction1801,1,http://www.reactome.org/biopax/96/56210#Catalysis896
238,2587|6793,2568,2,1,http://www.reactome.org/biopax/96/56210#BiochemicalReaction3711,1,http://www.reactome.org/biopax/96/56210#Catalysis2322
239,7123|7303|8303,5462|8313,3,2,http://www.reactome.org/biopax/96/56210#BiochemicalReaction3616,1,http://www.reactome.org/biopax/96/56210#Catalysis2293
240,3399|9308,3400|8476,2,2,http://www.reactome.org/biopax/96/56210#BiochemicalReaction4499,1,http://www.reactome.org/biopax/96/56210#Catalysis2639
241,4442|8542|9142|9169,9144|9170|9553,4,3,http://www.reactome.org/biopax/96/56210#BiochemicalReaction509,1,http://www.reactome.org/biopax/96/56210#Catalysis320
242,3762|9139,9140,2,1,http://www.reactome.org/biopax/96/56210#BiochemicalReaction342,1,http://www.reactome.org/biopax/96/56210#Catalysis206
243,1687|7863|7889,7741|7891,3,2,http://www.reactome.org/biopax/96/56210#BiochemicalReaction2284,1,http://www.reactome.org/biopax/96/56210#Catalysis1161
244,703|7503|8259,1356|8270,3,2,http://www.reactome.org/biopax/96/56210#BiochemicalReaction1917,1,http://www.reactome.org/biopax/96/56210#Control179
245,4930|8019|8020|9181,7846|8021|9190,4,3,http://www.reactome.org/biopax/96/56210#BiochemicalReaction2436,1,http://www.reactome.org/biopax/96/56210#Catalysis1301
246,783|3999|6916,6219|6221,3,2,http://www.reactome.org/biopax/96/56210#BiochemicalReaction381,1,http://www.reactome.org/biopax/96/56210#Catalysis214
247,1765|8402|9110,8404|9109,3,2,http://www.reactome.org/biopax/96/56210#BiochemicalReaction2755,1,http://www.reactome.org/biopax/96/56210#Catalysis1609
248,2469|5468|8303,5469|8313,3,2,http://www.reactome.org/biopax/96/56210#BiochemicalReaction3621,1,http://www.reactome.org/biopax/96/56210#Control339
249,2065|8675|9349,8683|9553,3,2,http://www.reactome.org/biopax/96/56210#BiochemicalReaction3106,1,http://www.reactome.org/biopax/96/56210#Catalysis1926
250,2025|8045|8645,8395|8646,3,2,http://www.reactome.org/biopax/96/56210#BiochemicalReaction3051,1,http://www.reactome.org/biopax/96/56210#Catalysis1873
251,2784|8045,2785|8395,2,2,http://www.reactome.org/biopax/96/56210#BiochemicalReaction3875,1,http://www.reactome.org/biopax/96/56210#Catalysis2398
252,3966|9139,9140,2,1,http://www.reactome.org/biopax/96/56210#BiochemicalReaction5012,1,http://www.reactome.org/biopax/96/56210#Catalysis2921
253,1544|2237|9121,1548,3,1,http://www.reactome.org/biopax/96/56210#BiochemicalReaction2125,1,http://www.reactome.org/biopax/96/56210#Control191
254,5122|8102|8500,5119,3,1,http://www.reactome.org/biopax/96/56210#BiochemicalReaction2903,1,http://www.reactome.org/biopax/96/56210#Control272
255,110|6530,6531|6532,2,2,http://www.reactome.org/biopax/96/56210#BiochemicalReaction870,1,http://www.reactome.org/biopax/96/56210#Catalysis556
256,1686|7863|7889,7888|9560,3,2,http://www.reactome.org/biopax/96/56210#BiochemicalReaction2283,1,http://www.reactome.org/biopax/96/56210#Catalysis1160
257,1776|8236|9308,8476|9145,3,2,http://www.reactome.org/biopax/96/56210#BiochemicalReaction2578,1,http://www.reactome.org/biopax/96/56210#Catalysis1441
258,1420|7526|8045,1421|8395,3,2,http://www.reactome.org/biopax/96/56210#BiochemicalReaction1984,1,http://www.reactome.org/biopax/96/56210#Catalysis998
259,2010|8616|9308,8617|9515,3,2,http://www.reactome.org/biopax/96/56210#BiochemicalReaction3024,1,http://www.reactome.org/biopax/96/56210#Catalysis1846
260,1752|8116|9025,8119,3,1,http://www.reactome.org/biopax/96/56210#BiochemicalReaction2498,1,http://www.reactome.org/biopax/96/56210#Catalysis1363
261,5065|8045|8418|9148,8419|8938|8974|9308,4,4,http://www.reactome.org/biopax/96/56210#BiochemicalReaction2767,1,http://www.reactome.org/biopax/96/56210#Catalysis1621
262,3745|5955|9252|9257,5956|9003|9457|9515,4,4,http://www.reactome.org/biopax/96/56210#BiochemicalReaction4733,1,http://www.reactome.org/biopax/96/56210#Catalysis2723
263,5936|6129|9270,6128|9272,3,2,http://www.reactome.org/biopax/96/56210#BiochemicalReaction4945,1,http://www.reactome.org/biopax/96/56210#Catalysis2881
264,499|9234|9599|9600,9601|9602,4,2,http://www.reactome.org/biopax/96/56210#BiochemicalReaction1205,1,http://www.reactome.org/biopax/96/56210#Catalysis704
265,1212|1213|8134,1153|9138,3,2,http://www.reactome.org/biopax/96/56210#BiochemicalReaction1780,1,http://www.reactome.org/biopax/96/56210#Catalysis886
266,801|6793,4573|6784,2,2,http://www.reactome.org/biopax/96/56210#BiochemicalReaction1456,1,http://www.reactome.org/biopax/96/56210#Catalysis785
267,1752|8753|9025,8754,3,1,http://www.reactome.org/biopax/96/56210#BiochemicalReaction3175,1,http://www.reactome.org/biopax/96/56210#Catalysis1994
269,2218|9025|9190,9184,3,1,http://www.reactome.org/biopax/96/56210#BiochemicalReaction3361,1,http://www.reactome.org/biopax/96/56210#Catalysis2179
270,2232|2271|8045,2272|8395,3,2,http://www.reactome.org/biopax/96/56210#BiochemicalReaction3416,1,http://www.reactome.org/biopax/96/56210#Catalysis2211
271,1690|4733|9436,4735|7902|9219,3,3,http://www.reactome.org/biopax/96/56210#BiochemicalReaction2299,1,http://www.reactome.org/biopax/96/56210#Catalysis1176
272,1783|9269|9587,8208|8247,3,2,http://www.reactome.org/biopax/96/56210#BiochemicalReaction2590,1,http://www.reactome.org/biopax/96/56210#Catalysis1453
273,2056|7786|8259|8662,8663|9545,4,2,http://www.reactome.org/biopax/96/56210#BiochemicalReaction3082,1,http://www.reactome.org/biopax/96/56210#Catalysis1903
274,5337|9126,9127,2,1,http://www.reactome.org/biopax/96/56210#BiochemicalReaction265,1,http://www.reactome.org/biopax/96/56210#Catalysis149
275,4741|9137,8962,2,1,http://www.reactome.org/biopax/96/56210#BiochemicalReaction298,1,http://www.reactome.org/biopax/96/56210#Catalysis179
276,4183|8045|9530,8395|9531,3,2,http://www.reactome.org/biopax/96/56210#BiochemicalReaction697,1,http://www.reactome.org/biopax/96/56210#Catalysis473
277,685|8259,683|684|7111|8270,2,4,http://www.reactome.org/biopax/96/56210#BiochemicalReaction1376,1,http://www.reactome.org/biopax/96/56210#Catalysis751
278,4122|9142|9193,9144|9194,3,2,http://www.reactome.org/biopax/96/56210#BiochemicalReaction635,1,http://www.reactome.org/biopax/96/56210#Catalysis434
279,320|4361|9308,1514|8476,3,2,http://www.reactome.org/biopax/96/56210#BiochemicalReaction4443,1,http://www.reactome.org/biopax/96/56210#Catalysis2620
280,6896|9413,9411,2,1,http://www.reactome.org/biopax/96/56210#BiochemicalReaction556,1,http://www.reactome.org/biopax/96/56210#Catalysis365
281,5197|8045|8532|8962,8395|8476|8675,4,3,http://www.reactome.org/biopax/96/56210#BiochemicalReaction3097,1,http://www.reactome.org/biopax/96/56210#Catalysis1917
282,1378|7475|8281,1379|8287,3,2,http://www.reactome.org/biopax/96/56210#BiochemicalReaction1935,1,http://www.reactome.org/biopax/96/56210#Catalysis963
283,2245|2438,5276,2,1,http://www.reactome.org/biopax/96/56210#BiochemicalReaction3589,1,http://www.reactome.org/biopax/96/56210#Catalysis2282
284,2591|5515|9308,2590|8476,3,2,http://www.reactome.org/biopax/96/56210#BiochemicalReaction3716,1,http://www.reactome.org/biopax/96/56210#Catalysis2325
285,1289|1316|6793,1305,3,1,http://www.reactome.org/biopax/96/56210#BiochemicalReaction172,-1,http://www.reactome.org/biopax/96/56210#Control14
286,1921|8513|9160,8500|8514,3,2,http://www.reactome.org/biopax/96/56210#BiochemicalReaction2898,1,http://www.reactome.org/biopax/96/56210#Catalysis1740
287,2266|2291|5315|8045,2291|5317|5328|8395,4,4,http://www.reactome.org/biopax/96/56210#BiochemicalReaction3429,1,http://www.reactome.org/biopax/96/56210#Catalysis2218
288,349|8930|9308,9490|9553,3,2,http://www.reactome.org/biopax/96/56210#BiochemicalReaction3342,1,http://www.reactome.org/biopax/96/56210#Catalysis2160
289,1626|7742,7848,2,1,http://www.reactome.org/biopax/96/56210#BiochemicalReaction2210,1,http://www.reactome.org/biopax/96/56210#Catalysis1089
290,2118|8146|8774,8775|9515,3,2,http://www.reactome.org/biopax/96/56210#BiochemicalReaction3200,1,http://www.reactome.org/biopax/96/56210#Catalysis2019
291,2011|8619|9308|9515,8162|8620|9165,4,3,http://www.reactome.org/biopax/96/56210#BiochemicalReaction3028,1,http://www.reactome.org/biopax/96/56210#Catalysis1850
292,4158|5793|8045,5794|8395,3,2,http://www.reactome.org/biopax/96/56210#BiochemicalReaction4412,1,http://www.reactome.org/biopax/96/56210#Catalysis2602
293,3742|9139,9140,2,1,http://www.reactome.org/biopax/96/56210#BiochemicalReaction340,1,http://www.reactome.org/biopax/96/56210#Catalysis205
294,323|7664|9308,6758|8476,3,2,http://www.reactome.org/biopax/96/56210#BiochemicalReaction1030,1,http://www.reactome.org/biopax/96/56210#Catalysis622
295,3249|5749|8990,5750|8974,3,2,http://www.reactome.org/biopax/96/56210#BiochemicalReaction4326,1,http://www.reactome.org/biopax/96/56210#Catalysis2564
296,6157|9142|9269,6158,3,1,http://www.reactome.org/biopax/96/56210#BiochemicalReaction4978,1,http://www.reactome.org/biopax/96/56210#Control452
297,6305|8542|9129|9142,9130|9144|9170,4,3,http://www.reactome.org/biopax/96/56210#BiochemicalReaction507,1,http://www.reactome.org/biopax/96/56210#Catalysis318
298,6688|6692|8259,6691|8270,3,2,http://www.reactome.org/biopax/96/56210#BiochemicalReaction987,1,http://www.reactome.org/biopax/96/56210#Catalysis603
299,1226|8045,1227|8395,2,2,http://www.reactome.org/biopax/96/56210#BiochemicalReaction1790,1,http://www.reactome.org/biopax/96/56210#Catalysis890
300,4433|4703,4435,2,1,http://www.reactome.org/biopax/96/56210#BiochemicalReaction473,1,http://www.reactome.org/biopax/96/56210#Catalysis284
301,3639|5922|8134,3640|5913|9138,3,3,http://www.reactome.org/biopax/96/56210#BiochemicalReaction4669,1,http://www.reactome.org/biopax/96/56210#Catalysis2705
302,2675,2530|2548|5399|5414|5451|5456|5566|9151,1,8,http://www.reactome.org/biopax/96/56210#BiochemicalReaction284,1,http://www.reactome.org/biopax/96/56210#Catalysis167
303,2137|8803|8999|9025,9105|9314,4,2,http://www.reactome.org/biopax/96/56210#BiochemicalReaction3231,1,http://www.reactome.org/biopax/96/56210#Catalysis2050
304,6361|9144,9142,2,1,http://www.reactome.org/biopax/96/56210#BiochemicalReaction614,1,http://www.reactome.org/biopax/96/56210#Catalysis417
305,1742|8059|9269,8060|9137,3,2,http://www.reactome.org/biopax/96/56210#BiochemicalReaction2462,1,http://www.reactome.org/biopax/96/56210#Catalysis1327
306,2272|5320|8045,2273|8395,3,2,http://www.reactome.org/biopax/96/56210#BiochemicalReaction3417,1,http://www.reactome.org/biopax/96/56210#Catalysis2212
307,1403|8045,1404|8395,2,2,http://www.reactome.org/biopax/96/56210#BiochemicalReaction1972,1,http://www.reactome.org/biopax/96/56210#Catalysis987
308,3641|3643|8134,3642|5913|9138,3,3,http://www.reactome.org/biopax/96/56210#BiochemicalReaction4670,1,http://www.reactome.org/biopax/96/56210#Catalysis2706
309,2841|6784|6793,2842,3,1,http://www.reactome.org/biopax/96/56210#BiochemicalReaction3927,1,http://www.reactome.org/biopax/96/56210#Catalysis2424
311,4756|4873|9440,4757|9219|9438,3,3,http://www.reactome.org/biopax/96/56210#BiochemicalReaction2319,1,http://www.reactome.org/biopax/96/56210#Catalysis1194
312,1987|8527|8547,8549|8974,3,2,http://www.reactome.org/biopax/96/56210#BiochemicalReaction2964,1,http://www.reactome.org/biopax/96/56210#Catalysis1786
313,2261,5294|5306|8476,1,3,http://www.reactome.org/biopax/96/56210#BiochemicalReaction3403,1,http://www.reactome.org/biopax/96/56210#Catalysis2205
314,358|6775|9308,3113|8476,3,2,http://www.reactome.org/biopax/96/56210#BiochemicalReaction4189,1,http://www.reactome.org/biopax/96/56210#Catalysis2509
315,5233|6143|6145,5235|6144,3,2,http://www.reactome.org/biopax/96/56210#BiochemicalReaction4970,1,http://www.reactome.org/biopax/96/56210#Catalysis2894
316,3805|8281,3806|4409,2,2,http://www.reactome.org/biopax/96/56210#BiochemicalReaction4864,1,http://www.reactome.org/biopax/96/56210#Catalysis2842
317,503|8578|9308|9515,7772|8579,4,2,http://www.reactome.org/biopax/96/56210#BiochemicalReaction2992,1,http://www.reactome.org/biopax/96/56210#Catalysis1814
318,6314|8542|9170|9336|9373,8542|9170|9344|9374,5,4,http://www.reactome.org/biopax/96/56210#BiochemicalReaction521,1,http://www.reactome.org/biopax/96/56210#Catalysis332
319,2334|5360|8045,5361|8395,3,2,http://www.reactome.org/biopax/96/56210#BiochemicalReaction3474,1,http://www.reactome.org/biopax/96/56210#Catalysis2232
320,1539|7617|9252,1540|9457|9515,3,3,http://www.reactome.org/biopax/96/56210#BiochemicalReaction2113,1,http://www.reactome.org/biopax/96/56210#Catalysis1059
321,1798|4992,1799,2,1,http://www.reactome.org/biopax/96/56210#BiochemicalReaction2626,1,http://www.reactome.org/biopax/96/56210#Catalysis1489
322,7730|7886,9560,2,1,http://www.reactome.org/biopax/96/56210#BiochemicalReaction2279,1,http://www.reactome.org/biopax/96/56210#Catalysis1156
323,4259|6916,4252|4258|4260,2,3,http://www.reactome.org/biopax/96/56210#BiochemicalReaction766,1,http://www.reactome.org/biopax/96/56210#Catalysis501
324,3943|6157|9269,6160,3,1,http://www.reactome.org/biopax/96/56210#BiochemicalReaction4983,1,http://www.reactome.org/biopax/96/56210#Catalysis2906
325,3542|8134,3543|5509|5895|8476|9138,2,5,http://www.reactome.org/biopax/96/56210#BiochemicalReaction4618,1,http://www.reactome.org/biopax/96/56210#Catalysis2681
326,7896|7930|7932,7897|7931,3,2,http://www.reactome.org/biopax/96/56210#BiochemicalReaction2354,-1,http://www.reactome.org/biopax/96/56210#Control220
327,2573|6793,2574,2,1,http://www.reactome.org/biopax/96/56210#BiochemicalReaction3703,1,http://www.reactome.org/biopax/96/56210#Catalysis2320
330,4107|8045|8958|9308,8395|8476|8944|9515,4,4,http://www.reactome.org/biopax/96/56210#BiochemicalReaction588,1,http://www.reactome.org/biopax/96/56210#Catalysis395
331,208|345|6626|6667,209|6608|6609,4,3,http://www.reactome.org/biopax/96/56210#BiochemicalReaction948,1,http://www.reactome.org/biopax/96/56210#Control80
332,4745|4865|9443,4746|7902|9219,3,3,http://www.reactome.org/biopax/96/56210#BiochemicalReaction2308,1,http://www.reactome.org/biopax/96/56210#Catalysis1183
333,2065|8683|9553,8675|9349,3,2,http://www.reactome.org/biopax/96/56210#BiochemicalReaction3108,1,http://www.reactome.org/biopax/96/56210#Catalysis1928
334,0|8600|9252|9308,9303|9457|9515,4,3,http://www.reactome.org/biopax/96/56210#BiochemicalReaction3012,1,http://www.reactome.org/biopax/96/56210#Catalysis1834
335,6673|8542|9411,9170|9413,3,2,http://www.reactome.org/biopax/96/56210#BiochemicalReaction554,1,http://www.reactome.org/biopax/96/56210#Catalysis363
336,1687|7741|7891,7863|7889,3,2,http://www.reactome.org/biopax/96/56210#BiochemicalReaction2285,1,http://www.reactome.org/biopax/96/56210#Catalysis1162
337,1423|4679|9308,1422|8476,3,2,http://www.reactome.org/biopax/96/56210#BiochemicalReaction1987,1,http://www.reactome.org/biopax/96/56210#Catalysis1001
338,2875|6793,2876,2,1,http://www.reactome.org/biopax/96/56210#BiochemicalReaction3960,1,http://www.reactome.org/biopax/96/56210#Catalysis2437
339,1769|7960|9513,8012|9148,3,2,http://www.reactome.org/biopax/96/56210#BiochemicalReaction2560,1,http://www.reactome.org/biopax/96/56210#Catalysis1423
340,1465|6793,1466,2,1,http://www.reactome.org/biopax/96/56210#BiochemicalReaction2036,1,http://www.reactome.org/biopax/96/56210#Catalysis1025
341,3267|3270|4339,3269,3,1,http://www.reactome.org/biopax/96/56210#BiochemicalReaction4353,-1,http://www.reactome.org/biopax/96/56210#Control407
342,4688|4689|9269,7798|7799|7800,3,3,http://www.reactome.org/biopax/96/56210#BiochemicalReaction2053,1,http://www.reactome.org/biopax/96/56210#Catalysis1037
343,4158|5844|8045,5845|8395,3,2,http://www.reactome.org/biopax/96/56210#BiochemicalReaction4526,1,http://www.reactome.org/biopax/96/56210#Catalysis2651
344,4985|8267|8272,8276|8988,3,2,http://www.reactome.org/biopax/96/56210#BiochemicalReaction2612,1,http://www.reactome.org/biopax/96/56210#Catalysis1475
346,214|345|6672,215|6668|6669,3,3,http://www.reactome.org/biopax/96/56210#BiochemicalReaction953,1,http://www.reactome.org/biopax/96/56210#Control85
347,4912|7964|8259,7968|8270,3,2,http://www.reactome.org/biopax/96/56210#BiochemicalReaction2381,1,http://www.reactome.org/biopax/96/56210#Catalysis1248
348,6265|9166|9564,9121|9241,3,2,http://www.reactome.org/biopax/96/56210#BiochemicalReaction451,1,http://www.reactome.org/biopax/96/56210#Catalysis263
349,5055|8369|9146|9308,8370|9148|9515,4,3,http://www.reactome.org/biopax/96/56210#BiochemicalReaction2722,1,http://www.reactome.org/biopax/96/56210#Catalysis1580
350,4916|7999|9246,8000|9487,3,2,http://www.reactome.org/biopax/96/56210#BiochemicalReaction2409,1,http://www.reactome.org/biopax/96/56210#Catalysis1276
351,5199|8677|9135|9181,8678|9183|9184,4,3,http://www.reactome.org/biopax/96/56210#BiochemicalReaction3101,1,http://www.reactome.org/biopax/96/56210#Catalysis1921
352,6356|7986|9291|9515,7977|8053,4,2,http://www.reactome.org/biopax/96/56210#BiochemicalReaction2457,1,http://www.reactome.org/biopax/96/56210#Catalysis1322
353,4977|8248|9308,8249|8250,3,2,http://www.reactome.org/biopax/96/56210#BiochemicalReaction2592,1,http://www.reactome.org/biopax/96/56210#Catalysis1455
354,4353|6749|6793,5796,3,1,http://www.reactome.org/biopax/96/56210#BiochemicalReaction4414,1,http://www.reactome.org/biopax/96/56210#Catalysis2603
355,2523|2530|5359|5399|5409|5414,2538,6,1,http://www.reactome.org/biopax/96/56210#BiochemicalReaction266,1,http://www.reactome.org/biopax/96/56210#Catalysis150
356,4933|7832|8016|9515,8023|8162|9148,4,3,http://www.reactome.org/biopax/96/56210#BiochemicalReaction2439,1,http://www.reactome.org/biopax/96/56210#Catalysis1304
357,311|313|8045,312|8395,3,2,http://www.reactome.org/biopax/96/56210#BiochemicalReaction1027,-1,http://www.reactome.org/biopax/96/56210#Control118
358,1839|9146,8369|9148|9308,2,3,http://www.reactome.org/biopax/96/56210#BiochemicalReaction2721,1,http://www.reactome.org/biopax/96/56210#Catalysis1579
359,4315|8970|9269,8971|9249,3,2,http://www.reactome.org/biopax/96/56210#BiochemicalReaction4045,1,http://www.reactome.org/biopax/96/56210#Catalysis2455
360,4803|8045|8292,8395|9570,3,2,http://www.reactome.org/biopax/96/56210#BiochemicalReaction2640,1,http://www.reactome.org/biopax/96/56210#Catalysis1503
361,2663|8045,2665|8395,2,2,http://www.reactome.org/biopax/96/56210#BiochemicalReaction3773,1,http://www.reactome.org/biopax/96/56210#Catalysis2349
362,7741|7869|8045,7865|8395|9515,3,3,http://www.reactome.org/biopax/96/56210#BiochemicalReaction2255,1,http://www.reactome.org/biopax/96/56210#Control210
363,4593|6439,4235|7757,2,2,http://www.reactome.org/biopax/96/56210#BiochemicalReaction1578,1,http://www.reactome.org/biopax/96/56210#Catalysis818
364,5159|8515|9156,8525|9157,3,2,http://www.reactome.org/biopax/96/56210#BiochemicalReaction2941,1,http://www.reactome.org/biopax/96/56210#Catalysis1767
365,5221|8764|9156,8152|8765,3,2,http://www.reactome.org/biopax/96/56210#BiochemicalReaction3187,1,http://www.reactome.org/biopax/96/56210#Catalysis2006
366,54|6054|6475,6055|6473,3,2,http://www.reactome.org/biopax/96/56210#BiochemicalReaction4842,1,http://www.reactome.org/biopax/96/56210#Catalysis2825
368,3957|9025|9181,3956|9183|9184,3,3,http://www.reactome.org/biopax/96/56210#BiochemicalReaction5002,1,http://www.reactome.org/biopax/96/56210#Catalysis2915
369,1671|7741|8045,7869|8395|9515,3,3,http://www.reactome.org/biopax/96/56210#BiochemicalReaction2253,1,http://www.reactome.org/biopax/96/56210#Catalysis1130
370,46|4665|8259,4666|8270,3,2,http://www.reactome.org/biopax/96/56210#BiochemicalReaction1887,1,http://www.reactome.org/biopax/96/56210#Catalysis935
371,5228|8792,8791,2,1,http://www.reactome.org/biopax/96/56210#BiochemicalReaction3216,1,http://www.reactome.org/biopax/96/56210#Catalysis2035
372,2138|8778|8811,8779|8812|9002,3,3,http://www.reactome.org/biopax/96/56210#BiochemicalReaction3236,1,http://www.reactome.org/biopax/96/56210#Catalysis2055
373,5627|9125|9308,8938,3,1,http://www.reactome.org/biopax/96/56210#BiochemicalReaction4054,1,http://www.reactome.org/biopax/96/56210#Catalysis2457
374,4991|8045|8263,8260|8395,3,2,http://www.reactome.org/biopax/96/56210#BiochemicalReaction2654,1,http://www.reactome.org/biopax/96/56210#Catalysis1517
375,1295|4661|6916,4663,3,1,http://www.reactome.org/biopax/96/56210#BiochemicalReaction1860,1,http://www.reactome.org/biopax/96/56210#Catalysis924
376,2373|5397,2372|8476,2,2,http://www.reactome.org/biopax/96/56210#BiochemicalReaction3525,1,http://www.reactome.org/biopax/96/56210#Catalysis2256
377,5981|9030,9031,2,1,http://www.reactome.org/biopax/96/56210#BiochemicalReaction4767,1,http://www.reactome.org/biopax/96/56210#Catalysis2757
379,2655|8045,2658|8395,2,2,http://www.reactome.org/biopax/96/56210#BiochemicalReaction3767,1,http://www.reactome.org/biopax/96/56210#Catalysis2346
380,2123|8781|9308,8476|9349,3,2,http://www.reactome.org/biopax/96/56210#BiochemicalReaction3207,1,http://www.reactome.org/biopax/96/56210#Catalysis2026
381,1718|7980|9308,7989|8476,3,2,http://www.reactome.org/biopax/96/56210#BiochemicalReaction2397,1,http://www.reactome.org/biopax/96/56210#Catalysis1264
382,4769|4771|9440,4770|9219|9438,3,3,http://www.reactome.org/biopax/96/56210#BiochemicalReaction2345,1,http://www.reactome.org/biopax/96/56210#Catalysis1215
383,1810|8045|8293,8395|9566,3,2,http://www.reactome.org/biopax/96/56210#BiochemicalReaction2653,1,http://www.reactome.org/biopax/96/56210#Catalysis1516
385,5201|8045|8687,8395|8476|8682|9515,3,4,http://www.reactome.org/biopax/96/56210#BiochemicalReaction3116,1,http://www.reactome.org/biopax/96/56210#Catalysis1936
386,5731|7826|9252,8982|9457|9515,3,3,http://www.reactome.org/biopax/96/56210#BiochemicalReaction4267,1,http://www.reactome.org/biopax/96/56210#Catalysis2552
387,4971|8227|9513,8226|9148,3,2,http://www.reactome.org/biopax/96/56210#BiochemicalReaction2572,1,http://www.reactome.org/biopax/96/56210#Catalysis1435
388,4824|8584|9421,8476|8589,3,2,http://www.reactome.org/biopax/96/56210#BiochemicalReaction2998,1,http://www.reactome.org/biopax/96/56210#Catalysis1820
390,992|7966|7977,7986|7994|9515,3,3,http://www.reactome.org/biopax/96/56210#BiochemicalReaction45,1,http://www.reactome.org/biopax/96/56210#Catalysis43
391,1641|7707,1643,2,1,http://www.reactome.org/biopax/96/56210#BiochemicalReaction2223,1,http://www.reactome.org/biopax/96/56210#Catalysis1102
393,1737|8031|8032|8146|9515,8033|8034|9308,5,3,http://www.reactome.org/biopax/96/56210#BiochemicalReaction2446,1,http://www.reactome.org/biopax/96/56210#Catalysis1311
394,1563|6296|8134,1564|9138,3,2,http://www.reactome.org/biopax/96/56210#BiochemicalReaction2140,1,http://www.reactome.org/biopax/96/56210#Catalysis1072
395,2969|7646|8045,7647|8395,3,2,http://www.reactome.org/biopax/96/56210#BiochemicalReaction2160,1,http://www.reactome.org/biopax/96/56210#Catalysis1081
396,3987|6210|8259,3988,3,1,http://www.reactome.org/biopax/96/56210#BiochemicalReaction372,1,http://www.reactome.org/biopax/96/56210#Control39
397,7529|7530|8281,7531|8287,3,2,http://www.reactome.org/biopax/96/56210#BiochemicalReaction1962,1,http://www.reactome.org/biopax/96/56210#Control181
398,4835|6950|8322,4836|8331,3,2,http://www.reactome.org/biopax/96/56210#BiochemicalReaction3606,1,http://www.reactome.org/biopax/96/56210#Catalysis2287
399,2590|8045,2591|8395,2,2,http://www.reactome.org/biopax/96/56210#BiochemicalReaction3715,1,http://www.reactome.org/biopax/96/56210#Catalysis2324
400,3844|8281,3845|4411,2,2,http://www.reactome.org/biopax/96/56210#BiochemicalReaction4884,1,http://www.reactome.org/biopax/96/56210#Catalysis2859
401,4744|7896|7903,7904|7906,3,2,http://www.reactome.org/biopax/96/56210#BiochemicalReaction2305,1,http://www.reactome.org/biopax/96/56210#Catalysis1180
402,2306|8045,2305|5339|8395,2,3,http://www.reactome.org/biopax/96/56210#BiochemicalReaction3447,1,http://www.reactome.org/biopax/96/56210#Catalysis2227
403,3692|9139,9140,2,1,http://www.reactome.org/biopax/96/56210#BiochemicalReaction338,1,http://www.reactome.org/biopax/96/56210#Catalysis204
404,2062|8680|9183|9184,8677|8679|9181,4,3,http://www.reactome.org/biopax/96/56210#BiochemicalReaction3115,1,http://www.reactome.org/biopax/96/56210#Catalysis1935
405,2807|9308,6610|6793|6830,2,3,http://www.reactome.org/biopax/96/56210#BiochemicalReaction64,1,http://www.reactome.org/biopax/96/56210#Catalysis54
406,209|345,210,2,1,http://www.reactome.org/biopax/96/56210#BiochemicalReaction949,1,http://www.reactome.org/biopax/96/56210#Control81
407,340|9566,9122,2,1,http://www.reactome.org/biopax/96/56210#BiochemicalReaction1040,1,http://www.reactome.org/biopax/96/56210#Catalysis629
408,4986|8045|9530,8261|8395,3,2,http://www.reactome.org/biopax/96/56210#BiochemicalReaction2620,1,http://www.reactome.org/biopax/96/56210#Catalysis1483
409,2292|5299|5329,2293,3,1,http://www.reactome.org/biopax/96/56210#BiochemicalReaction3432,1,http://www.reactome.org/biopax/96/56210#Catalysis2219
411,3769|9037|9308,8476|9322,3,2,http://www.reactome.org/biopax/96/56210#BiochemicalReaction4776,1,http://www.reactome.org/biopax/96/56210#Catalysis2766
412,6773|8079|8156|8181,8155|8159|8183,4,3,http://www.reactome.org/biopax/96/56210#BiochemicalReaction2534,1,http://www.reactome.org/biopax/96/56210#Catalysis1397
413,133|2710|8045,2713|8395,3,2,http://www.reactome.org/biopax/96/56210#BiochemicalReaction3837,1,http://www.reactome.org/biopax/96/56210#Catalysis2381
414,1835|7896|8346,8352|8353,3,2,http://www.reactome.org/biopax/96/56210#BiochemicalReaction2707,1,http://www.reactome.org/biopax/96/56210#Catalysis1565
415,7038|8455,1862,2,1,http://www.reactome.org/biopax/96/56210#BiochemicalReaction2806,1,http://www.reactome.org/biopax/96/56210#Catalysis1657
416,4786|8062|8066|8082,7773|8043|8064|8083|9246,4,5,http://www.reactome.org/biopax/96/56210#BiochemicalReaction2474,1,http://www.reactome.org/biopax/96/56210#Catalysis1339
418,1413|7955|8045|8857|9308,8330|8938|8962|8974|9515,5,5,http://www.reactome.org/biopax/96/56210#BiochemicalReaction6,1,http://www.reactome.org/biopax/96/56210#Catalysis6
419,281|6629,282,2,1,http://www.reactome.org/biopax/96/56210#BiochemicalReaction1003,1,http://www.reactome.org/biopax/96/56210#Control111
420,1866|8469,7857|8470,2,2,http://www.reactome.org/biopax/96/56210#BiochemicalReaction2819,1,http://www.reactome.org/biopax/96/56210#Catalysis1669
421,376|379,378|8974,2,2,http://www.reactome.org/biopax/96/56210#BiochemicalReaction1076,-1,http://www.reactome.org/biopax/96/56210#Control120
422,5172|5184|8045,5187|8395,3,2,http://www.reactome.org/biopax/96/56210#BiochemicalReaction246,1,http://www.reactome.org/biopax/96/56210#Catalysis139
423,24|8259,25|8270,2,2,http://www.reactome.org/biopax/96/56210#BiochemicalReaction799,1,http://www.reactome.org/biopax/96/56210#Catalysis518
424,6789|6793,2849,2,1,http://www.reactome.org/biopax/96/56210#BiochemicalReaction3933,1,http://www.reactome.org/biopax/96/56210#Catalysis2428
425,2111|8146|9124|9361,8771|9362,4,2,http://www.reactome.org/biopax/96/56210#BiochemicalReaction3194,1,http://www.reactome.org/biopax/96/56210#Catalysis2013
426,2419|8045,2421|8395,2,2,http://www.reactome.org/biopax/96/56210#BiochemicalReaction3568,1,http://www.reactome.org/biopax/96/56210#Catalysis2270
427,2085|5207|8045,2086|8395,3,2,http://www.reactome.org/biopax/96/56210#BiochemicalReaction3139,1,http://www.reactome.org/biopax/96/56210#Catalysis1958
428,3442|8134,3443|9138,2,2,http://www.reactome.org/biopax/96/56210#BiochemicalReaction4565,1,http://www.reactome.org/biopax/96/56210#Catalysis2667
430,3965|8209,3964|6176|6177|6178|6179|6180|6181|6182,2,8,http://www.reactome.org/biopax/96/56210#BiochemicalReaction5010,1,http://www.reactome.org/biopax/96/56210#Catalysis2919
431,4120|9193|9515,8162|9308,3,2,http://www.reactome.org/biopax/96/56210#BiochemicalReaction637,1,http://www.reactome.org/biopax/96/56210#Catalysis436
432,1752|8111|9025,8113,3,1,http://www.reactome.org/biopax/96/56210#BiochemicalReaction2494,1,http://www.reactome.org/biopax/96/56210#Catalysis1359
433,2046|7854|8746|9181,8747|9002|9183|9184,4,4,http://www.reactome.org/biopax/96/56210#BiochemicalReaction3168,1,http://www.reactome.org/biopax/96/56210#Catalysis1987
434,5063|7986|8413|9515,7977|8414,4,2,http://www.reactome.org/biopax/96/56210#BiochemicalReaction2763,1,http://www.reactome.org/biopax/96/56210#Catalysis1617
435,1738|4939|7896,8035|8036|9321,3,3,http://www.reactome.org/biopax/96/56210#BiochemicalReaction2447,1,http://www.reactome.org/biopax/96/56210#Catalysis1312
436,4666|7246|8259,4668|8270,3,2,http://www.reactome.org/biopax/96/56210#BiochemicalReaction1890,1,http://www.reactome.org/biopax/96/56210#Catalysis936
437,3749|5965|8146|8152,5966|8162|8171,4,3,http://www.reactome.org/biopax/96/56210#BiochemicalReaction4741,1,http://www.reactome.org/biopax/96/56210#Catalysis2731
439,5534|5536|5537|7845,2707,4,1,http://www.reactome.org/biopax/96/56210#BiochemicalReaction3816,1,http://www.reactome.org/biopax/96/56210#Control359
440,1874|1875|8134,379|9138,3,2,http://www.reactome.org/biopax/96/56210#BiochemicalReaction2844,1,http://www.reactome.org/biopax/96/56210#Catalysis1694
441,5240|8835|8836,8837|8838,3,2,http://www.reactome.org/biopax/96/56210#BiochemicalReaction3255,1,http://www.reactome.org/biopax/96/56210#Catalysis2074
442,345|3783|7037,6056|6473,3,2,http://www.reactome.org/biopax/96/56210#BiochemicalReaction4843,1,http://www.reactome.org/biopax/96/56210#Catalysis2826
443,6460|7483|8259,7484|8270,3,2,http://www.reactome.org/biopax/96/56210#BiochemicalReaction1863,1,http://www.reactome.org/biopax/96/56210#Catalysis927
444,4858|8045,4859|8395,2,2,http://www.reactome.org/biopax/96/56210#BiochemicalReaction3915,1,http://www.reactome.org/biopax/96/56210#Catalysis2416
445,4052|9025|9181|9211,8958|9183|9184,4,3,http://www.reactome.org/biopax/96/56210#BiochemicalReaction423,1,http://www.reactome.org/biopax/96/56210#Catalysis237
446,5048|8324|9308,8243|8328,3,2,http://www.reactome.org/biopax/96/56210#BiochemicalReaction2714,1,http://www.reactome.org/biopax/96/56210#Catalysis1572
447,2441|5442|8045,2442|8395,3,2,http://www.reactome.org/biopax/96/56210#BiochemicalReaction3593,1,http://www.reactome.org/biopax/96/56210#Catalysis2283
448,4920|9202,1770,2,1,http://www.reactome.org/biopax/96/56210#BiochemicalReaction2546,1,http://www.reactome.org/biopax/96/56210#Catalysis1409
449,1744|8074|9110,8076|9109,3,2,http://www.reactome.org/biopax/96/56210#BiochemicalReaction2470,1,http://www.reactome.org/biopax/96/56210#Catalysis1335
450,3786|9139,9140,2,1,http://www.reactome.org/biopax/96/56210#BiochemicalReaction344,1,http://www.reactome.org/biopax/96/56210#Catalysis208
451,6916|6950|7186,7190,3,1,http://www.reactome.org/biopax/96/56210#BiochemicalReaction1471,-1,http://www.reactome.org/biopax/96/56210#Control149
452,1990|7178|8564,7182|8565|9308,3,3,http://www.reactome.org/biopax/96/56210#BiochemicalReaction2980,1,http://www.reactome.org/biopax/96/56210#Catalysis1802
453,1746|8123|8187,8188,3,1,http://www.reactome.org/biopax/96/56210#BiochemicalReaction2537,1,http://www.reactome.org/biopax/96/56210#Catalysis1400
454,5572|9152,9153,2,1,http://www.reactome.org/biopax/96/56210#BiochemicalReaction287,1,http://www.reactome.org/biopax/96/56210#Catalysis170
455,1763|8123|8163|8164,8165|8166|8167,4,3,http://www.reactome.org/biopax/96/56210#BiochemicalReaction2522,1,http://www.reactome.org/biopax/96/56210#Catalysis1385
456,6287|9268|9270,9271|9272,3,2,http://www.reactome.org/biopax/96/56210#BiochemicalReaction479,1,http://www.reactome.org/biopax/96/56210#Catalysis290
457,1513|4693|8134,1510|9138,3,2,http://www.reactome.org/biopax/96/56210#BiochemicalReaction2083,1,http://www.reactome.org/biopax/96/56210#Catalysis1047
459,640|6916,7051|7067|7068,2,3,http://www.reactome.org/biopax/96/56210#BiochemicalReaction1333,1,http://www.reactome.org/biopax/96/56210#Catalysis731
460,3222,3223|7584,1,2,http://www.reactome.org/biopax/96/56210#BiochemicalReaction4299,1,http://www.reactome.org/biopax/96/56210#Catalysis2555
461,642|8281,7051|7070|7071|8287,2,4,http://www.reactome.org/biopax/96/56210#BiochemicalReaction1336,1,http://www.reactome.org/biopax/96/56210#Catalysis732
462,6754|7664|8045,5786|8395,3,2,http://www.reactome.org/biopax/96/56210#BiochemicalReaction4402,1,http://www.reactome.org/biopax/96/56210#Catalysis2596
463,2121|7860|9252,8780|9457|9515,3,3,http://www.reactome.org/biopax/96/56210#BiochemicalReaction3205,1,http://www.reactome.org/biopax/96/56210#Catalysis2024
464,3546|8134,3547|5509|5895|8476|9138,2,5,http://www.reactome.org/biopax/96/56210#BiochemicalReaction4620,1,http://www.reactome.org/biopax/96/56210#Catalysis2682
465,1697|4752|7909,4753|7902|9219,3,3,http://www.reactome.org/biopax/96/56210#BiochemicalReaction2315,1,http://www.reactome.org/biopax/96/56210#Catalysis1190
466,3608|3610|8134,3609|5913|9138,3,3,http://www.reactome.org/biopax/96/56210#BiochemicalReaction4655,1,http://www.reactome.org/biopax/96/56210#Catalysis2692
467,754|7530,754,2,1,http://www.reactome.org/biopax/96/56210#BiochemicalReaction2020,1,http://www.reactome.org/biopax/96/56210#Catalysis1018
468,4918|7962|9308,8005|8476,3,2,http://www.reactome.org/biopax/96/56210#BiochemicalReaction2415,1,http://www.reactome.org/biopax/96/56210#Catalysis1282
469,1903|5112|9159,5110|9002|9161,3,3,http://www.reactome.org/biopax/96/56210#BiochemicalReaction2877,1,http://www.reactome.org/biopax/96/56210#Catalysis1721
470,2018|8629|9516,8182|8632,3,2,http://www.reactome.org/biopax/96/56210#BiochemicalReaction3036,1,http://www.reactome.org/biopax/96/56210#Catalysis1858
471,6270|8542|9144|9194|9515,9142|9149|9170|9193,5,4,http://www.reactome.org/biopax/96/56210#BiochemicalReaction455,1,http://www.reactome.org/biopax/96/56210#Catalysis267
472,1946|8513|9002|9161,8514|9014|9159,4,3,http://www.reactome.org/biopax/96/56210#BiochemicalReaction2913,1,http://www.reactome.org/biopax/96/56210#Catalysis1746
473,5276|5291|5303,2255,3,1,http://www.reactome.org/biopax/96/56210#BiochemicalReaction3393,1,http://www.reactome.org/biopax/96/56210#Catalysis2197
474,3126|5693|8045,5692|8395,3,2,http://www.reactome.org/biopax/96/56210#BiochemicalReaction4207,1,http://www.reactome.org/biopax/96/56210#Catalysis2522
475,4085|5803,6793,2,1,http://www.reactome.org/biopax/96/56210#BiochemicalReaction4422,1,http://www.reactome.org/biopax/96/56210#Catalysis2609
476,996|1000|8581,997,3,1,http://www.reactome.org/biopax/96/56210#BiochemicalReaction157,1,http://www.reactome.org/biopax/96/56210#Control11
477,1650|8045|8938,1653,3,1,http://www.reactome.org/biopax/96/56210#BiochemicalReaction2229,-1,http://www.reactome.org/biopax/96/56210#Control200
478,4988|4989,1797,2,1,http://www.reactome.org/biopax/96/56210#BiochemicalReaction2622,1,http://www.reactome.org/biopax/96/56210#Catalysis1485
479,1889|8497,1891|9124,2,2,http://www.reactome.org/biopax/96/56210#BiochemicalReaction2859,1,http://www.reactome.org/biopax/96/56210#Catalysis1704
480,5116|9002|9156|9183,5117|9562,4,2,http://www.reactome.org/biopax/96/56210#BiochemicalReaction2893,-1,http://www.reactome.org/biopax/96/56210#Control269
481,1969|8521|9156,7856|9135,3,2,http://www.reactome.org/biopax/96/56210#BiochemicalReaction3143,1,http://www.reactome.org/biopax/96/56210#Catalysis1962
482,4846|5518|7845,2651,3,1,http://www.reactome.org/biopax/96/56210#BiochemicalReaction3762,1,http://www.reactome.org/biopax/96/56210#Control351
483,2530|2664|5359|5399|5409|5414,2675,6,1,http://www.reactome.org/biopax/96/56210#BiochemicalReaction283,1,http://www.reactome.org/biopax/96/56210#Catalysis166
484,6351|8045|9085|9308,8395|8476|9471|9515,4,4,http://www.reactome.org/biopax/96/56210#BiochemicalReaction599,1,http://www.reactome.org/biopax/96/56210#Catalysis403
485,4158|4172,4170,2,1,http://www.reactome.org/biopax/96/56210#BiochemicalReaction686,1,http://www.reactome.org/biopax/96/56210#Control61
486,2368|5387|8045,5390|5391|8395,3,3,http://www.reactome.org/biopax/96/56210#BiochemicalReaction3512,1,http://www.reactome.org/biopax/96/56210#Catalysis2252
487,133|6951|8045,6961|8395,3,2,http://www.reactome.org/biopax/96/56210#BiochemicalReaction96,1,http://www.reactome.org/biopax/96/56210#Catalysis67
488,4088|9308,9269,2,1,http://www.reactome.org/biopax/96/56210#BiochemicalReaction584,1,http://www.reactome.org/biopax/96/56210#Catalysis392
489,6734|9308|9559,9560|9561,3,2,http://www.reactome.org/biopax/96/56210#BiochemicalReaction1005,1,http://www.reactome.org/biopax/96/56210#Catalysis612
490,2856|8045,2857|8395,2,2,http://www.reactome.org/biopax/96/56210#BiochemicalReaction3946,1,http://www.reactome.org/biopax/96/56210#Catalysis2433
491,4984|7746|9191,8267|9190,3,2,http://www.reactome.org/biopax/96/56210#BiochemicalReaction2606,1,http://www.reactome.org/biopax/96/56210#Catalysis1469
492,1891|7986|8146,7977|9094|9515,3,3,http://www.reactome.org/biopax/96/56210#BiochemicalReaction2861,1,http://www.reactome.org/biopax/96/56210#Catalysis1706
493,3317|9166,9121,2,1,http://www.reactome.org/biopax/96/56210#BiochemicalReaction317,1,http://www.reactome.org/biopax/96/56210#Catalysis191
494,5242|9120|9515,8162|9260,3,2,http://www.reactome.org/biopax/96/56210#BiochemicalReaction3259,1,http://www.reactome.org/biopax/96/56210#Catalysis2078
495,353|4085,354|6793,2,2,http://www.reactome.org/biopax/96/56210#BiochemicalReaction1048,1,http://www.reactome.org/biopax/96/56210#Catalysis633
496,6017|6019|9440,6018|9219|9438,3,3,http://www.reactome.org/biopax/96/56210#BiochemicalReaction4815,1,http://www.reactome.org/biopax/96/56210#Catalysis2803
497,3649|9308,3650|8476,2,2,http://www.reactome.org/biopax/96/56210#BiochemicalReaction4674,1,http://www.reactome.org/biopax/96/56210#Catalysis2708
498,4347|5769|8045,5773|8395,3,2,http://www.reactome.org/biopax/96/56210#BiochemicalReaction4374,1,http://www.reactome.org/biopax/96/56210#Catalysis2581
499,2682|2686|8045,2685|8395,3,2,http://www.reactome.org/biopax/96/56210#BiochemicalReaction3794,-1,http://www.reactome.org/biopax/96/56210#Control356
501,96|1227|8134,321|9138,3,2,http://www.reactome.org/biopax/96/56210#BiochemicalReaction1791,1,http://www.reactome.org/biopax/96/56210#Catalysis891
502,3172|5729|5730,3173,3,1,http://www.reactome.org/biopax/96/56210#BiochemicalReaction4259,1,http://www.reactome.org/biopax/96/56210#Control394
503,53|7460,6065|6473,2,2,http://www.reactome.org/biopax/96/56210#BiochemicalReaction4853,1,http://www.reactome.org/biopax/96/56210#Catalysis2836
504,643|7741,7742,2,1,http://www.reactome.org/biopax/96/56210#BiochemicalReaction1339,1,http://www.reactome.org/biopax/96/56210#Catalysis735
505,4347|5770|8045,5774|8395,3,2,http://www.reactome.org/biopax/96/56210#BiochemicalReaction4375,1,http://www.reactome.org/biopax/96/56210#Catalysis2582
506,3838|9308,3839|4527,2,2,http://www.reactome.org/biopax/96/56210#BiochemicalReaction4881,1,http://www.reactome.org/biopax/96/56210#Catalysis2856
507,2597|5518|7408|7845,2595,4,1,http://www.reactome.org/biopax/96/56210#BiochemicalReaction3719,-1,http://www.reactome.org/biopax/96/56210#Control346
508,8281|8625|9177,7786|8626|8627,3,3,http://www.reactome.org/biopax/96/56210#BiochemicalReaction3031,1,http://www.reactome.org/biopax/96/56210#Control303
509,3285|6898|8134,3365|9138,3,2,http://www.reactome.org/biopax/96/56210#BiochemicalReaction71,1,http://www.reactome.org/biopax/96/56210#Catalysis56
510,2094|8152|8786,8787|8962|9308,3,3,http://www.reactome.org/biopax/96/56210#BiochemicalReaction3212,1,http://www.reactome.org/biopax/96/56210#Catalysis2031
511,3063|8045,3064|8395,2,2,http://www.reactome.org/biopax/96/56210#BiochemicalReaction4147,1,http://www.reactome.org/biopax/96/56210#Catalysis2496
512,2237|2992,2993,2,1,http://www.reactome.org/biopax/96/56210#BiochemicalReaction4068,1,http://www.reactome.org/biopax/96/56210#Control378
513,1621|4870|8999|9002,4871|9014|9025,4,3,http://www.reactome.org/biopax/96/56210#BiochemicalReaction202,1,http://www.reactome.org/biopax/96/56210#Catalysis114
514,761|7850|9252|9308,7955|9457|9515,4,3,http://www.reactome.org/biopax/96/56210#BiochemicalReaction4,1,http://www.reactome.org/biopax/96/56210#Catalysis4
515,5063|7986|8424|9515,7977|8427,4,2,http://www.reactome.org/biopax/96/56210#BiochemicalReaction2775,1,http://www.reactome.org/biopax/96/56210#Catalysis1629
516,7911|8921|9438,7912|8920,3,2,http://www.reactome.org/biopax/96/56210#BiochemicalReaction3334,-1,http://www.reactome.org/biopax/96/56210#Control329
517,1631|9453,1637|9446|9515,2,3,http://www.reactome.org/biopax/96/56210#BiochemicalReaction2217,1,http://www.reactome.org/biopax/96/56210#Catalysis1096
518,6923|9402,9404,2,1,http://www.reactome.org/biopax/96/56210#BiochemicalReaction2059,1,http://www.reactome.org/biopax/96/56210#Catalysis1042
519,219|345|6672,220|6668|6669,3,3,http://www.reactome.org/biopax/96/56210#BiochemicalReaction956,1,http://www.reactome.org/biopax/96/56210#Control88
520,861|864|9175,884|9545,3,2,http://www.reactome.org/biopax/96/56210#BiochemicalReaction1533,1,http://www.reactome.org/biopax/96/56210#Catalysis801
521,4944|8050,9292,2,1,http://www.reactome.org/biopax/96/56210#BiochemicalReaction2454,1,http://www.reactome.org/biopax/96/56210#Catalysis1319
522,5092|9125,1873,2,1,http://www.reactome.org/biopax/96/56210#BiochemicalReaction2843,1,http://www.reactome.org/biopax/96/56210#Catalysis1693
523,166|6970|9308,198|8476,3,2,http://www.reactome.org/biopax/96/56210#BiochemicalReaction100,1,http://www.reactome.org/biopax/96/56210#Catalysis70
524,2025|8045|8643,8395|8644,3,2,http://www.reactome.org/biopax/96/56210#BiochemicalReaction3050,1,http://www.reactome.org/biopax/96/56210#Catalysis1872
525,3091|9252,3092|7795,2,2,http://www.reactome.org/biopax/96/56210#BiochemicalReaction4170,1,http://www.reactome.org/biopax/96/56210#Catalysis2502
527,3281|3283|8045,3284|8395,3,2,http://www.reactome.org/biopax/96/56210#BiochemicalReaction4365,-1,http://www.reactome.org/biopax/96/56210#Control411
528,1216|4565|8281,30|1225|6956|6960|8270|8287,3,6,http://www.reactome.org/biopax/96/56210#BiochemicalReaction163,1,http://www.reactome.org/biopax/96/56210#Control13
529,6816|9125,377,2,1,http://www.reactome.org/biopax/96/56210#BiochemicalReaction2842,1,http://www.reactome.org/biopax/96/56210#Catalysis1692
530,813|7183|8281,805|9545,3,2,http://www.reactome.org/biopax/96/56210#BiochemicalReaction1466,1,http://www.reactome.org/biopax/96/56210#Catalysis790
531,2349|8259,2350|8270,2,2,http://www.reactome.org/biopax/96/56210#BiochemicalReaction3490,1,http://www.reactome.org/biopax/96/56210#Catalysis2240
532,6373|9240,7788,2,1,http://www.reactome.org/biopax/96/56210#BiochemicalReaction643,1,http://www.reactome.org/biopax/96/56210#Catalysis440
533,2777|8045|8962|9165,8395|8476|8857|9515,4,4,http://www.reactome.org/biopax/96/56210#BiochemicalReaction299,1,http://www.reactome.org/biopax/96/56210#Catalysis180
534,3202|8259,3203|8270,2,2,http://www.reactome.org/biopax/96/56210#BiochemicalReaction4287,1,http://www.reactome.org/biopax/96/56210#Catalysis2554
535,4084|9308,9269,2,1,http://www.reactome.org/biopax/96/56210#BiochemicalReaction578,1,http://www.reactome.org/biopax/96/56210#Catalysis386
536,5597|9151|9269,9143|9274,3,2,http://www.reactome.org/biopax/96/56210#BiochemicalReaction292,1,http://www.reactome.org/biopax/96/56210#Catalysis175
537,4406|6015|9445,6022|7902|9219,3,3,http://www.reactome.org/biopax/96/56210#BiochemicalReaction4817,1,http://www.reactome.org/biopax/96/56210#Catalysis2805
538,4918|8006|9308,8007|8476,3,2,http://www.reactome.org/biopax/96/56210#BiochemicalReaction2417,1,http://www.reactome.org/biopax/96/56210#Catalysis1284
539,1026|9139,9140,2,1,http://www.reactome.org/biopax/96/56210#BiochemicalReaction1622,1,http://www.reactome.org/biopax/96/56210#Catalysis828
540,6376|9149|9165,9495|9515,3,2,http://www.reactome.org/biopax/96/56210#BiochemicalReaction650,1,http://www.reactome.org/biopax/96/56210#Catalysis447
541,1948|5143|8513,1947|8514|9002,3,3,http://www.reactome.org/biopax/96/56210#BiochemicalReaction2916,1,http://www.reactome.org/biopax/96/56210#Catalysis1749
542,7732|7901|8045,8395|9439|9515,3,3,http://www.reactome.org/biopax/96/56210#BiochemicalReaction2296,1,http://www.reactome.org/biopax/96/56210#Catalysis1173
543,1752|8131|9025,8132,3,1,http://www.reactome.org/biopax/96/56210#BiochemicalReaction2507,1,http://www.reactome.org/biopax/96/56210#Catalysis1372
544,1802|8045|8304,8297|8395,3,2,http://www.reactome.org/biopax/96/56210#BiochemicalReaction2669,1,http://www.reactome.org/biopax/96/56210#Catalysis1530
545,2159|8870,8162|9131,2,2,http://www.reactome.org/biopax/96/56210#BiochemicalReaction3285,1,http://www.reactome.org/biopax/96/56210#Catalysis2104
546,4090|4091,4087,2,1,http://www.reactome.org/biopax/96/56210#BiochemicalReaction580,1,http://www.reactome.org/biopax/96/56210#Catalysis388
547,763|8259,772|8270,2,2,http://www.reactome.org/biopax/96/56210#BiochemicalReaction2012,1,http://www.reactome.org/biopax/96/56210#Catalysis1013
548,6465|7477|8259,7476|8270,3,2,http://www.reactome.org/biopax/96/56210#BiochemicalReaction1856,1,http://www.reactome.org/biopax/96/56210#Catalysis920
549,5169|8605|9308,8476|8606|9515,3,3,http://www.reactome.org/biopax/96/56210#BiochemicalReaction3015,1,http://www.reactome.org/biopax/96/56210#Catalysis1837
550,3826|9308,4527|6082,2,2,http://www.reactome.org/biopax/96/56210#BiochemicalReaction4874,1,http://www.reactome.org/biopax/96/56210#Catalysis2851
551,3939|6157|9269,6158,3,1,http://www.reactome.org/biopax/96/56210#BiochemicalReaction4977,1,http://www.reactome.org/biopax/96/56210#Catalysis2900
552,198|258|8045,166|8395,3,2,http://www.reactome.org/biopax/96/56210#BiochemicalReaction101,-1,http://www.reactome.org/biopax/96/56210#Control5
553,1659|7859,9308|9326,2,2,http://www.reactome.org/biopax/96/56210#BiochemicalReaction2263,1,http://www.reactome.org/biopax/96/56210#Catalysis1140
554,3951|9269|9408,9103|9412,3,2,http://www.reactome.org/biopax/96/56210#BiochemicalReaction4995,1,http://www.reactome.org/biopax/96/56210#Catalysis2911
555,3486|8134,3487|9138,2,2,http://www.reactome.org/biopax/96/56210#BiochemicalReaction4584,1,http://www.reactome.org/biopax/96/56210#Catalysis2671
556,4236,4235|9537,1,2,http://www.reactome.org/biopax/96/56210#BiochemicalReaction748,1,http://www.reactome.org/biopax/96/56210#Catalysis490
557,6741|8176|8178,8079|8179,3,2,http://www.reactome.org/biopax/96/56210#BiochemicalReaction2531,1,http://www.reactome.org/biopax/96/56210#Catalysis1394
558,6301|9214|9325,9326|9328,3,2,http://www.reactome.org/biopax/96/56210#BiochemicalReaction499,1,http://www.reactome.org/biopax/96/56210#Catalysis310
559,279|6703,281,2,1,http://www.reactome.org/biopax/96/56210#BiochemicalReaction1002,1,http://www.reactome.org/biopax/96/56210#Control99
560,3060|8045|8260,8395|9566,3,2,http://www.reactome.org/biopax/96/56210#BiochemicalReaction4145,1,http://www.reactome.org/biopax/96/56210#Catalysis2495
561,4402|6011|9079,4403|9080|9256,3,3,http://www.reactome.org/biopax/96/56210#BiochemicalReaction4811,1,http://www.reactome.org/biopax/96/56210#Catalysis2799
562,2174|8883|9469,8516|9002,3,2,http://www.reactome.org/biopax/96/56210#BiochemicalReaction3294,1,http://www.reactome.org/biopax/96/56210#Catalysis2113
563,8512|9159|9183,9156|9161|9562,3,3,http://www.reactome.org/biopax/96/56210#BiochemicalReaction2892,1,http://www.reactome.org/biopax/96/56210#Control263
564,1686|7888|9560,7863|7889,3,2,http://www.reactome.org/biopax/96/56210#BiochemicalReaction2282,1,http://www.reactome.org/biopax/96/56210#Catalysis1159
565,2435|8045,2436|8395,2,2,http://www.reactome.org/biopax/96/56210#BiochemicalReaction3583,1,http://www.reactome.org/biopax/96/56210#Catalysis2278
566,3535|3558,2996,2,1,http://www.reactome.org/biopax/96/56210#BiochemicalReaction4072,1,http://www.reactome.org/biopax/96/56210#Catalysis2466
567,1693|7909|9219,7910|9443,3,2,http://www.reactome.org/biopax/96/56210#BiochemicalReaction2307,1,http://www.reactome.org/biopax/96/56210#Catalysis1182
568,4888|7896|7928,7917|7929,3,2,http://www.reactome.org/biopax/96/56210#BiochemicalReaction2353,1,http://www.reactome.org/biopax/96/56210#Catalysis1220
569,4966|8195|9513,8204|9148,3,2,http://www.reactome.org/biopax/96/56210#BiochemicalReaction2551,1,http://www.reactome.org/biopax/96/56210#Catalysis1414
570,2545|8045,2546|8395,2,2,http://www.reactome.org/biopax/96/56210#BiochemicalReaction3678,1,http://www.reactome.org/biopax/96/56210#Catalysis2307
571,442|1591|8134,443|9138,3,2,http://www.reactome.org/biopax/96/56210#BiochemicalReaction2180,1,http://www.reactome.org/biopax/96/56210#Catalysis1086
572,1369|8259,1370|8270,2,2,http://www.reactome.org/biopax/96/56210#BiochemicalReaction1928,1,http://www.reactome.org/biopax/96/56210#Catalysis959
573,2206|2207|5271,2205|2209|9002,3,3,http://www.reactome.org/biopax/96/56210#BiochemicalReaction3354,1,http://www.reactome.org/biopax/96/56210#Catalysis2172
574,1665|7863,7864,2,1,http://www.reactome.org/biopax/96/56210#BiochemicalReaction2242,1,http://www.reactome.org/biopax/96/56210#Catalysis1120
575,4777|4895|9440,4778|9219|9438,3,3,http://www.reactome.org/biopax/96/56210#BiochemicalReaction2349,1,http://www.reactome.org/biopax/96/56210#Catalysis1218
576,5031|8337|9437,7902|8338|9219,3,3,http://www.reactome.org/biopax/96/56210#BiochemicalReaction2696,1,http://www.reactome.org/biopax/96/56210#Catalysis1556
577,6871|9196|9308,8214|8245,3,2,http://www.reactome.org/biopax/96/56210#BiochemicalReaction2587,1,http://www.reactome.org/biopax/96/56210#Catalysis1450
578,6414|8101,8095,2,1,http://www.reactome.org/biopax/96/56210#BiochemicalReaction49,1,http://www.reactome.org/biopax/96/56210#Catalysis47
579,6009|7445|8259,6010|8270,3,2,http://www.reactome.org/biopax/96/56210#BiochemicalReaction1102,1,http://www.reactome.org/biopax/96/56210#Catalysis665
580,3635|3638|8134,3637|5913|9138,3,3,http://www.reactome.org/biopax/96/56210#BiochemicalReaction4668,1,http://www.reactome.org/biopax/96/56210#Catalysis2704
581,2625|8045|9566,8395|9122,3,2,http://www.reactome.org/biopax/96/56210#BiochemicalReaction3743,1,http://www.reactome.org/biopax/96/56210#Catalysis2336
582,3090|4085,5672|6793,2,2,http://www.reactome.org/biopax/96/56210#BiochemicalReaction4168,1,http://www.reactome.org/biopax/96/56210#Catalysis2501
584,4213|6749|8045,5807|8395,3,2,http://www.reactome.org/biopax/96/56210#BiochemicalReaction4426,1,http://www.reactome.org/biopax/96/56210#Catalysis2612
585,6245|8045|9195|9308,8395|8476|9198,4,3,http://www.reactome.org/biopax/96/56210#BiochemicalReaction416,1,http://www.reactome.org/biopax/96/56210#Catalysis231
586,1762|8160,8161|8163,2,2,http://www.reactome.org/biopax/96/56210#BiochemicalReaction2521,1,http://www.reactome.org/biopax/96/56210#Catalysis1384
588,7613|7824|9308,7825|7826|9515,3,3,http://www.reactome.org/biopax/96/56210#BiochemicalReaction2110,1,http://www.reactome.org/biopax/96/56210#Catalysis1057
589,45|884|8259,884|9545|9550,3,3,http://www.reactome.org/biopax/96/56210#BiochemicalReaction1534,1,http://www.reactome.org/biopax/96/56210#Catalysis802
591,3954|9025|9181,3953|9183|9184,3,3,http://www.reactome.org/biopax/96/56210#BiochemicalReaction4998,1,http://www.reactome.org/biopax/96/56210#Catalysis2913
592,2005|8667|9269,8668|9249,3,2,http://www.reactome.org/biopax/96/56210#BiochemicalReaction3085,1,http://www.reactome.org/biopax/96/56210#Catalysis1906
593,7854|7855|9181|9317,7856|9002|9183|9184,4,4,http://www.reactome.org/biopax/96/56210#BiochemicalReaction2235,-1,http://www.reactome.org/biopax/96/56210#Control201
594,1741|8491|9308,8492,3,1,http://www.reactome.org/biopax/96/56210#BiochemicalReaction2834,1,http://www.reactome.org/biopax/96/56210#Catalysis1684
595,2183|7977|8907|9308,7986|8908|9515,4,3,http://www.reactome.org/biopax/96/56210#BiochemicalReaction3321,1,http://www.reactome.org/biopax/96/56210#Control327
596,1821|9349|9513|9515,8162|8317|9148,4,3,http://www.reactome.org/biopax/96/56210#BiochemicalReaction2677,1,http://www.reactome.org/biopax/96/56210#Catalysis1538
598,4096|8146|8191|9515,9467,4,1,http://www.reactome.org/biopax/96/56210#BiochemicalReaction592,1,http://www.reactome.org/biopax/96/56210#Catalysis398
599,4451|8045|9308|9476,8395|8476|9475,4,3,http://www.reactome.org/biopax/96/56210#BiochemicalReaction605,1,http://www.reactome.org/biopax/96/56210#Catalysis409
600,8102|8525|8526,8103|9156,3,2,http://www.reactome.org/biopax/96/56210#BiochemicalReaction2939,1,http://www.reactome.org/biopax/96/56210#Control283
601,54|3797|6061,3798|6473,3,2,http://www.reactome.org/biopax/96/56210#BiochemicalReaction4858,1,http://www.reactome.org/biopax/96/56210#Catalysis2841
602,20|6456|8259,6457|8270,3,2,http://www.reactome.org/biopax/96/56210#BiochemicalReaction796,1,http://www.reactome.org/biopax/96/56210#Catalysis516
603,4655|4897|9105,4898|9025,3,2,http://www.reactome.org/biopax/96/56210#BiochemicalReaction212,1,http://www.reactome.org/biopax/96/56210#Catalysis122
604,4647|8045,4648|8395,2,2,http://www.reactome.org/biopax/96/56210#BiochemicalReaction1779,1,http://www.reactome.org/biopax/96/56210#Catalysis885
605,6356|7986|8389|9515,7977|8391,4,2,http://www.reactome.org/biopax/96/56210#BiochemicalReaction2746,1,http://www.reactome.org/biopax/96/56210#Catalysis1600
606,4975|8245|9513,9148|9196,3,2,http://www.reactome.org/biopax/96/56210#BiochemicalReaction2588,1,http://www.reactome.org/biopax/96/56210#Catalysis1451
607,3383|8202|8213,3385|7584|8224|8232|8957,3,5,http://www.reactome.org/biopax/96/56210#BiochemicalReaction4485,1,http://www.reactome.org/biopax/96/56210#Catalysis2635
608,4993|8289|9308,8244|8476,3,2,http://www.reactome.org/biopax/96/56210#BiochemicalReaction2630,1,http://www.reactome.org/biopax/96/56210#Catalysis1493
609,3372|8045,310|3370|5824|8395,2,4,http://www.reactome.org/biopax/96/56210#BiochemicalReaction4475,1,http://www.reactome.org/biopax/96/56210#Catalysis2631
610,1746|8076|8123,8077,3,1,http://www.reactome.org/biopax/96/56210#BiochemicalReaction2471,1,http://www.reactome.org/biopax/96/56210#Catalysis1336
611,1840|7986|8370|9515,7977|8371|9148,4,3,http://www.reactome.org/biopax/96/56210#BiochemicalReaction2723,1,http://www.reactome.org/biopax/96/56210#Catalysis1581
612,2995|5629|8045,5633|8395,3,2,http://www.reactome.org/biopax/96/56210#BiochemicalReaction4071,1,http://www.reactome.org/biopax/96/56210#Catalysis2465
613,3766|7868|9146,9030|9148|9515,3,3,http://www.reactome.org/biopax/96/56210#BiochemicalReaction4766,1,http://www.reactome.org/biopax/96/56210#Catalysis2756
614,6255|9170|9223|9224,9121|9139|9220,4,3,http://www.reactome.org/biopax/96/56210#BiochemicalReaction438,1,http://www.reactome.org/biopax/96/56210#Catalysis250
615,1746|8164|8188,8165|8167|8189,3,3,http://www.reactome.org/biopax/96/56210#BiochemicalReaction2538,1,http://www.reactome.org/biopax/96/56210#Catalysis1401
616,4766|4891|9437,4767|7902|9219,3,3,http://www.reactome.org/biopax/96/56210#BiochemicalReaction2341,1,http://www.reactome.org/biopax/96/56210#Catalysis1211
618,439|5747,5748,2,1,http://www.reactome.org/biopax/96/56210#BiochemicalReaction4314,1,http://www.reactome.org/biopax/96/56210#Control397
619,4783|7945|9436,7902|7946,3,2,http://www.reactome.org/biopax/96/56210#BiochemicalReaction2364,1,http://www.reactome.org/biopax/96/56210#Catalysis1231
620,7741|8045,7865|8395|9515,2,3,http://www.reactome.org/biopax/96/56210#BiochemicalReaction2255,-1,http://www.reactome.org/biopax/96/56210#Control211
621,1236|8045,1237|8395,2,2,http://www.reactome.org/biopax/96/56210#BiochemicalReaction1800,1,http://www.reactome.org/biopax/96/56210#Catalysis895
622,681|716|7028|7128,717,4,1,http://www.reactome.org/biopax/96/56210#BiochemicalReaction1399,-1,http://www.reactome.org/biopax/96/56210#Control140
623,5191|8045|8660,8395|8661|9515,3,3,http://www.reactome.org/biopax/96/56210#BiochemicalReaction3079,1,http://www.reactome.org/biopax/96/56210#Catalysis1900
624,1740|8050,9291,2,1,http://www.reactome.org/biopax/96/56210#BiochemicalReaction2456,1,http://www.reactome.org/biopax/96/56210#Catalysis1321
625,3280|3281|8045,3284|8395,3,2,http://www.reactome.org/biopax/96/56210#BiochemicalReaction4365,-1,http://www.reactome.org/biopax/96/56210#Control412
626,668|8259,678|7355|8270,2,3,http://www.reactome.org/biopax/96/56210#BiochemicalReaction129,1,http://www.reactome.org/biopax/96/56210#Catalysis86
627,1554,1558,1,1,http://www.reactome.org/biopax/96/56210#BiochemicalReaction4086,1,http://www.reactome.org/biopax/96/56210#Catalysis2474
628,1984|8544|9397,8476|8545|9515,3,3,http://www.reactome.org/biopax/96/56210#BiochemicalReaction2960,1,http://www.reactome.org/biopax/96/56210#Catalysis1783
629,5526|5527|7845,2677,3,1,http://www.reactome.org/biopax/96/56210#BiochemicalReaction3786,1,http://www.reactome.org/biopax/96/56210#Control354
630,3129|3132|8045,3133|8395,3,2,http://www.reactome.org/biopax/96/56210#BiochemicalReaction4204,1,http://www.reactome.org/biopax/96/56210#Catalysis2519
631,4950|7832|8091,8092|9148,3,2,http://www.reactome.org/biopax/96/56210#BiochemicalReaction2480,1,http://www.reactome.org/biopax/96/56210#Catalysis1345
632,232|233|8281,234|9554,3,2,http://www.reactome.org/biopax/96/56210#BiochemicalReaction969,1,http://www.reactome.org/biopax/96/56210#Catalysis596
633,1662|7861|8395,7860|8045,3,2,http://www.reactome.org/biopax/96/56210#BiochemicalReaction2261,1,http://www.reactome.org/biopax/96/56210#Catalysis1138
635,1968|7858|9457|9515,9252|9315,4,2,http://www.reactome.org/biopax/96/56210#BiochemicalReaction2929,1,http://www.reactome.org/biopax/96/56210#Catalysis1758
636,5045|8340|9308,8243|8361,3,2,http://www.reactome.org/biopax/96/56210#BiochemicalReaction2712,1,http://www.reactome.org/biopax/96/56210#Catalysis1570
637,681|7122|8303,709|8313,3,2,http://www.reactome.org/biopax/96/56210#BiochemicalReaction1393,1,http://www.reactome.org/biopax/96/56210#Catalysis760
638,4686|9269|9502,9149|9503|9510,3,3,http://www.reactome.org/biopax/96/56210#BiochemicalReaction2051,1,http://www.reactome.org/biopax/96/56210#Catalysis1035
639,4450|6344,4101,2,1,http://www.reactome.org/biopax/96/56210#BiochemicalReaction595,1,http://www.reactome.org/biopax/96/56210#Catalysis400
640,1475|4575,6916,2,1,http://www.reactome.org/biopax/96/56210#BiochemicalReaction1459,1,http://www.reactome.org/biopax/96/56210#Catalysis787
641,727|7749|8322,728|8331,3,2,http://www.reactome.org/biopax/96/56210#BiochemicalReaction1408,1,http://www.reactome.org/biopax/96/56210#Control141
642,1781|7960|8225,8226|9555,3,2,http://www.reactome.org/biopax/96/56210#BiochemicalReaction2570,1,http://www.reactome.org/biopax/96/56210#Catalysis1433
643,864|888|9175,889|9545,3,2,http://www.reactome.org/biopax/96/56210#BiochemicalReaction1538,1,http://www.reactome.org/biopax/96/56210#Catalysis806
644,2112|8771,8772|9308,2,2,http://www.reactome.org/biopax/96/56210#BiochemicalReaction3195,1,http://www.reactome.org/biopax/96/56210#Catalysis2014
645,2741|9155|9156,9135|9157,3,2,http://www.reactome.org/biopax/96/56210#BiochemicalReaction290,1,http://www.reactome.org/biopax/96/56210#Catalysis173
647,3760|9444|9530,9008|9446|9515,3,3,http://www.reactome.org/biopax/96/56210#BiochemicalReaction4749,1,http://www.reactome.org/biopax/96/56210#Catalysis2739
648,1803|8045|9566,8395|9122,3,2,http://www.reactome.org/biopax/96/56210#BiochemicalReaction2635,1,http://www.reactome.org/biopax/96/56210#Catalysis1498
649,3771|9044,9045,2,1,http://www.reactome.org/biopax/96/56210#BiochemicalReaction4780,1,http://www.reactome.org/biopax/96/56210#Catalysis2770
650,4158|5843|8045,5788|8395,3,2,http://www.reactome.org/biopax/96/56210#BiochemicalReaction4524,1,http://www.reactome.org/biopax/96/56210#Catalysis2649
651,1971,1972|9025,1,2,http://www.reactome.org/biopax/96/56210#BiochemicalReaction2933,1,http://www.reactome.org/biopax/96/56210#Catalysis1761
652,6273|8542|9142,9144|9170,3,2,http://www.reactome.org/biopax/96/56210#BiochemicalReaction458,1,http://www.reactome.org/biopax/96/56210#Catalysis270
653,2088|8725|9515,8162|8727,3,2,http://www.reactome.org/biopax/96/56210#BiochemicalReaction3147,1,http://www.reactome.org/biopax/96/56210#Catalysis1966
655,2076|8698|9256,8697,3,1,http://www.reactome.org/biopax/96/56210#BiochemicalReaction3123,-1,http://www.reactome.org/biopax/96/56210#Control308
656,6735|9181|9562|9563,9565,4,1,http://www.reactome.org/biopax/96/56210#BiochemicalReaction1006,1,http://www.reactome.org/biopax/96/56210#Catalysis613
657,6363|9144,9142,2,1,http://www.reactome.org/biopax/96/56210#BiochemicalReaction617,1,http://www.reactome.org/biopax/96/56210#Catalysis420
659,3833|8281,3834|4411,2,2,http://www.reactome.org/biopax/96/56210#BiochemicalReaction4878,1,http://www.reactome.org/biopax/96/56210#Catalysis2855
660,2005|8612|9269,8613|9249,3,2,http://www.reactome.org/biopax/96/56210#BiochemicalReaction3020,1,http://www.reactome.org/biopax/96/56210#Catalysis1842
661,2882|6950|8322,2884|8331,3,2,http://www.reactome.org/biopax/96/56210#BiochemicalReaction3967,1,http://www.reactome.org/biopax/96/56210#Catalysis2440
662,1859|8447|9252,8396|9457|9515,3,3,http://www.reactome.org/biopax/96/56210#BiochemicalReaction2796,1,http://www.reactome.org/biopax/96/56210#Catalysis1648
663,3328|5812|8134,3329|9138,3,2,http://www.reactome.org/biopax/96/56210#BiochemicalReaction4437,1,http://www.reactome.org/biopax/96/56210#Catalysis2617
665,1947|8103,1948|8102,2,2,http://www.reactome.org/biopax/96/56210#BiochemicalReaction2914,1,http://www.reactome.org/biopax/96/56210#Catalysis1747
666,6336|9432|9444,9433|9445,3,2,http://www.reactome.org/biopax/96/56210#BiochemicalReaction572,1,http://www.reactome.org/biopax/96/56210#Catalysis381
667,5227|7986|8146|8786|9515,7977|8789|9308,5,3,http://www.reactome.org/biopax/96/56210#BiochemicalReaction3213,1,http://www.reactome.org/biopax/96/56210#Catalysis2032
668,4940|7896|8037,8036|8038|9321,3,3,http://www.reactome.org/biopax/96/56210#BiochemicalReaction2448,1,http://www.reactome.org/biopax/96/56210#Catalysis1313
669,2231|2233,2257|8476,2,2,http://www.reactome.org/biopax/96/56210#BiochemicalReaction3399,1,http://www.reactome.org/biopax/96/56210#Catalysis2203
670,1147|1148|8045,1149|8395,3,2,http://www.reactome.org/biopax/96/56210#BiochemicalReaction1726,1,http://www.reactome.org/biopax/96/56210#Catalysis871
671,53|345|6049,6072|6473,3,2,http://www.reactome.org/biopax/96/56210#BiochemicalReaction4857,1,http://www.reactome.org/biopax/96/56210#Catalysis2840
672,7728|7743|9308,7885|9515,3,2,http://www.reactome.org/biopax/96/56210#BiochemicalReaction2275,1,http://www.reactome.org/biopax/96/56210#Catalysis1152
673,1741|8479|9308,8480,3,1,http://www.reactome.org/biopax/96/56210#BiochemicalReaction2828,1,http://www.reactome.org/biopax/96/56210#Catalysis1678
674,2058|9159|9181,8118|9002|9183,3,3,http://www.reactome.org/biopax/96/56210#BiochemicalReaction3087,1,http://www.reactome.org/biopax/96/56210#Catalysis1908
675,4932|8009|8045|9148,8022|8938|8974|9308,4,4,http://www.reactome.org/biopax/96/56210#BiochemicalReaction2438,1,http://www.reactome.org/biopax/96/56210#Catalysis1303
676,4594|6439,4235|7758,2,2,http://www.reactome.org/biopax/96/56210#BiochemicalReaction1579,1,http://www.reactome.org/biopax/96/56210#Catalysis819
677,2969|7648|8045,7650|8395,3,2,http://www.reactome.org/biopax/96/56210#BiochemicalReaction2161,1,http://www.reactome.org/biopax/96/56210#Catalysis1082
678,745|7147|7149,742,3,1,http://www.reactome.org/biopax/96/56210#BiochemicalReaction1422,-1,http://www.reactome.org/biopax/96/56210#Control144
679,1430|1431|9308,1432|8476,3,2,http://www.reactome.org/biopax/96/56210#BiochemicalReaction1996,1,http://www.reactome.org/biopax/96/56210#Catalysis1007
680,2200|8931|9246,8932|8933,3,2,http://www.reactome.org/biopax/96/56210#BiochemicalReaction3344,1,http://www.reactome.org/biopax/96/56210#Catalysis2162
681,2921|7072|8045,7050|8395,3,2,http://www.reactome.org/biopax/96/56210#BiochemicalReaction3999,1,http://www.reactome.org/biopax/96/56210#Catalysis2453
682,425|6793,6851|6859,2,2,http://www.reactome.org/biopax/96/56210#BiochemicalReaction1136,1,http://www.reactome.org/biopax/96/56210#Catalysis675
683,1467|6916,1468,2,1,http://www.reactome.org/biopax/96/56210#BiochemicalReaction2039,1,http://www.reactome.org/biopax/96/56210#Catalysis1027
685,5004|6574|8045,5005|8395|9515,3,3,http://www.reactome.org/biopax/96/56210#BiochemicalReaction2656,1,http://www.reactome.org/biopax/96/56210#Catalysis1519
686,2581|3339|3340|3584|3585|3586|3587|5910|9570,3567|3588|4994,9,3,http://www.reactome.org/biopax/96/56210#BiochemicalReaction4646,1,http://www.reactome.org/biopax/96/56210#Control428
687,7741|8045|8938,7865|8395|9515,3,3,http://www.reactome.org/biopax/96/56210#BiochemicalReaction2255,1,http://www.reactome.org/biopax/96/56210#Control208
688,2155|9381|9515,8162|8844,3,2,http://www.reactome.org/biopax/96/56210#BiochemicalReaction3261,1,http://www.reactome.org/biopax/96/56210#Catalysis2080
689,1626|7848,7742,2,1,http://www.reactome.org/biopax/96/56210#BiochemicalReaction2233,1,http://www.reactome.org/biopax/96/56210#Catalysis1111
690,3937|6156|9269,6157,3,1,http://www.reactome.org/biopax/96/56210#BiochemicalReaction4975,1,http://www.reactome.org/biopax/96/56210#Catalysis2898
691,4441|8152|9305,9304|9306,3,2,http://www.reactome.org/biopax/96/56210#BiochemicalReaction491,1,http://www.reactome.org/biopax/96/56210#Catalysis302
692,7526|7547|8045,7548|8395,3,2,http://www.reactome.org/biopax/96/56210#BiochemicalReaction1989,1,http://www.reactome.org/biopax/96/56210#Catalysis1002
693,4732|4734|9445,4733|7902|9219,3,3,http://www.reactome.org/biopax/96/56210#BiochemicalReaction2298,1,http://www.reactome.org/biopax/96/56210#Catalysis1175
694,7470|7670|8259,7471|8270,3,2,http://www.reactome.org/biopax/96/56210#BiochemicalReaction1839,1,http://www.reactome.org/biopax/96/56210#Catalysis911
695,732|4673|8259,4674|8270,3,2,http://www.reactome.org/biopax/96/56210#BiochemicalReaction1921,1,http://www.reactome.org/biopax/96/56210#Catalysis955
696,756|8303,757|8313,2,2,http://www.reactome.org/biopax/96/56210#BiochemicalReaction1433,1,http://www.reactome.org/biopax/96/56210#Catalysis774
697,1636|7706,1639,2,1,http://www.reactome.org/biopax/96/56210#BiochemicalReaction2219,1,http://www.reactome.org/biopax/96/56210#Catalysis1098
698,0|8146|9308|9419,8600|8963,4,2,http://www.reactome.org/biopax/96/56210#BiochemicalReaction3009,1,http://www.reactome.org/biopax/96/56210#Catalysis1831
699,4649|7428|8045,7429|8395,3,2,http://www.reactome.org/biopax/96/56210#BiochemicalReaction1794,1,http://www.reactome.org/biopax/96/56210#Catalysis893
700,72|8928|9269,8929|9137,3,2,http://www.reactome.org/biopax/96/56210#BiochemicalReaction3341,1,http://www.reactome.org/biopax/96/56210#Catalysis2159
701,3281|3282|8045,3284|8395,3,2,http://www.reactome.org/biopax/96/56210#BiochemicalReaction4365,-1,http://www.reactome.org/biopax/96/56210#Control413
702,3783|3787|3789,3788|6060,3,2,http://www.reactome.org/biopax/96/56210#BiochemicalReaction4847,1,http://www.reactome.org/biopax/96/56210#Catalysis2831
703,6951|6968|8045,6967|8395,3,2,http://www.reactome.org/biopax/96/56210#BiochemicalReaction99,1,http://www.reactome.org/biopax/96/56210#Catalysis69
704,5016|7986|8317|9515,7977|8318,4,2,http://www.reactome.org/biopax/96/56210#BiochemicalReaction2678,1,http://www.reactome.org/biopax/96/56210#Catalysis1539
705,1646|9308,1647|8476,2,2,http://www.reactome.org/biopax/96/56210#BiochemicalReaction2226,1,http://www.reactome.org/biopax/96/56210#Catalysis1105
706,442|2662|8134,443|9138,3,2,http://www.reactome.org/biopax/96/56210#BiochemicalReaction3771,1,http://www.reactome.org/biopax/96/56210#Control353
707,6362|9484|9515,9144|9465,3,2,http://www.reactome.org/biopax/96/56210#BiochemicalReaction615,1,http://www.reactome.org/biopax/96/56210#Catalysis418
709,1280|6948|7465,1283,3,1,http://www.reactome.org/biopax/96/56210#BiochemicalReaction1846,-1,http://www.reactome.org/biopax/96/56210#Control171
710,4928,1734,1,1,http://www.reactome.org/biopax/96/56210#BiochemicalReaction2433,1,http://www.reactome.org/biopax/96/56210#Catalysis1298
711,2205|5271|8117|9002,2206|8118,4,2,http://www.reactome.org/biopax/96/56210#BiochemicalReaction3353,1,http://www.reactome.org/biopax/96/56210#Catalysis2171
712,4137|9269|9502,9503|9504,3,2,http://www.reactome.org/biopax/96/56210#BiochemicalReaction662,1,http://www.reactome.org/biopax/96/56210#Catalysis454
713,5228|8791,8792,2,1,http://www.reactome.org/biopax/96/56210#BiochemicalReaction3215,1,http://www.reactome.org/biopax/96/56210#Catalysis2034
714,686|732|8259,691|8270,3,2,http://www.reactome.org/biopax/96/56210#BiochemicalReaction1380,1,http://www.reactome.org/biopax/96/56210#Catalysis753
715,442|2668|8134,443|9138,3,2,http://www.reactome.org/biopax/96/56210#BiochemicalReaction3778,1,http://www.reactome.org/biopax/96/56210#Catalysis2351
716,2129|8045|8804|9308,8476|8805|8974,4,3,http://www.reactome.org/biopax/96/56210#BiochemicalReaction3232,1,http://www.reactome.org/biopax/96/56210#Catalysis2051
717,6790|7664|8045,5789|8395,3,2,http://www.reactome.org/biopax/96/56210#BiochemicalReaction4404,1,http://www.reactome.org/biopax/96/56210#Catalysis2598
718,259|261|9308,260|8938,3,2,http://www.reactome.org/biopax/96/56210#BiochemicalReaction993,1,http://www.reactome.org/biopax/96/56210#Catalysis604
719,686|793|8303,712|8313,3,2,http://www.reactome.org/biopax/96/56210#BiochemicalReaction1396,1,http://www.reactome.org/biopax/96/56210#Catalysis762
720,829|8281,825|830|7752,2,3,http://www.reactome.org/biopax/96/56210#BiochemicalReaction1482,1,http://www.reactome.org/biopax/96/56210#Catalysis794
721,5686|5687|8045,3122|8395,3,2,http://www.reactome.org/biopax/96/56210#BiochemicalReaction4195,1,http://www.reactome.org/biopax/96/56210#Control386
722,151,152,1,1,http://www.reactome.org/biopax/96/56210#BiochemicalReaction916,1,http://www.reactome.org/biopax/96/56210#Catalysis583
723,2073|8045|8690|8691|9308,8692|8938|8974,5,3,http://www.reactome.org/biopax/96/56210#BiochemicalReaction3119,1,http://www.reactome.org/biopax/96/56210#Catalysis1939
724,1958|1961|1963,1957|1964|5150,3,3,http://www.reactome.org/biopax/96/56210#BiochemicalReaction2925,1,http://www.reactome.org/biopax/96/56210#Catalysis1755
725,6733|8406,8406,2,1,http://www.reactome.org/biopax/96/56210#BiochemicalReaction2772,1,http://www.reactome.org/biopax/96/56210#Catalysis1626
727,2692|8045,2693|8395,2,2,http://www.reactome.org/biopax/96/56210#BiochemicalReaction3801,1,http://www.reactome.org/biopax/96/56210#Catalysis2363
728,464|7185|8295,7176|7182,3,2,http://www.reactome.org/biopax/96/56210#BiochemicalReaction108,1,http://www.reactome.org/biopax/96/56210#Control6
729,2684|8962|9515,8162|9152,3,2,http://www.reactome.org/biopax/96/56210#BiochemicalReaction285,1,http://www.reactome.org/biopax/96/56210#Catalysis168
730,205|345,206|207|345,2,3,http://www.reactome.org/biopax/96/56210#BiochemicalReaction947,1,http://www.reactome.org/biopax/96/56210#Control79
731,5144|5145,1949,2,1,http://www.reactome.org/biopax/96/56210#BiochemicalReaction2917,1,http://www.reactome.org/biopax/96/56210#Catalysis1750
732,1489|7584|7585,1490,3,1,http://www.reactome.org/biopax/96/56210#BiochemicalReaction2069,1,http://www.reactome.org/biopax/96/56210#Control182
733,4276|6916,4277|6450,2,2,http://www.reactome.org/biopax/96/56210#BiochemicalReaction779,1,http://www.reactome.org/biopax/96/56210#Catalysis508
734,1153|1155|4639,1154,3,1,http://www.reactome.org/biopax/96/56210#BiochemicalReaction1729,-1,http://www.reactome.org/biopax/96/56210#Control169
735,1113|7331,7332|7333,2,2,http://www.reactome.org/biopax/96/56210#BiochemicalReaction1684,1,http://www.reactome.org/biopax/96/56210#Catalysis848
736,442|2691|8134,443|9138,3,2,http://www.reactome.org/biopax/96/56210#BiochemicalReaction3799,1,http://www.reactome.org/biopax/96/56210#Control357
737,8134|9034|9515,8974|9455,3,2,http://www.reactome.org/biopax/96/56210#BiochemicalReaction4772,1,http://www.reactome.org/biopax/96/56210#Control434
738,2089|8729|9135,9156|9394,3,2,http://www.reactome.org/biopax/96/56210#BiochemicalReaction3148,1,http://www.reactome.org/biopax/96/56210#Catalysis1967
739,66|9549,67|9545,2,2,http://www.reactome.org/biopax/96/56210#BiochemicalReaction822,1,http://www.reactome.org/biopax/96/56210#Catalysis531
740,7084|7355|8259,7085|8270,3,2,http://www.reactome.org/biopax/96/56210#BiochemicalReaction1352,1,http://www.reactome.org/biopax/96/56210#Catalysis742
741,5063|7986|8412|9515,7977|8415,4,2,http://www.reactome.org/biopax/96/56210#BiochemicalReaction2764,1,http://www.reactome.org/biopax/96/56210#Catalysis1618
742,4493|9246|9309,9256|9259|9316,3,3,http://www.reactome.org/biopax/96/56210#BiochemicalReaction17,1,http://www.reactome.org/biopax/96/56210#Catalysis17
744,2910|8045,2911|8395,2,2,http://www.reactome.org/biopax/96/56210#BiochemicalReaction3991,1,http://www.reactome.org/biopax/96/56210#Catalysis2450
745,6394|9512|9513,9148|9514,3,2,http://www.reactome.org/biopax/96/56210#BiochemicalReaction669,1,http://www.reactome.org/biopax/96/56210#Catalysis457
746,6751|8175|8176,8079|8177,3,2,http://www.reactome.org/biopax/96/56210#BiochemicalReaction2530,1,http://www.reactome.org/biopax/96/56210#Catalysis1393
747,2142|8123|8820|9110,8819|8821|9109,4,3,http://www.reactome.org/biopax/96/56210#BiochemicalReaction3240,1,http://www.reactome.org/biopax/96/56210#Catalysis2059
748,2208|3934|6141|9002|9271,2210|3935|5233|9087|9088|9089|9090,5,7,http://www.reactome.org/biopax/96/56210#BiochemicalReaction4969,1,http://www.reactome.org/biopax/96/56210#Catalysis2893
749,5206|8714,8715,2,1,http://www.reactome.org/biopax/96/56210#BiochemicalReaction3134,1,http://www.reactome.org/biopax/96/56210#Catalysis1953
750,2725|5359|5399|5409|5414|5435,2737,6,1,http://www.reactome.org/biopax/96/56210#BiochemicalReaction288,1,http://www.reactome.org/biopax/96/56210#Catalysis171
751,1659|9308|9326,7859,3,1,http://www.reactome.org/biopax/96/56210#BiochemicalReaction2238,1,http://www.reactome.org/biopax/96/56210#Catalysis1116
752,637|9308,6793|6830|7049,2,3,http://www.reactome.org/biopax/96/56210#BiochemicalReaction1329,1,http://www.reactome.org/biopax/96/56210#Catalysis730
754,2877|6793,2878,2,1,http://www.reactome.org/biopax/96/56210#BiochemicalReaction3962,1,http://www.reactome.org/biopax/96/56210#Catalysis2438
755,3811|8281,3812|4411,2,2,http://www.reactome.org/biopax/96/56210#BiochemicalReaction4867,1,http://www.reactome.org/biopax/96/56210#Catalysis2845
756,4914|7989|8045,7980|8395,3,2,http://www.reactome.org/biopax/96/56210#BiochemicalReaction2396,1,http://www.reactome.org/biopax/96/56210#Catalysis1263
758,1799|8045|8244,8395|9520,3,2,http://www.reactome.org/biopax/96/56210#BiochemicalReaction2627,1,http://www.reactome.org/biopax/96/56210#Catalysis1490
760,866|8476|8586,8584|9419,3,2,http://www.reactome.org/biopax/96/56210#BiochemicalReaction3007,1,http://www.reactome.org/biopax/96/56210#Catalysis1829
761,7307,7308|7309,1,2,http://www.reactome.org/biopax/96/56210#BiochemicalReaction1669,1,http://www.reactome.org/biopax/96/56210#Catalysis842
762,4791|8045|9146|9193,8016|8395|8476|9515,4,4,http://www.reactome.org/biopax/96/56210#BiochemicalReaction2484,1,http://www.reactome.org/biopax/96/56210#Catalysis1349
763,1747|7832|8091,8092|9148,3,2,http://www.reactome.org/biopax/96/56210#BiochemicalReaction2479,1,http://www.reactome.org/biopax/96/56210#Control223
764,6369|8162,9491,2,1,http://www.reactome.org/biopax/96/56210#BiochemicalReaction639,1,http://www.reactome.org/biopax/96/56210#Catalysis438
766,3534|8134,3531|9138,2,2,http://www.reactome.org/biopax/96/56210#BiochemicalReaction4613,1,http://www.reactome.org/biopax/96/56210#Catalysis2679
767,7722|7986|8438|9515,7977|8439,4,2,http://www.reactome.org/biopax/96/56210#BiochemicalReaction2789,1,http://www.reactome.org/biopax/96/56210#Catalysis1641
768,5244|5245|5251,2156,3,1,http://www.reactome.org/biopax/96/56210#BiochemicalReaction3270,-1,http://www.reactome.org/biopax/96/56210#Control323
769,979|4565|7458,978|7457,3,2,http://www.reactome.org/biopax/96/56210#BiochemicalReaction150,1,http://www.reactome.org/biopax/96/56210#Control10
770,4065|9199|9515,9149|9162,3,2,http://www.reactome.org/biopax/96/56210#BiochemicalReaction502,1,http://www.reactome.org/biopax/96/56210#Catalysis313
771,1373|7487|8045,1374|8395,3,2,http://www.reactome.org/biopax/96/56210#BiochemicalReaction1931,1,http://www.reactome.org/biopax/96/56210#Catalysis960
772,3449|6899|8146|8152,6900|8162|8171,4,3,http://www.reactome.org/biopax/96/56210#BiochemicalReaction72,1,http://www.reactome.org/biopax/96/56210#Catalysis57
773,1681|9400,7880,2,1,http://www.reactome.org/biopax/96/56210#BiochemicalReaction2271,1,http://www.reactome.org/biopax/96/56210#Catalysis1148
774,1904|9025|9182,1903|9184,3,2,http://www.reactome.org/biopax/96/56210#BiochemicalReaction2881,1,http://www.reactome.org/biopax/96/56210#Control261
775,1793|8003|8262,9530|9555,3,2,http://www.reactome.org/biopax/96/56210#BiochemicalReaction2601,1,http://www.reactome.org/biopax/96/56210#Catalysis1464
776,5167|8587|9181,8588|9002|9183,3,3,http://www.reactome.org/biopax/96/56210#BiochemicalReaction2997,1,http://www.reactome.org/biopax/96/56210#Catalysis1819
777,8472|8816|9002|9211,8019|8871|9562,4,3,http://www.reactome.org/biopax/96/56210#BiochemicalReaction3286,-1,http://www.reactome.org/biopax/96/56210#Control324
778,2393|2403|8045,2404|8395,3,2,http://www.reactome.org/biopax/96/56210#BiochemicalReaction3548,1,http://www.reactome.org/biopax/96/56210#Catalysis2262
779,3302|8045,3303|8395,2,2,http://www.reactome.org/biopax/96/56210#BiochemicalReaction4387,1,http://www.reactome.org/biopax/96/56210#Catalysis2589
780,6465|7475|8259,7476|8270,3,2,http://www.reactome.org/biopax/96/56210#BiochemicalReaction1854,1,http://www.reactome.org/biopax/96/56210#Catalysis918
781,8045|9139,9140,2,1,http://www.reactome.org/biopax/96/56210#BiochemicalReaction343,-1,http://www.reactome.org/biopax/96/56210#Control38
782,6263|9239,9085,2,1,http://www.reactome.org/biopax/96/56210#BiochemicalReaction449,1,http://www.reactome.org/biopax/96/56210#Catalysis261
783,347|9166,9121,2,1,http://www.reactome.org/biopax/96/56210#BiochemicalReaction1043,1,http://www.reactome.org/biopax/96/56210#Catalysis631
784,5674|5801|6793,5802,3,1,http://www.reactome.org/biopax/96/56210#BiochemicalReaction4421,1,http://www.reactome.org/biopax/96/56210#Catalysis2608
785,4438|4440|8152,4439|9304,3,2,http://www.reactome.org/biopax/96/56210#BiochemicalReaction490,1,http://www.reactome.org/biopax/96/56210#Catalysis301
786,45|877|8259,875|8270|8287,3,3,http://www.reactome.org/biopax/96/56210#BiochemicalReaction1528,1,http://www.reactome.org/biopax/96/56210#Catalysis799
787,6259|9230|9496,9231|9515,3,2,http://www.reactome.org/biopax/96/56210#BiochemicalReaction442,1,http://www.reactome.org/biopax/96/56210#Catalysis254
788,1749|8045|9146|9193,8016|8395|8476|9515,4,4,http://www.reactome.org/biopax/96/56210#BiochemicalReaction2485,1,http://www.reactome.org/biopax/96/56210#Control228
789,432|7278|8259,7287|8270,3,2,http://www.reactome.org/biopax/96/56210#BiochemicalReaction115,1,http://www.reactome.org/biopax/96/56210#Catalysis79
790,3358|5821|8134,3357,3,1,http://www.reactome.org/biopax/96/56210#BiochemicalReaction4462,1,http://www.reactome.org/biopax/96/56210#Catalysis2628
791,2998|8134,3000|9138,2,2,http://www.reactome.org/biopax/96/56210#BiochemicalReaction4079,1,http://www.reactome.org/biopax/96/56210#Catalysis2472
792,5196|7986|8577|9515,7977|8532,4,2,http://www.reactome.org/biopax/96/56210#BiochemicalReaction3096,1,http://www.reactome.org/biopax/96/56210#Catalysis1916
793,4331|8986|8987,4332|9272,3,2,http://www.reactome.org/biopax/96/56210#BiochemicalReaction4303,1,http://www.reactome.org/biopax/96/56210#Control395
794,6002|9064|9445,7902|9068,3,2,http://www.reactome.org/biopax/96/56210#BiochemicalReaction4800,1,http://www.reactome.org/biopax/96/56210#Catalysis2788
795,6871|8226|9308,8214|8227,3,2,http://www.reactome.org/biopax/96/56210#BiochemicalReaction2571,1,http://www.reactome.org/biopax/96/56210#Catalysis1434
796,2373|8045,2374|8395,2,2,http://www.reactome.org/biopax/96/56210#BiochemicalReaction3517,1,http://www.reactome.org/biopax/96/56210#Catalysis2254
797,77|8259,78|8270|8287,2,3,http://www.reactome.org/biopax/96/56210#BiochemicalReaction827,1,http://www.reactome.org/biopax/96/56210#Catalysis535
798,6001|9061,7880|9062,2,2,http://www.reactome.org/biopax/96/56210#BiochemicalReaction4796,1,http://www.reactome.org/biopax/96/56210#Catalysis2784
800,8636|9123,8637,2,1,http://www.reactome.org/biopax/96/56210#BiochemicalReaction3040,-1,http://www.reactome.org/biopax/96/56210#Control305
801,2640|6793,2641,2,1,http://www.reactome.org/biopax/96/56210#BiochemicalReaction3755,1,http://www.reactome.org/biopax/96/56210#Catalysis2341
802,4527|6088|9308,4527|6398,3,2,http://www.reactome.org/biopax/96/56210#BiochemicalReaction4895,1,http://www.reactome.org/biopax/96/56210#Catalysis2867
803,4336|6422,6089,2,1,http://www.reactome.org/biopax/96/56210#BiochemicalReaction4896,1,http://www.reactome.org/biopax/96/56210#Catalysis2868
804,1563|1566|8134,1564|9138,3,2,http://www.reactome.org/biopax/96/56210#BiochemicalReaction2140,-1,http://www.reactome.org/biopax/96/56210#Control194
805,4888|7896|7921,7917|7922,3,2,http://www.reactome.org/biopax/96/56210#BiochemicalReaction2337,1,http://www.reactome.org/biopax/96/56210#Catalysis1207
806,2683|8045,2687|8395,2,2,http://www.reactome.org/biopax/96/56210#BiochemicalReaction3795,1,http://www.reactome.org/biopax/96/56210#Catalysis2360
807,5992|9048|9455,9049|9138,3,2,http://www.reactome.org/biopax/96/56210#BiochemicalReaction4785,1,http://www.reactome.org/biopax/96/56210#Catalysis2775
808,1153|4355|9308,1212|8476,3,2,http://www.reactome.org/biopax/96/56210#BiochemicalReaction4428,1,http://www.reactome.org/biopax/96/56210#Catalysis2614
809,3368|8045,3369|6864|8395,2,3,http://www.reactome.org/biopax/96/56210#BiochemicalReaction4472,1,http://www.reactome.org/biopax/96/56210#Catalysis2630
810,2060|7986|8672|9515,7977|8577,4,2,http://www.reactome.org/biopax/96/56210#BiochemicalReaction3094,1,http://www.reactome.org/biopax/96/56210#Catalysis1915
811,4789|7770|8062|9256|9589,8064|8065|9246,5,3,http://www.reactome.org/biopax/96/56210#BiochemicalReaction2465,1,http://www.reactome.org/biopax/96/56210#Catalysis1330
812,4971|8255|9513,8254|9148,3,2,http://www.reactome.org/biopax/96/56210#BiochemicalReaction2595,1,http://www.reactome.org/biopax/96/56210#Catalysis1458
813,6261|9233|9234,9235|9515,3,2,http://www.reactome.org/biopax/96/56210#BiochemicalReaction447,1,http://www.reactome.org/biopax/96/56210#Catalysis259
814,7711|7856|9117,7847|9325|9562,3,3,http://www.reactome.org/biopax/96/56210#BiochemicalReaction2237,1,http://www.reactome.org/biopax/96/56210#Catalysis1115
815,6306|8542|9142|9333,9144|9170|9334,4,3,http://www.reactome.org/biopax/96/56210#BiochemicalReaction510,1,http://www.reactome.org/biopax/96/56210#Catalysis321
816,8734|9002|9117|9136|9156,8733|9025|9135,5,3,http://www.reactome.org/biopax/96/56210#BiochemicalReaction3154,-1,http://www.reactome.org/biopax/96/56210#Control316
817,6163|7178|9099,7182|9347,3,2,http://www.reactome.org/biopax/96/56210#BiochemicalReaction4986,1,http://www.reactome.org/biopax/96/56210#Catalysis2908
818,442|4338|8134,443|9138,3,2,http://www.reactome.org/biopax/96/56210#BiochemicalReaction4346,1,http://www.reactome.org/biopax/96/56210#Catalysis2572
819,1976|8938,1977,2,1,http://www.reactome.org/biopax/96/56210#BiochemicalReaction2942,1,http://www.reactome.org/biopax/96/56210#Control286
820,1602|8963,1613|9308,2,2,http://www.reactome.org/biopax/96/56210#BiochemicalReaction196,1,http://www.reactome.org/biopax/96/56210#Catalysis111
821,2054|8045|8527|9308|9313,8395|8476|8657|8974,5,4,http://www.reactome.org/biopax/96/56210#BiochemicalReaction3075,1,http://www.reactome.org/biopax/96/56210#Catalysis1896
822,2830|8045|9566,8395|9122,3,2,http://www.reactome.org/biopax/96/56210#BiochemicalReaction3921,1,http://www.reactome.org/biopax/96/56210#Catalysis2421
823,2530|2643|5359|5399|5409|5414|5486,2650,7,1,http://www.reactome.org/biopax/96/56210#BiochemicalReaction278,1,http://www.reactome.org/biopax/96/56210#Catalysis161
824,2131|8796|9349,8797|9308,3,2,http://www.reactome.org/biopax/96/56210#BiochemicalReaction3221,1,http://www.reactome.org/biopax/96/56210#Catalysis2040
825,3804|9139,9140,2,1,http://www.reactome.org/biopax/96/56210#BiochemicalReaction346,1,http://www.reactome.org/biopax/96/56210#Catalysis210
826,267|345,273,2,1,http://www.reactome.org/biopax/96/56210#BiochemicalReaction103,1,http://www.reactome.org/biopax/96/56210#Catalysis72
827,1993|8045|8564,8395|8571,3,2,http://www.reactome.org/biopax/96/56210#BiochemicalReaction2986,1,http://www.reactome.org/biopax/96/56210#Catalysis1808
828,7373|8045|9308|9575,8395|8476|9593,4,3,http://www.reactome.org/biopax/96/56210#BiochemicalReaction26,1,http://www.reactome.org/biopax/96/56210#Catalysis26
830,2149|9120|9308,8827|9381,3,2,http://www.reactome.org/biopax/96/56210#BiochemicalReaction3248,1,http://www.reactome.org/biopax/96/56210#Catalysis2067
832,4202|4203|8045,4204|8395,3,2,http://www.reactome.org/biopax/96/56210#BiochemicalReaction719,1,http://www.reactome.org/biopax/96/56210#Catalysis481
833,1289|6793,1305,2,1,http://www.reactome.org/biopax/96/56210#BiochemicalReaction172,1,http://www.reactome.org/biopax/96/56210#Catalysis99
834,4765|7923|9146,7924|9148|9321,3,3,http://www.reactome.org/biopax/96/56210#BiochemicalReaction2339,1,http://www.reactome.org/biopax/96/56210#Catalysis1209
835,6298|8476|9317,9184|9315,3,2,http://www.reactome.org/biopax/96/56210#BiochemicalReaction497,1,http://www.reactome.org/biopax/96/56210#Catalysis308
836,4897|4899|9114,4898|9025|9115,3,3,http://www.reactome.org/biopax/96/56210#BiochemicalReaction217,1,http://www.reactome.org/biopax/96/56210#Catalysis126
837,1352|1354|7504|8281,1353|8287,4,2,http://www.reactome.org/biopax/96/56210#BiochemicalReaction1914,1,http://www.reactome.org/biopax/96/56210#Catalysis950
838,498|504|8303,519|8313,3,2,http://www.reactome.org/biopax/96/56210#BiochemicalReaction117,1,http://www.reactome.org/biopax/96/56210#Catalysis80
839,3281|8045,3284|8395,2,2,http://www.reactome.org/biopax/96/56210#BiochemicalReaction4365,1,http://www.reactome.org/biopax/96/56210#Catalysis2578
840,2134|8146|9490,8799|9515,3,2,http://www.reactome.org/biopax/96/56210#BiochemicalReaction3225,1,http://www.reactome.org/biopax/96/56210#Catalysis2044
841,130|6541,6542|6543,2,2,http://www.reactome.org/biopax/96/56210#BiochemicalReaction876,1,http://www.reactome.org/biopax/96/56210#Catalysis561
842,1914|7856|7857|9025,8019|9002|9323,4,3,http://www.reactome.org/biopax/96/56210#BiochemicalReaction2890,1,http://www.reactome.org/biopax/96/56210#Catalysis1732
843,6896|7739,9107,2,1,http://www.reactome.org/biopax/96/56210#BiochemicalReaction2,1,http://www.reactome.org/biopax/96/56210#Catalysis2
844,3097|4085,6782|6793,2,2,http://www.reactome.org/biopax/96/56210#BiochemicalReaction4176,1,http://www.reactome.org/biopax/96/56210#Catalysis2506
845,4036|4418|9246,4419|9096|9256,3,3,http://www.reactome.org/biopax/96/56210#BiochemicalReaction4984,1,http://www.reactome.org/biopax/96/56210#Catalysis2907
846,3938|6156|9269,6157,3,1,http://www.reactome.org/biopax/96/56210#BiochemicalReaction4976,1,http://www.reactome.org/biopax/96/56210#Catalysis2899
847,1703|7896|7922,7907|7923,3,2,http://www.reactome.org/biopax/96/56210#BiochemicalReaction2338,1,http://www.reactome.org/biopax/96/56210#Catalysis1208
848,396|4206|4527,397|4206|6821,3,3,http://www.reactome.org/biopax/96/56210#BiochemicalReaction1107,1,http://www.reactome.org/biopax/96/56210#Catalysis669
849,53|3784|6611,6058|6473,3,2,http://www.reactome.org/biopax/96/56210#BiochemicalReaction4845,1,http://www.reactome.org/biopax/96/56210#Catalysis2828
850,321|4357|9308,3030|8476,3,2,http://www.reactome.org/biopax/96/56210#BiochemicalReaction4433,1,http://www.reactome.org/biopax/96/56210#Catalysis2616
851,6326|9279,9283,2,1,http://www.reactome.org/biopax/96/56210#BiochemicalReaction484,1,http://www.reactome.org/biopax/96/56210#Catalysis295
852,110|6497,6498|6499,2,2,http://www.reactome.org/biopax/96/56210#BiochemicalReaction846,1,http://www.reactome.org/biopax/96/56210#Catalysis543
853,644|7742|7977,7743|7986|9515,3,3,http://www.reactome.org/biopax/96/56210#BiochemicalReaction1340,1,http://www.reactome.org/biopax/96/56210#Catalysis736
854,1348|6793|7656,7657,3,1,http://www.reactome.org/biopax/96/56210#BiochemicalReaction177,1,http://www.reactome.org/biopax/96/56210#Catalysis101
855,7029|7472|8259,7473|8270,3,2,http://www.reactome.org/biopax/96/56210#BiochemicalReaction1840,1,http://www.reactome.org/biopax/96/56210#Catalysis912
856,364|4511|8045,365|4510|8938|8974,3,4,http://www.reactome.org/biopax/96/56210#BiochemicalReaction1055,1,http://www.reactome.org/biopax/96/56210#Catalysis636
857,3094|4085,5673|5674|6793,2,3,http://www.reactome.org/biopax/96/56210#BiochemicalReaction4173,1,http://www.reactome.org/biopax/96/56210#Catalysis2504
858,2006|9308|9418|9515,8600|9165,4,2,http://www.reactome.org/biopax/96/56210#BiochemicalReaction3008,1,http://www.reactome.org/biopax/96/56210#Catalysis1830
859,1985|8513|8546,8547|8548,3,2,http://www.reactome.org/biopax/96/56210#BiochemicalReaction2962,1,http://www.reactome.org/biopax/96/56210#Catalysis1785
860,112|6504|6506,113,3,1,http://www.reactome.org/biopax/96/56210#BiochemicalReaction850,-1,http://www.reactome.org/biopax/96/56210#Control72
861,2144|5236|8677,2146|8684|9136,3,3,http://www.reactome.org/biopax/96/56210#BiochemicalReaction3244,1,http://www.reactome.org/biopax/96/56210#Catalysis2063
862,45|157|7104,45|873,3,2,http://www.reactome.org/biopax/96/56210#BiochemicalReaction1541,1,http://www.reactome.org/biopax/96/56210#Catalysis808
863,3827|9308,3828|6793,2,2,http://www.reactome.org/biopax/96/56210#BiochemicalReaction4875,1,http://www.reactome.org/biopax/96/56210#Catalysis2852
864,5845|6675|8045,5847|8395,3,2,http://www.reactome.org/biopax/96/56210#BiochemicalReaction4528,1,http://www.reactome.org/biopax/96/56210#Catalysis2653
867,664|7487|8045,1302|8395,3,2,http://www.reactome.org/biopax/96/56210#BiochemicalReaction1867,1,http://www.reactome.org/biopax/96/56210#Catalysis929
868,5071|8542|9273,9170|9275,3,2,http://www.reactome.org/biopax/96/56210#BiochemicalReaction2782,1,http://www.reactome.org/biopax/96/56210#Catalysis1636
869,1884|9166,9121,2,1,http://www.reactome.org/biopax/96/56210#BiochemicalReaction2849,1,http://www.reactome.org/biopax/96/56210#Catalysis1697
870,1475|4663,6916,2,1,http://www.reactome.org/biopax/96/56210#BiochemicalReaction1861,1,http://www.reactome.org/biopax/96/56210#Catalysis925
871,4691|4816,4816,2,1,http://www.reactome.org/biopax/96/56210#BiochemicalReaction2840,1,http://www.reactome.org/biopax/96/56210#Catalysis1690
872,442|2829|8134,443|9138,3,2,http://www.reactome.org/biopax/96/56210#BiochemicalReaction3920,1,http://www.reactome.org/biopax/96/56210#Catalysis2420
873,5673|6749|9252,5801|7795,3,2,http://www.reactome.org/biopax/96/56210#BiochemicalReaction4420,1,http://www.reactome.org/biopax/96/56210#Catalysis2607
874,8152|8786|8788,8787|8962|9308,3,3,http://www.reactome.org/biopax/96/56210#BiochemicalReaction3212,-1,http://www.reactome.org/biopax/96/56210#Control318
875,6318|9333,9334,2,1,http://www.reactome.org/biopax/96/56210#BiochemicalReaction529,1,http://www.reactome.org/biopax/96/56210#Catalysis340
876,6271|8542|9242,9170|9243,3,2,http://www.reactome.org/biopax/96/56210#BiochemicalReaction456,1,http://www.reactome.org/biopax/96/56210#Catalysis268
877,4987|8261|9308,8476|9530,3,2,http://www.reactome.org/biopax/96/56210#BiochemicalReaction2621,1,http://www.reactome.org/biopax/96/56210#Catalysis1484
878,7730|9560,7886,2,1,http://www.reactome.org/biopax/96/56210#BiochemicalReaction2278,1,http://www.reactome.org/biopax/96/56210#Catalysis1155
879,476|4509|8045,477|8395,3,2,http://www.reactome.org/biopax/96/56210#BiochemicalReaction1178,1,http://www.reactome.org/biopax/96/56210#Catalysis697
880,5008|8301|9308,8300|8476,3,2,http://www.reactome.org/biopax/96/56210#BiochemicalReaction2662,1,http://www.reactome.org/biopax/96/56210#Catalysis1524
881,8734|9002|9136|9156|9183,8733|9025|9135,5,3,http://www.reactome.org/biopax/96/56210#BiochemicalReaction3154,1,http://www.reactome.org/biopax/96/56210#Control315
882,2562|9308,2563|8476,2,2,http://www.reactome.org/biopax/96/56210#BiochemicalReaction3694,1,http://www.reactome.org/biopax/96/56210#Catalysis2314
883,3143|8976,5701|5702|6390,2,3,http://www.reactome.org/biopax/96/56210#BiochemicalReaction4227,1,http://www.reactome.org/biopax/96/56210#Catalysis2530
884,1695|4751|9445,4752|7902|9219,3,3,http://www.reactome.org/biopax/96/56210#BiochemicalReaction2314,1,http://www.reactome.org/biopax/96/56210#Catalysis1189
885,4969|9269|9588,8208|8212,3,2,http://www.reactome.org/biopax/96/56210#BiochemicalReaction2557,-1,http://www.reactome.org/biopax/96/56210#Control230
886,2098|5212|9159,5210|9002|9161,3,3,http://www.reactome.org/biopax/96/56210#BiochemicalReaction3165,1,http://www.reactome.org/biopax/96/56210#Catalysis1984
887,1334|7246|8259,4668|8270,3,2,http://www.reactome.org/biopax/96/56210#BiochemicalReaction1890,-1,http://www.reactome.org/biopax/96/56210#Control176
888,2813|5025|8045,6995|8395,3,2,http://www.reactome.org/biopax/96/56210#BiochemicalReaction3905,1,http://www.reactome.org/biopax/96/56210#Catalysis2411
890,8883|8884|9469,8516|9002,3,2,http://www.reactome.org/biopax/96/56210#BiochemicalReaction3294,-1,http://www.reactome.org/biopax/96/56210#Control326
892,400|6793,401,2,1,http://www.reactome.org/biopax/96/56210#BiochemicalReaction1110,1,http://www.reactome.org/biopax/96/56210#Catalysis670
893,1741|8487|9308,8488,3,1,http://www.reactome.org/biopax/96/56210#BiochemicalReaction2832,1,http://www.reactome.org/biopax/96/56210#Catalysis1682
894,2012|8621|9269,8622|9149|9249,3,3,http://www.reactome.org/biopax/96/56210#BiochemicalReaction3029,1,http://www.reactome.org/biopax/96/56210#Catalysis1851
896,5998|9056|9057,9051|9058,3,2,http://www.reactome.org/biopax/96/56210#BiochemicalReaction4791,1,http://www.reactome.org/biopax/96/56210#Catalysis2781
897,5247|8844|8845,8790|9257|9515,3,3,http://www.reactome.org/biopax/96/56210#BiochemicalReaction3263,1,http://www.reactome.org/biopax/96/56210#Catalysis2082
898,4105|9121|9256,9474|9515,3,2,http://www.reactome.org/biopax/96/56210#BiochemicalReaction602,1,http://www.reactome.org/biopax/96/56210#Control50
899,1741|8484|9308,8485,3,1,http://www.reactome.org/biopax/96/56210#BiochemicalReaction2830,1,http://www.reactome.org/biopax/96/56210#Catalysis1680
900,39|3920,3924|6138,2,2,http://www.reactome.org/biopax/96/56210#BiochemicalReaction4960,1,http://www.reactome.org/biopax/96/56210#Catalysis2888
901,1775|9167|9269,8208|8257,3,2,http://www.reactome.org/biopax/96/56210#BiochemicalReaction2597,1,http://www.reactome.org/biopax/96/56210#Catalysis1460
902,6870|9308|9588,8476|9567,3,2,http://www.reactome.org/biopax/96/56210#BiochemicalReaction1150,1,http://www.reactome.org/biopax/96/56210#Catalysis683
903,4086|8162,9491,2,1,http://www.reactome.org/biopax/96/56210#BiochemicalReaction638,1,http://www.reactome.org/biopax/96/56210#Catalysis437
904,5027|8329,8332,2,1,http://www.reactome.org/biopax/96/56210#BiochemicalReaction2690,1,http://www.reactome.org/biopax/96/56210#Catalysis1550
905,3536|5498|8134,3537|9138,3,2,http://www.reactome.org/biopax/96/56210#BiochemicalReaction4614,1,http://www.reactome.org/biopax/96/56210#Catalysis2680
906,1656|7708,1657|9400,2,2,http://www.reactome.org/biopax/96/56210#BiochemicalReaction2232,1,http://www.reactome.org/biopax/96/56210#Catalysis1110
907,2097|8740|9135,8739|9156,3,2,http://www.reactome.org/biopax/96/56210#BiochemicalReaction3162,1,http://www.reactome.org/biopax/96/56210#Catalysis1981
909,1650|7742|8938,1653,3,1,http://www.reactome.org/biopax/96/56210#BiochemicalReaction2229,-1,http://www.reactome.org/biopax/96/56210#Control199
910,3863|4527,6398,2,1,http://www.reactome.org/biopax/96/56210#BiochemicalReaction4899,1,http://www.reactome.org/biopax/96/56210#Control440
912,5169|8603|9308,8476|8604|9515,3,3,http://www.reactome.org/biopax/96/56210#BiochemicalReaction3014,1,http://www.reactome.org/biopax/96/56210#Catalysis1836
913,1676|7742|7861,7860|7871|9515,3,3,http://www.reactome.org/biopax/96/56210#BiochemicalReaction2260,1,http://www.reactome.org/biopax/96/56210#Catalysis1137
914,6289|9277,9278,2,1,http://www.reactome.org/biopax/96/56210#BiochemicalReaction481,1,http://www.reactome.org/biopax/96/56210#Catalysis292
915,4347|5776|9308,4351|8476,3,2,http://www.reactome.org/biopax/96/56210#BiochemicalReaction4379,1,http://www.reactome.org/biopax/96/56210#Catalysis2585
916,1800|8045|8307,8308|8395,3,2,http://www.reactome.org/biopax/96/56210#BiochemicalReaction2671,1,http://www.reactome.org/biopax/96/56210#Catalysis1532
917,5151|7028|8259,7027|8270,3,2,http://www.reactome.org/biopax/96/56210#BiochemicalReaction1303,1,http://www.reactome.org/biopax/96/56210#Catalysis727
918,1911|5106|6793,5107,3,1,http://www.reactome.org/biopax/96/56210#BiochemicalReaction2885,1,http://www.reactome.org/biopax/96/56210#Catalysis1727
919,1751|8108|9025,8109,3,1,http://www.reactome.org/biopax/96/56210#BiochemicalReaction2491,1,http://www.reactome.org/biopax/96/56210#Catalysis1356
920,2583|6793,2571|2584,2,2,http://www.reactome.org/biopax/96/56210#BiochemicalReaction3708,1,http://www.reactome.org/biopax/96/56210#Catalysis2321
922,1989|7849|8045|8857|9308,8223|8395|8476|8962|9515,5,5,http://www.reactome.org/biopax/96/56210#BiochemicalReaction2979,1,http://www.reactome.org/biopax/96/56210#Catalysis1801
923,133|7072|8045,7073|8395,3,2,http://www.reactome.org/biopax/96/56210#BiochemicalReaction1338,1,http://www.reactome.org/biopax/96/56210#Catalysis734
924,173|6647|6648|6649,174|6615|6627|6629|6631|6645,4,6,http://www.reactome.org/biopax/96/56210#BiochemicalReaction929,1,http://www.reactome.org/biopax/96/56210#Catalysis589
925,5089|7857|8468,8019|8469,3,2,http://www.reactome.org/biopax/96/56210#BiochemicalReaction2818,1,http://www.reactome.org/biopax/96/56210#Catalysis1668
927,5024|8430|9520,8261|8432,3,2,http://www.reactome.org/biopax/96/56210#BiochemicalReaction2779,1,http://www.reactome.org/biopax/96/56210#Catalysis1633
928,1922|8500|9025,9317,3,1,http://www.reactome.org/biopax/96/56210#BiochemicalReaction2899,1,http://www.reactome.org/biopax/96/56210#Catalysis1741
929,4910|8291|9308,8476|9520,3,2,http://www.reactome.org/biopax/96/56210#BiochemicalReaction2632,1,http://www.reactome.org/biopax/96/56210#Catalysis1495
930,1389|1418|8045,1420|8395,3,2,http://www.reactome.org/biopax/96/56210#BiochemicalReaction1983,1,http://www.reactome.org/biopax/96/56210#Catalysis997
931,3490|9142,9144,2,1,http://www.reactome.org/biopax/96/56210#BiochemicalReaction327,1,http://www.reactome.org/biopax/96/56210#Catalysis196
932,279|6707,281,2,1,http://www.reactome.org/biopax/96/56210#BiochemicalReaction1002,1,http://www.reactome.org/biopax/96/56210#Control101
933,7551|7553|9252|9308,7552|7794|7795,4,3,http://www.reactome.org/biopax/96/56210#BiochemicalReaction1993,1,http://www.reactome.org/biopax/96/56210#Catalysis1006
934,3298|6793,3299,2,1,http://www.reactome.org/biopax/96/56210#BiochemicalReaction4382,1,http://www.reactome.org/biopax/96/56210#Catalysis2586
935,3321|8045,5805|5806|8395,2,3,http://www.reactome.org/biopax/96/56210#BiochemicalReaction4425,1,http://www.reactome.org/biopax/96/56210#Catalysis2611
936,5977|9011|9018,4390,3,1,http://www.reactome.org/biopax/96/56210#BiochemicalReaction4756,1,http://www.reactome.org/biopax/96/56210#Catalysis2746
937,7665|8293|9308,5105|8476,3,2,http://www.reactome.org/biopax/96/56210#BiochemicalReaction4408,-1,http://www.reactome.org/biopax/96/56210#Control415
938,1376|6793,1380,2,1,http://www.reactome.org/biopax/96/56210#BiochemicalReaction184,1,http://www.reactome.org/biopax/96/56210#Catalysis104
939,3529|3531|8045,1100|3524|3530|8395,3,4,http://www.reactome.org/biopax/96/56210#BiochemicalReaction4611,1,http://www.reactome.org/biopax/96/56210#Control424
940,442|606|8134,443|9138,3,2,http://www.reactome.org/biopax/96/56210#BiochemicalReaction1302,1,http://www.reactome.org/biopax/96/56210#Catalysis726
941,3850|9139,9140,2,1,http://www.reactome.org/biopax/96/56210#BiochemicalReaction349,1,http://www.reactome.org/biopax/96/56210#Catalysis213
942,2331|5276|5358,2332,3,1,http://www.reactome.org/biopax/96/56210#BiochemicalReaction3470,1,http://www.reactome.org/biopax/96/56210#Catalysis2229
944,2025|8045|8647,8395|8648,3,2,http://www.reactome.org/biopax/96/56210#BiochemicalReaction3052,1,http://www.reactome.org/biopax/96/56210#Catalysis1874
945,1708|7937|7986|9515,7938|7977,4,2,http://www.reactome.org/biopax/96/56210#BiochemicalReaction2358,1,http://www.reactome.org/biopax/96/56210#Catalysis1225
946,2594|8962,2600,2,1,http://www.reactome.org/biopax/96/56210#BiochemicalReaction273,1,http://www.reactome.org/biopax/96/56210#Catalysis157
947,7734|8965,7736,2,1,http://www.reactome.org/biopax/96/56210#BiochemicalReaction199,1,http://www.reactome.org/biopax/96/56210#Control19
948,2366|8134,2367|9138,2,2,http://www.reactome.org/biopax/96/56210#BiochemicalReaction3507,1,http://www.reactome.org/biopax/96/56210#Catalysis2249
949,4971|8228|9513,8226|9148,3,2,http://www.reactome.org/biopax/96/56210#BiochemicalReaction2573,1,http://www.reactome.org/biopax/96/56210#Catalysis1436
950,1988|7849|8045|8857|9308,8223|8395|8476|8962|9515,5,5,http://www.reactome.org/biopax/96/56210#BiochemicalReaction2978,1,http://www.reactome.org/biopax/96/56210#Catalysis1800
951,4085|7537,6793,2,1,http://www.reactome.org/biopax/96/56210#BiochemicalReaction1971,1,http://www.reactome.org/biopax/96/56210#Catalysis986
952,6281|8542|9249,8476|9170,3,2,http://www.reactome.org/biopax/96/56210#BiochemicalReaction468,1,http://www.reactome.org/biopax/96/56210#Catalysis279
953,6302|8542|9329,9170|9332,3,2,http://www.reactome.org/biopax/96/56210#BiochemicalReaction504,1,http://www.reactome.org/biopax/96/56210#Catalysis315
954,734|7143|7750,739,3,1,http://www.reactome.org/biopax/96/56210#BiochemicalReaction1415,1,http://www.reactome.org/biopax/96/56210#Control143
955,2163|8869,9282|9336,2,2,http://www.reactome.org/biopax/96/56210#BiochemicalReaction3283,1,http://www.reactome.org/biopax/96/56210#Catalysis2102
956,1800|8045|8302,8296|8395,3,2,http://www.reactome.org/biopax/96/56210#BiochemicalReaction2663,1,http://www.reactome.org/biopax/96/56210#Catalysis1525
957,6874|9171,9237,2,1,http://www.reactome.org/biopax/96/56210#BiochemicalReaction13,1,http://www.reactome.org/biopax/96/56210#Catalysis13
958,130|6586,6587|6588,2,2,http://www.reactome.org/biopax/96/56210#BiochemicalReaction891,1,http://www.reactome.org/biopax/96/56210#Catalysis575
959,4007|4012|9176|9177|9179|9180,4013,6,1,http://www.reactome.org/biopax/96/56210#BiochemicalReaction391,1,http://www.reactome.org/biopax/96/56210#Catalysis217
960,1545|8134,8974|9302,2,2,http://www.reactome.org/biopax/96/56210#BiochemicalReaction2123,-1,http://www.reactome.org/biopax/96/56210#Control188
961,5752|5754|9308,4336|5753,3,2,http://www.reactome.org/biopax/96/56210#BiochemicalReaction4329,1,http://www.reactome.org/biopax/96/56210#Catalysis2566
962,4799|8045|9570,8395|9122,3,2,http://www.reactome.org/biopax/96/56210#BiochemicalReaction2636,1,http://www.reactome.org/biopax/96/56210#Catalysis1499
963,4656|7449|8259,1264|8270,3,2,http://www.reactome.org/biopax/96/56210#BiochemicalReaction1822,1,http://www.reactome.org/biopax/96/56210#Catalysis903
964,5111|5113|8019,5112|7857,3,2,http://www.reactome.org/biopax/96/56210#BiochemicalReaction2876,-1,http://www.reactome.org/biopax/96/56210#Control254
965,2065|8832,8833|9553,2,2,http://www.reactome.org/biopax/96/56210#BiochemicalReaction3252,1,http://www.reactome.org/biopax/96/56210#Catalysis2071
966,442|2550|8134,443|9138,3,2,http://www.reactome.org/biopax/96/56210#BiochemicalReaction3684,1,http://www.reactome.org/biopax/96/56210#Catalysis2309
967,5988|9069|9078,4401,3,1,http://www.reactome.org/biopax/96/56210#BiochemicalReaction4810,1,http://www.reactome.org/biopax/96/56210#Catalysis2798
968,486|9227|9269,485|4538|9592,3,3,http://www.reactome.org/biopax/96/56210#BiochemicalReaction1185,1,http://www.reactome.org/biopax/96/56210#Control131
969,2177|8045|8567,8395|8568,3,2,http://www.reactome.org/biopax/96/56210#BiochemicalReaction2982,1,http://www.reactome.org/biopax/96/56210#Catalysis1804
970,3955|9025|9181,3953|9183|9184,3,3,http://www.reactome.org/biopax/96/56210#BiochemicalReaction5000,1,http://www.reactome.org/biopax/96/56210#Catalysis2914
971,7712|7742|9487,7866|8476,3,2,http://www.reactome.org/biopax/96/56210#BiochemicalReaction2245,1,http://www.reactome.org/biopax/96/56210#Catalysis1123
972,7028|7201|8259,7202|8270,3,2,http://www.reactome.org/biopax/96/56210#BiochemicalReaction1493,1,http://www.reactome.org/biopax/96/56210#Catalysis796
973,4948|7770|8062|9256|9589,8064|8902|9246,5,3,http://www.reactome.org/biopax/96/56210#BiochemicalReaction3313,1,http://www.reactome.org/biopax/96/56210#Catalysis2131
974,1664|7863|8476|9252,7861|9457|9515,4,3,http://www.reactome.org/biopax/96/56210#BiochemicalReaction2258,1,http://www.reactome.org/biopax/96/56210#Catalysis1135
975,8501|8502,8503|8504|9002,2,3,http://www.reactome.org/biopax/96/56210#BiochemicalReaction2878,1,http://www.reactome.org/biopax/96/56210#Control255
976,1638|7706,1641,2,1,http://www.reactome.org/biopax/96/56210#BiochemicalReaction2221,1,http://www.reactome.org/biopax/96/56210#Catalysis1100
977,2267|5320|8045,2271|8395,3,2,http://www.reactome.org/biopax/96/56210#BiochemicalReaction3415,1,http://www.reactome.org/biopax/96/56210#Catalysis2210
978,6326|8886,8967,2,1,http://www.reactome.org/biopax/96/56210#BiochemicalReaction3298,1,http://www.reactome.org/biopax/96/56210#Catalysis2117
979,3137|5258|8045,5253|8395,3,2,http://www.reactome.org/biopax/96/56210#BiochemicalReaction4216,1,http://www.reactome.org/biopax/96/56210#Catalysis2527
980,646|5842|8045,3408|8395,3,2,http://www.reactome.org/biopax/96/56210#BiochemicalReaction4513,1,http://www.reactome.org/biopax/96/56210#Catalysis2646
981,1667|7876,7864|7877,2,2,http://www.reactome.org/biopax/96/56210#BiochemicalReaction2268,1,http://www.reactome.org/biopax/96/56210#Catalysis1145
982,377|1879|8045,1880|1881,3,2,http://www.reactome.org/biopax/96/56210#BiochemicalReaction2846,1,http://www.reactome.org/biopax/96/56210#Control243
983,1629|9453,1636|9446|9515,2,3,http://www.reactome.org/biopax/96/56210#BiochemicalReaction2216,1,http://www.reactome.org/biopax/96/56210#Catalysis1095
984,6714|8078|8079,8080|8081,3,2,http://www.reactome.org/biopax/96/56210#BiochemicalReaction2473,1,http://www.reactome.org/biopax/96/56210#Catalysis1338
985,5120|8513|9160,8500|8514,3,2,http://www.reactome.org/biopax/96/56210#BiochemicalReaction2898,-1,http://www.reactome.org/biopax/96/56210#Control270
986,487|9227|9591,489,3,1,http://www.reactome.org/biopax/96/56210#BiochemicalReaction1186,1,http://www.reactome.org/biopax/96/56210#Control132
987,4938|7986|8030|9515,7977|8031,4,2,http://www.reactome.org/biopax/96/56210#BiochemicalReaction2444,1,http://www.reactome.org/biopax/96/56210#Catalysis1309
988,442|2616|8134,443|9138,3,2,http://www.reactome.org/biopax/96/56210#BiochemicalReaction3733,1,http://www.reactome.org/biopax/96/56210#Control348
989,5985|9308|9453,7848|9433|9515,3,3,http://www.reactome.org/biopax/96/56210#BiochemicalReaction4773,1,http://www.reactome.org/biopax/96/56210#Catalysis2763
990,4148|6398|6399,6400,3,1,http://www.reactome.org/biopax/96/56210#BiochemicalReaction674,1,http://www.reactome.org/biopax/96/56210#Catalysis459
991,5043|9308|9519,8340|9400,3,2,http://www.reactome.org/biopax/96/56210#BiochemicalReaction2710,1,http://www.reactome.org/biopax/96/56210#Catalysis1568
993,5265|7977|8907|9308,7986|8908|9515,4,3,http://www.reactome.org/biopax/96/56210#BiochemicalReaction3321,1,http://www.reactome.org/biopax/96/56210#Catalysis2139
994,4085|7655,6793,2,1,http://www.reactome.org/biopax/96/56210#BiochemicalReaction174,1,http://www.reactome.org/biopax/96/56210#Catalysis100
995,4982|9530|9588,8205|8263,3,2,http://www.reactome.org/biopax/96/56210#BiochemicalReaction2602,1,http://www.reactome.org/biopax/96/56210#Catalysis1465
996,6301|9315|9323,9317|9324,3,2,http://www.reactome.org/biopax/96/56210#BiochemicalReaction498,1,http://www.reactome.org/biopax/96/56210#Catalysis309
997,1796|8195|9308,7840|8476,3,2,http://www.reactome.org/biopax/96/56210#BiochemicalReaction2619,1,http://www.reactome.org/biopax/96/56210#Catalysis1482
998,3881|6905|8202|8213,6906|8224|8232,4,3,http://www.reactome.org/biopax/96/56210#BiochemicalReaction74,1,http://www.reactome.org/biopax/96/56210#Catalysis59
999,5820|8045|9275,8395|8476|9273,3,3,http://www.reactome.org/biopax/96/56210#BiochemicalReaction2785,1,http://www.reactome.org/biopax/96/56210#Catalysis1637
1000,780|8303,781|8313,2,2,http://www.reactome.org/biopax/96/56210#BiochemicalReaction1441,1,http://www.reactome.org/biopax/96/56210#Catalysis781
1001,4755|4873|7911,4756|7913,3,2,http://www.reactome.org/biopax/96/56210#BiochemicalReaction2318,1,http://www.reactome.org/biopax/96/56210#Catalysis1193
1002,3768|8134|9034|9515,8974|9455,4,2,http://www.reactome.org/biopax/96/56210#BiochemicalReaction4772,1,http://www.reactome.org/biopax/96/56210#Catalysis2762
1003,2167|2179|8045,2186|8395,3,2,http://www.reactome.org/biopax/96/56210#BiochemicalReaction232,1,http://www.reactome.org/biopax/96/56210#Catalysis135
1004,279|6721,281,2,1,http://www.reactome.org/biopax/96/56210#BiochemicalReaction1002,1,http://www.reactome.org/biopax/96/56210#Control98
1005,5084|7832|7986|9515,7977|8456|9148,4,3,http://www.reactome.org/biopax/96/56210#BiochemicalReaction2810,1,http://www.reactome.org/biopax/96/56210#Catalysis1660
1006,6308|8542|9352,9170|9355,3,2,http://www.reactome.org/biopax/96/56210#BiochemicalReaction512,1,http://www.reactome.org/biopax/96/56210#Catalysis323
1007,1212|3016|8134,1153|9138,3,2,http://www.reactome.org/biopax/96/56210#BiochemicalReaction4098,1,http://www.reactome.org/biopax/96/56210#Catalysis2480
1008,2443|2474,2463,2,1,http://www.reactome.org/biopax/96/56210#BiochemicalReaction260,1,http://www.reactome.org/biopax/96/56210#Control28
1009,3302|9308,5778|6843|8476,2,3,http://www.reactome.org/biopax/96/56210#BiochemicalReaction4386,1,http://www.reactome.org/biopax/96/56210#Catalysis2588
1011,3562,3583|8476,1,2,http://www.reactome.org/biopax/96/56210#BiochemicalReaction331,1,http://www.reactome.org/biopax/96/56210#Catalysis198
1012,1332|4666|7246,1333,3,1,http://www.reactome.org/biopax/96/56210#BiochemicalReaction1889,-1,http://www.reactome.org/biopax/96/56210#Control174
1013,4826|8633,8634,2,1,http://www.reactome.org/biopax/96/56210#BiochemicalReaction3037,1,http://www.reactome.org/biopax/96/56210#Catalysis1859
1014,2097|8739|9156,8740|9135,3,2,http://www.reactome.org/biopax/96/56210#BiochemicalReaction3161,1,http://www.reactome.org/biopax/96/56210#Catalysis1980
1015,6316|9149|9375,9376|9515,3,2,http://www.reactome.org/biopax/96/56210#BiochemicalReaction527,1,http://www.reactome.org/biopax/96/56210#Catalysis338
1016,6412|8084,8095|9515,2,2,http://www.reactome.org/biopax/96/56210#BiochemicalReaction48,1,http://www.reactome.org/biopax/96/56210#Catalysis46
1018,7651|8045|8395|9308,7843|8476|9515,4,3,http://www.reactome.org/biopax/96/56210#BiochemicalReaction2162,1,http://www.reactome.org/biopax/96/56210#Catalysis1083
1019,1698|4758|9440,4759|9219|9438,3,3,http://www.reactome.org/biopax/96/56210#BiochemicalReaction2320,1,http://www.reactome.org/biopax/96/56210#Catalysis1195
1020,4970|7960|9513,8012|9148,3,2,http://www.reactome.org/biopax/96/56210#BiochemicalReaction2559,1,http://www.reactome.org/biopax/96/56210#Catalysis1422
1021,2734|5540|8045,6831|8395,3,2,http://www.reactome.org/biopax/96/56210#BiochemicalReaction3842,1,http://www.reactome.org/biopax/96/56210#Catalysis2383
1022,789|1073,30|3225|6956|6960|8270|8287,2,6,http://www.reactome.org/biopax/96/56210#BiochemicalReaction4301,1,http://www.reactome.org/biopax/96/56210#Catalysis2556
1024,3840|9308,3841|4336,2,2,http://www.reactome.org/biopax/96/56210#BiochemicalReaction4882,1,http://www.reactome.org/biopax/96/56210#Catalysis2857
1025,2969|3002|5866|5908|5911|8045,2900|5866|5869|5886|8395|8476,6,6,http://www.reactome.org/biopax/96/56210#BiochemicalReaction308,1,http://www.reactome.org/biopax/96/56210#Catalysis186
1026,6244|8045|9144|9308,8395|8476|9142,4,3,http://www.reactome.org/biopax/96/56210#BiochemicalReaction427,1,http://www.reactome.org/biopax/96/56210#Catalysis240
1027,3927|3929|4019,3928|6810,3,2,http://www.reactome.org/biopax/96/56210#BiochemicalReaction4962,-1,http://www.reactome.org/biopax/96/56210#Control443
1028,1877|7986|8806|9515,7977|8807|9308,4,3,http://www.reactome.org/biopax/96/56210#BiochemicalReaction3233,1,http://www.reactome.org/biopax/96/56210#Catalysis2052
1029,1533|7816|8146,7817,3,1,http://www.reactome.org/biopax/96/56210#BiochemicalReaction2101,1,http://www.reactome.org/biopax/96/56210#Catalysis1050
1030,3337|5817|8134,3338|9138,3,2,http://www.reactome.org/biopax/96/56210#BiochemicalReaction4448,1,http://www.reactome.org/biopax/96/56210#Catalysis2623
1031,5994|9011|9054,9051|9055,3,2,http://www.reactome.org/biopax/96/56210#BiochemicalReaction4789,1,http://www.reactome.org/biopax/96/56210#Control439
1032,4913|7968|8259,7970|8270,3,2,http://www.reactome.org/biopax/96/56210#BiochemicalReaction2384,1,http://www.reactome.org/biopax/96/56210#Catalysis1251
1033,8500|9159|9317,7855|9161|9562,3,3,http://www.reactome.org/biopax/96/56210#BiochemicalReaction2873,1,http://www.reactome.org/biopax/96/56210#Control252
1034,3030|5811|8134,321|9138,3,2,http://www.reactome.org/biopax/96/56210#BiochemicalReaction4432,1,http://www.reactome.org/biopax/96/56210#Catalysis2615
1035,1983|7772|8134|9397,8476|8541|9138|9515,4,4,http://www.reactome.org/biopax/96/56210#BiochemicalReaction2957,1,http://www.reactome.org/biopax/96/56210#Catalysis1780
1037,7494|7664|8045,7502|8395,3,2,http://www.reactome.org/biopax/96/56210#BiochemicalReaction1902,1,http://www.reactome.org/biopax/96/56210#Catalysis942
1038,6897|8045|8155,8156|8938,3,2,http://www.reactome.org/biopax/96/56210#BiochemicalReaction2519,1,http://www.reactome.org/biopax/96/56210#Catalysis1382
1039,2120|8776|9308,8538|9208|9515,3,3,http://www.reactome.org/biopax/96/56210#BiochemicalReaction3202,1,http://www.reactome.org/biopax/96/56210#Catalysis2021
1040,3771|7986|9045|9515,7977|9448,4,2,http://www.reactome.org/biopax/96/56210#BiochemicalReaction4781,1,http://www.reactome.org/biopax/96/56210#Catalysis2771
1041,1543|8542|9166,9121|9170,3,2,http://www.reactome.org/biopax/96/56210#BiochemicalReaction2120,1,http://www.reactome.org/biopax/96/56210#Catalysis1064
1042,8134|9308|9361,8448|8721,3,2,http://www.reactome.org/biopax/96/56210#BiochemicalReaction3138,1,http://www.reactome.org/biopax/96/56210#Control312
1043,3655|5930|9308,3656|8476,3,2,http://www.reactome.org/biopax/96/56210#BiochemicalReaction4678,1,http://www.reactome.org/biopax/96/56210#Control430
1044,5254|8874,8875|9308,2,2,http://www.reactome.org/biopax/96/56210#BiochemicalReaction3289,1,http://www.reactome.org/biopax/96/56210#Catalysis2108
1045,2632|6793,2633,2,1,http://www.reactome.org/biopax/96/56210#BiochemicalReaction3750,1,http://www.reactome.org/biopax/96/56210#Catalysis2339
1046,3558|8045,8974|9125,2,2,http://www.reactome.org/biopax/96/56210#BiochemicalReaction4067,1,http://www.reactome.org/biopax/96/56210#Catalysis2463
1047,7865|8938|9308,7741|8476,3,2,http://www.reactome.org/biopax/96/56210#BiochemicalReaction2244,-1,http://www.reactome.org/biopax/96/56210#Control205
1048,2080|8705|8706|8999|9002,8707|8708|9025,5,3,http://www.reactome.org/biopax/96/56210#BiochemicalReaction3127,1,http://www.reactome.org/biopax/96/56210#Control309
1049,3009,3010|8476,1,2,http://www.reactome.org/biopax/96/56210#BiochemicalReaction4091,1,http://www.reactome.org/biopax/96/56210#Catalysis2475
1050,7710|7858|8134,8162|9138|9326,3,3,http://www.reactome.org/biopax/96/56210#BiochemicalReaction2236,1,http://www.reactome.org/biopax/96/56210#Catalysis1114
1051,5162|8045|8550,8395|8551,3,2,http://www.reactome.org/biopax/96/56210#BiochemicalReaction2966,1,http://www.reactome.org/biopax/96/56210#Catalysis1788
1052,2892|8045,2893|8395,2,2,http://www.reactome.org/biopax/96/56210#BiochemicalReaction3975,1,http://www.reactome.org/biopax/96/56210#Catalysis2444
1053,432|7452|8259,7453|8270,3,2,http://www.reactome.org/biopax/96/56210#BiochemicalReaction140,1,http://www.reactome.org/biopax/96/56210#Catalysis95
1054,4926|8013|8045|9148,8015|8938|8974,4,3,http://www.reactome.org/biopax/96/56210#BiochemicalReaction2430,1,http://www.reactome.org/biopax/96/56210#Catalysis1296
1055,3329|4359|9308,3328|8476,3,2,http://www.reactome.org/biopax/96/56210#BiochemicalReaction4438,1,http://www.reactome.org/biopax/96/56210#Catalysis2618
1056,2143|8818|8822,8817|8823,3,2,http://www.reactome.org/biopax/96/56210#BiochemicalReaction3241,1,http://www.reactome.org/biopax/96/56210#Catalysis2060
1057,438|6760|8045,319|6864|8395,3,3,http://www.reactome.org/biopax/96/56210#BiochemicalReaction1144,1,http://www.reactome.org/biopax/96/56210#Catalysis678
1058,1212|1223|8134,1153|9138,3,2,http://www.reactome.org/biopax/96/56210#BiochemicalReaction1787,1,http://www.reactome.org/biopax/96/56210#Catalysis889
1059,1957|5147|5148|9182,1958,4,1,http://www.reactome.org/biopax/96/56210#BiochemicalReaction2922,1,http://www.reactome.org/biopax/96/56210#Catalysis1753
1060,2009|7986|9421|9515,7977|8616,4,2,http://www.reactome.org/biopax/96/56210#BiochemicalReaction3023,1,http://www.reactome.org/biopax/96/56210#Catalysis1845
1061,591|7862|9308,7851|7895,3,2,http://www.reactome.org/biopax/96/56210#BiochemicalReaction40,1,http://www.reactome.org/biopax/96/56210#Catalysis40
1062,4047|8018|8045|9308,8181|8395|9148|9515,4,4,http://www.reactome.org/biopax/96/56210#BiochemicalReaction2533,1,http://www.reactome.org/biopax/96/56210#Catalysis1396
1063,3165|4085,5711,2,1,http://www.reactome.org/biopax/96/56210#BiochemicalReaction4250,1,http://www.reactome.org/biopax/96/56210#Catalysis2543
1064,1800|8045|8244,8289|8395,3,2,http://www.reactome.org/biopax/96/56210#BiochemicalReaction2629,1,http://www.reactome.org/biopax/96/56210#Catalysis1492
1065,523|536|8045,7000|7001|8395,3,3,http://www.reactome.org/biopax/96/56210#BiochemicalReaction1243,1,http://www.reactome.org/biopax/96/56210#Catalysis716
1066,1680|7877|9252|9308,7878|9457|9515,4,3,http://www.reactome.org/biopax/96/56210#BiochemicalReaction2269,1,http://www.reactome.org/biopax/96/56210#Catalysis1146
1067,6009|6837|8259,6010|8270,3,2,http://www.reactome.org/biopax/96/56210#BiochemicalReaction1103,1,http://www.reactome.org/biopax/96/56210#Catalysis666
1068,4750|4869|7911,4749|7912,3,2,http://www.reactome.org/biopax/96/56210#BiochemicalReaction2313,1,http://www.reactome.org/biopax/96/56210#Catalysis1188
1069,345|7973,7980,2,1,http://www.reactome.org/biopax/96/56210#BiochemicalReaction2391,1,http://www.reactome.org/biopax/96/56210#Catalysis1258
1070,4914|7985|8045,7988|8395,3,2,http://www.reactome.org/biopax/96/56210#BiochemicalReaction2395,1,http://www.reactome.org/biopax/96/56210#Catalysis1262
1072,2020|8045|8634,7890|8938,3,2,http://www.reactome.org/biopax/96/56210#BiochemicalReaction3038,1,http://www.reactome.org/biopax/96/56210#Catalysis1860
1073,5993|9011|9050,9051|9052,3,2,http://www.reactome.org/biopax/96/56210#BiochemicalReaction4786,1,http://www.reactome.org/biopax/96/56210#Catalysis2776
1074,6297|9199|9300,9162|9303,3,2,http://www.reactome.org/biopax/96/56210#BiochemicalReaction492,1,http://www.reactome.org/biopax/96/56210#Catalysis303
1076,442|2796|8134,443|9138,3,2,http://www.reactome.org/biopax/96/56210#BiochemicalReaction3885,1,http://www.reactome.org/biopax/96/56210#Catalysis2403
1077,7986|8146|8453|9404|9515,7977|8454|9308,5,3,http://www.reactome.org/biopax/96/56210#BiochemicalReaction2805,1,http://www.reactome.org/biopax/96/56210#Control240
1078,279|6709,281,2,1,http://www.reactome.org/biopax/96/56210#BiochemicalReaction1002,1,http://www.reactome.org/biopax/96/56210#Control89
1079,1043|1047|7775,1048|7776,3,2,http://www.reactome.org/biopax/96/56210#BiochemicalReaction1636,1,http://www.reactome.org/biopax/96/56210#Catalysis835
1080,442|2689|8134,443|9138,3,2,http://www.reactome.org/biopax/96/56210#BiochemicalReaction3797,1,http://www.reactome.org/biopax/96/56210#Catalysis2361
1081,2710|8045,2712|8395,2,2,http://www.reactome.org/biopax/96/56210#BiochemicalReaction3820,1,http://www.reactome.org/biopax/96/56210#Catalysis2372
1082,323|3273|9308,3274|8476,3,2,http://www.reactome.org/biopax/96/56210#BiochemicalReaction4356,1,http://www.reactome.org/biopax/96/56210#Catalysis2575
1083,3783|7143,6041|6473,2,2,http://www.reactome.org/biopax/96/56210#BiochemicalReaction4832,1,http://www.reactome.org/biopax/96/56210#Catalysis2815
1084,2557|8045,2558|8395,2,2,http://www.reactome.org/biopax/96/56210#BiochemicalReaction3692,1,http://www.reactome.org/biopax/96/56210#Catalysis2312
1085,6300|7897|9321,7900|9515,3,2,http://www.reactome.org/biopax/96/56210#BiochemicalReaction2293,1,http://www.reactome.org/biopax/96/56210#Catalysis1170
1086,200|201,202|203|8287,2,3,http://www.reactome.org/biopax/96/56210#BiochemicalReaction945,1,http://www.reactome.org/biopax/96/56210#Catalysis595
1087,6284|8542|9264,9170|9265,3,2,http://www.reactome.org/biopax/96/56210#BiochemicalReaction477,1,http://www.reactome.org/biopax/96/56210#Catalysis288
1088,6260|9232,9496,2,1,http://www.reactome.org/biopax/96/56210#BiochemicalReaction445,1,http://www.reactome.org/biopax/96/56210#Catalysis257
1090,5234|5243|9308,5238|8476,3,2,http://www.reactome.org/biopax/96/56210#BiochemicalReaction254,1,http://www.reactome.org/biopax/96/56210#Catalysis146
1091,4946|7986|8057|8146|9515,7977|8058|9308,5,3,http://www.reactome.org/biopax/96/56210#BiochemicalReaction2461,1,http://www.reactome.org/biopax/96/56210#Catalysis1326
1092,7479|7670|8259,7480|8270,3,2,http://www.reactome.org/biopax/96/56210#BiochemicalReaction1858,1,http://www.reactome.org/biopax/96/56210#Catalysis922
1093,815|823|8322,824|8331,3,2,http://www.reactome.org/biopax/96/56210#BiochemicalReaction1478,1,http://www.reactome.org/biopax/96/56210#Control151
1094,7543|7791|8281,7793|8287,3,2,http://www.reactome.org/biopax/96/56210#BiochemicalReaction1979,1,http://www.reactome.org/biopax/96/56210#Catalysis994
1095,4761|4881|9440,4762|9219|9438,3,3,http://www.reactome.org/biopax/96/56210#BiochemicalReaction2323,1,http://www.reactome.org/biopax/96/56210#Catalysis1198
1096,4946|7986|8055|8146|9515,7977|8056|9308,5,3,http://www.reactome.org/biopax/96/56210#BiochemicalReaction2459,1,http://www.reactome.org/biopax/96/56210#Catalysis1324
1097,4080|9399,9400,2,1,http://www.reactome.org/biopax/96/56210#BiochemicalReaction552,1,http://www.reactome.org/biopax/96/56210#Catalysis361
1098,1535|4695|7986|9515,1532|7977,4,2,http://www.reactome.org/biopax/96/56210#BiochemicalReaction2105,1,http://www.reactome.org/biopax/96/56210#Catalysis1054
1099,5200|8685|9025,8680,3,1,http://www.reactome.org/biopax/96/56210#BiochemicalReaction3113,1,http://www.reactome.org/biopax/96/56210#Catalysis1933
1100,4926|8045|8393|9148,8394|8938|8974,4,3,http://www.reactome.org/biopax/96/56210#BiochemicalReaction2748,1,http://www.reactome.org/biopax/96/56210#Catalysis1602
1101,2163|8866|9359,8867|8868,3,2,http://www.reactome.org/biopax/96/56210#BiochemicalReaction3278,1,http://www.reactome.org/biopax/96/56210#Catalysis2097
1102,2433|5273|8045,5277,3,1,http://www.reactome.org/biopax/96/56210#BiochemicalReaction257,1,http://www.reactome.org/biopax/96/56210#Control27
1103,4912|7963|8259,7786|7964|8270,3,3,http://www.reactome.org/biopax/96/56210#BiochemicalReaction2380,1,http://www.reactome.org/biopax/96/56210#Catalysis1247
1104,5231|8045|8809|9308,8476|8810|8938|9515,4,4,http://www.reactome.org/biopax/96/56210#BiochemicalReaction3235,1,http://www.reactome.org/biopax/96/56210#Catalysis2054
1105,4122|9144|9194,9142|9193,3,2,http://www.reactome.org/biopax/96/56210#BiochemicalReaction636,1,http://www.reactome.org/biopax/96/56210#Catalysis435
1108,4158|4168|8045,4166|8395,3,2,http://www.reactome.org/biopax/96/56210#BiochemicalReaction4534,1,http://www.reactome.org/biopax/96/56210#Catalysis2657
1109,2064|8682|9308,8681,3,1,http://www.reactome.org/biopax/96/56210#BiochemicalReaction3110,1,http://www.reactome.org/biopax/96/56210#Catalysis1930
1110,4020|6229|6793|8045,4018,4,1,http://www.reactome.org/biopax/96/56210#BiochemicalReaction398,1,http://www.reactome.org/biopax/96/56210#Catalysis222
1111,2610|8045,2612|8395,2,2,http://www.reactome.org/biopax/96/56210#BiochemicalReaction3729,1,http://www.reactome.org/biopax/96/56210#Catalysis2330
1112,815|7184,7186,2,1,http://www.reactome.org/biopax/96/56210#BiochemicalReaction1467,1,http://www.reactome.org/biopax/96/56210#Control148
1113,3296|5773|9308,3297|8476,3,2,http://www.reactome.org/biopax/96/56210#BiochemicalReaction4378,1,http://www.reactome.org/biopax/96/56210#Control414
1114,7526|7545|9308,7523|8476,3,2,http://www.reactome.org/biopax/96/56210#BiochemicalReaction1985,1,http://www.reactome.org/biopax/96/56210#Catalysis999
1115,2129|8045|9308|9347,8476|8974|9270,4,3,http://www.reactome.org/biopax/96/56210#BiochemicalReaction3219,1,http://www.reactome.org/biopax/96/56210#Catalysis2038
1116,4669|7719,4729,2,1,http://www.reactome.org/biopax/96/56210#BiochemicalReaction32,1,http://www.reactome.org/biopax/96/56210#Catalysis32
1117,8733|9025|9135|9183,8734|9002|9136|9156,4,4,http://www.reactome.org/biopax/96/56210#BiochemicalReaction3153,1,http://www.reactome.org/biopax/96/56210#Control313
1118,3960|9025|9181,3958|9183|9184,3,3,http://www.reactome.org/biopax/96/56210#BiochemicalReaction5006,1,http://www.reactome.org/biopax/96/56210#Catalysis2917
1119,1633|9453,1638|9446|9515,2,3,http://www.reactome.org/biopax/96/56210#BiochemicalReaction2218,1,http://www.reactome.org/biopax/96/56210#Catalysis1097
1120,1476|7796|9269,7797|9149|9510,3,3,http://www.reactome.org/biopax/96/56210#BiochemicalReaction2048,1,http://www.reactome.org/biopax/96/56210#Catalysis1032
1121,113|133|8045,120|8395,3,2,http://www.reactome.org/biopax/96/56210#BiochemicalReaction856,1,http://www.reactome.org/biopax/96/56210#Catalysis545
1122,110|6547,6548|6550,2,2,http://www.reactome.org/biopax/96/56210#BiochemicalReaction878,1,http://www.reactome.org/biopax/96/56210#Catalysis563
1123,3818|9308,3819|6793,2,2,http://www.reactome.org/biopax/96/56210#BiochemicalReaction4870,1,http://www.reactome.org/biopax/96/56210#Catalysis2848
1124,1468|1475,743|6916|7246,2,3,http://www.reactome.org/biopax/96/56210#BiochemicalReaction2040,1,http://www.reactome.org/biopax/96/56210#Catalysis1028
1125,3529|8045|8997,1100|3524|3530|8395,3,4,http://www.reactome.org/biopax/96/56210#BiochemicalReaction4611,1,http://www.reactome.org/biopax/96/56210#Control425
1126,311|2290|8045,312|8395,3,2,http://www.reactome.org/biopax/96/56210#BiochemicalReaction1027,1,http://www.reactome.org/biopax/96/56210#Catalysis621
1127,2007|8607|9025,7846|8608|9002,3,3,http://www.reactome.org/biopax/96/56210#BiochemicalReaction3016,1,http://www.reactome.org/biopax/96/56210#Catalysis1838
1128,2103|8756|9002|9161,8755|9159,4,2,http://www.reactome.org/biopax/96/56210#BiochemicalReaction3178,1,http://www.reactome.org/biopax/96/56210#Catalysis1997
1129,4823|8395|8554,8045|8552,3,2,http://www.reactome.org/biopax/96/56210#BiochemicalReaction2971,1,http://www.reactome.org/biopax/96/56210#Catalysis1793
1130,2046|8747|9002|9183|9184,7854|8746|9181,5,3,http://www.reactome.org/biopax/96/56210#BiochemicalReaction3169,1,http://www.reactome.org/biopax/96/56210#Catalysis1988
1131,3815|9139,9140,2,1,http://www.reactome.org/biopax/96/56210#BiochemicalReaction347,1,http://www.reactome.org/biopax/96/56210#Catalysis211
1133,7741|8045|8395,7865|8395|9515,3,3,http://www.reactome.org/biopax/96/56210#BiochemicalReaction2255,1,http://www.reactome.org/biopax/96/56210#Control209
1134,4952|8019|8097,8093|8098,3,2,http://www.reactome.org/biopax/96/56210#BiochemicalReaction2482,1,http://www.reactome.org/biopax/96/56210#Catalysis1347
1135,501|9605|9606,9269|9607,3,2,http://www.reactome.org/biopax/96/56210#BiochemicalReaction1209,1,http://www.reactome.org/biopax/96/56210#Catalysis707
1136,373|4512|9308,9573|9574|9579,3,3,http://www.reactome.org/biopax/96/56210#BiochemicalReaction1068,1,http://www.reactome.org/biopax/96/56210#Catalysis645
1137,279|6720,281,2,1,http://www.reactome.org/biopax/96/56210#BiochemicalReaction1002,1,http://www.reactome.org/biopax/96/56210#Control97
1138,1909|4830|9159,4840|8506,3,2,http://www.reactome.org/biopax/96/56210#BiochemicalReaction3659,1,http://www.reactome.org/biopax/96/56210#Catalysis2303
1139,6307|8542|9142|9335,9144|9170|9343,4,3,http://www.reactome.org/biopax/96/56210#BiochemicalReaction511,1,http://www.reactome.org/biopax/96/56210#Catalysis322
1140,7854|7855|7857|9181,7856|9002|9183|9184,4,4,http://www.reactome.org/biopax/96/56210#BiochemicalReaction2235,1,http://www.reactome.org/biopax/96/56210#Control202
1141,3942|6158|9269,6162,3,1,http://www.reactome.org/biopax/96/56210#BiochemicalReaction4982,1,http://www.reactome.org/biopax/96/56210#Catalysis2905
1142,4115|9166,9121,2,1,http://www.reactome.org/biopax/96/56210#BiochemicalReaction626,1,http://www.reactome.org/biopax/96/56210#Catalysis429
1143,2742|8045,2745|8395,2,2,http://www.reactome.org/biopax/96/56210#BiochemicalReaction3846,1,http://www.reactome.org/biopax/96/56210#Catalysis2386
1144,2650,2530|2548|5399|5414|5451|5456|5458|5486|9141,1,9,http://www.reactome.org/biopax/96/56210#BiochemicalReaction279,1,http://www.reactome.org/biopax/96/56210#Catalysis162
1145,5994|9011|9053,9051|9054,3,2,http://www.reactome.org/biopax/96/56210#BiochemicalReaction4788,1,http://www.reactome.org/biopax/96/56210#Control438
1146,351|390|4206|6793,306|4206,4,2,http://www.reactome.org/biopax/96/56210#BiochemicalReaction1087,1,http://www.reactome.org/biopax/96/56210#Catalysis655
1147,1688|7914,9560,2,1,http://www.reactome.org/biopax/96/56210#BiochemicalReaction2288,1,http://www.reactome.org/biopax/96/56210#Catalysis1165
1148,5962|5963|8045|9165,5936|8938|8974,4,3,http://www.reactome.org/biopax/96/56210#BiochemicalReaction4738,1,http://www.reactome.org/biopax/96/56210#Catalysis2728
1149,432|6832|8259,6833|8270,3,2,http://www.reactome.org/biopax/96/56210#BiochemicalReaction1097,1,http://www.reactome.org/biopax/96/56210#Catalysis660
1150,4529|6838|8259,6839|8270,3,2,http://www.reactome.org/biopax/96/56210#BiochemicalReaction1104,1,http://www.reactome.org/biopax/96/56210#Catalysis667
1151,2176|8893|9252,8894|9457|9515,3,3,http://www.reactome.org/biopax/96/56210#BiochemicalReaction3308,1,http://www.reactome.org/biopax/96/56210#Catalysis2126
1153,3030|6296|9093,3030|9138,3,2,http://www.reactome.org/biopax/96/56210#BiochemicalReaction11,1,http://www.reactome.org/biopax/96/56210#Catalysis11
1154,1632|9453,1633|9446|9515,2,3,http://www.reactome.org/biopax/96/56210#BiochemicalReaction2214,1,http://www.reactome.org/biopax/96/56210#Catalysis1093
1155,6251|9170|9217,9218|9515,3,2,http://www.reactome.org/biopax/96/56210#BiochemicalReaction433,1,http://www.reactome.org/biopax/96/56210#Catalysis245
1157,7741|8045|9324,7865|8395|9515,3,3,http://www.reactome.org/biopax/96/56210#BiochemicalReaction2255,-1,http://www.reactome.org/biopax/96/56210#Control207
1158,8045|8927|9516|9553,8395|8476|9516,4,3,http://www.reactome.org/biopax/96/56210#BiochemicalReaction3340,-1,http://www.reactome.org/biopax/96/56210#Control330
1159,1773,1778|1792,1,2,http://www.reactome.org/biopax/96/56210#BiochemicalReaction206,1,http://www.reactome.org/biopax/96/56210#Catalysis116
1160,4085|6227,6793,2,1,http://www.reactome.org/biopax/96/56210#BiochemicalReaction395,1,http://www.reactome.org/biopax/96/56210#Catalysis220
1161,1549|9474,9121,2,1,http://www.reactome.org/biopax/96/56210#BiochemicalReaction2128,1,http://www.reactome.org/biopax/96/56210#Catalysis1067
1162,1539|7616|7977,1540|7986|9515,3,3,http://www.reactome.org/biopax/96/56210#BiochemicalReaction2112,1,http://www.reactome.org/biopax/96/56210#Catalysis1058
1163,7788|8609|9308,7772|8974|9515,3,3,http://www.reactome.org/biopax/96/56210#BiochemicalReaction3017,1,http://www.reactome.org/biopax/96/56210#Control300
1164,6294|9143,9145,2,1,http://www.reactome.org/biopax/96/56210#BiochemicalReaction489,1,http://www.reactome.org/biopax/96/56210#Catalysis300
1165,3777|9139,9140,2,1,http://www.reactome.org/biopax/96/56210#BiochemicalReaction343,1,http://www.reactome.org/biopax/96/56210#Catalysis207
1166,1229|9308,1230|8476,2,2,http://www.reactome.org/biopax/96/56210#BiochemicalReaction1793,1,http://www.reactome.org/biopax/96/56210#Catalysis892
1167,7028|7120|8259,7121|8270,3,2,http://www.reactome.org/biopax/96/56210#BiochemicalReaction1392,1,http://www.reactome.org/biopax/96/56210#Catalysis759
1168,9|56|8259,48|8270,3,2,http://www.reactome.org/biopax/96/56210#BiochemicalReaction91,1,http://www.reactome.org/biopax/96/56210#Catalysis65
1169,4797|8045|8218,8219|8395,3,2,http://www.reactome.org/biopax/96/56210#BiochemicalReaction2565,1,http://www.reactome.org/biopax/96/56210#Catalysis1428
1170,4213|7403|8045,1202|8395,3,2,http://www.reactome.org/biopax/96/56210#BiochemicalReaction1769,1,http://www.reactome.org/biopax/96/56210#Catalysis883
1171,6356|7986|8426|9515,7977|8428,4,2,http://www.reactome.org/biopax/96/56210#BiochemicalReaction2776,1,http://www.reactome.org/biopax/96/56210#Catalysis1630
1172,2889|8045,2890|8395,2,2,http://www.reactome.org/biopax/96/56210#BiochemicalReaction3973,1,http://www.reactome.org/biopax/96/56210#Catalysis2443
1173,2424|4834|8045,2427|8395,3,2,http://www.reactome.org/biopax/96/56210#BiochemicalReaction3572,1,http://www.reactome.org/biopax/96/56210#Catalysis2272
1174,3313|7665|9308,5105|8476,3,2,http://www.reactome.org/biopax/96/56210#BiochemicalReaction4408,1,http://www.reactome.org/biopax/96/56210#Catalysis2601
1175,5074|7986|9023|9515,7977|9024,4,2,http://www.reactome.org/biopax/96/56210#BiochemicalReaction4760,1,http://www.reactome.org/biopax/96/56210#Catalysis2750
1176,1338|7498|8281,7492|8287,3,2,http://www.reactome.org/biopax/96/56210#BiochemicalReaction1894,1,http://www.reactome.org/biopax/96/56210#Catalysis940
1177,9166|9172,9121,2,1,http://www.reactome.org/biopax/96/56210#BiochemicalReaction317,-1,http://www.reactome.org/biopax/96/56210#Control37
1178,7618|7817|7986|9515,7828|7977,4,2,http://www.reactome.org/biopax/96/56210#BiochemicalReaction2115,1,http://www.reactome.org/biopax/96/56210#Catalysis1060
1179,3991|3992|6211,3993,3,1,http://www.reactome.org/biopax/96/56210#BiochemicalReaction376,1,http://www.reactome.org/biopax/96/56210#Control40
1180,96|452|8134,453|9138,3,2,http://www.reactome.org/biopax/96/56210#BiochemicalReaction1158,1,http://www.reactome.org/biopax/96/56210#Catalysis688
1181,5192|8045|8660,8395|8661|9515,3,3,http://www.reactome.org/biopax/96/56210#BiochemicalReaction3080,1,http://www.reactome.org/biopax/96/56210#Catalysis1901
1183,4918|9308|9570,8292|8476,3,2,http://www.reactome.org/biopax/96/56210#BiochemicalReaction2641,1,http://www.reactome.org/biopax/96/56210#Catalysis1504
1184,6794|9573,9572|9574,2,2,http://www.reactome.org/biopax/96/56210#BiochemicalReaction1059,1,http://www.reactome.org/biopax/96/56210#Catalysis639
1185,96|6879|8134,321|9138,3,2,http://www.reactome.org/biopax/96/56210#BiochemicalReaction1765,1,http://www.reactome.org/biopax/96/56210#Catalysis879
1186,1718|7982|9308,7991|8476,3,2,http://www.reactome.org/biopax/96/56210#BiochemicalReaction2404,1,http://www.reactome.org/biopax/96/56210#Catalysis1271
1187,1391|7525|8281,1338|7790,3,2,http://www.reactome.org/biopax/96/56210#BiochemicalReaction1954,1,http://www.reactome.org/biopax/96/56210#Catalysis974
1188,70|6916,71,2,1,http://www.reactome.org/biopax/96/56210#BiochemicalReaction824,1,http://www.reactome.org/biopax/96/56210#Catalysis532
1190,6279|9242,9243,2,1,http://www.reactome.org/biopax/96/56210#BiochemicalReaction466,1,http://www.reactome.org/biopax/96/56210#Catalysis277
1191,1775|8263|9269,8208|8266,3,2,http://www.reactome.org/biopax/96/56210#BiochemicalReaction2605,1,http://www.reactome.org/biopax/96/56210#Catalysis1468
1192,5053|8367|9252|9308,8368|9457|9515,4,3,http://www.reactome.org/biopax/96/56210#BiochemicalReaction2720,1,http://www.reactome.org/biopax/96/56210#Catalysis1578
1194,6358|8045|9308|9564,8395|8476|9479,4,3,http://www.reactome.org/biopax/96/56210#BiochemicalReaction607,1,http://www.reactome.org/biopax/96/56210#Catalysis411
1195,5701|5704|8977,5703|8043,3,2,http://www.reactome.org/biopax/96/56210#BiochemicalReaction4228,1,http://www.reactome.org/biopax/96/56210#Catalysis2531
1196,2562|9308,2565|8476,2,2,http://www.reactome.org/biopax/96/56210#BiochemicalReaction3695,1,http://www.reactome.org/biopax/96/56210#Catalysis2315
1197,5988|6015|9041,6028|9043|9219,3,3,http://www.reactome.org/biopax/96/56210#BiochemicalReaction4823,1,http://www.reactome.org/biopax/96/56210#Catalysis2807
1198,378|6816|8134,379|9138,3,2,http://www.reactome.org/biopax/96/56210#BiochemicalReaction1075,1,http://www.reactome.org/biopax/96/56210#Catalysis649
1199,2089|9156|9394,8729|9135,3,2,http://www.reactome.org/biopax/96/56210#BiochemicalReaction3149,1,http://www.reactome.org/biopax/96/56210#Catalysis1968
1200,2096|8738|8962,8152|8737,3,2,http://www.reactome.org/biopax/96/56210#BiochemicalReaction3160,1,http://www.reactome.org/biopax/96/56210#Catalysis1979
1201,557|3164|6793,3165,3,1,http://www.reactome.org/biopax/96/56210#BiochemicalReaction4249,1,http://www.reactome.org/biopax/96/56210#Catalysis2542
1202,5066|8430,8431,2,1,http://www.reactome.org/biopax/96/56210#BiochemicalReaction2778,1,http://www.reactome.org/biopax/96/56210#Catalysis1632
1203,2011|8617|9308|9515,8162|9165|9350,4,3,http://www.reactome.org/biopax/96/56210#BiochemicalReaction3025,1,http://www.reactome.org/biopax/96/56210#Catalysis1847
1204,6799|8253,9202,2,1,http://www.reactome.org/biopax/96/56210#BiochemicalReaction2838,1,http://www.reactome.org/biopax/96/56210#Catalysis1688
1205,4959|8144|9025,8019|8147|9002,3,3,http://www.reactome.org/biopax/96/56210#BiochemicalReaction2514,1,http://www.reactome.org/biopax/96/56210#Catalysis1379
1207,6311|9363|9364,9365|9515,3,2,http://www.reactome.org/biopax/96/56210#BiochemicalReaction515,1,http://www.reactome.org/biopax/96/56210#Catalysis326
1209,4922|7977|8449,7986|8450|9515,3,3,http://www.reactome.org/biopax/96/56210#BiochemicalReaction2802,1,http://www.reactome.org/biopax/96/56210#Catalysis1653
1210,4443|8962|9515,9002|9135,3,2,http://www.reactome.org/biopax/96/56210#BiochemicalReaction517,1,http://www.reactome.org/biopax/96/56210#Catalysis328
1211,7735|9423|9425,9435|9446,3,2,http://www.reactome.org/biopax/96/56210#BiochemicalReaction19,1,http://www.reactome.org/biopax/96/56210#Catalysis19
1212,6326|7789,7792,2,1,http://www.reactome.org/biopax/96/56210#BiochemicalReaction31,1,http://www.reactome.org/biopax/96/56210#Catalysis31
1213,1185|6963|8045,1186|8395,3,2,http://www.reactome.org/biopax/96/56210#BiochemicalReaction1759,1,http://www.reactome.org/biopax/96/56210#Catalysis878
1214,494|9269,495|9594,2,2,http://www.reactome.org/biopax/96/56210#BiochemicalReaction1191,1,http://www.reactome.org/biopax/96/56210#Catalysis701
1215,3411|3412|8045,3413|8395,3,2,http://www.reactome.org/biopax/96/56210#BiochemicalReaction4530,-1,http://www.reactome.org/biopax/96/56210#Control422
1216,4209|8045,4210|8395,2,2,http://www.reactome.org/biopax/96/56210#BiochemicalReaction724,1,http://www.reactome.org/biopax/96/56210#Catalysis483
1217,1704|7896|7926,7907|7927,3,2,http://www.reactome.org/biopax/96/56210#BiochemicalReaction2352,1,http://www.reactome.org/biopax/96/56210#Catalysis1219
1218,3899|9083,3900|3901|8974,2,3,http://www.reactome.org/biopax/96/56210#BiochemicalReaction4943,1,http://www.reactome.org/biopax/96/56210#Catalysis2879
1220,6017|6021|9445,6020|7902,3,2,http://www.reactome.org/biopax/96/56210#BiochemicalReaction4816,1,http://www.reactome.org/biopax/96/56210#Catalysis2804
1221,1345|8259,1346|8270,2,2,http://www.reactome.org/biopax/96/56210#BiochemicalReaction1903,1,http://www.reactome.org/biopax/96/56210#Catalysis943
1222,5270|9516,8926|8930,2,2,http://www.reactome.org/biopax/96/56210#BiochemicalReaction3343,1,http://www.reactome.org/biopax/96/56210#Catalysis2161
1223,1686|7888|7891,7741|7863,3,2,http://www.reactome.org/biopax/96/56210#BiochemicalReaction2286,1,http://www.reactome.org/biopax/96/56210#Catalysis1163
1224,864|887|9175,888|9545,3,2,http://www.reactome.org/biopax/96/56210#BiochemicalReaction1537,1,http://www.reactome.org/biopax/96/56210#Catalysis805
1225,7305|9168,1097,2,1,http://www.reactome.org/biopax/96/56210#BiochemicalReaction2837,1,http://www.reactome.org/biopax/96/56210#Catalysis1687
1226,7713|7866|9246,7867|9487,3,2,http://www.reactome.org/biopax/96/56210#BiochemicalReaction2246,1,http://www.reactome.org/biopax/96/56210#Catalysis1124
1227,7854|7855|9135|9181,7856|9002|9183|9184,4,4,http://www.reactome.org/biopax/96/56210#BiochemicalReaction2235,-1,http://www.reactome.org/biopax/96/56210#Control204
1228,4245,4235|9542,1,2,http://www.reactome.org/biopax/96/56210#BiochemicalReaction754,1,http://www.reactome.org/biopax/96/56210#Catalysis496
1229,6749|9308|9570,8260|8476,3,2,http://www.reactome.org/biopax/96/56210#BiochemicalReaction2639,1,http://www.reactome.org/biopax/96/56210#Catalysis1502
1230,7418|7420|9308,7419|9461,3,2,http://www.reactome.org/biopax/96/56210#BiochemicalReaction1774,1,http://www.reactome.org/biopax/96/56210#Catalysis884
1231,4991|8045|8302,8304|8395,3,2,http://www.reactome.org/biopax/96/56210#BiochemicalReaction2668,1,http://www.reactome.org/biopax/96/56210#Catalysis1529
1232,9121|9144,9142,2,1,http://www.reactome.org/biopax/96/56210#BiochemicalReaction611,1,http://www.reactome.org/biopax/96/56210#Control53
1233,4085|7578,6793,2,1,http://www.reactome.org/biopax/96/56210#BiochemicalReaction2061,1,http://www.reactome.org/biopax/96/56210#Catalysis1044
1234,2087|5207|8045,1890|8395,3,2,http://www.reactome.org/biopax/96/56210#BiochemicalReaction3141,1,http://www.reactome.org/biopax/96/56210#Catalysis1960
1235,4999|6402|9520,1805,3,1,http://www.reactome.org/biopax/96/56210#BiochemicalReaction2643,1,http://www.reactome.org/biopax/96/56210#Catalysis1506
1236,864|884|9175,885|7215|9545,3,3,http://www.reactome.org/biopax/96/56210#BiochemicalReaction1535,1,http://www.reactome.org/biopax/96/56210#Catalysis803
1237,4926|8045|8397|9148,8398|8938|8974,4,3,http://www.reactome.org/biopax/96/56210#BiochemicalReaction2749,1,http://www.reactome.org/biopax/96/56210#Catalysis1603
1238,5101|8495|9308,8498|9598,3,2,http://www.reactome.org/biopax/96/56210#BiochemicalReaction2860,1,http://www.reactome.org/biopax/96/56210#Catalysis1705
1239,3621|5915|8134,3622|5913|9138,3,3,http://www.reactome.org/biopax/96/56210#BiochemicalReaction4660,1,http://www.reactome.org/biopax/96/56210#Catalysis2697
1241,7721|8395|9326|9515,8045|9228,4,2,http://www.reactome.org/biopax/96/56210#BiochemicalReaction2264,-1,http://www.reactome.org/biopax/96/56210#Control213
1242,4703|9129,9130,2,1,http://www.reactome.org/biopax/96/56210#BiochemicalReaction294,1,http://www.reactome.org/biopax/96/56210#Catalysis176
1243,500|9234|9599|9600,9601|9602,4,2,http://www.reactome.org/biopax/96/56210#BiochemicalReaction1208,1,http://www.reactome.org/biopax/96/56210#Catalysis706
1244,2169|8872,8873|9308|9515,2,3,http://www.reactome.org/biopax/96/56210#BiochemicalReaction3287,-1,http://www.reactome.org/biopax/96/56210#Control325
1245,832|3123|8259,3124|8270,3,2,http://www.reactome.org/biopax/96/56210#BiochemicalReaction4197,1,http://www.reactome.org/biopax/96/56210#Catalysis2513
1246,5518|5534|7845,2705,3,1,http://www.reactome.org/biopax/96/56210#BiochemicalReaction3814,1,http://www.reactome.org/biopax/96/56210#Control358
1247,2721|8045,2722|8395,2,2,http://www.reactome.org/biopax/96/56210#BiochemicalReaction3830,1,http://www.reactome.org/biopax/96/56210#Catalysis2377
1248,2059|8669,8670,2,1,http://www.reactome.org/biopax/96/56210#BiochemicalReaction3088,1,http://www.reactome.org/biopax/96/56210#Catalysis1909
1249,2245|2275,2274|2278|5276|5322,2,4,http://www.reactome.org/biopax/96/56210#BiochemicalReaction3419,1,http://www.reactome.org/biopax/96/56210#Catalysis2214
1250,3116|8045,3118|8395,2,2,http://www.reactome.org/biopax/96/56210#BiochemicalReaction4192,1,http://www.reactome.org/biopax/96/56210#Catalysis2510
1251,1097|5640,7299,2,1,http://www.reactome.org/biopax/96/56210#BiochemicalReaction4094,1,http://www.reactome.org/biopax/96/56210#Catalysis2477
1252,5171|8045|9121,5172|8395,3,2,http://www.reactome.org/biopax/96/56210#BiochemicalReaction245,1,http://www.reactome.org/biopax/96/56210#Control23
1254,1491|8303,1492|8313,2,2,http://www.reactome.org/biopax/96/56210#BiochemicalReaction2070,1,http://www.reactome.org/biopax/96/56210#Catalysis1045
1255,1660|1670|1675|1965|4637|4864|5154,1621|1955,7,2,http://www.reactome.org/biopax/96/56210#BiochemicalReaction2926,1,http://www.reactome.org/biopax/96/56210#Control281
1256,2195|8924|9270,8925|9272,3,2,http://www.reactome.org/biopax/96/56210#BiochemicalReaction3336,1,http://www.reactome.org/biopax/96/56210#Catalysis2154
1257,50|8259,51|8270|8287,2,3,http://www.reactome.org/biopax/96/56210#BiochemicalReaction815,1,http://www.reactome.org/biopax/96/56210#Catalysis527
1258,389|6793,4527,2,1,http://www.reactome.org/biopax/96/56210#BiochemicalReaction1085,1,http://www.reactome.org/biopax/96/56210#Catalysis654
1259,3308|8045,319|4852|8395,2,3,http://www.reactome.org/biopax/96/56210#BiochemicalReaction4397,1,http://www.reactome.org/biopax/96/56210#Catalysis2593
1260,1992|8569|9181,8570|9183,3,2,http://www.reactome.org/biopax/96/56210#BiochemicalReaction2984,1,http://www.reactome.org/biopax/96/56210#Catalysis1806
1261,1648|9308,1649|8476,2,2,http://www.reactome.org/biopax/96/56210#BiochemicalReaction2227,1,http://www.reactome.org/biopax/96/56210#Catalysis1106
1262,279|280,281,2,1,http://www.reactome.org/biopax/96/56210#BiochemicalReaction1002,1,http://www.reactome.org/biopax/96/56210#Control102
1263,1969|7856|9135,8521|9156,3,2,http://www.reactome.org/biopax/96/56210#BiochemicalReaction2930,1,http://www.reactome.org/biopax/96/56210#Catalysis1759
1264,4177|4180|8045,4179|8395,3,2,http://www.reactome.org/biopax/96/56210#BiochemicalReaction693,1,http://www.reactome.org/biopax/96/56210#Catalysis471
1265,5063|7986|8387|9515,7977|8390,4,2,http://www.reactome.org/biopax/96/56210#BiochemicalReaction2745,1,http://www.reactome.org/biopax/96/56210#Catalysis1599
1266,53|6708,6059|6473,2,2,http://www.reactome.org/biopax/96/56210#BiochemicalReaction4846,1,http://www.reactome.org/biopax/96/56210#Catalysis2829
1267,681|689|8259,690|8270,3,2,http://www.reactome.org/biopax/96/56210#BiochemicalReaction1379,1,http://www.reactome.org/biopax/96/56210#Catalysis752
1268,4785|8017|8045|9148,8018|8938|8974,4,3,http://www.reactome.org/biopax/96/56210#BiochemicalReaction2435,1,http://www.reactome.org/biopax/96/56210#Catalysis1300
1269,2026|8146|8646|9308,8644|8963|9165,4,3,http://www.reactome.org/biopax/96/56210#BiochemicalReaction3053,1,http://www.reactome.org/biopax/96/56210#Catalysis1875
1270,4964|8011|9308,8198|9202|9515,3,3,http://www.reactome.org/biopax/96/56210#BiochemicalReaction2547,1,http://www.reactome.org/biopax/96/56210#Catalysis1410
1271,4920|8967,2175,2,1,http://www.reactome.org/biopax/96/56210#BiochemicalReaction3301,1,http://www.reactome.org/biopax/96/56210#Catalysis2120
1273,1025|9166,9121,2,1,http://www.reactome.org/biopax/96/56210#BiochemicalReaction1621,-1,http://www.reactome.org/biopax/96/56210#Control163
1274,3644|9308,3645|8476,2,2,http://www.reactome.org/biopax/96/56210#BiochemicalReaction4671,1,http://www.reactome.org/biopax/96/56210#Catalysis2707
1275,4494|6832|8259,6833|8270,3,2,http://www.reactome.org/biopax/96/56210#BiochemicalReaction1098,1,http://www.reactome.org/biopax/96/56210#Catalysis661
1276,2156|5244,2155,2,1,http://www.reactome.org/biopax/96/56210#BiochemicalReaction3260,-1,http://www.reactome.org/biopax/96/56210#Control322
1277,2171|8875|9515,8162|8876,3,2,http://www.reactome.org/biopax/96/56210#BiochemicalReaction3290,1,http://www.reactome.org/biopax/96/56210#Catalysis2109
1278,1776|8219|9308,8218|8476,3,2,http://www.reactome.org/biopax/96/56210#BiochemicalReaction2566,1,http://www.reactome.org/biopax/96/56210#Catalysis1429
1279,4437|9279,9283,2,1,http://www.reactome.org/biopax/96/56210#BiochemicalReaction483,1,http://www.reactome.org/biopax/96/56210#Catalysis294
1280,679|6478|8281,686|6916,3,2,http://www.reactome.org/biopax/96/56210#BiochemicalReaction1369,1,http://www.reactome.org/biopax/96/56210#Catalysis745
1281,3842|9308,3843|4336,2,2,http://www.reactome.org/biopax/96/56210#BiochemicalReaction4883,1,http://www.reactome.org/biopax/96/56210#Catalysis2858
1282,1301|7507|8259,7516|8270,3,2,http://www.reactome.org/biopax/96/56210#BiochemicalReaction1939,1,http://www.reactome.org/biopax/96/56210#Catalysis967
1283,5197|8045|8674|8962,8395|8476|8676,4,3,http://www.reactome.org/biopax/96/56210#BiochemicalReaction3098,1,http://www.reactome.org/biopax/96/56210#Catalysis1918
1284,2651|8045,2652|8395,2,2,http://www.reactome.org/biopax/96/56210#BiochemicalReaction3763,1,http://www.reactome.org/biopax/96/56210#Catalysis2344
1285,1679|7875|8045,7876|8395|9515,3,3,http://www.reactome.org/biopax/96/56210#BiochemicalReaction2267,1,http://www.reactome.org/biopax/96/56210#Catalysis1144
1286,2102|8750|9159,8751|9002|9161,3,3,http://www.reactome.org/biopax/96/56210#BiochemicalReaction3172,1,http://www.reactome.org/biopax/96/56210#Catalysis1991
1287,7729|7887|8045,8395|9515|9560,3,3,http://www.reactome.org/biopax/96/56210#BiochemicalReaction2277,1,http://www.reactome.org/biopax/96/56210#Catalysis1154
1288,1754|8116|8117|9002,8115|8118,4,2,http://www.reactome.org/biopax/96/56210#BiochemicalReaction2497,1,http://www.reactome.org/biopax/96/56210#Catalysis1362
1289,2001|8045|8590,8395|8591|9515,3,3,http://www.reactome.org/biopax/96/56210#BiochemicalReaction3000,1,http://www.reactome.org/biopax/96/56210#Catalysis1822
1290,2250|2254,5299|5305,2,2,http://www.reactome.org/biopax/96/56210#BiochemicalReaction3392,1,http://www.reactome.org/biopax/96/56210#Catalysis2196
1291,7620|7832|8456,8457|9148,3,2,http://www.reactome.org/biopax/96/56210#BiochemicalReaction2811,1,http://www.reactome.org/biopax/96/56210#Catalysis1661
1292,5842|7075|8045,5841|8395,3,2,http://www.reactome.org/biopax/96/56210#BiochemicalReaction4512,1,http://www.reactome.org/biopax/96/56210#Catalysis2645
1293,5787|7664|8045,5788|8395,3,2,http://www.reactome.org/biopax/96/56210#BiochemicalReaction4403,1,http://www.reactome.org/biopax/96/56210#Catalysis2597
1294,3670|8045,3670|8395|8476,2,3,http://www.reactome.org/biopax/96/56210#BiochemicalReaction4691,1,http://www.reactome.org/biopax/96/56210#Control433
1295,2327|2336|8045,2338|8395,3,2,http://www.reactome.org/biopax/96/56210#BiochemicalReaction3475,1,http://www.reactome.org/biopax/96/56210#Catalysis2233
1297,2551|8045,2552|8395,2,2,http://www.reactome.org/biopax/96/56210#BiochemicalReaction3686,1,http://www.reactome.org/biopax/96/56210#Catalysis2310
1298,442|2697|8134,443|9138,3,2,http://www.reactome.org/biopax/96/56210#BiochemicalReaction3806,1,http://www.reactome.org/biopax/96/56210#Catalysis2365
1299,212|345|6626|6667,156|213,4,2,http://www.reactome.org/biopax/96/56210#BiochemicalReaction951,1,http://www.reactome.org/biopax/96/56210#Control83
1300,440|8045,441|6867|8395,2,3,http://www.reactome.org/biopax/96/56210#BiochemicalReaction1147,1,http://www.reactome.org/biopax/96/56210#Catalysis680
1302,4076|9400,9399,2,1,http://www.reactome.org/biopax/96/56210#BiochemicalReaction546,1,http://www.reactome.org/biopax/96/56210#Catalysis355
1303,1326|7495|8045,1328|8395,3,2,http://www.reactome.org/biopax/96/56210#BiochemicalReaction1885,1,http://www.reactome.org/biopax/96/56210#Catalysis934
1304,2133|9490,8798|8802|9515,2,3,http://www.reactome.org/biopax/96/56210#BiochemicalReaction3229,1,http://www.reactome.org/biopax/96/56210#Catalysis2048
1305,5220|8838|9025|9159,8839|9002|9161,4,3,http://www.reactome.org/biopax/96/56210#BiochemicalReaction3256,1,http://www.reactome.org/biopax/96/56210#Catalysis2075
1306,4331|5743|8986,4332|9272,3,2,http://www.reactome.org/biopax/96/56210#BiochemicalReaction4303,1,http://www.reactome.org/biopax/96/56210#Catalysis2557
1307,2443|6825|8045,2454|6753|8395,3,3,http://www.reactome.org/biopax/96/56210#BiochemicalReaction1089,-1,http://www.reactome.org/biopax/96/56210#Control122
1308,148,150|8287,1,2,http://www.reactome.org/biopax/96/56210#BiochemicalReaction914,1,http://www.reactome.org/biopax/96/56210#Catalysis581
1310,2270|5179|8045,2281|8395,3,2,http://www.reactome.org/biopax/96/56210#BiochemicalReaction247,1,http://www.reactome.org/biopax/96/56210#Control25
1311,911|924,929|8476,2,2,http://www.reactome.org/biopax/96/56210#BiochemicalReaction143,1,http://www.reactome.org/biopax/96/56210#Control9
1312,3633|4383|8134,3634|5913|9138,3,3,http://www.reactome.org/biopax/96/56210#BiochemicalReaction4667,1,http://www.reactome.org/biopax/96/56210#Catalysis2703
1315,1673|7741|8045,7865|8395|9515,3,3,http://www.reactome.org/biopax/96/56210#BiochemicalReaction2255,1,http://www.reactome.org/biopax/96/56210#Catalysis1132
1316,5166|8045|8562,8395|8563,3,2,http://www.reactome.org/biopax/96/56210#BiochemicalReaction2976,1,http://www.reactome.org/biopax/96/56210#Catalysis1798
1317,4107|8045|8887|9308,8395|8476|8888,4,3,http://www.reactome.org/biopax/96/56210#BiochemicalReaction3304,1,http://www.reactome.org/biopax/96/56210#Catalysis2122
1318,1864|8460|8461,8079|8462,3,2,http://www.reactome.org/biopax/96/56210#BiochemicalReaction2813,1,http://www.reactome.org/biopax/96/56210#Catalysis1663
1319,3079|5670|8259,3080|8270,3,2,http://www.reactome.org/biopax/96/56210#BiochemicalReaction4159,1,http://www.reactome.org/biopax/96/56210#Catalysis2498
1320,2823|4860|8045,4861|8395,3,2,http://www.reactome.org/biopax/96/56210#BiochemicalReaction3916,-1,http://www.reactome.org/biopax/96/56210#Control365
1321,1916|1924,1915|5121|9469,2,3,http://www.reactome.org/biopax/96/56210#BiochemicalReaction2902,1,http://www.reactome.org/biopax/96/56210#Catalysis1744
1322,1665|7864,7863,2,1,http://www.reactome.org/biopax/96/56210#BiochemicalReaction2257,1,http://www.reactome.org/biopax/96/56210#Catalysis1134
1323,432|3187|8259,3238|5737|5738|6956|8270|8287,3,6,http://www.reactome.org/biopax/96/56210#BiochemicalReaction4318,1,http://www.reactome.org/biopax/96/56210#Catalysis2563
1324,4103|6347|6793,6348,3,1,http://www.reactome.org/biopax/96/56210#BiochemicalReaction597,1,http://www.reactome.org/biopax/96/56210#Catalysis401
1325,7607|8939,8953,2,1,http://www.reactome.org/biopax/96/56210#BiochemicalReaction164,1,http://www.reactome.org/biopax/96/56210#Catalysis98
1326,6299|8542|9318,9170|9319,3,2,http://www.reactome.org/biopax/96/56210#BiochemicalReaction495,1,http://www.reactome.org/biopax/96/56210#Catalysis306
1327,2014|8281|8625,7786|8626|8627,3,3,http://www.reactome.org/biopax/96/56210#BiochemicalReaction3031,1,http://www.reactome.org/biopax/96/56210#Catalysis1853
1328,6009|7028|8259,6010|8270,3,2,http://www.reactome.org/biopax/96/56210#BiochemicalReaction4313,1,http://www.reactome.org/biopax/96/56210#Catalysis2560
1329,5291|5294|8951,2251,3,1,http://www.reactome.org/biopax/96/56210#BiochemicalReaction3387,1,http://www.reactome.org/biopax/96/56210#Catalysis2191
1330,1902|8118|9317,7855|8117|9562,3,3,http://www.reactome.org/biopax/96/56210#BiochemicalReaction2874,1,http://www.reactome.org/biopax/96/56210#Catalysis1718
1331,1672|7869|9308,7741|8476,3,2,http://www.reactome.org/biopax/96/56210#BiochemicalReaction2254,1,http://www.reactome.org/biopax/96/56210#Catalysis1131
1332,4825|8628,8629,2,1,http://www.reactome.org/biopax/96/56210#BiochemicalReaction3032,1,http://www.reactome.org/biopax/96/56210#Catalysis1854
1333,823|8322,824|8331,2,2,http://www.reactome.org/biopax/96/56210#BiochemicalReaction1478,1,http://www.reactome.org/biopax/96/56210#Catalysis793
1334,5203|8694|8695,8696|8697,3,2,http://www.reactome.org/biopax/96/56210#BiochemicalReaction3121,1,http://www.reactome.org/biopax/96/56210#Catalysis1941
1335,7467|7469|8045,7468|8395,3,2,http://www.reactome.org/biopax/96/56210#BiochemicalReaction1837,1,http://www.reactome.org/biopax/96/56210#Catalysis909
1336,3228|5744|7832,4334|4853|9148,3,3,http://www.reactome.org/biopax/96/56210#BiochemicalReaction4305,1,http://www.reactome.org/biopax/96/56210#Catalysis2558
1337,1869|8470|8472,8468|9160,3,2,http://www.reactome.org/biopax/96/56210#BiochemicalReaction2823,1,http://www.reactome.org/biopax/96/56210#Catalysis1673
1338,2124|8146|9351,8785,3,1,http://www.reactome.org/biopax/96/56210#BiochemicalReaction3211,1,http://www.reactome.org/biopax/96/56210#Catalysis2030
1339,4824|8476|8589,8584|9421,3,2,http://www.reactome.org/biopax/96/56210#BiochemicalReaction3022,1,http://www.reactome.org/biopax/96/56210#Catalysis1844
1340,279|6723,281,2,1,http://www.reactome.org/biopax/96/56210#BiochemicalReaction1002,1,http://www.reactome.org/biopax/96/56210#Control104
1341,2042|5186|8045|8652,2043|8938|8974,4,3,http://www.reactome.org/biopax/96/56210#BiochemicalReaction3066,1,http://www.reactome.org/biopax/96/56210#Catalysis1888
1342,4262,4261|4263|6916,1,3,http://www.reactome.org/biopax/96/56210#BiochemicalReaction768,1,http://www.reactome.org/biopax/96/56210#Catalysis502
1343,8134|9034|9455|9515,8974|9455,4,2,http://www.reactome.org/biopax/96/56210#BiochemicalReaction4772,-1,http://www.reactome.org/biopax/96/56210#Control435
1344,1582|8322,1593|8331,2,2,http://www.reactome.org/biopax/96/56210#BiochemicalReaction193,1,http://www.reactome.org/biopax/96/56210#Catalysis109
1345,110|6535,6536,2,1,http://www.reactome.org/biopax/96/56210#BiochemicalReaction872,1,http://www.reactome.org/biopax/96/56210#Catalysis558
1346,1897|8962|9228,8152|9344,3,2,http://www.reactome.org/biopax/96/56210#BiochemicalReaction3157,1,http://www.reactome.org/biopax/96/56210#Catalysis1976
1347,724|7749|8259,7748|8270,3,2,http://www.reactome.org/biopax/96/56210#BiochemicalReaction1405,1,http://www.reactome.org/biopax/96/56210#Catalysis768
1349,1704|7896|7920,7907|7921,3,2,http://www.reactome.org/biopax/96/56210#BiochemicalReaction2336,1,http://www.reactome.org/biopax/96/56210#Catalysis1206
1351,1751|8019|8110,7857|8100,3,2,http://www.reactome.org/biopax/96/56210#BiochemicalReaction2493,1,http://www.reactome.org/biopax/96/56210#Catalysis1358
1352,4006|4010|4349,4009,3,1,http://www.reactome.org/biopax/96/56210#BiochemicalReaction389,1,http://www.reactome.org/biopax/96/56210#Control42
1353,2703|6793,2704,2,1,http://www.reactome.org/biopax/96/56210#BiochemicalReaction3813,1,http://www.reactome.org/biopax/96/56210#Catalysis2369
1354,4169|8938,4168,2,1,http://www.reactome.org/biopax/96/56210#BiochemicalReaction4533,1,http://www.reactome.org/biopax/96/56210#Catalysis2656
1355,3338|5818|9308,3337|8476,3,2,http://www.reactome.org/biopax/96/56210#BiochemicalReaction4449,1,http://www.reactome.org/biopax/96/56210#Catalysis2624
1356,2355|8045,2356|8395,2,2,http://www.reactome.org/biopax/96/56210#BiochemicalReaction3494,1,http://www.reactome.org/biopax/96/56210#Catalysis2241
1357,2784|2786|8045,2785|8395,3,2,http://www.reactome.org/biopax/96/56210#BiochemicalReaction3875,-1,http://www.reactome.org/biopax/96/56210#Control364
1358,3231|8045,3232|8395,2,2,http://www.reactome.org/biopax/96/56210#BiochemicalReaction4308,1,http://www.reactome.org/biopax/96/56210#Catalysis2559
1359,110|3128,3130|5689,2,2,http://www.reactome.org/biopax/96/56210#BiochemicalReaction4201,1,http://www.reactome.org/biopax/96/56210#Catalysis2517
1360,1885|9138,1982|8134,2,2,http://www.reactome.org/biopax/96/56210#BiochemicalReaction219,1,http://www.reactome.org/biopax/96/56210#Catalysis128
1361,2339|5354,2326|5362|5363,2,3,http://www.reactome.org/biopax/96/56210#BiochemicalReaction3478,1,http://www.reactome.org/biopax/96/56210#Catalysis2236
1362,1036|6157|9269,6161,3,1,http://www.reactome.org/biopax/96/56210#BiochemicalReaction4981,1,http://www.reactome.org/biopax/96/56210#Catalysis2904
1363,2013|8623|9269,8624|9149|9249,3,3,http://www.reactome.org/biopax/96/56210#BiochemicalReaction3030,1,http://www.reactome.org/biopax/96/56210#Catalysis1852
1364,1019|1020,1017|8476,2,2,http://www.reactome.org/biopax/96/56210#BiochemicalReaction1619,1,http://www.reactome.org/biopax/96/56210#Catalysis825
1365,3678|3680|8134,3664|3678|9138,3,3,http://www.reactome.org/biopax/96/56210#BiochemicalReaction4696,1,http://www.reactome.org/biopax/96/56210#Catalysis2713
1366,4155|9528,9529,2,1,http://www.reactome.org/biopax/96/56210#BiochemicalReaction682,1,http://www.reactome.org/biopax/96/56210#Catalysis464
1367,1809|8294|9308,8293|8476,3,2,http://www.reactome.org/biopax/96/56210#BiochemicalReaction2652,1,http://www.reactome.org/biopax/96/56210#Catalysis1515
1368,1895,1896,1,1,http://www.reactome.org/biopax/96/56210#BiochemicalReaction2865,1,http://www.reactome.org/biopax/96/56210#Catalysis1709
1369,6779|7864|9513,8203|9148,3,2,http://www.reactome.org/biopax/96/56210#BiochemicalReaction2550,1,http://www.reactome.org/biopax/96/56210#Catalysis1413
1370,8045|8638|9148,8395|8639|9515,3,3,http://www.reactome.org/biopax/96/56210#BiochemicalReaction3043,-1,http://www.reactome.org/biopax/96/56210#Control306
1371,5169|8601|9308,8476|8602|9515,3,3,http://www.reactome.org/biopax/96/56210#BiochemicalReaction3013,1,http://www.reactome.org/biopax/96/56210#Catalysis1835
1372,3851|8281,3852|4411,2,2,http://www.reactome.org/biopax/96/56210#BiochemicalReaction4887,1,http://www.reactome.org/biopax/96/56210#Catalysis2862
1373,534|7004|8259,7005|8270,3,2,http://www.reactome.org/biopax/96/56210#BiochemicalReaction1246,1,http://www.reactome.org/biopax/96/56210#Catalysis718
1374,5591|8542|9142|9154,9144|9152|9170,4,3,http://www.reactome.org/biopax/96/56210#BiochemicalReaction289,1,http://www.reactome.org/biopax/96/56210#Catalysis172
1375,1400|6793,1401,2,1,http://www.reactome.org/biopax/96/56210#BiochemicalReaction1968,1,http://www.reactome.org/biopax/96/56210#Catalysis983
1376,305|307|6756|6757,307|308|6756,4,3,http://www.reactome.org/biopax/96/56210#BiochemicalReaction1022,1,http://www.reactome.org/biopax/96/56210#Catalysis619
1377,7373|8045|8145|9308,8395|8476|8543,4,3,http://www.reactome.org/biopax/96/56210#BiochemicalReaction5,1,http://www.reactome.org/biopax/96/56210#Catalysis5
1378,1678|7938|9252,7939|9457|9515,3,3,http://www.reactome.org/biopax/96/56210#BiochemicalReaction2359,1,http://www.reactome.org/biopax/96/56210#Catalysis1226
1382,2151|8830|8999|9156,8831|9160|9562,4,3,http://www.reactome.org/biopax/96/56210#BiochemicalReaction3251,1,http://www.reactome.org/biopax/96/56210#Catalysis2070
1383,466|8045|9566,8395|9122,3,2,http://www.reactome.org/biopax/96/56210#BiochemicalReaction1168,1,http://www.reactome.org/biopax/96/56210#Catalysis693
1384,2559,2642|6810,1,2,http://www.reactome.org/biopax/96/56210#BiochemicalReaction62,1,http://www.reactome.org/biopax/96/56210#Catalysis53
1385,345|7989,7972,2,1,http://www.reactome.org/biopax/96/56210#BiochemicalReaction2405,1,http://www.reactome.org/biopax/96/56210#Catalysis1272
1386,1682|9431,9453,2,1,http://www.reactome.org/biopax/96/56210#BiochemicalReaction2274,1,http://www.reactome.org/biopax/96/56210#Catalysis1151
1387,213|345,214,2,1,http://www.reactome.org/biopax/96/56210#BiochemicalReaction952,1,http://www.reactome.org/biopax/96/56210#Control84
1388,1377|7486|8259,1378|8270,3,2,http://www.reactome.org/biopax/96/56210#BiochemicalReaction1934,1,http://www.reactome.org/biopax/96/56210#Catalysis962
1389,1775|9269|9588,8208|8212,3,2,http://www.reactome.org/biopax/96/56210#BiochemicalReaction2557,1,http://www.reactome.org/biopax/96/56210#Catalysis1420
1390,5635|9125|9308,8938,3,1,http://www.reactome.org/biopax/96/56210#BiochemicalReaction4077,1,http://www.reactome.org/biopax/96/56210#Catalysis2470
1391,4738|4863|9440,4740|9438,3,2,http://www.reactome.org/biopax/96/56210#BiochemicalReaction2302,1,http://www.reactome.org/biopax/96/56210#Catalysis1179
1392,2130|9272|9308,8796|9410,3,2,http://www.reactome.org/biopax/96/56210#BiochemicalReaction3220,1,http://www.reactome.org/biopax/96/56210#Catalysis2039
1393,4087|9269,9308,2,1,http://www.reactome.org/biopax/96/56210#BiochemicalReaction582,1,http://www.reactome.org/biopax/96/56210#Catalysis390
1394,246|6681|8045,248|8395,3,2,http://www.reactome.org/biopax/96/56210#BiochemicalReaction981,1,http://www.reactome.org/biopax/96/56210#Catalysis600
1395,5163|8395,8045|8938,2,2,http://www.reactome.org/biopax/96/56210#BiochemicalReaction2969,1,http://www.reactome.org/biopax/96/56210#Catalysis1791
1396,4690|7576|9269,7803|7804,3,2,http://www.reactome.org/biopax/96/56210#BiochemicalReaction2055,1,http://www.reactome.org/biopax/96/56210#Catalysis1039
1397,4191|9308|9483,9490|9492,3,2,http://www.reactome.org/biopax/96/56210#BiochemicalReaction22,1,http://www.reactome.org/biopax/96/56210#Catalysis22
1399,6896|7851,7844,2,1,http://www.reactome.org/biopax/96/56210#BiochemicalReaction38,1,http://www.reactome.org/biopax/96/56210#Catalysis38
1400,1981|7772|9252|9308,8540|9457|9515,4,3,http://www.reactome.org/biopax/96/56210#BiochemicalReaction2954,-1,http://www.reactome.org/biopax/96/56210#Control291
1401,2884|5576|8281,2882|7752,3,2,http://www.reactome.org/biopax/96/56210#BiochemicalReaction3968,1,http://www.reactome.org/biopax/96/56210#Catalysis2441
1402,3045|8045,3046|8395,2,2,http://www.reactome.org/biopax/96/56210#BiochemicalReaction4128,1,http://www.reactome.org/biopax/96/56210#Catalysis2486
1403,2883|9166,9121,2,1,http://www.reactome.org/biopax/96/56210#BiochemicalReaction305,1,http://www.reactome.org/biopax/96/56210#Catalysis183
1406,4394|9067,9064|9065,2,2,http://www.reactome.org/biopax/96/56210#BiochemicalReaction4799,1,http://www.reactome.org/biopax/96/56210#Catalysis2787
1407,3783|6044,6045|6473,2,2,http://www.reactome.org/biopax/96/56210#BiochemicalReaction4834,1,http://www.reactome.org/biopax/96/56210#Catalysis2817
1408,1865|8019|8751,7857|8752,3,2,http://www.reactome.org/biopax/96/56210#BiochemicalReaction3174,1,http://www.reactome.org/biopax/96/56210#Catalysis1993
1409,3593|9308,3594|8476,2,2,http://www.reactome.org/biopax/96/56210#BiochemicalReaction4649,1,http://www.reactome.org/biopax/96/56210#Catalysis2690
1410,4916|7995|9246,7996|9487,3,2,http://www.reactome.org/biopax/96/56210#BiochemicalReaction2407,1,http://www.reactome.org/biopax/96/56210#Catalysis1274
1411,1221|8045,1222|8395,2,2,http://www.reactome.org/biopax/96/56210#BiochemicalReaction1786,1,http://www.reactome.org/biopax/96/56210#Catalysis888
1412,1918|2146|9159,5233|9002|9161,3,3,http://www.reactome.org/biopax/96/56210#BiochemicalReaction3245,1,http://www.reactome.org/biopax/96/56210#Catalysis2064
1413,6156|9092|9269,6157,3,1,http://www.reactome.org/biopax/96/56210#BiochemicalReaction4976,-1,http://www.reactome.org/biopax/96/56210#Control449
1414,1998|8572|8575,8576|8577,3,2,http://www.reactome.org/biopax/96/56210#BiochemicalReaction2989,1,http://www.reactome.org/biopax/96/56210#Catalysis1811
1415,4985|8139|8271,8019|8272,3,2,http://www.reactome.org/biopax/96/56210#BiochemicalReaction2609,1,http://www.reactome.org/biopax/96/56210#Catalysis1472
1416,2301|8045,2302|8395,2,2,http://www.reactome.org/biopax/96/56210#BiochemicalReaction3442,1,http://www.reactome.org/biopax/96/56210#Catalysis2223
1417,1299|7486|8259,1300|8270,3,2,http://www.reactome.org/biopax/96/56210#BiochemicalReaction1866,1,http://www.reactome.org/biopax/96/56210#Catalysis928
1418,5200|8684|9159,8685|9161,3,2,http://www.reactome.org/biopax/96/56210#BiochemicalReaction3112,1,http://www.reactome.org/biopax/96/56210#Catalysis1932
1419,3670|4385|8045,3670|8395|8476,3,3,http://www.reactome.org/biopax/96/56210#BiochemicalReaction4691,1,http://www.reactome.org/biopax/96/56210#Catalysis2711
1420,1723|8003|8146,7900|9308|9515,3,3,http://www.reactome.org/biopax/96/56210#BiochemicalReaction2420,1,http://www.reactome.org/biopax/96/56210#Catalysis1287
1421,591|7772|7851,7782|7862,3,2,http://www.reactome.org/biopax/96/56210#BiochemicalReaction36,1,http://www.reactome.org/biopax/96/56210#Catalysis36
1422,2075|8698|9256,8697,3,1,http://www.reactome.org/biopax/96/56210#BiochemicalReaction3123,1,http://www.reactome.org/biopax/96/56210#Catalysis1942
1423,1741|8481|9308,8482,3,1,http://www.reactome.org/biopax/96/56210#BiochemicalReaction2829,1,http://www.reactome.org/biopax/96/56210#Catalysis1679
1424,2062|8677|8679|9181,8680|9183|9184,4,3,http://www.reactome.org/biopax/96/56210#BiochemicalReaction3102,1,http://www.reactome.org/biopax/96/56210#Catalysis1922
1425,1788|8239,1789|8244,2,2,http://www.reactome.org/biopax/96/56210#BiochemicalReaction2584,1,http://www.reactome.org/biopax/96/56210#Catalysis1447
1426,3|9544,4|4268|6446|9545,2,4,http://www.reactome.org/biopax/96/56210#BiochemicalReaction784,1,http://www.reactome.org/biopax/96/56210#Catalysis511
1427,5011|8309|9308,8003|8195,3,2,http://www.reactome.org/biopax/96/56210#BiochemicalReaction2673,1,http://www.reactome.org/biopax/96/56210#Catalysis1534
1428,713|763|8259,772|8270,3,2,http://www.reactome.org/biopax/96/56210#BiochemicalReaction134,-1,http://www.reactome.org/biopax/96/56210#Control8
1429,5647|7665|8045,5649|8395,3,2,http://www.reactome.org/biopax/96/56210#BiochemicalReaction4116,1,http://www.reactome.org/biopax/96/56210#Catalysis2485
1430,2891|2900|2969|5869|5886|8045,2891|2927|5908|5911|8395|8476,6,6,http://www.reactome.org/biopax/96/56210#BiochemicalReaction306,1,http://www.reactome.org/biopax/96/56210#Catalysis184
1431,523|6997|8045,6998|8395,3,2,http://www.reactome.org/biopax/96/56210#BiochemicalReaction1239,1,http://www.reactome.org/biopax/96/56210#Catalysis713
1432,2832|8045|9566,8395|9122,3,2,http://www.reactome.org/biopax/96/56210#BiochemicalReaction3922,1,http://www.reactome.org/biopax/96/56210#Catalysis2422
1433,1476|9269|9509,9149|9207|9510,3,3,http://www.reactome.org/biopax/96/56210#BiochemicalReaction2047,1,http://www.reactome.org/biopax/96/56210#Catalysis1031
1434,3623|5916|8134,3624|5913|9138,3,3,http://www.reactome.org/biopax/96/56210#BiochemicalReaction4661,1,http://www.reactome.org/biopax/96/56210#Catalysis2698
1435,6778|6793|8045,3864|8974,3,2,http://www.reactome.org/biopax/96/56210#BiochemicalReaction4904,1,http://www.reactome.org/biopax/96/56210#Catalysis2875
1436,2040|5186|8045|8652,2041|8938|8974,4,3,http://www.reactome.org/biopax/96/56210#BiochemicalReaction3065,1,http://www.reactome.org/biopax/96/56210#Catalysis1887
1437,4444|6322|9149,4445|9515,3,2,http://www.reactome.org/biopax/96/56210#BiochemicalReaction540,1,http://www.reactome.org/biopax/96/56210#Catalysis351
1438,204|6670,205,2,1,http://www.reactome.org/biopax/96/56210#BiochemicalReaction946,1,http://www.reactome.org/biopax/96/56210#Control78
1439,808|7543|8259,7544|8270,3,2,http://www.reactome.org/biopax/96/56210#BiochemicalReaction1977,1,http://www.reactome.org/biopax/96/56210#Catalysis992
1440,1332|4017|7246,1333,3,1,http://www.reactome.org/biopax/96/56210#BiochemicalReaction1889,-1,http://www.reactome.org/biopax/96/56210#Control175
1441,3173|6916,3174,2,1,http://www.reactome.org/biopax/96/56210#BiochemicalReaction4260,1,http://www.reactome.org/biopax/96/56210#Catalysis2545
1442,2159|8855,8162|9126,2,2,http://www.reactome.org/biopax/96/56210#BiochemicalReaction3273,1,http://www.reactome.org/biopax/96/56210#Catalysis2092
1443,2572|9025|9134,9135|9136,3,2,http://www.reactome.org/biopax/96/56210#BiochemicalReaction272,1,http://www.reactome.org/biopax/96/56210#Catalysis156
1444,761|7772|9252|9308,8540|9457|9515,4,3,http://www.reactome.org/biopax/96/56210#BiochemicalReaction2954,1,http://www.reactome.org/biopax/96/56210#Catalysis1778
1445,2288|5315|8045,2289|8395,3,2,http://www.reactome.org/biopax/96/56210#BiochemicalReaction3427,1,http://www.reactome.org/biopax/96/56210#Catalysis2217
1446,8152|8786|9361,8787|8962|9308,3,3,http://www.reactome.org/biopax/96/56210#BiochemicalReaction3212,-1,http://www.reactome.org/biopax/96/56210#Control319
1447,4494|7475|8259,7478|8270,3,2,http://www.reactome.org/biopax/96/56210#BiochemicalReaction1857,1,http://www.reactome.org/biopax/96/56210#Catalysis921
1448,7621|7817|7986|9515,7833|7977,4,2,http://www.reactome.org/biopax/96/56210#BiochemicalReaction2119,1,http://www.reactome.org/biopax/96/56210#Catalysis1063
1449,1462|6793,1463,2,1,http://www.reactome.org/biopax/96/56210#BiochemicalReaction2030,1,http://www.reactome.org/biopax/96/56210#Catalysis1023
1450,1782|7960|8237,9196|9555,3,2,http://www.reactome.org/biopax/96/56210#BiochemicalReaction2580,1,http://www.reactome.org/biopax/96/56210#Catalysis1443
1451,2101|8102|8742|9002,8103|8749,4,2,http://www.reactome.org/biopax/96/56210#BiochemicalReaction3171,1,http://www.reactome.org/biopax/96/56210#Catalysis1990
1452,455|8045,453|4536|8395,2,3,http://www.reactome.org/biopax/96/56210#BiochemicalReaction1160,1,http://www.reactome.org/biopax/96/56210#Catalysis689
1453,85|4481,62|86,2,2,http://www.reactome.org/biopax/96/56210#BiochemicalReaction832,1,http://www.reactome.org/biopax/96/56210#Catalysis538
1454,2067|7977|8681|9308,7986|8162|8675|9515,4,4,http://www.reactome.org/biopax/96/56210#BiochemicalReaction3111,1,http://www.reactome.org/biopax/96/56210#Catalysis1931
1455,6408|9531,9530,2,1,http://www.reactome.org/biopax/96/56210#BiochemicalReaction699,1,http://www.reactome.org/biopax/96/56210#Catalysis474
1456,3004,3005|8476,1,2,http://www.reactome.org/biopax/96/56210#BiochemicalReaction4082,1,http://www.reactome.org/biopax/96/56210#Catalysis2473
1457,5223|8520|8731,8730|8777|9002,3,3,http://www.reactome.org/biopax/96/56210#BiochemicalReaction3203,1,http://www.reactome.org/biopax/96/56210#Catalysis2022
1458,6246|8045|9200|9308,8395|8476|9201,4,3,http://www.reactome.org/biopax/96/56210#BiochemicalReaction417,1,http://www.reactome.org/biopax/96/56210#Catalysis232
1459,1787,1788,1,1,http://www.reactome.org/biopax/96/56210#BiochemicalReaction2583,1,http://www.reactome.org/biopax/96/56210#Catalysis1446
1460,4806|5041|7766,4807|8348|8349|9256,3,4,http://www.reactome.org/biopax/96/56210#BiochemicalReaction2705,1,http://www.reactome.org/biopax/96/56210#Catalysis1563
1461,1774|8209|8210,7745|8211,3,2,http://www.reactome.org/biopax/96/56210#BiochemicalReaction2555,1,http://www.reactome.org/biopax/96/56210#Control229
1463,3757|6726|8202|8213,5969|8224|8232,4,3,http://www.reactome.org/biopax/96/56210#BiochemicalReaction4746,1,http://www.reactome.org/biopax/96/56210#Catalysis2736
1464,6549|8280|8988,8277|8984,3,2,http://www.reactome.org/biopax/96/56210#BiochemicalReaction2616,1,http://www.reactome.org/biopax/96/56210#Catalysis1479
1465,1888|9124,1889,2,1,http://www.reactome.org/biopax/96/56210#BiochemicalReaction2856,1,http://www.reactome.org/biopax/96/56210#Catalysis1701
1466,301|303|8045,304|8395,3,2,http://www.reactome.org/biopax/96/56210#BiochemicalReaction1020,1,http://www.reactome.org/biopax/96/56210#Catalysis617
1467,5976|9011|9017,9015|9018,3,2,http://www.reactome.org/biopax/96/56210#BiochemicalReaction4755,1,http://www.reactome.org/biopax/96/56210#Catalysis2745
1468,1389|7554|8045,7555|8395,3,2,http://www.reactome.org/biopax/96/56210#BiochemicalReaction1997,1,http://www.reactome.org/biopax/96/56210#Catalysis1008
1469,5991|9047|9455,9048|9138,3,2,http://www.reactome.org/biopax/96/56210#BiochemicalReaction4784,1,http://www.reactome.org/biopax/96/56210#Catalysis2774
1470,2093|8733|9025|9135,8734|9002|9136|9156,4,4,http://www.reactome.org/biopax/96/56210#BiochemicalReaction3153,1,http://www.reactome.org/biopax/96/56210#Catalysis1972
1471,995|998|6948|7247|7248|7249,999,6,1,http://www.reactome.org/biopax/96/56210#BiochemicalReaction1608,1,http://www.reactome.org/biopax/96/56210#Control161
1472,1219|1234|8134,1235|9174,3,2,http://www.reactome.org/biopax/96/56210#BiochemicalReaction1798,1,http://www.reactome.org/biopax/96/56210#Catalysis894
1473,523|6848|8045,6996|8395,3,2,http://www.reactome.org/biopax/96/56210#BiochemicalReaction1238,1,http://www.reactome.org/biopax/96/56210#Catalysis712
1474,1216|8281,30|1225|6956|6960|8270|8287,2,6,http://www.reactome.org/biopax/96/56210#BiochemicalReaction163,1,http://www.reactome.org/biopax/96/56210#Catalysis97
1476,1905|8501|8502,8503|8504|9002,3,3,http://www.reactome.org/biopax/96/56210#BiochemicalReaction2878,1,http://www.reactome.org/biopax/96/56210#Catalysis1722
1477,4381|6242,4397,2,1,http://www.reactome.org/biopax/96/56210#BiochemicalReaction408,1,http://www.reactome.org/biopax/96/56210#Catalysis225
1478,1783|8274|9269,8208|8275,3,2,http://www.reactome.org/biopax/96/56210#BiochemicalReaction2611,1,http://www.reactome.org/biopax/96/56210#Catalysis1474
1479,5246|9270|9515,8162|8845,3,2,http://www.reactome.org/biopax/96/56210#BiochemicalReaction3262,1,http://www.reactome.org/biopax/96/56210#Catalysis2081
1480,2319|5102,1895,2,1,http://www.reactome.org/biopax/96/56210#BiochemicalReaction2864,1,http://www.reactome.org/biopax/96/56210#Catalysis1708
1481,2996|8045,8974|9125,2,2,http://www.reactome.org/biopax/96/56210#BiochemicalReaction4073,1,http://www.reactome.org/biopax/96/56210#Catalysis2467
1482,2880|8045|9566,8395|9122,3,2,http://www.reactome.org/biopax/96/56210#BiochemicalReaction3964,1,http://www.reactome.org/biopax/96/56210#Catalysis2439
1483,4086|9308,9269,2,1,http://www.reactome.org/biopax/96/56210#BiochemicalReaction583,1,http://www.reactome.org/biopax/96/56210#Catalysis391
1484,2092|7986|8732|9515,7977|9334,4,2,http://www.reactome.org/biopax/96/56210#BiochemicalReaction3152,1,http://www.reactome.org/biopax/96/56210#Catalysis1971
1485,336|6793,338,2,1,http://www.reactome.org/biopax/96/56210#BiochemicalReaction1037,1,http://www.reactome.org/biopax/96/56210#Catalysis626
1486,5156|7626|9270,7625|9272,3,2,http://www.reactome.org/biopax/96/56210#BiochemicalReaction2126,1,http://www.reactome.org/biopax/96/56210#Catalysis1066
1487,7986|8146|8495|9120|9515,7977|9308|9597|9598,5,4,http://www.reactome.org/biopax/96/56210#BiochemicalReaction2857,-1,http://www.reactome.org/biopax/96/56210#Control246
1488,6244|8045|9193|9308,8395|8476|9194,4,3,http://www.reactome.org/biopax/96/56210#BiochemicalReaction415,1,http://www.reactome.org/biopax/96/56210#Catalysis230
1489,1845|8374|8375,8376|8974,3,2,http://www.reactome.org/biopax/96/56210#BiochemicalReaction2729,1,http://www.reactome.org/biopax/96/56210#Catalysis1586
1490,1870|8483|9252,8486|9457|9515,3,3,http://www.reactome.org/biopax/96/56210#BiochemicalReaction2831,1,http://www.reactome.org/biopax/96/56210#Catalysis1681
1492,239|6681|8045,243|8395,3,2,http://www.reactome.org/biopax/96/56210#BiochemicalReaction976,1,http://www.reactome.org/biopax/96/56210#Catalysis599
1493,8102|8525|9497,8103|9156,3,2,http://www.reactome.org/biopax/96/56210#BiochemicalReaction2939,1,http://www.reactome.org/biopax/96/56210#Control285
1494,115|121|8045,110|8395,3,2,http://www.reactome.org/biopax/96/56210#BiochemicalReaction857,1,http://www.reactome.org/biopax/96/56210#Catalysis546
1495,3032|6793,3033,2,1,http://www.reactome.org/biopax/96/56210#BiochemicalReaction4113,1,http://www.reactome.org/biopax/96/56210#Catalysis2484
1496,2991|3011,3012,2,1,http://www.reactome.org/biopax/96/56210#BiochemicalReaction4093,1,http://www.reactome.org/biopax/96/56210#Catalysis2476
1497,7642|9168,7837|7838,2,2,http://www.reactome.org/biopax/96/56210#BiochemicalReaction2156,1,http://www.reactome.org/biopax/96/56210#Catalysis1078
1498,5104|7977|9315,7986|8162|9228|9515,3,4,http://www.reactome.org/biopax/96/56210#BiochemicalReaction2867,-1,http://www.reactome.org/biopax/96/56210#Control247
1499,4131|9498,9499,2,1,http://www.reactome.org/biopax/96/56210#BiochemicalReaction655,1,http://www.reactome.org/biopax/96/56210#Catalysis450
1500,6850|6851,411,2,1,http://www.reactome.org/biopax/96/56210#BiochemicalReaction1121,1,http://www.reactome.org/biopax/96/56210#Control126
1501,345|7968,7978,2,1,http://www.reactome.org/biopax/96/56210#BiochemicalReaction2389,1,http://www.reactome.org/biopax/96/56210#Catalysis1256
1502,1751|8019|8125,7857|8126,3,2,http://www.reactome.org/biopax/96/56210#BiochemicalReaction2502,1,http://www.reactome.org/biopax/96/56210#Catalysis1367
1503,6164|9100|9270,9101|9272,3,2,http://www.reactome.org/biopax/96/56210#BiochemicalReaction4987,1,http://www.reactome.org/biopax/96/56210#Catalysis2909
1504,2273|2274|2276|5276,2275,4,1,http://www.reactome.org/biopax/96/56210#BiochemicalReaction3418,1,http://www.reactome.org/biopax/96/56210#Catalysis2213
1505,7075|7664|8045,7077|8395,3,2,http://www.reactome.org/biopax/96/56210#BiochemicalReaction1346,1,http://www.reactome.org/biopax/96/56210#Catalysis739
1506,7530|7561|8259,7562|8270,3,2,http://www.reactome.org/biopax/96/56210#BiochemicalReaction2007,1,http://www.reactome.org/biopax/96/56210#Catalysis1011
1507,33|8281,34|4386|6241,2,3,http://www.reactome.org/biopax/96/56210#BiochemicalReaction807,1,http://www.reactome.org/biopax/96/56210#Catalysis525
1508,7448|7465|8259,7470|8270,3,2,http://www.reactome.org/biopax/96/56210#BiochemicalReaction1838,1,http://www.reactome.org/biopax/96/56210#Catalysis910
1509,4065|9149|9162,9199|9515,3,2,http://www.reactome.org/biopax/96/56210#BiochemicalReaction503,1,http://www.reactome.org/biopax/96/56210#Catalysis314
1511,1980|8530|8537,8532|8539,3,2,http://www.reactome.org/biopax/96/56210#BiochemicalReaction2952,1,http://www.reactome.org/biopax/96/56210#Catalysis1776
1512,5079|8117|8900|8999|9002,8118|8901|9025,5,3,http://www.reactome.org/biopax/96/56210#BiochemicalReaction3312,1,http://www.reactome.org/biopax/96/56210#Catalysis2130
1513,6421|8045,4202|8395,2,2,http://www.reactome.org/biopax/96/56210#BiochemicalReaction716,1,http://www.reactome.org/biopax/96/56210#Catalysis479
1514,4237,4239|9535,1,2,http://www.reactome.org/biopax/96/56210#BiochemicalReaction749,1,http://www.reactome.org/biopax/96/56210#Catalysis491
1515,2372|8045,2373|8395,2,2,http://www.reactome.org/biopax/96/56210#BiochemicalReaction3516,1,http://www.reactome.org/biopax/96/56210#Catalysis2253
1516,5607|8542|9133,9131|9170,3,2,http://www.reactome.org/biopax/96/56210#BiochemicalReaction508,1,http://www.reactome.org/biopax/96/56210#Catalysis319
1517,1342|6916,1340|1343,2,2,http://www.reactome.org/biopax/96/56210#BiochemicalReaction1896,1,http://www.reactome.org/biopax/96/56210#Catalysis941
1518,5239|9002|9145,8835|9515,3,2,http://www.reactome.org/biopax/96/56210#BiochemicalReaction3254,1,http://www.reactome.org/biopax/96/56210#Catalysis2073
1519,2204|2209|8950,1950|2207|8736,3,3,http://www.reactome.org/biopax/96/56210#BiochemicalReaction3355,1,http://www.reactome.org/biopax/96/56210#Catalysis2173
1520,4035|9185|9186|9187|9188,4038|9190,5,2,http://www.reactome.org/biopax/96/56210#BiochemicalReaction410,1,http://www.reactome.org/biopax/96/56210#Catalysis227
1521,6314|8542|9170|9340|9373,8542|9170|9374|9490,5,4,http://www.reactome.org/biopax/96/56210#BiochemicalReaction522,1,http://www.reactome.org/biopax/96/56210#Catalysis333
1522,1546|8134,8974|9302,2,2,http://www.reactome.org/biopax/96/56210#BiochemicalReaction2123,-1,http://www.reactome.org/biopax/96/56210#Control187
1523,1296|1307|8259,1308|8270,3,2,http://www.reactome.org/biopax/96/56210#BiochemicalReaction1870,1,http://www.reactome.org/biopax/96/56210#Catalysis931
1525,1779|8219|8223,8225|8974,3,2,http://www.reactome.org/biopax/96/56210#BiochemicalReaction2568,1,http://www.reactome.org/biopax/96/56210#Catalysis1431
1526,2276|5276,2274|2436|2438,2,3,http://www.reactome.org/biopax/96/56210#BiochemicalReaction3588,1,http://www.reactome.org/biopax/96/56210#Catalysis2281
1527,4845|5517|7845,2648,3,1,http://www.reactome.org/biopax/96/56210#BiochemicalReaction3760,1,http://www.reactome.org/biopax/96/56210#Control350
1528,2000|8938|9308|9515,7772|9165,4,2,http://www.reactome.org/biopax/96/56210#BiochemicalReaction2991,1,http://www.reactome.org/biopax/96/56210#Catalysis1813
1529,2996,2997|8476,1,2,http://www.reactome.org/biopax/96/56210#BiochemicalReaction4074,1,http://www.reactome.org/biopax/96/56210#Catalysis2468
1531,1904|5110|7855|9002,5111|9562,4,2,http://www.reactome.org/biopax/96/56210#BiochemicalReaction2875,-1,http://www.reactome.org/biopax/96/56210#Control253
1532,1900|7856|9002,7855|9562,3,2,http://www.reactome.org/biopax/96/56210#BiochemicalReaction2872,1,http://www.reactome.org/biopax/96/56210#Catalysis1716
1533,2567|6793,2569,2,1,http://www.reactome.org/biopax/96/56210#BiochemicalReaction3699,1,http://www.reactome.org/biopax/96/56210#Catalysis2318
1535,5176|8045|8638,8395|8639|9515,3,3,http://www.reactome.org/biopax/96/56210#BiochemicalReaction3043,1,http://www.reactome.org/biopax/96/56210#Catalysis1865
1536,1838|8365|9252|9308,9457|9461|9515,4,3,http://www.reactome.org/biopax/96/56210#BiochemicalReaction2718,1,http://www.reactome.org/biopax/96/56210#Catalysis1576
1537,4600|7744,7755,2,1,http://www.reactome.org/biopax/96/56210#BiochemicalReaction27,1,http://www.reactome.org/biopax/96/56210#Catalysis27
1538,2308|2319|8045,2329|8395,3,2,http://www.reactome.org/biopax/96/56210#BiochemicalReaction249,1,http://www.reactome.org/biopax/96/56210#Catalysis142
1539,5360|5416|8045,5361|8395,3,2,http://www.reactome.org/biopax/96/56210#BiochemicalReaction3555,1,http://www.reactome.org/biopax/96/56210#Control337
1540,4428|9227,9496,2,1,http://www.reactome.org/biopax/96/56210#BiochemicalReaction444,1,http://www.reactome.org/biopax/96/56210#Catalysis256
1543,110|6561,6562|6563,2,2,http://www.reactome.org/biopax/96/56210#BiochemicalReaction882,1,http://www.reactome.org/biopax/96/56210#Catalysis567
1544,2069|8134|9270|9308,8688|8689|8974|9347,4,4,http://www.reactome.org/biopax/96/56210#BiochemicalReaction3117,1,http://www.reactome.org/biopax/96/56210#Catalysis1937
1546,1393|6793,307|1394,2,2,http://www.reactome.org/biopax/96/56210#BiochemicalReaction1958,1,http://www.reactome.org/biopax/96/56210#Catalysis977
1547,4801|9122|9308,8476|9570,3,2,http://www.reactome.org/biopax/96/56210#BiochemicalReaction2637,1,http://www.reactome.org/biopax/96/56210#Catalysis1500
1548,4175|8045,4176|8395,2,2,http://www.reactome.org/biopax/96/56210#BiochemicalReaction692,1,http://www.reactome.org/biopax/96/56210#Catalysis470
1549,2193|7911|9438,7912|8920,3,2,http://www.reactome.org/biopax/96/56210#BiochemicalReaction3334,1,http://www.reactome.org/biopax/96/56210#Catalysis2152
1550,1534|7818|8999,7819|7820,3,2,http://www.reactome.org/biopax/96/56210#BiochemicalReaction2102,1,http://www.reactome.org/biopax/96/56210#Catalysis1051
1551,518|6986|8281,6985|8287,3,2,http://www.reactome.org/biopax/96/56210#BiochemicalReaction1224,1,http://www.reactome.org/biopax/96/56210#Catalysis710
1552,5063|7986|8425|9515,7977|8426,4,2,http://www.reactome.org/biopax/96/56210#BiochemicalReaction2774,1,http://www.reactome.org/biopax/96/56210#Catalysis1628
1554,157|162,161,2,1,http://www.reactome.org/biopax/96/56210#BiochemicalReaction924,1,http://www.reactome.org/biopax/96/56210#Catalysis585
1555,5790|7028|8259,5791|8270,3,2,http://www.reactome.org/biopax/96/56210#BiochemicalReaction4405,1,http://www.reactome.org/biopax/96/56210#Catalysis2599
1556,3783|3790|7037,3791|6473,3,2,http://www.reactome.org/biopax/96/56210#BiochemicalReaction4849,1,http://www.reactome.org/biopax/96/56210#Catalysis2833
1557,6461|7355|8259,6462|8270,3,2,http://www.reactome.org/biopax/96/56210#BiochemicalReaction802,1,http://www.reactome.org/biopax/96/56210#Catalysis520
1558,0|9107|9252|9308,9390|9457|9515,4,3,http://www.reactome.org/biopax/96/56210#BiochemicalReaction3,1,http://www.reactome.org/biopax/96/56210#Catalysis3
1559,190|8281,191|8287,2,2,http://www.reactome.org/biopax/96/56210#BiochemicalReaction940,1,http://www.reactome.org/biopax/96/56210#Catalysis590
1560,3307|4085,3305,2,1,http://www.reactome.org/biopax/96/56210#BiochemicalReaction4391,1,http://www.reactome.org/biopax/96/56210#Catalysis2591
1561,5980|9029|9308,7868|9276,3,2,http://www.reactome.org/biopax/96/56210#BiochemicalReaction4764,1,http://www.reactome.org/biopax/96/56210#Catalysis2754
1562,345|7970,7979,2,1,http://www.reactome.org/biopax/96/56210#BiochemicalReaction2390,1,http://www.reactome.org/biopax/96/56210#Catalysis1257
1563,4089|4691|8045,4090|8395,3,2,http://www.reactome.org/biopax/96/56210#BiochemicalReaction579,1,http://www.reactome.org/biopax/96/56210#Catalysis387
1564,4790|8062|8066|8069,7773|8043|8064|8070|9246,4,5,http://www.reactome.org/biopax/96/56210#BiochemicalReaction2467,1,http://www.reactome.org/biopax/96/56210#Catalysis1332
1565,2409|5360|8045,5361|8395,3,2,http://www.reactome.org/biopax/96/56210#BiochemicalReaction3555,1,http://www.reactome.org/biopax/96/56210#Control336
1566,2211|5108|8045,2217|8395,3,2,http://www.reactome.org/biopax/96/56210#BiochemicalReaction241,1,http://www.reactome.org/biopax/96/56210#Catalysis138
1567,0|8146|8600|9308,8963|9303,4,2,http://www.reactome.org/biopax/96/56210#BiochemicalReaction3011,1,http://www.reactome.org/biopax/96/56210#Catalysis1833
1568,2492|5321|8045,5326|8395,3,2,http://www.reactome.org/biopax/96/56210#BiochemicalReaction262,1,http://www.reactome.org/biopax/96/56210#Control30
1569,3629|5914|8134,3631|5913|9138,3,3,http://www.reactome.org/biopax/96/56210#BiochemicalReaction4664,1,http://www.reactome.org/biopax/96/56210#Catalysis2701
1570,1756|8138,8116,2,1,http://www.reactome.org/biopax/96/56210#BiochemicalReaction2510,1,http://www.reactome.org/biopax/96/56210#Catalysis1375
1571,4269|9544,4268|4270|9545,2,3,http://www.reactome.org/biopax/96/56210#BiochemicalReaction774,1,http://www.reactome.org/biopax/96/56210#Catalysis505
1572,2981|8045,2982|8395,2,2,http://www.reactome.org/biopax/96/56210#BiochemicalReaction4056,1,http://www.reactome.org/biopax/96/56210#Catalysis2458
1573,1510|1512|6793,1511,3,1,http://www.reactome.org/biopax/96/56210#BiochemicalReaction2081,-1,http://www.reactome.org/biopax/96/56210#Control183
1574,2803|8045|9566,8395|9122,3,2,http://www.reactome.org/biopax/96/56210#BiochemicalReaction3894,1,http://www.reactome.org/biopax/96/56210#Catalysis2404
1575,4973|8514,8714,2,1,http://www.reactome.org/biopax/96/56210#BiochemicalReaction3133,1,http://www.reactome.org/biopax/96/56210#Catalysis1952
1576,1690|4735|9436,4736|7902|9219,3,3,http://www.reactome.org/biopax/96/56210#BiochemicalReaction2300,1,http://www.reactome.org/biopax/96/56210#Catalysis1177
1577,383|8045,383|8395,2,2,http://www.reactome.org/biopax/96/56210#BiochemicalReaction1080,1,http://www.reactome.org/biopax/96/56210#Catalysis651
1578,1978|8045|8535|9397,8395|8476|8536|9515,4,4,http://www.reactome.org/biopax/96/56210#BiochemicalReaction2950,1,http://www.reactome.org/biopax/96/56210#Catalysis1774
1579,4435|4703,4433,2,1,http://www.reactome.org/biopax/96/56210#BiochemicalReaction474,1,http://www.reactome.org/biopax/96/56210#Catalysis285
1580,210|345|6672,211|6668|6669,3,3,http://www.reactome.org/biopax/96/56210#BiochemicalReaction950,1,http://www.reactome.org/biopax/96/56210#Control82
1581,2295|8045,2296|8395,2,2,http://www.reactome.org/biopax/96/56210#BiochemicalReaction3436,1,http://www.reactome.org/biopax/96/56210#Catalysis2221
1582,5746|8045|8333|9308,8334|8395|8476|9515,4,4,http://www.reactome.org/biopax/96/56210#BiochemicalReaction2691,1,http://www.reactome.org/biopax/96/56210#Catalysis1551
1583,6786|8123|8192,8167|8193|8194,3,3,http://www.reactome.org/biopax/96/56210#BiochemicalReaction2540,1,http://www.reactome.org/biopax/96/56210#Catalysis1403
1584,2302|8045,2303|8395,2,2,http://www.reactome.org/biopax/96/56210#BiochemicalReaction3443,1,http://www.reactome.org/biopax/96/56210#Catalysis2224
1585,1870|8473|9252,8474|9457|9515,3,3,http://www.reactome.org/biopax/96/56210#BiochemicalReaction2825,1,http://www.reactome.org/biopax/96/56210#Catalysis1675
1586,1674|7861,7870|9515,2,2,http://www.reactome.org/biopax/96/56210#BiochemicalReaction2259,1,http://www.reactome.org/biopax/96/56210#Catalysis1136
1587,3865|6793|8045,3866|8974,3,2,http://www.reactome.org/biopax/96/56210#BiochemicalReaction4906,1,http://www.reactome.org/biopax/96/56210#Catalysis2877
1588,4158|5793,5795,2,1,http://www.reactome.org/biopax/96/56210#BiochemicalReaction4413,-1,http://www.reactome.org/biopax/96/56210#Control416
1589,5449|6839|8322,5450|8331,3,2,http://www.reactome.org/biopax/96/56210#BiochemicalReaction3607,1,http://www.reactome.org/biopax/96/56210#Catalysis2288
1590,2148|8826,8538|9120,2,2,http://www.reactome.org/biopax/96/56210#BiochemicalReaction3247,1,http://www.reactome.org/biopax/96/56210#Catalysis2066
1591,4525|6813|8045,6815|8395,3,2,http://www.reactome.org/biopax/96/56210#BiochemicalReaction1072,1,http://www.reactome.org/biopax/96/56210#Catalysis648
1592,2748|9025|9157|9159,9002|9160|9161,4,3,http://www.reactome.org/biopax/96/56210#BiochemicalReaction291,1,http://www.reactome.org/biopax/96/56210#Catalysis174
1593,110|6533,6534,2,1,http://www.reactome.org/biopax/96/56210#BiochemicalReaction871,1,http://www.reactome.org/biopax/96/56210#Catalysis557
1595,2262,2234|5306|8476,1,3,http://www.reactome.org/biopax/96/56210#BiochemicalReaction3404,1,http://www.reactome.org/biopax/96/56210#Catalysis2206
1596,9121|9528,9529,2,1,http://www.reactome.org/biopax/96/56210#BiochemicalReaction682,1,http://www.reactome.org/biopax/96/56210#Control60
1597,1660|1670|1675|1965|4637|4864|5153,1621|1955,7,2,http://www.reactome.org/biopax/96/56210#BiochemicalReaction2926,1,http://www.reactome.org/biopax/96/56210#Control280
1598,172|6636|6637|6638|6639|6640|6641|6642|6643|6645|6646|8259,173|6613|6616|6617|6619|6620|6632|6634|8270|8287,12,10,http://www.reactome.org/biopax/96/56210#BiochemicalReaction928,1,http://www.reactome.org/biopax/96/56210#Catalysis588
1599,2082|8717|8718,8167|8719|8720|9111,3,4,http://www.reactome.org/biopax/96/56210#BiochemicalReaction3136,1,http://www.reactome.org/biopax/96/56210#Catalysis1955
1600,4374|8239|9308,8997|8998,3,2,http://www.reactome.org/biopax/96/56210#BiochemicalReaction4607,1,http://www.reactome.org/biopax/96/56210#Catalysis2677
1601,716|7028|8259,719|8270,3,2,http://www.reactome.org/biopax/96/56210#BiochemicalReaction1401,1,http://www.reactome.org/biopax/96/56210#Catalysis765
1602,6356|7986|8427|9515,7977|8429,4,2,http://www.reactome.org/biopax/96/56210#BiochemicalReaction2777,1,http://www.reactome.org/biopax/96/56210#Catalysis1631
1603,4101|9324,8716,2,1,http://www.reactome.org/biopax/96/56210#BiochemicalReaction3135,1,http://www.reactome.org/biopax/96/56210#Catalysis1954
1604,4535|9308|9587,9145|9588,3,2,http://www.reactome.org/biopax/96/56210#BiochemicalReaction1149,1,http://www.reactome.org/biopax/96/56210#Catalysis682
1605,1753|8102|8121|9002,8103|8122,4,2,http://www.reactome.org/biopax/96/56210#BiochemicalReaction2500,1,http://www.reactome.org/biopax/96/56210#Catalysis1365
1606,4079|9399,9400,2,1,http://www.reactome.org/biopax/96/56210#BiochemicalReaction548,1,http://www.reactome.org/biopax/96/56210#Catalysis357
1607,7526|7533|8045,7520|8395,3,2,http://www.reactome.org/biopax/96/56210#BiochemicalReaction1964,1,http://www.reactome.org/biopax/96/56210#Catalysis981
1608,3335|5815|8134,3336|9138,3,2,http://www.reactome.org/biopax/96/56210#BiochemicalReaction4446,1,http://www.reactome.org/biopax/96/56210#Catalysis2621
1609,5978|9022|9252,9023|9457|9515,3,3,http://www.reactome.org/biopax/96/56210#BiochemicalReaction4759,1,http://www.reactome.org/biopax/96/56210#Catalysis2749
1610,5996|9011|9053,9051|9054,3,2,http://www.reactome.org/biopax/96/56210#BiochemicalReaction4788,1,http://www.reactome.org/biopax/96/56210#Catalysis2778
1611,896|8259,897|8270,2,2,http://www.reactome.org/biopax/96/56210#BiochemicalReaction1549,1,http://www.reactome.org/biopax/96/56210#Catalysis809
1612,2016|2017|9457|9515,2015|9252,4,2,http://www.reactome.org/biopax/96/56210#BiochemicalReaction3035,1,http://www.reactome.org/biopax/96/56210#Catalysis1857
1613,4937|8028,8029|9308,2,2,http://www.reactome.org/biopax/96/56210#BiochemicalReaction2443,1,http://www.reactome.org/biopax/96/56210#Catalysis1308
1614,1757|7857|8139,8019|8140,3,2,http://www.reactome.org/biopax/96/56210#BiochemicalReaction2511,1,http://www.reactome.org/biopax/96/56210#Catalysis1376
1615,7622|8134,8974|9302,2,2,http://www.reactome.org/biopax/96/56210#BiochemicalReaction2123,1,http://www.reactome.org/biopax/96/56210#Catalysis1065
1616,1953|5146,1954|4820,2,2,http://www.reactome.org/biopax/96/56210#BiochemicalReaction2919,1,http://www.reactome.org/biopax/96/56210#Control279
1617,6733|8399,8400,2,1,http://www.reactome.org/biopax/96/56210#BiochemicalReaction2752,1,http://www.reactome.org/biopax/96/56210#Catalysis1606
1618,2077|8701|8702,8703|9190,3,2,http://www.reactome.org/biopax/96/56210#BiochemicalReaction3125,1,http://www.reactome.org/biopax/96/56210#Catalysis1944
1619,1928,1995|6810,1,2,http://www.reactome.org/biopax/96/56210#BiochemicalReaction58,1,http://www.reactome.org/biopax/96/56210#Catalysis52
1620,1885,1982|8476,1,2,http://www.reactome.org/biopax/96/56210#BiochemicalReaction220,1,http://www.reactome.org/biopax/96/56210#Catalysis129
1621,742|4886|7036|7154|7158,768,5,1,http://www.reactome.org/biopax/96/56210#BiochemicalReaction1435,-1,http://www.reactome.org/biopax/96/56210#Control147
1622,4271|6449|6450,4272,3,1,http://www.reactome.org/biopax/96/56210#BiochemicalReaction775,-1,http://www.reactome.org/biopax/96/56210#Control67
1623,1021|9139,9140,2,1,http://www.reactome.org/biopax/96/56210#BiochemicalReaction1620,1,http://www.reactome.org/biopax/96/56210#Catalysis826
1624,995|998|6948|7245|7247|7248,999,6,1,http://www.reactome.org/biopax/96/56210#BiochemicalReaction1608,-1,http://www.reactome.org/biopax/96/56210#Control162
1625,1662|7860|8045,7861|8395,3,2,http://www.reactome.org/biopax/96/56210#BiochemicalReaction2240,1,http://www.reactome.org/biopax/96/56210#Catalysis1118
1626,4786|8062|8066|8067,7773|8043|8064|8068|9246,4,5,http://www.reactome.org/biopax/96/56210#BiochemicalReaction2466,1,http://www.reactome.org/biopax/96/56210#Catalysis1331
1627,3500|8045,3452|5871|5877|5878|5881|5882|8395,2,7,http://www.reactome.org/biopax/96/56210#BiochemicalReaction4591,1,http://www.reactome.org/biopax/96/56210#Catalysis2672
1628,4804|8045|8263,8293|8395,3,2,http://www.reactome.org/biopax/96/56210#BiochemicalReaction2648,1,http://www.reactome.org/biopax/96/56210#Catalysis1511
1631,379|6817,378|8974,2,2,http://www.reactome.org/biopax/96/56210#BiochemicalReaction1076,1,http://www.reactome.org/biopax/96/56210#Catalysis650
1632,686|699|8259,698|8270,3,2,http://www.reactome.org/biopax/96/56210#BiochemicalReaction1385,1,http://www.reactome.org/biopax/96/56210#Catalysis756
1633,2215|9193|9515,8162|9308,3,2,http://www.reactome.org/biopax/96/56210#BiochemicalReaction3358,1,http://www.reactome.org/biopax/96/56210#Catalysis2176
1634,3749|6702|8146|8152,5967|8162|8171,4,3,http://www.reactome.org/biopax/96/56210#BiochemicalReaction4742,1,http://www.reactome.org/biopax/96/56210#Catalysis2732
1635,1281|7207|8281|9547,1280|7753|9548,4,3,http://www.reactome.org/biopax/96/56210#BiochemicalReaction1844,1,http://www.reactome.org/biopax/96/56210#Catalysis915
1636,1694|4748|7909,4749|7902|9219,3,3,http://www.reactome.org/biopax/96/56210#BiochemicalReaction2311,1,http://www.reactome.org/biopax/96/56210#Catalysis1186
1637,3657|5931|9308,3658|8476,3,2,http://www.reactome.org/biopax/96/56210#BiochemicalReaction4679,1,http://www.reactome.org/biopax/96/56210#Control431
1638,469|8045,470|8395,2,2,http://www.reactome.org/biopax/96/56210#BiochemicalReaction1173,1,http://www.reactome.org/biopax/96/56210#Catalysis695
1639,3783|5082|6062,6063|6473,3,2,http://www.reactome.org/biopax/96/56210#BiochemicalReaction4848,1,http://www.reactome.org/biopax/96/56210#Catalysis2832
1640,97|146|9138,96|8134,3,2,http://www.reactome.org/biopax/96/56210#BiochemicalReaction910,1,http://www.reactome.org/biopax/96/56210#Catalysis580
1641,4905|7953|9449,7947|7954,3,2,http://www.reactome.org/biopax/96/56210#BiochemicalReaction2368,1,http://www.reactome.org/biopax/96/56210#Catalysis1235
1642,2609|9121,2530|2620|5399|5414|5451|5456|5499|9137,2,8,http://www.reactome.org/biopax/96/56210#BiochemicalReaction275,1,http://www.reactome.org/biopax/96/56210#Control32
1643,4234,4235|9535,1,2,http://www.reactome.org/biopax/96/56210#BiochemicalReaction747,1,http://www.reactome.org/biopax/96/56210#Catalysis489
1644,727|8322,728|8331,2,2,http://www.reactome.org/biopax/96/56210#BiochemicalReaction1408,1,http://www.reactome.org/biopax/96/56210#Catalysis769
1645,6374|9240,7788,2,1,http://www.reactome.org/biopax/96/56210#BiochemicalReaction644,1,http://www.reactome.org/biopax/96/56210#Catalysis441
1646,5056|8045|8372,8373|8395,3,2,http://www.reactome.org/biopax/96/56210#BiochemicalReaction2726,1,http://www.reactome.org/biopax/96/56210#Catalysis1583
1647,3048|8045,3049|8395,2,2,http://www.reactome.org/biopax/96/56210#BiochemicalReaction4131,1,http://www.reactome.org/biopax/96/56210#Catalysis2488
1648,1289|6793|8295,1305,3,1,http://www.reactome.org/biopax/96/56210#BiochemicalReaction172,-1,http://www.reactome.org/biopax/96/56210#Control15
1649,4057|6793,4058,2,1,http://www.reactome.org/biopax/96/56210#BiochemicalReaction430,1,http://www.reactome.org/biopax/96/56210#Catalysis242
1650,946|955|8303,613|8313,3,2,http://www.reactome.org/biopax/96/56210#BiochemicalReaction1582,1,http://www.reactome.org/biopax/96/56210#Catalysis821
1651,390|6828|8045,7262|8395,3,2,http://www.reactome.org/biopax/96/56210#BiochemicalReaction1094,1,http://www.reactome.org/biopax/96/56210#Catalysis658
1652,2740|8045,2742|8395,2,2,http://www.reactome.org/biopax/96/56210#BiochemicalReaction3845,1,http://www.reactome.org/biopax/96/56210#Catalysis2385
1653,1873|1879|8045,1880|1881,3,2,http://www.reactome.org/biopax/96/56210#BiochemicalReaction2846,1,http://www.reactome.org/biopax/96/56210#Control242
1654,2237|3115|3117,3116,3,1,http://www.reactome.org/biopax/96/56210#BiochemicalReaction4191,-1,http://www.reactome.org/biopax/96/56210#Control385
1655,1388|7522|9308,1389|8476,3,2,http://www.reactome.org/biopax/96/56210#BiochemicalReaction1948,1,http://www.reactome.org/biopax/96/56210#Catalysis970
1656,2847|6793,2848|6789,2,2,http://www.reactome.org/biopax/96/56210#BiochemicalReaction3932,1,http://www.reactome.org/biopax/96/56210#Catalysis2427
1658,442|2816|8134,443|9138,3,2,http://www.reactome.org/biopax/96/56210#BiochemicalReaction3908,1,http://www.reactome.org/biopax/96/56210#Catalysis2414
1659,1755|8102|8126|9002,8103|8127,4,2,http://www.reactome.org/biopax/96/56210#BiochemicalReaction2503,1,http://www.reactome.org/biopax/96/56210#Catalysis1368
1661,5244,2155,1,1,http://www.reactome.org/biopax/96/56210#BiochemicalReaction3260,1,http://www.reactome.org/biopax/96/56210#Catalysis2079
1662,4431|8542|9140|9142,9139|9144|9170,4,3,http://www.reactome.org/biopax/96/56210#BiochemicalReaction460,1,http://www.reactome.org/biopax/96/56210#Catalysis271
1663,1398|7530|8281,7531|8287,3,2,http://www.reactome.org/biopax/96/56210#BiochemicalReaction1962,1,http://www.reactome.org/biopax/96/56210#Catalysis979
1664,442|2622|8134,443|9138,3,2,http://www.reactome.org/biopax/96/56210#BiochemicalReaction3740,1,http://www.reactome.org/biopax/96/56210#Catalysis2335
1665,1554|5179|9138,2990|8134,3,2,http://www.reactome.org/biopax/96/56210#BiochemicalReaction4064,1,http://www.reactome.org/biopax/96/56210#Catalysis2461
1666,6972|7986|8146|9120,7977|9597|9598,4,3,http://www.reactome.org/biopax/96/56210#BiochemicalReaction1203,1,http://www.reactome.org/biopax/96/56210#Catalysis702
1667,2164|8863|8869,8865|9248|9359,3,3,http://www.reactome.org/biopax/96/56210#BiochemicalReaction3281,1,http://www.reactome.org/biopax/96/56210#Catalysis2100
1668,5241|8839|9489,8840|9170,3,2,http://www.reactome.org/biopax/96/56210#BiochemicalReaction3257,1,http://www.reactome.org/biopax/96/56210#Catalysis2076
1669,497|9515,9234,2,1,http://www.reactome.org/biopax/96/56210#BiochemicalReaction1204,1,http://www.reactome.org/biopax/96/56210#Catalysis703
1670,3985|4019,4029|6810,2,2,http://www.reactome.org/biopax/96/56210#BiochemicalReaction78,1,http://www.reactome.org/biopax/96/56210#Catalysis61
1671,1684|7885|7977,7886|7986|8162,3,3,http://www.reactome.org/biopax/96/56210#BiochemicalReaction2276,1,http://www.reactome.org/biopax/96/56210#Catalysis1153
1672,7691|7846|9117,7847|9183,3,2,http://www.reactome.org/biopax/96/56210#BiochemicalReaction2198,1,http://www.reactome.org/biopax/96/56210#Catalysis1088
1673,8512|9159|9161,9156|9161|9562,3,3,http://www.reactome.org/biopax/96/56210#BiochemicalReaction2892,-1,http://www.reactome.org/biopax/96/56210#Control265
1674,447|8045,448|8395,2,2,http://www.reactome.org/biopax/96/56210#BiochemicalReaction1153,1,http://www.reactome.org/biopax/96/56210#Catalysis686
1675,8733|9025|9117|9135,8734|9002|9136|9156,4,4,http://www.reactome.org/biopax/96/56210#BiochemicalReaction3153,-1,http://www.reactome.org/biopax/96/56210#Control314
1676,2442|8045,2444|8395,2,2,http://www.reactome.org/biopax/96/56210#BiochemicalReaction3594,1,http://www.reactome.org/biopax/96/56210#Catalysis2284
1677,5109|9228,8499,2,1,http://www.reactome.org/biopax/96/56210#BiochemicalReaction2871,1,http://www.reactome.org/biopax/96/56210#Catalysis1715
1678,390|7213|8045,7217|8395,3,2,http://www.reactome.org/biopax/96/56210#BiochemicalReaction1095,1,http://www.reactome.org/biopax/96/56210#Catalysis659
1679,2543|2544,2545,2,1,http://www.reactome.org/biopax/96/56210#BiochemicalReaction3677,1,http://www.reactome.org/biopax/96/56210#Control341
1681,7663|7723,7661,2,1,http://www.reactome.org/biopax/96/56210#BiochemicalReaction195,-1,http://www.reactome.org/biopax/96/56210#Control18
1682,4979|9196|9349,8254|9145,3,2,http://www.reactome.org/biopax/96/56210#BiochemicalReaction2594,1,http://www.reactome.org/biopax/96/56210#Catalysis1457
1683,110|6537,6536,2,1,http://www.reactome.org/biopax/96/56210#BiochemicalReaction873,1,http://www.reactome.org/biopax/96/56210#Catalysis559
1684,4517|8045|9308|9458,8395|8476|9462,4,3,http://www.reactome.org/biopax/96/56210#BiochemicalReaction20,1,http://www.reactome.org/biopax/96/56210#Catalysis20
1685,1899|9199|9252,9228|9457|9515,3,3,http://www.reactome.org/biopax/96/56210#BiochemicalReaction2869,1,http://www.reactome.org/biopax/96/56210#Catalysis1713
1686,5017|8318|9513,8319|9148|9515,3,3,http://www.reactome.org/biopax/96/56210#BiochemicalReaction2679,1,http://www.reactome.org/biopax/96/56210#Catalysis1540
1687,2247|2250,2249|5296|5299|5300,2,4,http://www.reactome.org/biopax/96/56210#BiochemicalReaction3386,1,http://www.reactome.org/biopax/96/56210#Catalysis2190
1688,345|7965,7967,2,1,http://www.reactome.org/biopax/96/56210#BiochemicalReaction2379,1,http://www.reactome.org/biopax/96/56210#Catalysis1246
1689,5116|9002|9156|9499,5117|9562,4,2,http://www.reactome.org/biopax/96/56210#BiochemicalReaction2893,-1,http://www.reactome.org/biopax/96/56210#Control268
1690,1627|7848|7849|9515,8974|9453,4,2,http://www.reactome.org/biopax/96/56210#BiochemicalReaction2211,1,http://www.reactome.org/biopax/96/56210#Catalysis1090
1691,4962|7842|9308,8198|8476,3,2,http://www.reactome.org/biopax/96/56210#BiochemicalReaction2543,1,http://www.reactome.org/biopax/96/56210#Catalysis1406
1692,2181|8221|9025|9159,8467|9002|9161,4,3,http://www.reactome.org/biopax/96/56210#BiochemicalReaction3317,1,http://www.reactome.org/biopax/96/56210#Catalysis2135
1693,54|7303,6057|6473,2,2,http://www.reactome.org/biopax/96/56210#BiochemicalReaction4844,1,http://www.reactome.org/biopax/96/56210#Catalysis2827
1694,408|2454,309,2,1,http://www.reactome.org/biopax/96/56210#BiochemicalReaction1119,1,http://www.reactome.org/biopax/96/56210#Control125
1695,803|6916,814,2,1,http://www.reactome.org/biopax/96/56210#BiochemicalReaction136,1,http://www.reactome.org/biopax/96/56210#Catalysis91
1696,5188|8653,8654|9393,2,2,http://www.reactome.org/biopax/96/56210#BiochemicalReaction3070,1,http://www.reactome.org/biopax/96/56210#Catalysis1891
1697,2230|8045,2232|8395,2,2,http://www.reactome.org/biopax/96/56210#BiochemicalReaction3580,1,http://www.reactome.org/biopax/96/56210#Catalysis2275
1698,4955|4957|8141,4956|8019,3,2,http://www.reactome.org/biopax/96/56210#BiochemicalReaction2512,1,http://www.reactome.org/biopax/96/56210#Catalysis1377
1699,7654|7659|8045,7658|8395,3,2,http://www.reactome.org/biopax/96/56210#BiochemicalReaction180,1,http://www.reactome.org/biopax/96/56210#Catalysis103
1700,2456|7303|8322,5452|8331,3,2,http://www.reactome.org/biopax/96/56210#BiochemicalReaction3608,1,http://www.reactome.org/biopax/96/56210#Catalysis2289
1701,3125|8045,3126|8395,2,2,http://www.reactome.org/biopax/96/56210#BiochemicalReaction4198,1,http://www.reactome.org/biopax/96/56210#Catalysis2514
1703,2503|8281,2504|7747,2,2,http://www.reactome.org/biopax/96/56210#BiochemicalReaction3649,1,http://www.reactome.org/biopax/96/56210#Catalysis2301
1704,1751|8019|8106,7857|8107,3,2,http://www.reactome.org/biopax/96/56210#BiochemicalReaction2490,1,http://www.reactome.org/biopax/96/56210#Catalysis1355
1705,4085|7657,6793,2,1,http://www.reactome.org/biopax/96/56210#BiochemicalReaction178,1,http://www.reactome.org/biopax/96/56210#Catalysis102
1707,6777|6793|7788|8045,361|7788|8938|8974,4,4,http://www.reactome.org/biopax/96/56210#BiochemicalReaction1052,1,http://www.reactome.org/biopax/96/56210#Catalysis634
1708,2010|8618|9308,8619|9515,3,2,http://www.reactome.org/biopax/96/56210#BiochemicalReaction3027,1,http://www.reactome.org/biopax/96/56210#Catalysis1849
1709,975|984|7207,986,3,1,http://www.reactome.org/biopax/96/56210#BiochemicalReaction1605,1,http://www.reactome.org/biopax/96/56210#Control158
1710,4711|8542|9139|9149|9395,9140|9170|9396|9515,5,4,http://www.reactome.org/biopax/96/56210#BiochemicalReaction539,1,http://www.reactome.org/biopax/96/56210#Catalysis350
1711,4800|9308|9566,8260|8476,3,2,http://www.reactome.org/biopax/96/56210#BiochemicalReaction2634,1,http://www.reactome.org/biopax/96/56210#Catalysis1497
1712,6427|6428,6426,2,1,http://www.reactome.org/biopax/96/56210#BiochemicalReaction727,1,http://www.reactome.org/biopax/96/56210#Catalysis485
1713,5160|8045|8533,8395|8476|8534|9515,3,4,http://www.reactome.org/biopax/96/56210#BiochemicalReaction2948,1,http://www.reactome.org/biopax/96/56210#Catalysis1772
1715,4715|4887,1702,2,1,http://www.reactome.org/biopax/96/56210#BiochemicalReaction2331,1,http://www.reactome.org/biopax/96/56210#Catalysis1201
1716,4076|7810,7811,2,1,http://www.reactome.org/biopax/96/56210#BiochemicalReaction2060,1,http://www.reactome.org/biopax/96/56210#Catalysis1043
1718,1979|8536,8537|8538,2,2,http://www.reactome.org/biopax/96/56210#BiochemicalReaction2951,1,http://www.reactome.org/biopax/96/56210#Catalysis1775
1719,4759|4878|9440,4760|9219|9438,3,3,http://www.reactome.org/biopax/96/56210#BiochemicalReaction2322,1,http://www.reactome.org/biopax/96/56210#Catalysis1197
1720,3355|8259,3376|8270,2,2,http://www.reactome.org/biopax/96/56210#BiochemicalReaction320,1,http://www.reactome.org/biopax/96/56210#Catalysis193
1721,1701|4764|7896,4751|7915,3,2,http://www.reactome.org/biopax/96/56210#BiochemicalReaction2330,1,http://www.reactome.org/biopax/96/56210#Catalysis1200
1722,2196|8045|8926|9308,8395|8476|8962,4,3,http://www.reactome.org/biopax/96/56210#BiochemicalReaction3337,1,http://www.reactome.org/biopax/96/56210#Catalysis2155
1723,1859|8445|9252,8446|9457|9515,3,3,http://www.reactome.org/biopax/96/56210#BiochemicalReaction2794,1,http://www.reactome.org/biopax/96/56210#Catalysis1646
1724,2836|8045|9566,8395|9122,3,2,http://www.reactome.org/biopax/96/56210#BiochemicalReaction3924,1,http://www.reactome.org/biopax/96/56210#Catalysis2423
1725,499|9234|9599|9603,9601|9604,4,2,http://www.reactome.org/biopax/96/56210#BiochemicalReaction1206,1,http://www.reactome.org/biopax/96/56210#Catalysis705
1726,5168|8045|8590,8395|8591|9515,3,3,http://www.reactome.org/biopax/96/56210#BiochemicalReaction2999,1,http://www.reactome.org/biopax/96/56210#Catalysis1821
1727,1151|1152|8134,1153|9138,3,2,http://www.reactome.org/biopax/96/56210#BiochemicalReaction1728,1,http://www.reactome.org/biopax/96/56210#Catalysis872
1728,4903|7943,7899|7941,2,2,http://www.reactome.org/biopax/96/56210#BiochemicalReaction2363,1,http://www.reactome.org/biopax/96/56210#Catalysis1230
1730,1769|8196|8198,8011|9148,3,2,http://www.reactome.org/biopax/96/56210#BiochemicalReaction2545,1,http://www.reactome.org/biopax/96/56210#Catalysis1408
1731,1458|4085,1311|6793|7517,2,3,http://www.reactome.org/biopax/96/56210#BiochemicalReaction2024,1,http://www.reactome.org/biopax/96/56210#Catalysis1021
1732,3477|9166,9121,2,1,http://www.reactome.org/biopax/96/56210#BiochemicalReaction325,1,http://www.reactome.org/biopax/96/56210#Catalysis195
1733,2246|5299|5300,2247,3,1,http://www.reactome.org/biopax/96/56210#BiochemicalReaction3385,1,http://www.reactome.org/biopax/96/56210#Catalysis2189
1735,1994|8553|9308|9515,8572|9165,4,2,http://www.reactome.org/biopax/96/56210#BiochemicalReaction2987,1,http://www.reactome.org/biopax/96/56210#Catalysis1809
1736,1771|7864|9457|9515,8195|9252,4,2,http://www.reactome.org/biopax/96/56210#BiochemicalReaction2549,1,http://www.reactome.org/biopax/96/56210#Catalysis1412
1737,4158,4170|8476,1,2,http://www.reactome.org/biopax/96/56210#BiochemicalReaction1343,1,http://www.reactome.org/biopax/96/56210#Catalysis738
1738,7610|7817,1535,2,1,http://www.reactome.org/biopax/96/56210#BiochemicalReaction2103,1,http://www.reactome.org/biopax/96/56210#Catalysis1052
1739,4120|8162|9308,9193|9515,3,2,http://www.reactome.org/biopax/96/56210#BiochemicalReaction633,1,http://www.reactome.org/biopax/96/56210#Catalysis433
1740,4972|8231|9308,8233|8234,3,2,http://www.reactome.org/biopax/96/56210#BiochemicalReaction2575,1,http://www.reactome.org/biopax/96/56210#Catalysis1438
1741,2770|8221|9025|9159,8467|9002|9161,4,3,http://www.reactome.org/biopax/96/56210#BiochemicalReaction3316,1,http://www.reactome.org/biopax/96/56210#Catalysis2134
1742,1952|9469,2204,2,1,http://www.reactome.org/biopax/96/56210#BiochemicalReaction3352,1,http://www.reactome.org/biopax/96/56210#Catalysis2170
1743,1786|8237|8238,8239|9555,3,2,http://www.reactome.org/biopax/96/56210#BiochemicalReaction2581,1,http://www.reactome.org/biopax/96/56210#Catalysis1444
1744,3292|8045,3293|8395,2,2,http://www.reactome.org/biopax/96/56210#BiochemicalReaction4370,1,http://www.reactome.org/biopax/96/56210#Catalysis2579
1745,5686|8045,3122|8395,2,2,http://www.reactome.org/biopax/96/56210#BiochemicalReaction4195,1,http://www.reactome.org/biopax/96/56210#Catalysis2512
1746,3615|3617|8134,3616|5913|9138,3,3,http://www.reactome.org/biopax/96/56210#BiochemicalReaction4658,1,http://www.reactome.org/biopax/96/56210#Catalysis2695
1747,110|6518,6519|6520,2,2,http://www.reactome.org/biopax/96/56210#BiochemicalReaction866,1,http://www.reactome.org/biopax/96/56210#Catalysis552
1748,1717|7984|9308,7978|8476,3,2,http://www.reactome.org/biopax/96/56210#BiochemicalReaction2394,1,http://www.reactome.org/biopax/96/56210#Catalysis1261
1749,2116|8146|8773,8162|8774,3,2,http://www.reactome.org/biopax/96/56210#BiochemicalReaction3199,1,http://www.reactome.org/biopax/96/56210#Catalysis2018
1750,96|98|8134,97|9138,3,2,http://www.reactome.org/biopax/96/56210#BiochemicalReaction842,1,http://www.reactome.org/biopax/96/56210#Catalysis541
1751,110|6525,6526|6527,2,2,http://www.reactome.org/biopax/96/56210#BiochemicalReaction868,1,http://www.reactome.org/biopax/96/56210#Catalysis554
1752,6279|9149|9242,9243|9515,3,2,http://www.reactome.org/biopax/96/56210#BiochemicalReaction2294,1,http://www.reactome.org/biopax/96/56210#Catalysis1171
1753,2026|8146|8648,8644|8963,3,2,http://www.reactome.org/biopax/96/56210#BiochemicalReaction3054,1,http://www.reactome.org/biopax/96/56210#Catalysis1876
1754,5994|9011|9052,9051|9053,3,2,http://www.reactome.org/biopax/96/56210#BiochemicalReaction4787,1,http://www.reactome.org/biopax/96/56210#Control437
1755,4961|8195|8196,8197|9148,3,2,http://www.reactome.org/biopax/96/56210#BiochemicalReaction2542,1,http://www.reactome.org/biopax/96/56210#Catalysis1405
1756,1967|8152|9397,7858|8962,3,2,http://www.reactome.org/biopax/96/56210#BiochemicalReaction2928,1,http://www.reactome.org/biopax/96/56210#Catalysis1757
1757,3780|4398|7896,9074|9075,3,2,http://www.reactome.org/biopax/96/56210#BiochemicalReaction4806,1,http://www.reactome.org/biopax/96/56210#Catalysis2794
1758,6131|6954|9270,6130|9272,3,2,http://www.reactome.org/biopax/96/56210#BiochemicalReaction4946,1,http://www.reactome.org/biopax/96/56210#Catalysis2882
1759,5262|7770|8051|8062|9256,8064|8897|9246,5,3,http://www.reactome.org/biopax/96/56210#BiochemicalReaction3310,1,http://www.reactome.org/biopax/96/56210#Catalysis2128
1760,3014|8134,3015|9138,2,2,http://www.reactome.org/biopax/96/56210#BiochemicalReaction4096,1,http://www.reactome.org/biopax/96/56210#Catalysis2479
1761,6364|8476|9170,9486|9487,3,2,http://www.reactome.org/biopax/96/56210#BiochemicalReaction621,1,http://www.reactome.org/biopax/96/56210#Catalysis424
1762,5218|8167|8760|9111,8718|8761,4,2,http://www.reactome.org/biopax/96/56210#BiochemicalReaction3184,1,http://www.reactome.org/biopax/96/56210#Catalysis2003
1763,7875|8045|8395,7876|8395|9515,3,3,http://www.reactome.org/biopax/96/56210#BiochemicalReaction2267,-1,http://www.reactome.org/biopax/96/56210#Control217
1764,2285|2287|8045,2286|8395,3,2,http://www.reactome.org/biopax/96/56210#BiochemicalReaction3425,1,http://www.reactome.org/biopax/96/56210#Catalysis2216
1766,2648|8045,2649|8395,2,2,http://www.reactome.org/biopax/96/56210#BiochemicalReaction3761,1,http://www.reactome.org/biopax/96/56210#Catalysis2343
1767,1212|5642,1153,2,1,http://www.reactome.org/biopax/96/56210#BiochemicalReaction4551,1,http://www.reactome.org/biopax/96/56210#Catalysis2664
1768,3277|8045,3281|8395,2,2,http://www.reactome.org/biopax/96/56210#BiochemicalReaction4362,1,http://www.reactome.org/biopax/96/56210#Catalysis2577
1769,4976|8269|9513,9148|9197,3,2,http://www.reactome.org/biopax/96/56210#BiochemicalReaction2608,1,http://www.reactome.org/biopax/96/56210#Catalysis1471
1770,5175|8045|9123|9515,7740|8974,4,2,http://www.reactome.org/biopax/96/56210#BiochemicalReaction3042,1,http://www.reactome.org/biopax/96/56210#Catalysis1864
1771,1022|8045|8095|9308,8101|8112|8395,4,3,http://www.reactome.org/biopax/96/56210#BiochemicalReaction51,1,http://www.reactome.org/biopax/96/56210#Catalysis49
1772,2098|5211|8019,5212|8741,3,2,http://www.reactome.org/biopax/96/56210#BiochemicalReaction3164,1,http://www.reactome.org/biopax/96/56210#Catalysis1983
1773,31|8281,32|9544,2,2,http://www.reactome.org/biopax/96/56210#BiochemicalReaction806,1,http://www.reactome.org/biopax/96/56210#Catalysis524
1774,2393|2401|8045,2402|8395,3,2,http://www.reactome.org/biopax/96/56210#BiochemicalReaction3547,1,http://www.reactome.org/biopax/96/56210#Catalysis2261
1775,3779|9068,9065|9070,2,2,http://www.reactome.org/biopax/96/56210#BiochemicalReaction4802,1,http://www.reactome.org/biopax/96/56210#Catalysis2790
1776,5193|9252,9159,2,1,http://www.reactome.org/biopax/96/56210#BiochemicalReaction3086,1,http://www.reactome.org/biopax/96/56210#Catalysis1907
1777,693|6460|8259,681|8270,3,2,http://www.reactome.org/biopax/96/56210#BiochemicalReaction1371,1,http://www.reactome.org/biopax/96/56210#Catalysis747
1778,371|4520|9308,9573|9574|9579,3,3,http://www.reactome.org/biopax/96/56210#BiochemicalReaction1064,1,http://www.reactome.org/biopax/96/56210#Catalysis641
1780,6185|9139,9140,2,1,http://www.reactome.org/biopax/96/56210#BiochemicalReaction337,1,http://www.reactome.org/biopax/96/56210#Catalysis203
1781,1812|1813|1814|5006,1815,4,1,http://www.reactome.org/biopax/96/56210#BiochemicalReaction2659,1,http://www.reactome.org/biopax/96/56210#Catalysis1521
1782,5463|6206|8303,5464|8313,3,2,http://www.reactome.org/biopax/96/56210#BiochemicalReaction3618,1,http://www.reactome.org/biopax/96/56210#Catalysis2295
1783,2670|8045|9566,8395|9122,3,2,http://www.reactome.org/biopax/96/56210#BiochemicalReaction3780,1,http://www.reactome.org/biopax/96/56210#Catalysis2352
1785,4934|8016|8025|9515,8026|8162|9148,4,3,http://www.reactome.org/biopax/96/56210#BiochemicalReaction2441,1,http://www.reactome.org/biopax/96/56210#Catalysis1306
1786,5530|8542|9137|9139|9149,8962|9140|9170|9515,5,4,http://www.reactome.org/biopax/96/56210#BiochemicalReaction276,-1,http://www.reactome.org/biopax/96/56210#Control33
1787,2168|8872,8873|9308|9515,2,3,http://www.reactome.org/biopax/96/56210#BiochemicalReaction3287,1,http://www.reactome.org/biopax/96/56210#Catalysis2106
1788,5825|5827|8045,5828|8395,3,2,http://www.reactome.org/biopax/96/56210#BiochemicalReaction4488,1,http://www.reactome.org/biopax/96/56210#Catalysis2637
1789,432|6834|8281,394|8287,3,2,http://www.reactome.org/biopax/96/56210#BiochemicalReaction1099,1,http://www.reactome.org/biopax/96/56210#Catalysis662
1790,3681|9142,9144,2,1,http://www.reactome.org/biopax/96/56210#BiochemicalReaction336,1,http://www.reactome.org/biopax/96/56210#Catalysis202
1791,279|6715,281,2,1,http://www.reactome.org/biopax/96/56210#BiochemicalReaction1002,1,http://www.reactome.org/biopax/96/56210#Control90
1792,5292|6755|8045,6753|8395,3,2,http://www.reactome.org/biopax/96/56210#BiochemicalReaction1260,1,http://www.reactome.org/biopax/96/56210#Catalysis723
1793,7624|8134,8974|9302,2,2,http://www.reactome.org/biopax/96/56210#BiochemicalReaction2123,1,http://www.reactome.org/biopax/96/56210#Control190
1794,677|8045|8583,8395|8550|9515,3,3,http://www.reactome.org/biopax/96/56210#BiochemicalReaction2994,1,http://www.reactome.org/biopax/96/56210#Catalysis1816
1795,3655|9308,3656|8476,2,2,http://www.reactome.org/biopax/96/56210#BiochemicalReaction4678,1,http://www.reactome.org/biopax/96/56210#Catalysis2709
1796,3864,3865|8938,1,2,http://www.reactome.org/biopax/96/56210#BiochemicalReaction4905,1,http://www.reactome.org/biopax/96/56210#Catalysis2876
1797,7178|8045|8564,7182|8565|9308,3,3,http://www.reactome.org/biopax/96/56210#BiochemicalReaction2980,1,http://www.reactome.org/biopax/96/56210#Control296
1798,2019|8922|9516,8632|8923|9308,3,3,http://www.reactome.org/biopax/96/56210#BiochemicalReaction3335,1,http://www.reactome.org/biopax/96/56210#Catalysis2153
1799,648|8259,18|8270,2,2,http://www.reactome.org/biopax/96/56210#BiochemicalReaction794,1,http://www.reactome.org/biopax/96/56210#Catalysis514
1800,4086|9491,8162,2,1,http://www.reactome.org/biopax/96/56210#BiochemicalReaction631,1,http://www.reactome.org/biopax/96/56210#Catalysis431
1801,2100|8747|9025,8748,3,1,http://www.reactome.org/biopax/96/56210#BiochemicalReaction3170,1,http://www.reactome.org/biopax/96/56210#Catalysis1989
1802,2139|8736|8815,7855|8816,3,2,http://www.reactome.org/biopax/96/56210#BiochemicalReaction3238,1,http://www.reactome.org/biopax/96/56210#Catalysis2057
1803,96|1245|8134,321|9138,3,2,http://www.reactome.org/biopax/96/56210#BiochemicalReaction1807,1,http://www.reactome.org/biopax/96/56210#Catalysis900
1804,2090|8117|9002|9135|9181,8118|8729|9183|9184,5,4,http://www.reactome.org/biopax/96/56210#BiochemicalReaction3150,1,http://www.reactome.org/biopax/96/56210#Catalysis1969
1805,2363|2364,2365|8476,2,2,http://www.reactome.org/biopax/96/56210#BiochemicalReaction3505,1,http://www.reactome.org/biopax/96/56210#Catalysis2248
1806,1705|4768|9437,4769|7902|9219,3,3,http://www.reactome.org/biopax/96/56210#BiochemicalReaction2343,1,http://www.reactome.org/biopax/96/56210#Catalysis1213
1807,2078|8707|9271,8709|9002|9268,3,3,http://www.reactome.org/biopax/96/56210#BiochemicalReaction3128,1,http://www.reactome.org/biopax/96/56210#Catalysis1947
1809,6941|9171|9269,9149|9178|9274,3,3,http://www.reactome.org/biopax/96/56210#BiochemicalReaction15,1,http://www.reactome.org/biopax/96/56210#Catalysis15
1810,4140|9269|9502,9503|9510,3,2,http://www.reactome.org/biopax/96/56210#BiochemicalReaction665,1,http://www.reactome.org/biopax/96/56210#Catalysis456
1812,4081|8395|9181,8045|9183,3,2,http://www.reactome.org/biopax/96/56210#BiochemicalReaction564,1,http://www.reactome.org/biopax/96/56210#Catalysis373
1813,5191|8045|8659,8395|8657|9515,3,3,http://www.reactome.org/biopax/96/56210#BiochemicalReaction3076,1,http://www.reactome.org/biopax/96/56210#Catalysis1897
1814,2564,2530|2548|5399|5414|5451|5456|5458|5486|9133,1,9,http://www.reactome.org/biopax/96/56210#BiochemicalReaction271,1,http://www.reactome.org/biopax/96/56210#Catalysis155
1815,332|498|8303,332|8313,3,2,http://www.reactome.org/biopax/96/56210#BiochemicalReaction1033,1,http://www.reactome.org/biopax/96/56210#Catalysis624
1816,5261|7770|8062|9256|9589,8064|8892|9246,5,3,http://www.reactome.org/biopax/96/56210#BiochemicalReaction3307,1,http://www.reactome.org/biopax/96/56210#Catalysis2125
1817,6283|9247,9248,2,1,http://www.reactome.org/biopax/96/56210#BiochemicalReaction470,1,http://www.reactome.org/biopax/96/56210#Catalysis281
1818,4951|8091|8096,8093|8094,3,2,http://www.reactome.org/biopax/96/56210#BiochemicalReaction2486,1,http://www.reactome.org/biopax/96/56210#Catalysis1351
1819,6005|6009|8259,6010|8270,3,2,http://www.reactome.org/biopax/96/56210#BiochemicalReaction319,1,http://www.reactome.org/biopax/96/56210#Catalysis192
1820,2754|9151|9269,9143|9274,3,2,http://www.reactome.org/biopax/96/56210#BiochemicalReaction292,-1,http://www.reactome.org/biopax/96/56210#Control35
1821,4796|8012|9308,7960|8214,3,2,http://www.reactome.org/biopax/96/56210#BiochemicalReaction2558,1,http://www.reactome.org/biopax/96/56210#Catalysis1421
1822,133|6982|8045,6983|8395,3,2,http://www.reactome.org/biopax/96/56210#BiochemicalReaction1221,1,http://www.reactome.org/biopax/96/56210#Catalysis709
1823,2145|5233|8816|9002,2144|9562,4,2,http://www.reactome.org/biopax/96/56210#BiochemicalReaction3243,1,http://www.reactome.org/biopax/96/56210#Catalysis2062
1824,1918|5118|9159,5116|9002|9161,3,3,http://www.reactome.org/biopax/96/56210#BiochemicalReaction2895,1,http://www.reactome.org/biopax/96/56210#Catalysis1737
1825,416|8045,417|6853|8395,2,3,http://www.reactome.org/biopax/96/56210#BiochemicalReaction1126,1,http://www.reactome.org/biopax/96/56210#Catalysis674
1826,2055|8045|9252,7977|8395|9515,3,3,http://www.reactome.org/biopax/96/56210#BiochemicalReaction3078,1,http://www.reactome.org/biopax/96/56210#Catalysis1899
1827,1179|8045,1180|8395,2,2,http://www.reactome.org/biopax/96/56210#BiochemicalReaction1753,1,http://www.reactome.org/biopax/96/56210#Catalysis876
1829,5800|5804|9308,6749|6793,3,2,http://www.reactome.org/biopax/96/56210#BiochemicalReaction4423,1,http://www.reactome.org/biopax/96/56210#Catalysis2610
1830,7788|8610|9308,8540|8974|9515,3,3,http://www.reactome.org/biopax/96/56210#BiochemicalReaction3018,1,http://www.reactome.org/biopax/96/56210#Control301
1831,1286|7250|8259,1287|8270,3,2,http://www.reactome.org/biopax/96/56210#BiochemicalReaction1849,1,http://www.reactome.org/biopax/96/56210#Catalysis917
1832,9490,8798|8802|9515,1,3,http://www.reactome.org/biopax/96/56210#BiochemicalReaction3229,1,http://www.reactome.org/biopax/96/56210#Control321
1833,2407|5413,5412|8476,2,2,http://www.reactome.org/biopax/96/56210#BiochemicalReaction3551,1,http://www.reactome.org/biopax/96/56210#Catalysis2265
1834,6257|9121|9225,9166|9226,3,2,http://www.reactome.org/biopax/96/56210#BiochemicalReaction439,1,http://www.reactome.org/biopax/96/56210#Catalysis251
1835,7740|8636,8637,2,1,http://www.reactome.org/biopax/96/56210#BiochemicalReaction3040,-1,http://www.reactome.org/biopax/96/56210#Control304
1836,53|6475|7041,6064|6473,3,2,http://www.reactome.org/biopax/96/56210#BiochemicalReaction4852,1,http://www.reactome.org/biopax/96/56210#Catalysis2835
1837,6355|7977|8347,7986|8443|9515,3,3,http://www.reactome.org/biopax/96/56210#BiochemicalReaction2792,1,http://www.reactome.org/biopax/96/56210#Catalysis1644
1838,5995|9011|9052,9051|9053,3,2,http://www.reactome.org/biopax/96/56210#BiochemicalReaction4787,1,http://www.reactome.org/biopax/96/56210#Catalysis2777
1839,6465|7196|8259,7200|8270,3,2,http://www.reactome.org/biopax/96/56210#BiochemicalReaction1492,1,http://www.reactome.org/biopax/96/56210#Catalysis795
1841,7788|8974|9308,8476,3,1,http://www.reactome.org/biopax/96/56210#BiochemicalReaction3362,1,http://www.reactome.org/biopax/96/56210#Control334
1842,110|6574,6575|6576,2,2,http://www.reactome.org/biopax/96/56210#BiochemicalReaction886,1,http://www.reactome.org/biopax/96/56210#Catalysis571
1843,5075|7986|8146|8396|9515,7977|8448|8450|9308|9515,5,5,http://www.reactome.org/biopax/96/56210#BiochemicalReaction2800,1,http://www.reactome.org/biopax/96/56210#Catalysis1652
1844,523|6999|8045,6845|8395,3,2,http://www.reactome.org/biopax/96/56210#BiochemicalReaction1240,1,http://www.reactome.org/biopax/96/56210#Catalysis714
1845,6007|9076|9440,9077|9438,3,2,http://www.reactome.org/biopax/96/56210#BiochemicalReaction4807,1,http://www.reactome.org/biopax/96/56210#Catalysis2795
1846,1898|7977|9315,7986|8162|9228|9515,3,4,http://www.reactome.org/biopax/96/56210#BiochemicalReaction2867,1,http://www.reactome.org/biopax/96/56210#Catalysis1711
1847,1836|8354|9308,8340|8355|9515,3,3,http://www.reactome.org/biopax/96/56210#BiochemicalReaction2708,1,http://www.reactome.org/biopax/96/56210#Catalysis1566
1848,1746|8123|8403,8405,3,1,http://www.reactome.org/biopax/96/56210#BiochemicalReaction2756,1,http://www.reactome.org/biopax/96/56210#Catalysis1610
1849,6748|9308|9566,9567|9568,3,2,http://www.reactome.org/biopax/96/56210#BiochemicalReaction1016,1,http://www.reactome.org/biopax/96/56210#Catalysis615
1850,3781|6015|9436,6016|7902|9219,3,3,http://www.reactome.org/biopax/96/56210#BiochemicalReaction4814,1,http://www.reactome.org/biopax/96/56210#Catalysis2802
1851,1751|8109|9159,8110|9002|9161,3,3,http://www.reactome.org/biopax/96/56210#BiochemicalReaction2492,1,http://www.reactome.org/biopax/96/56210#Catalysis1357
1852,2096|8152|8737,8738|8962,3,2,http://www.reactome.org/biopax/96/56210#BiochemicalReaction3159,1,http://www.reactome.org/biopax/96/56210#Catalysis1978
1854,5003|8294|9308,8292|8476,3,2,http://www.reactome.org/biopax/96/56210#BiochemicalReaction2650,1,http://www.reactome.org/biopax/96/56210#Catalysis1513
1855,5049|8362,8219|8363,2,2,http://www.reactome.org/biopax/96/56210#BiochemicalReaction2715,1,http://www.reactome.org/biopax/96/56210#Catalysis1573
1856,5196|7986|8672|9515,7977|8577,4,2,http://www.reactome.org/biopax/96/56210#BiochemicalReaction3093,1,http://www.reactome.org/biopax/96/56210#Catalysis1914
1857,5379|5388|8045,5389|8395,3,2,http://www.reactome.org/biopax/96/56210#BiochemicalReaction3511,1,http://www.reactome.org/biopax/96/56210#Catalysis2251
1859,4746|4866|9436,4747|7902|9219,3,3,http://www.reactome.org/biopax/96/56210#BiochemicalReaction2309,1,http://www.reactome.org/biopax/96/56210#Catalysis1184
1860,4980|9167|9269,8208|8258,3,2,http://www.reactome.org/biopax/96/56210#BiochemicalReaction2598,1,http://www.reactome.org/biopax/96/56210#Catalysis1461
1861,2702|8045|9566,8395|9122,3,2,http://www.reactome.org/biopax/96/56210#BiochemicalReaction3810,1,http://www.reactome.org/biopax/96/56210#Catalysis2367
1862,6682|6813|6815,376,3,1,http://www.reactome.org/biopax/96/56210#BiochemicalReaction1073,-1,http://www.reactome.org/biopax/96/56210#Control119
1863,3565|3566|3570,3568,3,1,http://www.reactome.org/biopax/96/56210#BiochemicalReaction4633,-1,http://www.reactome.org/biopax/96/56210#Control427
1864,3846|9308,3847|4412,2,2,http://www.reactome.org/biopax/96/56210#BiochemicalReaction4885,1,http://www.reactome.org/biopax/96/56210#Catalysis2860
1865,2005|8666|9269,8596|8667|9149|9249,3,4,http://www.reactome.org/biopax/96/56210#BiochemicalReaction3084,1,http://www.reactome.org/biopax/96/56210#Catalysis1905
1866,2009|7986|9420|9515,7977|8618,4,2,http://www.reactome.org/biopax/96/56210#BiochemicalReaction3026,1,http://www.reactome.org/biopax/96/56210#Catalysis1848
1867,6864|6865|8045,6866|8395,3,2,http://www.reactome.org/biopax/96/56210#BiochemicalReaction1145,1,http://www.reactome.org/biopax/96/56210#Catalysis679
1869,5226|8783|9308,8784|9165,3,2,http://www.reactome.org/biopax/96/56210#BiochemicalReaction3209,1,http://www.reactome.org/biopax/96/56210#Catalysis2028
1870,5459|5461|8202|8213,5460|8224|8232|8957,4,4,http://www.reactome.org/biopax/96/56210#BiochemicalReaction3613,1,http://www.reactome.org/biopax/96/56210#Catalysis2291
1871,6375|9495|9515,9149|9165,3,2,http://www.reactome.org/biopax/96/56210#BiochemicalReaction648,1,http://www.reactome.org/biopax/96/56210#Catalysis445
1872,815|7186|7192,818,3,1,http://www.reactome.org/biopax/96/56210#BiochemicalReaction1473,1,http://www.reactome.org/biopax/96/56210#Control150
1873,6403|9521,9522,2,1,http://www.reactome.org/biopax/96/56210#BiochemicalReaction679,1,http://www.reactome.org/biopax/96/56210#Catalysis461
1874,2245|2255,5276|5303,2,2,http://www.reactome.org/biopax/96/56210#BiochemicalReaction3394,1,http://www.reactome.org/biopax/96/56210#Catalysis2198
1875,115|122|8045,123|8395,3,2,http://www.reactome.org/biopax/96/56210#BiochemicalReaction858,1,http://www.reactome.org/biopax/96/56210#Catalysis547
1876,1746|8123|8404,8406,3,1,http://www.reactome.org/biopax/96/56210#BiochemicalReaction2757,1,http://www.reactome.org/biopax/96/56210#Catalysis1611
1877,3136|7055|8045,5697|8395,3,2,http://www.reactome.org/biopax/96/56210#BiochemicalReaction4221,1,http://www.reactome.org/biopax/96/56210#Catalysis2528
1878,6685|7665|8045,6686|8395,3,2,http://www.reactome.org/biopax/96/56210#BiochemicalReaction984,1,http://www.reactome.org/biopax/96/56210#Catalysis601
1879,5030|8336|9436,7902|8337|9219,3,3,http://www.reactome.org/biopax/96/56210#BiochemicalReaction2695,1,http://www.reactome.org/biopax/96/56210#Catalysis1555
1880,2002|8045|8590,8395|8591|9515,3,3,http://www.reactome.org/biopax/96/56210#BiochemicalReaction3001,1,http://www.reactome.org/biopax/96/56210#Catalysis1823
1881,2133|8796|9308,8784|8798|9165|9515,3,4,http://www.reactome.org/biopax/96/56210#BiochemicalReaction3223,1,http://www.reactome.org/biopax/96/56210#Catalysis2042
1882,2699|8045|9566,8395|9122,3,2,http://www.reactome.org/biopax/96/56210#BiochemicalReaction3808,1,http://www.reactome.org/biopax/96/56210#Catalysis2366
1883,4902|7939|8045,7888|8395,3,2,http://www.reactome.org/biopax/96/56210#BiochemicalReaction2360,1,http://www.reactome.org/biopax/96/56210#Catalysis1227
1884,1876|3731,3732|6810,2,2,http://www.reactome.org/biopax/96/56210#BiochemicalReaction4722,1,http://www.reactome.org/biopax/96/56210#Catalysis2721
1885,2674|6793,2676,2,1,http://www.reactome.org/biopax/96/56210#BiochemicalReaction3785,1,http://www.reactome.org/biopax/96/56210#Catalysis2355
1886,46|703|8259,732|8270,3,2,http://www.reactome.org/biopax/96/56210#BiochemicalReaction1919,1,http://www.reactome.org/biopax/96/56210#Catalysis953
1887,1751|8019|8114,7857|8115,3,2,http://www.reactome.org/biopax/96/56210#BiochemicalReaction2495,1,http://www.reactome.org/biopax/96/56210#Catalysis1360
1888,3068|9166,9121,2,1,http://www.reactome.org/biopax/96/56210#BiochemicalReaction310,1,http://www.reactome.org/biopax/96/56210#Catalysis187
1889,1650|1652|8045,1651|8395|9515,3,3,http://www.reactome.org/biopax/96/56210#BiochemicalReaction2228,1,http://www.reactome.org/biopax/96/56210#Catalysis1107
1890,3382|8202|8213,3383|8224|8232|8957,3,4,http://www.reactome.org/biopax/96/56210#BiochemicalReaction4484,1,http://www.reactome.org/biopax/96/56210#Catalysis2634
1891,1650|8045|9121,1651|8395|9515,3,3,http://www.reactome.org/biopax/96/56210#BiochemicalReaction2228,1,http://www.reactome.org/biopax/96/56210#Control198
1892,1469|1475,754|6916,2,2,http://www.reactome.org/biopax/96/56210#BiochemicalReaction2042,1,http://www.reactome.org/biopax/96/56210#Catalysis1030
1893,310|2756|8045,2757|8395,3,2,http://www.reactome.org/biopax/96/56210#BiochemicalReaction3858,1,http://www.reactome.org/biopax/96/56210#Catalysis2389
1894,4923|8011,1730,2,1,http://www.reactome.org/biopax/96/56210#BiochemicalReaction2427,1,http://www.reactome.org/biopax/96/56210#Catalysis1293
1895,4906|7949|9449,7947|7950,3,2,http://www.reactome.org/biopax/96/56210#BiochemicalReaction2366,1,http://www.reactome.org/biopax/96/56210#Catalysis1233
1897,2615|8045,2616|8395,2,2,http://www.reactome.org/biopax/96/56210#BiochemicalReaction3732,1,http://www.reactome.org/biopax/96/56210#Catalysis2332
1898,4969|8263|9269,8208|8266,3,2,http://www.reactome.org/biopax/96/56210#BiochemicalReaction2605,-1,http://www.reactome.org/biopax/96/56210#Control234
1899,523|7002|8045,7003|8395,3,2,http://www.reactome.org/biopax/96/56210#BiochemicalReaction1245,1,http://www.reactome.org/biopax/96/56210#Catalysis717
1901,1397|6793,1406,2,1,http://www.reactome.org/biopax/96/56210#BiochemicalReaction186,1,http://www.reactome.org/biopax/96/56210#Catalysis105
1902,3156|8045,8974|9125,2,2,http://www.reactome.org/biopax/96/56210#BiochemicalReaction4241,1,http://www.reactome.org/biopax/96/56210#Catalysis2536
1903,279|6716,281,2,1,http://www.reactome.org/biopax/96/56210#BiochemicalReaction1002,1,http://www.reactome.org/biopax/96/56210#Control91
1904,2538,2530|2548|5399|5414|5451|5456|5458|9129,1,8,http://www.reactome.org/biopax/96/56210#BiochemicalReaction267,1,http://www.reactome.org/biopax/96/56210#Catalysis151
1905,7714|7866|9246,7867|9487,3,2,http://www.reactome.org/biopax/96/56210#BiochemicalReaction2247,1,http://www.reactome.org/biopax/96/56210#Catalysis1125
1906,1663|5787|8045,5843|8395,3,2,http://www.reactome.org/biopax/96/56210#BiochemicalReaction4525,1,http://www.reactome.org/biopax/96/56210#Catalysis2650
1907,5165|8259|8558,8270|8559,3,2,http://www.reactome.org/biopax/96/56210#BiochemicalReaction2973,1,http://www.reactome.org/biopax/96/56210#Catalysis1795
1908,5161|8045|8531|8857|9308,8395|8476|8533|8962|9515,5,5,http://www.reactome.org/biopax/96/56210#BiochemicalReaction2947,1,http://www.reactome.org/biopax/96/56210#Catalysis1771
1909,2171|8877|9515,8162|8878,3,2,http://www.reactome.org/biopax/96/56210#BiochemicalReaction3291,1,http://www.reactome.org/biopax/96/56210#Catalysis2110
1910,4916|7997|9246,7998|9487,3,2,http://www.reactome.org/biopax/96/56210#BiochemicalReaction2408,1,http://www.reactome.org/biopax/96/56210#Catalysis1275
1911,1784|8045|9145,8236|8395,3,2,http://www.reactome.org/biopax/96/56210#BiochemicalReaction2577,1,http://www.reactome.org/biopax/96/56210#Catalysis1440
1912,3128|3132|8045,3133|8395,3,2,http://www.reactome.org/biopax/96/56210#BiochemicalReaction4205,1,http://www.reactome.org/biopax/96/56210#Catalysis2520
1914,1824|8325|8326,7960|8327,3,2,http://www.reactome.org/biopax/96/56210#BiochemicalReaction2686,1,http://www.reactome.org/biopax/96/56210#Catalysis1547
1916,2136|5229|8999|9025,5230|8803|9002,4,3,http://www.reactome.org/biopax/96/56210#BiochemicalReaction3230,1,http://www.reactome.org/biopax/96/56210#Catalysis2049
1918,2126|8476|8790,8791|9417,3,2,http://www.reactome.org/biopax/96/56210#BiochemicalReaction3214,1,http://www.reactome.org/biopax/96/56210#Catalysis2033
1919,4427|9227,9496,2,1,http://www.reactome.org/biopax/96/56210#BiochemicalReaction443,1,http://www.reactome.org/biopax/96/56210#Catalysis255
1920,1311|1457|6793,1458,3,1,http://www.reactome.org/biopax/96/56210#BiochemicalReaction2023,1,http://www.reactome.org/biopax/96/56210#Catalysis1020
1921,2899|6793,2901|6782,2,2,http://www.reactome.org/biopax/96/56210#BiochemicalReaction3981,1,http://www.reactome.org/biopax/96/56210#Catalysis2445
1922,3269|4340|8045,3275|8395,3,2,http://www.reactome.org/biopax/96/56210#BiochemicalReaction4358,1,http://www.reactome.org/biopax/96/56210#Catalysis2576
1924,4049|8045|9204|9308,8395|8476|9206,4,3,http://www.reactome.org/biopax/96/56210#BiochemicalReaction420,1,http://www.reactome.org/biopax/96/56210#Catalysis234
1925,1826|9436|9518,7902|8336|9219,3,3,http://www.reactome.org/biopax/96/56210#BiochemicalReaction2694,1,http://www.reactome.org/biopax/96/56210#Catalysis1554
1926,5151|7206|8322,7205|8331,3,2,http://www.reactome.org/biopax/96/56210#BiochemicalReaction1498,1,http://www.reactome.org/biopax/96/56210#Catalysis797
1927,2198|8927,8926|9490,2,2,http://www.reactome.org/biopax/96/56210#BiochemicalReaction3339,1,http://www.reactome.org/biopax/96/56210#Catalysis2157
1929,1818|5014|8146|8315|9515,1820|8316|9308,5,3,http://www.reactome.org/biopax/96/56210#BiochemicalReaction2676,1,http://www.reactome.org/biopax/96/56210#Catalysis1537
1930,2628|8045|9566,8395|9122,3,2,http://www.reactome.org/biopax/96/56210#BiochemicalReaction3745,1,http://www.reactome.org/biopax/96/56210#Catalysis2337
1931,5205|8703|8704,8705|9190,3,2,http://www.reactome.org/biopax/96/56210#BiochemicalReaction3126,1,http://www.reactome.org/biopax/96/56210#Catalysis1945
1932,1761|8153|9110,8154|9109,3,2,http://www.reactome.org/biopax/96/56210#BiochemicalReaction2518,1,http://www.reactome.org/biopax/96/56210#Catalysis1381
1934,2187|8915|9457|9515,9120|9252|9308,4,3,http://www.reactome.org/biopax/96/56210#BiochemicalReaction3325,1,http://www.reactome.org/biopax/96/56210#Catalysis2143
1935,2455|7303|8322,5446|8331,3,2,http://www.reactome.org/biopax/96/56210#BiochemicalReaction3605,1,http://www.reactome.org/biopax/96/56210#Catalysis2286
1936,3813|8281,3814|4411,2,2,http://www.reactome.org/biopax/96/56210#BiochemicalReaction4868,1,http://www.reactome.org/biopax/96/56210#Catalysis2846
1938,4266|9180,4267,2,1,http://www.reactome.org/biopax/96/56210#BiochemicalReaction771,1,http://www.reactome.org/biopax/96/56210#Catalysis504
1940,2221|5276|5279,2222,3,1,http://www.reactome.org/biopax/96/56210#BiochemicalReaction3364,1,http://www.reactome.org/biopax/96/56210#Catalysis2181
1941,782|8303,784|8313,2,2,http://www.reactome.org/biopax/96/56210#BiochemicalReaction1442,1,http://www.reactome.org/biopax/96/56210#Catalysis782
1942,3161|6965|8045,3162|8395,3,2,http://www.reactome.org/biopax/96/56210#BiochemicalReaction4245,1,http://www.reactome.org/biopax/96/56210#Catalysis2539
1944,3783|5457|6475,6037|6473,3,2,http://www.reactome.org/biopax/96/56210#BiochemicalReaction4829,1,http://www.reactome.org/biopax/96/56210#Catalysis2812
1945,279|6718,281,2,1,http://www.reactome.org/biopax/96/56210#BiochemicalReaction1002,1,http://www.reactome.org/biopax/96/56210#Control95
1946,1739|8050,9292,2,1,http://www.reactome.org/biopax/96/56210#BiochemicalReaction2453,1,http://www.reactome.org/biopax/96/56210#Catalysis1318
1947,6891|8073|8088,8075|8089|8090,3,3,http://www.reactome.org/biopax/96/56210#BiochemicalReaction2477,1,http://www.reactome.org/biopax/96/56210#Catalysis1342
1949,6276|9142|9193,9144|9194,3,2,http://www.reactome.org/biopax/96/56210#BiochemicalReaction463,1,http://www.reactome.org/biopax/96/56210#Catalysis274
1950,714|8322,715|8331,2,2,http://www.reactome.org/biopax/96/56210#BiochemicalReaction1398,1,http://www.reactome.org/biopax/96/56210#Catalysis763
1951,3783|6439,6051|6473,2,2,http://www.reactome.org/biopax/96/56210#BiochemicalReaction4839,1,http://www.reactome.org/biopax/96/56210#Catalysis2822
1952,7718|8045|9033,8395|9032|9515,3,3,http://www.reactome.org/biopax/96/56210#BiochemicalReaction4770,1,http://www.reactome.org/biopax/96/56210#Catalysis2760
1953,6714|8079|8173,8081|8174,3,2,http://www.reactome.org/biopax/96/56210#BiochemicalReaction2529,1,http://www.reactome.org/biopax/96/56210#Catalysis1392
1954,3688|3689|8134,3690|3691,3,2,http://www.reactome.org/biopax/96/56210#BiochemicalReaction4701,1,http://www.reactome.org/biopax/96/56210#Catalysis2714
1955,3128|5693|8045,5692|8395,3,2,http://www.reactome.org/biopax/96/56210#BiochemicalReaction4209,1,http://www.reactome.org/biopax/96/56210#Catalysis2524
1957,3594|9308,3595|8476,2,2,http://www.reactome.org/biopax/96/56210#BiochemicalReaction4650,1,http://www.reactome.org/biopax/96/56210#Catalysis2691
1958,3761|9011|9012,9015|9016,3,2,http://www.reactome.org/biopax/96/56210#BiochemicalReaction4752,1,http://www.reactome.org/biopax/96/56210#Catalysis2742
1959,432|7430|8259,7445|8270,3,2,http://www.reactome.org/biopax/96/56210#BiochemicalReaction139,1,http://www.reactome.org/biopax/96/56210#Catalysis94
1960,5244|5245,2156,2,1,http://www.reactome.org/biopax/96/56210#BiochemicalReaction3270,1,http://www.reactome.org/biopax/96/56210#Catalysis2089
1961,7772|7865|8134|9397,8476|8541|9138|9515,4,4,http://www.reactome.org/biopax/96/56210#BiochemicalReaction2957,-1,http://www.reactome.org/biopax/96/56210#Control292
1962,5122|5123|8102,5119,3,1,http://www.reactome.org/biopax/96/56210#BiochemicalReaction2903,1,http://www.reactome.org/biopax/96/56210#Control273
1963,110|6528,6529,2,1,http://www.reactome.org/biopax/96/56210#BiochemicalReaction869,1,http://www.reactome.org/biopax/96/56210#Catalysis555
1964,1765|8169|9110,8170|9109,3,2,http://www.reactome.org/biopax/96/56210#BiochemicalReaction2525,1,http://www.reactome.org/biopax/96/56210#Catalysis1388
1965,5528|5531|9437,5529|7902,3,2,http://www.reactome.org/biopax/96/56210#BiochemicalReaction3788,1,http://www.reactome.org/biopax/96/56210#Catalysis2357
1967,7623|8134,8974|9302,2,2,http://www.reactome.org/biopax/96/56210#BiochemicalReaction2123,1,http://www.reactome.org/biopax/96/56210#Control186
1968,279|6712,281,2,1,http://www.reactome.org/biopax/96/56210#BiochemicalReaction1002,1,http://www.reactome.org/biopax/96/56210#Control107
1969,309|4537|8259,478|8270,3,2,http://www.reactome.org/biopax/96/56210#BiochemicalReaction1179,1,http://www.reactome.org/biopax/96/56210#Catalysis698
1970,7530|7549|8259,7550|8270,3,2,http://www.reactome.org/biopax/96/56210#BiochemicalReaction1990,1,http://www.reactome.org/biopax/96/56210#Catalysis1003
1971,2064|7977|8683,7986|8682|9515,3,3,http://www.reactome.org/biopax/96/56210#BiochemicalReaction3109,1,http://www.reactome.org/biopax/96/56210#Catalysis1929
1972,2078|8712|8999|9002|9161,8713|9025|9159,5,3,http://www.reactome.org/biopax/96/56210#BiochemicalReaction3131,1,http://www.reactome.org/biopax/96/56210#Catalysis1950
1973,238|4085,6793,2,1,http://www.reactome.org/biopax/96/56210#BiochemicalReaction972,1,http://www.reactome.org/biopax/96/56210#Catalysis597
1974,1280|7207|7465,1283,3,1,http://www.reactome.org/biopax/96/56210#BiochemicalReaction1846,1,http://www.reactome.org/biopax/96/56210#Control172
1975,722|7486|8259,1350|8270,3,2,http://www.reactome.org/biopax/96/56210#BiochemicalReaction1908,1,http://www.reactome.org/biopax/96/56210#Catalysis946
1976,2024|8640|9515,8162|8641,3,2,http://www.reactome.org/biopax/96/56210#BiochemicalReaction3046,1,http://www.reactome.org/biopax/96/56210#Catalysis1868
1977,3336|5816|9308,3335|8476,3,2,http://www.reactome.org/biopax/96/56210#BiochemicalReaction4447,1,http://www.reactome.org/biopax/96/56210#Catalysis2622
1978,1389|7518|8045,7519|8395,3,2,http://www.reactome.org/biopax/96/56210#BiochemicalReaction1955,1,http://www.reactome.org/biopax/96/56210#Catalysis975
1979,1772|8209|8210,7745|8211,3,2,http://www.reactome.org/biopax/96/56210#BiochemicalReaction2555,1,http://www.reactome.org/biopax/96/56210#Catalysis1418
1980,1753|8102|8136,8103|8137,3,2,http://www.reactome.org/biopax/96/56210#BiochemicalReaction2509,1,http://www.reactome.org/biopax/96/56210#Catalysis1374
1981,1904|1908|9025,1903|9184,3,2,http://www.reactome.org/biopax/96/56210#BiochemicalReaction2881,1,http://www.reactome.org/biopax/96/56210#Catalysis1724
1982,5192|8045|8659,8395|8657|9515,3,3,http://www.reactome.org/biopax/96/56210#BiochemicalReaction3077,1,http://www.reactome.org/biopax/96/56210#Catalysis1898
1983,3047|8045,3048|8395,2,2,http://www.reactome.org/biopax/96/56210#BiochemicalReaction4130,1,http://www.reactome.org/biopax/96/56210#Catalysis2487
1984,1220|7252|8045,7260|8395,3,2,http://www.reactome.org/biopax/96/56210#BiochemicalReaction4545,1,http://www.reactome.org/biopax/96/56210#Control423
1985,2245|2428,2429,2,1,http://www.reactome.org/biopax/96/56210#BiochemicalReaction3576,1,http://www.reactome.org/biopax/96/56210#Catalysis2274
1986,1301|7486|8259,7514|8270,3,2,http://www.reactome.org/biopax/96/56210#BiochemicalReaction1937,1,http://www.reactome.org/biopax/96/56210#Catalysis965
1987,2305|5341|8045,5342|8395,3,2,http://www.reactome.org/biopax/96/56210#BiochemicalReaction3452,1,http://www.reactome.org/biopax/96/56210#Catalysis2228
1988,3858|9308,3859|4486,2,2,http://www.reactome.org/biopax/96/56210#BiochemicalReaction4892,1,http://www.reactome.org/biopax/96/56210#Catalysis2865
1989,2091|8730|9002|9161,8731|9159,4,2,http://www.reactome.org/biopax/96/56210#BiochemicalReaction3151,1,http://www.reactome.org/biopax/96/56210#Catalysis1970
1990,4945|8051,8052,2,1,http://www.reactome.org/biopax/96/56210#BiochemicalReaction2455,1,http://www.reactome.org/biopax/96/56210#Catalysis1320
1991,1539|7620|7832,1542|9148,3,2,http://www.reactome.org/biopax/96/56210#BiochemicalReaction2118,1,http://www.reactome.org/biopax/96/56210#Catalysis1062
1992,4931|8045|9148|9461,7832|8938|8974|9308,4,4,http://www.reactome.org/biopax/96/56210#BiochemicalReaction2437,1,http://www.reactome.org/biopax/96/56210#Catalysis1302
1993,2227|2230|8045,2229|8395,3,2,http://www.reactome.org/biopax/96/56210#BiochemicalReaction3370,1,http://www.reactome.org/biopax/96/56210#Catalysis2182
1994,686|697|8259,696|8270,3,2,http://www.reactome.org/biopax/96/56210#BiochemicalReaction1384,1,http://www.reactome.org/biopax/96/56210#Catalysis755
1995,4993|9520,8244|8476,2,2,http://www.reactome.org/biopax/96/56210#BiochemicalReaction2628,1,http://www.reactome.org/biopax/96/56210#Catalysis1491
1996,4426|8542|9121|9139,9140|9166|9170,4,3,http://www.reactome.org/biopax/96/56210#BiochemicalReaction437,1,http://www.reactome.org/biopax/96/56210#Catalysis249
1997,6267|9170|9193,8542|9194,3,2,http://www.reactome.org/biopax/96/56210#BiochemicalReaction453,1,http://www.reactome.org/biopax/96/56210#Catalysis265
1998,2163|8868|8869,9281|9336,3,2,http://www.reactome.org/biopax/96/56210#BiochemicalReaction3282,1,http://www.reactome.org/biopax/96/56210#Catalysis2101
1999,316|321|6760|8045,1196|6760|8395,4,3,http://www.reactome.org/biopax/96/56210#BiochemicalReaction1766,1,http://www.reactome.org/biopax/96/56210#Catalysis880
2000,112|6504|6505,113,3,1,http://www.reactome.org/biopax/96/56210#BiochemicalReaction850,-1,http://www.reactome.org/biopax/96/56210#Control71
2001,2334|2335|8045,2336|8395,3,2,http://www.reactome.org/biopax/96/56210#BiochemicalReaction3473,1,http://www.reactome.org/biopax/96/56210#Catalysis2231
2002,4967|9269|9588,8207|8208,3,2,http://www.reactome.org/biopax/96/56210#BiochemicalReaction2554,1,http://www.reactome.org/biopax/96/56210#Catalysis1417
2003,5989|9455,9044|9308,2,2,http://www.reactome.org/biopax/96/56210#BiochemicalReaction4779,1,http://www.reactome.org/biopax/96/56210#Catalysis2769
2004,8102|8525|9106,8103|9156,3,2,http://www.reactome.org/biopax/96/56210#BiochemicalReaction2939,1,http://www.reactome.org/biopax/96/56210#Control284
2005,1743|8060|9269,8061|9169,3,2,http://www.reactome.org/biopax/96/56210#BiochemicalReaction2463,1,http://www.reactome.org/biopax/96/56210#Catalysis1328
2006,7772|8134|8541|9397,8476|8541|9138|9515,4,4,http://www.reactome.org/biopax/96/56210#BiochemicalReaction2957,-1,http://www.reactome.org/biopax/96/56210#Control295
2007,7396|7398|9308,6793|7397,3,2,http://www.reactome.org/biopax/96/56210#BiochemicalReaction1746,1,http://www.reactome.org/biopax/96/56210#Catalysis875
2008,3160|5661|8045,3161|8395,3,2,http://www.reactome.org/biopax/96/56210#BiochemicalReaction4244,1,http://www.reactome.org/biopax/96/56210#Catalysis2538
2009,443,442,1,1,http://www.reactome.org/biopax/96/56210#BiochemicalReaction4344,1,http://www.reactome.org/biopax/96/56210#Catalysis2571
2011,793|876|8303,886|8313,3,2,http://www.reactome.org/biopax/96/56210#BiochemicalReaction138,1,http://www.reactome.org/biopax/96/56210#Catalysis93
2012,2592|8045,2593|8395,2,2,http://www.reactome.org/biopax/96/56210#BiochemicalReaction3718,1,http://www.reactome.org/biopax/96/56210#Catalysis2326
2013,7724|7878|8045,7879|8395|9515,3,3,http://www.reactome.org/biopax/96/56210#BiochemicalReaction2270,1,http://www.reactome.org/biopax/96/56210#Catalysis1147
2014,1317|4666|8259,1336|7497|8270,3,3,http://www.reactome.org/biopax/96/56210#BiochemicalReaction1891,1,http://www.reactome.org/biopax/96/56210#Catalysis937
2015,2810|4852|8045,2811|8395,3,2,http://www.reactome.org/biopax/96/56210#BiochemicalReaction3900,1,http://www.reactome.org/biopax/96/56210#Catalysis2407
2016,6283|8542|9307,9170|9311,3,2,http://www.reactome.org/biopax/96/56210#BiochemicalReaction493,1,http://www.reactome.org/biopax/96/56210#Catalysis304
2017,742|7167|8259,794|8270,3,2,http://www.reactome.org/biopax/96/56210#BiochemicalReaction1450,1,http://www.reactome.org/biopax/96/56210#Catalysis783
2018,4486|4487,4488,2,1,http://www.reactome.org/biopax/96/56210#BiochemicalReaction907,1,http://www.reactome.org/biopax/96/56210#Catalysis578
2019,4070|8962|9385,9137|9386,3,2,http://www.reactome.org/biopax/96/56210#BiochemicalReaction534,1,http://www.reactome.org/biopax/96/56210#Catalysis345
2020,6951|6954,2,2,1,http://www.reactome.org/biopax/96/56210#BiochemicalReaction87,1,http://www.reactome.org/biopax/96/56210#Control1
2021,1347|6916,1349,2,1,http://www.reactome.org/biopax/96/56210#BiochemicalReaction1906,1,http://www.reactome.org/biopax/96/56210#Catalysis944
2022,3271|8045,3272|8395,2,2,http://www.reactome.org/biopax/96/56210#BiochemicalReaction4354,1,http://www.reactome.org/biopax/96/56210#Catalysis2574
2023,5474|6703|9270,5472|9272,3,2,http://www.reactome.org/biopax/96/56210#BiochemicalReaction3625,1,http://www.reactome.org/biopax/96/56210#Catalysis2300
2024,4114|9002|9488,9014|9489,3,2,http://www.reactome.org/biopax/96/56210#BiochemicalReaction624,1,http://www.reactome.org/biopax/96/56210#Catalysis427
2025,6274|9139|9144,9140|9142,3,2,http://www.reactome.org/biopax/96/56210#BiochemicalReaction461,1,http://www.reactome.org/biopax/96/56210#Catalysis272
2026,751|6785|6793,753,3,1,http://www.reactome.org/biopax/96/56210#BiochemicalReaction1429,1,http://www.reactome.org/biopax/96/56210#Catalysis772
2027,4796|7960|8215,7840|8012,3,2,http://www.reactome.org/biopax/96/56210#BiochemicalReaction2564,1,http://www.reactome.org/biopax/96/56210#Catalysis1427
2028,2244|2245,5276|5284|5298,2,3,http://www.reactome.org/biopax/96/56210#BiochemicalReaction3384,1,http://www.reactome.org/biopax/96/56210#Catalysis2188
2029,3941|6157|9269,6158,3,1,http://www.reactome.org/biopax/96/56210#BiochemicalReaction4978,-1,http://www.reactome.org/biopax/96/56210#Control451
2031,5556|9145|9146,9147|9148,3,2,http://www.reactome.org/biopax/96/56210#BiochemicalReaction281,1,http://www.reactome.org/biopax/96/56210#Catalysis164
2032,6871|9196|9308,9589|9590,3,2,http://www.reactome.org/biopax/96/56210#BiochemicalReaction1151,1,http://www.reactome.org/biopax/96/56210#Catalysis684
2033,1751|8104|9025,8105,3,1,http://www.reactome.org/biopax/96/56210#BiochemicalReaction2488,1,http://www.reactome.org/biopax/96/56210#Catalysis1353
2034,344|4691,1872,2,1,http://www.reactome.org/biopax/96/56210#BiochemicalReaction2841,1,http://www.reactome.org/biopax/96/56210#Catalysis1691
2035,5987|9036|9308|9326,8476|9037,4,2,http://www.reactome.org/biopax/96/56210#BiochemicalReaction4775,1,http://www.reactome.org/biopax/96/56210#Catalysis2765
2036,72|8945|9269,8946|9137,3,2,http://www.reactome.org/biopax/96/56210#BiochemicalReaction3349,1,http://www.reactome.org/biopax/96/56210#Catalysis2167
2037,5047|8323|9308,8243|8328,3,2,http://www.reactome.org/biopax/96/56210#BiochemicalReaction2713,1,http://www.reactome.org/biopax/96/56210#Catalysis1571
2038,1714|7959|9308,7960|9515|9568,3,3,http://www.reactome.org/biopax/96/56210#BiochemicalReaction2372,1,http://www.reactome.org/biopax/96/56210#Catalysis1239
2039,2163|8863|9149|9248|9359|9605,8865|8869|9269,6,3,http://www.reactome.org/biopax/96/56210#BiochemicalReaction3280,1,http://www.reactome.org/biopax/96/56210#Catalysis2099
2040,4913|7972|8259,7973|8270,3,2,http://www.reactome.org/biopax/96/56210#BiochemicalReaction2386,1,http://www.reactome.org/biopax/96/56210#Catalysis1253
2041,1410|7544|8281,7543|8287,3,2,http://www.reactome.org/biopax/96/56210#BiochemicalReaction1978,1,http://www.reactome.org/biopax/96/56210#Catalysis993
2042,281|6730,282,2,1,http://www.reactome.org/biopax/96/56210#BiochemicalReaction1003,1,http://www.reactome.org/biopax/96/56210#Control113
2043,323|3264|9308,3265|8476,3,2,http://www.reactome.org/biopax/96/56210#BiochemicalReaction4350,1,http://www.reactome.org/biopax/96/56210#Catalysis2573
2044,1899|9228|9457|9515,9199|9252,4,2,http://www.reactome.org/biopax/96/56210#BiochemicalReaction2870,1,http://www.reactome.org/biopax/96/56210#Catalysis1714
2045,4086|9269,9308,2,1,http://www.reactome.org/biopax/96/56210#BiochemicalReaction581,1,http://www.reactome.org/biopax/96/56210#Catalysis389
2046,4085|5708,6793,2,1,http://www.reactome.org/biopax/96/56210#BiochemicalReaction4236,1,http://www.reactome.org/biopax/96/56210#Catalysis2535
2047,5062|8411|9252,8412|9457|9515,3,3,http://www.reactome.org/biopax/96/56210#BiochemicalReaction2762,1,http://www.reactome.org/biopax/96/56210#Catalysis1616
2048,1301|7401|8259,7515|8395,3,2,http://www.reactome.org/biopax/96/56210#BiochemicalReaction1938,1,http://www.reactome.org/biopax/96/56210#Catalysis966
2049,3050|8045,3051|8395,2,2,http://www.reactome.org/biopax/96/56210#BiochemicalReaction4133,1,http://www.reactome.org/biopax/96/56210#Catalysis2490
2050,4996|8294|9308,8293|8476,3,2,http://www.reactome.org/biopax/96/56210#BiochemicalReaction2651,1,http://www.reactome.org/biopax/96/56210#Catalysis1514
2051,7865|8395|9326|9515,8045|9228,4,2,http://www.reactome.org/biopax/96/56210#BiochemicalReaction2264,1,http://www.reactome.org/biopax/96/56210#Control216
2052,7788|8611|9308,8582|8974|9515,3,3,http://www.reactome.org/biopax/96/56210#BiochemicalReaction3019,1,http://www.reactome.org/biopax/96/56210#Control302
2053,3163|4085,5711|5718,2,2,http://www.reactome.org/biopax/96/56210#BiochemicalReaction4247,1,http://www.reactome.org/biopax/96/56210#Catalysis2541
2054,2192|8918|9439,8919|9441,3,2,http://www.reactome.org/biopax/96/56210#BiochemicalReaction3332,1,http://www.reactome.org/biopax/96/56210#Catalysis2150
2055,6309|8542|9358,9170|9360,3,2,http://www.reactome.org/biopax/96/56210#BiochemicalReaction513,1,http://www.reactome.org/biopax/96/56210#Catalysis324
2056,4042|9185|9186|9187|9188,4043|9190,5,2,http://www.reactome.org/biopax/96/56210#BiochemicalReaction414,1,http://www.reactome.org/biopax/96/56210#Catalysis229
2057,133|428|8045,429|8395,3,2,http://www.reactome.org/biopax/96/56210#BiochemicalReaction1138,1,http://www.reactome.org/biopax/96/56210#Catalysis676
2058,5299|5304|5305,2256,3,1,http://www.reactome.org/biopax/96/56210#BiochemicalReaction3395,1,http://www.reactome.org/biopax/96/56210#Catalysis2199
2059,3279|5775|9308,3296|8476,3,2,http://www.reactome.org/biopax/96/56210#BiochemicalReaction4377,1,http://www.reactome.org/biopax/96/56210#Catalysis2583
2060,1758|8148|9308,8150|9148|9515,3,3,http://www.reactome.org/biopax/96/56210#BiochemicalReaction2515,1,http://www.reactome.org/biopax/96/56210#Catalysis1380
2061,1878|9399,9400,2,1,http://www.reactome.org/biopax/96/56210#BiochemicalReaction2845,1,http://www.reactome.org/biopax/96/56210#Catalysis1695
2062,442|2660|8134,443|9138,3,2,http://www.reactome.org/biopax/96/56210#BiochemicalReaction3769,1,http://www.reactome.org/biopax/96/56210#Catalysis2347
2063,339|9566,9122,2,1,http://www.reactome.org/biopax/96/56210#BiochemicalReaction1039,1,http://www.reactome.org/biopax/96/56210#Catalysis628
2064,693|6465|8259,681|8270,3,2,http://www.reactome.org/biopax/96/56210#BiochemicalReaction1372,1,http://www.reactome.org/biopax/96/56210#Catalysis748
2065,2177|8395|8568,8045|8567,3,2,http://www.reactome.org/biopax/96/56210#BiochemicalReaction2983,1,http://www.reactome.org/biopax/96/56210#Catalysis1805
2066,3250|5749|8990,5750|8974,3,2,http://www.reactome.org/biopax/96/56210#BiochemicalReaction4326,-1,http://www.reactome.org/biopax/96/56210#Control400
2067,1580|9476,9475,2,1,http://www.reactome.org/biopax/96/56210#BiochemicalReaction2170,1,http://www.reactome.org/biopax/96/56210#Catalysis1084
2068,4348|6356|7986|9515,7977|8014,4,2,http://www.reactome.org/biopax/96/56210#BiochemicalReaction46,1,http://www.reactome.org/biopax/96/56210#Catalysis44
2069,2150|9025|9392,8828|9394,3,2,http://www.reactome.org/biopax/96/56210#BiochemicalReaction3249,1,http://www.reactome.org/biopax/96/56210#Catalysis2068
2070,4106|8045|9121|9308,8395|8476|9224,4,3,http://www.reactome.org/biopax/96/56210#BiochemicalReaction603,1,http://www.reactome.org/biopax/96/56210#Catalysis407
2071,5570|7664|8045,5571|8395,3,2,http://www.reactome.org/biopax/96/56210#BiochemicalReaction3934,1,http://www.reactome.org/biopax/96/56210#Catalysis2429
2072,4455|9193,9194,2,1,http://www.reactome.org/biopax/96/56210#BiochemicalReaction620,1,http://www.reactome.org/biopax/96/56210#Catalysis423
2073,6352|9121,9166,2,1,http://www.reactome.org/biopax/96/56210#BiochemicalReaction600,1,http://www.reactome.org/biopax/96/56210#Catalysis404
2074,5074|7986|8345|9515,7977|8343,4,2,http://www.reactome.org/biopax/96/56210#BiochemicalReaction2798,1,http://www.reactome.org/biopax/96/56210#Catalysis1650
2075,8796,8798|8801|9515,1,3,http://www.reactome.org/biopax/96/56210#BiochemicalReaction3228,1,http://www.reactome.org/biopax/96/56210#Control320
2076,2110|8768|9308,8769|9361|9397,3,3,http://www.reactome.org/biopax/96/56210#BiochemicalReaction3192,1,http://www.reactome.org/biopax/96/56210#Catalysis2011
2077,4213|5663|8045,5664|8395,3,2,http://www.reactome.org/biopax/96/56210#BiochemicalReaction4142,1,http://www.reactome.org/biopax/96/56210#Catalysis2493
2078,3251|5751|9270,5755|9272,3,2,http://www.reactome.org/biopax/96/56210#BiochemicalReaction4330,1,http://www.reactome.org/biopax/96/56210#Catalysis2567
2079,1658|7854|7855|9181,7856|9002|9183|9184,4,4,http://www.reactome.org/biopax/96/56210#BiochemicalReaction2235,1,http://www.reactome.org/biopax/96/56210#Catalysis1113
2080,273|7129|8281,363|6980|8287,3,3,http://www.reactome.org/biopax/96/56210#BiochemicalReaction104,1,http://www.reactome.org/biopax/96/56210#Catalysis73
2082,2057|8664|9002|9181,8665|9190,4,2,http://www.reactome.org/biopax/96/56210#BiochemicalReaction3083,1,http://www.reactome.org/biopax/96/56210#Catalysis1904
2083,6256|8045|8330,8395|9013,3,2,http://www.reactome.org/biopax/96/56210#BiochemicalReaction7,1,http://www.reactome.org/biopax/96/56210#Catalysis7
2084,778|8303,779|8313,2,2,http://www.reactome.org/biopax/96/56210#BiochemicalReaction1440,1,http://www.reactome.org/biopax/96/56210#Catalysis780
2085,2053|8045|8658|8857|9308,8938|8962|8974|9252|9515,5,5,http://www.reactome.org/biopax/96/56210#BiochemicalReaction3073,1,http://www.reactome.org/biopax/96/56210#Catalysis1894
2086,1453|6793,1455,2,1,http://www.reactome.org/biopax/96/56210#BiochemicalReaction2018,1,http://www.reactome.org/biopax/96/56210#Catalysis1016
2087,2608|8045,2611|8395,2,2,http://www.reactome.org/biopax/96/56210#BiochemicalReaction3728,1,http://www.reactome.org/biopax/96/56210#Catalysis2329
2088,2094|8857|9228,8735|9344,3,2,http://www.reactome.org/biopax/96/56210#BiochemicalReaction3155,1,http://www.reactome.org/biopax/96/56210#Catalysis1974
2089,1926|1932|5126,1927|5125,3,2,http://www.reactome.org/biopax/96/56210#BiochemicalReaction2906,1,http://www.reactome.org/biopax/96/56210#Control274
2090,1464|1475,1447|6916,2,2,http://www.reactome.org/biopax/96/56210#BiochemicalReaction191,1,http://www.reactome.org/biopax/96/56210#Catalysis108
2091,2917|2919|5587|5588,2918,4,1,http://www.reactome.org/biopax/96/56210#BiochemicalReaction3997,-1,http://www.reactome.org/biopax/96/56210#Control367
2092,3809|9308,3810|6078,2,2,http://www.reactome.org/biopax/96/56210#BiochemicalReaction4866,1,http://www.reactome.org/biopax/96/56210#Catalysis2844
2093,2099|8102|8744|9002,8103|8746,4,2,http://www.reactome.org/biopax/96/56210#BiochemicalReaction3167,1,http://www.reactome.org/biopax/96/56210#Catalysis1986
2095,8259|8395|9326|9515,8045|9228,4,2,http://www.reactome.org/biopax/96/56210#BiochemicalReaction2264,-1,http://www.reactome.org/biopax/96/56210#Control215
2096,2185|7977|8907|9308,7986|8908|9515,4,3,http://www.reactome.org/biopax/96/56210#BiochemicalReaction3321,-1,http://www.reactome.org/biopax/96/56210#Control328
2097,5232|8167|8818|9111,8718|8824,4,2,http://www.reactome.org/biopax/96/56210#BiochemicalReaction3242,1,http://www.reactome.org/biopax/96/56210#Catalysis2061
2099,713|8259,1357|8270,2,2,http://www.reactome.org/biopax/96/56210#BiochemicalReaction1920,1,http://www.reactome.org/biopax/96/56210#Catalysis954
2100,3406|3407,442|7427,2,2,http://www.reactome.org/biopax/96/56210#BiochemicalReaction4509,-1,http://www.reactome.org/biopax/96/56210#Control418
2101,2599|7408|7845,2601,3,1,http://www.reactome.org/biopax/96/56210#BiochemicalReaction3722,1,http://www.reactome.org/biopax/96/56210#Control347
2102,164|170|6612|6613|6614|6615|6616|6617|6618|6619|6620|6632|6633|6634|6635|8259,165|168|169|171|6622|6624|6625|6628|6630|8270|8287,16,11,http://www.reactome.org/biopax/96/56210#BiochemicalReaction926,1,http://www.reactome.org/biopax/96/56210#Catalysis586
2103,27|8259,28|732|8270,2,3,http://www.reactome.org/biopax/96/56210#BiochemicalReaction803,1,http://www.reactome.org/biopax/96/56210#Catalysis521
2104,3723,3724|3725|5948|8476,1,4,http://www.reactome.org/biopax/96/56210#BiochemicalReaction4717,1,http://www.reactome.org/biopax/96/56210#Catalysis2719
2105,5607|8542|9133|9142,9131|9144|9170,4,3,http://www.reactome.org/biopax/96/56210#BiochemicalReaction295,1,http://www.reactome.org/biopax/96/56210#Catalysis177
2106,2405|5413,5412|8476,2,2,http://www.reactome.org/biopax/96/56210#BiochemicalReaction3549,1,http://www.reactome.org/biopax/96/56210#Catalysis2263
2107,4659|7481|8259,4660|8270,3,2,http://www.reactome.org/biopax/96/56210#BiochemicalReaction1859,1,http://www.reactome.org/biopax/96/56210#Catalysis923
2109,1689|7896|7898,7897|7899,3,2,http://www.reactome.org/biopax/96/56210#BiochemicalReaction2292,1,http://www.reactome.org/biopax/96/56210#Catalysis1169
2110,7176|7213|8045,7217|8395,3,2,http://www.reactome.org/biopax/96/56210#BiochemicalReaction109,1,http://www.reactome.org/biopax/96/56210#Catalysis75
2111,4787|7986|8023|9515,7977|8027,4,2,http://www.reactome.org/biopax/96/56210#BiochemicalReaction2442,1,http://www.reactome.org/biopax/96/56210#Catalysis1307
2112,5157|8102|8524,8103|9156,3,2,http://www.reactome.org/biopax/96/56210#BiochemicalReaction2938,1,http://www.reactome.org/biopax/96/56210#Catalysis1764
2113,1664|7861|9457|9515,7863|8476|9252,4,3,http://www.reactome.org/biopax/96/56210#BiochemicalReaction2241,1,http://www.reactome.org/biopax/96/56210#Catalysis1119
2114,1903|5111|8019,5112|7857,3,2,http://www.reactome.org/biopax/96/56210#BiochemicalReaction2876,1,http://www.reactome.org/biopax/96/56210#Catalysis1720
2115,2717|8045,2718|8395,2,2,http://www.reactome.org/biopax/96/56210#BiochemicalReaction3824,1,http://www.reactome.org/biopax/96/56210#Catalysis2375
2116,2511|5490|8259|8281,2511|7786|8270|8287,4,4,http://www.reactome.org/biopax/96/56210#BiochemicalReaction3654,1,http://www.reactome.org/biopax/96/56210#Catalysis2302
2117,4011|9175,4010|4012,2,2,http://www.reactome.org/biopax/96/56210#BiochemicalReaction390,1,http://www.reactome.org/biopax/96/56210#Catalysis216
2118,5007|8298|9308,8299|8476,3,2,http://www.reactome.org/biopax/96/56210#BiochemicalReaction2661,1,http://www.reactome.org/biopax/96/56210#Catalysis1523
2119,8395|9125|9326|9515,8045|9228,4,2,http://www.reactome.org/biopax/96/56210#BiochemicalReaction2264,-1,http://www.reactome.org/biopax/96/56210#Control212
2120,110|6551,6552|6553,2,2,http://www.reactome.org/biopax/96/56210#BiochemicalReaction879,1,http://www.reactome.org/biopax/96/56210#Catalysis564
2121,4889|7896|7919,7899|7920,3,2,http://www.reactome.org/biopax/96/56210#BiochemicalReaction2335,1,http://www.reactome.org/biopax/96/56210#Catalysis1205
2122,955|956|9547,946|7753|9548,3,3,http://www.reactome.org/biopax/96/56210#BiochemicalReaction1581,1,http://www.reactome.org/biopax/96/56210#Catalysis820
2123,2707|8045,2708|8395,2,2,http://www.reactome.org/biopax/96/56210#BiochemicalReaction3817,1,http://www.reactome.org/biopax/96/56210#Catalysis2371
2124,3129|5693|8045,5692|8395,3,2,http://www.reactome.org/biopax/96/56210#BiochemicalReaction4208,1,http://www.reactome.org/biopax/96/56210#Catalysis2523
2125,1913|8509|9308,8510|8511|9515,3,3,http://www.reactome.org/biopax/96/56210#BiochemicalReaction2889,1,http://www.reactome.org/biopax/96/56210#Catalysis1731
2126,1992|8570|9183,8569|9181,3,2,http://www.reactome.org/biopax/96/56210#BiochemicalReaction2985,1,http://www.reactome.org/biopax/96/56210#Catalysis1807
2127,2108|5118|9159,5116|9002|9161,3,3,http://www.reactome.org/biopax/96/56210#BiochemicalReaction3190,1,http://www.reactome.org/biopax/96/56210#Catalysis2009
2128,3649|5926|9308,3650|8476,3,2,http://www.reactome.org/biopax/96/56210#BiochemicalReaction4674,1,http://www.reactome.org/biopax/96/56210#Control429
2129,3759|9006|9455,9007|9138,3,2,http://www.reactome.org/biopax/96/56210#BiochemicalReaction4748,1,http://www.reactome.org/biopax/96/56210#Catalysis2738
2130,2153|8146|8152|8834,8162|8171|9267,4,3,http://www.reactome.org/biopax/96/56210#BiochemicalReaction3253,1,http://www.reactome.org/biopax/96/56210#Catalysis2072
2131,6147|6390|7770,6146|9091,3,2,http://www.reactome.org/biopax/96/56210#BiochemicalReaction4972,1,http://www.reactome.org/biopax/96/56210#Catalysis2896
2132,3409|5842|8045,4158|5843|8395,3,3,http://www.reactome.org/biopax/96/56210#BiochemicalReaction4522,1,http://www.reactome.org/biopax/96/56210#Catalysis2648
2133,8134|9124|9308,8448|8721,3,2,http://www.reactome.org/biopax/96/56210#BiochemicalReaction3138,-1,http://www.reactome.org/biopax/96/56210#Control311
2134,7|9544,8|9545,2,2,http://www.reactome.org/biopax/96/56210#BiochemicalReaction786,1,http://www.reactome.org/biopax/96/56210#Catalysis512
2135,1300|7649,1383,2,1,http://www.reactome.org/biopax/96/56210#BiochemicalReaction1946,1,http://www.reactome.org/biopax/96/56210#Control180
2136,279|6713,281,2,1,http://www.reactome.org/biopax/96/56210#BiochemicalReaction1002,1,http://www.reactome.org/biopax/96/56210#Control93
2137,591|7765|7772,7764|7782,3,2,http://www.reactome.org/biopax/96/56210#BiochemicalReaction30,1,http://www.reactome.org/biopax/96/56210#Catalysis30
2138,4973|9196,8235,2,1,http://www.reactome.org/biopax/96/56210#BiochemicalReaction2576,1,http://www.reactome.org/biopax/96/56210#Catalysis1439
2139,4786|8016|8022|9515,8024|8162|9148,4,3,http://www.reactome.org/biopax/96/56210#BiochemicalReaction2440,1,http://www.reactome.org/biopax/96/56210#Catalysis1305
2140,7609|9269|9587,8208|8247,3,2,http://www.reactome.org/biopax/96/56210#BiochemicalReaction2591,1,http://www.reactome.org/biopax/96/56210#Catalysis1454
2141,5208|9308|9356,9165|9397,3,2,http://www.reactome.org/biopax/96/56210#BiochemicalReaction3145,1,http://www.reactome.org/biopax/96/56210#Catalysis1964
2142,110|3126,3129|5688,2,2,http://www.reactome.org/biopax/96/56210#BiochemicalReaction4200,1,http://www.reactome.org/biopax/96/56210#Catalysis2516
2143,6004|9070|9445,7902|9071,3,2,http://www.reactome.org/biopax/96/56210#BiochemicalReaction4803,1,http://www.reactome.org/biopax/96/56210#Catalysis2791
2144,19|8259,20|8270,2,2,http://www.reactome.org/biopax/96/56210#BiochemicalReaction795,1,http://www.reactome.org/biopax/96/56210#Catalysis515
2145,6951|6965|8045,6964|8395,3,2,http://www.reactome.org/biopax/96/56210#BiochemicalReaction97,1,http://www.reactome.org/biopax/96/56210#Catalysis68
2146,1987|8549|9515,8162|9433,3,2,http://www.reactome.org/biopax/96/56210#BiochemicalReaction2965,1,http://www.reactome.org/biopax/96/56210#Catalysis1787
2147,4455|9144,9142,2,1,http://www.reactome.org/biopax/96/56210#BiochemicalReaction619,1,http://www.reactome.org/biopax/96/56210#Catalysis422
2148,4918|8297|9308,8296|8476,3,2,http://www.reactome.org/biopax/96/56210#BiochemicalReaction2660,1,http://www.reactome.org/biopax/96/56210#Catalysis1522
2149,2004|8593|9308,8476|8594,3,2,http://www.reactome.org/biopax/96/56210#BiochemicalReaction3003,1,http://www.reactome.org/biopax/96/56210#Catalysis1825
2150,4446|9399,9400,2,1,http://www.reactome.org/biopax/96/56210#BiochemicalReaction550,1,http://www.reactome.org/biopax/96/56210#Catalysis359
2151,45|861|9175,861|9545,3,2,http://www.reactome.org/biopax/96/56210#BiochemicalReaction1532,1,http://www.reactome.org/biopax/96/56210#Catalysis800
2152,7538|7540|8259,7539|8270,3,2,http://www.reactome.org/biopax/96/56210#BiochemicalReaction1974,1,http://www.reactome.org/biopax/96/56210#Catalysis989
2153,1877|7182|7986|9515,7178|7977,4,2,http://www.reactome.org/biopax/96/56210#BiochemicalReaction215,1,http://www.reactome.org/biopax/96/56210#Catalysis124
2154,110|6538,6539|6540,2,2,http://www.reactome.org/biopax/96/56210#BiochemicalReaction874,1,http://www.reactome.org/biopax/96/56210#Catalysis560
2155,2361|8045|9566,8395|8956,3,2,http://www.reactome.org/biopax/96/56210#BiochemicalReaction3498,1,http://www.reactome.org/biopax/96/56210#Catalysis2243
2156,2147|9270|9553,8825|9272|9515,3,3,http://www.reactome.org/biopax/96/56210#BiochemicalReaction3246,1,http://www.reactome.org/biopax/96/56210#Catalysis2065
2157,149|7465|8259,7463|8270,3,2,http://www.reactome.org/biopax/96/56210#BiochemicalReaction1833,1,http://www.reactome.org/biopax/96/56210#Catalysis908
2158,6315|8542|9170|9344|9353,8542|8857|9170|9336,5,4,http://www.reactome.org/biopax/96/56210#BiochemicalReaction526,1,http://www.reactome.org/biopax/96/56210#Catalysis337
2159,4084|9269,9308,2,1,http://www.reactome.org/biopax/96/56210#BiochemicalReaction577,1,http://www.reactome.org/biopax/96/56210#Catalysis385
2160,315|2809|8045,2806|4852|8395,3,3,http://www.reactome.org/biopax/96/56210#BiochemicalReaction3899,1,http://www.reactome.org/biopax/96/56210#Catalysis2406
2161,647|4158,4170|8476,2,2,http://www.reactome.org/biopax/96/56210#BiochemicalReaction1343,1,http://www.reactome.org/biopax/96/56210#Control138
2162,6910|7805|9269,7806,3,1,http://www.reactome.org/biopax/96/56210#BiochemicalReaction2056,1,http://www.reactome.org/biopax/96/56210#Catalysis1040
2164,423|7755|9252,7760|9457|9515,3,3,http://www.reactome.org/biopax/96/56210#BiochemicalReaction28,1,http://www.reactome.org/biopax/96/56210#Catalysis28
2165,3848|9308,3849|4336,2,2,http://www.reactome.org/biopax/96/56210#BiochemicalReaction4886,1,http://www.reactome.org/biopax/96/56210#Catalysis2861
2166,1746|8077,8078,2,1,http://www.reactome.org/biopax/96/56210#BiochemicalReaction2472,1,http://www.reactome.org/biopax/96/56210#Catalysis1337
2167,3940|6157|9269,6158,3,1,http://www.reactome.org/biopax/96/56210#BiochemicalReaction4978,1,http://www.reactome.org/biopax/96/56210#Catalysis2901
2168,110|6557,6558|6559,2,2,http://www.reactome.org/biopax/96/56210#BiochemicalReaction881,1,http://www.reactome.org/biopax/96/56210#Catalysis566
2169,4450|6344|8191,4101,3,1,http://www.reactome.org/biopax/96/56210#BiochemicalReaction595,1,http://www.reactome.org/biopax/96/56210#Control49
2170,53|6067|7040,6066|6473,3,2,http://www.reactome.org/biopax/96/56210#BiochemicalReaction4854,1,http://www.reactome.org/biopax/96/56210#Catalysis2837
2171,5626|9125|9308,8938,3,1,http://www.reactome.org/biopax/96/56210#BiochemicalReaction4078,1,http://www.reactome.org/biopax/96/56210#Catalysis2471
2172,3881|6907|8202|8213,6908|8224|8232,4,3,http://www.reactome.org/biopax/96/56210#BiochemicalReaction75,1,http://www.reactome.org/biopax/96/56210#Catalysis60
2174,6332|9430|9432,9433|9434,3,2,http://www.reactome.org/biopax/96/56210#BiochemicalReaction566,1,http://www.reactome.org/biopax/96/56210#Catalysis375
2175,4941|8039,8040|9025,2,2,http://www.reactome.org/biopax/96/56210#BiochemicalReaction2449,1,http://www.reactome.org/biopax/96/56210#Catalysis1314
2176,74|8281,75|6916,2,2,http://www.reactome.org/biopax/96/56210#BiochemicalReaction825,1,http://www.reactome.org/biopax/96/56210#Catalysis533
2177,1677|8395|9326|9515,8045|9228,4,2,http://www.reactome.org/biopax/96/56210#BiochemicalReaction2264,1,http://www.reactome.org/biopax/96/56210#Catalysis1141
2178,1859|8446,8341,2,1,http://www.reactome.org/biopax/96/56210#BiochemicalReaction2795,1,http://www.reactome.org/biopax/96/56210#Catalysis1647
2179,4759|4877|9440,4760|9219|9438,3,3,http://www.reactome.org/biopax/96/56210#BiochemicalReaction2321,1,http://www.reactome.org/biopax/96/56210#Catalysis1196
2180,5042|7896|8350,8351|8352|9321,3,3,http://www.reactome.org/biopax/96/56210#BiochemicalReaction2706,1,http://www.reactome.org/biopax/96/56210#Catalysis1564
2181,5250|8123|8853|9110,8852|8854|9109,4,3,http://www.reactome.org/biopax/96/56210#BiochemicalReaction3269,1,http://www.reactome.org/biopax/96/56210#Catalysis2088
2182,4265|4480,4238|4274|6951|6952,2,4,http://www.reactome.org/biopax/96/56210#BiochemicalReaction86,1,http://www.reactome.org/biopax/96/56210#Catalysis64
2183,3130|3132|8045,3133|8395,3,2,http://www.reactome.org/biopax/96/56210#BiochemicalReaction4206,1,http://www.reactome.org/biopax/96/56210#Catalysis2521
2184,4561|6987|9308,8045|8938|9515,3,3,http://www.reactome.org/biopax/96/56210#BiochemicalReaction1225,1,http://www.reactome.org/biopax/96/56210#Catalysis711
2185,677|7851|8045,7862|8395,3,2,http://www.reactome.org/biopax/96/56210#BiochemicalReaction35,1,http://www.reactome.org/biopax/96/56210#Catalysis35
2186,2157|8123|8851|9110,8849|8852|9109,4,3,http://www.reactome.org/biopax/96/56210#BiochemicalReaction3268,1,http://www.reactome.org/biopax/96/56210#Catalysis2087
2187,3267|4339|5767,3269,3,1,http://www.reactome.org/biopax/96/56210#BiochemicalReaction4353,1,http://www.reactome.org/biopax/96/56210#Control406
2188,4072|8542|9120|9338,9170|9337|9346,4,3,http://www.reactome.org/biopax/96/56210#BiochemicalReaction536,1,http://www.reactome.org/biopax/96/56210#Catalysis347
2189,5029|8335|9454,7902|9219|9518,3,3,http://www.reactome.org/biopax/96/56210#BiochemicalReaction2693,1,http://www.reactome.org/biopax/96/56210#Catalysis1553
2190,6375|9149|9165,9495|9515,3,2,http://www.reactome.org/biopax/96/56210#BiochemicalReaction647,1,http://www.reactome.org/biopax/96/56210#Catalysis444
2191,6391|9207|9507,9508|9509,3,2,http://www.reactome.org/biopax/96/56210#BiochemicalReaction664,1,http://www.reactome.org/biopax/96/56210#Catalysis455
2192,4798|8045|9520,8290|8395,3,2,http://www.reactome.org/biopax/96/56210#BiochemicalReaction2631,1,http://www.reactome.org/biopax/96/56210#Catalysis1494
2193,1510|2454,309,2,1,http://www.reactome.org/biopax/96/56210#BiochemicalReaction2082,1,http://www.reactome.org/biopax/96/56210#Control184
2194,1637|7706,1640,2,1,http://www.reactome.org/biopax/96/56210#BiochemicalReaction2220,1,http://www.reactome.org/biopax/96/56210#Catalysis1099
2195,2985|8134,2986|9138,2,2,http://www.reactome.org/biopax/96/56210#BiochemicalReaction4060,1,http://www.reactome.org/biopax/96/56210#Catalysis2459
2197,6298|9314|9315,9243|9317,3,2,http://www.reactome.org/biopax/96/56210#BiochemicalReaction494,1,http://www.reactome.org/biopax/96/56210#Catalysis305
2198,722|7503|8259,1350|8270,3,2,http://www.reactome.org/biopax/96/56210#BiochemicalReaction1908,1,http://www.reactome.org/biopax/96/56210#Control178
2199,5194|8670|9181,8117|9002|9183|9184,3,4,http://www.reactome.org/biopax/96/56210#BiochemicalReaction3089,1,http://www.reactome.org/biopax/96/56210#Catalysis1910
2200,5159|8525|9157,8515|9156,3,2,http://www.reactome.org/biopax/96/56210#BiochemicalReaction2940,1,http://www.reactome.org/biopax/96/56210#Catalysis1766
2201,5162|8395|8551,8045|8550,3,2,http://www.reactome.org/biopax/96/56210#BiochemicalReaction2967,1,http://www.reactome.org/biopax/96/56210#Catalysis1789
2202,4327|7817|7986|9515,7815|7977,4,2,http://www.reactome.org/biopax/96/56210#BiochemicalReaction4264,1,http://www.reactome.org/biopax/96/56210#Catalysis2549
2203,4792|8045|9146|9193,8016|8395|8476|9515,4,4,http://www.reactome.org/biopax/96/56210#BiochemicalReaction2485,1,http://www.reactome.org/biopax/96/56210#Catalysis1350
2204,2109|8102|8766|9002,8103|8767|9562,4,3,http://www.reactome.org/biopax/96/56210#BiochemicalReaction3191,1,http://www.reactome.org/biopax/96/56210#Catalysis2010
2205,479|8322,480|8331,2,2,http://www.reactome.org/biopax/96/56210#BiochemicalReaction1181,1,http://www.reactome.org/biopax/96/56210#Catalysis699
2206,456|8045,458|8395,2,2,http://www.reactome.org/biopax/96/56210#BiochemicalReaction1161,1,http://www.reactome.org/biopax/96/56210#Catalysis690
2207,471|7221|8259,481|8270,3,2,http://www.reactome.org/biopax/96/56210#BiochemicalReaction111,1,http://www.reactome.org/biopax/96/56210#Catalysis76
2208,7132|7748|8281,7749|8287,3,2,http://www.reactome.org/biopax/96/56210#BiochemicalReaction1404,1,http://www.reactome.org/biopax/96/56210#Catalysis767
2209,2201|8942|9516,8943,3,1,http://www.reactome.org/biopax/96/56210#BiochemicalReaction3348,1,http://www.reactome.org/biopax/96/56210#Catalysis2166
2210,442|2860|8134,443|9138,3,2,http://www.reactome.org/biopax/96/56210#BiochemicalReaction3948,1,http://www.reactome.org/biopax/96/56210#Catalysis2434
2211,7643|7839|9308,7840|7841|9515,3,3,http://www.reactome.org/biopax/96/56210#BiochemicalReaction2157,1,http://www.reactome.org/biopax/96/56210#Catalysis1079
2213,4946|7770|8062|8895|9256,8064|8896|9246,5,3,http://www.reactome.org/biopax/96/56210#BiochemicalReaction3309,1,http://www.reactome.org/biopax/96/56210#Catalysis2127
2215,2303|8045,2304|8395,2,2,http://www.reactome.org/biopax/96/56210#BiochemicalReaction3444,1,http://www.reactome.org/biopax/96/56210#Catalysis2225
2216,4949|7832|8091,8092|9148,3,2,http://www.reactome.org/biopax/96/56210#BiochemicalReaction2479,1,http://www.reactome.org/biopax/96/56210#Catalysis1344
2217,1299|1301|8259,1300|8270,3,2,http://www.reactome.org/biopax/96/56210#BiochemicalReaction1866,-1,http://www.reactome.org/biopax/96/56210#Control173
2218,1631|7742|9453,1637|9446|9515,3,3,http://www.reactome.org/biopax/96/56210#BiochemicalReaction2217,1,http://www.reactome.org/biopax/96/56210#Control197
2219,5237|8829|9002|9381,9394|9515|9598,4,3,http://www.reactome.org/biopax/96/56210#BiochemicalReaction3250,1,http://www.reactome.org/biopax/96/56210#Catalysis2069
2221,2237|8045,8974|9125,2,2,http://www.reactome.org/biopax/96/56210#BiochemicalReaction4067,1,http://www.reactome.org/biopax/96/56210#Control377
2222,1766|8169|9110,8170|9109,3,2,http://www.reactome.org/biopax/96/56210#BiochemicalReaction2526,1,http://www.reactome.org/biopax/96/56210#Catalysis1389
2223,4914|7980|8045,7992|8395,3,2,http://www.reactome.org/biopax/96/56210#BiochemicalReaction2400,1,http://www.reactome.org/biopax/96/56210#Catalysis1267
2224,8513|8517|9160,8500|8514,3,2,http://www.reactome.org/biopax/96/56210#BiochemicalReaction2898,-1,http://www.reactome.org/biopax/96/56210#Control271
2225,26|8259,6460|8270,2,2,http://www.reactome.org/biopax/96/56210#BiochemicalReaction801,1,http://www.reactome.org/biopax/96/56210#Catalysis519
2226,37|38|41|4478,39|40,4,2,http://www.reactome.org/biopax/96/56210#BiochemicalReaction810,1,http://www.reactome.org/biopax/96/56210#Control68
2227,1475|7189,6793,2,1,http://www.reactome.org/biopax/96/56210#BiochemicalReaction1470,1,http://www.reactome.org/biopax/96/56210#Catalysis791
2229,262|4504|9308,4505|8938|9433|9450|9555,3,5,http://www.reactome.org/biopax/96/56210#BiochemicalReaction994,1,http://www.reactome.org/biopax/96/56210#Catalysis605
2230,7028|7039|8259,5792|8270,3,2,http://www.reactome.org/biopax/96/56210#BiochemicalReaction4406,1,http://www.reactome.org/biopax/96/56210#Catalysis2600
2231,1219|4321|8134,1220|9138,3,2,http://www.reactome.org/biopax/96/56210#BiochemicalReaction4544,1,http://www.reactome.org/biopax/96/56210#Catalysis2663
2232,1300|4677|8281,808|8287,3,2,http://www.reactome.org/biopax/96/56210#BiochemicalReaction1952,1,http://www.reactome.org/biopax/96/56210#Catalysis972
2233,6896|7844,7851,2,1,http://www.reactome.org/biopax/96/56210#BiochemicalReaction34,1,http://www.reactome.org/biopax/96/56210#Catalysis34
2234,4046|8045|9202|9308,8395|8476|9203,4,3,http://www.reactome.org/biopax/96/56210#BiochemicalReaction419,1,http://www.reactome.org/biopax/96/56210#Catalysis233
2235,713|732|743,763,3,1,http://www.reactome.org/biopax/96/56210#BiochemicalReaction133,-1,http://www.reactome.org/biopax/96/56210#Control7
2236,1401|4085,1399|6793,2,2,http://www.reactome.org/biopax/96/56210#BiochemicalReaction1969,1,http://www.reactome.org/biopax/96/56210#Catalysis984
2237,4997|5009,1816,2,1,http://www.reactome.org/biopax/96/56210#BiochemicalReaction2665,1,http://www.reactome.org/biopax/96/56210#Catalysis1527
2238,808|1416|8259,1417|8270,3,2,http://www.reactome.org/biopax/96/56210#BiochemicalReaction1982,1,http://www.reactome.org/biopax/96/56210#Catalysis996
2239,4405|6014|9081,6015|7902|9219,3,3,http://www.reactome.org/biopax/96/56210#BiochemicalReaction4813,1,http://www.reactome.org/biopax/96/56210#Catalysis2801
2240,2098|5210|8740|9002,5211|9562,4,2,http://www.reactome.org/biopax/96/56210#BiochemicalReaction3163,1,http://www.reactome.org/biopax/96/56210#Catalysis1982
2241,975|984|7246,986,3,1,http://www.reactome.org/biopax/96/56210#BiochemicalReaction1605,1,http://www.reactome.org/biopax/96/56210#Control160
2242,4224|6432|8295,4225,3,1,http://www.reactome.org/biopax/96/56210#BiochemicalReaction738,1,http://www.reactome.org/biopax/96/56210#Control66
2243,1842|8045|8371,8372|8395|9515,3,3,http://www.reactome.org/biopax/96/56210#BiochemicalReaction2725,1,http://www.reactome.org/biopax/96/56210#Catalysis1582
2244,2637|5523|8045,2645|8395,3,2,http://www.reactome.org/biopax/96/56210#BiochemicalReaction3757,1,http://www.reactome.org/biopax/96/56210#Catalysis2342
2245,1634|9453,1635|9446|9515,2,3,http://www.reactome.org/biopax/96/56210#BiochemicalReaction2215,1,http://www.reactome.org/biopax/96/56210#Catalysis1094
2246,717|8322,718|8331,2,2,http://www.reactome.org/biopax/96/56210#BiochemicalReaction1400,1,http://www.reactome.org/biopax/96/56210#Catalysis764
2247,1312|7491|8259,1313|8270,3,2,http://www.reactome.org/biopax/96/56210#BiochemicalReaction1875,1,http://www.reactome.org/biopax/96/56210#Catalysis933
2248,623|627|8259,626|8270,3,2,http://www.reactome.org/biopax/96/56210#BiochemicalReaction1319,1,http://www.reactome.org/biopax/96/56210#Catalysis729
2249,268|8045,272|8395,2,2,http://www.reactome.org/biopax/96/56210#BiochemicalReaction999,1,http://www.reactome.org/biopax/96/56210#Catalysis609
2250,5050|8334|9269,8366|9249,3,2,http://www.reactome.org/biopax/96/56210#BiochemicalReaction2717,1,http://www.reactome.org/biopax/96/56210#Catalysis1575
2251,1949|1950,1951|1952|5145,2,3,http://www.reactome.org/biopax/96/56210#BiochemicalReaction2918,1,http://www.reactome.org/biopax/96/56210#Catalysis1751
2252,2918|8045,2920|8395,2,2,http://www.reactome.org/biopax/96/56210#BiochemicalReaction3998,1,http://www.reactome.org/biopax/96/56210#Catalysis2452
2253,197|6666|8259,199|9545,3,2,http://www.reactome.org/biopax/96/56210#BiochemicalReaction944,1,http://www.reactome.org/biopax/96/56210#Catalysis594
2256,3709,3696|3697|3710|5945|9184,1,5,http://www.reactome.org/biopax/96/56210#BiochemicalReaction4710,1,http://www.reactome.org/biopax/96/56210#Catalysis2716
2257,4947|7986|8146|8898|9515,7977|8899|9308,5,3,http://www.reactome.org/biopax/96/56210#BiochemicalReaction3311,1,http://www.reactome.org/biopax/96/56210#Catalysis2129
2258,2216|9025|9562,7854|9002,3,2,http://www.reactome.org/biopax/96/56210#BiochemicalReaction3359,1,http://www.reactome.org/biopax/96/56210#Catalysis2177
2259,1976|8527|8857|9308,8528|8962|8974,4,3,http://www.reactome.org/biopax/96/56210#BiochemicalReaction2944,1,http://www.reactome.org/biopax/96/56210#Catalysis1768
2260,2437|8045,2277|8395,2,2,http://www.reactome.org/biopax/96/56210#BiochemicalReaction3586,1,http://www.reactome.org/biopax/96/56210#Catalysis2280
2261,2985|5630|8134,2986|9138,3,2,http://www.reactome.org/biopax/96/56210#BiochemicalReaction4060,-1,http://www.reactome.org/biopax/96/56210#Control376
2262,5797|6478|8281,5798|6916,3,2,http://www.reactome.org/biopax/96/56210#BiochemicalReaction4416,1,http://www.reactome.org/biopax/96/56210#Catalysis2604
2263,149|3234,439,2,1,http://www.reactome.org/biopax/96/56210#BiochemicalReaction4311,1,http://www.reactome.org/biopax/96/56210#Control396
2264,6266|9142|9193,9144|9194,3,2,http://www.reactome.org/biopax/96/56210#BiochemicalReaction452,1,http://www.reactome.org/biopax/96/56210#Catalysis264
2265,4059|4085,6793,2,1,http://www.reactome.org/biopax/96/56210#BiochemicalReaction431,1,http://www.reactome.org/biopax/96/56210#Catalysis243
2266,442|1163|8134,443|9138,3,2,http://www.reactome.org/biopax/96/56210#BiochemicalReaction1737,1,http://www.reactome.org/biopax/96/56210#Catalysis873
2267,2165|8146|9124|9351,8771|8870,4,2,http://www.reactome.org/biopax/96/56210#BiochemicalReaction3284,1,http://www.reactome.org/biopax/96/56210#Catalysis2103
2268,6312|8962|9363,9366|9515,3,2,http://www.reactome.org/biopax/96/56210#BiochemicalReaction516,1,http://www.reactome.org/biopax/96/56210#Catalysis327
2269,2243|5304|8952,2246|2253,3,2,http://www.reactome.org/biopax/96/56210#BiochemicalReaction3390,1,http://www.reactome.org/biopax/96/56210#Catalysis2194
2270,2162|8863|8864|9149,8865|9605,4,2,http://www.reactome.org/biopax/96/56210#BiochemicalReaction3276,1,http://www.reactome.org/biopax/96/56210#Catalysis2095
2271,7205|7207|9547,5151|7753|9548,3,3,http://www.reactome.org/biopax/96/56210#BiochemicalReaction1499,1,http://www.reactome.org/biopax/96/56210#Catalysis798
2272,5170|8542|8630,8182|9170,3,2,http://www.reactome.org/biopax/96/56210#BiochemicalReaction3033,1,http://www.reactome.org/biopax/96/56210#Catalysis1855
2273,946|948|950,949,3,1,http://www.reactome.org/biopax/96/56210#BiochemicalReaction1575,-1,http://www.reactome.org/biopax/96/56210#Control157
2274,3107|5682|6793,5683,3,1,http://www.reactome.org/biopax/96/56210#BiochemicalReaction4184,1,http://www.reactome.org/biopax/96/56210#Catalysis2507
2275,4180|4182|8045,4183|8395,3,2,http://www.reactome.org/biopax/96/56210#BiochemicalReaction696,1,http://www.reactome.org/biopax/96/56210#Catalysis472
2276,4969|9269|9587,8208|8247,3,2,http://www.reactome.org/biopax/96/56210#BiochemicalReaction2590,-1,http://www.reactome.org/biopax/96/56210#Control232
2277,7660|7664,7662,2,1,http://www.reactome.org/biopax/96/56210#BiochemicalReaction181,1,http://www.reactome.org/biopax/96/56210#Control16
2278,5268|8914|9308,9301|9348,3,2,http://www.reactome.org/biopax/96/56210#BiochemicalReaction3324,1,http://www.reactome.org/biopax/96/56210#Catalysis2142
2279,2601|8045,2602|8395,2,2,http://www.reactome.org/biopax/96/56210#BiochemicalReaction3723,1,http://www.reactome.org/biopax/96/56210#Catalysis2328
2280,4527|6091,6398,2,1,http://www.reactome.org/biopax/96/56210#BiochemicalReaction4899,1,http://www.reactome.org/biopax/96/56210#Catalysis2870
2281,1980|8539,7772|9308,2,2,http://www.reactome.org/biopax/96/56210#BiochemicalReaction2953,1,http://www.reactome.org/biopax/96/56210#Catalysis1777
2282,4015|6224|6916,6225,3,1,http://www.reactome.org/biopax/96/56210#BiochemicalReaction393,1,http://www.reactome.org/biopax/96/56210#Catalysis219
2283,2078|8705|8706|8999|9002,8707|8708|9025,5,3,http://www.reactome.org/biopax/96/56210#BiochemicalReaction3127,1,http://www.reactome.org/biopax/96/56210#Catalysis1946
2284,348|351|8045,350|8395,3,2,http://www.reactome.org/biopax/96/56210#BiochemicalReaction1045,1,http://www.reactome.org/biopax/96/56210#Catalysis632
2285,4283|7739|8542,9107|9170,3,2,http://www.reactome.org/biopax/96/56210#BiochemicalReaction1,1,http://www.reactome.org/biopax/96/56210#Catalysis1
2286,5213|8093|8743,8019|8745,3,2,http://www.reactome.org/biopax/96/56210#BiochemicalReaction3166,1,http://www.reactome.org/biopax/96/56210#Catalysis1985
2288,805|807|8259,806|8270,3,2,http://www.reactome.org/biopax/96/56210#BiochemicalReaction1461,1,http://www.reactome.org/biopax/96/56210#Catalysis788
2289,1984|8045|8857|9193|9308,8395|8476|8544|8962|9515,5,5,http://www.reactome.org/biopax/96/56210#BiochemicalReaction2959,1,http://www.reactome.org/biopax/96/56210#Catalysis1782
2290,1466|4085,4020|6793,2,2,http://www.reactome.org/biopax/96/56210#BiochemicalReaction2037,1,http://www.reactome.org/biopax/96/56210#Catalysis1026
2291,6289|8886,8967,2,1,http://www.reactome.org/biopax/96/56210#BiochemicalReaction3300,1,http://www.reactome.org/biopax/96/56210#Catalysis2119
2292,5180|9148|9183,8019|8395,3,2,http://www.reactome.org/biopax/96/56210#BiochemicalReaction3048,1,http://www.reactome.org/biopax/96/56210#Catalysis1870
2293,2673|8045|9566,8395|9122,3,2,http://www.reactome.org/biopax/96/56210#BiochemicalReaction3782,1,http://www.reactome.org/biopax/96/56210#Catalysis2353
2294,2173|8880|9098,8882|9097,3,2,http://www.reactome.org/biopax/96/56210#BiochemicalReaction3293,1,http://www.reactome.org/biopax/96/56210#Catalysis2112
2295,4913|7973|8259,7974|8270,3,2,http://www.reactome.org/biopax/96/56210#BiochemicalReaction2387,1,http://www.reactome.org/biopax/96/56210#Catalysis1254
2297,4904|9025|9116,9117|9119,3,2,http://www.reactome.org/biopax/96/56210#BiochemicalReaction218,1,http://www.reactome.org/biopax/96/56210#Catalysis127
2298,1338|7497|8281,7057|8287,3,2,http://www.reactome.org/biopax/96/56210#BiochemicalReaction1892,1,http://www.reactome.org/biopax/96/56210#Catalysis938
2300,1856|8542|9273,9170|9275,3,2,http://www.reactome.org/biopax/96/56210#BiochemicalReaction2782,1,http://www.reactome.org/biopax/96/56210#Control239
2301,6173|7224|9181,6172|9183,3,2,http://www.reactome.org/biopax/96/56210#BiochemicalReaction4996,1,http://www.reactome.org/biopax/96/56210#Catalysis2912
2302,4936|8062|8066|8070,7773|8043|8064|8071|9246,4,5,http://www.reactome.org/biopax/96/56210#BiochemicalReaction2468,1,http://www.reactome.org/biopax/96/56210#Catalysis1333
2303,3772|9046|9444,9047|9446,3,2,http://www.reactome.org/biopax/96/56210#BiochemicalReaction4783,1,http://www.reactome.org/biopax/96/56210#Catalysis2773
2304,5266|6947,2185,2,1,http://www.reactome.org/biopax/96/56210#BiochemicalReaction3329,1,http://www.reactome.org/biopax/96/56210#Catalysis2147
2305,3276|3277|8045,3281|8395,3,2,http://www.reactome.org/biopax/96/56210#BiochemicalReaction4362,-1,http://www.reactome.org/biopax/96/56210#Control409
2306,1425|6793,1428,2,1,http://www.reactome.org/biopax/96/56210#BiochemicalReaction1991,1,http://www.reactome.org/biopax/96/56210#Catalysis1004
2307,4914|7990|8045,7983|8395,3,2,http://www.reactome.org/biopax/96/56210#BiochemicalReaction2403,1,http://www.reactome.org/biopax/96/56210#Catalysis1270
2308,4804|8045|8292,8294|8395,3,2,http://www.reactome.org/biopax/96/56210#BiochemicalReaction2649,1,http://www.reactome.org/biopax/96/56210#Catalysis1512
2309,7382|8045|8260,8395|9566,3,2,http://www.reactome.org/biopax/96/56210#BiochemicalReaction4641,1,http://www.reactome.org/biopax/96/56210#Catalysis2687
2310,264|266|9308,265|9558,3,2,http://www.reactome.org/biopax/96/56210#BiochemicalReaction998,1,http://www.reactome.org/biopax/96/56210#Catalysis608
2311,3137|7055|8045,5697|8395,3,2,http://www.reactome.org/biopax/96/56210#BiochemicalReaction4222,1,http://www.reactome.org/biopax/96/56210#Catalysis2529
2312,3750|6663|8202|8213,5968|8224|8232,4,3,http://www.reactome.org/biopax/96/56210#BiochemicalReaction4743,1,http://www.reactome.org/biopax/96/56210#Catalysis2733
2313,3068|8542,9170,2,1,http://www.reactome.org/biopax/96/56210#BiochemicalReaction311,1,http://www.reactome.org/biopax/96/56210#Catalysis188
2314,2078|8709|9002,8710|9562,3,2,http://www.reactome.org/biopax/96/56210#BiochemicalReaction3129,1,http://www.reactome.org/biopax/96/56210#Catalysis1948
2315,133|2654|8045,2657|8395,3,2,http://www.reactome.org/biopax/96/56210#BiochemicalReaction3783,1,http://www.reactome.org/biopax/96/56210#Catalysis2354
2317,1032|9473,9121,2,1,http://www.reactome.org/biopax/96/56210#BiochemicalReaction1626,1,http://www.reactome.org/biopax/96/56210#Catalysis829
2318,5225|9349,8782,2,1,http://www.reactome.org/biopax/96/56210#BiochemicalReaction3208,1,http://www.reactome.org/biopax/96/56210#Catalysis2027
2319,2530|2600|5359|5399|5409|5414,2609,6,1,http://www.reactome.org/biopax/96/56210#BiochemicalReaction274,1,http://www.reactome.org/biopax/96/56210#Catalysis158
2320,2571|8045,2573|8395,2,2,http://www.reactome.org/biopax/96/56210#BiochemicalReaction3702,1,http://www.reactome.org/biopax/96/56210#Catalysis2319
2321,729|7134|8259,730|8270,3,2,http://www.reactome.org/biopax/96/56210#BiochemicalReaction1409,1,http://www.reactome.org/biopax/96/56210#Catalysis770
2322,1897|8152|9344,8962|9228,3,2,http://www.reactome.org/biopax/96/56210#BiochemicalReaction2866,1,http://www.reactome.org/biopax/96/56210#Catalysis1710
2323,1918|5116|9002|9156,5117|9562,4,2,http://www.reactome.org/biopax/96/56210#BiochemicalReaction2893,1,http://www.reactome.org/biopax/96/56210#Catalysis1735
2324,5990|9006|9444,9046|9433,3,2,http://www.reactome.org/biopax/96/56210#BiochemicalReaction4782,1,http://www.reactome.org/biopax/96/56210#Catalysis2772
2325,771|8303,773|8313,2,2,http://www.reactome.org/biopax/96/56210#BiochemicalReaction1437,1,http://www.reactome.org/biopax/96/56210#Catalysis777
2326,4505|6698|9308,4506|9556,3,2,http://www.reactome.org/biopax/96/56210#BiochemicalReaction995,1,http://www.reactome.org/biopax/96/56210#Catalysis606
2327,3855|9308,3856|4527,2,2,http://www.reactome.org/biopax/96/56210#BiochemicalReaction4890,1,http://www.reactome.org/biopax/96/56210#Catalysis2863
2328,239|7665|8045,242|8395,3,2,http://www.reactome.org/biopax/96/56210#BiochemicalReaction975,1,http://www.reactome.org/biopax/96/56210#Catalysis598
2330,1755|8102|8130|9002,8103|8131,4,2,http://www.reactome.org/biopax/96/56210#BiochemicalReaction2506,1,http://www.reactome.org/biopax/96/56210#Catalysis1371
2331,2015|8631,2016|8182,2,2,http://www.reactome.org/biopax/96/56210#BiochemicalReaction3034,1,http://www.reactome.org/biopax/96/56210#Catalysis1856
2332,5214|8754|9025,8019|8755|9002,3,3,http://www.reactome.org/biopax/96/56210#BiochemicalReaction3176,1,http://www.reactome.org/biopax/96/56210#Catalysis1995
2333,5462|5463|8303,6206|8313,3,2,http://www.reactome.org/biopax/96/56210#BiochemicalReaction3617,1,http://www.reactome.org/biopax/96/56210#Catalysis2294
2334,1753|8102|8115|9002,8103|8116,4,2,http://www.reactome.org/biopax/96/56210#BiochemicalReaction2496,1,http://www.reactome.org/biopax/96/56210#Catalysis1361
2335,4456|9166,9121,2,1,http://www.reactome.org/biopax/96/56210#BiochemicalReaction625,1,http://www.reactome.org/biopax/96/56210#Catalysis428
2336,3776|3778|9308,4392|9059,3,2,http://www.reactome.org/biopax/96/56210#BiochemicalReaction4794,1,http://www.reactome.org/biopax/96/56210#Catalysis2782
2337,171,172,1,1,http://www.reactome.org/biopax/96/56210#BiochemicalReaction927,1,http://www.reactome.org/biopax/96/56210#Catalysis587
2338,1668|7865|9308,7741|8476,3,2,http://www.reactome.org/biopax/96/56210#BiochemicalReaction2244,1,http://www.reactome.org/biopax/96/56210#Catalysis1122
2339,1116|7780|9025,7781|9136|9184,3,3,http://www.reactome.org/biopax/96/56210#BiochemicalReaction1701,1,http://www.reactome.org/biopax/96/56210#Catalysis864
2340,1475|3174,3172|6916,2,2,http://www.reactome.org/biopax/96/56210#BiochemicalReaction4261,1,http://www.reactome.org/biopax/96/56210#Catalysis2546
2341,4173|8045,4174|8395,2,2,http://www.reactome.org/biopax/96/56210#BiochemicalReaction690,1,http://www.reactome.org/biopax/96/56210#Catalysis468
2342,1997|8281|8573,7786|8574|9545,3,3,http://www.reactome.org/biopax/96/56210#BiochemicalReaction2988,1,http://www.reactome.org/biopax/96/56210#Catalysis1810
2343,5025|8361,8960,2,1,http://www.reactome.org/biopax/96/56210#BiochemicalReaction4317,1,http://www.reactome.org/biopax/96/56210#Catalysis2562
2344,2250|2293,2292|5299,2,2,http://www.reactome.org/biopax/96/56210#BiochemicalReaction3433,1,http://www.reactome.org/biopax/96/56210#Catalysis2220
2345,1314|4666|8259,1339|7498|8270,3,3,http://www.reactome.org/biopax/96/56210#BiochemicalReaction1893,1,http://www.reactome.org/biopax/96/56210#Catalysis939
2346,149|7461|8259,7462|8270,3,2,http://www.reactome.org/biopax/96/56210#BiochemicalReaction1831,1,http://www.reactome.org/biopax/96/56210#Catalysis906
2347,1349|1475,1340|4016|6916,2,3,http://www.reactome.org/biopax/96/56210#BiochemicalReaction1907,1,http://www.reactome.org/biopax/96/56210#Catalysis945
2348,1865|8019|8468,7857,3,1,http://www.reactome.org/biopax/96/56210#BiochemicalReaction2824,1,http://www.reactome.org/biopax/96/56210#Catalysis1674
2349,7727|7883|9453,7848|9431,3,2,http://www.reactome.org/biopax/96/56210#BiochemicalReaction2273,1,http://www.reactome.org/biopax/96/56210#Catalysis1150
2350,63|9544,64|9545,2,2,http://www.reactome.org/biopax/96/56210#BiochemicalReaction820,1,http://www.reactome.org/biopax/96/56210#Catalysis530
2351,1727|4922,1729,2,1,http://www.reactome.org/biopax/96/56210#BiochemicalReaction2426,1,http://www.reactome.org/biopax/96/56210#Catalysis1292
2352,675|8259,676|8270,2,2,http://www.reactome.org/biopax/96/56210#BiochemicalReaction1366,1,http://www.reactome.org/biopax/96/56210#Catalysis744
2353,3807|9308,3808|9082,2,2,http://www.reactome.org/biopax/96/56210#BiochemicalReaction4865,1,http://www.reactome.org/biopax/96/56210#Catalysis2843
2354,1877|7986|8807|9515,7977|8808|9308,4,3,http://www.reactome.org/biopax/96/56210#BiochemicalReaction3234,1,http://www.reactome.org/biopax/96/56210#Catalysis2053
2355,1797|8286|9308,8288|8476,3,2,http://www.reactome.org/biopax/96/56210#BiochemicalReaction2624,1,http://www.reactome.org/biopax/96/56210#Catalysis1487
2356,5122|8102,5119,2,1,http://www.reactome.org/biopax/96/56210#BiochemicalReaction2903,1,http://www.reactome.org/biopax/96/56210#Catalysis1745
2357,6773|8079|8156|8166,8155|8159|8168,4,3,http://www.reactome.org/biopax/96/56210#BiochemicalReaction2523,1,http://www.reactome.org/biopax/96/56210#Catalysis1386
2358,2358,2369|4691,1,2,http://www.reactome.org/biopax/96/56210#BiochemicalReaction252,1,http://www.reactome.org/biopax/96/56210#Catalysis144
2359,2051|8045|8661|9515,8974|9252,4,2,http://www.reactome.org/biopax/96/56210#BiochemicalReaction3081,1,http://www.reactome.org/biopax/96/56210#Catalysis1902
2360,4387|4434|9425,4425|9446|9515,3,3,http://www.reactome.org/biopax/96/56210#BiochemicalReaction47,1,http://www.reactome.org/biopax/96/56210#Catalysis45
2361,110|6370,6508|6509,2,2,http://www.reactome.org/biopax/96/56210#BiochemicalReaction862,1,http://www.reactome.org/biopax/96/56210#Catalysis548
2362,1741|8489|9308,8490,3,1,http://www.reactome.org/biopax/96/56210#BiochemicalReaction2833,1,http://www.reactome.org/biopax/96/56210#Catalysis1683
2363,75|8259,77|8270|8287,2,3,http://www.reactome.org/biopax/96/56210#BiochemicalReaction826,1,http://www.reactome.org/biopax/96/56210#Catalysis534
2364,2051|8045|8657|9515,8658|8974,4,2,http://www.reactome.org/biopax/96/56210#BiochemicalReaction3072,1,http://www.reactome.org/biopax/96/56210#Catalysis1893
2365,7731|7893,7863|7894,2,2,http://www.reactome.org/biopax/96/56210#BiochemicalReaction2290,1,http://www.reactome.org/biopax/96/56210#Catalysis1167
2366,1780|8205|9308,7960|8476,3,2,http://www.reactome.org/biopax/96/56210#BiochemicalReaction2569,1,http://www.reactome.org/biopax/96/56210#Catalysis1432
2367,549|8045,550|8395,2,2,http://www.reactome.org/biopax/96/56210#BiochemicalReaction1255,1,http://www.reactome.org/biopax/96/56210#Catalysis721
2368,2128|8146|8794,8448|8795|9515,3,3,http://www.reactome.org/biopax/96/56210#BiochemicalReaction3218,1,http://www.reactome.org/biopax/96/56210#Catalysis2037
2369,4191|8948|9308,8949|9492,3,2,http://www.reactome.org/biopax/96/56210#BiochemicalReaction3351,1,http://www.reactome.org/biopax/96/56210#Catalysis2169
2370,1338|7524|8303,1391|8313,3,2,http://www.reactome.org/biopax/96/56210#BiochemicalReaction1953,1,http://www.reactome.org/biopax/96/56210#Catalysis973
2371,2108|5116|8765|9002,5222|9562,4,2,http://www.reactome.org/biopax/96/56210#BiochemicalReaction3188,1,http://www.reactome.org/biopax/96/56210#Catalysis2007
2372,3776|6000|9308,4393|9060,3,2,http://www.reactome.org/biopax/96/56210#BiochemicalReaction4795,1,http://www.reactome.org/biopax/96/56210#Catalysis2783
2373,133|1276|8045,1277|1278|8395,3,3,http://www.reactome.org/biopax/96/56210#BiochemicalReaction1841,1,http://www.reactome.org/biopax/96/56210#Catalysis913
2374,110|6187,6513|6514,2,2,http://www.reactome.org/biopax/96/56210#BiochemicalReaction864,1,http://www.reactome.org/biopax/96/56210#Catalysis550
2375,703|7365,713,2,1,http://www.reactome.org/biopax/96/56210#BiochemicalReaction131,1,http://www.reactome.org/biopax/96/56210#Catalysis88
2376,1167|6752|8045,1168|8395,3,2,http://www.reactome.org/biopax/96/56210#BiochemicalReaction1741,1,http://www.reactome.org/biopax/96/56210#Catalysis874
2377,4942|8041|8042,8043|8044,3,2,http://www.reactome.org/biopax/96/56210#BiochemicalReaction2450,1,http://www.reactome.org/biopax/96/56210#Catalysis1315
2378,5516|5517|7845,2592,3,1,http://www.reactome.org/biopax/96/56210#BiochemicalReaction3717,1,http://www.reactome.org/biopax/96/56210#Control343
2379,5116|9002|9156|9181,5117|9562,4,2,http://www.reactome.org/biopax/96/56210#BiochemicalReaction2893,1,http://www.reactome.org/biopax/96/56210#Control266
2380,6916|7186|7191,7190,3,1,http://www.reactome.org/biopax/96/56210#BiochemicalReaction1471,1,http://www.reactome.org/biopax/96/56210#Catalysis792
2381,6460|7475|8259,7477|8270,3,2,http://www.reactome.org/biopax/96/56210#BiochemicalReaction1855,1,http://www.reactome.org/biopax/96/56210#Catalysis919
2382,7715|7866|9246,7867|9487,3,2,http://www.reactome.org/biopax/96/56210#BiochemicalReaction2248,1,http://www.reactome.org/biopax/96/56210#Catalysis1126
2383,5518|7408|7845,2595,3,1,http://www.reactome.org/biopax/96/56210#BiochemicalReaction3719,1,http://www.reactome.org/biopax/96/56210#Control345
2385,442|2553|8134,443|9138,3,2,http://www.reactome.org/biopax/96/56210#BiochemicalReaction3688,1,http://www.reactome.org/biopax/96/56210#Catalysis2311
2388,46|742|748,749,3,1,http://www.reactome.org/biopax/96/56210#BiochemicalReaction1424,1,http://www.reactome.org/biopax/96/56210#Control145
2389,6395|9308|9517,9202|9209,3,2,http://www.reactome.org/biopax/96/56210#BiochemicalReaction670,1,http://www.reactome.org/biopax/96/56210#Catalysis458
2390,4354|6749|6793,5799,3,1,http://www.reactome.org/biopax/96/56210#BiochemicalReaction4418,1,http://www.reactome.org/biopax/96/56210#Catalysis2605
2391,4053|8045|9212|9308,8395|8476|9213,4,3,http://www.reactome.org/biopax/96/56210#BiochemicalReaction424,1,http://www.reactome.org/biopax/96/56210#Catalysis238
2392,5789|6749|6793,5800,3,1,http://www.reactome.org/biopax/96/56210#BiochemicalReaction4419,1,http://www.reactome.org/biopax/96/56210#Catalysis2606
2393,7788|8045|8527|9308|9313,8395|8476|8657|8974,5,4,http://www.reactome.org/biopax/96/56210#BiochemicalReaction3075,1,http://www.reactome.org/biopax/96/56210#Control307
2394,4085|9580,9572|9573,2,2,http://www.reactome.org/biopax/96/56210#BiochemicalReaction1065,1,http://www.reactome.org/biopax/96/56210#Catalysis642
2396,2375|8045,2376|8395,2,2,http://www.reactome.org/biopax/96/56210#BiochemicalReaction3519,1,http://www.reactome.org/biopax/96/56210#Catalysis2255
2397,1915|8518,1916|9469,2,2,http://www.reactome.org/biopax/96/56210#BiochemicalReaction2901,1,http://www.reactome.org/biopax/96/56210#Catalysis1743
2398,2345|8045,2346|8395,2,2,http://www.reactome.org/biopax/96/56210#BiochemicalReaction3485,1,http://www.reactome.org/biopax/96/56210#Catalysis2238
2399,5057|8379|9308,8380|8476|9515,3,3,http://www.reactome.org/biopax/96/56210#BiochemicalReaction2734,1,http://www.reactome.org/biopax/96/56210#Catalysis1590
2400,279|6727,281,2,1,http://www.reactome.org/biopax/96/56210#BiochemicalReaction1002,1,http://www.reactome.org/biopax/96/56210#Control109
2401,442|2716|8134,443|9138,3,2,http://www.reactome.org/biopax/96/56210#BiochemicalReaction3823,1,http://www.reactome.org/biopax/96/56210#Catalysis2374
2402,1710|7896|7942,7941|7943,3,2,http://www.reactome.org/biopax/96/56210#BiochemicalReaction2362,1,http://www.reactome.org/biopax/96/56210#Catalysis1229
2405,2530|2631|2643|5359|5399|5409|5414|5486,2650,8,1,http://www.reactome.org/biopax/96/56210#BiochemicalReaction278,1,http://www.reactome.org/biopax/96/56210#Control34
2406,1685|7886,7888,2,1,http://www.reactome.org/biopax/96/56210#BiochemicalReaction2280,1,http://www.reactome.org/biopax/96/56210#Catalysis1157
2407,6327|8542|9407,9170|9409,3,2,http://www.reactome.org/biopax/96/56210#BiochemicalReaction553,1,http://www.reactome.org/biopax/96/56210#Catalysis362
2408,53|5082|7038,5080|6473,3,2,http://www.reactome.org/biopax/96/56210#BiochemicalReaction2807,1,http://www.reactome.org/biopax/96/56210#Catalysis1658
2409,133|2682|8045,2686|8395,3,2,http://www.reactome.org/biopax/96/56210#BiochemicalReaction3811,1,http://www.reactome.org/biopax/96/56210#Catalysis2368
2410,686|7355|8259,693|8270,3,2,http://www.reactome.org/biopax/96/56210#BiochemicalReaction130,1,http://www.reactome.org/biopax/96/56210#Catalysis87
2411,1715|8045|9568,7961|8395|9515,3,3,http://www.reactome.org/biopax/96/56210#BiochemicalReaction2373,1,http://www.reactome.org/biopax/96/56210#Catalysis1240
2412,1991|7178|8564,7182|8565|9308,3,3,http://www.reactome.org/biopax/96/56210#BiochemicalReaction2981,1,http://www.reactome.org/biopax/96/56210#Catalysis1803
2413,2241|8259,2242|8270,2,2,http://www.reactome.org/biopax/96/56210#BiochemicalReaction3380,1,http://www.reactome.org/biopax/96/56210#Catalysis2186
2414,5181|5182|9148,4928|9441,3,2,http://www.reactome.org/biopax/96/56210#BiochemicalReaction3049,1,http://www.reactome.org/biopax/96/56210#Catalysis1871
2415,1732|8045|9148|9324,7858|8395|8476|9146,4,4,http://www.reactome.org/biopax/96/56210#BiochemicalReaction2429,1,http://www.reactome.org/biopax/96/56210#Catalysis1295
2416,4452|9144,9142,2,1,http://www.reactome.org/biopax/96/56210#BiochemicalReaction610,1,http://www.reactome.org/biopax/96/56210#Catalysis414
2417,4808|8333|9308,8366|8476,3,2,http://www.reactome.org/biopax/96/56210#BiochemicalReaction2716,1,http://www.reactome.org/biopax/96/56210#Catalysis1574
2418,3856|4486,3857,2,1,http://www.reactome.org/biopax/96/56210#BiochemicalReaction4891,1,http://www.reactome.org/biopax/96/56210#Catalysis2864
2419,4429|9194|9227,9193|9496,3,2,http://www.reactome.org/biopax/96/56210#BiochemicalReaction446,1,http://www.reactome.org/biopax/96/56210#Catalysis258
2420,3770|7756|9038,9039|9545,3,2,http://www.reactome.org/biopax/96/56210#BiochemicalReaction4777,1,http://www.reactome.org/biopax/96/56210#Catalysis2767
2421,2547|8045,2549|8395,2,2,http://www.reactome.org/biopax/96/56210#BiochemicalReaction3680,1,http://www.reactome.org/biopax/96/56210#Catalysis2308
2422,1783|8229|9269,8208|8230,3,2,http://www.reactome.org/biopax/96/56210#BiochemicalReaction2574,1,http://www.reactome.org/biopax/96/56210#Catalysis1437
2423,949|8303,951|8313,2,2,http://www.reactome.org/biopax/96/56210#BiochemicalReaction1576,1,http://www.reactome.org/biopax/96/56210#Catalysis816
2424,8045|9399,9400,2,1,http://www.reactome.org/biopax/96/56210#BiochemicalReaction542,-1,http://www.reactome.org/biopax/96/56210#Control48
2425,4862|8542|9414,9170|9415,3,2,http://www.reactome.org/biopax/96/56210#BiochemicalReaction555,1,http://www.reactome.org/biopax/96/56210#Catalysis364
2426,602|5409|7024,601,3,1,http://www.reactome.org/biopax/96/56210#BiochemicalReaction1299,-1,http://www.reactome.org/biopax/96/56210#Control135
2427,1450|7530|8259,1452|8270,3,2,http://www.reactome.org/biopax/96/56210#BiochemicalReaction2017,1,http://www.reactome.org/biopax/96/56210#Catalysis1015
2428,1879|8045|9227,1880|1881,3,2,http://www.reactome.org/biopax/96/56210#BiochemicalReaction2846,-1,http://www.reactome.org/biopax/96/56210#Control241
2429,46|722|8259,4017|8270,3,2,http://www.reactome.org/biopax/96/56210#BiochemicalReaction1910,1,http://www.reactome.org/biopax/96/56210#Catalysis948
2430,1903|7857|9181,1904|9002|9183,3,3,http://www.reactome.org/biopax/96/56210#BiochemicalReaction2880,1,http://www.reactome.org/biopax/96/56210#Control260
2431,2199|8045|8927|9553,8395|8476|9516,4,3,http://www.reactome.org/biopax/96/56210#BiochemicalReaction3340,1,http://www.reactome.org/biopax/96/56210#Catalysis2158
2432,6356|7986|8390|9515,7977|8392,4,2,http://www.reactome.org/biopax/96/56210#BiochemicalReaction2747,1,http://www.reactome.org/biopax/96/56210#Catalysis1601
2433,805|808|8259,806|8270,3,2,http://www.reactome.org/biopax/96/56210#BiochemicalReaction1462,1,http://www.reactome.org/biopax/96/56210#Catalysis789
2434,2184|6947,2183,2,1,http://www.reactome.org/biopax/96/56210#BiochemicalReaction3328,1,http://www.reactome.org/biopax/96/56210#Catalysis2146
2435,6644|6955|7845,1599,3,1,http://www.reactome.org/biopax/96/56210#BiochemicalReaction2187,1,http://www.reactome.org/biopax/96/56210#Control196
2436,6285|8542|9264,9170|9265,3,2,http://www.reactome.org/biopax/96/56210#BiochemicalReaction477,-1,http://www.reactome.org/biopax/96/56210#Control46
2437,1709|7896|7940,7941|7942,3,2,http://www.reactome.org/biopax/96/56210#BiochemicalReaction2361,1,http://www.reactome.org/biopax/96/56210#Catalysis1228
2438,5006|8296,1811,2,1,http://www.reactome.org/biopax/96/56210#BiochemicalReaction2658,1,http://www.reactome.org/biopax/96/56210#Catalysis1520
2439,6733|8401,8402,2,1,http://www.reactome.org/biopax/96/56210#BiochemicalReaction2753,1,http://www.reactome.org/biopax/96/56210#Catalysis1607
2440,279|6724,281,2,1,http://www.reactome.org/biopax/96/56210#BiochemicalReaction1002,1,http://www.reactome.org/biopax/96/56210#Control105
2441,5141|5142|8516,4870,3,1,http://www.reactome.org/biopax/96/56210#BiochemicalReaction2915,1,http://www.reactome.org/biopax/96/56210#Catalysis1748
2442,3130|5693|8045,5692|8395,3,2,http://www.reactome.org/biopax/96/56210#BiochemicalReaction4210,1,http://www.reactome.org/biopax/96/56210#Catalysis2525
2443,3785|9149|9158,9189|9515,3,2,http://www.reactome.org/biopax/96/56210#BiochemicalReaction12,1,http://www.reactome.org/biopax/96/56210#Catalysis12
2444,1909|5110|9025|9159,5113|8505|8506,4,3,http://www.reactome.org/biopax/96/56210#BiochemicalReaction2882,1,http://www.reactome.org/biopax/96/56210#Catalysis1725
2445,1720|8001|9308,8002|8476,3,2,http://www.reactome.org/biopax/96/56210#BiochemicalReaction2412,1,http://www.reactome.org/biopax/96/56210#Catalysis1279
2446,612|4567|9175,4567,3,1,http://www.reactome.org/biopax/96/56210#BiochemicalReaction1308,1,http://www.reactome.org/biopax/96/56210#Control136
2447,3253|5756|7832,5758|9148,3,2,http://www.reactome.org/biopax/96/56210#BiochemicalReaction4331,1,http://www.reactome.org/biopax/96/56210#Catalysis2568
2448,3386|8045,5825|7485|8395,2,3,http://www.reactome.org/biopax/96/56210#BiochemicalReaction4487,1,http://www.reactome.org/biopax/96/56210#Catalysis2636
2450,3051|8045,3052|8395,2,2,http://www.reactome.org/biopax/96/56210#BiochemicalReaction4134,1,http://www.reactome.org/biopax/96/56210#Catalysis2491
2451,2993|9125|9308,8938|9515,3,2,http://www.reactome.org/biopax/96/56210#BiochemicalReaction4069,1,http://www.reactome.org/biopax/96/56210#Catalysis2464
2452,3783|6042|6475,6043|6473,3,2,http://www.reactome.org/biopax/96/56210#BiochemicalReaction4833,1,http://www.reactome.org/biopax/96/56210#Catalysis2816
2455,2114|8773|8962,8152|9362,3,2,http://www.reactome.org/biopax/96/56210#BiochemicalReaction3198,1,http://www.reactome.org/biopax/96/56210#Catalysis2017
2456,6324|9399,9400,2,1,http://www.reactome.org/biopax/96/56210#BiochemicalReaction542,1,http://www.reactome.org/biopax/96/56210#Control47
2457,2249|2250,5281,2,1,http://www.reactome.org/biopax/96/56210#BiochemicalReaction3397,1,http://www.reactome.org/biopax/96/56210#Catalysis2201
2458,1690|9069|9436,4400,3,1,http://www.reactome.org/biopax/96/56210#BiochemicalReaction4809,1,http://www.reactome.org/biopax/96/56210#Catalysis2797
2459,2530|2600|5359|5399|5409|5414|5434,2609,7,1,http://www.reactome.org/biopax/96/56210#BiochemicalReaction274,1,http://www.reactome.org/biopax/96/56210#Control31
2460,110|6510,6511|6512,2,2,http://www.reactome.org/biopax/96/56210#BiochemicalReaction863,1,http://www.reactome.org/biopax/96/56210#Catalysis549
2461,1199|8045,1201|8395,2,2,http://www.reactome.org/biopax/96/56210#BiochemicalReaction1768,1,http://www.reactome.org/biopax/96/56210#Catalysis882
2462,1918|5117|8019,5118|8472,3,2,http://www.reactome.org/biopax/96/56210#BiochemicalReaction2894,1,http://www.reactome.org/biopax/96/56210#Catalysis1736
2463,4985|8139|8273,8019|8272,3,2,http://www.reactome.org/biopax/96/56210#BiochemicalReaction2610,1,http://www.reactome.org/biopax/96/56210#Catalysis1473
2464,6300|9320|9321,9322|9515,3,2,http://www.reactome.org/biopax/96/56210#BiochemicalReaction496,1,http://www.reactome.org/biopax/96/56210#Catalysis307
2466,1296|7482|8259,6465|8270,3,2,http://www.reactome.org/biopax/96/56210#BiochemicalReaction1862,1,http://www.reactome.org/biopax/96/56210#Catalysis926
2467,974|8259,7243|7244|8270,2,3,http://www.reactome.org/biopax/96/56210#BiochemicalReaction1604,1,http://www.reactome.org/biopax/96/56210#Catalysis823
2468,503|7762|9308,7763|7764,3,2,http://www.reactome.org/biopax/96/56210#BiochemicalReaction29,1,http://www.reactome.org/biopax/96/56210#Catalysis29
2469,191|6665,192,2,1,http://www.reactome.org/biopax/96/56210#BiochemicalReaction941,1,http://www.reactome.org/biopax/96/56210#Catalysis591
2470,5073|8542|9273,9170|9275,3,2,http://www.reactome.org/biopax/96/56210#BiochemicalReaction2786,1,http://www.reactome.org/biopax/96/56210#Catalysis1638
2471,46|1386|8259,1299|8270,3,2,http://www.reactome.org/biopax/96/56210#BiochemicalReaction1945,1,http://www.reactome.org/biopax/96/56210#Catalysis969
2472,1351|8259,4017|7504|8270,2,3,http://www.reactome.org/biopax/96/56210#BiochemicalReaction1912,1,http://www.reactome.org/biopax/96/56210#Catalysis949
2473,4035|9181,4035|9183|9184,2,3,http://www.reactome.org/biopax/96/56210#BiochemicalReaction409,1,http://www.reactome.org/biopax/96/56210#Catalysis226
2474,6314|8542|9170|9341|9373,8542|9170|9349|9374,5,4,http://www.reactome.org/biopax/96/56210#BiochemicalReaction523,1,http://www.reactome.org/biopax/96/56210#Catalysis334
2475,9025|9182|9190,9184,3,1,http://www.reactome.org/biopax/96/56210#BiochemicalReaction3361,1,http://www.reactome.org/biopax/96/56210#Control333
2476,1282|7786|8259,7787|9545,3,2,http://www.reactome.org/biopax/96/56210#BiochemicalReaction1845,1,http://www.reactome.org/biopax/96/56210#Catalysis916
2477,7875|8045|9139,7876|8395|9515,3,3,http://www.reactome.org/biopax/96/56210#BiochemicalReaction2267,1,http://www.reactome.org/biopax/96/56210#Control218
2478,519|571|8202,504|8224,3,2,http://www.reactome.org/biopax/96/56210#BiochemicalReaction121,1,http://www.reactome.org/biopax/96/56210#Catalysis82
2480,7540|7541|8259,7542|8270,3,2,http://www.reactome.org/biopax/96/56210#BiochemicalReaction1975,1,http://www.reactome.org/biopax/96/56210#Catalysis990
2481,1478|7807|9269,7808|9249,3,2,http://www.reactome.org/biopax/96/56210#BiochemicalReaction2057,1,http://www.reactome.org/biopax/96/56210#Catalysis1041
2482,2021|8045|8637,8395|9123|9515,3,3,http://www.reactome.org/biopax/96/56210#BiochemicalReaction3041,1,http://www.reactome.org/biopax/96/56210#Catalysis1863
2483,2378|5398,5366|8287,2,2,http://www.reactome.org/biopax/96/56210#BiochemicalReaction3527,1,http://www.reactome.org/biopax/96/56210#Catalysis2258
2484,5087|7986|8203|9515,7977|8466,4,2,http://www.reactome.org/biopax/96/56210#BiochemicalReaction2815,1,http://www.reactome.org/biopax/96/56210#Catalysis1665
2485,720|723|8281,721|7747,3,2,http://www.reactome.org/biopax/96/56210#BiochemicalReaction1402,1,http://www.reactome.org/biopax/96/56210#Catalysis766
2486,1898|7858|9515,8162|9228,3,2,http://www.reactome.org/biopax/96/56210#BiochemicalReaction2868,1,http://www.reactome.org/biopax/96/56210#Catalysis1712
2487,1184|7404|7405|8134,1185|8476|9138,4,3,http://www.reactome.org/biopax/96/56210#BiochemicalReaction1757,1,http://www.reactome.org/biopax/96/56210#Catalysis877
2488,1837|8356|9246,8323|8357|9515,3,3,http://www.reactome.org/biopax/96/56210#BiochemicalReaction2709,1,http://www.reactome.org/biopax/96/56210#Catalysis1567
2489,1711|9308|9566,9168|9515|9568,3,3,http://www.reactome.org/biopax/96/56210#BiochemicalReaction2370,1,http://www.reactome.org/biopax/96/56210#Catalysis1237
2490,2653|5560|9147|9150,2664|9515,4,2,http://www.reactome.org/biopax/96/56210#BiochemicalReaction282,1,http://www.reactome.org/biopax/96/56210#Catalysis165
2492,6315|8542|8857|9170|9336,8542|9170|9344|9353,5,4,http://www.reactome.org/biopax/96/56210#BiochemicalReaction525,1,http://www.reactome.org/biopax/96/56210#Catalysis336
2493,5171|5179|8045,5172|8395,3,2,http://www.reactome.org/biopax/96/56210#BiochemicalReaction245,1,http://www.reactome.org/biopax/96/56210#Control24
2494,1712|9308|9566,9168|9515|9568,3,3,http://www.reactome.org/biopax/96/56210#BiochemicalReaction2371,1,http://www.reactome.org/biopax/96/56210#Catalysis1238
2495,2237|2995|5629,2994,3,1,http://www.reactome.org/biopax/96/56210#BiochemicalReaction4070,-1,http://www.reactome.org/biopax/96/56210#Control379
2496,2078|8713|9271,8514|9002|9268,3,3,http://www.reactome.org/biopax/96/56210#BiochemicalReaction3132,1,http://www.reactome.org/biopax/96/56210#Catalysis1951
2497,4095|9515,9465,2,1,http://www.reactome.org/biopax/96/56210#BiochemicalReaction3864,1,http://www.reactome.org/biopax/96/56210#Catalysis2392
2498,6405|9525,9526,2,1,http://www.reactome.org/biopax/96/56210#BiochemicalReaction681,1,http://www.reactome.org/biopax/96/56210#Catalysis463
2499,1650|8938,1653,2,1,http://www.reactome.org/biopax/96/56210#BiochemicalReaction2229,1,http://www.reactome.org/biopax/96/56210#Catalysis1108
2500,1212|5808|8134,1153|9138,3,2,http://www.reactome.org/biopax/96/56210#BiochemicalReaction4427,1,http://www.reactome.org/biopax/96/56210#Catalysis2613
2501,3343|8134,3344|9138,2,2,http://www.reactome.org/biopax/96/56210#BiochemicalReaction4452,1,http://www.reactome.org/biopax/96/56210#Catalysis2625
2502,2102|8751|9002|9161,8750|9159,4,2,http://www.reactome.org/biopax/96/56210#BiochemicalReaction3173,1,http://www.reactome.org/biopax/96/56210#Catalysis1992
2503,5255|9211,8958,2,1,http://www.reactome.org/biopax/96/56210#BiochemicalReaction3295,1,http://www.reactome.org/biopax/96/56210#Catalysis2114
2504,952|8303,953|8313,2,2,http://www.reactome.org/biopax/96/56210#BiochemicalReaction1577,1,http://www.reactome.org/biopax/96/56210#Catalysis817
2506,2861|8045|9566,8395|9122,3,2,http://www.reactome.org/biopax/96/56210#BiochemicalReaction3949,1,http://www.reactome.org/biopax/96/56210#Catalysis2435
2507,1734|7986|8016|9146|9515,7977|8162|9148|9308|9461,5,5,http://www.reactome.org/biopax/96/56210#BiochemicalReaction2434,1,http://www.reactome.org/biopax/96/56210#Catalysis1299
2508,3380|8202|8213,3381|5826|8224|8232|8957,3,5,http://www.reactome.org/biopax/96/56210#BiochemicalReaction4482,1,http://www.reactome.org/biopax/96/56210#Catalysis2633
2509,2005|8595|9269,8597|9249,3,2,http://www.reactome.org/biopax/96/56210#BiochemicalReaction3004,1,http://www.reactome.org/biopax/96/56210#Catalysis1826
2511,1722|8008,8007,2,1,http://www.reactome.org/biopax/96/56210#BiochemicalReaction2418,1,http://www.reactome.org/biopax/96/56210#Catalysis1285
2512,2104|9345|9515,8162|9255,3,2,http://www.reactome.org/biopax/96/56210#BiochemicalReaction3180,1,http://www.reactome.org/biopax/96/56210#Catalysis1999
2513,4403|6013|7777,4404|7776,3,2,http://www.reactome.org/biopax/96/56210#BiochemicalReaction4812,1,http://www.reactome.org/biopax/96/56210#Catalysis2800
2514,2841|6787|6793,2843,3,1,http://www.reactome.org/biopax/96/56210#BiochemicalReaction3928,1,http://www.reactome.org/biopax/96/56210#Catalysis2425
2515,1967|7858|8962,8152|9397,3,2,http://www.reactome.org/biopax/96/56210#BiochemicalReaction3144,1,http://www.reactome.org/biopax/96/56210#Catalysis1963
2516,2904|9308,5581|7072|8476,2,3,http://www.reactome.org/biopax/96/56210#BiochemicalReaction3985,1,http://www.reactome.org/biopax/96/56210#Catalysis2447
2517,1920|7847|8472|9184,8019|9117|9160,4,3,http://www.reactome.org/biopax/96/56210#BiochemicalReaction2897,1,http://www.reactome.org/biopax/96/56210#Catalysis1739
2518,279|6722,281,2,1,http://www.reactome.org/biopax/96/56210#BiochemicalReaction1002,1,http://www.reactome.org/biopax/96/56210#Control100
2519,5160|8045|8528|9553,8395|8476|8529|9515,4,4,http://www.reactome.org/biopax/96/56210#BiochemicalReaction2945,1,http://www.reactome.org/biopax/96/56210#Catalysis1769
2520,1999|8527|9417,8938|8974,3,2,http://www.reactome.org/biopax/96/56210#BiochemicalReaction2990,1,http://www.reactome.org/biopax/96/56210#Catalysis1812
2521,4796|8215,7840|7960,2,2,http://www.reactome.org/biopax/96/56210#BiochemicalReaction2563,1,http://www.reactome.org/biopax/96/56210#Catalysis1426
2522,5091|8045|9148|9202,8149|8938|8974,4,3,http://www.reactome.org/biopax/96/56210#BiochemicalReaction2839,1,http://www.reactome.org/biopax/96/56210#Catalysis1689
2523,1244|8045,1245|8395,2,2,http://www.reactome.org/biopax/96/56210#BiochemicalReaction1806,1,http://www.reactome.org/biopax/96/56210#Catalysis899
2524,8501|8502|8503,8503|8504|9002,3,3,http://www.reactome.org/biopax/96/56210#BiochemicalReaction2878,-1,http://www.reactome.org/biopax/96/56210#Control256
2525,5020|5023|8045,5022|8395|9515,3,3,http://www.reactome.org/biopax/96/56210#BiochemicalReaction2683,1,http://www.reactome.org/biopax/96/56210#Catalysis1544
2526,5259|7770|8062|8889|9256,8064|8890|9246,5,3,http://www.reactome.org/biopax/96/56210#BiochemicalReaction3305,1,http://www.reactome.org/biopax/96/56210#Catalysis2123
2527,3405,1212|5837|8476,1,3,http://www.reactome.org/biopax/96/56210#BiochemicalReaction4506,1,http://www.reactome.org/biopax/96/56210#Catalysis2642
2528,3429|8542,9170,2,1,http://www.reactome.org/biopax/96/56210#BiochemicalReaction323,1,http://www.reactome.org/biopax/96/56210#Catalysis194
2529,1477|7801|9269,7802|9399,3,2,http://www.reactome.org/biopax/96/56210#BiochemicalReaction2054,1,http://www.reactome.org/biopax/96/56210#Catalysis1038
2530,4063|8152|9317,9156|9315,3,2,http://www.reactome.org/biopax/96/56210#BiochemicalReaction500,1,http://www.reactome.org/biopax/96/56210#Catalysis311
2531,6369|9491,8162,2,1,http://www.reactome.org/biopax/96/56210#BiochemicalReaction632,1,http://www.reactome.org/biopax/96/56210#Catalysis432
2533,6318|9342,9351,2,1,http://www.reactome.org/biopax/96/56210#BiochemicalReaction3210,1,http://www.reactome.org/biopax/96/56210#Catalysis2029
2534,1683|4870|8999|9002,4871|9014|9025,4,3,http://www.reactome.org/biopax/96/56210#BiochemicalReaction202,-1,http://www.reactome.org/biopax/96/56210#Control21
2535,7644|8045|9168,7842|8395,3,2,http://www.reactome.org/biopax/96/56210#BiochemicalReaction2158,1,http://www.reactome.org/biopax/96/56210#Catalysis1080
2536,432|7148|8259,7153|8270,3,2,http://www.reactome.org/biopax/96/56210#BiochemicalReaction105,1,http://www.reactome.org/biopax/96/56210#Catalysis74
2537,6293|8542|9298,9170|9299,3,2,http://www.reactome.org/biopax/96/56210#BiochemicalReaction488,1,http://www.reactome.org/biopax/96/56210#Catalysis299
2538,1903|7855|9181,1904|9002|9183,3,3,http://www.reactome.org/biopax/96/56210#BiochemicalReaction2880,-1,http://www.reactome.org/biopax/96/56210#Control257
2539,2094|9228|9361,8770|9344,3,2,http://www.reactome.org/biopax/96/56210#BiochemicalReaction3193,1,http://www.reactome.org/biopax/96/56210#Catalysis2012
2540,5000|8292,1806,2,1,http://www.reactome.org/biopax/96/56210#BiochemicalReaction2644,1,http://www.reactome.org/biopax/96/56210#Catalysis1507
2541,1789,1790,1,1,http://www.reactome.org/biopax/96/56210#BiochemicalReaction2585,1,http://www.reactome.org/biopax/96/56210#Catalysis1448
2542,5166|8395|8563,8045|8562,3,2,http://www.reactome.org/biopax/96/56210#BiochemicalReaction2977,1,http://www.reactome.org/biopax/96/56210#Catalysis1799
2543,4905|9072|9449,7947|9073,3,2,http://www.reactome.org/biopax/96/56210#BiochemicalReaction4805,1,http://www.reactome.org/biopax/96/56210#Catalysis2793
2545,6549|8279|8988,8277|8278,3,2,http://www.reactome.org/biopax/96/56210#BiochemicalReaction2614,1,http://www.reactome.org/biopax/96/56210#Catalysis1477
2546,2443|5179,2463,2,1,http://www.reactome.org/biopax/96/56210#BiochemicalReaction260,1,http://www.reactome.org/biopax/96/56210#Control29
2547,2114|8152|9362,8773|8962,3,2,http://www.reactome.org/biopax/96/56210#BiochemicalReaction3197,1,http://www.reactome.org/biopax/96/56210#Catalysis2016
2548,110|6564,6565|6566,2,2,http://www.reactome.org/biopax/96/56210#BiochemicalReaction883,1,http://www.reactome.org/biopax/96/56210#Catalysis568
2549,6264|9240,7788,2,1,http://www.reactome.org/biopax/96/56210#BiochemicalReaction450,1,http://www.reactome.org/biopax/96/56210#Catalysis262
2550,4154|9518,9519,2,1,http://www.reactome.org/biopax/96/56210#BiochemicalReaction678,1,http://www.reactome.org/biopax/96/56210#Catalysis460
2551,4174|8045,4175|8395,2,2,http://www.reactome.org/biopax/96/56210#BiochemicalReaction691,1,http://www.reactome.org/biopax/96/56210#Catalysis469
2552,3277|3280|8045,3281|8395,3,2,http://www.reactome.org/biopax/96/56210#BiochemicalReaction4362,-1,http://www.reactome.org/biopax/96/56210#Control410
2553,5026|8045|8328,8329|8395|9515,3,3,http://www.reactome.org/biopax/96/56210#BiochemicalReaction2688,1,http://www.reactome.org/biopax/96/56210#Catalysis1549
2554,4289|8045,4290|8395,2,2,http://www.reactome.org/biopax/96/56210#BiochemicalReaction3942,1,http://www.reactome.org/biopax/96/56210#Catalysis2432
2555,133|622,623,2,1,http://www.reactome.org/biopax/96/56210#BiochemicalReaction1318,-1,http://www.reactome.org/biopax/96/56210#Control137
2556,560|4085,2454|6793,2,2,http://www.reactome.org/biopax/96/56210#BiochemicalReaction1263,1,http://www.reactome.org/biopax/96/56210#Catalysis725
2557,795|7167|8259,796|8270,3,2,http://www.reactome.org/biopax/96/56210#BiochemicalReaction1452,1,http://www.reactome.org/biopax/96/56210#Catalysis784
2558,6334|9444,9445,2,1,http://www.reactome.org/biopax/96/56210#BiochemicalReaction569,1,http://www.reactome.org/biopax/96/56210#Catalysis378
2560,358|6775|9308,460|8476,3,2,http://www.reactome.org/biopax/96/56210#BiochemicalReaction1164,1,http://www.reactome.org/biopax/96/56210#Catalysis692
2561,7620|7832|8458,8459|9148,3,2,http://www.reactome.org/biopax/96/56210#BiochemicalReaction2812,1,http://www.reactome.org/biopax/96/56210#Catalysis1662
2562,732|4000|8259,4014|6224|8270,3,3,http://www.reactome.org/biopax/96/56210#BiochemicalReaction392,1,http://www.reactome.org/biopax/96/56210#Catalysis218
2563,121|6507|8045,110|8395,3,2,http://www.reactome.org/biopax/96/56210#BiochemicalReaction857,-1,http://www.reactome.org/biopax/96/56210#Control73
2564,3964|6183|8209,6184,3,1,http://www.reactome.org/biopax/96/56210#BiochemicalReaction5011,1,http://www.reactome.org/biopax/96/56210#Catalysis2920
2565,2426|4834|8045,2430|8395,3,2,http://www.reactome.org/biopax/96/56210#BiochemicalReaction3573,1,http://www.reactome.org/biopax/96/56210#Catalysis2273
2566,6356|7986|8414|9515,7977|8416,4,2,http://www.reactome.org/biopax/96/56210#BiochemicalReaction2765,1,http://www.reactome.org/biopax/96/56210#Catalysis1619
2567,2119|8775,8776,2,1,http://www.reactome.org/biopax/96/56210#BiochemicalReaction3201,1,http://www.reactome.org/biopax/96/56210#Catalysis2020
2568,4283|7844|8542,7851|9170,3,2,http://www.reactome.org/biopax/96/56210#BiochemicalReaction33,1,http://www.reactome.org/biopax/96/56210#Catalysis33
2569,4074|9399,9400,2,1,http://www.reactome.org/biopax/96/56210#BiochemicalReaction542,1,http://www.reactome.org/biopax/96/56210#Catalysis353
2570,591|8598|9308,8476|8599,3,2,http://www.reactome.org/biopax/96/56210#BiochemicalReaction3005,1,http://www.reactome.org/biopax/96/56210#Catalysis1827
2571,6282|8542|9248,9170|9247,3,2,http://www.reactome.org/biopax/96/56210#BiochemicalReaction469,1,http://www.reactome.org/biopax/96/56210#Catalysis280
2572,281|6729,282,2,1,http://www.reactome.org/biopax/96/56210#BiochemicalReaction1003,1,http://www.reactome.org/biopax/96/56210#Control112
2573,5248|8845|9257,8790|9258|9515,3,3,http://www.reactome.org/biopax/96/56210#BiochemicalReaction3264,1,http://www.reactome.org/biopax/96/56210#Catalysis2083
2574,6504|7664|8045,5785|8395,3,2,http://www.reactome.org/biopax/96/56210#BiochemicalReaction4401,1,http://www.reactome.org/biopax/96/56210#Catalysis2595
2575,3657|9308,3658|8476,2,2,http://www.reactome.org/biopax/96/56210#BiochemicalReaction4679,1,http://www.reactome.org/biopax/96/56210#Catalysis2710
2576,1744|8186|9110,8187|9109,3,2,http://www.reactome.org/biopax/96/56210#BiochemicalReaction2536,1,http://www.reactome.org/biopax/96/56210#Catalysis1399
2577,279|6725,281,2,1,http://www.reactome.org/biopax/96/56210#BiochemicalReaction1002,1,http://www.reactome.org/biopax/96/56210#Control106
2578,2132,2141|8476,1,2,http://www.reactome.org/biopax/96/56210#BiochemicalReaction224,1,http://www.reactome.org/biopax/96/56210#Catalysis131
2579,1459|6793,1460,2,1,http://www.reactome.org/biopax/96/56210#BiochemicalReaction2026,1,http://www.reactome.org/biopax/96/56210#Catalysis1022
2580,4747|4867|9436,4748|7902|9219,3,3,http://www.reactome.org/biopax/96/56210#BiochemicalReaction2310,1,http://www.reactome.org/biopax/96/56210#Catalysis1185
2581,1218|1219|8134,1220|9174,3,2,http://www.reactome.org/biopax/96/56210#BiochemicalReaction1784,1,http://www.reactome.org/biopax/96/56210#Catalysis887
2582,1348|3925|7656,3929,3,1,http://www.reactome.org/biopax/96/56210#BiochemicalReaction4964,-1,http://www.reactome.org/biopax/96/56210#Control444
2584,5845|6702|8045,5846|8395,3,2,http://www.reactome.org/biopax/96/56210#BiochemicalReaction4527,1,http://www.reactome.org/biopax/96/56210#Catalysis2652
2585,3352|4365|9308,3351|8476,3,2,http://www.reactome.org/biopax/96/56210#BiochemicalReaction4458,1,http://www.reactome.org/biopax/96/56210#Catalysis2627
2586,2927|5908|5911|5912|8045|8476,2927|5908|5911|8395,6,4,http://www.reactome.org/biopax/96/56210#BiochemicalReaction307,1,http://www.reactome.org/biopax/96/56210#Catalysis185
2587,198|4492|8045,166|8395,3,2,http://www.reactome.org/biopax/96/56210#BiochemicalReaction101,1,http://www.reactome.org/biopax/96/56210#Catalysis71
2588,1818|5018|8146|8319|9515,1820|8321|9308,5,3,http://www.reactome.org/biopax/96/56210#BiochemicalReaction2681,1,http://www.reactome.org/biopax/96/56210#Catalysis1542
2589,2781|8045,2782|8395,2,2,http://www.reactome.org/biopax/96/56210#BiochemicalReaction3874,1,http://www.reactome.org/biopax/96/56210#Catalysis2397
2590,776|8303,777|8313,2,2,http://www.reactome.org/biopax/96/56210#BiochemicalReaction1439,1,http://www.reactome.org/biopax/96/56210#Catalysis779
2591,1912|8508|9516,8509,3,1,http://www.reactome.org/biopax/96/56210#BiochemicalReaction2888,1,http://www.reactome.org/biopax/96/56210#Catalysis1730
2592,4282|9544,3|9545,2,2,http://www.reactome.org/biopax/96/56210#BiochemicalReaction783,1,http://www.reactome.org/biopax/96/56210#Catalysis510
2593,1741|8493|9308,8494,3,1,http://www.reactome.org/biopax/96/56210#BiochemicalReaction2835,1,http://www.reactome.org/biopax/96/56210#Catalysis1685
2594,3175|7815|9252,7817|9457|9515,3,3,http://www.reactome.org/biopax/96/56210#BiochemicalReaction4262,1,http://www.reactome.org/biopax/96/56210#Catalysis2547
2595,3176|7817|9252|9308,8981|9457|9515,4,3,http://www.reactome.org/biopax/96/56210#BiochemicalReaction4266,1,http://www.reactome.org/biopax/96/56210#Catalysis2551
2596,1865|7857,8019|8468,2,2,http://www.reactome.org/biopax/96/56210#BiochemicalReaction2817,1,http://www.reactome.org/biopax/96/56210#Catalysis1667
2597,5219|8762|9117,7780|7847|9002,3,3,http://www.reactome.org/biopax/96/56210#BiochemicalReaction3185,1,http://www.reactome.org/biopax/96/56210#Catalysis2004
2598,2265|2268|8045,2267|8395,3,2,http://www.reactome.org/biopax/96/56210#BiochemicalReaction3414,1,http://www.reactome.org/biopax/96/56210#Catalysis2209
2599,4041|9117|9181|9191|9192,4042|6243|9190,5,3,http://www.reactome.org/biopax/96/56210#BiochemicalReaction413,1,http://www.reactome.org/biopax/96/56210#Catalysis228
2601,1356|4672|8281,703|8287,3,2,http://www.reactome.org/biopax/96/56210#BiochemicalReaction1918,1,http://www.reactome.org/biopax/96/56210#Catalysis952
2602,349|9308|9536,9546|9553,3,2,http://www.reactome.org/biopax/96/56210#BiochemicalReaction25,1,http://www.reactome.org/biopax/96/56210#Catalysis25
2603,5158|8102|8525,8103|9156,3,2,http://www.reactome.org/biopax/96/56210#BiochemicalReaction2939,1,http://www.reactome.org/biopax/96/56210#Catalysis1765
2604,6384|9488|9499,9489|9498,3,2,http://www.reactome.org/biopax/96/56210#BiochemicalReaction656,1,http://www.reactome.org/biopax/96/56210#Catalysis451
2605,4416|6156|9269,6157,3,1,http://www.reactome.org/biopax/96/56210#BiochemicalReaction4974,1,http://www.reactome.org/biopax/96/56210#Catalysis2897
2607,40|6916,42,2,1,http://www.reactome.org/biopax/96/56210#BiochemicalReaction811,1,http://www.reactome.org/biopax/96/56210#Catalysis526
2608,1692|7896|7904,7907|7908,3,2,http://www.reactome.org/biopax/96/56210#BiochemicalReaction2306,1,http://www.reactome.org/biopax/96/56210#Catalysis1181
2609,5979|8223|9026,8555|9006|9515,3,3,http://www.reactome.org/biopax/96/56210#BiochemicalReaction4762,1,http://www.reactome.org/biopax/96/56210#Catalysis2752
2610,4576|8045|9308|9458,8395|8476|9462,4,3,http://www.reactome.org/biopax/96/56210#BiochemicalReaction21,1,http://www.reactome.org/biopax/96/56210#Catalysis21
2611,1669|7868|9308,7741|9165,3,2,http://www.reactome.org/biopax/96/56210#BiochemicalReaction2252,1,http://www.reactome.org/biopax/96/56210#Catalysis1129
2612,5152|8836|8885|9025,8837|8975,4,2,http://www.reactome.org/biopax/96/56210#BiochemicalReaction3297,1,http://www.reactome.org/biopax/96/56210#Catalysis2116
2613,4744|7896|7931,7906|7933,3,2,http://www.reactome.org/biopax/96/56210#BiochemicalReaction2355,1,http://www.reactome.org/biopax/96/56210#Catalysis1222
2614,2095|8736|9156,7855|9135,3,2,http://www.reactome.org/biopax/96/56210#BiochemicalReaction3156,1,http://www.reactome.org/biopax/96/56210#Catalysis1975
2615,2812|6831|8045,4534|5559|8395,3,3,http://www.reactome.org/biopax/96/56210#BiochemicalReaction3901,1,http://www.reactome.org/biopax/96/56210#Catalysis2408
2616,1643|9453,1645|9433|9515,2,3,http://www.reactome.org/biopax/96/56210#BiochemicalReaction2225,1,http://www.reactome.org/biopax/96/56210#Catalysis1104
2617,4907|7957|9449,7947|7958,3,2,http://www.reactome.org/biopax/96/56210#BiochemicalReaction2369,1,http://www.reactome.org/biopax/96/56210#Catalysis1236
2618,2406|5413,5412|8476,2,2,http://www.reactome.org/biopax/96/56210#BiochemicalReaction3550,1,http://www.reactome.org/biopax/96/56210#Catalysis2264
2620,6733|8168,8169,2,1,http://www.reactome.org/biopax/96/56210#BiochemicalReaction2524,1,http://www.reactome.org/biopax/96/56210#Catalysis1387
2621,341|343,342|9121,2,2,http://www.reactome.org/biopax/96/56210#BiochemicalReaction1041,1,http://www.reactome.org/biopax/96/56210#Catalysis630
2622,4202|4465|8045,4466|8395,3,2,http://www.reactome.org/biopax/96/56210#BiochemicalReaction717,1,http://www.reactome.org/biopax/96/56210#Catalysis480
2623,5107|9228|9457|9515,9199|9252,4,2,http://www.reactome.org/biopax/96/56210#BiochemicalReaction2870,-1,http://www.reactome.org/biopax/96/56210#Control249
2624,3207|8542,9170,2,1,http://www.reactome.org/biopax/96/56210#BiochemicalReaction316,1,http://www.reactome.org/biopax/96/56210#Control36
2626,5460|5470|8303,5471|8313,3,2,http://www.reactome.org/biopax/96/56210#BiochemicalReaction3624,1,http://www.reactome.org/biopax/96/56210#Catalysis2299
2628,2827|9166,9121,2,1,http://www.reactome.org/biopax/96/56210#BiochemicalReaction301,1,http://www.reactome.org/biopax/96/56210#Catalysis181
2629,1666|7865,7863|7864,2,2,http://www.reactome.org/biopax/96/56210#BiochemicalReaction2256,1,http://www.reactome.org/biopax/96/56210#Catalysis1133
2630,5378|5380|8045,5381|8395,3,2,http://www.reactome.org/biopax/96/56210#BiochemicalReaction3502,1,http://www.reactome.org/biopax/96/56210#Catalysis2246
2631,4961|8195|9513,8206|9148,3,2,http://www.reactome.org/biopax/96/56210#BiochemicalReaction2553,1,http://www.reactome.org/biopax/96/56210#Catalysis1416
2632,5115|7855|9002|9161,8507|9159,4,2,http://www.reactome.org/biopax/96/56210#BiochemicalReaction2887,1,http://www.reactome.org/biopax/96/56210#Catalysis1729
2633,1751|8019|8120,7857|8121,3,2,http://www.reactome.org/biopax/96/56210#BiochemicalReaction2499,1,http://www.reactome.org/biopax/96/56210#Catalysis1364
2634,6354|9121|9256,9474|9515,3,2,http://www.reactome.org/biopax/96/56210#BiochemicalReaction602,1,http://www.reactome.org/biopax/96/56210#Catalysis406
2635,8542|9121,9170,2,1,http://www.reactome.org/biopax/96/56210#BiochemicalReaction613,-1,http://www.reactome.org/biopax/96/56210#Control54
2636,1954|4871|8513|8514|9002,4870|8513|8514|9014,5,4,http://www.reactome.org/biopax/96/56210#BiochemicalReaction2920,1,http://www.reactome.org/biopax/96/56210#Catalysis1752
2638,6323|9321|9398,9386|9515,3,2,http://www.reactome.org/biopax/96/56210#BiochemicalReaction541,1,http://www.reactome.org/biopax/96/56210#Catalysis352
2639,2135|8146|8800,8728|9515,3,2,http://www.reactome.org/biopax/96/56210#BiochemicalReaction3226,1,http://www.reactome.org/biopax/96/56210#Catalysis2045
2640,1043|1048|7777,1049|7776,3,2,http://www.reactome.org/biopax/96/56210#BiochemicalReaction1637,1,http://www.reactome.org/biopax/96/56210#Catalysis836
2642,1926|1932|5128|5129|8519,1933|1934|5125,5,3,http://www.reactome.org/biopax/96/56210#BiochemicalReaction2907,1,http://www.reactome.org/biopax/96/56210#Control275
2643,2032|8134,2052|9138,2,2,http://www.reactome.org/biopax/96/56210#BiochemicalReaction221,1,http://www.reactome.org/biopax/96/56210#Catalysis130
2644,4483|6242|8259,4484|9545|9550,3,3,http://www.reactome.org/biopax/96/56210#BiochemicalReaction840,1,http://www.reactome.org/biopax/96/56210#Catalysis540
2645,2157|8123|8847|9110,8848|8849|9109,4,3,http://www.reactome.org/biopax/96/56210#BiochemicalReaction3266,1,http://www.reactome.org/biopax/96/56210#Catalysis2085
2646,2790|8045|9566,8395|9122,3,2,http://www.reactome.org/biopax/96/56210#BiochemicalReaction3878,1,http://www.reactome.org/biopax/96/56210#Catalysis2400
2647,4799|8045|8260,8395|9566,3,2,http://www.reactome.org/biopax/96/56210#BiochemicalReaction2633,1,http://www.reactome.org/biopax/96/56210#Catalysis1496
2648,3118|8045,2237|3120|8395,2,3,http://www.reactome.org/biopax/96/56210#BiochemicalReaction4193,1,http://www.reactome.org/biopax/96/56210#Catalysis2511
2649,534|686|8259,535|8270,3,2,http://www.reactome.org/biopax/96/56210#BiochemicalReaction1242,1,http://www.reactome.org/biopax/96/56210#Catalysis715
2650,6688|6690|8259,6689|8270,3,2,http://www.reactome.org/biopax/96/56210#BiochemicalReaction986,1,http://www.reactome.org/biopax/96/56210#Catalysis602
2651,5059|9512,9210,2,1,http://www.reactome.org/biopax/96/56210#BiochemicalReaction2736,1,http://www.reactome.org/biopax/96/56210#Catalysis1592
2652,5888|8022|8997,8239|9148,3,2,http://www.reactome.org/biopax/96/56210#BiochemicalReaction4608,1,http://www.reactome.org/biopax/96/56210#Catalysis2678
2653,2154|8102|8841|8842|9002,8103|8816|8843,5,3,http://www.reactome.org/biopax/96/56210#BiochemicalReaction3258,1,http://www.reactome.org/biopax/96/56210#Catalysis2077
2654,1547|8134,8974|9302,2,2,http://www.reactome.org/biopax/96/56210#BiochemicalReaction2123,-1,http://www.reactome.org/biopax/96/56210#Control189
2655,2008|8614|9308,8476|8615,3,2,http://www.reactome.org/biopax/96/56210#BiochemicalReaction3021,1,http://www.reactome.org/biopax/96/56210#Catalysis1843
2656,1034|7266|8045,7267|8395,3,2,http://www.reactome.org/biopax/96/56210#BiochemicalReaction1628,1,http://www.reactome.org/biopax/96/56210#Control164
2657,6262|9149|9238,8191|9515,3,2,http://www.reactome.org/biopax/96/56210#BiochemicalReaction448,1,http://www.reactome.org/biopax/96/56210#Catalysis260
2658,2828|7442|8045,5567|8395,3,2,http://www.reactome.org/biopax/96/56210#BiochemicalReaction3918,1,http://www.reactome.org/biopax/96/56210#Catalysis2419
2660,483|9236|9591,484,3,1,http://www.reactome.org/biopax/96/56210#BiochemicalReaction1183,1,http://www.reactome.org/biopax/96/56210#Control130
2661,1846|8374|8376,8377|8974,3,2,http://www.reactome.org/biopax/96/56210#BiochemicalReaction2732,1,http://www.reactome.org/biopax/96/56210#Catalysis1589
2662,2107|7781|9025|9159,8763|9002|9161,4,3,http://www.reactome.org/biopax/96/56210#BiochemicalReaction3186,1,http://www.reactome.org/biopax/96/56210#Catalysis2005
2663,442|2723|8134,443|9138,3,2,http://www.reactome.org/biopax/96/56210#BiochemicalReaction3832,1,http://www.reactome.org/biopax/96/56210#Catalysis2378
2664,2793|8045,2794|8395,2,2,http://www.reactome.org/biopax/96/56210#BiochemicalReaction3882,1,http://www.reactome.org/biopax/96/56210#Catalysis2402
2665,6733|8422,8405,2,1,http://www.reactome.org/biopax/96/56210#BiochemicalReaction2771,1,http://www.reactome.org/biopax/96/56210#Catalysis1625
2666,3255|6873|8045,5761|8395,3,2,http://www.reactome.org/biopax/96/56210#BiochemicalReaction4337,1,http://www.reactome.org/biopax/96/56210#Catalysis2570
2667,2068|8118|8686|9025,8117|8678|9002|9562,4,4,http://www.reactome.org/biopax/96/56210#BiochemicalReaction3114,1,http://www.reactome.org/biopax/96/56210#Catalysis1934
2668,2682|8045,2685|8395,2,2,http://www.reactome.org/biopax/96/56210#BiochemicalReaction3794,1,http://www.reactome.org/biopax/96/56210#Catalysis2359
2669,1554|5638,1558,2,1,http://www.reactome.org/biopax/96/56210#BiochemicalReaction4086,1,http://www.reactome.org/biopax/96/56210#Control380
2670,110|6567,6568|6569,2,2,http://www.reactome.org/biopax/96/56210#BiochemicalReaction884,1,http://www.reactome.org/biopax/96/56210#Catalysis569
2671,4711|8542|9137|9139|9149,8962|9140|9170|9515,5,4,http://www.reactome.org/biopax/96/56210#BiochemicalReaction276,1,http://www.reactome.org/biopax/96/56210#Catalysis160
2672,2250|2256,5299|5305,2,2,http://www.reactome.org/biopax/96/56210#BiochemicalReaction3396,1,http://www.reactome.org/biopax/96/56210#Catalysis2200
2673,4796|7960|9308,8214|8215,3,2,http://www.reactome.org/biopax/96/56210#BiochemicalReaction2561,1,http://www.reactome.org/biopax/96/56210#Catalysis1424
2674,6356|7986|8050|9515,7977|9293,4,2,http://www.reactome.org/biopax/96/56210#BiochemicalReaction2452,1,http://www.reactome.org/biopax/96/56210#Catalysis1317
2675,1825|8045|8328,8329|8395|9515,3,3,http://www.reactome.org/biopax/96/56210#BiochemicalReaction2688,-1,http://www.reactome.org/biopax/96/56210#Control238
2676,4772|4895|9440,4774|9219|9438,3,3,http://www.reactome.org/biopax/96/56210#BiochemicalReaction2347,1,http://www.reactome.org/biopax/96/56210#Catalysis1217
2677,1569|7633|8134,1570|9138,3,2,http://www.reactome.org/biopax/96/56210#BiochemicalReaction2142,1,http://www.reactome.org/biopax/96/56210#Catalysis1074
2678,6286|8542|9266,9170|9267,3,2,http://www.reactome.org/biopax/96/56210#BiochemicalReaction2478,1,http://www.reactome.org/biopax/96/56210#Catalysis1343
2679,5088|8019|8467|9181,7846|7857|9190,4,3,http://www.reactome.org/biopax/96/56210#BiochemicalReaction2816,1,http://www.reactome.org/biopax/96/56210#Catalysis1666
2680,2133|8796,8798|8801|9515,2,3,http://www.reactome.org/biopax/96/56210#BiochemicalReaction3228,1,http://www.reactome.org/biopax/96/56210#Catalysis2047
2681,485|486|9269,485|4538|9592,3,3,http://www.reactome.org/biopax/96/56210#BiochemicalReaction1185,1,http://www.reactome.org/biopax/96/56210#Catalysis700
2682,4687|4688|9269,7798|7799,3,2,http://www.reactome.org/biopax/96/56210#BiochemicalReaction2052,1,http://www.reactome.org/biopax/96/56210#Catalysis1036
2683,4092|9463|9464,9238,3,1,http://www.reactome.org/biopax/96/56210#BiochemicalReaction585,1,http://www.reactome.org/biopax/96/56210#Catalysis393
2684,388|6793,389,2,1,http://www.reactome.org/biopax/96/56210#BiochemicalReaction1084,1,http://www.reactome.org/biopax/96/56210#Catalysis653
2685,1716|7961|9308,8476|9568,3,2,http://www.reactome.org/biopax/96/56210#BiochemicalReaction2374,1,http://www.reactome.org/biopax/96/56210#Catalysis1241
2686,1567|6879|8134,1568|9138,3,2,http://www.reactome.org/biopax/96/56210#BiochemicalReaction2141,1,http://www.reactome.org/biopax/96/56210#Catalysis1073
2688,5209|7857|8521,8019|8724|9002,3,3,http://www.reactome.org/biopax/96/56210#BiochemicalReaction3146,1,http://www.reactome.org/biopax/96/56210#Catalysis1965
2689,2805|8134,2806|9138,2,2,http://www.reactome.org/biopax/96/56210#BiochemicalReaction3896,1,http://www.reactome.org/biopax/96/56210#Catalysis2405
2690,2237|5761|6873,3117,3,1,http://www.reactome.org/biopax/96/56210#BiochemicalReaction4339,-1,http://www.reactome.org/biopax/96/56210#Control403
2691,1804|9014|9095,9097|9098,3,2,http://www.reactome.org/biopax/96/56210#BiochemicalReaction209,1,http://www.reactome.org/biopax/96/56210#Catalysis119
2692,216|345|6626|6667,156|217|218,4,3,http://www.reactome.org/biopax/96/56210#BiochemicalReaction954,1,http://www.reactome.org/biopax/96/56210#Control86
2693,866|8584|9418,8476|8585,3,2,http://www.reactome.org/biopax/96/56210#BiochemicalReaction2995,1,http://www.reactome.org/biopax/96/56210#Catalysis1817
2694,7772|8134|9397|9450,8476|8541|9138|9515,4,4,http://www.reactome.org/biopax/96/56210#BiochemicalReaction2957,-1,http://www.reactome.org/biopax/96/56210#Control293
2695,4110|9144,9142,2,1,http://www.reactome.org/biopax/96/56210#BiochemicalReaction611,1,http://www.reactome.org/biopax/96/56210#Catalysis415
2696,4795|8204|9513,8205|9148,3,2,http://www.reactome.org/biopax/96/56210#BiochemicalReaction2552,1,http://www.reactome.org/biopax/96/56210#Catalysis1415
2697,2140|8123|8817|9110,8818|8819|9109,4,3,http://www.reactome.org/biopax/96/56210#BiochemicalReaction3239,1,http://www.reactome.org/biopax/96/56210#Catalysis2058
2698,2300|8045,2301|8395,2,2,http://www.reactome.org/biopax/96/56210#BiochemicalReaction3441,1,http://www.reactome.org/biopax/96/56210#Catalysis2222
2700,4033|6241,4034,2,1,http://www.reactome.org/biopax/96/56210#BiochemicalReaction407,1,http://www.reactome.org/biopax/96/56210#Catalysis224
2701,4888|7896|7915,7916|7917,3,2,http://www.reactome.org/biopax/96/56210#BiochemicalReaction2332,1,http://www.reactome.org/biopax/96/56210#Catalysis1202
2702,1984|8545|9515,8546|9308,3,2,http://www.reactome.org/biopax/96/56210#BiochemicalReaction2961,1,http://www.reactome.org/biopax/96/56210#Catalysis1784
2703,4926|8045|8418|9148,8419|8938|8974|9308,4,4,http://www.reactome.org/biopax/96/56210#BiochemicalReaction2769,1,http://www.reactome.org/biopax/96/56210#Catalysis1623
2704,924,929|8476,1,2,http://www.reactome.org/biopax/96/56210#BiochemicalReaction143,1,http://www.reactome.org/biopax/96/56210#Catalysis96
2705,2177|8045|9013,8395|9093,3,2,http://www.reactome.org/biopax/96/56210#BiochemicalReaction8,1,http://www.reactome.org/biopax/96/56210#Catalysis8
2707,7741|7869|8045,7869|8395|9515,3,3,http://www.reactome.org/biopax/96/56210#BiochemicalReaction2253,1,http://www.reactome.org/biopax/96/56210#Control206
2708,5371|5372,5369|8476,2,2,http://www.reactome.org/biopax/96/56210#BiochemicalReaction3487,1,http://www.reactome.org/biopax/96/56210#Catalysis2239
2709,3398|8045|8112,8395|8994,3,2,http://www.reactome.org/biopax/96/56210#BiochemicalReaction4498,1,http://www.reactome.org/biopax/96/56210#Catalysis2638
2710,3783|3792|7037,3793|6473,3,2,http://www.reactome.org/biopax/96/56210#BiochemicalReaction4850,1,http://www.reactome.org/biopax/96/56210#Catalysis2834
2711,1402|6783|6793,7537,3,1,http://www.reactome.org/biopax/96/56210#BiochemicalReaction1970,1,http://www.reactome.org/biopax/96/56210#Catalysis985
2712,5173|7890,8635,2,1,http://www.reactome.org/biopax/96/56210#BiochemicalReaction3039,1,http://www.reactome.org/biopax/96/56210#Catalysis1861
2713,5217|8757|9270,8758|9272|9515,3,3,http://www.reactome.org/biopax/96/56210#BiochemicalReaction3181,1,http://www.reactome.org/biopax/96/56210#Catalysis2000
2714,3959|9025|9181,3958|9183|9184,3,3,http://www.reactome.org/biopax/96/56210#BiochemicalReaction5004,1,http://www.reactome.org/biopax/96/56210#Catalysis2916
2715,4968|9196|9308,8205|9145,3,2,http://www.reactome.org/biopax/96/56210#BiochemicalReaction2556,1,http://www.reactome.org/biopax/96/56210#Catalysis1419
2716,2619|8045,2621|8395,2,2,http://www.reactome.org/biopax/96/56210#BiochemicalReaction3738,1,http://www.reactome.org/biopax/96/56210#Catalysis2334
2718,681|7110|8259,683|8270,3,2,http://www.reactome.org/biopax/96/56210#BiochemicalReaction1374,1,http://www.reactome.org/biopax/96/56210#Catalysis750
2719,6365|9303,9300,2,1,http://www.reactome.org/biopax/96/56210#BiochemicalReaction622,1,http://www.reactome.org/biopax/96/56210#Catalysis425
2720,2049|5186|8045|8652,2050|8938|8974,4,3,http://www.reactome.org/biopax/96/56210#BiochemicalReaction3069,1,http://www.reactome.org/biopax/96/56210#Catalysis1890
2721,4936|8062|8066|8086,7773|8043|8087|9246,4,4,http://www.reactome.org/biopax/96/56210#BiochemicalReaction2476,1,http://www.reactome.org/biopax/96/56210#Catalysis1341
2722,2133|9308|9490,8798|9165|9228|9515,3,4,http://www.reactome.org/biopax/96/56210#BiochemicalReaction3224,1,http://www.reactome.org/biopax/96/56210#Catalysis2043
2723,2726|8045|9566,8395|9122,3,2,http://www.reactome.org/biopax/96/56210#BiochemicalReaction3834,1,http://www.reactome.org/biopax/96/56210#Catalysis2379
2724,1868|8470|9002|9161,8471|9159,4,2,http://www.reactome.org/biopax/96/56210#BiochemicalReaction2821,1,http://www.reactome.org/biopax/96/56210#Catalysis1671
2725,53|6038|6475,6039|6473,3,2,http://www.reactome.org/biopax/96/56210#BiochemicalReaction4830,1,http://www.reactome.org/biopax/96/56210#Catalysis2813
2726,5067|8433,1855,2,1,http://www.reactome.org/biopax/96/56210#BiochemicalReaction2780,1,http://www.reactome.org/biopax/96/56210#Catalysis1634
2727,1510|4692|6793,1511,3,1,http://www.reactome.org/biopax/96/56210#BiochemicalReaction2081,1,http://www.reactome.org/biopax/96/56210#Catalysis1046
2728,3409|3412|8045,3413|8395,3,2,http://www.reactome.org/biopax/96/56210#BiochemicalReaction4530,-1,http://www.reactome.org/biopax/96/56210#Control421
2729,1630|9453,1631|9446|9515,2,3,http://www.reactome.org/biopax/96/56210#BiochemicalReaction2213,1,http://www.reactome.org/biopax/96/56210#Catalysis1092
2730,4794|7840|8045,8195|8395,3,2,http://www.reactome.org/biopax/96/56210#BiochemicalReaction2541,1,http://www.reactome.org/biopax/96/56210#Catalysis1404
2731,1689|4727|7896,4728|7897,3,2,http://www.reactome.org/biopax/96/56210#BiochemicalReaction2291,1,http://www.reactome.org/biopax/96/56210#Catalysis1168
2732,1476|9269|9502,9149|9503|9510,3,3,http://www.reactome.org/biopax/96/56210#BiochemicalReaction2049,1,http://www.reactome.org/biopax/96/56210#Catalysis1033
2733,2677|8045,2678|8395,2,2,http://www.reactome.org/biopax/96/56210#BiochemicalReaction3787,1,http://www.reactome.org/biopax/96/56210#Catalysis2356
2734,351|391|4206|6793,306|4206,4,2,http://www.reactome.org/biopax/96/56210#BiochemicalReaction1087,-1,http://www.reactome.org/biopax/96/56210#Control121
2736,6280|8542|9249,8476|9170,3,2,http://www.reactome.org/biopax/96/56210#BiochemicalReaction467,1,http://www.reactome.org/biopax/96/56210#Catalysis278
2738,5078|7977|8449,7986|8450|9515,3,3,http://www.reactome.org/biopax/96/56210#BiochemicalReaction2804,1,http://www.reactome.org/biopax/96/56210#Catalysis1655
2739,2518|5498|8134,2519|9138,3,2,http://www.reactome.org/biopax/96/56210#BiochemicalReaction3661,1,http://www.reactome.org/biopax/96/56210#Catalysis2304
2740,4976|8268|9513,9148|9197,3,2,http://www.reactome.org/biopax/96/56210#BiochemicalReaction2607,1,http://www.reactome.org/biopax/96/56210#Catalysis1470
2741,4261,6443|6444|6445,1,3,http://www.reactome.org/biopax/96/56210#BiochemicalReaction769,1,http://www.reactome.org/biopax/96/56210#Catalysis503
2742,4823|8045|8552,8395|8554,3,2,http://www.reactome.org/biopax/96/56210#BiochemicalReaction2970,1,http://www.reactome.org/biopax/96/56210#Catalysis1792
2743,1454|6916,1464,2,1,http://www.reactome.org/biopax/96/56210#BiochemicalReaction190,1,http://www.reactome.org/biopax/96/56210#Catalysis107
2744,279|6719,281,2,1,http://www.reactome.org/biopax/96/56210#BiochemicalReaction1002,1,http://www.reactome.org/biopax/96/56210#Control96
2745,1395|7526|8045,1396|7528|8395,3,3,http://www.reactome.org/biopax/96/56210#BiochemicalReaction1959,1,http://www.reactome.org/biopax/96/56210#Catalysis978
2747,4204|4205,4467|4470|6423,2,3,http://www.reactome.org/biopax/96/56210#BiochemicalReaction720,1,http://www.reactome.org/biopax/96/56210#Catalysis482
2748,5019|5021|8045,5020|8395|9515,3,3,http://www.reactome.org/biopax/96/56210#BiochemicalReaction2682,1,http://www.reactome.org/biopax/96/56210#Catalysis1543
2749,2215|8162|9308,9193|9515,3,2,http://www.reactome.org/biopax/96/56210#BiochemicalReaction3357,1,http://www.reactome.org/biopax/96/56210#Catalysis2175
2750,20|6457|8281,21|8287,3,2,http://www.reactome.org/biopax/96/56210#BiochemicalReaction797,1,http://www.reactome.org/biopax/96/56210#Catalysis517
2751,1785|8223|8236,8237|8974,3,2,http://www.reactome.org/biopax/96/56210#BiochemicalReaction2579,1,http://www.reactome.org/biopax/96/56210#Catalysis1442
2752,3312|8045|9566,8395|9122,3,2,http://www.reactome.org/biopax/96/56210#BiochemicalReaction4400,1,http://www.reactome.org/biopax/96/56210#Catalysis2594
2753,6003|9069|9445,4395,3,1,http://www.reactome.org/biopax/96/56210#BiochemicalReaction4801,1,http://www.reactome.org/biopax/96/56210#Catalysis2789
2754,5997|9055|9056,9051|9057,3,2,http://www.reactome.org/biopax/96/56210#BiochemicalReaction4790,1,http://www.reactome.org/biopax/96/56210#Catalysis2780
2756,1889|7986|8146|9120|9515,7977|9308|9597|9598,5,4,http://www.reactome.org/biopax/96/56210#BiochemicalReaction2857,1,http://www.reactome.org/biopax/96/56210#Catalysis1702
2757,6340|8958,8944,2,1,http://www.reactome.org/biopax/96/56210#BiochemicalReaction587,1,http://www.reactome.org/biopax/96/56210#Catalysis394
2758,1969|8813|9156,8814|9135,3,2,http://www.reactome.org/biopax/96/56210#BiochemicalReaction3237,1,http://www.reactome.org/biopax/96/56210#Catalysis2056
2759,6278|9142|9247,9144|9248,3,2,http://www.reactome.org/biopax/96/56210#BiochemicalReaction465,1,http://www.reactome.org/biopax/96/56210#Catalysis276
2760,4700|9121|9167|9168,2969,4,1,http://www.reactome.org/biopax/96/56210#BiochemicalReaction2159,1,http://www.reactome.org/biopax/96/56210#Control195
2761,6792|8123,6840|6842,2,2,http://www.reactome.org/biopax/96/56210#BiochemicalReaction65,1,http://www.reactome.org/biopax/96/56210#Catalysis55
2762,2078|8711|9271,8712|9002|9268,3,3,http://www.reactome.org/biopax/96/56210#BiochemicalReaction3130,1,http://www.reactome.org/biopax/96/56210#Catalysis1949
2763,3720|3721,3722|3723|8476,2,3,http://www.reactome.org/biopax/96/56210#BiochemicalReaction4716,1,http://www.reactome.org/biopax/96/56210#Catalysis2718
2764,4104|8999|9002|9469,9470,4,1,http://www.reactome.org/biopax/96/56210#BiochemicalReaction598,1,http://www.reactome.org/biopax/96/56210#Catalysis402
2765,1685|7888,7886,2,1,http://www.reactome.org/biopax/96/56210#BiochemicalReaction2281,1,http://www.reactome.org/biopax/96/56210#Catalysis1158
2766,6884|9308|9566,9567|9568,3,2,http://www.reactome.org/biopax/96/56210#BiochemicalReaction1170,1,http://www.reactome.org/biopax/96/56210#Catalysis694
2767,889|8259,160|8270,2,2,http://www.reactome.org/biopax/96/56210#BiochemicalReaction1540,1,http://www.reactome.org/biopax/96/56210#Catalysis807
2768,463|8045|9566,8395|9122,3,2,http://www.reactome.org/biopax/96/56210#BiochemicalReaction2145,1,http://www.reactome.org/biopax/96/56210#Catalysis1076
2769,6359|8045|9308|9480,8395|8476|9481,4,3,http://www.reactome.org/biopax/96/56210#BiochemicalReaction608,1,http://www.reactome.org/biopax/96/56210#Catalysis412
2770,3820|9308,3821|4486,2,2,http://www.reactome.org/biopax/96/56210#BiochemicalReaction4871,1,http://www.reactome.org/biopax/96/56210#Catalysis2849
2771,4971|8256|9513,8254|9148,3,2,http://www.reactome.org/biopax/96/56210#BiochemicalReaction2596,1,http://www.reactome.org/biopax/96/56210#Catalysis1459
2772,2902|6793,2903|6784,2,2,http://www.reactome.org/biopax/96/56210#BiochemicalReaction3983,1,http://www.reactome.org/biopax/96/56210#Catalysis2446
2773,4158,4170,1,1,http://www.reactome.org/biopax/96/56210#BiochemicalReaction686,1,http://www.reactome.org/biopax/96/56210#Catalysis467
2774,4454|9144,9142,2,1,http://www.reactome.org/biopax/96/56210#BiochemicalReaction618,1,http://www.reactome.org/biopax/96/56210#Catalysis421
2775,6314|8542|9170|9354|9373,8542|9170|9357|9374,5,4,http://www.reactome.org/biopax/96/56210#BiochemicalReaction524,1,http://www.reactome.org/biopax/96/56210#Catalysis335
2776,1718|7991|9308,7989|8476,3,2,http://www.reactome.org/biopax/96/56210#BiochemicalReaction2399,1,http://www.reactome.org/biopax/96/56210#Catalysis1266
2777,345|9568,7963,2,1,http://www.reactome.org/biopax/96/56210#BiochemicalReaction2377,1,http://www.reactome.org/biopax/96/56210#Catalysis1244
2778,4901|7977|8940,7986|8941,3,2,http://www.reactome.org/biopax/96/56210#BiochemicalReaction3347,1,http://www.reactome.org/biopax/96/56210#Catalysis2165
2779,3148|6793,3149,2,1,http://www.reactome.org/biopax/96/56210#BiochemicalReaction4234,1,http://www.reactome.org/biopax/96/56210#Catalysis2533
2780,625|8322,631|8331,2,2,http://www.reactome.org/biopax/96/56210#BiochemicalReaction125,1,http://www.reactome.org/biopax/96/56210#Catalysis83
2781,1152|4321|8134,1153|9138,3,2,http://www.reactome.org/biopax/96/56210#BiochemicalReaction4099,1,http://www.reactome.org/biopax/96/56210#Catalysis2481
2782,2195|3693|9270,3694|9272,3,2,http://www.reactome.org/biopax/96/56210#BiochemicalReaction4703,1,http://www.reactome.org/biopax/96/56210#Catalysis2715
2783,3764|8374|9020,8974|9021,3,2,http://www.reactome.org/biopax/96/56210#BiochemicalReaction4758,1,http://www.reactome.org/biopax/96/56210#Catalysis2748
2784,3072|6916,3073,2,1,http://www.reactome.org/biopax/96/56210#BiochemicalReaction4155,1,http://www.reactome.org/biopax/96/56210#Catalysis2497
2785,1911|6793|7720,7721,3,1,http://www.reactome.org/biopax/96/56210#BiochemicalReaction2886,1,http://www.reactome.org/biopax/96/56210#Catalysis1728
2787,3030|3404|8134,321|9138,3,2,http://www.reactome.org/biopax/96/56210#BiochemicalReaction4504,1,http://www.reactome.org/biopax/96/56210#Catalysis2641
2788,5044|8359|9308,8360|9400,3,2,http://www.reactome.org/biopax/96/56210#BiochemicalReaction2711,1,http://www.reactome.org/biopax/96/56210#Catalysis1569
2790,1876|3714,3715|6810,2,2,http://www.reactome.org/biopax/96/56210#BiochemicalReaction4713,1,http://www.reactome.org/biopax/96/56210#Catalysis2717
2791,351|2443|8045,2454|6753|8395,3,3,http://www.reactome.org/biopax/96/56210#BiochemicalReaction1089,1,http://www.reactome.org/biopax/96/56210#Catalysis656
2792,4905|7946|9449,7947|7948,3,2,http://www.reactome.org/biopax/96/56210#BiochemicalReaction2365,1,http://www.reactome.org/biopax/96/56210#Catalysis1232
2793,1915|9323,8512,2,1,http://www.reactome.org/biopax/96/56210#BiochemicalReaction2891,1,http://www.reactome.org/biopax/96/56210#Catalysis1733
2794,646|4168|8045,647|8395,3,2,http://www.reactome.org/biopax/96/56210#BiochemicalReaction1342,1,http://www.reactome.org/biopax/96/56210#Catalysis737
2795,2117|8146|8773,8162|8774,3,2,http://www.reactome.org/biopax/96/56210#BiochemicalReaction3199,-1,http://www.reactome.org/biopax/96/56210#Control317
2796,1|9506|9516,9308|9527,3,2,http://www.reactome.org/biopax/96/56210#BiochemicalReaction23,1,http://www.reactome.org/biopax/96/56210#Catalysis23
2797,5065|8045|8420|9148,8421|8938|8974|9308,4,4,http://www.reactome.org/biopax/96/56210#BiochemicalReaction2768,1,http://www.reactome.org/biopax/96/56210#Catalysis1622
2798,8512|9159|9181,9156|9161|9562,3,3,http://www.reactome.org/biopax/96/56210#BiochemicalReaction2892,-1,http://www.reactome.org/biopax/96/56210#Control264
2799,2561|8045|9566,8395|9122,3,2,http://www.reactome.org/biopax/96/56210#BiochemicalReaction3693,1,http://www.reactome.org/biopax/96/56210#Catalysis2313
2800,1832|4744|7896,1833|7906,3,2,http://www.reactome.org/biopax/96/56210#BiochemicalReaction2704,1,http://www.reactome.org/biopax/96/56210#Catalysis1562
2801,4213|5952|8045,5953|8395,3,2,http://www.reactome.org/biopax/96/56210#BiochemicalReaction4727,1,http://www.reactome.org/biopax/96/56210#Catalysis2722
2802,4812|7986|8396|9515,7977|8345,4,2,http://www.reactome.org/biopax/96/56210#BiochemicalReaction2797,1,http://www.reactome.org/biopax/96/56210#Catalysis1649
2803,6773|8079|8156|8157,8155|8158|8159,4,3,http://www.reactome.org/biopax/96/56210#BiochemicalReaction2520,1,http://www.reactome.org/biopax/96/56210#Catalysis1383
2804,1972|9014,1970|9002|9181,2,3,http://www.reactome.org/biopax/96/56210#BiochemicalReaction2934,1,http://www.reactome.org/biopax/96/56210#Catalysis1762
2805,7719|8045|8887|9308,8395|8476|8888,4,3,http://www.reactome.org/biopax/96/56210#BiochemicalReaction3303,1,http://www.reactome.org/biopax/96/56210#Catalysis2121
2806,1639|7707,1642,2,1,http://www.reactome.org/biopax/96/56210#BiochemicalReaction2222,1,http://www.reactome.org/biopax/96/56210#Catalysis1101
2807,1557|8134,1559|9138,2,2,http://www.reactome.org/biopax/96/56210#BiochemicalReaction2138,1,http://www.reactome.org/biopax/96/56210#Catalysis1070
2808,6868|8045|9168,6869|8395,3,2,http://www.reactome.org/biopax/96/56210#BiochemicalReaction1148,1,http://www.reactome.org/biopax/96/56210#Control128
2810,7732|8045|9243|9515,7901|8974,4,2,http://www.reactome.org/biopax/96/56210#BiochemicalReaction2295,1,http://www.reactome.org/biopax/96/56210#Catalysis1172
2811,2397,2398|8476,1,2,http://www.reactome.org/biopax/96/56210#BiochemicalReaction3543,1,http://www.reactome.org/biopax/96/56210#Catalysis2260
2812,4319|9125|9308,8938,3,1,http://www.reactome.org/biopax/96/56210#BiochemicalReaction4053,1,http://www.reactome.org/biopax/96/56210#Catalysis2456
2813,4018|4085,6793,2,1,http://www.reactome.org/biopax/96/56210#BiochemicalReaction399,1,http://www.reactome.org/biopax/96/56210#Catalysis223
2815,1859|8440|9252,8441|9457|9515,3,3,http://www.reactome.org/biopax/96/56210#BiochemicalReaction2790,1,http://www.reactome.org/biopax/96/56210#Catalysis1642
2816,2567|5506|6793,2568,3,1,http://www.reactome.org/biopax/96/56210#BiochemicalReaction3698,1,http://www.reactome.org/biopax/96/56210#Catalysis2317
2817,54|7128,6050|6473,2,2,http://www.reactome.org/biopax/96/56210#BiochemicalReaction4838,1,http://www.reactome.org/biopax/96/56210#Catalysis2821
2818,5503|5504|7409,2544,3,1,http://www.reactome.org/biopax/96/56210#BiochemicalReaction3676,-1,http://www.reactome.org/biopax/96/56210#Control340
2819,5978|7986|9024|9515,7977|9026,4,2,http://www.reactome.org/biopax/96/56210#BiochemicalReaction4761,1,http://www.reactome.org/biopax/96/56210#Catalysis2751
2820,2845|9308,2846|8476,2,2,http://www.reactome.org/biopax/96/56210#BiochemicalReaction3930,1,http://www.reactome.org/biopax/96/56210#Catalysis2426
2821,4109|8542,9170,2,1,http://www.reactome.org/biopax/96/56210#BiochemicalReaction609,1,http://www.reactome.org/biopax/96/56210#Catalysis413
2822,3035|5647,5648,2,1,http://www.reactome.org/biopax/96/56210#BiochemicalReaction4115,-1,http://www.reactome.org/biopax/96/56210#Control382
2823,2066|7986|8683|9515,7977|8676,4,2,http://www.reactome.org/biopax/96/56210#BiochemicalReaction3107,1,http://www.reactome.org/biopax/96/56210#Catalysis1927
2824,6331|9146,9429,2,1,http://www.reactome.org/biopax/96/56210#BiochemicalReaction565,1,http://www.reactome.org/biopax/96/56210#Catalysis374
2825,7709|7852|7986|9515,7853|7977,4,2,http://www.reactome.org/biopax/96/56210#BiochemicalReaction2234,1,http://www.reactome.org/biopax/96/56210#Catalysis1112
2826,5116|9002|9156|9161,5117|9562,4,2,http://www.reactome.org/biopax/96/56210#BiochemicalReaction2893,1,http://www.reactome.org/biopax/96/56210#Control267
2827,3437|5862|8134,367|9138,3,2,http://www.reactome.org/biopax/96/56210#BiochemicalReaction4562,1,http://www.reactome.org/biopax/96/56210#Catalysis2665
2829,4913|7970|8259,7971|8270,3,2,http://www.reactome.org/biopax/96/56210#BiochemicalReaction2385,1,http://www.reactome.org/biopax/96/56210#Catalysis1252
2830,1678|7872|9252,7874|9457|9515,3,3,http://www.reactome.org/biopax/96/56210#BiochemicalReaction2266,1,http://www.reactome.org/biopax/96/56210#Catalysis1143
2831,8395|9146|9326|9515,8045|9228,4,2,http://www.reactome.org/biopax/96/56210#BiochemicalReaction2264,-1,http://www.reactome.org/biopax/96/56210#Control214
2833,6006|9069|9449,4396|7947,3,2,http://www.reactome.org/biopax/96/56210#BiochemicalReaction4804,1,http://www.reactome.org/biopax/96/56210#Catalysis2792
2834,6833|6835|8259,6836|8270,3,2,http://www.reactome.org/biopax/96/56210#BiochemicalReaction1101,1,http://www.reactome.org/biopax/96/56210#Catalysis664
2835,5151|8322|8965,7205|8331,3,2,http://www.reactome.org/biopax/96/56210#BiochemicalReaction1498,1,http://www.reactome.org/biopax/96/56210#Control153
2836,2083|7977|8716,7986|8152|8162|9515,3,4,http://www.reactome.org/biopax/96/56210#BiochemicalReaction3137,1,http://www.reactome.org/biopax/96/56210#Catalysis1956
2837,2988,2989|8476,1,2,http://www.reactome.org/biopax/96/56210#BiochemicalReaction4062,1,http://www.reactome.org/biopax/96/56210#Catalysis2460
2838,4914|7978|8045,7979|8395,3,2,http://www.reactome.org/biopax/96/56210#BiochemicalReaction2393,1,http://www.reactome.org/biopax/96/56210#Catalysis1260
2839,3613|4382|8134,3614|5913|9138,3,3,http://www.reactome.org/biopax/96/56210#BiochemicalReaction4657,1,http://www.reactome.org/biopax/96/56210#Catalysis2694
2840,5198|8677,8532,2,1,http://www.reactome.org/biopax/96/56210#BiochemicalReaction3100,1,http://www.reactome.org/biopax/96/56210#Catalysis1920
2841,279|6717,281,2,1,http://www.reactome.org/biopax/96/56210#BiochemicalReaction1002,1,http://www.reactome.org/biopax/96/56210#Control94
2842,1392|8045,7526|7527|8395,2,3,http://www.reactome.org/biopax/96/56210#BiochemicalReaction1956,1,http://www.reactome.org/biopax/96/56210#Catalysis976
2843,2163|8863|9149|9248|9605,8865|8866|9269,5,3,http://www.reactome.org/biopax/96/56210#BiochemicalReaction3277,1,http://www.reactome.org/biopax/96/56210#Catalysis2096
2844,1960|1961|1963,1962|5150,3,2,http://www.reactome.org/biopax/96/56210#BiochemicalReaction2924,1,http://www.reactome.org/biopax/96/56210#Catalysis1754
2845,5075|7986|8146|8345|9515,7977|8448|8449|9308,5,4,http://www.reactome.org/biopax/96/56210#BiochemicalReaction2799,1,http://www.reactome.org/biopax/96/56210#Catalysis1651
2846,2753|8045|9566,8395|9122,3,2,http://www.reactome.org/biopax/96/56210#BiochemicalReaction3855,1,http://www.reactome.org/biopax/96/56210#Catalysis2388
2847,3919,3920|6137,1,2,http://www.reactome.org/biopax/96/56210#BiochemicalReaction4958,1,http://www.reactome.org/biopax/96/56210#Catalysis2886
2848,2191|9252|9308|9453,9425|9457|9515,4,3,http://www.reactome.org/biopax/96/56210#BiochemicalReaction3330,1,http://www.reactome.org/biopax/96/56210#Catalysis2148
2849,4885|6809,1701,2,1,http://www.reactome.org/biopax/96/56210#BiochemicalReaction2328,1,http://www.reactome.org/biopax/96/56210#Catalysis1199
2850,1979|8541,8538|8938,2,2,http://www.reactome.org/biopax/96/56210#BiochemicalReaction2958,1,http://www.reactome.org/biopax/96/56210#Catalysis1781
2853,2|17,9,2,1,http://www.reactome.org/biopax/96/56210#BiochemicalReaction88,-1,http://www.reactome.org/biopax/96/56210#Control2
2854,4788|7770|8062|9256|9589,8063|8064|9246,5,3,http://www.reactome.org/biopax/96/56210#BiochemicalReaction2464,1,http://www.reactome.org/biopax/96/56210#Catalysis1329
2855,4889|7896|7924,7899|7925,3,2,http://www.reactome.org/biopax/96/56210#BiochemicalReaction2340,1,http://www.reactome.org/biopax/96/56210#Catalysis1210
2856,1741|8054|9308,8055,3,1,http://www.reactome.org/biopax/96/56210#BiochemicalReaction2458,1,http://www.reactome.org/biopax/96/56210#Catalysis1323
2857,3816|8281,3817|6916,2,2,http://www.reactome.org/biopax/96/56210#BiochemicalReaction4869,1,http://www.reactome.org/biopax/96/56210#Catalysis2847
2858,2710|2713|8045,2712|8395,3,2,http://www.reactome.org/biopax/96/56210#BiochemicalReaction3820,-1,http://www.reactome.org/biopax/96/56210#Control360
2859,1434|7556|8134,939|9138,3,2,http://www.reactome.org/biopax/96/56210#BiochemicalReaction1999,1,http://www.reactome.org/biopax/96/56210#Catalysis1009
2862,5518|5533|7845,2679,3,1,http://www.reactome.org/biopax/96/56210#BiochemicalReaction3790,1,http://www.reactome.org/biopax/96/56210#Control355
2863,3630|9139,9140,2,1,http://www.reactome.org/biopax/96/56210#BiochemicalReaction334,1,http://www.reactome.org/biopax/96/56210#Catalysis200
2864,110|6554,6555|6556,2,2,http://www.reactome.org/biopax/96/56210#BiochemicalReaction880,1,http://www.reactome.org/biopax/96/56210#Catalysis565
2865,401|6793,4527,2,1,http://www.reactome.org/biopax/96/56210#BiochemicalReaction1111,1,http://www.reactome.org/biopax/96/56210#Catalysis671
2866,5460|5461|8202|8213,7303|8224|8232|8957,4,4,http://www.reactome.org/biopax/96/56210#BiochemicalReaction3614,1,http://www.reactome.org/biopax/96/56210#Catalysis2292
2867,3436,368|3435|3437|8476,1,4,http://www.reactome.org/biopax/96/56210#BiochemicalReaction4563,1,http://www.reactome.org/biopax/96/56210#Catalysis2666
2868,6288|9273,9275,2,1,http://www.reactome.org/biopax/96/56210#BiochemicalReaction480,1,http://www.reactome.org/biopax/96/56210#Catalysis291
2869,459|9308|9566,9567|9568,3,2,http://www.reactome.org/biopax/96/56210#BiochemicalReaction1162,1,http://www.reactome.org/biopax/96/56210#Catalysis691
2870,4016|6211|8259,6228|8270,3,2,http://www.reactome.org/biopax/96/56210#BiochemicalReaction396,1,http://www.reactome.org/biopax/96/56210#Catalysis221
2871,5984|9032,9034,2,1,http://www.reactome.org/biopax/96/56210#BiochemicalReaction4771,1,http://www.reactome.org/biopax/96/56210#Catalysis2761
2872,6250|8542|9515,9149|9170,3,2,http://www.reactome.org/biopax/96/56210#BiochemicalReaction432,1,http://www.reactome.org/biopax/96/56210#Catalysis244
2873,2202|8936|9516,8937,3,1,http://www.reactome.org/biopax/96/56210#BiochemicalReaction3346,1,http://www.reactome.org/biopax/96/56210#Catalysis2164
2874,1879|4691|8045,1880|1881,3,2,http://www.reactome.org/biopax/96/56210#BiochemicalReaction2846,1,http://www.reactome.org/biopax/96/56210#Control244
2875,3526|3596|3598,3630,3,1,http://www.reactome.org/biopax/96/56210#BiochemicalReaction333,1,http://www.reactome.org/biopax/96/56210#Catalysis199
2876,4860|8045,4861|8395,2,2,http://www.reactome.org/biopax/96/56210#BiochemicalReaction3916,1,http://www.reactome.org/biopax/96/56210#Catalysis2417
2878,1661|7859,7860,2,1,http://www.reactome.org/biopax/96/56210#BiochemicalReaction2239,1,http://www.reactome.org/biopax/96/56210#Catalysis1117
2879,6868|8045,6869|8395,2,2,http://www.reactome.org/biopax/96/56210#BiochemicalReaction1148,1,http://www.reactome.org/biopax/96/56210#Catalysis681
2880,7832|8016|8091,8092|9148,3,2,http://www.reactome.org/biopax/96/56210#BiochemicalReaction2480,-1,http://www.reactome.org/biopax/96/56210#Control224
2881,2357|8045,2359|8395,2,2,http://www.reactome.org/biopax/96/56210#BiochemicalReaction3496,1,http://www.reactome.org/biopax/96/56210#Catalysis2242
2882,4983|8264|9513,9148|9530,3,2,http://www.reactome.org/biopax/96/56210#BiochemicalReaction2603,1,http://www.reactome.org/biopax/96/56210#Catalysis1466
2883,5083|7832|7986|9515,7977|8456|9148,4,3,http://www.reactome.org/biopax/96/56210#BiochemicalReaction2809,1,http://www.reactome.org/biopax/96/56210#Catalysis1659
2884,2084|8134|9308,8448|8721,3,2,http://www.reactome.org/biopax/96/56210#BiochemicalReaction3138,1,http://www.reactome.org/biopax/96/56210#Catalysis1957
2885,3378|8259,3379|8270,2,2,http://www.reactome.org/biopax/96/56210#BiochemicalReaction4480,1,http://www.reactome.org/biopax/96/56210#Catalysis2632
2886,4407|6024|9436,6025|7902,3,2,http://www.reactome.org/biopax/96/56210#BiochemicalReaction4820,1,http://www.reactome.org/biopax/96/56210#Catalysis2806
2888,5065|8045|8393|9148,8394|8938|8974,4,3,http://www.reactome.org/biopax/96/56210#BiochemicalReaction2750,1,http://www.reactome.org/biopax/96/56210#Catalysis1604
2889,2770|9159|9163,9002|9161|9164,3,3,http://www.reactome.org/biopax/96/56210#BiochemicalReaction297,1,http://www.reactome.org/biopax/96/56210#Catalysis178
2890,686|700|8259,693|8270,3,2,http://www.reactome.org/biopax/96/56210#BiochemicalReaction1386,1,http://www.reactome.org/biopax/96/56210#Catalysis757
2891,5780|7517|8045,7412|8395,3,2,http://www.reactome.org/biopax/96/56210#BiochemicalReaction4392,1,http://www.reactome.org/biopax/96/56210#Catalysis2592
2892,1642|9453,1644|9433|9515,2,3,http://www.reactome.org/biopax/96/56210#BiochemicalReaction2224,1,http://www.reactome.org/biopax/96/56210#Catalysis1103
2893,3754|3755|8146|8152,3756|8162|8171,4,3,http://www.reactome.org/biopax/96/56210#BiochemicalReaction4745,1,http://www.reactome.org/biopax/96/56210#Catalysis2735
2894,3822|9308,3824|6793,2,2,http://www.reactome.org/biopax/96/56210#BiochemicalReaction4872,1,http://www.reactome.org/biopax/96/56210#Catalysis2850
2895,218|345,219,2,1,http://www.reactome.org/biopax/96/56210#BiochemicalReaction955,1,http://www.reactome.org/biopax/96/56210#Control87
2896,2281|5187|8045,2308|8395,3,2,http://www.reactome.org/biopax/96/56210#BiochemicalReaction248,1,http://www.reactome.org/biopax/96/56210#Catalysis141
2898,442|444|8134,443|9138,3,2,http://www.reactome.org/biopax/96/56210#BiochemicalReaction1152,1,http://www.reactome.org/biopax/96/56210#Catalysis685
2899,762|8609|9308,7772|8974|9515,3,3,http://www.reactome.org/biopax/96/56210#BiochemicalReaction3017,1,http://www.reactome.org/biopax/96/56210#Catalysis1839
2901,54|6070|6475,6071|6473,3,2,http://www.reactome.org/biopax/96/56210#BiochemicalReaction4856,1,http://www.reactome.org/biopax/96/56210#Catalysis2839
2902,3562,3569|8476,1,2,http://www.reactome.org/biopax/96/56210#BiochemicalReaction330,1,http://www.reactome.org/biopax/96/56210#Catalysis197
2903,7609|7812|9269,7813|7814,3,2,http://www.reactome.org/biopax/96/56210#BiochemicalReaction2099,1,http://www.reactome.org/biopax/96/56210#Catalysis1048
2904,3782|7309|9011,6029|9051|9256,3,3,http://www.reactome.org/biopax/96/56210#BiochemicalReaction4824,1,http://www.reactome.org/biopax/96/56210#Catalysis2808
2905,6256|8045|8560,8395|8561,3,2,http://www.reactome.org/biopax/96/56210#BiochemicalReaction2974,1,http://www.reactome.org/biopax/96/56210#Catalysis1796
2906,1746|8164|8172,8165|8167|8173,3,3,http://www.reactome.org/biopax/96/56210#BiochemicalReaction2528,1,http://www.reactome.org/biopax/96/56210#Catalysis1391
2907,2243|2260,2258|8287,2,2,http://www.reactome.org/biopax/96/56210#BiochemicalReaction3400,1,http://www.reactome.org/biopax/96/56210#Catalysis2204
2908,1040|1041|7770|7771,1044|7773|7774,4,3,http://www.reactome.org/biopax/96/56210#BiochemicalReaction1634,1,http://www.reactome.org/biopax/96/56210#Catalysis833
2909,2156|4085,5245,2,1,http://www.reactome.org/biopax/96/56210#BiochemicalReaction3271,1,http://www.reactome.org/biopax/96/56210#Catalysis2090
2910,4169|5850|9308,3414|8476,3,2,http://www.reactome.org/biopax/96/56210#BiochemicalReaction4532,1,http://www.reactome.org/biopax/96/56210#Catalysis2655
2911,1697|4754|7909,4755|7902|9219,3,3,http://www.reactome.org/biopax/96/56210#BiochemicalReaction2317,1,http://www.reactome.org/biopax/96/56210#Catalysis1192
2912,1867|8370,9146|9208,2,2,http://www.reactome.org/biopax/96/56210#BiochemicalReaction2820,1,http://www.reactome.org/biopax/96/56210#Catalysis1670
2913,6336|9447|9455,9450|9456,3,2,http://www.reactome.org/biopax/96/56210#BiochemicalReaction574,1,http://www.reactome.org/biopax/96/56210#Catalysis383
2914,975|984|7245,986,3,1,http://www.reactome.org/biopax/96/56210#BiochemicalReaction1605,1,http://www.reactome.org/biopax/96/56210#Control159
2915,5178|8045|8642,8395|9148|9515,3,3,http://www.reactome.org/biopax/96/56210#BiochemicalReaction3047,1,http://www.reactome.org/biopax/96/56210#Catalysis1869
2916,2319|4691|8045,2380|8395,3,2,http://www.reactome.org/biopax/96/56210#BiochemicalReaction253,1,http://www.reactome.org/biopax/96/56210#Catalysis145
2918,110|6515,6516|6517,2,2,http://www.reactome.org/biopax/96/56210#BiochemicalReaction865,1,http://www.reactome.org/biopax/96/56210#Catalysis551
2919,193|6666|8259,194|9545,3,2,http://www.reactome.org/biopax/96/56210#BiochemicalReaction942,1,http://www.reactome.org/biopax/96/56210#Catalysis592
2920,4166|5844|8045,5845|8395,3,2,http://www.reactome.org/biopax/96/56210#BiochemicalReaction4526,-1,http://www.reactome.org/biopax/96/56210#Control419
2921,1751|8105|9159,8106|9002|9161,3,3,http://www.reactome.org/biopax/96/56210#BiochemicalReaction2489,1,http://www.reactome.org/biopax/96/56210#Catalysis1354
2922,1752|8127|9025,8128,3,1,http://www.reactome.org/biopax/96/56210#BiochemicalReaction2504,1,http://www.reactome.org/biopax/96/56210#Catalysis1369
2923,681|7123|8303,710|8313,3,2,http://www.reactome.org/biopax/96/56210#BiochemicalReaction1394,1,http://www.reactome.org/biopax/96/56210#Catalysis761
2924,4073|9346|9387,9338|9388,3,2,http://www.reactome.org/biopax/96/56210#BiochemicalReaction537,1,http://www.reactome.org/biopax/96/56210#Catalysis348
2925,1697|4753|9445,4754|7902|9219,3,3,http://www.reactome.org/biopax/96/56210#BiochemicalReaction2316,1,http://www.reactome.org/biopax/96/56210#Catalysis1191
2926,5010|8308|9308,8307|8476,3,2,http://www.reactome.org/biopax/96/56210#BiochemicalReaction2672,1,http://www.reactome.org/biopax/96/56210#Catalysis1533
2927,3149|8045|9308,3147|5708|6249|8395|8978,3,5,http://www.reactome.org/biopax/96/56210#BiochemicalReaction4235,1,http://www.reactome.org/biopax/96/56210#Catalysis2534
2928,3087|6793,3088,2,1,http://www.reactome.org/biopax/96/56210#BiochemicalReaction4165,1,http://www.reactome.org/biopax/96/56210#Catalysis2499
2929,2170|8873|9308,8874|9165,3,2,http://www.reactome.org/biopax/96/56210#BiochemicalReaction3288,1,http://www.reactome.org/biopax/96/56210#Catalysis2107
2930,5264|8045|9148|9312,8938|8974|9146,4,3,http://www.reactome.org/biopax/96/56210#BiochemicalReaction3319,1,http://www.reactome.org/biopax/96/56210#Catalysis2137
2931,4769|4773|9440,4772|9219|9438,3,3,http://www.reactome.org/biopax/96/56210#BiochemicalReaction2346,1,http://www.reactome.org/biopax/96/56210#Catalysis1216
2932,824|825|827,826,3,1,http://www.reactome.org/biopax/96/56210#BiochemicalReaction1479,1,http://www.reactome.org/biopax/96/56210#Control152
2933,308|4085,2454,2,1,http://www.reactome.org/biopax/96/56210#BiochemicalReaction1023,1,http://www.reactome.org/biopax/96/56210#Catalysis620
2934,503|8580|9308|9515,8579|8582,4,2,http://www.reactome.org/biopax/96/56210#BiochemicalReaction2993,1,http://www.reactome.org/biopax/96/56210#Catalysis1815
2935,4900|7178|9112,7182|9113|9308,3,3,http://www.reactome.org/biopax/96/56210#BiochemicalReaction216,1,http://www.reactome.org/biopax/96/56210#Catalysis125
2936,1440|1441|9308,1434|4683|8476,3,3,http://www.reactome.org/biopax/96/56210#BiochemicalReaction2004,1,http://www.reactome.org/biopax/96/56210#Catalysis1010
2937,1366|7512|8322,1367|8331,3,2,http://www.reactome.org/biopax/96/56210#BiochemicalReaction1926,1,http://www.reactome.org/biopax/96/56210#Catalysis958
2938,5032|8336|9445,7902|8339|9219,3,3,http://www.reactome.org/biopax/96/56210#BiochemicalReaction2697,1,http://www.reactome.org/biopax/96/56210#Catalysis1557
2939,3093|6793,3094,2,1,http://www.reactome.org/biopax/96/56210#BiochemicalReaction4172,1,http://www.reactome.org/biopax/96/56210#Catalysis2503
2940,4905|7951|9449,7947|7952,3,2,http://www.reactome.org/biopax/96/56210#BiochemicalReaction2367,1,http://www.reactome.org/biopax/96/56210#Catalysis1234
2941,4394|9063,9064|9065,2,2,http://www.reactome.org/biopax/96/56210#BiochemicalReaction4797,1,http://www.reactome.org/biopax/96/56210#Catalysis2785
2942,110|6577,6578|6579,2,2,http://www.reactome.org/biopax/96/56210#BiochemicalReaction887,1,http://www.reactome.org/biopax/96/56210#Catalysis572
2943,6462|7045|8259,5286|8270,3,2,http://www.reactome.org/biopax/96/56210#BiochemicalReaction1426,1,http://www.reactome.org/biopax/96/56210#Catalysis771
2944,4953|4954,1749,2,1,http://www.reactome.org/biopax/96/56210#BiochemicalReaction2483,1,http://www.reactome.org/biopax/96/56210#Catalysis1348
2946,1718|7982|9308,7980|8476,3,2,http://www.reactome.org/biopax/96/56210#BiochemicalReaction2402,1,http://www.reactome.org/biopax/96/56210#Catalysis1269
2947,3751|3754|8146|8152,3753|8162|8171,4,3,http://www.reactome.org/biopax/96/56210#BiochemicalReaction4744,1,http://www.reactome.org/biopax/96/56210#Catalysis2734
2949,4394|9066,9064|9065,2,2,http://www.reactome.org/biopax/96/56210#BiochemicalReaction4798,1,http://www.reactome.org/biopax/96/56210#Catalysis2786
2950,3831|8281,3832|4410,2,2,http://www.reactome.org/biopax/96/56210#BiochemicalReaction4877,1,http://www.reactome.org/biopax/96/56210#Catalysis2854
2951,4790|8062|8066|8085,7773|8043|8086|9246,4,4,http://www.reactome.org/biopax/96/56210#BiochemicalReaction2475,1,http://www.reactome.org/biopax/96/56210#Catalysis1340
2952,345|7981,7982,2,1,http://www.reactome.org/biopax/96/56210#BiochemicalReaction2392,1,http://www.reactome.org/biopax/96/56210#Catalysis1259
2953,1834|9109,8123|9110,2,2,http://www.reactome.org/biopax/96/56210#BiochemicalReaction211,1,http://www.reactome.org/biopax/96/56210#Catalysis121
2954,753|4085,6793,2,1,http://www.reactome.org/biopax/96/56210#BiochemicalReaction1430,1,http://www.reactome.org/biopax/96/56210#Catalysis773
2955,6920|8364|9252|9308,9457|9461|9515,4,3,http://www.reactome.org/biopax/96/56210#BiochemicalReaction2719,1,http://www.reactome.org/biopax/96/56210#Catalysis1577
2956,1916|9323,8512,2,1,http://www.reactome.org/biopax/96/56210#BiochemicalReaction2891,-1,http://www.reactome.org/biopax/96/56210#Control262
2957,4896|7986|8146,7977|9094|9515,3,3,http://www.reactome.org/biopax/96/56210#BiochemicalReaction207,1,http://www.reactome.org/biopax/96/56210#Catalysis117
2959,3251|9004|9270,9005|9272,3,2,http://www.reactome.org/biopax/96/56210#BiochemicalReaction4739,1,http://www.reactome.org/biopax/96/56210#Catalysis2729
2960,3254|5759|9308,5760|8991,3,2,http://www.reactome.org/biopax/96/56210#BiochemicalReaction4333,-1,http://www.reactome.org/biopax/96/56210#Control402
2961,643|7742,7741,2,1,http://www.reactome.org/biopax/96/56210#BiochemicalReaction2251,1,http://www.reactome.org/biopax/96/56210#Catalysis1128
2962,1879|8045,1880|1881,2,2,http://www.reactome.org/biopax/96/56210#BiochemicalReaction2846,1,http://www.reactome.org/biopax/96/56210#Catalysis1696
2963,1666|7863|7864,7865,3,1,http://www.reactome.org/biopax/96/56210#BiochemicalReaction2243,1,http://www.reactome.org/biopax/96/56210#Catalysis1121
2964,2711|8045,2714|8395,2,2,http://www.reactome.org/biopax/96/56210#BiochemicalReaction3821,1,http://www.reactome.org/biopax/96/56210#Catalysis2373
2965,110|6521,6523|6524,2,2,http://www.reactome.org/biopax/96/56210#BiochemicalReaction867,1,http://www.reactome.org/biopax/96/56210#Catalysis553
2967,3745|5956|9003|9457|9515,5955|9252|9257,5,3,http://www.reactome.org/biopax/96/56210#BiochemicalReaction4734,1,http://www.reactome.org/biopax/96/56210#Catalysis2724
2968,2654|2657|8045,2656|8395,3,2,http://www.reactome.org/biopax/96/56210#BiochemicalReaction3766,-1,http://www.reactome.org/biopax/96/56210#Control352
2969,5198|8532,8677,2,1,http://www.reactome.org/biopax/96/56210#BiochemicalReaction3099,1,http://www.reactome.org/biopax/96/56210#Catalysis1919
2970,3963|9025|9181,3961|9183|9184,3,3,http://www.reactome.org/biopax/96/56210#BiochemicalReaction5008,1,http://www.reactome.org/biopax/96/56210#Catalysis2918
2971,345|1389|8045,1409|8395,3,2,http://www.reactome.org/biopax/96/56210#BiochemicalReaction1976,1,http://www.reactome.org/biopax/96/56210#Catalysis991
2972,2201|8932|8934,8935,3,1,http://www.reactome.org/biopax/96/56210#BiochemicalReaction3345,1,http://www.reactome.org/biopax/96/56210#Catalysis2163
2973,802|6916,4015|4575,2,2,http://www.reactome.org/biopax/96/56210#BiochemicalReaction1458,1,http://www.reactome.org/biopax/96/56210#Catalysis786
2974,866|8584|9419,8476|8586,3,2,http://www.reactome.org/biopax/96/56210#BiochemicalReaction2996,1,http://www.reactome.org/biopax/96/56210#Catalysis1818
2975,2344|8045,2345|8395,2,2,http://www.reactome.org/biopax/96/56210#BiochemicalReaction3484,1,http://www.reactome.org/biopax/96/56210#Catalysis2237
2977,866|7851|7895,7905|7914,3,2,http://www.reactome.org/biopax/96/56210#BiochemicalReaction41,1,http://www.reactome.org/biopax/96/56210#Catalysis41
2979,7251|7262|8045,7256|8395,3,2,http://www.reactome.org/biopax/96/56210#BiochemicalReaction113,1,http://www.reactome.org/biopax/96/56210#Catalysis78
2980,1702|4715,4764,2,1,http://www.reactome.org/biopax/96/56210#BiochemicalReaction2329,-1,http://www.reactome.org/biopax/96/56210#Control219
2981,5561|7305|8045,2817|8395,3,2,http://www.reactome.org/biopax/96/56210#BiochemicalReaction3909,1,http://www.reactome.org/biopax/96/56210#Catalysis2415
2982,4060|9219|9496,9229|9515,3,2,http://www.reactome.org/biopax/96/56210#BiochemicalReaction441,1,http://www.reactome.org/biopax/96/56210#Catalysis253
2983,481|8259,488|8270,2,2,http://www.reactome.org/biopax/96/56210#BiochemicalReaction112,1,http://www.reactome.org/biopax/96/56210#Catalysis77
2984,3758|5970|8202|8213,5971|8224|8232,4,3,http://www.reactome.org/biopax/96/56210#BiochemicalReaction4747,1,http://www.reactome.org/biopax/96/56210#Catalysis2737
2985,2661|8045,2662|8395,2,2,http://www.reactome.org/biopax/96/56210#BiochemicalReaction3770,1,http://www.reactome.org/biopax/96/56210#Catalysis2348
2986,6253|9170|9221,9222|9515,3,2,http://www.reactome.org/biopax/96/56210#BiochemicalReaction435,1,http://www.reactome.org/biopax/96/56210#Catalysis247
2988,407|5855|8045,5857|8395,3,2,http://www.reactome.org/biopax/96/56210#BiochemicalReaction4542,1,http://www.reactome.org/biopax/96/56210#Catalysis2662
2989,2654|8045,2656|8395,2,2,http://www.reactome.org/biopax/96/56210#BiochemicalReaction3766,1,http://www.reactome.org/biopax/96/56210#Catalysis2345
2990,3829|9308,3830|4336,2,2,http://www.reactome.org/biopax/96/56210#BiochemicalReaction4876,1,http://www.reactome.org/biopax/96/56210#Catalysis2853
2991,3783|3784|7588,6040|6473,3,2,http://www.reactome.org/biopax/96/56210#BiochemicalReaction4831,1,http://www.reactome.org/biopax/96/56210#Catalysis2814
2992,7109|7355|8259,7110|8270,3,2,http://www.reactome.org/biopax/96/56210#BiochemicalReaction1373,1,http://www.reactome.org/biopax/96/56210#Catalysis749
2993,808|7401|8259,7402|8270,3,2,http://www.reactome.org/biopax/96/56210#BiochemicalReaction2019,1,http://www.reactome.org/biopax/96/56210#Catalysis1017
2994,6714|8079|8407,8081|8409,3,2,http://www.reactome.org/biopax/96/56210#BiochemicalReaction2760,1,http://www.reactome.org/biopax/96/56210#Catalysis1614
2995,1890|7986|8722,7977|9124,3,2,http://www.reactome.org/biopax/96/56210#BiochemicalReaction3142,1,http://www.reactome.org/biopax/96/56210#Catalysis1961
2996,2525|9308,2518|2526|8476,2,3,http://www.reactome.org/biopax/96/56210#BiochemicalReaction3664,1,http://www.reactome.org/biopax/96/56210#Catalysis2305
2997,2064|7986|8682|9515,7977|8683,4,2,http://www.reactome.org/biopax/96/56210#BiochemicalReaction3105,1,http://www.reactome.org/biopax/96/56210#Catalysis1925
2998,2530|2560|5359|5399|5409|5414|5486,2564,7,1,http://www.reactome.org/biopax/96/56210#BiochemicalReaction270,1,http://www.reactome.org/biopax/96/56210#Catalysis154
2999,8|9544,10|4268|6446|9545,2,4,http://www.reactome.org/biopax/96/56210#BiochemicalReaction787,1,http://www.reactome.org/biopax/96/56210#Catalysis513
3000,2177|7873|8045,7884|8395,3,2,http://www.reactome.org/biopax/96/56210#BiochemicalReaction37,1,http://www.reactome.org/biopax/96/56210#Catalysis37
3001,2177|8045|9118,8395|9128,3,2,http://www.reactome.org/biopax/96/56210#BiochemicalReaction10,1,http://www.reactome.org/biopax/96/56210#Catalysis10
3002,442|3013|8134,443|9138,3,2,http://www.reactome.org/biopax/96/56210#BiochemicalReaction4095,1,http://www.reactome.org/biopax/96/56210#Catalysis2478
3003,6366|8542|9515,9149|9170,3,2,http://www.reactome.org/biopax/96/56210#BiochemicalReaction623,1,http://www.reactome.org/biopax/96/56210#Catalysis426
3004,4926|8045|8420|9148,8421|8938|8974|9308,4,4,http://www.reactome.org/biopax/96/56210#BiochemicalReaction2770,1,http://www.reactome.org/biopax/96/56210#Catalysis1624
3005,6398|6399|6401,6400,3,1,http://www.reactome.org/biopax/96/56210#BiochemicalReaction674,1,http://www.reactome.org/biopax/96/56210#Control59
3006,2666|8045,2667|8395,2,2,http://www.reactome.org/biopax/96/56210#BiochemicalReaction3776,1,http://www.reactome.org/biopax/96/56210#Catalysis2350
3007,1024|9166,9121,2,1,http://www.reactome.org/biopax/96/56210#BiochemicalReaction1621,1,http://www.reactome.org/biopax/96/56210#Catalysis827
3008,4969|8229|9269,8208|8230,3,2,http://www.reactome.org/biopax/96/56210#BiochemicalReaction2574,-1,http://www.reactome.org/biopax/96/56210#Control231
3009,6127|6954|9270,6126|9272,3,2,http://www.reactome.org/biopax/96/56210#BiochemicalReaction4944,1,http://www.reactome.org/biopax/96/56210#Catalysis2880
3010,1563|1565|8134,1564|9138,3,2,http://www.reactome.org/biopax/96/56210#BiochemicalReaction2140,1,http://www.reactome.org/biopax/96/56210#Control193
3011,7635|9566,9168|9568,2,2,http://www.reactome.org/biopax/96/56210#BiochemicalReaction2144,1,http://www.reactome.org/biopax/96/56210#Catalysis1075
3012,9|76|8259,73|8270,3,2,http://www.reactome.org/biopax/96/56210#BiochemicalReaction92,1,http://www.reactome.org/biopax/96/56210#Catalysis66
3013,6303|8542|9331,8171|9170,3,2,http://www.reactome.org/biopax/96/56210#BiochemicalReaction505,1,http://www.reactome.org/biopax/96/56210#Catalysis316
3014,2105|8117|9002|9156|9393,8118|8759|9025,5,3,http://www.reactome.org/biopax/96/56210#BiochemicalReaction3182,1,http://www.reactome.org/biopax/96/56210#Catalysis2001
3015,5160|8529|8530,8531|8532|9515,3,3,http://www.reactome.org/biopax/96/56210#BiochemicalReaction2946,1,http://www.reactome.org/biopax/96/56210#Catalysis1770
3016,5260|7770|8062|9256|9589,8064|8891|9246,5,3,http://www.reactome.org/biopax/96/56210#BiochemicalReaction3306,1,http://www.reactome.org/biopax/96/56210#Catalysis2124
3017,6256|8045|9108,8395|9118,3,2,http://www.reactome.org/biopax/96/56210#BiochemicalReaction9,1,http://www.reactome.org/biopax/96/56210#Catalysis9
3018,4391|7741|8857,7868|8962,3,2,http://www.reactome.org/biopax/96/56210#BiochemicalReaction4765,1,http://www.reactome.org/biopax/96/56210#Catalysis2755
3019,4990|8045|8244,8395|9520,3,2,http://www.reactome.org/biopax/96/56210#BiochemicalReaction2625,1,http://www.reactome.org/biopax/96/56210#Catalysis1488
3020,3783|3787|6061,3788|6060,3,2,http://www.reactome.org/biopax/96/56210#BiochemicalReaction4847,1,http://www.reactome.org/biopax/96/56210#Catalysis2830
3021,5257|8886,8967,2,1,http://www.reactome.org/biopax/96/56210#BiochemicalReaction3299,1,http://www.reactome.org/biopax/96/56210#Catalysis2118
3022,1390|4675|8045,1384|8395,3,2,http://www.reactome.org/biopax/96/56210#BiochemicalReaction1949,1,http://www.reactome.org/biopax/96/56210#Catalysis971
3023,2133|8797|9308,8784|9165|9490,3,3,http://www.reactome.org/biopax/96/56210#BiochemicalReaction3222,1,http://www.reactome.org/biopax/96/56210#Catalysis2041
3024,2527|8134,2528|9138,2,2,http://www.reactome.org/biopax/96/56210#BiochemicalReaction3665,1,http://www.reactome.org/biopax/96/56210#Catalysis2306
3025,4924|8011,1731,2,1,http://www.reactome.org/biopax/96/56210#BiochemicalReaction2428,1,http://www.reactome.org/biopax/96/56210#Catalysis1294
3026,2825|8045,2826|8395,2,2,http://www.reactome.org/biopax/96/56210#BiochemicalReaction3917,1,http://www.reactome.org/biopax/96/56210#Catalysis2418
3027,4691|5634|8045,5635|8395,3,2,http://www.reactome.org/biopax/96/56210#BiochemicalReaction4076,1,http://www.reactome.org/biopax/96/56210#Catalysis2469
3028,2003|8592|9308|9515,8589|9165,4,2,http://www.reactome.org/biopax/96/56210#BiochemicalReaction3002,1,http://www.reactome.org/biopax/96/56210#Catalysis1824
3029,3767|7849|9031|9515,8974|9444,4,2,http://www.reactome.org/biopax/96/56210#BiochemicalReaction4768,1,http://www.reactome.org/biopax/96/56210#Catalysis2758
3030,1405|1408|8045,1407|8395,3,2,http://www.reactome.org/biopax/96/56210#BiochemicalReaction1973,1,http://www.reactome.org/biopax/96/56210#Catalysis988
3031,3664|4384|8134,3665,3,1,http://www.reactome.org/biopax/96/56210#BiochemicalReaction4685,1,http://www.reactome.org/biopax/96/56210#Control432
3032,5034|8045|8340,8395|9515|9525,3,3,http://www.reactome.org/biopax/96/56210#BiochemicalReaction2698,1,http://www.reactome.org/biopax/96/56210#Catalysis1558
3033,4901|7934|7986|9515,7935|7977,4,2,http://www.reactome.org/biopax/96/56210#BiochemicalReaction2356,1,http://www.reactome.org/biopax/96/56210#Catalysis1223
3034,4436|8542|9266,9170|9267,3,2,http://www.reactome.org/biopax/96/56210#BiochemicalReaction478,1,http://www.reactome.org/biopax/96/56210#Catalysis289
3036,362|365|8045,366|4510|8938|8974,3,4,http://www.reactome.org/biopax/96/56210#BiochemicalReaction1056,1,http://www.reactome.org/biopax/96/56210#Catalysis637
3037,5256|8516|8701|9025,8885|9190,4,2,http://www.reactome.org/biopax/96/56210#BiochemicalReaction3296,1,http://www.reactome.org/biopax/96/56210#Catalysis2115
3038,1843|8045|8373,8374|8395|8476,3,3,http://www.reactome.org/biopax/96/56210#BiochemicalReaction2727,1,http://www.reactome.org/biopax/96/56210#Catalysis1584
3039,1197|8045,1198|8395,2,2,http://www.reactome.org/biopax/96/56210#BiochemicalReaction1767,1,http://www.reactome.org/biopax/96/56210#Catalysis881
3040,7080|7355|8259,7081|8270,3,2,http://www.reactome.org/biopax/96/56210#BiochemicalReaction1349,1,http://www.reactome.org/biopax/96/56210#Catalysis740
3041,46|1375|8259,1377|8270,3,2,http://www.reactome.org/biopax/96/56210#BiochemicalReaction1933,1,http://www.reactome.org/biopax/96/56210#Catalysis961
3042,1721|8007|9308,8003|8476,3,2,http://www.reactome.org/biopax/96/56210#BiochemicalReaction2419,1,http://www.reactome.org/biopax/96/56210#Catalysis1286
3043,4965|8102|8200,8103|8201,3,2,http://www.reactome.org/biopax/96/56210#BiochemicalReaction2548,1,http://www.reactome.org/biopax/96/56210#Catalysis1411
3044,2160|8856|8859|9127,8860|8861|8862,4,3,http://www.reactome.org/biopax/96/56210#BiochemicalReaction3274,1,http://www.reactome.org/biopax/96/56210#Catalysis2093
3045,4854|6750|8045,4855|8395,3,2,http://www.reactome.org/biopax/96/56210#BiochemicalReaction3902,1,http://www.reactome.org/biopax/96/56210#Catalysis2409
3046,6356|7817|7986|9515,7815|7977,4,2,http://www.reactome.org/biopax/96/56210#BiochemicalReaction4265,1,http://www.reactome.org/biopax/96/56210#Catalysis2550
3047,1280|6948|8322,1281|8331,3,2,http://www.reactome.org/biopax/96/56210#BiochemicalReaction1843,1,http://www.reactome.org/biopax/96/56210#Catalysis914
3048,4493|8909|9246,8910|8911|9256,3,3,http://www.reactome.org/biopax/96/56210#BiochemicalReaction3322,1,http://www.reactome.org/biopax/96/56210#Catalysis2140
3050,523|538|8045,540|8395,3,2,http://www.reactome.org/biopax/96/56210#BiochemicalReaction1248,1,http://www.reactome.org/biopax/96/56210#Catalysis719
3051,4064|9149|9158,9189|9515,3,2,http://www.reactome.org/biopax/96/56210#BiochemicalReaction501,1,http://www.reactome.org/biopax/96/56210#Catalysis312
3052,3049|8045,3050|8395,2,2,http://www.reactome.org/biopax/96/56210#BiochemicalReaction4132,1,http://www.reactome.org/biopax/96/56210#Catalysis2489
3053,4975|8246|9513,9148|9196,3,2,http://www.reactome.org/biopax/96/56210#BiochemicalReaction2589,1,http://www.reactome.org/biopax/96/56210#Catalysis1452
3054,6376|9495|9515,9149|9165,3,2,http://www.reactome.org/biopax/96/56210#BiochemicalReaction649,1,http://www.reactome.org/biopax/96/56210#Catalysis446
3055,5919|7664|8045,5920|8395,3,2,http://www.reactome.org/biopax/96/56210#BiochemicalReaction4665,1,http://www.reactome.org/biopax/96/56210#Catalysis2702
3056,1006|8303,1007|8313,2,2,http://www.reactome.org/biopax/96/56210#BiochemicalReaction1611,1,http://www.reactome.org/biopax/96/56210#Catalysis824
3057,5113|5233|6145,5110|5235,3,2,http://www.reactome.org/biopax/96/56210#BiochemicalReaction4971,1,http://www.reactome.org/biopax/96/56210#Catalysis2895
3058,442|2718|8134,443|9138,3,2,http://www.reactome.org/biopax/96/56210#BiochemicalReaction3825,1,http://www.reactome.org/biopax/96/56210#Control361
3059,3306,442|4352,1,2,http://www.reactome.org/biopax/96/56210#BiochemicalReaction4389,1,http://www.reactome.org/biopax/96/56210#Catalysis2590
3060,611|4567|9175,4567,3,1,http://www.reactome.org/biopax/96/56210#BiochemicalReaction1308,1,http://www.reactome.org/biopax/96/56210#Catalysis728
3061,4066|4085,4077|6793,2,2,http://www.reactome.org/biopax/96/56210#BiochemicalReaction81,1,http://www.reactome.org/biopax/96/56210#Catalysis63
3062,1797|9308|9531,8476|9530,3,2,http://www.reactome.org/biopax/96/56210#BiochemicalReaction2623,1,http://www.reactome.org/biopax/96/56210#Catalysis1486
3063,6741|8081|8176,8079|8180,3,2,http://www.reactome.org/biopax/96/56210#BiochemicalReaction2532,1,http://www.reactome.org/biopax/96/56210#Catalysis1395
3064,1777|8220|9025,8221|8222|9184,3,3,http://www.reactome.org/biopax/96/56210#BiochemicalReaction2567,1,http://www.reactome.org/biopax/96/56210#Catalysis1430
3065,4229|9308,4226|6793,2,2,http://www.reactome.org/biopax/96/56210#BiochemicalReaction742,1,http://www.reactome.org/biopax/96/56210#Catalysis487
3066,1870|8477|9252,8478|9457,3,2,http://www.reactome.org/biopax/96/56210#BiochemicalReaction2827,1,http://www.reactome.org/biopax/96/56210#Catalysis1677
3067,4802|8045|8260,8395|9570,3,2,http://www.reactome.org/biopax/96/56210#BiochemicalReaction2638,1,http://www.reactome.org/biopax/96/56210#Catalysis1501
3068,1864|8462|8463,8464|8465,3,2,http://www.reactome.org/biopax/96/56210#BiochemicalReaction2814,1,http://www.reactome.org/biopax/96/56210#Catalysis1664
3069,2180|7769|9252,7894|9457|9515,3,3,http://www.reactome.org/biopax/96/56210#BiochemicalReaction3315,1,http://www.reactome.org/biopax/96/56210#Catalysis2133
3070,2566|8045,2567|8395,2,2,http://www.reactome.org/biopax/96/56210#BiochemicalReaction3697,1,http://www.reactome.org/biopax/96/56210#Catalysis2316
3071,6334|9442,9443,2,1,http://www.reactome.org/biopax/96/56210#BiochemicalReaction568,1,http://www.reactome.org/biopax/96/56210#Catalysis377
3072,5024|8323,8324,2,1,http://www.reactome.org/biopax/96/56210#BiochemicalReaction2685,1,http://www.reactome.org/biopax/96/56210#Control237
3073,6317|9149|9377,9378|9515,3,2,http://www.reactome.org/biopax/96/56210#BiochemicalReaction528,1,http://www.reactome.org/biopax/96/56210#Catalysis339
3074,2338|5354,2325|5362|5363,2,3,http://www.reactome.org/biopax/96/56210#BiochemicalReaction3477,1,http://www.reactome.org/biopax/96/56210#Catalysis2235
3075,2850,5571|6789|6793,1,3,http://www.reactome.org/biopax/96/56210#BiochemicalReaction3936,1,http://www.reactome.org/biopax/96/56210#Catalysis2430
3076,2245|2252,5276|5303,2,2,http://www.reactome.org/biopax/96/56210#BiochemicalReaction3389,1,http://www.reactome.org/biopax/96/56210#Catalysis2193
3077,2695|8962|9515,8162|9152,3,2,http://www.reactome.org/biopax/96/56210#BiochemicalReaction286,1,http://www.reactome.org/biopax/96/56210#Catalysis169
3078,3300|9308,3301|8476,2,2,http://www.reactome.org/biopax/96/56210#BiochemicalReaction4384,1,http://www.reactome.org/biopax/96/56210#Catalysis2587
3079,2164|8863|8868,8865|9248|9359,3,3,http://www.reactome.org/biopax/96/56210#BiochemicalReaction3279,1,http://www.reactome.org/biopax/96/56210#Catalysis2098
3080,1903|1906|9181,1904|9002|9183,3,3,http://www.reactome.org/biopax/96/56210#BiochemicalReaction2880,-1,http://www.reactome.org/biopax/96/56210#Control259
3081,2027|8146|8643|9308,8649|8963,4,2,http://www.reactome.org/biopax/96/56210#BiochemicalReaction3055,1,http://www.reactome.org/biopax/96/56210#Catalysis1877
3082,6749|9122|9308,8476|9566,3,2,http://www.reactome.org/biopax/96/56210#BiochemicalReaction1017,1,http://www.reactome.org/biopax/96/56210#Catalysis616
3083,774|8303,775|8313,2,2,http://www.reactome.org/biopax/96/56210#BiochemicalReaction1438,1,http://www.reactome.org/biopax/96/56210#Catalysis778
3085,3783|3784|6467,6046|6473,3,2,http://www.reactome.org/biopax/96/56210#BiochemicalReaction4835,1,http://www.reactome.org/biopax/96/56210#Catalysis2818
3086,5164|8556|9181,8557|9183,3,2,http://www.reactome.org/biopax/96/56210#BiochemicalReaction2972,1,http://www.reactome.org/biopax/96/56210#Catalysis1794
3087,1778|9094|9515,8146|8963,3,2,http://www.reactome.org/biopax/96/56210#BiochemicalReaction208,1,http://www.reactome.org/biopax/96/56210#Catalysis118
3088,6896|9411,9413,2,1,http://www.reactome.org/biopax/96/56210#BiochemicalReaction558,1,http://www.reactome.org/biopax/96/56210#Catalysis367
3089,281|283,282,2,1,http://www.reactome.org/biopax/96/56210#BiochemicalReaction1003,1,http://www.reactome.org/biopax/96/56210#Catalysis611
3090,4915|7980|8045,7983|8395,3,2,http://www.reactome.org/biopax/96/56210#BiochemicalReaction2401,1,http://www.reactome.org/biopax/96/56210#Catalysis1268
3091,2127|8793|9308,8476|8794,3,2,http://www.reactome.org/biopax/96/56210#BiochemicalReaction3217,1,http://www.reactome.org/biopax/96/56210#Catalysis2036
3092,2739|3275|3278|4342|5541,3277,5,1,http://www.reactome.org/biopax/96/56210#BiochemicalReaction4360,-1,http://www.reactome.org/biopax/96/56210#Control408
3095,1197|7412|8045,1198|8395,3,2,http://www.reactome.org/biopax/96/56210#BiochemicalReaction1767,-1,http://www.reactome.org/biopax/96/56210#Control170
3096,5797|7128|8281,5798|6916,3,2,http://www.reactome.org/biopax/96/56210#BiochemicalReaction4416,-1,http://www.reactome.org/biopax/96/56210#Control417
3097,2249|2260,2223|8287,2,2,http://www.reactome.org/biopax/96/56210#BiochemicalReaction3405,1,http://www.reactome.org/biopax/96/56210#Catalysis2207
3098,6326|9277,9278,2,1,http://www.reactome.org/biopax/96/56210#BiochemicalReaction482,1,http://www.reactome.org/biopax/96/56210#Catalysis293
3099,866|8476|8585,8584|9418,3,2,http://www.reactome.org/biopax/96/56210#BiochemicalReaction3006,1,http://www.reactome.org/biopax/96/56210#Catalysis1828
3100,1901|9159|9317,7855|9161|9562,3,3,http://www.reactome.org/biopax/96/56210#BiochemicalReaction2873,1,http://www.reactome.org/biopax/96/56210#Catalysis1717
3101,4160|8995,9120,2,1,http://www.reactome.org/biopax/96/56210#BiochemicalReaction4518,1,http://www.reactome.org/biopax/96/56210#Catalysis2647
3102,1822|5022|9308,1823|8476,3,2,http://www.reactome.org/biopax/96/56210#BiochemicalReaction2684,1,http://www.reactome.org/biopax/96/56210#Catalysis1545
3103,4946|7986|8056|8146|9515,7977|8057|9308,5,3,http://www.reactome.org/biopax/96/56210#BiochemicalReaction2460,1,http://www.reactome.org/biopax/96/56210#Catalysis1325
3104,3351|8134,3352|9138,2,2,http://www.reactome.org/biopax/96/56210#BiochemicalReaction4457,1,http://www.reactome.org/biopax/96/56210#Catalysis2626
3105,657|8322,668|8331,2,2,http://www.reactome.org/biopax/96/56210#BiochemicalReaction128,1,http://www.reactome.org/biopax/96/56210#Catalysis85
3106,694|8259,695|8270,2,2,http://www.reactome.org/biopax/96/56210#BiochemicalReaction1383,1,http://www.reactome.org/biopax/96/56210#Catalysis754
3107,4915|7989|8045,7990|8395,3,2,http://www.reactome.org/biopax/96/56210#BiochemicalReaction2398,1,http://www.reactome.org/biopax/96/56210#Catalysis1265
3108,5215|7266|8045,7267|8395,3,2,http://www.reactome.org/biopax/96/56210#BiochemicalReaction1628,1,http://www.reactome.org/biopax/96/56210#Catalysis830
3109,4451|8045|9308|9475,8395|8476|9476,4,3,http://www.reactome.org/biopax/96/56210#BiochemicalReaction604,1,http://www.reactome.org/biopax/96/56210#Catalysis408
3110,279|6726,281,2,1,http://www.reactome.org/biopax/96/56210#BiochemicalReaction1002,1,http://www.reactome.org/biopax/96/56210#Control108
3111,5972|9008|9308,9009|9312,3,2,http://www.reactome.org/biopax/96/56210#BiochemicalReaction4750,1,http://www.reactome.org/biopax/96/56210#Catalysis2740
3112,2744|4347|8045,3295|8395,3,2,http://www.reactome.org/biopax/96/56210#BiochemicalReaction4373,1,http://www.reactome.org/biopax/96/56210#Catalysis2580
3113,7607|8671|9149,8672|9515,3,2,http://www.reactome.org/biopax/96/56210#BiochemicalReaction3090,1,http://www.reactome.org/biopax/96/56210#Catalysis1911
3114,5664|5666|8045,5665|8395,3,2,http://www.reactome.org/biopax/96/56210#BiochemicalReaction4143,1,http://www.reactome.org/biopax/96/56210#Catalysis2494
3115,1554|6841|8045,6829|8395,3,2,http://www.reactome.org/biopax/96/56210#BiochemicalReaction2135,1,http://www.reactome.org/biopax/96/56210#Catalysis1069
3116,7463|7670|8259,7464|8270,3,2,http://www.reactome.org/biopax/96/56210#BiochemicalReaction1832,1,http://www.reactome.org/biopax/96/56210#Catalysis907
3117,5224|8520|8778,8777|8779|9025,3,3,http://www.reactome.org/biopax/96/56210#BiochemicalReaction3204,1,http://www.reactome.org/biopax/96/56210#Catalysis2023
3118,2362|5379|8045,5378|8395|8956,3,3,http://www.reactome.org/biopax/96/56210#BiochemicalReaction3501,1,http://www.reactome.org/biopax/96/56210#Catalysis2245
3119,762|7884|9308,7862|8974,3,2,http://www.reactome.org/biopax/96/56210#BiochemicalReaction39,1,http://www.reactome.org/biopax/96/56210#Catalysis39
3121,631|8259,648|7355|8270,2,3,http://www.reactome.org/biopax/96/56210#BiochemicalReaction126,1,http://www.reactome.org/biopax/96/56210#Catalysis84
3122,2679|8045,2680|8395,2,2,http://www.reactome.org/biopax/96/56210#BiochemicalReaction3791,1,http://www.reactome.org/biopax/96/56210#Catalysis2358
3123,1721|8004|9308,8003|8476,3,2,http://www.reactome.org/biopax/96/56210#BiochemicalReaction2414,1,http://www.reactome.org/biopax/96/56210#Catalysis1281
3124,1514|5814|8134,320|9138,3,2,http://www.reactome.org/biopax/96/56210#BiochemicalReaction4442,1,http://www.reactome.org/biopax/96/56210#Catalysis2619
3125,3618|3620|8134,3619|5913|9138,3,3,http://www.reactome.org/biopax/96/56210#BiochemicalReaction4659,1,http://www.reactome.org/biopax/96/56210#Catalysis2696
3126,4112|8542,9170,2,1,http://www.reactome.org/biopax/96/56210#BiochemicalReaction613,1,http://www.reactome.org/biopax/96/56210#Catalysis416
3127,2253|5299|5305,2254|5304,3,2,http://www.reactome.org/biopax/96/56210#BiochemicalReaction3391,1,http://www.reactome.org/biopax/96/56210#Catalysis2195
3128,2445|2447,2446|5327|8476,2,3,http://www.reactome.org/biopax/96/56210#BiochemicalReaction3596,1,http://www.reactome.org/biopax/96/56210#Catalysis2285
3129,1752|8122|9025,8124,3,1,http://www.reactome.org/biopax/96/56210#BiochemicalReaction2501,1,http://www.reactome.org/biopax/96/56210#Catalysis1366
3130,4527|6932,6398,2,1,http://www.reactome.org/biopax/96/56210#BiochemicalReaction4897,1,http://www.reactome.org/biopax/96/56210#Catalysis2869
3131,2270|2290|8045,2281|8395,3,2,http://www.reactome.org/biopax/96/56210#BiochemicalReaction247,1,http://www.reactome.org/biopax/96/56210#Catalysis140
3132,4273|9544,4275|9545,2,2,http://www.reactome.org/biopax/96/56210#BiochemicalReaction777,1,http://www.reactome.org/biopax/96/56210#Catalysis507
3133,4969|8274|9269,8208|8275,3,2,http://www.reactome.org/biopax/96/56210#BiochemicalReaction2611,-1,http://www.reactome.org/biopax/96/56210#Control235
3134,4531|6845|8045,4532|8395,3,2,http://www.reactome.org/biopax/96/56210#BiochemicalReaction1115,1,http://www.reactome.org/biopax/96/56210#Catalysis672
3135,7530|7563|8259,7564|8270,3,2,http://www.reactome.org/biopax/96/56210#BiochemicalReaction2008,1,http://www.reactome.org/biopax/96/56210#Catalysis1012
3136,1844|8374,8375,2,1,http://www.reactome.org/biopax/96/56210#BiochemicalReaction2728,1,http://www.reactome.org/biopax/96/56210#Catalysis1585
3137,2758|5547|8045,2761|8395,3,2,http://www.reactome.org/biopax/96/56210#BiochemicalReaction3862,1,http://www.reactome.org/biopax/96/56210#Catalysis2391
3138,279|6711,281,2,1,http://www.reactome.org/biopax/96/56210#BiochemicalReaction1002,1,http://www.reactome.org/biopax/96/56210#Control92
3140,6277|9142,9144,2,1,http://www.reactome.org/biopax/96/56210#BiochemicalReaction464,1,http://www.reactome.org/biopax/96/56210#Catalysis275
3142,6009|6833|8259,6010|8270,3,2,http://www.reactome.org/biopax/96/56210#BiochemicalReaction1100,1,http://www.reactome.org/biopax/96/56210#Catalysis663
3143,5195|8673,8674,2,1,http://www.reactome.org/biopax/96/56210#BiochemicalReaction3092,1,http://www.reactome.org/biopax/96/56210#Catalysis1913
3144,7486|7530|8259,7532|8270,3,2,http://www.reactome.org/biopax/96/56210#BiochemicalReaction1963,1,http://www.reactome.org/biopax/96/56210#Catalysis980
3145,345|7961,7964,2,1,http://www.reactome.org/biopax/96/56210#BiochemicalReaction2378,1,http://www.reactome.org/biopax/96/56210#Catalysis1245
3146,6465|7483|8259,7484|8270,3,2,http://www.reactome.org/biopax/96/56210#BiochemicalReaction1871,1,http://www.reactome.org/biopax/96/56210#Catalysis932
3147,6256|8395|8561,8045|8560,3,2,http://www.reactome.org/biopax/96/56210#BiochemicalReaction2975,1,http://www.reactome.org/biopax/96/56210#Catalysis1797
3148,371|9308|9580,9573|9574|9579,3,3,http://www.reactome.org/biopax/96/56210#BiochemicalReaction1066,1,http://www.reactome.org/biopax/96/56210#Catalysis643
3149,1751|8019|8129,7857|8130,3,2,http://www.reactome.org/biopax/96/56210#BiochemicalReaction2505,1,http://www.reactome.org/biopax/96/56210#Catalysis1370
3150,1726|1727,1728,2,1,http://www.reactome.org/biopax/96/56210#BiochemicalReaction2425,1,http://www.reactome.org/biopax/96/56210#Catalysis1291
3151,5063|7986|8388|9515,7977|8389,4,2,http://www.reactome.org/biopax/96/56210#BiochemicalReaction2744,1,http://www.reactome.org/biopax/96/56210#Catalysis1598
3152,742|6462|7045,750,3,1,http://www.reactome.org/biopax/96/56210#BiochemicalReaction1425,-1,http://www.reactome.org/biopax/96/56210#Control146
3153,3747|5958|9270,5959|8790,3,2,http://www.reactome.org/biopax/96/56210#BiochemicalReaction4736,1,http://www.reactome.org/biopax/96/56210#Catalysis2726
3155,3407,442|7427,1,2,http://www.reactome.org/biopax/96/56210#BiochemicalReaction4509,1,http://www.reactome.org/biopax/96/56210#Catalysis2643
3156,2047|5186|8045|8652,2048|8938|8974,4,3,http://www.reactome.org/biopax/96/56210#BiochemicalReaction3068,1,http://www.reactome.org/biopax/96/56210#Catalysis1889
3157,4951|8093|8094,8091|8096,3,2,http://www.reactome.org/biopax/96/56210#BiochemicalReaction2481,1,http://www.reactome.org/biopax/96/56210#Catalysis1346
3158,3159|4325|8045,3160|8395,3,2,http://www.reactome.org/biopax/96/56210#BiochemicalReaction4243,1,http://www.reactome.org/biopax/96/56210#Catalysis2537
3159,133|2646,2647,2,1,http://www.reactome.org/biopax/96/56210#BiochemicalReaction3758,1,http://www.reactome.org/biopax/96/56210#Control349
3160,1741|8475|9308,8477,3,1,http://www.reactome.org/biopax/96/56210#BiochemicalReaction2826,1,http://www.reactome.org/biopax/96/56210#Catalysis1676
3161,6342|9466,8191,2,1,http://www.reactome.org/biopax/96/56210#BiochemicalReaction591,1,http://www.reactome.org/biopax/96/56210#Catalysis397
3163,1379|8259,1301|8270,2,2,http://www.reactome.org/biopax/96/56210#BiochemicalReaction1936,1,http://www.reactome.org/biopax/96/56210#Catalysis964
3164,2229|5276|5298,2244,3,1,http://www.reactome.org/biopax/96/56210#BiochemicalReaction3383,1,http://www.reactome.org/biopax/96/56210#Catalysis2187
3165,6275|9242|9244,9243|9245,3,2,http://www.reactome.org/biopax/96/56210#BiochemicalReaction462,1,http://www.reactome.org/biopax/96/56210#Catalysis273
3166,1045|7775,1046|7776,2,2,http://www.reactome.org/biopax/96/56210#BiochemicalReaction1635,1,http://www.reactome.org/biopax/96/56210#Catalysis834
3167,1868|8471|9159,8470|9002|9161,3,3,http://www.reactome.org/biopax/96/56210#BiochemicalReaction2822,1,http://www.reactome.org/biopax/96/56210#Catalysis1672
3168,4162|8045,4163|8395,2,2,http://www.reactome.org/biopax/96/56210#BiochemicalReaction684,1,http://www.reactome.org/biopax/96/56210#Catalysis465
3169,1845|8374|8376,8377|8974,3,2,http://www.reactome.org/biopax/96/56210#BiochemicalReaction2731,1,http://www.reactome.org/biopax/96/56210#Catalysis1588
3170,3730|4085,6793,2,1,http://www.reactome.org/biopax/96/56210#BiochemicalReaction4720,1,http://www.reactome.org/biopax/96/56210#Catalysis2720
3171,2086|8721,8722|8723,2,2,http://www.reactome.org/biopax/96/56210#BiochemicalReaction3140,1,http://www.reactome.org/biopax/96/56210#Catalysis1959
3172,793|844|8303,855|8313,3,2,http://www.reactome.org/biopax/96/56210#BiochemicalReaction137,1,http://www.reactome.org/biopax/96/56210#Catalysis92
3173,3795|9140,9139,2,1,http://www.reactome.org/biopax/96/56210#BiochemicalReaction345,1,http://www.reactome.org/biopax/96/56210#Catalysis209
3174,361|4510,362|6777,2,2,http://www.reactome.org/biopax/96/56210#BiochemicalReaction1053,1,http://www.reactome.org/biopax/96/56210#Catalysis635
3175,6549|8277|8278,8279|8988,3,2,http://www.reactome.org/biopax/96/56210#BiochemicalReaction2613,1,http://www.reactome.org/biopax/96/56210#Catalysis1476
3176,1038|9166,9121,2,1,http://www.reactome.org/biopax/96/56210#BiochemicalReaction1632,1,http://www.reactome.org/biopax/96/56210#Catalysis832
3177,4163|4168|8045,4165|8395,3,2,http://www.reactome.org/biopax/96/56210#BiochemicalReaction685,1,http://www.reactome.org/biopax/96/56210#Catalysis466
3178,2172|8879|9014|9098,8209|8880|8881,4,3,http://www.reactome.org/biopax/96/56210#BiochemicalReaction3292,1,http://www.reactome.org/biopax/96/56210#Catalysis2111
3180,7620|8216|8217,7960|9148,3,2,http://www.reactome.org/biopax/96/56210#BiochemicalReaction2562,1,http://www.reactome.org/biopax/96/56210#Catalysis1425
3181,4050|8045|9209|9308,8395|8476|9210,4,3,http://www.reactome.org/biopax/96/56210#BiochemicalReaction421,1,http://www.reactome.org/biopax/96/56210#Catalysis235
3183,1688|7892,7893,2,1,http://www.reactome.org/biopax/96/56210#BiochemicalReaction2289,1,http://www.reactome.org/biopax/96/56210#Catalysis1166
3184,5177|8045|8638,8395|8639|9515,3,3,http://www.reactome.org/biopax/96/56210#BiochemicalReaction3044,1,http://www.reactome.org/biopax/96/56210#Catalysis1866
3185,1035|7767|9308,7768|7769,3,2,http://www.reactome.org/biopax/96/56210#BiochemicalReaction1630,1,http://www.reactome.org/biopax/96/56210#Catalysis831
3186,2304|8045,2305|8395,2,2,http://www.reactome.org/biopax/96/56210#BiochemicalReaction3445,1,http://www.reactome.org/biopax/96/56210#Catalysis2226
3187,53|6475|7198,6052|6473,3,2,http://www.reactome.org/biopax/96/56210#BiochemicalReaction4840,1,http://www.reactome.org/biopax/96/56210#Catalysis2823
3188,4765|7918|9146,7919|9148|9321,3,3,http://www.reactome.org/biopax/96/56210#BiochemicalReaction2334,1,http://www.reactome.org/biopax/96/56210#Catalysis1204
3189,4974|8240|9308,8241|8243,3,2,http://www.reactome.org/biopax/96/56210#BiochemicalReaction2582,1,http://www.reactome.org/biopax/96/56210#Catalysis1445
3190,1818|5018|8146|8319|9515,1820|8320|9308,5,3,http://www.reactome.org/biopax/96/56210#BiochemicalReaction2680,1,http://www.reactome.org/biopax/96/56210#Catalysis1541
3191,7772|8540|9252|9308,8540|9457|9515,4,3,http://www.reactome.org/biopax/96/56210#BiochemicalReaction2954,-1,http://www.reactome.org/biopax/96/56210#Control290
3192,4698|9302,9450,2,1,http://www.reactome.org/biopax/96/56210#BiochemicalReaction2133,1,http://www.reactome.org/biopax/96/56210#Catalysis1068
3193,1809|8292|9308,8263|8476,3,2,http://www.reactome.org/biopax/96/56210#BiochemicalReaction2647,1,http://www.reactome.org/biopax/96/56210#Catalysis1510
3194,2182|8905|9252,8906|9457|9515,3,3,http://www.reactome.org/biopax/96/56210#BiochemicalReaction3320,1,http://www.reactome.org/biopax/96/56210#Catalysis2138
3195,3054|4085,557|3055|6793,2,3,http://www.reactome.org/biopax/96/56210#BiochemicalReaction4138,1,http://www.reactome.org/biopax/96/56210#Catalysis2492
3196,3127|8045,3128|8395,2,2,http://www.reactome.org/biopax/96/56210#BiochemicalReaction4199,1,http://www.reactome.org/biopax/96/56210#Catalysis2515
3197,4082|9425|9444,9451|9452,3,2,http://www.reactome.org/biopax/96/56210#BiochemicalReaction571,1,http://www.reactome.org/biopax/96/56210#Catalysis380
3198,4183|6407,4184,2,1,http://www.reactome.org/biopax/96/56210#BiochemicalReaction698,1,http://www.reactome.org/biopax/96/56210#Control62
3199,2617|8045,2618|8395,2,2,http://www.reactome.org/biopax/96/56210#BiochemicalReaction3735,1,http://www.reactome.org/biopax/96/56210#Catalysis2333
3201,7662|7670|8259,7669|8270,3,2,http://www.reactome.org/biopax/96/56210#BiochemicalReaction188,1,http://www.reactome.org/biopax/96/56210#Catalysis106
3202,1686|7741|7863,7888|7891,3,2,http://www.reactome.org/biopax/96/56210#BiochemicalReaction2287,1,http://www.reactome.org/biopax/96/56210#Catalysis1164
3203,4927|8045|9146|9193,8016|8395|8476|9515,4,4,http://www.reactome.org/biopax/96/56210#BiochemicalReaction2432,1,http://www.reactome.org/biopax/96/56210#Catalysis1297
3204,4085|4513,6793|9572|9573|9574,2,4,http://www.reactome.org/biopax/96/56210#BiochemicalReaction1058,1,http://www.reactome.org/biopax/96/56210#Catalysis638
3205,6304|8542|9330,9170|9324,3,2,http://www.reactome.org/biopax/96/56210#BiochemicalReaction506,1,http://www.reactome.org/biopax/96/56210#Catalysis317
3206,6369|9165,9495,2,1,http://www.reactome.org/biopax/96/56210#BiochemicalReaction646,1,http://www.reactome.org/biopax/96/56210#Catalysis443
3207,9228|9597,8499,2,1,http://www.reactome.org/biopax/96/56210#BiochemicalReaction2871,-1,http://www.reactome.org/biopax/96/56210#Control250
3208,5750|5752,5751,2,1,http://www.reactome.org/biopax/96/56210#BiochemicalReaction4328,1,http://www.reactome.org/biopax/96/56210#Catalysis2565
3209,2070|2072|9490,2071|9344,3,2,http://www.reactome.org/biopax/96/56210#BiochemicalReaction3118,1,http://www.reactome.org/biopax/96/56210#Catalysis1938
3211,383|4206|4527,384|4206|6821,3,3,http://www.reactome.org/biopax/96/56210#BiochemicalReaction1081,1,http://www.reactome.org/biopax/96/56210#Catalysis652
3212,2762|5548|9308,2763|8476,3,2,http://www.reactome.org/biopax/96/56210#BiochemicalReaction3865,1,http://www.reactome.org/biopax/96/56210#Catalysis2393
3213,96|450|8134,321|9138,3,2,http://www.reactome.org/biopax/96/56210#BiochemicalReaction1155,1,http://www.reactome.org/biopax/96/56210#Catalysis687
3214,6549|8277|8984,8280|8988,3,2,http://www.reactome.org/biopax/96/56210#BiochemicalReaction2615,1,http://www.reactome.org/biopax/96/56210#Catalysis1478
3215,7568|7569|9308,6230|8974,3,2,http://www.reactome.org/biopax/96/56210#BiochemicalReaction2032,1,http://www.reactome.org/biopax/96/56210#Catalysis1024
3216,4996|8292|9308,8263|8476,3,2,http://www.reactome.org/biopax/96/56210#BiochemicalReaction2642,1,http://www.reactome.org/biopax/96/56210#Catalysis1505
3217,2824|4860|8045,4861|8395,3,2,http://www.reactome.org/biopax/96/56210#BiochemicalReaction3916,-1,http://www.reactome.org/biopax/96/56210#Control366
3218,783|6916,1469,2,1,http://www.reactome.org/biopax/96/56210#BiochemicalReaction2041,1,http://www.reactome.org/biopax/96/56210#Catalysis1029
3219,1917|8512|9159,9156|9161|9562,3,3,http://www.reactome.org/biopax/96/56210#BiochemicalReaction2892,1,http://www.reactome.org/biopax/96/56210#Catalysis1734
3220,1661|7860,7859,2,1,http://www.reactome.org/biopax/96/56210#BiochemicalReaction2262,1,http://www.reactome.org/biopax/96/56210#Catalysis1139
3221,650|655|7077,654,3,1,http://www.reactome.org/biopax/96/56210#BiochemicalReaction1347,-1,http://www.reactome.org/biopax/96/56210#Control139
3222,1036|6160|9269,6161,3,1,http://www.reactome.org/biopax/96/56210#BiochemicalReaction4980,1,http://www.reactome.org/biopax/96/56210#Catalysis2903
3223,6890|9246|9253,9256|9259|9262,3,3,http://www.reactome.org/biopax/96/56210#BiochemicalReaction14,1,http://www.reactome.org/biopax/96/56210#Catalysis14
3224,6372|9240,7788,2,1,http://www.reactome.org/biopax/96/56210#BiochemicalReaction642,1,http://www.reactome.org/biopax/96/56210#Catalysis439
3225,3126|3132|8045,3133|8395,3,2,http://www.reactome.org/biopax/96/56210#BiochemicalReaction4203,1,http://www.reactome.org/biopax/96/56210#Catalysis2518
3226,3627|5918|8134,3628|5913|9138,3,3,http://www.reactome.org/biopax/96/56210#BiochemicalReaction4663,1,http://www.reactome.org/biopax/96/56210#Catalysis2700
3227,2329|5187|8045,2337|8395,3,2,http://www.reactome.org/biopax/96/56210#BiochemicalReaction250,1,http://www.reactome.org/biopax/96/56210#Catalysis143
3228,4051|8045|9205|9308,8395|8476|9207,4,3,http://www.reactome.org/biopax/96/56210#BiochemicalReaction422,1,http://www.reactome.org/biopax/96/56210#Catalysis236
3229,5202|8692|9490,8693|9344,3,2,http://www.reactome.org/biopax/96/56210#BiochemicalReaction3120,1,http://www.reactome.org/biopax/96/56210#Catalysis1940
3230,2108|5222|8019|9002,5118|8766,4,2,http://www.reactome.org/biopax/96/56210#BiochemicalReaction3189,1,http://www.reactome.org/biopax/96/56210#Catalysis2008
3231,54|6067|6068,6069|6473,3,2,http://www.reactome.org/biopax/96/56210#BiochemicalReaction4855,1,http://www.reactome.org/biopax/96/56210#Catalysis2838
3232,1887|8045,1888|8395|9515,2,3,http://www.reactome.org/biopax/96/56210#BiochemicalReaction2855,1,http://www.reactome.org/biopax/96/56210#Catalysis1700
3233,2859|8542,9170,2,1,http://www.reactome.org/biopax/96/56210#BiochemicalReaction303,1,http://www.reactome.org/biopax/96/56210#Catalysis182
3234,3136|5258|8045,5695|8395,3,2,http://www.reactome.org/biopax/96/56210#BiochemicalReaction4215,1,http://www.reactome.org/biopax/96/56210#Catalysis2526
3235,7772|8134|9138|9397,8476|8541|9138|9515,4,4,http://www.reactome.org/biopax/96/56210#BiochemicalReaction2957,-1,http://www.reactome.org/biopax/96/56210#Control294
3236,4909|9308|9568,8001|8476,3,2,http://www.reactome.org/biopax/96/56210#BiochemicalReaction2410,1,http://www.reactome.org/biopax/96/56210#Catalysis1277
3237,4963|8199|9513,8198|9148,3,2,http://www.reactome.org/biopax/96/56210#BiochemicalReaction2544,1,http://www.reactome.org/biopax/96/56210#Catalysis1407
3238,5010|8305|9308,8306|8476,3,2,http://www.reactome.org/biopax/96/56210#BiochemicalReaction2670,1,http://www.reactome.org/biopax/96/56210#Catalysis1531
3240,4685|9269|9502,9149|9503|9510,3,3,http://www.reactome.org/biopax/96/56210#BiochemicalReaction2050,1,http://www.reactome.org/biopax/96/56210#Catalysis1034
3241,4071|8542|9120|9338,9170|9337|9346,4,3,http://www.reactome.org/biopax/96/56210#BiochemicalReaction535,1,http://www.reactome.org/biopax/96/56210#Catalysis346
3242,451|8045|9122,452|8395,3,2,http://www.reactome.org/biopax/96/56210#BiochemicalReaction1157,1,http://www.reactome.org/biopax/96/56210#Control129
3243,2152|8045,2161|8395,2,2,http://www.reactome.org/biopax/96/56210#BiochemicalReaction230,1,http://www.reactome.org/biopax/96/56210#Catalysis134
3245,1859|8441,8442,2,1,http://www.reactome.org/biopax/96/56210#BiochemicalReaction2791,1,http://www.reactome.org/biopax/96/56210#Catalysis1643
3246,2814|6995|8045,443|7427|8395|8960,3,4,http://www.reactome.org/biopax/96/56210#BiochemicalReaction3906,1,http://www.reactome.org/biopax/96/56210#Catalysis2412
3247,4662|7178|8963,7182|9308,3,2,http://www.reactome.org/biopax/96/56210#BiochemicalReaction214,1,http://www.reactome.org/biopax/96/56210#Catalysis123
3248,1535|7611|7986|9515,1532|7977,4,2,http://www.reactome.org/biopax/96/56210#BiochemicalReaction2104,1,http://www.reactome.org/biopax/96/56210#Catalysis1053
3249,5065|8045|8434|9148,8435|8938|8974|9308,4,4,http://www.reactome.org/biopax/96/56210#BiochemicalReaction2787,1,http://www.reactome.org/biopax/96/56210#Catalysis1639
3250,3939|6160|9269,6161,3,1,http://www.reactome.org/biopax/96/56210#BiochemicalReaction4979,1,http://www.reactome.org/biopax/96/56210#Catalysis2902
3251,7610|7814,1532,2,1,http://www.reactome.org/biopax/96/56210#BiochemicalReaction2100,1,http://www.reactome.org/biopax/96/56210#Catalysis1049
3252,73|81,4491,2,1,http://www.reactome.org/biopax/96/56210#BiochemicalReaction93,1,http://www.reactome.org/biopax/96/56210#Control4
3253,4063|9156|9315,8152|9317,3,2,http://www.reactome.org/biopax/96/56210#BiochemicalReaction2931,1,http://www.reactome.org/biopax/96/56210#Catalysis1760
3254,5470|7303|8303,5460|8313,3,2,http://www.reactome.org/biopax/96/56210#BiochemicalReaction3623,1,http://www.reactome.org/biopax/96/56210#Catalysis2298
3255,3783|6475|6586,6053|6473,3,2,http://www.reactome.org/biopax/96/56210#BiochemicalReaction4841,1,http://www.reactome.org/biopax/96/56210#Catalysis2824
3256,1746|8164|8406,8165|8167|8408,3,3,http://www.reactome.org/biopax/96/56210#BiochemicalReaction2759,1,http://www.reactome.org/biopax/96/56210#Catalysis1613
3257,703|7486|8259,1356|8270,3,2,http://www.reactome.org/biopax/96/56210#BiochemicalReaction1917,1,http://www.reactome.org/biopax/96/56210#Catalysis951
3258,2705|8045,2706|8395,2,2,http://www.reactome.org/biopax/96/56210#BiochemicalReaction3815,1,http://www.reactome.org/biopax/96/56210#Catalysis2370
3259,1705|4767|7909,4768|7902|9219,3,3,http://www.reactome.org/biopax/96/56210#BiochemicalReaction2342,1,http://www.reactome.org/biopax/96/56210#Catalysis1212
3260,407|2443|8045,2454|6753|8395,3,3,http://www.reactome.org/biopax/96/56210#BiochemicalReaction1118,1,http://www.reactome.org/biopax/96/56210#Catalysis673
3261,345|7991,7993,2,1,http://www.reactome.org/biopax/96/56210#BiochemicalReaction2406,1,http://www.reactome.org/biopax/96/56210#Catalysis1273
3262,0|9252|9308|9419,8600|9457|9515,4,3,http://www.reactome.org/biopax/96/56210#BiochemicalReaction3010,1,http://www.reactome.org/biopax/96/56210#Catalysis1832
3263,1428|4085,1426|6793,2,2,http://www.reactome.org/biopax/96/56210#BiochemicalReaction1992,1,http://www.reactome.org/biopax/96/56210#Catalysis1005
3264,2586|6793,2588,2,1,http://www.reactome.org/biopax/96/56210#BiochemicalReaction3712,1,http://www.reactome.org/biopax/96/56210#Catalysis2323
3265,3861|9308,3859|4527,2,2,http://www.reactome.org/biopax/96/56210#BiochemicalReaction4893,1,http://www.reactome.org/biopax/96/56210#Catalysis2866
3266,1560|8134,1561|9138,2,2,http://www.reactome.org/biopax/96/56210#BiochemicalReaction2139,1,http://www.reactome.org/biopax/96/56210#Catalysis1071
3267,2595|8045,2598|8395,2,2,http://www.reactome.org/biopax/96/56210#BiochemicalReaction3720,1,http://www.reactome.org/biopax/96/56210#Catalysis2327
3268,133|2608|8045,2630|8395,3,2,http://www.reactome.org/biopax/96/56210#BiochemicalReaction3748,1,http://www.reactome.org/biopax/96/56210#Catalysis2338
3269,3449|6903|8146|8152,6904|8162|8171,4,3,http://www.reactome.org/biopax/96/56210#BiochemicalReaction73,1,http://www.reactome.org/biopax/96/56210#Catalysis58
3270,2719|8045,2720|8395,2,2,http://www.reactome.org/biopax/96/56210#BiochemicalReaction3827,1,http://www.reactome.org/biopax/96/56210#Catalysis2376
3271,4272|9179,4273|9545,2,2,http://www.reactome.org/biopax/96/56210#BiochemicalReaction776,1,http://www.reactome.org/biopax/96/56210#Catalysis506
3272,1706|7935|9252,7936|9457|9515,3,3,http://www.reactome.org/biopax/96/56210#BiochemicalReaction2357,1,http://www.reactome.org/biopax/96/56210#Catalysis1224
3274,6254|8542|9121,9166|9170,3,2,http://www.reactome.org/biopax/96/56210#BiochemicalReaction436,1,http://www.reactome.org/biopax/96/56210#Catalysis248
3275,1903|9161|9181,1904|9002|9183,3,3,http://www.reactome.org/biopax/96/56210#BiochemicalReaction2880,1,http://www.reactome.org/biopax/96/56210#Control258
3276,5747|7649,5748,2,1,http://www.reactome.org/biopax/96/56210#BiochemicalReaction4314,1,http://www.reactome.org/biopax/96/56210#Control398
3277,1816|8296|9308,8302|8476,3,2,http://www.reactome.org/biopax/96/56210#BiochemicalReaction2666,1,http://www.reactome.org/biopax/96/56210#Catalysis1528
3278,4055|9140,9139,2,1,http://www.reactome.org/biopax/96/56210#BiochemicalReaction429,1,http://www.reactome.org/biopax/96/56210#Catalysis241
3279,2751|5547|8045,2759|8395,3,2,http://www.reactome.org/biopax/96/56210#BiochemicalReaction3860,1,http://www.reactome.org/biopax/96/56210#Catalysis2390
3280,1978|8162|8534,8535|9515,3,2,http://www.reactome.org/biopax/96/56210#BiochemicalReaction2949,1,http://www.reactome.org/biopax/96/56210#Catalysis1773
3281,2395|8134,2396|9138,2,2,http://www.reactome.org/biopax/96/56210#BiochemicalReaction3540,1,http://www.reactome.org/biopax/96/56210#Catalysis2259
3282,1819|9002|9104,8999|9105,3,2,http://www.reactome.org/biopax/96/56210#BiochemicalReaction210,1,http://www.reactome.org/biopax/96/56210#Catalysis120
3283,3928|4085,3925|6793,2,2,http://www.reactome.org/biopax/96/56210#BiochemicalReaction4963,1,http://www.reactome.org/biopax/96/56210#Catalysis2890
3284,2468|5468|8303,5469|8313,3,2,http://www.reactome.org/biopax/96/56210#BiochemicalReaction3621,1,http://www.reactome.org/biopax/96/56210#Catalysis2297
3285,1581|9476,9475,2,1,http://www.reactome.org/biopax/96/56210#BiochemicalReaction2171,1,http://www.reactome.org/biopax/96/56210#Catalysis1085
3286,3459|8045,3460|8395,2,2,http://www.reactome.org/biopax/96/56210#BiochemicalReaction4573,1,http://www.reactome.org/biopax/96/56210#Catalysis2669
3287,5008|8296|9308,8302|8476,3,2,http://www.reactome.org/biopax/96/56210#BiochemicalReaction2664,1,http://www.reactome.org/biopax/96/56210#Catalysis1526
3288,4749|4868|8045,4750|8395|9219,3,3,http://www.reactome.org/biopax/96/56210#BiochemicalReaction2312,1,http://www.reactome.org/biopax/96/56210#Catalysis1187
3289,5003|8260|9308,8263|8476,3,2,http://www.reactome.org/biopax/96/56210#BiochemicalReaction2655,1,http://www.reactome.org/biopax/96/56210#Catalysis1518
3290,1381|7518|8045,7519|8395,3,2,http://www.reactome.org/biopax/96/56210#BiochemicalReaction1941,1,http://www.reactome.org/biopax/96/56210#Catalysis968
3291,1886|7665,1887,2,1,http://www.reactome.org/biopax/96/56210#BiochemicalReaction2854,1,http://www.reactome.org/biopax/96/56210#Catalysis1699
3292,323|3296|9308,3297|8476,3,2,http://www.reactome.org/biopax/96/56210#BiochemicalReaction4378,1,http://www.reactome.org/biopax/96/56210#Catalysis2584
3293,5988|9040|9041,9042|9043,3,2,http://www.reactome.org/biopax/96/56210#BiochemicalReaction4778,1,http://www.reactome.org/biopax/96/56210#Catalysis2768
3294,4983|8265|9513,9148|9530,3,2,http://www.reactome.org/biopax/96/56210#BiochemicalReaction2604,1,http://www.reactome.org/biopax/96/56210#Catalysis1467
3295,130|6544,6545|6546,2,2,http://www.reactome.org/biopax/96/56210#BiochemicalReaction877,1,http://www.reactome.org/biopax/96/56210#Catalysis562
3296,2158|8146|9124|9362,8771|8855,4,2,http://www.reactome.org/biopax/96/56210#BiochemicalReaction3272,1,http://www.reactome.org/biopax/96/56210#Catalysis2091
3297,1903|1907|9181,1904|9002|9183,3,3,http://www.reactome.org/biopax/96/56210#BiochemicalReaction2880,1,http://www.reactome.org/biopax/96/56210#Catalysis1723
3298,3193,3194|5737|5738|6956|8270|8287,1,6,http://www.reactome.org/biopax/96/56210#BiochemicalReaction4282,1,http://www.reactome.org/biopax/96/56210#Catalysis2553
3299,2268|2280|8045,2285|8395,3,2,http://www.reactome.org/biopax/96/56210#BiochemicalReaction3424,1,http://www.reactome.org/biopax/96/56210#Catalysis2215
3300,2735|8045,2738|8395,2,2,http://www.reactome.org/biopax/96/56210#BiochemicalReaction3843,1,http://www.reactome.org/biopax/96/56210#Catalysis2384
3301,681|6916|7108,682,3,1,http://www.reactome.org/biopax/96/56210#BiochemicalReaction1370,1,http://www.reactome.org/biopax/96/56210#Catalysis746
3302,1794|8139|8277,8019|8988,3,2,http://www.reactome.org/biopax/96/56210#BiochemicalReaction2617,1,http://www.reactome.org/biopax/96/56210#Catalysis1480
3303,3783|6458,6047|6473,2,2,http://www.reactome.org/biopax/96/56210#BiochemicalReaction4836,1,http://www.reactome.org/biopax/96/56210#Catalysis2819
3304,3611|5914|8134,3612|5913|9138,3,3,http://www.reactome.org/biopax/96/56210#BiochemicalReaction4656,1,http://www.reactome.org/biopax/96/56210#Catalysis2693
3305,1830|4744|7896,1831|7906,3,2,http://www.reactome.org/biopax/96/56210#BiochemicalReaction2703,1,http://www.reactome.org/biopax/96/56210#Catalysis1561
3306,2694|8045,2696|8395,2,2,http://www.reactome.org/biopax/96/56210#BiochemicalReaction3804,1,http://www.reactome.org/biopax/96/56210#Catalysis2364
3307,7854|7855|9156|9181,7856|9002|9183|9184,4,4,http://www.reactome.org/biopax/96/56210#BiochemicalReaction2235,-1,http://www.reactome.org/biopax/96/56210#Control203
3309,4911|7961|9308,7962|8476,3,2,http://www.reactome.org/biopax/96/56210#BiochemicalReaction2376,1,http://www.reactome.org/biopax/96/56210#Catalysis1243
3310,1735|8031|8032|8146|9515,8033|8034|9308,5,3,http://www.reactome.org/biopax/96/56210#BiochemicalReaction2445,1,http://www.reactome.org/biopax/96/56210#Catalysis1310
3311,2081|8712|8999|9002|9161,8713|9025|9159,5,3,http://www.reactome.org/biopax/96/56210#BiochemicalReaction3131,1,http://www.reactome.org/biopax/96/56210#Control310
3312,2851|6793,2852|6789,2,2,http://www.reactome.org/biopax/96/56210#BiochemicalReaction3938,1,http://www.reactome.org/biopax/96/56210#Catalysis2431
3313,3636|9142,9144,2,1,http://www.reactome.org/biopax/96/56210#BiochemicalReaction335,1,http://www.reactome.org/biopax/96/56210#Catalysis201
3314,4917|9308|9568,8001|8476,3,2,http://www.reactome.org/biopax/96/56210#BiochemicalReaction2411,1,http://www.reactome.org/biopax/96/56210#Catalysis1278
3316,6258|9149|9496,9227|9515,3,2,http://www.reactome.org/biopax/96/56210#BiochemicalReaction440,1,http://www.reactome.org/biopax/96/56210#Catalysis252
3317,4657|9269|9502,7785|9503,3,2,http://www.reactome.org/biopax/96/56210#BiochemicalReaction1827,1,http://www.reactome.org/biopax/96/56210#Catalysis905
3318,6699|9308|9556,8476|9557,3,2,http://www.reactome.org/biopax/96/56210#BiochemicalReaction996,1,http://www.reactome.org/biopax/96/56210#Catalysis607
3319,4421|8045|9214|9308,8395|8476|9215,4,3,http://www.reactome.org/biopax/96/56210#BiochemicalReaction425,1,http://www.reactome.org/biopax/96/56210#Catalysis239
3320,3412|4158|8045,3413|8395,3,2,http://www.reactome.org/biopax/96/56210#BiochemicalReaction4530,1,http://www.reactome.org/biopax/96/56210#Catalysis2654
3321,1919|8472|9183|9184,8019|9160|9181,4,3,http://www.reactome.org/biopax/96/56210#BiochemicalReaction2896,1,http://www.reactome.org/biopax/96/56210#Catalysis1738
3322,5983|7741,9032,2,1,http://www.reactome.org/biopax/96/56210#BiochemicalReaction4769,1,http://www.reactome.org/biopax/96/56210#Catalysis2759
3323,5190|9303|9310,9300|9313,3,2,http://www.reactome.org/biopax/96/56210#BiochemicalReaction3074,1,http://www.reactome.org/biopax/96/56210#Catalysis1895
3324,5096|5099|7832,5098|9148,3,2,http://www.reactome.org/biopax/96/56210#BiochemicalReaction2852,1,http://www.reactome.org/biopax/96/56210#Catalysis1698
3325,427|5273|8045,428|8395,3,2,http://www.reactome.org/biopax/96/56210#BiochemicalReaction1139,1,http://www.reactome.org/biopax/96/56210#Catalysis677
3326,6269|9170|9193,8542|9194,3,2,http://www.reactome.org/biopax/96/56210#BiochemicalReaction454,1,http://www.reactome.org/biopax/96/56210#Control45
3327,5062|8386|9252,8387|9457|9515,3,3,http://www.reactome.org/biopax/96/56210#BiochemicalReaction2743,1,http://www.reactome.org/biopax/96/56210#Catalysis1597
3328,2420|8045,2422|8395,2,2,http://www.reactome.org/biopax/96/56210#BiochemicalReaction3569,1,http://www.reactome.org/biopax/96/56210#Catalysis2271
3329,1628|9453,1629|9446|9515,2,3,http://www.reactome.org/biopax/96/56210#BiochemicalReaction2212,1,http://www.reactome.org/biopax/96/56210#Catalysis1091
3330,53|345|7128,6048|6473,3,2,http://www.reactome.org/biopax/96/56210#BiochemicalReaction4837,1,http://www.reactome.org/biopax/96/56210#Catalysis2820
3331,7619|7829|7986|8146|9515,7830|7977|9308,5,3,http://www.reactome.org/biopax/96/56210#BiochemicalReaction2116,1,http://www.reactome.org/biopax/96/56210#Catalysis1061
3332,6368|9166,9121,2,1,http://www.reactome.org/biopax/96/56210#BiochemicalReaction628,1,http://www.reactome.org/biopax/96/56210#Catalysis430
3333,6007|6032|9440,6033|9219|9438,3,3,http://www.reactome.org/biopax/96/56210#BiochemicalReaction4826,1,http://www.reactome.org/biopax/96/56210#Catalysis2809
3334,3584|8045|8260,8395|9570,3,2,http://www.reactome.org/biopax/96/56210#BiochemicalReaction4645,1,http://www.reactome.org/biopax/96/56210#Catalysis2689
3335,4969|9167|9269,8208|8257,3,2,http://www.reactome.org/biopax/96/56210#BiochemicalReaction2597,-1,http://www.reactome.org/biopax/96/56210#Control233
