hyperedge_id,source_nodes,target_nodes,source_size,target_size,reaction_id,sign,control_id,old_hyperedge_id
0,3622|4378|4692,4380|4694,3,2,http://www.reactome.org/biopax/96/56210#BiochemicalReaction2761,1,http://www.reactome.org/biopax/96/56210#Catalysis1615,1
1,2271|4132|5496,4134|5664|5713,3,3,http://www.reactome.org/biopax/96/56210#BiochemicalReaction4263,1,http://www.reactome.org/biopax/96/56210#Catalysis2548,2
2,879|4500|4518,4556|5236,3,2,http://www.reactome.org/biopax/96/56210#BiochemicalReaction2600,1,http://www.reactome.org/biopax/96/56210#Catalysis1463,3
3,731|4059|4348,730|4679|5236|5713,3,4,http://www.reactome.org/biopax/96/56210#BiochemicalReaction197,1,http://www.reactome.org/biopax/96/56210#Catalysis112,4
4,1116|5007|5254|5384|5404,5006|5276|5383,5,3,http://www.reactome.org/biopax/96/56210#BiochemicalReaction3154,1,http://www.reactome.org/biopax/96/56210#Catalysis1973,5
5,1230|5236|5538,4757,3,1,http://www.reactome.org/biopax/96/56210#BiochemicalReaction3362,1,http://www.reactome.org/biopax/96/56210#Catalysis2180,6
6,1239|1241|4348,1240|4679,3,2,http://www.reactome.org/biopax/96/56210#BiochemicalReaction3373,1,http://www.reactome.org/biopax/96/56210#Catalysis2184,7
7,1212|4348|5229|5694,4679|4757|5198,4,3,http://www.reactome.org/biopax/96/56210#BiochemicalReaction3338,1,http://www.reactome.org/biopax/96/56210#Catalysis2156,8
8,2899|5379,5380,2,1,http://www.reactome.org/biopax/96/56210#BiochemicalReaction269,1,http://www.reactome.org/biopax/96/56210#Catalysis153,9
9,18|4553,19|4564,2,2,http://www.reactome.org/biopax/96/56210#BiochemicalReaction804,1,http://www.reactome.org/biopax/96/56210#Catalysis522,10
10,3978|4665|4666|4667,4668|4669,4,2,http://www.reactome.org/biopax/96/56210#BiochemicalReaction2735,1,http://www.reactome.org/biopax/96/56210#Catalysis1591,11
11,1111|4999|5713,4460|5001,3,2,http://www.reactome.org/biopax/96/56210#BiochemicalReaction3227,1,http://www.reactome.org/biopax/96/56210#Catalysis2046,12
12,59|552|4433,170|5386,3,2,http://www.reactome.org/biopax/96/56210#BiochemicalReaction1808,1,http://www.reactome.org/biopax/96/56210#Catalysis901,13
13,3399|5639|5660,5640|5661,3,2,http://www.reactome.org/biopax/96/56210#BiochemicalReaction573,1,http://www.reactome.org/biopax/96/56210#Catalysis382,14
14,3343|5418|5440,4821|5441,3,2,http://www.reactome.org/biopax/96/56210#BiochemicalReaction454,1,http://www.reactome.org/biopax/96/56210#Catalysis266,15
15,1302|1309|4348,1312|4679,3,2,http://www.reactome.org/biopax/96/56210#BiochemicalReaction3476,1,http://www.reactome.org/biopax/96/56210#Catalysis2234,16
16,1235|1237,1234|4757,2,2,http://www.reactome.org/biopax/96/56210#BiochemicalReaction3398,1,http://www.reactome.org/biopax/96/56210#Catalysis2202,17
17,3161|3163|5511,3162|5513,3,2,http://www.reactome.org/biopax/96/56210#BiochemicalReaction4737,1,http://www.reactome.org/biopax/96/56210#Catalysis2727,18
18,925|4659|4660,4661|5236,3,2,http://www.reactome.org/biopax/96/56210#BiochemicalReaction2730,1,http://www.reactome.org/biopax/96/56210#Catalysis1587,20
19,2695|4348|4681|5396,4682|5209|5236,4,3,http://www.reactome.org/biopax/96/56210#BiochemicalReaction2751,1,http://www.reactome.org/biopax/96/56210#Catalysis1605,21
20,79|4593,31|80|81|3550|4602,2,5,http://www.reactome.org/biopax/96/56210#BiochemicalReaction918,1,http://www.reactome.org/biopax/96/56210#Catalysis584,22
21,1253|2871|2886,1254|2878,3,2,http://www.reactome.org/biopax/96/56210#BiochemicalReaction3388,1,http://www.reactome.org/biopax/96/56210#Catalysis2192,23
22,2161|5616,5617,2,1,http://www.reactome.org/biopax/96/56210#BiochemicalReaction545,1,http://www.reactome.org/biopax/96/56210#Catalysis354,24
23,2744|4794|5254|5409,4795|5266|5407,4,3,http://www.reactome.org/biopax/96/56210#BiochemicalReaction2913,1,http://www.reactome.org/biopax/96/56210#Control277,25
24,2865|5184|5538,5185,3,1,http://www.reactome.org/biopax/96/56210#BiochemicalReaction3323,1,http://www.reactome.org/biopax/96/56210#Catalysis2141,26
25,172|4593,173|4602,2,2,http://www.reactome.org/biopax/96/56210#BiochemicalReaction1032,1,http://www.reactome.org/biopax/96/56210#Catalysis623,28
26,3187|5258|5660,5286|5653,3,2,http://www.reactome.org/biopax/96/56210#BiochemicalReaction4774,1,http://www.reactome.org/biopax/96/56210#Catalysis2764,29
27,2477|2552|5644,2478|4209|5465,3,3,http://www.reactome.org/biopax/96/56210#BiochemicalReaction2344,1,http://www.reactome.org/biopax/96/56210#Catalysis1214,30
28,1281|4348,1368|4679,2,2,http://www.reactome.org/biopax/96/56210#BiochemicalReaction3585,1,http://www.reactome.org/biopax/96/56210#Catalysis2279,32
29,953|4291|4777|5713,4282|4778,4,2,http://www.reactome.org/biopax/96/56210#BiochemicalReaction2858,1,http://www.reactome.org/biopax/96/56210#Catalysis1703,33
30,1208|5524|5646,5188|5648,3,2,http://www.reactome.org/biopax/96/56210#BiochemicalReaction3331,1,http://www.reactome.org/biopax/96/56210#Catalysis2149,34
31,3671|3770,3114,2,1,http://www.reactome.org/biopax/96/56210#BiochemicalReaction4511,1,http://www.reactome.org/biopax/96/56210#Catalysis2644,35
32,584|3848|4553,2415|4564,3,2,http://www.reactome.org/biopax/96/56210#BiochemicalReaction1890,-1,http://www.reactome.org/biopax/96/56210#Control177,36
33,985|5407|5547,4165|5254|5409,3,3,http://www.reactome.org/biopax/96/56210#BiochemicalReaction2900,1,http://www.reactome.org/biopax/96/56210#Catalysis1742,37
34,1018|4094,1019,2,1,http://www.reactome.org/biopax/96/56210#BiochemicalReaction2942,1,http://www.reactome.org/biopax/96/56210#Control287,38
35,3195|5263|5301,5302|5303,3,2,http://www.reactome.org/biopax/96/56210#BiochemicalReaction4786,1,http://www.reactome.org/biopax/96/56210#Control436,39
36,2777|4915,4916,2,1,http://www.reactome.org/biopax/96/56210#BiochemicalReaction3040,1,http://www.reactome.org/biopax/96/56210#Catalysis1862,40
37,1365|4348,1366|4679,2,2,http://www.reactome.org/biopax/96/56210#BiochemicalReaction3582,1,http://www.reactome.org/biopax/96/56210#Catalysis2277,41
38,1865|4433,1866|5386,2,2,http://www.reactome.org/biopax/96/56210#BiochemicalReaction4602,1,http://www.reactome.org/biopax/96/56210#Catalysis2675,42
39,290|291|3671,292,3,1,http://www.reactome.org/biopax/96/56210#BiochemicalReaction1262,1,http://www.reactome.org/biopax/96/56210#Catalysis724,43
40,2833|5369|5538,2837|4757,3,2,http://www.reactome.org/biopax/96/56210#BiochemicalReaction254,1,http://www.reactome.org/biopax/96/56210#Control26,44
41,944|4348|5617,945|946,3,2,http://www.reactome.org/biopax/96/56210#BiochemicalReaction2846,1,http://www.reactome.org/biopax/96/56210#Control245,45
42,3956|3960|4553,3961|4564,3,2,http://www.reactome.org/biopax/96/56210#BiochemicalReaction1965,1,http://www.reactome.org/biopax/96/56210#Catalysis982,46
43,1917|3144|4433,1918|3140|5386,3,3,http://www.reactome.org/biopax/96/56210#BiochemicalReaction4662,1,http://www.reactome.org/biopax/96/56210#Catalysis2699,47
44,761|4037,762,2,1,http://www.reactome.org/biopax/96/56210#BiochemicalReaction2231,1,http://www.reactome.org/biopax/96/56210#Catalysis1109,48
45,1510|4348,1511|4679,2,2,http://www.reactome.org/biopax/96/56210#BiochemicalReaction3798,1,http://www.reactome.org/biopax/96/56210#Catalysis2362,49
46,2861|4092|4361|5175|5499,4363|5176|5492,5,3,http://www.reactome.org/biopax/96/56210#BiochemicalReaction3314,1,http://www.reactome.org/biopax/96/56210#Catalysis2132,51
47,843|4398|4401|5254,4402|4403,4,2,http://www.reactome.org/biopax/96/56210#BiochemicalReaction2487,1,http://www.reactome.org/biopax/96/56210#Catalysis1352,52
48,796|2443|5643,2444|4209|5465,3,3,http://www.reactome.org/biopax/96/56210#BiochemicalReaction2297,1,http://www.reactome.org/biopax/96/56210#Catalysis1174,53
49,2188|5689|5713,5392|5551,3,2,http://www.reactome.org/biopax/96/56210#BiochemicalReaction616,1,http://www.reactome.org/biopax/96/56210#Catalysis419,54
50,234|1449|4433,235|5386,3,2,http://www.reactome.org/biopax/96/56210#BiochemicalReaction3731,1,http://www.reactome.org/biopax/96/56210#Catalysis2331,55
51,158|1372|4348,157|4679,3,2,http://www.reactome.org/biopax/96/56210#BiochemicalReaction1021,1,http://www.reactome.org/biopax/96/56210#Catalysis618,56
52,3317|4348|4819|5130|5538,5209|5229|5236|5657|5713,5,5,http://www.reactome.org/biopax/96/56210#BiochemicalReaction2956,1,http://www.reactome.org/biopax/96/56210#Catalysis1779,58
53,2921|2922|4348,2923|4679,3,2,http://www.reactome.org/biopax/96/56210#BiochemicalReaction3510,1,http://www.reactome.org/biopax/96/56210#Catalysis2250,60
54,2540|2542|5253|5254,2541|5266|5276,4,3,http://www.reactome.org/biopax/96/56210#BiochemicalReaction202,1,http://www.reactome.org/biopax/96/56210#Control20,61
55,414|665|4553,666|4564,3,2,http://www.reactome.org/biopax/96/56210#BiochemicalReaction2016,1,http://www.reactome.org/biopax/96/56210#Catalysis1014,62
56,2628|4545|5510,4546|4547,3,2,http://www.reactome.org/biopax/96/56210#BiochemicalReaction2593,1,http://www.reactome.org/biopax/96/56210#Catalysis1456,63
57,149|3618,151,2,1,http://www.reactome.org/biopax/96/56210#BiochemicalReaction1002,1,http://www.reactome.org/biopax/96/56210#Control103,64
58,2116|2117|2118,2120,3,1,http://www.reactome.org/biopax/96/56210#BiochemicalReaction388,1,http://www.reactome.org/biopax/96/56210#Control41,65
59,838|5217,5218|5417,2,2,http://www.reactome.org/biopax/96/56210#BiochemicalReaction3350,1,http://www.reactome.org/biopax/96/56210#Catalysis2168,66
60,1464,1465|4757,1,2,http://www.reactome.org/biopax/96/56210#BiochemicalReaction3751,1,http://www.reactome.org/biopax/96/56210#Catalysis2340,67
61,3347|4821|5488,5418|5489,3,2,http://www.reactome.org/biopax/96/56210#BiochemicalReaction457,1,http://www.reactome.org/biopax/96/56210#Catalysis269,69
62,2261|4553,2262|3458|4564,2,3,http://www.reactome.org/biopax/96/56210#BiochemicalReaction782,1,http://www.reactome.org/biopax/96/56210#Catalysis509,71
63,4049|4291|5617|5713,4181|4282,4,2,http://www.reactome.org/biopax/96/56210#BiochemicalReaction2265,1,http://www.reactome.org/biopax/96/56210#Catalysis1142,73
64,2705|4291|4445|4734|5713,4282|4735|5538,5,3,http://www.reactome.org/biopax/96/56210#BiochemicalReaction2805,1,http://www.reactome.org/biopax/96/56210#Catalysis1656,74
65,3196|5263|5305,5302|5306,3,2,http://www.reactome.org/biopax/96/56210#BiochemicalReaction4789,1,http://www.reactome.org/biopax/96/56210#Catalysis2779,75
66,2449|2451|5647,2450|5465|5645,3,3,http://www.reactome.org/biopax/96/56210#BiochemicalReaction2301,1,http://www.reactome.org/biopax/96/56210#Catalysis1178,76
67,2570|4104|4280|4553,4281|4564,4,2,http://www.reactome.org/biopax/96/56210#BiochemicalReaction2388,1,http://www.reactome.org/biopax/96/56210#Catalysis1255,77
68,2658|4600|5538,4509|4601,3,2,http://www.reactome.org/biopax/96/56210#BiochemicalReaction2674,1,http://www.reactome.org/biopax/96/56210#Catalysis1535,78
69,111|185,112,2,1,http://www.reactome.org/biopax/96/56210#BiochemicalReaction946,1,http://www.reactome.org/biopax/96/56210#Control77,79
70,167|168|3704,230|3654,3,2,http://www.reactome.org/biopax/96/56210#BiochemicalReaction1143,-1,http://www.reactome.org/biopax/96/56210#Control127,80
71,202|2377|5538,5759|5760|5762,3,3,http://www.reactome.org/biopax/96/56210#BiochemicalReaction1067,1,http://www.reactome.org/biopax/96/56210#Catalysis644,81
72,596|3917|4575,359|4577,3,2,http://www.reactome.org/biopax/96/56210#BiochemicalReaction1909,1,http://www.reactome.org/biopax/96/56210#Catalysis947,82
73,1542|3671,1543,2,1,http://www.reactome.org/biopax/96/56210#BiochemicalReaction3839,1,http://www.reactome.org/biopax/96/56210#Catalysis2382,83
74,786|4201|5496|5538,5542|5664|5713,4,3,http://www.reactome.org/biopax/96/56210#BiochemicalReaction3318,1,http://www.reactome.org/biopax/96/56210#Catalysis2136,84
75,3175|4491|5261,5262|5396,3,2,http://www.reactome.org/biopax/96/56210#BiochemicalReaction4751,1,http://www.reactome.org/biopax/96/56210#Catalysis2741,85
76,840|4462|4689,4463|4465|4691,3,3,http://www.reactome.org/biopax/96/56210#BiochemicalReaction2758,1,http://www.reactome.org/biopax/96/56210#Catalysis1612,86
77,849|4432,4434,2,1,http://www.reactome.org/biopax/96/56210#BiochemicalReaction2508,1,http://www.reactome.org/biopax/96/56210#Catalysis1373,87
78,1128|5032|5276|5407,4101|5254|5383|5409,4,4,http://www.reactome.org/biopax/96/56210#BiochemicalReaction3183,1,http://www.reactome.org/biopax/96/56210#Catalysis2002,88
79,1888|4348,1883|4679,2,2,http://www.reactome.org/biopax/96/56210#BiochemicalReaction4642,1,http://www.reactome.org/biopax/96/56210#Catalysis2688,89
80,2815|4322|5029|5276|5407,4163|5025|5254|5409,5,4,http://www.reactome.org/biopax/96/56210#BiochemicalReaction3179,1,http://www.reactome.org/biopax/96/56210#Catalysis1998,90
81,1423|2966|3671,1424,3,1,http://www.reactome.org/biopax/96/56210#BiochemicalReaction3703,-1,http://www.reactome.org/biopax/96/56210#Control342,91
82,2277|3062|5538,3063|5248,3,2,http://www.reactome.org/biopax/96/56210#BiochemicalReaction4333,1,http://www.reactome.org/biopax/96/56210#Catalysis2569,92
83,2693|4707|5496,4708|5664|5713,3,3,http://www.reactome.org/biopax/96/56210#BiochemicalReaction2773,1,http://www.reactome.org/biopax/96/56210#Catalysis1627,93
84,65,66|4679,1,2,http://www.reactome.org/biopax/96/56210#BiochemicalReaction852,1,http://www.reactome.org/biopax/96/56210#Catalysis544,94
85,1572|4348,1573|4679,2,2,http://www.reactome.org/biopax/96/56210#BiochemicalReaction3876,1,http://www.reactome.org/biopax/96/56210#Catalysis2399,95
86,254|2169,255|3671,2,2,http://www.reactome.org/biopax/96/56210#BiochemicalReaction1175,1,http://www.reactome.org/biopax/96/56210#Catalysis696,97
87,1135|5045|5664|5713,5372|5496,4,2,http://www.reactome.org/biopax/96/56210#BiochemicalReaction3196,1,http://www.reactome.org/biopax/96/56210#Catalysis2015,98
88,1018|5657,1019,2,1,http://www.reactome.org/biopax/96/56210#BiochemicalReaction2942,1,http://www.reactome.org/biopax/96/56210#Control288,100
89,1011|4802|5229|5713,5254|5383|5614,4,3,http://www.reactome.org/biopax/96/56210#BiochemicalReaction2927,1,http://www.reactome.org/biopax/96/56210#Catalysis1756,101
90,1238|2878|4348,2880|4679,3,2,http://www.reactome.org/biopax/96/56210#BiochemicalReaction3371,1,http://www.reactome.org/biopax/96/56210#Catalysis2183,102
91,215|4348,215|4679,2,2,http://www.reactome.org/biopax/96/56210#BiochemicalReaction1106,1,http://www.reactome.org/biopax/96/56210#Catalysis668,103
92,1762|3055|5511,3059|5513,3,2,http://www.reactome.org/biopax/96/56210#BiochemicalReaction4330,-1,http://www.reactome.org/biopax/96/56210#Control401,104
93,604|3940|4610,605|4619,3,2,http://www.reactome.org/biopax/96/56210#BiochemicalReaction1925,1,http://www.reactome.org/biopax/96/56210#Catalysis957,105
94,2848|5394|5501,5123|5396|5713,3,3,http://www.reactome.org/biopax/96/56210#BiochemicalReaction3267,1,http://www.reactome.org/biopax/96/56210#Catalysis2086,106
95,1821|3705|4348,1822|4679,3,2,http://www.reactome.org/biopax/96/56210#BiochemicalReaction4469,1,http://www.reactome.org/biopax/96/56210#Catalysis2629,107
96,3398|5654|5655,5656|5657,3,2,http://www.reactome.org/biopax/96/56210#BiochemicalReaction570,1,http://www.reactome.org/biopax/96/56210#Catalysis379,108
97,1975|3612|4445|4450,3166|4460|4469,4,3,http://www.reactome.org/biopax/96/56210#BiochemicalReaction4740,1,http://www.reactome.org/biopax/96/56210#Catalysis2730,109
98,3327|5418|5465,5466|5713,3,2,http://www.reactome.org/biopax/96/56210#BiochemicalReaction434,1,http://www.reactome.org/biopax/96/56210#Catalysis246,110
99,2914|5225,4757|5754,2,2,http://www.reactome.org/biopax/96/56210#BiochemicalReaction3499,1,http://www.reactome.org/biopax/96/56210#Catalysis2244,111
100,178|2169,177|3671,2,2,http://www.reactome.org/biopax/96/56210#BiochemicalReaction1038,1,http://www.reactome.org/biopax/96/56210#Catalysis627,112
101,35|36|3471,39|3470,3,2,http://www.reactome.org/biopax/96/56210#BiochemicalReaction816,1,http://www.reactome.org/biopax/96/56210#Catalysis528,113
102,972|2721|5538,2720|4757,3,2,http://www.reactome.org/biopax/96/56210#BiochemicalReaction2883,1,http://www.reactome.org/biopax/96/56210#Catalysis1726,114
103,2867|5538|5648,4757|5209,3,2,http://www.reactome.org/biopax/96/56210#BiochemicalReaction3333,1,http://www.reactome.org/biopax/96/56210#Catalysis2151,115
104,2163|5616,5617,2,1,http://www.reactome.org/biopax/96/56210#BiochemicalReaction547,1,http://www.reactome.org/biopax/96/56210#Catalysis356,116
105,2987|4821|5390|5391,5392|5393|5418,4,3,http://www.reactome.org/biopax/96/56210#BiochemicalReaction280,1,http://www.reactome.org/biopax/96/56210#Catalysis163,117
106,334|3804|4553,338|4564,3,2,http://www.reactome.org/biopax/96/56210#BiochemicalReaction1387,1,http://www.reactome.org/biopax/96/56210#Catalysis758,119
107,1227|4163|5254,5276|5750,3,2,http://www.reactome.org/biopax/96/56210#BiochemicalReaction3360,1,http://www.reactome.org/biopax/96/56210#Catalysis2178,120
108,466|469|473|479|507,495|503|504|505,5,4,http://www.reactome.org/biopax/96/56210#BiochemicalReaction162,1,http://www.reactome.org/biopax/96/56210#Control12,121
109,4063|4291|5232,4282|5233,3,2,http://www.reactome.org/biopax/96/56210#BiochemicalReaction200,1,http://www.reactome.org/biopax/96/56210#Catalysis113,122
110,2670|4348|4616,4617|4679|5713,3,3,http://www.reactome.org/biopax/96/56210#BiochemicalReaction2687,1,http://www.reactome.org/biopax/96/56210#Catalysis1548,123
111,1240|1241|4348,1242|4679,3,2,http://www.reactome.org/biopax/96/56210#BiochemicalReaction3374,1,http://www.reactome.org/biopax/96/56210#Catalysis2185,124
112,3822|4843|4845,3823|4844|5538,3,3,http://www.reactome.org/biopax/96/56210#BiochemicalReaction2980,-1,http://www.reactome.org/biopax/96/56210#Control297,125
113,965|2727|4164|5254,2728|5750,4,2,http://www.reactome.org/biopax/96/56210#BiochemicalReaction2875,1,http://www.reactome.org/biopax/96/56210#Catalysis1719,126
114,235|1768|3065,1769,3,1,http://www.reactome.org/biopax/96/56210#BiochemicalReaction4352,1,http://www.reactome.org/biopax/96/56210#Control405,127
115,1846|3118|4348,3119|4679,3,2,http://www.reactome.org/biopax/96/56210#BiochemicalReaction4526,-1,http://www.reactome.org/biopax/96/56210#Control420,129
116,1019|4806,1018,2,1,http://www.reactome.org/biopax/96/56210#BiochemicalReaction2943,1,http://www.reactome.org/biopax/96/56210#Control289,130
117,1694|4821,5418,2,1,http://www.reactome.org/biopax/96/56210#BiochemicalReaction313,1,http://www.reactome.org/biopax/96/56210#Catalysis189,131
118,3871,3863|3872,1,2,http://www.reactome.org/biopax/96/56210#BiochemicalReaction1685,1,http://www.reactome.org/biopax/96/56210#Catalysis849,132
119,948|1062,1024|4757,2,2,http://www.reactome.org/biopax/96/56210#BiochemicalReaction220,1,http://www.reactome.org/biopax/96/56210#Control22,133
120,2177|4348|5538|5713,4679|4757|5670,4,3,http://www.reactome.org/biopax/96/56210#BiochemicalReaction590,1,http://www.reactome.org/biopax/96/56210#Catalysis396,134
121,795|4203|4237,4204|4238,3,2,http://www.reactome.org/biopax/96/56210#BiochemicalReaction2354,1,http://www.reactome.org/biopax/96/56210#Catalysis1221,135
122,878|5726,875|5443,2,2,http://www.reactome.org/biopax/96/56210#BiochemicalReaction2586,1,http://www.reactome.org/biopax/96/56210#Catalysis1449,136
123,766|776|781|1010|2400|2534|2758,732|1002,7,2,http://www.reactome.org/biopax/96/56210#BiochemicalReaction2926,1,http://www.reactome.org/biopax/96/56210#Control282,137
124,2569|4272|4553,4104|4273|4564,3,3,http://www.reactome.org/biopax/96/56210#BiochemicalReaction2382,1,http://www.reactome.org/biopax/96/56210#Catalysis1249,138
125,840|4422|4468,4470,3,1,http://www.reactome.org/biopax/96/56210#BiochemicalReaction2527,1,http://www.reactome.org/biopax/96/56210#Catalysis1390,139
126,1325|2915|4348,2919|2920|4679,3,3,http://www.reactome.org/biopax/96/56210#BiochemicalReaction3504,1,http://www.reactome.org/biopax/96/56210#Catalysis2247,140
127,383|4889|5538,4819|5236|5713,3,3,http://www.reactome.org/biopax/96/56210#BiochemicalReaction3018,1,http://www.reactome.org/biopax/96/56210#Catalysis1840,141
128,3992|4947|5713,4946|5397,3,2,http://www.reactome.org/biopax/96/56210#BiochemicalReaction3091,1,http://www.reactome.org/biopax/96/56210#Catalysis1912,142
129,1699|3671,1700,2,1,http://www.reactome.org/biopax/96/56210#BiochemicalReaction4167,1,http://www.reactome.org/biopax/96/56210#Catalysis2500,143
130,378|414,378,2,1,http://www.reactome.org/biopax/96/56210#BiochemicalReaction2021,1,http://www.reactome.org/biopax/96/56210#Catalysis1019,144
131,2082|2128,2083|3675,2,2,http://www.reactome.org/biopax/96/56210#BiochemicalReaction4962,1,http://www.reactome.org/biopax/96/56210#Catalysis2889,145
132,381|4593,385|4602,2,2,http://www.reactome.org/biopax/96/56210#BiochemicalReaction1434,1,http://www.reactome.org/biopax/96/56210#Catalysis775,146
133,4029|4052|4348,4050|4564,3,2,http://www.reactome.org/biopax/96/56210#BiochemicalReaction194,1,http://www.reactome.org/biopax/96/56210#Catalysis110,147
134,2766|4348|5209,4679,3,1,http://www.reactome.org/biopax/96/56210#BiochemicalReaction2968,1,http://www.reactome.org/biopax/96/56210#Catalysis1790,148
135,1337|2927,2926|4757,2,2,http://www.reactome.org/biopax/96/56210#BiochemicalReaction3526,1,http://www.reactome.org/biopax/96/56210#Catalysis2257,149
136,1575|4348,1576|4679,2,2,http://www.reactome.org/biopax/96/56210#BiochemicalReaction3880,1,http://www.reactome.org/biopax/96/56210#Catalysis2401,150
137,290|1735|3671,1736,3,1,http://www.reactome.org/biopax/96/56210#BiochemicalReaction4246,1,http://www.reactome.org/biopax/96/56210#Catalysis2540,151
138,3407|5369|5676,5677|5713,3,2,http://www.reactome.org/biopax/96/56210#BiochemicalReaction601,1,http://www.reactome.org/biopax/96/56210#Catalysis405,152
139,3411|4348|5538|5681,4679|4757|5682,4,3,http://www.reactome.org/biopax/96/56210#BiochemicalReaction606,1,http://www.reactome.org/biopax/96/56210#Catalysis410,153
140,102|3593|4553,103|5733,3,2,http://www.reactome.org/biopax/96/56210#BiochemicalReaction943,1,http://www.reactome.org/biopax/96/56210#Catalysis593,154
141,387|4593,388|4602,2,2,http://www.reactome.org/biopax/96/56210#BiochemicalReaction1436,1,http://www.reactome.org/biopax/96/56210#Catalysis776,155
142,2631|4548|4554,4555|5415,3,2,http://www.reactome.org/biopax/96/56210#BiochemicalReaction2599,1,http://www.reactome.org/biopax/96/56210#Catalysis1462,156
143,2834|3277|3279,2606|3278|5254,3,3,http://www.reactome.org/biopax/96/56210#BiochemicalReaction4968,1,http://www.reactome.org/biopax/96/56210#Catalysis2892,157
144,59|1590|4433,170|5386,3,2,http://www.reactome.org/biopax/96/56210#BiochemicalReaction3907,1,http://www.reactome.org/biopax/96/56210#Catalysis2413,158
145,3997|4138|5538,4139|4140|5713,3,3,http://www.reactome.org/biopax/96/56210#BiochemicalReaction2110,1,http://www.reactome.org/biopax/96/56210#Control185,159
146,906|4611,4612,2,1,http://www.reactome.org/biopax/96/56210#BiochemicalReaction2685,1,http://www.reactome.org/biopax/96/56210#Catalysis1546,160
147,2759|4821|5369,5414|5418,3,2,http://www.reactome.org/biopax/96/56210#BiochemicalReaction436,-1,http://www.reactome.org/biopax/96/56210#Control44,161
148,446|4078|4080|4553|5739,447,5,1,http://www.reactome.org/biopax/96/56210#BiochemicalReaction1550,1,http://www.reactome.org/biopax/96/56210#Control154,162
149,320|4070,4071,2,1,http://www.reactome.org/biopax/96/56210#BiochemicalReaction1351,1,http://www.reactome.org/biopax/96/56210#Catalysis741,163
150,4821|5686,5418,2,1,http://www.reactome.org/biopax/96/56210#BiochemicalReaction609,-1,http://www.reactome.org/biopax/96/56210#Control51,164
151,4046|4348|5538|5557,4679|4757|5603,4,3,http://www.reactome.org/biopax/96/56210#BiochemicalReaction18,1,http://www.reactome.org/biopax/96/56210#Catalysis18,165
152,2147|5388,5387,2,1,http://www.reactome.org/biopax/96/56210#BiochemicalReaction429,1,http://www.reactome.org/biopax/96/56210#Control43,166
153,1306|4348,1307|4679,2,2,http://www.reactome.org/biopax/96/56210#BiochemicalReaction3472,1,http://www.reactome.org/biopax/96/56210#Catalysis2230,167
154,956|1298|5538,955|5666|5713,3,3,http://www.reactome.org/biopax/96/56210#BiochemicalReaction2862,1,http://www.reactome.org/biopax/96/56210#Catalysis1707,168
155,1126|5028|5407,5029|5254|5409,3,3,http://www.reactome.org/biopax/96/56210#BiochemicalReaction3177,1,http://www.reactome.org/biopax/96/56210#Catalysis1996,169
156,3447|3450|4348,3451|4679,3,2,http://www.reactome.org/biopax/96/56210#BiochemicalReaction729,1,http://www.reactome.org/biopax/96/56210#Catalysis486,170
157,33|55,2367,2,1,http://www.reactome.org/biopax/96/56210#BiochemicalReaction93,1,http://www.reactome.org/biopax/96/56210#Control3,171
158,3718|4371|4372,4373|4374|5726,3,3,http://www.reactome.org/biopax/96/56210#BiochemicalReaction2469,1,http://www.reactome.org/biopax/96/56210#Catalysis1334,172
159,1353|2851|5538,2856|4757,3,2,http://www.reactome.org/biopax/96/56210#BiochemicalReaction256,1,http://www.reactome.org/biopax/96/56210#Catalysis147,173
160,48|5538|5723,5229|5729,3,2,http://www.reactome.org/biopax/96/56210#BiochemicalReaction24,1,http://www.reactome.org/biopax/96/56210#Catalysis24,174
161,3466|3468|4553,3467|4564,3,2,http://www.reactome.org/biopax/96/56210#BiochemicalReaction805,1,http://www.reactome.org/biopax/96/56210#Catalysis523,175
162,2724|5446|5496,5474|5664|5713,3,3,http://www.reactome.org/biopax/96/56210#BiochemicalReaction2869,-1,http://www.reactome.org/biopax/96/56210#Control248,176
163,461|3864|4610,2939|4619,3,2,http://www.reactome.org/biopax/96/56210#BiochemicalReaction3609,1,http://www.reactome.org/biopax/96/56210#Catalysis2290,177
164,683|3310,3731,2,1,http://www.reactome.org/biopax/96/56210#BiochemicalReaction382,1,http://www.reactome.org/biopax/96/56210#Catalysis215,178
165,2609|4322|4441|5428,4155|4442|5437,4,3,http://www.reactome.org/biopax/96/56210#BiochemicalReaction2513,1,http://www.reactome.org/biopax/96/56210#Catalysis1378,179
166,1654|5538|5754,5755|5756,3,2,http://www.reactome.org/biopax/96/56210#BiochemicalReaction4065,1,http://www.reactome.org/biopax/96/56210#Catalysis2462,180
167,2566|4266|5538,4267|4757,3,2,http://www.reactome.org/biopax/96/56210#BiochemicalReaction2375,1,http://www.reactome.org/biopax/96/56210#Catalysis1242,182
168,819|4267|5538,4310|4757,3,2,http://www.reactome.org/biopax/96/56210#BiochemicalReaction2416,1,http://www.reactome.org/biopax/96/56210#Catalysis1283,183
169,926|2698,927,2,1,http://www.reactome.org/biopax/96/56210#BiochemicalReaction2781,1,http://www.reactome.org/biopax/96/56210#Catalysis1635,184
170,2439|4348|5617,4067|4679|5713,3,3,http://www.reactome.org/biopax/96/56210#BiochemicalReaction2250,1,http://www.reactome.org/biopax/96/56210#Catalysis1127,185
171,175|3655|4348,3656|4679,3,2,http://www.reactome.org/biopax/96/56210#BiochemicalReaction1035,1,http://www.reactome.org/biopax/96/56210#Catalysis625,187
172,2526|4348,2527|4679,2,2,http://www.reactome.org/biopax/96/56210#BiochemicalReaction3903,1,http://www.reactome.org/biopax/96/56210#Catalysis2410,188
173,1186|4753|5089|5254,4322|5143|5750,4,3,http://www.reactome.org/biopax/96/56210#BiochemicalReaction3286,1,http://www.reactome.org/biopax/96/56210#Catalysis2105,189
174,2227|3447|4348,3448|4679,3,2,http://www.reactome.org/biopax/96/56210#BiochemicalReaction726,1,http://www.reactome.org/biopax/96/56210#Catalysis484,191
175,3381|4821|5563,5418|5564,3,2,http://www.reactome.org/biopax/96/56210#BiochemicalReaction514,1,http://www.reactome.org/biopax/96/56210#Catalysis325,192
176,2703|4417|4732,4416|4733|5254,3,3,http://www.reactome.org/biopax/96/56210#BiochemicalReaction2803,1,http://www.reactome.org/biopax/96/56210#Catalysis1654,193
177,5407|5428|5547,4164|5409|5750,3,3,http://www.reactome.org/biopax/96/56210#BiochemicalReaction2873,-1,http://www.reactome.org/biopax/96/56210#Control251,194
178,1973|3158|4445|5664|5713,3159|5496|5538,5,3,http://www.reactome.org/biopax/96/56210#BiochemicalReaction4735,1,http://www.reactome.org/biopax/96/56210#Catalysis2725,195
179,1063|4348|4918|5694,4919|5209|5236|5713,4,4,http://www.reactome.org/biopax/96/56210#BiochemicalReaction3045,1,http://www.reactome.org/biopax/96/56210#Catalysis1867,196
180,855|4684|5358,4687|5357,3,2,http://www.reactome.org/biopax/96/56210#BiochemicalReaction2754,1,http://www.reactome.org/biopax/96/56210#Catalysis1608,197
181,2660|5578|5711|5713,4460|4605|5396,4,3,http://www.reactome.org/biopax/96/56210#BiochemicalReaction2677,-1,http://www.reactome.org/biopax/96/56210#Control236,198
182,1757|4646,5228,2,1,http://www.reactome.org/biopax/96/56210#BiochemicalReaction4317,1,http://www.reactome.org/biopax/96/56210#Control399,199
183,149|3636,151,2,1,http://www.reactome.org/biopax/96/56210#BiochemicalReaction1002,1,http://www.reactome.org/biopax/96/56210#Control110,200
184,1705|3671,1706,2,1,http://www.reactome.org/biopax/96/56210#BiochemicalReaction4175,1,http://www.reactome.org/biopax/96/56210#Catalysis2505,201
185,69|3480|4348,70|4679,3,2,http://www.reactome.org/biopax/96/56210#BiochemicalReaction858,-1,http://www.reactome.org/biopax/96/56210#Control74,202
186,2038|5387,5388,2,1,http://www.reactome.org/biopax/96/56210#BiochemicalReaction348,1,http://www.reactome.org/biopax/96/56210#Catalysis212,203
187,603|2169,3671,2,1,http://www.reactome.org/biopax/96/56210#BiochemicalReaction1924,1,http://www.reactome.org/biopax/96/56210#Catalysis956,204
188,3410|4291|4699|5713,4282|4701,4,2,http://www.reactome.org/biopax/96/56210#BiochemicalReaction2766,1,http://www.reactome.org/biopax/96/56210#Catalysis1620,205
189,653|2227|4348,654|4679,3,2,http://www.reactome.org/biopax/96/56210#BiochemicalReaction1986,1,http://www.reactome.org/biopax/96/56210#Catalysis1000,206
190,414|645|4553,647|4564,3,2,http://www.reactome.org/biopax/96/56210#BiochemicalReaction1981,1,http://www.reactome.org/biopax/96/56210#Catalysis995,207
191,990|996|997,998|999|2749,3,3,http://www.reactome.org/biopax/96/56210#BiochemicalReaction2918,1,http://www.reactome.org/biopax/96/56210#Control278,208
192,1143|5053|5229,4450|5054,3,2,http://www.reactome.org/biopax/96/56210#BiochemicalReaction3206,1,http://www.reactome.org/biopax/96/56210#Catalysis2025,209
193,3208|5320|5652,2312,3,1,http://www.reactome.org/biopax/96/56210#BiochemicalReaction4808,1,http://www.reactome.org/biopax/96/56210#Catalysis2796,210
194,3176|4521|5268,2302|4265,3,2,http://www.reactome.org/biopax/96/56210#BiochemicalReaction4753,1,http://www.reactome.org/biopax/96/56210#Catalysis2743,211
195,383|4890|5538,4861|5236|5713,3,3,http://www.reactome.org/biopax/96/56210#BiochemicalReaction3019,1,http://www.reactome.org/biopax/96/56210#Catalysis1841,213
196,2848|5394|5500,5119|5396|5713,3,3,http://www.reactome.org/biopax/96/56210#BiochemicalReaction3265,1,http://www.reactome.org/biopax/96/56210#Catalysis2084,214
197,2569|4274|4553,4104|4273|4564,3,3,http://www.reactome.org/biopax/96/56210#BiochemicalReaction2383,1,http://www.reactome.org/biopax/96/56210#Catalysis1250,215
198,1238|4348,1365|4679,2,2,http://www.reactome.org/biopax/96/56210#BiochemicalReaction3581,1,http://www.reactome.org/biopax/96/56210#Catalysis2276,216
199,286|294|4553,279|289|4564,3,3,http://www.reactome.org/biopax/96/56210#BiochemicalReaction119,1,http://www.reactome.org/biopax/96/56210#Catalysis81,217
200,1541|4348|5754,4679|5370,3,2,http://www.reactome.org/biopax/96/56210#BiochemicalReaction3836,1,http://www.reactome.org/biopax/96/56210#Catalysis2380,218
201,56|5732,57|5733,2,2,http://www.reactome.org/biopax/96/56210#BiochemicalReaction831,1,http://www.reactome.org/biopax/96/56210#Catalysis537,219
202,359|3874,362,2,1,http://www.reactome.org/biopax/96/56210#BiochemicalReaction132,1,http://www.reactome.org/biopax/96/56210#Catalysis89,220
203,1089|4348|4729|4950,4679|4757|4956,4,3,http://www.reactome.org/biopax/96/56210#BiochemicalReaction3103,1,http://www.reactome.org/biopax/96/56210#Catalysis1923,221
204,76|5739,77|5740,2,2,http://www.reactome.org/biopax/96/56210#BiochemicalReaction915,1,http://www.reactome.org/biopax/96/56210#Catalysis582,222
205,1118|4164|5383,5009|5404,3,2,http://www.reactome.org/biopax/96/56210#BiochemicalReaction3158,1,http://www.reactome.org/biopax/96/56210#Catalysis1977,223
206,2239|5732,2241|5733,2,2,http://www.reactome.org/biopax/96/56210#BiochemicalReaction762,1,http://www.reactome.org/biopax/96/56210#Catalysis499,225
207,432|439|5422,344|430|431|441|5733,3,5,http://www.reactome.org/biopax/96/56210#BiochemicalReaction1536,1,http://www.reactome.org/biopax/96/56210#Catalysis804,226
208,2856|2872,2873,2,1,http://www.reactome.org/biopax/96/56210#BiochemicalReaction258,1,http://www.reactome.org/biopax/96/56210#Catalysis148,227
209,820|4306|5538,4307|4757,3,2,http://www.reactome.org/biopax/96/56210#BiochemicalReaction2413,1,http://www.reactome.org/biopax/96/56210#Catalysis1280,228
210,2302|3177|5263,5267|5269,3,2,http://www.reactome.org/biopax/96/56210#BiochemicalReaction4754,1,http://www.reactome.org/biopax/96/56210#Catalysis2744,229
211,1990|4348|5278,4679|5279|5713,3,3,http://www.reactome.org/biopax/96/56210#BiochemicalReaction4763,1,http://www.reactome.org/biopax/96/56210#Catalysis2753,230
212,1437|2971|3885|4154,1436,4,1,http://www.reactome.org/biopax/96/56210#BiochemicalReaction3719,1,http://www.reactome.org/biopax/96/56210#Control344,231
213,1089|4956,4957|5538,2,2,http://www.reactome.org/biopax/96/56210#BiochemicalReaction3104,1,http://www.reactome.org/biopax/96/56210#Catalysis1924,232
214,2673|4097|4611,4098|5499|5719,3,3,http://www.reactome.org/biopax/96/56210#BiochemicalReaction2692,1,http://www.reactome.org/biopax/96/56210#Catalysis1552,233
215,4348|5394|5440|5554,4319|4679|4757|5713,4,4,http://www.reactome.org/biopax/96/56210#BiochemicalReaction2485,1,http://www.reactome.org/biopax/96/56210#Control227,234
216,3396|5645|5646,5647|5648,3,2,http://www.reactome.org/biopax/96/56210#BiochemicalReaction567,1,http://www.reactome.org/biopax/96/56210#Catalysis376,235
217,805|4203|4223,4214|4225,3,2,http://www.reactome.org/biopax/96/56210#BiochemicalReaction2333,1,http://www.reactome.org/biopax/96/56210#Catalysis1203,236
218,549|3895|4348,3857|4679,3,2,http://www.reactome.org/biopax/96/56210#BiochemicalReaction1801,1,http://www.reactome.org/biopax/96/56210#Catalysis896,237
219,1429|3671,1419,2,1,http://www.reactome.org/biopax/96/56210#BiochemicalReaction3711,1,http://www.reactome.org/biopax/96/56210#Catalysis2322,238
220,3808|3864|4593,2950|4602,3,2,http://www.reactome.org/biopax/96/56210#BiochemicalReaction3616,1,http://www.reactome.org/biopax/96/56210#Catalysis2293,239
221,1838|5538,1839|4757,2,2,http://www.reactome.org/biopax/96/56210#BiochemicalReaction4499,1,http://www.reactome.org/biopax/96/56210#Catalysis2639,240
222,2344|4821|5390|5417,5392|5418|5741,4,3,http://www.reactome.org/biopax/96/56210#BiochemicalReaction509,1,http://www.reactome.org/biopax/96/56210#Catalysis320,241
223,1988|5387,5388,2,1,http://www.reactome.org/biopax/96/56210#BiochemicalReaction342,1,http://www.reactome.org/biopax/96/56210#Catalysis206,242
224,793|4172|4196,4066|4198,3,2,http://www.reactome.org/biopax/96/56210#BiochemicalReaction2284,1,http://www.reactome.org/biopax/96/56210#Catalysis1161,243
225,346|3937|4553,601|4564,3,2,http://www.reactome.org/biopax/96/56210#BiochemicalReaction1917,1,http://www.reactome.org/biopax/96/56210#Control179,244
226,2583|4322|4323|5428,4155|4324|5437,4,3,http://www.reactome.org/biopax/96/56210#BiochemicalReaction2436,1,http://www.reactome.org/biopax/96/56210#Catalysis1301,245
227,401|2114|3731,3309|3310,3,2,http://www.reactome.org/biopax/96/56210#BiochemicalReaction381,1,http://www.reactome.org/biopax/96/56210#Catalysis214,246
228,855|4686|5358,4688|5357,3,2,http://www.reactome.org/biopax/96/56210#BiochemicalReaction2755,1,http://www.reactome.org/biopax/96/56210#Catalysis1609,247
229,1382|2953|4593,2954|4602,3,2,http://www.reactome.org/biopax/96/56210#BiochemicalReaction3621,1,http://www.reactome.org/biopax/96/56210#Control339,248
230,1090|4950|5578,4958|5741,3,2,http://www.reactome.org/biopax/96/56210#BiochemicalReaction3106,1,http://www.reactome.org/biopax/96/56210#Catalysis1926,249
231,1065|4348|4924,4679|4925,3,2,http://www.reactome.org/biopax/96/56210#BiochemicalReaction3051,1,http://www.reactome.org/biopax/96/56210#Catalysis1873,250
232,1569|4348,1570|4679,2,2,http://www.reactome.org/biopax/96/56210#BiochemicalReaction3875,1,http://www.reactome.org/biopax/96/56210#Catalysis2398,251
233,2107|5387,5388,2,1,http://www.reactome.org/biopax/96/56210#BiochemicalReaction5012,1,http://www.reactome.org/biopax/96/56210#Catalysis2921,252
234,704|1243|5369,708,3,1,http://www.reactome.org/biopax/96/56210#BiochemicalReaction2125,1,http://www.reactome.org/biopax/96/56210#Control191,253
235,2738|4401|4781,2735,3,1,http://www.reactome.org/biopax/96/56210#BiochemicalReaction2903,1,http://www.reactome.org/biopax/96/56210#Control272,254
236,62|3502,3503|3504,2,2,http://www.reactome.org/biopax/96/56210#BiochemicalReaction870,1,http://www.reactome.org/biopax/96/56210#Catalysis556,255
237,792|4172|4196,4195|5748,3,2,http://www.reactome.org/biopax/96/56210#BiochemicalReaction2283,1,http://www.reactome.org/biopax/96/56210#Catalysis1160,256
238,864|4531|5538,4757|5393,3,2,http://www.reactome.org/biopax/96/56210#BiochemicalReaction2578,1,http://www.reactome.org/biopax/96/56210#Catalysis1441,257
239,651|3952|4348,652|4679,3,2,http://www.reactome.org/biopax/96/56210#BiochemicalReaction1984,1,http://www.reactome.org/biopax/96/56210#Catalysis998,258
240,1050|4895|5538,4896|5713,3,2,http://www.reactome.org/biopax/96/56210#BiochemicalReaction3024,1,http://www.reactome.org/biopax/96/56210#Catalysis1846,259
241,845|4415|5276,4418,3,1,http://www.reactome.org/biopax/96/56210#BiochemicalReaction2498,1,http://www.reactome.org/biopax/96/56210#Catalysis1363,260
242,2695|4348|4702|5396,4703|5209|5236|5538,4,4,http://www.reactome.org/biopax/96/56210#BiochemicalReaction2767,1,http://www.reactome.org/biopax/96/56210#Catalysis1621,261
243,1972|3157|5496|5500,3158|5255|5664|5713,4,4,http://www.reactome.org/biopax/96/56210#BiochemicalReaction4733,1,http://www.reactome.org/biopax/96/56210#Catalysis2723,262
244,3152|3272|5511,3271|5513,3,2,http://www.reactome.org/biopax/96/56210#BiochemicalReaction4945,1,http://www.reactome.org/biopax/96/56210#Catalysis2881,263
245,273|5480|5774|5775,5776|5777,4,2,http://www.reactome.org/biopax/96/56210#BiochemicalReaction1205,1,http://www.reactome.org/biopax/96/56210#Catalysis704,264
246,532|533|4433,515|5386,3,2,http://www.reactome.org/biopax/96/56210#BiochemicalReaction1780,1,http://www.reactome.org/biopax/96/56210#Catalysis886,265
247,408|3671,2394|3664,2,2,http://www.reactome.org/biopax/96/56210#BiochemicalReaction1456,1,http://www.reactome.org/biopax/96/56210#Catalysis785,266
248,845|5026|5276,5027,3,1,http://www.reactome.org/biopax/96/56210#BiochemicalReaction3175,1,http://www.reactome.org/biopax/96/56210#Catalysis1994,267
249,1229|5276|5437,5431,3,1,http://www.reactome.org/biopax/96/56210#BiochemicalReaction3361,1,http://www.reactome.org/biopax/96/56210#Catalysis2179,269
250,1238|1269|4348,1270|4679,3,2,http://www.reactome.org/biopax/96/56210#BiochemicalReaction3416,1,http://www.reactome.org/biopax/96/56210#Catalysis2211,270
251,796|2445|5643,2447|4209|5465,3,3,http://www.reactome.org/biopax/96/56210#BiochemicalReaction2299,1,http://www.reactome.org/biopax/96/56210#Catalysis1176,271
252,871|5510|5764,4503|4541,3,2,http://www.reactome.org/biopax/96/56210#BiochemicalReaction2590,1,http://www.reactome.org/biopax/96/56210#Catalysis1453,272
253,1083|4104|4553|4937,4938|5733,4,2,http://www.reactome.org/biopax/96/56210#BiochemicalReaction3082,1,http://www.reactome.org/biopax/96/56210#Catalysis1903,273
254,2899|5374,5375,2,1,http://www.reactome.org/biopax/96/56210#BiochemicalReaction265,1,http://www.reactome.org/biopax/96/56210#Catalysis149,274
255,2453|5385,5229,2,1,http://www.reactome.org/biopax/96/56210#BiochemicalReaction298,1,http://www.reactome.org/biopax/96/56210#Catalysis179,275
256,2217|4348|5726,4679|5727,3,2,http://www.reactome.org/biopax/96/56210#BiochemicalReaction697,1,http://www.reactome.org/biopax/96/56210#Catalysis473,276
257,333|4553,331|332|3803|4564,2,4,http://www.reactome.org/biopax/96/56210#BiochemicalReaction1376,1,http://www.reactome.org/biopax/96/56210#Catalysis751,277
258,2192|5390|5440,5392|5441,3,2,http://www.reactome.org/biopax/96/56210#BiochemicalReaction635,1,http://www.reactome.org/biopax/96/56210#Catalysis434,278
259,169|2292|5538,695|4757,3,2,http://www.reactome.org/biopax/96/56210#BiochemicalReaction4443,1,http://www.reactome.org/biopax/96/56210#Catalysis2620,279
260,3719|5626,5624,2,1,http://www.reactome.org/biopax/96/56210#BiochemicalReaction556,1,http://www.reactome.org/biopax/96/56210#Catalysis365,280
261,2797|4348|4811|5229,4679|4757|4950,4,3,http://www.reactome.org/biopax/96/56210#BiochemicalReaction3097,1,http://www.reactome.org/biopax/96/56210#Catalysis1917,281
262,615|3917|4575,616|4577,3,2,http://www.reactome.org/biopax/96/56210#BiochemicalReaction1935,1,http://www.reactome.org/biopax/96/56210#Catalysis963,282
263,1248|1369,2871,2,1,http://www.reactome.org/biopax/96/56210#BiochemicalReaction3589,1,http://www.reactome.org/biopax/96/56210#Catalysis2282,283
264,1432|2968|5538,1431|4757,3,2,http://www.reactome.org/biopax/96/56210#BiochemicalReaction3716,1,http://www.reactome.org/biopax/96/56210#Catalysis2325,284
265,563|577|3671,570,3,1,http://www.reactome.org/biopax/96/56210#BiochemicalReaction172,-1,http://www.reactome.org/biopax/96/56210#Control14,285
266,983|4794|5408,4781|4795,3,2,http://www.reactome.org/biopax/96/56210#BiochemicalReaction2898,1,http://www.reactome.org/biopax/96/56210#Catalysis1740,286
267,1265|1285|2890|4348,1285|2891|2897|4679,4,4,http://www.reactome.org/biopax/96/56210#BiochemicalReaction3429,1,http://www.reactome.org/biopax/96/56210#Catalysis2218,287
268,188|5201|5538,5694|5741,3,2,http://www.reactome.org/biopax/96/56210#BiochemicalReaction3342,1,http://www.reactome.org/biopax/96/56210#Catalysis2160,288
269,733|4067,4157,2,1,http://www.reactome.org/biopax/96/56210#BiochemicalReaction2210,1,http://www.reactome.org/biopax/96/56210#Catalysis1089,289
270,1139|4445|5047,5048|5713,3,2,http://www.reactome.org/biopax/96/56210#BiochemicalReaction3200,1,http://www.reactome.org/biopax/96/56210#Catalysis2019,290
271,1051|4898|5538|5713,4460|4899|5413,4,3,http://www.reactome.org/biopax/96/56210#BiochemicalReaction3028,1,http://www.reactome.org/biopax/96/56210#Catalysis1850,291
272,2199|3083|4348,3084|4679,3,2,http://www.reactome.org/biopax/96/56210#BiochemicalReaction4412,1,http://www.reactome.org/biopax/96/56210#Catalysis2602,292
273,1971|5387,5388,2,1,http://www.reactome.org/biopax/96/56210#BiochemicalReaction340,1,http://www.reactome.org/biopax/96/56210#Catalysis205,293
274,171|4030|5538,3653|4757,3,2,http://www.reactome.org/biopax/96/56210#BiochemicalReaction1030,1,http://www.reactome.org/biopax/96/56210#Catalysis622,294
275,1759|3053|5247,3054|5236,3,2,http://www.reactome.org/biopax/96/56210#BiochemicalReaction4326,1,http://www.reactome.org/biopax/96/56210#Catalysis2564,295
276,3286|5390|5510,3287,3,1,http://www.reactome.org/biopax/96/56210#BiochemicalReaction4978,1,http://www.reactome.org/biopax/96/56210#Control452,296
277,3376|4821|5377|5390,5378|5392|5418,4,3,http://www.reactome.org/biopax/96/56210#BiochemicalReaction507,1,http://www.reactome.org/biopax/96/56210#Catalysis318,297
278,3605|3609|4553,3608|4564,3,2,http://www.reactome.org/biopax/96/56210#BiochemicalReaction987,1,http://www.reactome.org/biopax/96/56210#Catalysis603,298
279,542|4348,543|4679,2,2,http://www.reactome.org/biopax/96/56210#BiochemicalReaction1790,1,http://www.reactome.org/biopax/96/56210#Catalysis890,299
280,2335|2436,2337,2,1,http://www.reactome.org/biopax/96/56210#BiochemicalReaction473,1,http://www.reactome.org/biopax/96/56210#Catalysis284,300
281,1930|3148|4433,1931|3140|5386,3,3,http://www.reactome.org/biopax/96/56210#BiochemicalReaction4669,1,http://www.reactome.org/biopax/96/56210#Catalysis2705,301
282,1497,1395|1402|2929|2933|2942|2944|2992|5399,1,8,http://www.reactome.org/biopax/96/56210#BiochemicalReaction284,1,http://www.reactome.org/biopax/96/56210#Catalysis167,302
283,1157|5076|5253|5276,5353|5544,4,2,http://www.reactome.org/biopax/96/56210#BiochemicalReaction3231,1,http://www.reactome.org/biopax/96/56210#Catalysis2050,303
284,3414|5392,5390,2,1,http://www.reactome.org/biopax/96/56210#BiochemicalReaction614,1,http://www.reactome.org/biopax/96/56210#Catalysis417,304
285,837|4358|5510,4359|5385,3,2,http://www.reactome.org/biopax/96/56210#BiochemicalReaction2462,1,http://www.reactome.org/biopax/96/56210#Catalysis1327,305
286,1270|2892|4348,1271|4679,3,2,http://www.reactome.org/biopax/96/56210#BiochemicalReaction3417,1,http://www.reactome.org/biopax/96/56210#Catalysis2212,306
287,637|4348,638|4679,2,2,http://www.reactome.org/biopax/96/56210#BiochemicalReaction1972,1,http://www.reactome.org/biopax/96/56210#Catalysis987,307
288,1932|1934|4433,1933|3140|5386,3,3,http://www.reactome.org/biopax/96/56210#BiochemicalReaction4670,1,http://www.reactome.org/biopax/96/56210#Catalysis2706,308
289,1603|3664|3671,1604,3,1,http://www.reactome.org/biopax/96/56210#BiochemicalReaction3927,1,http://www.reactome.org/biopax/96/56210#Catalysis2424,309
290,2466|2543|5647,2467|5465|5645,3,3,http://www.reactome.org/biopax/96/56210#BiochemicalReaction2319,1,http://www.reactome.org/biopax/96/56210#Catalysis1194,311
291,1028|4806|4826,4828|5236,3,2,http://www.reactome.org/biopax/96/56210#BiochemicalReaction2964,1,http://www.reactome.org/biopax/96/56210#Catalysis1786,312
292,1262,2881|2889|4757,1,3,http://www.reactome.org/biopax/96/56210#BiochemicalReaction3403,1,http://www.reactome.org/biopax/96/56210#Catalysis2205,313
293,193|3658|5538,1708|4757,3,2,http://www.reactome.org/biopax/96/56210#BiochemicalReaction4189,1,http://www.reactome.org/biopax/96/56210#Catalysis2509,314
294,2832|3280|3282,2834|3281,3,2,http://www.reactome.org/biopax/96/56210#BiochemicalReaction4970,1,http://www.reactome.org/biopax/96/56210#Catalysis2894,315
295,2020|4575,2021|2321,2,2,http://www.reactome.org/biopax/96/56210#BiochemicalReaction4864,1,http://www.reactome.org/biopax/96/56210#Catalysis2842,316
296,276|4857|5538|5713,4094|4858,4,2,http://www.reactome.org/biopax/96/56210#BiochemicalReaction2992,1,http://www.reactome.org/biopax/96/56210#Catalysis1814,317
297,3384|4821|5418|5566|5596,4821|5418|5573|5597,5,4,http://www.reactome.org/biopax/96/56210#BiochemicalReaction521,1,http://www.reactome.org/biopax/96/56210#Catalysis332,318
298,1307|2906|4348,2907|4679,3,2,http://www.reactome.org/biopax/96/56210#BiochemicalReaction3474,1,http://www.reactome.org/biopax/96/56210#Catalysis2232,319
299,700|3999|5496,701|5664|5713,3,3,http://www.reactome.org/biopax/96/56210#BiochemicalReaction2113,1,http://www.reactome.org/biopax/96/56210#Catalysis1059,320
300,885|2642,886,2,1,http://www.reactome.org/biopax/96/56210#BiochemicalReaction2626,1,http://www.reactome.org/biopax/96/56210#Catalysis1489,321
301,4056|4193,5748,2,1,http://www.reactome.org/biopax/96/56210#BiochemicalReaction2279,1,http://www.reactome.org/biopax/96/56210#Catalysis1156,322
302,2243|3731,2240|2242|2244,2,3,http://www.reactome.org/biopax/96/56210#BiochemicalReaction766,1,http://www.reactome.org/biopax/96/56210#Catalysis501,323
303,2093|3286|5510,3288,3,1,http://www.reactome.org/biopax/96/56210#BiochemicalReaction4983,1,http://www.reactome.org/biopax/96/56210#Catalysis2906,324
304,1876|4433,1877|2967|3135|4757|5386,2,5,http://www.reactome.org/biopax/96/56210#BiochemicalReaction4618,1,http://www.reactome.org/biopax/96/56210#Catalysis2681,325
305,4203|4237|4239,4204|4238,3,2,http://www.reactome.org/biopax/96/56210#BiochemicalReaction2354,-1,http://www.reactome.org/biopax/96/56210#Control220,326
306,1423|3671,1424,2,1,http://www.reactome.org/biopax/96/56210#BiochemicalReaction3703,1,http://www.reactome.org/biopax/96/56210#Catalysis2320,327
307,2184|4348|5227|5538,4679|4757|5215|5713,4,4,http://www.reactome.org/biopax/96/56210#BiochemicalReaction588,1,http://www.reactome.org/biopax/96/56210#Catalysis395,330
308,115|185|3567|3594,116|3551|3552,4,3,http://www.reactome.org/biopax/96/56210#BiochemicalReaction948,1,http://www.reactome.org/biopax/96/56210#Control80,331
309,2455|2535|5650,2456|4209|5465,3,3,http://www.reactome.org/biopax/96/56210#BiochemicalReaction2308,1,http://www.reactome.org/biopax/96/56210#Catalysis1183,332
310,1090|4958|5741,4950|5578,3,2,http://www.reactome.org/biopax/96/56210#BiochemicalReaction3108,1,http://www.reactome.org/biopax/96/56210#Catalysis1928,333
311,0|4879|5496|5538,5533|5664|5713,4,3,http://www.reactome.org/biopax/96/56210#BiochemicalReaction3012,1,http://www.reactome.org/biopax/96/56210#Catalysis1834,334
312,3599|4821|5624,5418|5626,3,2,http://www.reactome.org/biopax/96/56210#BiochemicalReaction554,1,http://www.reactome.org/biopax/96/56210#Catalysis363,335
313,793|4066|4198,4172|4196,3,2,http://www.reactome.org/biopax/96/56210#BiochemicalReaction2285,1,http://www.reactome.org/biopax/96/56210#Catalysis1162,336
314,654|2422|5538,653|4757,3,2,http://www.reactome.org/biopax/96/56210#BiochemicalReaction1987,1,http://www.reactome.org/biopax/96/56210#Catalysis1001,337
315,1619|3671,1620,2,1,http://www.reactome.org/biopax/96/56210#BiochemicalReaction3960,1,http://www.reactome.org/biopax/96/56210#Catalysis2437,338
316,857|4265|5711,4315|5396,3,2,http://www.reactome.org/biopax/96/56210#BiochemicalReaction2560,1,http://www.reactome.org/biopax/96/56210#Catalysis1423,339
317,678|3671,679,2,1,http://www.reactome.org/biopax/96/56210#BiochemicalReaction2036,1,http://www.reactome.org/biopax/96/56210#Catalysis1025,340
318,1769|1771|2279,1770,3,1,http://www.reactome.org/biopax/96/56210#BiochemicalReaction4353,-1,http://www.reactome.org/biopax/96/56210#Control407,341
319,2427|2428|5510,4116|4117|4118,3,3,http://www.reactome.org/biopax/96/56210#BiochemicalReaction2053,1,http://www.reactome.org/biopax/96/56210#Catalysis1037,342
320,2199|3118|4348,3119|4679,3,2,http://www.reactome.org/biopax/96/56210#BiochemicalReaction4526,1,http://www.reactome.org/biopax/96/56210#Catalysis2651,343
321,2635|4561|4566,4570|5246,3,2,http://www.reactome.org/biopax/96/56210#BiochemicalReaction2612,1,http://www.reactome.org/biopax/96/56210#Catalysis1475,344
322,121|185|3598,122|3595|3596,3,3,http://www.reactome.org/biopax/96/56210#BiochemicalReaction953,1,http://www.reactome.org/biopax/96/56210#Control85,346
323,2569|4269|4553,4273|4564,3,2,http://www.reactome.org/biopax/96/56210#BiochemicalReaction2381,1,http://www.reactome.org/biopax/96/56210#Catalysis1248,347
324,3340|5414|5752,5369|5487,3,2,http://www.reactome.org/biopax/96/56210#BiochemicalReaction451,1,http://www.reactome.org/biopax/96/56210#Catalysis263,348
325,2689|4654|5394|5538,4655|5396|5713,4,3,http://www.reactome.org/biopax/96/56210#BiochemicalReaction2722,1,http://www.reactome.org/biopax/96/56210#Catalysis1580,349
326,2573|4303|5492,4304|5691,3,2,http://www.reactome.org/biopax/96/56210#BiochemicalReaction2409,1,http://www.reactome.org/biopax/96/56210#Catalysis1276,350
327,2799|4952|5383|5428,4953|5430|5431,4,3,http://www.reactome.org/biopax/96/56210#BiochemicalReaction3101,1,http://www.reactome.org/biopax/96/56210#Catalysis1921,351
328,3410|4291|5525|5713,4282|4352,4,2,http://www.reactome.org/biopax/96/56210#BiochemicalReaction2457,1,http://www.reactome.org/biopax/96/56210#Catalysis1322,352
329,2627|4542|5538,4543|4544,3,2,http://www.reactome.org/biopax/96/56210#BiochemicalReaction2592,1,http://www.reactome.org/biopax/96/56210#Catalysis1455,353
330,2287|3644|3671,3086,3,1,http://www.reactome.org/biopax/96/56210#BiochemicalReaction4414,1,http://www.reactome.org/biopax/96/56210#Catalysis2603,354
331,1390|1395|2905|2929|2930|2933,1396,6,1,http://www.reactome.org/biopax/96/56210#BiochemicalReaction266,1,http://www.reactome.org/biopax/96/56210#Catalysis150,355
332,2586|4144|4319|5713,4326|4460|5396,4,3,http://www.reactome.org/biopax/96/56210#BiochemicalReaction2439,1,http://www.reactome.org/biopax/96/56210#Catalysis1304,356
333,163|165|4348,164|4679,3,2,http://www.reactome.org/biopax/96/56210#BiochemicalReaction1027,-1,http://www.reactome.org/biopax/96/56210#Control118,357
334,919|5394,4654|5396|5538,2,3,http://www.reactome.org/biopax/96/56210#BiochemicalReaction2721,1,http://www.reactome.org/biopax/96/56210#Catalysis1579,358
335,2267|5234|5510,5235|5495,3,2,http://www.reactome.org/biopax/96/56210#BiochemicalReaction4045,1,http://www.reactome.org/biopax/96/56210#Catalysis2455,359
336,2504|4348|4582,4679|5757,3,2,http://www.reactome.org/biopax/96/56210#BiochemicalReaction2640,1,http://www.reactome.org/biopax/96/56210#Catalysis1503,360
337,1488|4348,1490|4679,2,2,http://www.reactome.org/biopax/96/56210#BiochemicalReaction3773,1,http://www.reactome.org/biopax/96/56210#Catalysis2349,361
338,4066|4178|4348,4174|4679|5713,3,3,http://www.reactome.org/biopax/96/56210#BiochemicalReaction2255,1,http://www.reactome.org/biopax/96/56210#Control210,362
339,2397|3453,2233|4081,2,2,http://www.reactome.org/biopax/96/56210#BiochemicalReaction1578,1,http://www.reactome.org/biopax/96/56210#Catalysis818,363
340,2762|4796|5404,4804|5405,3,2,http://www.reactome.org/biopax/96/56210#BiochemicalReaction2941,1,http://www.reactome.org/biopax/96/56210#Catalysis1767,364
341,2820|5037|5404,4450|5038,3,2,http://www.reactome.org/biopax/96/56210#BiochemicalReaction3187,1,http://www.reactome.org/biopax/96/56210#Catalysis2006,365
342,38|3245|3472,3246|3470,3,2,http://www.reactome.org/biopax/96/56210#BiochemicalReaction4842,1,http://www.reactome.org/biopax/96/56210#Catalysis2825,366
343,2099|5276|5428,2098|5430|5431,3,3,http://www.reactome.org/biopax/96/56210#BiochemicalReaction5002,1,http://www.reactome.org/biopax/96/56210#Catalysis2915,368
344,777|4066|4348,4178|4679|5713,3,3,http://www.reactome.org/biopax/96/56210#BiochemicalReaction2253,1,http://www.reactome.org/biopax/96/56210#Catalysis1130,369
345,32|2413|4553,2414|4564,3,2,http://www.reactome.org/biopax/96/56210#BiochemicalReaction1887,1,http://www.reactome.org/biopax/96/56210#Catalysis935,370
346,2827|5065,5064,2,1,http://www.reactome.org/biopax/96/56210#BiochemicalReaction3216,1,http://www.reactome.org/biopax/96/56210#Catalysis2035,371
347,1158|5051|5084,5052|5085|5254,3,3,http://www.reactome.org/biopax/96/56210#BiochemicalReaction3236,1,http://www.reactome.org/biopax/96/56210#Catalysis2055,372
348,3005|5373|5538,5209,3,1,http://www.reactome.org/biopax/96/56210#BiochemicalReaction4054,1,http://www.reactome.org/biopax/96/56210#Catalysis2457,373
349,2641|4348|4557,4554|4679,3,2,http://www.reactome.org/biopax/96/56210#BiochemicalReaction2654,1,http://www.reactome.org/biopax/96/56210#Catalysis1517,374
350,564|2410|3731,2412,3,1,http://www.reactome.org/biopax/96/56210#BiochemicalReaction1860,1,http://www.reactome.org/biopax/96/56210#Catalysis924,375
351,1333|2927,1332|4757,2,2,http://www.reactome.org/biopax/96/56210#BiochemicalReaction3525,1,http://www.reactome.org/biopax/96/56210#Catalysis2256,376
352,3183|5281,5282,2,1,http://www.reactome.org/biopax/96/56210#BiochemicalReaction4767,1,http://www.reactome.org/biopax/96/56210#Catalysis2757,377
353,1481|4348,1484|4679,2,2,http://www.reactome.org/biopax/96/56210#BiochemicalReaction3767,1,http://www.reactome.org/biopax/96/56210#Catalysis2346,379
354,1144|5054|5538,4757|5578,3,2,http://www.reactome.org/biopax/96/56210#BiochemicalReaction3207,1,http://www.reactome.org/biopax/96/56210#Catalysis2026,380
355,818|4285|5538,4293|4757,3,2,http://www.reactome.org/biopax/96/56210#BiochemicalReaction2397,1,http://www.reactome.org/biopax/96/56210#Catalysis1264,381
356,2478|2480|5647,2479|5465|5645,3,3,http://www.reactome.org/biopax/96/56210#BiochemicalReaction2345,1,http://www.reactome.org/biopax/96/56210#Catalysis1215,382
357,894|4348|4583,4679|5754,3,2,http://www.reactome.org/biopax/96/56210#BiochemicalReaction2653,1,http://www.reactome.org/biopax/96/56210#Catalysis1516,383
358,2801|4348|4962,4679|4757|4957|5713,3,4,http://www.reactome.org/biopax/96/56210#BiochemicalReaction3116,1,http://www.reactome.org/biopax/96/56210#Catalysis1936,385
359,3045|4140|5496,5242|5664|5713,3,3,http://www.reactome.org/biopax/96/56210#BiochemicalReaction4267,1,http://www.reactome.org/biopax/96/56210#Catalysis2552,386
360,2621|4522|5711,4521|5396,3,2,http://www.reactome.org/biopax/96/56210#BiochemicalReaction2572,1,http://www.reactome.org/biopax/96/56210#Catalysis1435,387
361,2513|4863|5633,4757|4868,3,2,http://www.reactome.org/biopax/96/56210#BiochemicalReaction2998,1,http://www.reactome.org/biopax/96/56210#Catalysis1820,388
362,470|4271|4282,4291|4298|5713,3,3,http://www.reactome.org/biopax/96/56210#BiochemicalReaction45,1,http://www.reactome.org/biopax/96/56210#Catalysis43,390
363,748|4036,750,2,1,http://www.reactome.org/biopax/96/56210#BiochemicalReaction2223,1,http://www.reactome.org/biopax/96/56210#Catalysis1102,391
364,832|4334|4335|4445|5713,4336|4337|5538,5,3,http://www.reactome.org/biopax/96/56210#BiochemicalReaction2446,1,http://www.reactome.org/biopax/96/56210#Catalysis1311,393
365,716|3367|4433,717|5386,3,2,http://www.reactome.org/biopax/96/56210#BiochemicalReaction2140,1,http://www.reactome.org/biopax/96/56210#Catalysis1072,394
366,1646|4014|4348,4015|4679,3,2,http://www.reactome.org/biopax/96/56210#BiochemicalReaction2160,1,http://www.reactome.org/biopax/96/56210#Catalysis1081,395
367,2109|3307|4553,2110,3,1,http://www.reactome.org/biopax/96/56210#BiochemicalReaction372,1,http://www.reactome.org/biopax/96/56210#Control39,396
368,3955|3956|4575,3957|4577,3,2,http://www.reactome.org/biopax/96/56210#BiochemicalReaction1962,1,http://www.reactome.org/biopax/96/56210#Control181,397
369,2518|3738|4610,2519|4619,3,2,http://www.reactome.org/biopax/96/56210#BiochemicalReaction3606,1,http://www.reactome.org/biopax/96/56210#Catalysis2287,398
370,1431|4348,1432|4679,2,2,http://www.reactome.org/biopax/96/56210#BiochemicalReaction3715,1,http://www.reactome.org/biopax/96/56210#Catalysis2324,399
371,2055|4575,2056|2323,2,2,http://www.reactome.org/biopax/96/56210#BiochemicalReaction4884,1,http://www.reactome.org/biopax/96/56210#Catalysis2859,400
372,2454|4203|4210,4211|4213,3,2,http://www.reactome.org/biopax/96/56210#BiochemicalReaction2305,1,http://www.reactome.org/biopax/96/56210#Catalysis1180,401
373,1296|4348,1295|2900|4679,2,3,http://www.reactome.org/biopax/96/56210#BiochemicalReaction3447,1,http://www.reactome.org/biopax/96/56210#Catalysis2227,402
374,1953|5387,5388,2,1,http://www.reactome.org/biopax/96/56210#BiochemicalReaction338,1,http://www.reactome.org/biopax/96/56210#Catalysis204,403
375,1088|4955|5430|5431,4952|4954|5428,4,3,http://www.reactome.org/biopax/96/56210#BiochemicalReaction3115,1,http://www.reactome.org/biopax/96/56210#Catalysis1935,404
376,1583|5538,3553|3671|3684,2,3,http://www.reactome.org/biopax/96/56210#BiochemicalReaction64,1,http://www.reactome.org/biopax/96/56210#Catalysis54,405
377,116|185,117,2,1,http://www.reactome.org/biopax/96/56210#BiochemicalReaction949,1,http://www.reactome.org/biopax/96/56210#Control81,406
378,180|5754,5370,2,1,http://www.reactome.org/biopax/96/56210#BiochemicalReaction1040,1,http://www.reactome.org/biopax/96/56210#Catalysis629,407
379,2636|4348|5726,4555|4679,3,2,http://www.reactome.org/biopax/96/56210#BiochemicalReaction2620,1,http://www.reactome.org/biopax/96/56210#Catalysis1483,408
380,1286|2884|2898,1287,3,1,http://www.reactome.org/biopax/96/56210#BiochemicalReaction3432,1,http://www.reactome.org/biopax/96/56210#Catalysis2219,409
381,1994|5288|5538,4757|5552,3,2,http://www.reactome.org/biopax/96/56210#BiochemicalReaction4776,1,http://www.reactome.org/biopax/96/56210#Catalysis2766,411
382,3657|4378|4454|4479,4453|4457|4481,4,3,http://www.reactome.org/biopax/96/56210#BiochemicalReaction2534,1,http://www.reactome.org/biopax/96/56210#Catalysis1397,412
383,72|1526|4348,1529|4679,3,2,http://www.reactome.org/biopax/96/56210#BiochemicalReaction3837,1,http://www.reactome.org/biopax/96/56210#Catalysis2381,413
384,915|4203|4632,4638|4639,3,2,http://www.reactome.org/biopax/96/56210#BiochemicalReaction2707,1,http://www.reactome.org/biopax/96/56210#Catalysis1565,414
385,3777|4736,929,2,1,http://www.reactome.org/biopax/96/56210#BiochemicalReaction2806,1,http://www.reactome.org/biopax/96/56210#Catalysis1657,415
386,2488|4361|4365|4381,4095|4346|4363|4382|5492,4,5,http://www.reactome.org/biopax/96/56210#BiochemicalReaction2474,1,http://www.reactome.org/biopax/96/56210#Catalysis1339,416
387,646|4261|4348|5130|5538,4618|5209|5229|5236|5713,5,5,http://www.reactome.org/biopax/96/56210#BiochemicalReaction6,1,http://www.reactome.org/biopax/96/56210#Catalysis6,418
388,151|3570,152,2,1,http://www.reactome.org/biopax/96/56210#BiochemicalReaction1003,1,http://www.reactome.org/biopax/96/56210#Control111,419
389,932|4750,4166|4751,2,2,http://www.reactome.org/biopax/96/56210#BiochemicalReaction2819,1,http://www.reactome.org/biopax/96/56210#Catalysis1669,420
390,204|207,206|5236,2,2,http://www.reactome.org/biopax/96/56210#BiochemicalReaction1076,-1,http://www.reactome.org/biopax/96/56210#Control120,421
391,2775|2786|4348,2788|4679,3,2,http://www.reactome.org/biopax/96/56210#BiochemicalReaction246,1,http://www.reactome.org/biopax/96/56210#Catalysis139,422
392,14|4553,15|4564,2,2,http://www.reactome.org/biopax/96/56210#BiochemicalReaction799,1,http://www.reactome.org/biopax/96/56210#Catalysis518,423
393,3668|3671,1610,2,1,http://www.reactome.org/biopax/96/56210#BiochemicalReaction3933,1,http://www.reactome.org/biopax/96/56210#Catalysis2428,424
394,1133|4445|5372|5590,5044|5591,4,2,http://www.reactome.org/biopax/96/56210#BiochemicalReaction3194,1,http://www.reactome.org/biopax/96/56210#Catalysis2013,425
395,1354|4348,1356|4679,2,2,http://www.reactome.org/biopax/96/56210#BiochemicalReaction3568,1,http://www.reactome.org/biopax/96/56210#Catalysis2270,426
396,1108|2806|4348,1109|4679,3,2,http://www.reactome.org/biopax/96/56210#BiochemicalReaction3139,1,http://www.reactome.org/biopax/96/56210#Catalysis1958,427
397,1854|4433,1855|5386,2,2,http://www.reactome.org/biopax/96/56210#BiochemicalReaction4565,1,http://www.reactome.org/biopax/96/56210#Catalysis2667,428
398,2106|4504,2105|3295|3296|3297|3298|3299|3300|3301,2,8,http://www.reactome.org/biopax/96/56210#BiochemicalReaction5010,1,http://www.reactome.org/biopax/96/56210#Catalysis2919,430
399,2191|5440|5713,4460|5538,3,2,http://www.reactome.org/biopax/96/56210#BiochemicalReaction637,1,http://www.reactome.org/biopax/96/56210#Catalysis436,431
400,845|4410|5276,4412,3,1,http://www.reactome.org/biopax/96/56210#BiochemicalReaction2494,1,http://www.reactome.org/biopax/96/56210#Catalysis1359,432
401,1073|4163|5019|5428,5020|5254|5430|5431,4,4,http://www.reactome.org/biopax/96/56210#BiochemicalReaction3168,1,http://www.reactome.org/biopax/96/56210#Catalysis1987,433
402,2694|4291|4697|5713,4282|4698,4,2,http://www.reactome.org/biopax/96/56210#BiochemicalReaction2763,1,http://www.reactome.org/biopax/96/56210#Catalysis1617,434
403,833|2591|4203,4338|4339|5551,3,3,http://www.reactome.org/biopax/96/56210#BiochemicalReaction2447,1,http://www.reactome.org/biopax/96/56210#Catalysis1312,435
404,2414|3848|4553,2415|4564,3,2,http://www.reactome.org/biopax/96/56210#BiochemicalReaction1890,1,http://www.reactome.org/biopax/96/56210#Catalysis936,436
405,1976|3167|4445|4450,3168|4460|4469,4,3,http://www.reactome.org/biopax/96/56210#BiochemicalReaction4741,1,http://www.reactome.org/biopax/96/56210#Catalysis2731,437
406,2980|2981|2982|4154,1524,4,1,http://www.reactome.org/biopax/96/56210#BiochemicalReaction3816,1,http://www.reactome.org/biopax/96/56210#Control359,439
407,939|940|4433,207|5386,3,2,http://www.reactome.org/biopax/96/56210#BiochemicalReaction2844,1,http://www.reactome.org/biopax/96/56210#Catalysis1694,440
408,2839|5108|5109,5110|5111,3,2,http://www.reactome.org/biopax/96/56210#BiochemicalReaction3255,1,http://www.reactome.org/biopax/96/56210#Catalysis2074,441
409,185|2005|3776,3247|3470,3,2,http://www.reactome.org/biopax/96/56210#BiochemicalReaction4843,1,http://www.reactome.org/biopax/96/56210#Catalysis2826,442
410,3463|3925|4553,3926|4564,3,2,http://www.reactome.org/biopax/96/56210#BiochemicalReaction1863,1,http://www.reactome.org/biopax/96/56210#Catalysis927,443
411,2528|4348,2529|4679,2,2,http://www.reactome.org/biopax/96/56210#BiochemicalReaction3915,1,http://www.reactome.org/biopax/96/56210#Catalysis2416,444
412,2144|5276|5428|5458,5227|5430|5431,4,3,http://www.reactome.org/biopax/96/56210#BiochemicalReaction423,1,http://www.reactome.org/biopax/96/56210#Catalysis237,445
413,2685|4612|5538,4537|4616,3,2,http://www.reactome.org/biopax/96/56210#BiochemicalReaction2714,1,http://www.reactome.org/biopax/96/56210#Catalysis1572,446
414,1370|2937|4348,1371|4679,3,2,http://www.reactome.org/biopax/96/56210#BiochemicalReaction3593,1,http://www.reactome.org/biopax/96/56210#Catalysis2283,447
415,2576|5449,858,2,1,http://www.reactome.org/biopax/96/56210#BiochemicalReaction2546,1,http://www.reactome.org/biopax/96/56210#Catalysis1409,448
416,839|4373|5358,4375|5357,3,2,http://www.reactome.org/biopax/96/56210#BiochemicalReaction2470,1,http://www.reactome.org/biopax/96/56210#Catalysis1335,449
417,2008|5387,5388,2,1,http://www.reactome.org/biopax/96/56210#BiochemicalReaction344,1,http://www.reactome.org/biopax/96/56210#Catalysis208,450
418,3731|3738|3827,3829,3,1,http://www.reactome.org/biopax/96/56210#BiochemicalReaction1471,-1,http://www.reactome.org/biopax/96/56210#Control149,451
419,1031|3822|4843,3823|4844|5538,3,3,http://www.reactome.org/biopax/96/56210#BiochemicalReaction2980,1,http://www.reactome.org/biopax/96/56210#Catalysis1802,452
420,840|4422|4483,4484,3,1,http://www.reactome.org/biopax/96/56210#BiochemicalReaction2537,1,http://www.reactome.org/biopax/96/56210#Catalysis1400,453
421,2996|5400,5401,2,1,http://www.reactome.org/biopax/96/56210#BiochemicalReaction287,1,http://www.reactome.org/biopax/96/56210#Catalysis170,454
422,854|4422|4461|4462,4463|4464|4465,4,3,http://www.reactome.org/biopax/96/56210#BiochemicalReaction2522,1,http://www.reactome.org/biopax/96/56210#Catalysis1385,455
423,3362|5509|5511,5512|5513,3,2,http://www.reactome.org/biopax/96/56210#BiochemicalReaction479,1,http://www.reactome.org/biopax/96/56210#Catalysis290,456
424,694|2432|4433,691|5386,3,2,http://www.reactome.org/biopax/96/56210#BiochemicalReaction2083,1,http://www.reactome.org/biopax/96/56210#Catalysis1047,457
425,310|3731,3784|3787|3788,2,3,http://www.reactome.org/biopax/96/56210#BiochemicalReaction1333,1,http://www.reactome.org/biopax/96/56210#Catalysis731,459
426,1750,1751|3989,1,2,http://www.reactome.org/biopax/96/56210#BiochemicalReaction4299,1,http://www.reactome.org/biopax/96/56210#Catalysis2555,460
427,311|4575,3784|3789|3790|4577,2,4,http://www.reactome.org/biopax/96/56210#BiochemicalReaction1336,1,http://www.reactome.org/biopax/96/56210#Catalysis732,461
428,3649|4030|4348,3076|4679,3,2,http://www.reactome.org/biopax/96/56210#BiochemicalReaction4402,1,http://www.reactome.org/biopax/96/56210#Catalysis2596,462
429,1142|4169|5496,5053|5664|5713,3,3,http://www.reactome.org/biopax/96/56210#BiochemicalReaction3205,1,http://www.reactome.org/biopax/96/56210#Catalysis2024,463
430,1878|4433,1879|2967|3135|4757|5386,2,5,http://www.reactome.org/biopax/96/56210#BiochemicalReaction4620,1,http://www.reactome.org/biopax/96/56210#Catalysis2682,464
431,801|2462|4216,2463|4209|5465,3,3,http://www.reactome.org/biopax/96/56210#BiochemicalReaction2315,1,http://www.reactome.org/biopax/96/56210#Catalysis1190,465
432,1900|1902|4433,1901|3140|5386,3,3,http://www.reactome.org/biopax/96/56210#BiochemicalReaction4655,1,http://www.reactome.org/biopax/96/56210#Catalysis2692,466
433,378|3956,378,2,1,http://www.reactome.org/biopax/96/56210#BiochemicalReaction2020,1,http://www.reactome.org/biopax/96/56210#Catalysis1018,467
434,2575|4267|5538,4309|4757,3,2,http://www.reactome.org/biopax/96/56210#BiochemicalReaction2415,1,http://www.reactome.org/biopax/96/56210#Catalysis1282,468
435,965|2729|5407,2727|5254|5409,3,3,http://www.reactome.org/biopax/96/56210#BiochemicalReaction2877,1,http://www.reactome.org/biopax/96/56210#Catalysis1721,469
436,1058|4908|5714,4480|4911,3,2,http://www.reactome.org/biopax/96/56210#BiochemicalReaction3036,1,http://www.reactome.org/biopax/96/56210#Catalysis1858,470
437,3345|4821|5392|5441|5713,5390|5397|5418|5440,5,4,http://www.reactome.org/biopax/96/56210#BiochemicalReaction455,1,http://www.reactome.org/biopax/96/56210#Catalysis267,471
438,993|4794|5254|5409,4795|5266|5407,4,3,http://www.reactome.org/biopax/96/56210#BiochemicalReaction2913,1,http://www.reactome.org/biopax/96/56210#Catalysis1746,472
439,2871|2878|2886,1257,3,1,http://www.reactome.org/biopax/96/56210#BiochemicalReaction3393,1,http://www.reactome.org/biopax/96/56210#Catalysis2197,473
440,1718|3033|4348,3032|4679,3,2,http://www.reactome.org/biopax/96/56210#BiochemicalReaction4207,1,http://www.reactome.org/biopax/96/56210#Catalysis2522,474
441,2169|3093,3671,2,1,http://www.reactome.org/biopax/96/56210#BiochemicalReaction4422,1,http://www.reactome.org/biopax/96/56210#Catalysis2609,475
442,472|476|4860,473,3,1,http://www.reactome.org/biopax/96/56210#BiochemicalReaction157,1,http://www.reactome.org/biopax/96/56210#Control11,476
443,757|4348|5209,760,3,1,http://www.reactome.org/biopax/96/56210#BiochemicalReaction2229,-1,http://www.reactome.org/biopax/96/56210#Control200,477
444,2638|2639,884,2,1,http://www.reactome.org/biopax/96/56210#BiochemicalReaction2622,1,http://www.reactome.org/biopax/96/56210#Catalysis1485,478
445,952|4778,954|5372,2,2,http://www.reactome.org/biopax/96/56210#BiochemicalReaction2859,1,http://www.reactome.org/biopax/96/56210#Catalysis1704,479
446,2732|5254|5404|5430,2733|5750,4,2,http://www.reactome.org/biopax/96/56210#BiochemicalReaction2893,-1,http://www.reactome.org/biopax/96/56210#Control269,480
447,1014|4802|5404,4165|5383,3,2,http://www.reactome.org/biopax/96/56210#BiochemicalReaction3143,1,http://www.reactome.org/biopax/96/56210#Catalysis1962,481
448,2522|2971|4154,1477,3,1,http://www.reactome.org/biopax/96/56210#BiochemicalReaction3762,1,http://www.reactome.org/biopax/96/56210#Control351,482
449,1395|1489|2905|2929|2930|2933,1497,6,1,http://www.reactome.org/biopax/96/56210#BiochemicalReaction283,1,http://www.reactome.org/biopax/96/56210#Catalysis166,483
450,3405|4348|5335|5538,4679|4757|5675|5713,4,4,http://www.reactome.org/biopax/96/56210#BiochemicalReaction599,1,http://www.reactome.org/biopax/96/56210#Catalysis403,484
451,2199|2208,2207,2,1,http://www.reactome.org/biopax/96/56210#BiochemicalReaction686,1,http://www.reactome.org/biopax/96/56210#Control61,485
452,1330|2921|4348,2924|2925|4679,3,3,http://www.reactome.org/biopax/96/56210#BiochemicalReaction3512,1,http://www.reactome.org/biopax/96/56210#Catalysis2252,486
453,72|3739|4348,3745|4679,3,2,http://www.reactome.org/biopax/96/56210#BiochemicalReaction96,1,http://www.reactome.org/biopax/96/56210#Catalysis67,487
454,2172|5538,5510,2,1,http://www.reactome.org/biopax/96/56210#BiochemicalReaction584,1,http://www.reactome.org/biopax/96/56210#Catalysis392,488
455,3640|5538|5747,5748|5749,3,2,http://www.reactome.org/biopax/96/56210#BiochemicalReaction1005,1,http://www.reactome.org/biopax/96/56210#Catalysis612,489
456,1614|4348,1615|4679,2,2,http://www.reactome.org/biopax/96/56210#BiochemicalReaction3946,1,http://www.reactome.org/biopax/96/56210#Catalysis2433,490
457,2634|4071|5438,4561|5437,3,2,http://www.reactome.org/biopax/96/56210#BiochemicalReaction2606,1,http://www.reactome.org/biopax/96/56210#Catalysis1469,491
458,954|4291|4445,4282|5343|5713,3,3,http://www.reactome.org/biopax/96/56210#BiochemicalReaction2861,1,http://www.reactome.org/biopax/96/56210#Catalysis1706,492
459,1804|5414,5369,2,1,http://www.reactome.org/biopax/96/56210#BiochemicalReaction317,1,http://www.reactome.org/biopax/96/56210#Catalysis191,493
460,2841|5368|5713,4460|5503,3,2,http://www.reactome.org/biopax/96/56210#BiochemicalReaction3259,1,http://www.reactome.org/biopax/96/56210#Catalysis2078,494
461,191|2169,192|3671,2,2,http://www.reactome.org/biopax/96/56210#BiochemicalReaction1048,1,http://www.reactome.org/biopax/96/56210#Catalysis633,495
462,3216|3218|5647,3217|5465|5645,3,3,http://www.reactome.org/biopax/96/56210#BiochemicalReaction4815,1,http://www.reactome.org/biopax/96/56210#Catalysis2803,496
463,1937|5538,1938|4757,2,2,http://www.reactome.org/biopax/96/56210#BiochemicalReaction4674,1,http://www.reactome.org/biopax/96/56210#Catalysis2708,497
464,2282|3067|4348,3069|4679,3,2,http://www.reactome.org/biopax/96/56210#BiochemicalReaction4374,1,http://www.reactome.org/biopax/96/56210#Catalysis2581,498
465,1503|1507|4348,1506|4679,3,2,http://www.reactome.org/biopax/96/56210#BiochemicalReaction3794,-1,http://www.reactome.org/biopax/96/56210#Control356,499
466,59|543|4433,170|5386,3,2,http://www.reactome.org/biopax/96/56210#BiochemicalReaction1791,1,http://www.reactome.org/biopax/96/56210#Catalysis891,501
467,1739|3043|3044,1740,3,1,http://www.reactome.org/biopax/96/56210#BiochemicalReaction4259,1,http://www.reactome.org/biopax/96/56210#Control394,502
468,37|3904,3256|3470,2,2,http://www.reactome.org/biopax/96/56210#BiochemicalReaction4853,1,http://www.reactome.org/biopax/96/56210#Catalysis2836,503
469,312|4066,4067,2,1,http://www.reactome.org/biopax/96/56210#BiochemicalReaction1339,1,http://www.reactome.org/biopax/96/56210#Catalysis735,504
470,2282|3068|4348,3070|4679,3,2,http://www.reactome.org/biopax/96/56210#BiochemicalReaction4375,1,http://www.reactome.org/biopax/96/56210#Catalysis2582,505
471,2049|5538,2050|2382,2,2,http://www.reactome.org/biopax/96/56210#BiochemicalReaction4881,1,http://www.reactome.org/biopax/96/56210#Catalysis2856,506
472,1438|2971|3885|4154,1436,4,1,http://www.reactome.org/biopax/96/56210#BiochemicalReaction3719,-1,http://www.reactome.org/biopax/96/56210#Control346,507
473,4575|4904|5424,4104|4905|4906,3,3,http://www.reactome.org/biopax/96/56210#BiochemicalReaction3031,1,http://www.reactome.org/biopax/96/56210#Control303,508
474,1786|3721|4433,1823|5386,3,2,http://www.reactome.org/biopax/96/56210#BiochemicalReaction71,1,http://www.reactome.org/biopax/96/56210#Catalysis56,509
475,1117|4450|5059,5060|5229|5538,3,3,http://www.reactome.org/biopax/96/56210#BiochemicalReaction3212,1,http://www.reactome.org/biopax/96/56210#Catalysis2031,510
476,1689|4348,1690|4679,2,2,http://www.reactome.org/biopax/96/56210#BiochemicalReaction4147,1,http://www.reactome.org/biopax/96/56210#Catalysis2496,511
477,1243|1655,1656,2,1,http://www.reactome.org/biopax/96/56210#BiochemicalReaction4068,1,http://www.reactome.org/biopax/96/56210#Control378,512
478,732|2540|5253|5254,2541|5266|5276,4,3,http://www.reactome.org/biopax/96/56210#BiochemicalReaction202,1,http://www.reactome.org/biopax/96/56210#Catalysis114,513
479,382|4159|5496|5538,4261|5664|5713,4,3,http://www.reactome.org/biopax/96/56210#BiochemicalReaction4,1,http://www.reactome.org/biopax/96/56210#Catalysis4,514
480,2694|4291|4708|5713,4282|4711,4,2,http://www.reactome.org/biopax/96/56210#BiochemicalReaction2775,1,http://www.reactome.org/biopax/96/56210#Catalysis1629,515
481,4218|5192|5645,4219|5191,3,2,http://www.reactome.org/biopax/96/56210#BiochemicalReaction3334,-1,http://www.reactome.org/biopax/96/56210#Control329,516
482,738|5660,744|5653|5713,2,3,http://www.reactome.org/biopax/96/56210#BiochemicalReaction2217,1,http://www.reactome.org/biopax/96/56210#Catalysis1096,517
483,3733|5618,5619,2,1,http://www.reactome.org/biopax/96/56210#BiochemicalReaction2059,1,http://www.reactome.org/biopax/96/56210#Catalysis1042,518
484,126|185|3598,127|3595|3596,3,3,http://www.reactome.org/biopax/96/56210#BiochemicalReaction956,1,http://www.reactome.org/biopax/96/56210#Control88,519
485,429|432|5422,438|5733,3,2,http://www.reactome.org/biopax/96/56210#BiochemicalReaction1533,1,http://www.reactome.org/biopax/96/56210#Catalysis801,520
486,2595|4349,5526,2,1,http://www.reactome.org/biopax/96/56210#BiochemicalReaction2454,1,http://www.reactome.org/biopax/96/56210#Catalysis1319,521
487,2714|5373,938,2,1,http://www.reactome.org/biopax/96/56210#BiochemicalReaction2843,1,http://www.reactome.org/biopax/96/56210#Catalysis1693,522
488,89|3751|5538,105|4757,3,2,http://www.reactome.org/biopax/96/56210#BiochemicalReaction100,1,http://www.reactome.org/biopax/96/56210#Catalysis70,523
489,1065|4348|4922,4679|4923,3,2,http://www.reactome.org/biopax/96/56210#BiochemicalReaction3050,1,http://www.reactome.org/biopax/96/56210#Catalysis1872,524
490,1701|5496,1702|4113,2,2,http://www.reactome.org/biopax/96/56210#BiochemicalReaction4170,1,http://www.reactome.org/biopax/96/56210#Catalysis2502,525
491,1782|1784|4348,1785|4679,3,2,http://www.reactome.org/biopax/96/56210#BiochemicalReaction4365,-1,http://www.reactome.org/biopax/96/56210#Control411,527
492,534|2392|4575,20|541|3743|3744|4564|4577,3,6,http://www.reactome.org/biopax/96/56210#BiochemicalReaction163,1,http://www.reactome.org/biopax/96/56210#Control13,528
493,3678|5373,205,2,1,http://www.reactome.org/biopax/96/56210#BiochemicalReaction2842,1,http://www.reactome.org/biopax/96/56210#Catalysis1692,529
494,415|3824|4575,411|5733,3,2,http://www.reactome.org/biopax/96/56210#BiochemicalReaction1466,1,http://www.reactome.org/biopax/96/56210#Catalysis790,530
495,1316|4553,1317|4564,2,2,http://www.reactome.org/biopax/96/56210#BiochemicalReaction3490,1,http://www.reactome.org/biopax/96/56210#Catalysis2240,531
496,3424|5486,4106,2,1,http://www.reactome.org/biopax/96/56210#BiochemicalReaction643,1,http://www.reactome.org/biopax/96/56210#Catalysis440,532
497,1566|4348|5229|5413,4679|4757|5130|5713,4,4,http://www.reactome.org/biopax/96/56210#BiochemicalReaction299,1,http://www.reactome.org/biopax/96/56210#Catalysis180,533
498,1747|4553,1748|4564,2,2,http://www.reactome.org/biopax/96/56210#BiochemicalReaction4287,1,http://www.reactome.org/biopax/96/56210#Catalysis2554,534
499,2168|5538,5510,2,1,http://www.reactome.org/biopax/96/56210#BiochemicalReaction578,1,http://www.reactome.org/biopax/96/56210#Catalysis386,535
500,3002|5399|5510,5391|5515,3,2,http://www.reactome.org/biopax/96/56210#BiochemicalReaction292,1,http://www.reactome.org/biopax/96/56210#Catalysis175,536
501,2319|3214|5652,3221|4209|5465,3,3,http://www.reactome.org/biopax/96/56210#BiochemicalReaction4817,1,http://www.reactome.org/biopax/96/56210#Catalysis2805,537
502,2575|4310|5538,4311|4757,3,2,http://www.reactome.org/biopax/96/56210#BiochemicalReaction2417,1,http://www.reactome.org/biopax/96/56210#Catalysis1284,538
503,487|5387,5388,2,1,http://www.reactome.org/biopax/96/56210#BiochemicalReaction1622,1,http://www.reactome.org/biopax/96/56210#Catalysis828,539
504,3427|5397|5413,5697|5713,3,2,http://www.reactome.org/biopax/96/56210#BiochemicalReaction650,1,http://www.reactome.org/biopax/96/56210#Catalysis447,540
505,995|2747|4794,994|4795|5254,3,3,http://www.reactome.org/biopax/96/56210#BiochemicalReaction2916,1,http://www.reactome.org/biopax/96/56210#Catalysis1749,541
506,4058|4208|4348,4679|5646|5713,3,3,http://www.reactome.org/biopax/96/56210#BiochemicalReaction2296,1,http://www.reactome.org/biopax/96/56210#Catalysis1173,542
507,845|4430|5276,4431,3,1,http://www.reactome.org/biopax/96/56210#BiochemicalReaction2507,1,http://www.reactome.org/biopax/96/56210#Catalysis1372,543
508,888|4348|4594,4587|4679,3,2,http://www.reactome.org/biopax/96/56210#BiochemicalReaction2669,1,http://www.reactome.org/biopax/96/56210#Catalysis1530,544
509,1179|5142,4460|5379,2,2,http://www.reactome.org/biopax/96/56210#BiochemicalReaction3285,1,http://www.reactome.org/biopax/96/56210#Catalysis2104,545
510,2174|2175,2171,2,1,http://www.reactome.org/biopax/96/56210#BiochemicalReaction580,1,http://www.reactome.org/biopax/96/56210#Catalysis388,546
511,384|4553,390|4564,2,2,http://www.reactome.org/biopax/96/56210#BiochemicalReaction2012,1,http://www.reactome.org/biopax/96/56210#Catalysis1013,547
512,3468|3919|4553,3918|4564,3,2,http://www.reactome.org/biopax/96/56210#BiochemicalReaction1856,1,http://www.reactome.org/biopax/96/56210#Catalysis920,548
513,2772|4884|5538,4757|4885|5713,3,3,http://www.reactome.org/biopax/96/56210#BiochemicalReaction3015,1,http://www.reactome.org/biopax/96/56210#Catalysis1837,549
514,2040|5538,2382|3265,2,2,http://www.reactome.org/biopax/96/56210#BiochemicalReaction4874,1,http://www.reactome.org/biopax/96/56210#Catalysis2851,550
515,2089|3286|5510,3287,3,1,http://www.reactome.org/biopax/96/56210#BiochemicalReaction4977,1,http://www.reactome.org/biopax/96/56210#Catalysis2900,551
516,105|137|4348,89|4679,3,2,http://www.reactome.org/biopax/96/56210#BiochemicalReaction101,-1,http://www.reactome.org/biopax/96/56210#Control5,552
517,765|4168,5538|5556,2,2,http://www.reactome.org/biopax/96/56210#BiochemicalReaction2263,1,http://www.reactome.org/biopax/96/56210#Catalysis1140,553
518,2094|5510|5621,5351|5625,3,2,http://www.reactome.org/biopax/96/56210#BiochemicalReaction4995,1,http://www.reactome.org/biopax/96/56210#Catalysis2911,554
519,1861|4433,1862|5386,2,2,http://www.reactome.org/biopax/96/56210#BiochemicalReaction4584,1,http://www.reactome.org/biopax/96/56210#Catalysis2671,555
520,2234,2233|5730,1,2,http://www.reactome.org/biopax/96/56210#BiochemicalReaction748,1,http://www.reactome.org/biopax/96/56210#Catalysis490,556
521,3642|4474|4476,4378|4477,3,2,http://www.reactome.org/biopax/96/56210#BiochemicalReaction2531,1,http://www.reactome.org/biopax/96/56210#Catalysis1394,557
522,3372|5461|5555,5556|5558,3,2,http://www.reactome.org/biopax/96/56210#BiochemicalReaction499,1,http://www.reactome.org/biopax/96/56210#Catalysis310,558
523,149|3614,151,2,1,http://www.reactome.org/biopax/96/56210#BiochemicalReaction1002,1,http://www.reactome.org/biopax/96/56210#Control99,559
524,1688|4348|4554,4679|5754,3,2,http://www.reactome.org/biopax/96/56210#BiochemicalReaction4145,1,http://www.reactome.org/biopax/96/56210#Catalysis2495,560
525,2315|3211|5330,2316|5331|5499,3,3,http://www.reactome.org/biopax/96/56210#BiochemicalReaction4811,1,http://www.reactome.org/biopax/96/56210#Catalysis2799,561
526,1194|5155|5673,4797|5254,3,2,http://www.reactome.org/biopax/96/56210#BiochemicalReaction3294,1,http://www.reactome.org/biopax/96/56210#Catalysis2113,562
527,4793|5407|5430,5404|5409|5750,3,3,http://www.reactome.org/biopax/96/56210#BiochemicalReaction2892,1,http://www.reactome.org/biopax/96/56210#Control263,563
528,792|4195|5748,4172|4196,3,2,http://www.reactome.org/biopax/96/56210#BiochemicalReaction2282,1,http://www.reactome.org/biopax/96/56210#Catalysis1159,564
529,1366|4348,1367|4679,2,2,http://www.reactome.org/biopax/96/56210#BiochemicalReaction3583,1,http://www.reactome.org/biopax/96/56210#Catalysis2278,565
530,1873|1880,1659,2,1,http://www.reactome.org/biopax/96/56210#BiochemicalReaction4072,1,http://www.reactome.org/biopax/96/56210#Catalysis2466,566
531,798|4216|5465,4217|5650,3,2,http://www.reactome.org/biopax/96/56210#BiochemicalReaction2307,1,http://www.reactome.org/biopax/96/56210#Catalysis1182,567
532,2550|4203|4235,4224|4236,3,2,http://www.reactome.org/biopax/96/56210#BiochemicalReaction2353,1,http://www.reactome.org/biopax/96/56210#Catalysis1220,568
533,2616|4490|5711,4499|5396,3,2,http://www.reactome.org/biopax/96/56210#BiochemicalReaction2551,1,http://www.reactome.org/biopax/96/56210#Catalysis1414,569
534,1399|4348,1400|4679,2,2,http://www.reactome.org/biopax/96/56210#BiochemicalReaction3678,1,http://www.reactome.org/biopax/96/56210#Catalysis2307,570
535,234|727|4433,235|5386,3,2,http://www.reactome.org/biopax/96/56210#BiochemicalReaction2180,1,http://www.reactome.org/biopax/96/56210#Catalysis1086,571
536,608|4553,609|4564,2,2,http://www.reactome.org/biopax/96/56210#BiochemicalReaction1928,1,http://www.reactome.org/biopax/96/56210#Catalysis959,572
537,1220|1221|2869,1219|1223|5254,3,3,http://www.reactome.org/biopax/96/56210#BiochemicalReaction3354,1,http://www.reactome.org/biopax/96/56210#Catalysis2172,573
538,771|4172,4173,2,1,http://www.reactome.org/biopax/96/56210#BiochemicalReaction2242,1,http://www.reactome.org/biopax/96/56210#Catalysis1120,574
539,2484|2553|5647,2485|5465|5645,3,3,http://www.reactome.org/biopax/96/56210#BiochemicalReaction2349,1,http://www.reactome.org/biopax/96/56210#Catalysis1218,575
540,2676|4625|5644,4209|4626|5465,3,3,http://www.reactome.org/biopax/96/56210#BiochemicalReaction2696,1,http://www.reactome.org/biopax/96/56210#Catalysis1556,576
541,3712|5443|5538,4509|4539,3,2,http://www.reactome.org/biopax/96/56210#BiochemicalReaction2587,1,http://www.reactome.org/biopax/96/56210#Catalysis1450,577
542,3443|4400,4394,2,1,http://www.reactome.org/biopax/96/56210#BiochemicalReaction49,1,http://www.reactome.org/biopax/96/56210#Catalysis47,578
543,3209|3897|4553,3210|4564,3,2,http://www.reactome.org/biopax/96/56210#BiochemicalReaction1102,1,http://www.reactome.org/biopax/96/56210#Catalysis665,579
544,1926|1929|4433,1928|3140|5386,3,3,http://www.reactome.org/biopax/96/56210#BiochemicalReaction4668,1,http://www.reactome.org/biopax/96/56210#Catalysis2704,580
545,1458|4348|5754,4679|5370,3,2,http://www.reactome.org/biopax/96/56210#BiochemicalReaction3743,1,http://www.reactome.org/biopax/96/56210#Catalysis2336,581
546,1700|2169,3023|3671,2,2,http://www.reactome.org/biopax/96/56210#BiochemicalReaction4168,1,http://www.reactome.org/biopax/96/56210#Catalysis2501,582
547,2227|3644|4348,3097|4679,3,2,http://www.reactome.org/biopax/96/56210#BiochemicalReaction4426,1,http://www.reactome.org/biopax/96/56210#Catalysis2612,584
548,3322|4348|5442|5538,4679|4757|5445,4,3,http://www.reactome.org/biopax/96/56210#BiochemicalReaction416,1,http://www.reactome.org/biopax/96/56210#Catalysis231,585
549,853|4458,4459|4461,2,2,http://www.reactome.org/biopax/96/56210#BiochemicalReaction2521,1,http://www.reactome.org/biopax/96/56210#Catalysis1384,586
550,3996|4138|5538,4139|4140|5713,3,3,http://www.reactome.org/biopax/96/56210#BiochemicalReaction2110,1,http://www.reactome.org/biopax/96/56210#Catalysis1057,588
551,31|438|4553,438|5733|5738,3,3,http://www.reactome.org/biopax/96/56210#BiochemicalReaction1534,1,http://www.reactome.org/biopax/96/56210#Catalysis802,589
552,2096|5276|5428,2095|5430|5431,3,3,http://www.reactome.org/biopax/96/56210#BiochemicalReaction4998,1,http://www.reactome.org/biopax/96/56210#Catalysis2913,591
553,1045|4942|5510,4943|5495,3,2,http://www.reactome.org/biopax/96/56210#BiochemicalReaction3085,1,http://www.reactome.org/biopax/96/56210#Catalysis1906,592
554,4163|4164|5428|5547,4165|5254|5430|5431,4,4,http://www.reactome.org/biopax/96/56210#BiochemicalReaction2235,-1,http://www.reactome.org/biopax/96/56210#Control201,593
555,836|4772|5538,4773,3,1,http://www.reactome.org/biopax/96/56210#BiochemicalReaction2834,1,http://www.reactome.org/biopax/96/56210#Catalysis1684,594
556,1202|4282|5179|5538,4291|5180|5713,4,3,http://www.reactome.org/biopax/96/56210#BiochemicalReaction3321,1,http://www.reactome.org/biopax/96/56210#Control327,595
557,904|5578|5711|5713,4460|4605|5396,4,3,http://www.reactome.org/biopax/96/56210#BiochemicalReaction2677,1,http://www.reactome.org/biopax/96/56210#Catalysis1538,596
558,2178|4445|4486|5713,5672,4,1,http://www.reactome.org/biopax/96/56210#BiochemicalReaction592,1,http://www.reactome.org/biopax/96/56210#Catalysis398,598
559,2350|4348|5538|5680,4679|4757|5679,4,3,http://www.reactome.org/biopax/96/56210#BiochemicalReaction605,1,http://www.reactome.org/biopax/96/56210#Catalysis409,599
560,4401|4804|4805,4402|5404,3,2,http://www.reactome.org/biopax/96/56210#BiochemicalReaction2939,1,http://www.reactome.org/biopax/96/56210#Control283,600
561,38|2017|3252,2018|3470,3,2,http://www.reactome.org/biopax/96/56210#BiochemicalReaction4858,1,http://www.reactome.org/biopax/96/56210#Catalysis2841,601
562,12|3460|4553,3461|4564,3,2,http://www.reactome.org/biopax/96/56210#BiochemicalReaction796,1,http://www.reactome.org/biopax/96/56210#Catalysis516,602
563,2405|2555|5353,2556|5276,3,2,http://www.reactome.org/biopax/96/56210#BiochemicalReaction212,1,http://www.reactome.org/biopax/96/56210#Catalysis122,603
564,2402|4348,2403|4679,2,2,http://www.reactome.org/biopax/96/56210#BiochemicalReaction1779,1,http://www.reactome.org/biopax/96/56210#Catalysis885,604
565,3410|4291|4673|5713,4282|4675,4,2,http://www.reactome.org/biopax/96/56210#BiochemicalReaction2746,1,http://www.reactome.org/biopax/96/56210#Catalysis1600,605
566,2625|4539|5711,5396|5443,3,2,http://www.reactome.org/biopax/96/56210#BiochemicalReaction2588,1,http://www.reactome.org/biopax/96/56210#Catalysis1451,606
567,1834|4497|4508,1835|3989|4519|4527|5226,3,5,http://www.reactome.org/biopax/96/56210#BiochemicalReaction4485,1,http://www.reactome.org/biopax/96/56210#Catalysis2635,607
568,2643|4579|5538,4538|4757,3,2,http://www.reactome.org/biopax/96/56210#BiochemicalReaction2630,1,http://www.reactome.org/biopax/96/56210#Catalysis1493,608
569,1827|4348,162|1826|3108|4679,2,4,http://www.reactome.org/biopax/96/56210#BiochemicalReaction4475,1,http://www.reactome.org/biopax/96/56210#Catalysis2631,609
570,840|4375|4422,4376,3,1,http://www.reactome.org/biopax/96/56210#BiochemicalReaction2471,1,http://www.reactome.org/biopax/96/56210#Catalysis1336,610
571,920|4291|4655|5713,4282|4656|5396,4,3,http://www.reactome.org/biopax/96/56210#BiochemicalReaction2723,1,http://www.reactome.org/biopax/96/56210#Catalysis1581,611
572,1658|3006|4348,3008|4679,3,2,http://www.reactome.org/biopax/96/56210#BiochemicalReaction4071,1,http://www.reactome.org/biopax/96/56210#Catalysis2465,612
573,1991|4177|5394,5281|5396|5713,3,3,http://www.reactome.org/biopax/96/56210#BiochemicalReaction4766,1,http://www.reactome.org/biopax/96/56210#Catalysis2756,613
574,3330|5418|5469|5470,5369|5387|5466,4,3,http://www.reactome.org/biopax/96/56210#BiochemicalReaction438,1,http://www.reactome.org/biopax/96/56210#Catalysis250,614
575,840|4462|4484,4463|4465|4485,3,3,http://www.reactome.org/biopax/96/56210#BiochemicalReaction2538,1,http://www.reactome.org/biopax/96/56210#Catalysis1401,615
576,2475|2552|5644,2476|4209|5465,3,3,http://www.reactome.org/biopax/96/56210#BiochemicalReaction2341,1,http://www.reactome.org/biopax/96/56210#Catalysis1211,616
577,231|3051,3052,2,1,http://www.reactome.org/biopax/96/56210#BiochemicalReaction4314,1,http://www.reactome.org/biopax/96/56210#Control397,618
578,2486|4251|5643,4209|4252,3,2,http://www.reactome.org/biopax/96/56210#BiochemicalReaction2364,1,http://www.reactome.org/biopax/96/56210#Catalysis1231,619
579,4066|4348,4174|4679|5713,2,3,http://www.reactome.org/biopax/96/56210#BiochemicalReaction2255,-1,http://www.reactome.org/biopax/96/56210#Control211,620
580,548|4348,549|4679,2,2,http://www.reactome.org/biopax/96/56210#BiochemicalReaction1800,1,http://www.reactome.org/biopax/96/56210#Catalysis895,621
581,329|353|3773|3809,354,4,1,http://www.reactome.org/biopax/96/56210#BiochemicalReaction1399,-1,http://www.reactome.org/biopax/96/56210#Control140,622
582,2791|4348|4935,4679|4936|5713,3,3,http://www.reactome.org/biopax/96/56210#BiochemicalReaction3079,1,http://www.reactome.org/biopax/96/56210#Catalysis1900,623
583,835|4349,5525,2,1,http://www.reactome.org/biopax/96/56210#BiochemicalReaction2456,1,http://www.reactome.org/biopax/96/56210#Catalysis1321,624
584,1781|1782|4348,1785|4679,3,2,http://www.reactome.org/biopax/96/56210#BiochemicalReaction4365,-1,http://www.reactome.org/biopax/96/56210#Control412,625
585,323|4553,327|3873|4564,2,3,http://www.reactome.org/biopax/96/56210#BiochemicalReaction129,1,http://www.reactome.org/biopax/96/56210#Catalysis86,626
586,710,712,1,1,http://www.reactome.org/biopax/96/56210#BiochemicalReaction4086,1,http://www.reactome.org/biopax/96/56210#Catalysis2474,627
587,1026|4823|5614,4757|4824|5713,3,3,http://www.reactome.org/biopax/96/56210#BiochemicalReaction2960,1,http://www.reactome.org/biopax/96/56210#Catalysis1783,628
588,2973|2974|4154,1499,3,1,http://www.reactome.org/biopax/96/56210#BiochemicalReaction3786,1,http://www.reactome.org/biopax/96/56210#Control354,629
589,1721|1723|4348,1724|4679,3,2,http://www.reactome.org/biopax/96/56210#BiochemicalReaction4204,1,http://www.reactome.org/biopax/96/56210#Catalysis2519,630
590,2601|4144|4390,4391|5396,3,2,http://www.reactome.org/biopax/96/56210#BiochemicalReaction2480,1,http://www.reactome.org/biopax/96/56210#Catalysis1345,631
591,128|129|4575,130|5742,3,2,http://www.reactome.org/biopax/96/56210#BiochemicalReaction969,1,http://www.reactome.org/biopax/96/56210#Catalysis596,632
592,768|4170|4679,4169|4348,3,2,http://www.reactome.org/biopax/96/56210#BiochemicalReaction2261,1,http://www.reactome.org/biopax/96/56210#Catalysis1138,633
593,1013|4167|5664|5713,5496|5545,4,2,http://www.reactome.org/biopax/96/56210#BiochemicalReaction2929,1,http://www.reactome.org/biopax/96/56210#Catalysis1758,635
594,2683|4628|5538,4537|4646,3,2,http://www.reactome.org/biopax/96/56210#BiochemicalReaction2712,1,http://www.reactome.org/biopax/96/56210#Catalysis1570,636
595,329|3807|4593,347|4602,3,2,http://www.reactome.org/biopax/96/56210#BiochemicalReaction1393,1,http://www.reactome.org/biopax/96/56210#Catalysis760,637
596,2425|5510|5702,5397|5703|5709,3,3,http://www.reactome.org/biopax/96/56210#BiochemicalReaction2051,1,http://www.reactome.org/biopax/96/56210#Catalysis1035,638
597,2349|3402,2179,2,1,http://www.reactome.org/biopax/96/56210#BiochemicalReaction595,1,http://www.reactome.org/biopax/96/56210#Catalysis400,639
598,683|2395,3731,2,1,http://www.reactome.org/biopax/96/56210#BiochemicalReaction1459,1,http://www.reactome.org/biopax/96/56210#Catalysis787,640
599,363|4074|4610,364|4619,3,2,http://www.reactome.org/biopax/96/56210#BiochemicalReaction1408,1,http://www.reactome.org/biopax/96/56210#Control141,641
600,869|4265|4520,4521|5743,3,2,http://www.reactome.org/biopax/96/56210#BiochemicalReaction2570,1,http://www.reactome.org/biopax/96/56210#Catalysis1433,642
601,432|442|5422,443|5733,3,2,http://www.reactome.org/biopax/96/56210#BiochemicalReaction1538,1,http://www.reactome.org/biopax/96/56210#Catalysis806,643
602,1134|5044,5045|5538,2,2,http://www.reactome.org/biopax/96/56210#BiochemicalReaction3195,1,http://www.reactome.org/biopax/96/56210#Catalysis2014,644
603,1550|5403|5404,5383|5405,3,2,http://www.reactome.org/biopax/96/56210#BiochemicalReaction290,1,http://www.reactome.org/biopax/96/56210#Catalysis173,645
604,1986|5651|5726,5260|5653|5713,3,3,http://www.reactome.org/biopax/96/56210#BiochemicalReaction4749,1,http://www.reactome.org/biopax/96/56210#Catalysis2739,647
605,889|4348|5754,4679|5370,3,2,http://www.reactome.org/biopax/96/56210#BiochemicalReaction2635,1,http://www.reactome.org/biopax/96/56210#Catalysis1498,648
606,1996|5295,5296,2,1,http://www.reactome.org/biopax/96/56210#BiochemicalReaction4780,1,http://www.reactome.org/biopax/96/56210#Catalysis2770,649
607,2199|3117|4348,3078|4679,3,2,http://www.reactome.org/biopax/96/56210#BiochemicalReaction4524,1,http://www.reactome.org/biopax/96/56210#Catalysis2649,650
608,1016,1017|5276,1,2,http://www.reactome.org/biopax/96/56210#BiochemicalReaction2933,1,http://www.reactome.org/biopax/96/56210#Catalysis1761,651
609,3348|4821|5390,5392|5418,3,2,http://www.reactome.org/biopax/96/56210#BiochemicalReaction458,1,http://www.reactome.org/biopax/96/56210#Catalysis270,652
610,1111|4998|5713,4460|5000,3,2,http://www.reactome.org/biopax/96/56210#BiochemicalReaction3147,1,http://www.reactome.org/biopax/96/56210#Catalysis1966,653
611,1100|4973|5499,4972,3,1,http://www.reactome.org/biopax/96/56210#BiochemicalReaction3123,-1,http://www.reactome.org/biopax/96/56210#Control308,655
612,3641|5428|5750|5751,5753,4,1,http://www.reactome.org/biopax/96/56210#BiochemicalReaction1006,1,http://www.reactome.org/biopax/96/56210#Catalysis613,656
613,3416|5392,5390,2,1,http://www.reactome.org/biopax/96/56210#BiochemicalReaction617,1,http://www.reactome.org/biopax/96/56210#Catalysis420,657
614,2047|4575,2048|2323,2,2,http://www.reactome.org/biopax/96/56210#BiochemicalReaction4878,1,http://www.reactome.org/biopax/96/56210#Catalysis2855,659
615,1045|4891|5510,4892|5495,3,2,http://www.reactome.org/biopax/96/56210#BiochemicalReaction3020,1,http://www.reactome.org/biopax/96/56210#Catalysis1842,660
616,1624|3738|4610,1626|4619,3,2,http://www.reactome.org/biopax/96/56210#BiochemicalReaction3967,1,http://www.reactome.org/biopax/96/56210#Catalysis2440,661
617,928|4728|5496,4680|5664|5713,3,3,http://www.reactome.org/biopax/96/56210#BiochemicalReaction2796,1,http://www.reactome.org/biopax/96/56210#Catalysis1648,662
618,1806|3100|4433,1807|5386,3,2,http://www.reactome.org/biopax/96/56210#BiochemicalReaction4437,1,http://www.reactome.org/biopax/96/56210#Catalysis2617,663
619,994|4402,995|4401,2,2,http://www.reactome.org/biopax/96/56210#BiochemicalReaction2914,1,http://www.reactome.org/biopax/96/56210#Catalysis1747,665
620,3399|5639|5651,5640|5652,3,2,http://www.reactome.org/biopax/96/56210#BiochemicalReaction572,1,http://www.reactome.org/biopax/96/56210#Catalysis381,666
621,2826|4291|4445|5059|5713,4282|5062|5538,5,3,http://www.reactome.org/biopax/96/56210#BiochemicalReaction3213,1,http://www.reactome.org/biopax/96/56210#Catalysis2032,667
622,2592|4203|4340,4339|4341|5551,3,3,http://www.reactome.org/biopax/96/56210#BiochemicalReaction2448,1,http://www.reactome.org/biopax/96/56210#Catalysis1313,668
623,1237|1239,1259|4757,2,2,http://www.reactome.org/biopax/96/56210#BiochemicalReaction3399,1,http://www.reactome.org/biopax/96/56210#Catalysis2203,669
624,510|511|4348,512|4679,3,2,http://www.reactome.org/biopax/96/56210#BiochemicalReaction1726,1,http://www.reactome.org/biopax/96/56210#Catalysis871,670
625,37|185|3240,3263|3470,3,2,http://www.reactome.org/biopax/96/56210#BiochemicalReaction4857,1,http://www.reactome.org/biopax/96/56210#Catalysis2840,671
626,4054|4068|5538,4192|5713,3,2,http://www.reactome.org/biopax/96/56210#BiochemicalReaction2275,1,http://www.reactome.org/biopax/96/56210#Catalysis1152,672
627,836|4760|5538,4761,3,1,http://www.reactome.org/biopax/96/56210#BiochemicalReaction2828,1,http://www.reactome.org/biopax/96/56210#Catalysis1678,673
628,1085|5407|5428,4417|5254|5430,3,3,http://www.reactome.org/biopax/96/56210#BiochemicalReaction3087,1,http://www.reactome.org/biopax/96/56210#Catalysis1908,674
629,2585|4313|4348|5396,4325|5209|5236|5538,4,4,http://www.reactome.org/biopax/96/56210#BiochemicalReaction2438,1,http://www.reactome.org/biopax/96/56210#Catalysis1303,675
630,2398|3453,2233|4082,2,2,http://www.reactome.org/biopax/96/56210#BiochemicalReaction1579,1,http://www.reactome.org/biopax/96/56210#Catalysis819,676
631,1646|4016|4348,4018|4679,3,2,http://www.reactome.org/biopax/96/56210#BiochemicalReaction2161,1,http://www.reactome.org/biopax/96/56210#Catalysis1082,677
632,372|3814|3816,370,3,1,http://www.reactome.org/biopax/96/56210#BiochemicalReaction1422,-1,http://www.reactome.org/biopax/96/56210#Control144,678
633,658|659|5538,660|4757,3,2,http://www.reactome.org/biopax/96/56210#BiochemicalReaction1996,1,http://www.reactome.org/biopax/96/56210#Catalysis1007,679
634,1215|5202|5492,5203|5204,3,2,http://www.reactome.org/biopax/96/56210#BiochemicalReaction3344,1,http://www.reactome.org/biopax/96/56210#Catalysis2162,680
635,1644|3791|4348,3783|4679,3,2,http://www.reactome.org/biopax/96/56210#BiochemicalReaction3999,1,http://www.reactome.org/biopax/96/56210#Catalysis2453,681
636,225|3671,3701|3703,2,2,http://www.reactome.org/biopax/96/56210#BiochemicalReaction1136,1,http://www.reactome.org/biopax/96/56210#Catalysis675,682
637,680|3731,681,2,1,http://www.reactome.org/biopax/96/56210#BiochemicalReaction2039,1,http://www.reactome.org/biopax/96/56210#Catalysis1027,683
638,2650|3541|4348,2651|4679|5713,3,3,http://www.reactome.org/biopax/96/56210#BiochemicalReaction2656,1,http://www.reactome.org/biopax/96/56210#Catalysis1519,685
639,1425|1812|1813|1890|1891|1892|1893|3137|5757,1884|1894|2644,9,3,http://www.reactome.org/biopax/96/56210#BiochemicalReaction4646,1,http://www.reactome.org/biopax/96/56210#Control428,686
640,4066|4348|5209,4174|4679|5713,3,3,http://www.reactome.org/biopax/96/56210#BiochemicalReaction2255,1,http://www.reactome.org/biopax/96/56210#Control208,687
641,1175|5602|5713,4460|5117,3,2,http://www.reactome.org/biopax/96/56210#BiochemicalReaction3261,1,http://www.reactome.org/biopax/96/56210#Catalysis2080,688
642,733|4157,4067,2,1,http://www.reactome.org/biopax/96/56210#BiochemicalReaction2233,1,http://www.reactome.org/biopax/96/56210#Catalysis1111,689
643,2087|3285|5510,3286,3,1,http://www.reactome.org/biopax/96/56210#BiochemicalReaction4975,1,http://www.reactome.org/biopax/96/56210#Catalysis2898,690
644,2343|4450|5535,5534|5536,3,2,http://www.reactome.org/biopax/96/56210#BiochemicalReaction491,1,http://www.reactome.org/biopax/96/56210#Catalysis302,691
645,3952|3971|4348,3972|4679,3,2,http://www.reactome.org/biopax/96/56210#BiochemicalReaction1989,1,http://www.reactome.org/biopax/96/56210#Catalysis1002,692
646,2444|2446|5652,2445|4209|5465,3,3,http://www.reactome.org/biopax/96/56210#BiochemicalReaction2298,1,http://www.reactome.org/biopax/96/56210#Catalysis1175,693
647,3913|4033|4553,3914|4564,3,2,http://www.reactome.org/biopax/96/56210#BiochemicalReaction1839,1,http://www.reactome.org/biopax/96/56210#Catalysis911,694
648,367|2418|4553,2419|4564,3,2,http://www.reactome.org/biopax/96/56210#BiochemicalReaction1921,1,http://www.reactome.org/biopax/96/56210#Catalysis955,695
649,379|4593,380|4602,2,2,http://www.reactome.org/biopax/96/56210#BiochemicalReaction1433,1,http://www.reactome.org/biopax/96/56210#Catalysis774,696
650,743|4035,746,2,1,http://www.reactome.org/biopax/96/56210#BiochemicalReaction2219,1,http://www.reactome.org/biopax/96/56210#Catalysis1098,697
651,0|4445|5538|5631,4879|5230,4,2,http://www.reactome.org/biopax/96/56210#BiochemicalReaction3009,1,http://www.reactome.org/biopax/96/56210#Catalysis1831,698
652,2404|3892|4348,3893|4679,3,2,http://www.reactome.org/biopax/96/56210#BiochemicalReaction1794,1,http://www.reactome.org/biopax/96/56210#Catalysis893,699
653,48|5199|5510,5200|5385,3,2,http://www.reactome.org/biopax/96/56210#BiochemicalReaction3341,1,http://www.reactome.org/biopax/96/56210#Catalysis2159,700
654,1782|1783|4348,1785|4679,3,2,http://www.reactome.org/biopax/96/56210#BiochemicalReaction4365,-1,http://www.reactome.org/biopax/96/56210#Control413,701
655,2005|2009|2011,2010|3251,3,2,http://www.reactome.org/biopax/96/56210#BiochemicalReaction4847,1,http://www.reactome.org/biopax/96/56210#Catalysis2831,702
656,3739|3750|4348,3749|4679,3,2,http://www.reactome.org/biopax/96/56210#BiochemicalReaction99,1,http://www.reactome.org/biopax/96/56210#Catalysis69,703
657,2661|4291|4605|5713,4282|4606,4,2,http://www.reactome.org/biopax/96/56210#BiochemicalReaction2678,1,http://www.reactome.org/biopax/96/56210#Catalysis1539,704
658,753|5538,754|4757,2,2,http://www.reactome.org/biopax/96/56210#BiochemicalReaction2226,1,http://www.reactome.org/biopax/96/56210#Catalysis1105,705
659,234|1487|4433,235|5386,3,2,http://www.reactome.org/biopax/96/56210#BiochemicalReaction3771,1,http://www.reactome.org/biopax/96/56210#Control353,706
660,3415|5688|5713,5392|5670,3,2,http://www.reactome.org/biopax/96/56210#BiochemicalReaction615,1,http://www.reactome.org/biopax/96/56210#Catalysis418,707
661,557|3737|3909,560,3,1,http://www.reactome.org/biopax/96/56210#BiochemicalReaction1846,-1,http://www.reactome.org/biopax/96/56210#Control171,709
662,2582,830,1,1,http://www.reactome.org/biopax/96/56210#BiochemicalReaction2433,1,http://www.reactome.org/biopax/96/56210#Catalysis1298,710
663,1219|2869|4416|5254,1220|4417,4,2,http://www.reactome.org/biopax/96/56210#BiochemicalReaction3353,1,http://www.reactome.org/biopax/96/56210#Catalysis2171,711
664,2194|5510|5702,5703|5704,3,2,http://www.reactome.org/biopax/96/56210#BiochemicalReaction662,1,http://www.reactome.org/biopax/96/56210#Catalysis454,712
665,2827|5064,5065,2,1,http://www.reactome.org/biopax/96/56210#BiochemicalReaction3215,1,http://www.reactome.org/biopax/96/56210#Catalysis2034,713
666,334|367|4553,337|4564,3,2,http://www.reactome.org/biopax/96/56210#BiochemicalReaction1380,1,http://www.reactome.org/biopax/96/56210#Catalysis753,714
667,234|1493|4433,235|5386,3,2,http://www.reactome.org/biopax/96/56210#BiochemicalReaction3778,1,http://www.reactome.org/biopax/96/56210#Catalysis2351,715
668,1149|4348|5077|5538,4757|5078|5236,4,3,http://www.reactome.org/biopax/96/56210#BiochemicalReaction3232,1,http://www.reactome.org/biopax/96/56210#Catalysis2051,716
669,3669|4030|4348,3079|4679,3,2,http://www.reactome.org/biopax/96/56210#BiochemicalReaction4404,1,http://www.reactome.org/biopax/96/56210#Catalysis2598,717
670,138|140|5538,139|5209,3,2,http://www.reactome.org/biopax/96/56210#BiochemicalReaction993,1,http://www.reactome.org/biopax/96/56210#Catalysis604,718
671,334|404|4593,349|4602,3,2,http://www.reactome.org/biopax/96/56210#BiochemicalReaction1396,1,http://www.reactome.org/biopax/96/56210#Catalysis762,719
672,424|4575,421|425|4076,2,3,http://www.reactome.org/biopax/96/56210#BiochemicalReaction1482,1,http://www.reactome.org/biopax/96/56210#Catalysis794,720
673,3028|3029|4348,1714|4679,3,2,http://www.reactome.org/biopax/96/56210#BiochemicalReaction4195,1,http://www.reactome.org/biopax/96/56210#Control386,721
674,77,78,1,1,http://www.reactome.org/biopax/96/56210#BiochemicalReaction916,1,http://www.reactome.org/biopax/96/56210#Catalysis583,722
675,1098|4348|4965|4966|5538,4967|5209|5236,5,3,http://www.reactome.org/biopax/96/56210#BiochemicalReaction3119,1,http://www.reactome.org/biopax/96/56210#Catalysis1939,723
676,1004|1006|1008,1003|1009|2753,3,3,http://www.reactome.org/biopax/96/56210#BiochemicalReaction2925,1,http://www.reactome.org/biopax/96/56210#Catalysis1755,724
677,3639|4690,4690,2,1,http://www.reactome.org/biopax/96/56210#BiochemicalReaction2772,1,http://www.reactome.org/biopax/96/56210#Catalysis1626,725
678,1512|4348,1513|4679,2,2,http://www.reactome.org/biopax/96/56210#BiochemicalReaction3801,1,http://www.reactome.org/biopax/96/56210#Catalysis2363,727
679,249|3826|4585,3821|3823,3,2,http://www.reactome.org/biopax/96/56210#BiochemicalReaction108,1,http://www.reactome.org/biopax/96/56210#Control6,728
680,1505|5229|5713,4460|5400,3,2,http://www.reactome.org/biopax/96/56210#BiochemicalReaction285,1,http://www.reactome.org/biopax/96/56210#Catalysis168,729
681,112|185,113|114|185,2,3,http://www.reactome.org/biopax/96/56210#BiochemicalReaction947,1,http://www.reactome.org/biopax/96/56210#Control79,730
682,2748|2749,996,2,1,http://www.reactome.org/biopax/96/56210#BiochemicalReaction2917,1,http://www.reactome.org/biopax/96/56210#Catalysis1750,731
683,687|3989|3990,688,3,1,http://www.reactome.org/biopax/96/56210#BiochemicalReaction2069,1,http://www.reactome.org/biopax/96/56210#Control182,732
684,2259|3731,2260|3459,2,2,http://www.reactome.org/biopax/96/56210#BiochemicalReaction779,1,http://www.reactome.org/biopax/96/56210#Catalysis508,733
685,515|517|2401,516,3,1,http://www.reactome.org/biopax/96/56210#BiochemicalReaction1729,-1,http://www.reactome.org/biopax/96/56210#Control169,734
686,508|3869,3870|3871,2,2,http://www.reactome.org/biopax/96/56210#BiochemicalReaction1684,1,http://www.reactome.org/biopax/96/56210#Catalysis848,735
687,234|1511|4433,235|5386,3,2,http://www.reactome.org/biopax/96/56210#BiochemicalReaction3799,1,http://www.reactome.org/biopax/96/56210#Control357,736
688,4433|5285|5713,5236|5662,3,2,http://www.reactome.org/biopax/96/56210#BiochemicalReaction4772,1,http://www.reactome.org/biopax/96/56210#Control434,737
689,1112|5002|5383,5404|5611,3,2,http://www.reactome.org/biopax/96/56210#BiochemicalReaction3148,1,http://www.reactome.org/biopax/96/56210#Catalysis1967,738
690,44|5737,45|5733,2,2,http://www.reactome.org/biopax/96/56210#BiochemicalReaction822,1,http://www.reactome.org/biopax/96/56210#Catalysis531,739
691,3797|3873|4553,3798|4564,3,2,http://www.reactome.org/biopax/96/56210#BiochemicalReaction1352,1,http://www.reactome.org/biopax/96/56210#Catalysis742,740
692,2694|4291|4696|5713,4282|4699,4,2,http://www.reactome.org/biopax/96/56210#BiochemicalReaction2764,1,http://www.reactome.org/biopax/96/56210#Catalysis1618,741
693,2369|5492|5539,5499|5502|5546,3,3,http://www.reactome.org/biopax/96/56210#BiochemicalReaction17,1,http://www.reactome.org/biopax/96/56210#Catalysis17,742
694,1638|4348,1639|4679,2,2,http://www.reactome.org/biopax/96/56210#BiochemicalReaction3991,1,http://www.reactome.org/biopax/96/56210#Catalysis2450,744
695,3431|5710|5711,5396|5712,3,2,http://www.reactome.org/biopax/96/56210#BiochemicalReaction669,1,http://www.reactome.org/biopax/96/56210#Catalysis457,745
696,3646|4473|4474,4378|4475,3,2,http://www.reactome.org/biopax/96/56210#BiochemicalReaction2530,1,http://www.reactome.org/biopax/96/56210#Catalysis1393,746
697,1162|4422|5093|5358,5092|5094|5357,4,3,http://www.reactome.org/biopax/96/56210#BiochemicalReaction3240,1,http://www.reactome.org/biopax/96/56210#Catalysis2059,747
698,1222|2085|3278|5254|5512,1224|2086|2832|5336|5337|5338|5339,5,7,http://www.reactome.org/biopax/96/56210#BiochemicalReaction4969,1,http://www.reactome.org/biopax/96/56210#Catalysis2893,748
699,2805|4987,4988,2,1,http://www.reactome.org/biopax/96/56210#BiochemicalReaction3134,1,http://www.reactome.org/biopax/96/56210#Catalysis1953,749
700,1539|2905|2929|2930|2933|2936,1546,6,1,http://www.reactome.org/biopax/96/56210#BiochemicalReaction288,1,http://www.reactome.org/biopax/96/56210#Catalysis171,750
701,765|5538|5556,4168,3,1,http://www.reactome.org/biopax/96/56210#BiochemicalReaction2238,1,http://www.reactome.org/biopax/96/56210#Catalysis1116,751
702,309|5538,3671|3684|3782,2,3,http://www.reactome.org/biopax/96/56210#BiochemicalReaction1329,1,http://www.reactome.org/biopax/96/56210#Catalysis730,752
703,1621|3671,1622,2,1,http://www.reactome.org/biopax/96/56210#BiochemicalReaction3962,1,http://www.reactome.org/biopax/96/56210#Catalysis2438,754
704,2026|4575,2027|2323,2,2,http://www.reactome.org/biopax/96/56210#BiochemicalReaction4867,1,http://www.reactome.org/biopax/96/56210#Catalysis2845,755
705,2571|4293|4348,4285|4679,3,2,http://www.reactome.org/biopax/96/56210#BiochemicalReaction2396,1,http://www.reactome.org/biopax/96/56210#Catalysis1263,756
706,886|4348|4538,4679|5718,3,2,http://www.reactome.org/biopax/96/56210#BiochemicalReaction2627,1,http://www.reactome.org/biopax/96/56210#Catalysis1490,758
707,433|4757|4865,4863|5631,3,2,http://www.reactome.org/biopax/96/56210#BiochemicalReaction3007,1,http://www.reactome.org/biopax/96/56210#Catalysis1829,760
708,3866,3867|3868,1,2,http://www.reactome.org/biopax/96/56210#BiochemicalReaction1669,1,http://www.reactome.org/biopax/96/56210#Catalysis842,761
709,2493|4348|5394|5440,4319|4679|4757|5713,4,4,http://www.reactome.org/biopax/96/56210#BiochemicalReaction2484,1,http://www.reactome.org/biopax/96/56210#Catalysis1349,762
710,841|4144|4390,4391|5396,3,2,http://www.reactome.org/biopax/96/56210#BiochemicalReaction2479,1,http://www.reactome.org/biopax/96/56210#Control223,763
711,3421|4460,5695,2,1,http://www.reactome.org/biopax/96/56210#BiochemicalReaction639,1,http://www.reactome.org/biopax/96/56210#Catalysis438,764
712,1872|4433,1871|5386,2,2,http://www.reactome.org/biopax/96/56210#BiochemicalReaction4613,1,http://www.reactome.org/biopax/96/56210#Catalysis2679,766
713,4049|4291|4720|5713,4282|4721,4,2,http://www.reactome.org/biopax/96/56210#BiochemicalReaction2789,1,http://www.reactome.org/biopax/96/56210#Catalysis1641,767
714,2843|2844|2850,1176,3,1,http://www.reactome.org/biopax/96/56210#BiochemicalReaction3270,-1,http://www.reactome.org/biopax/96/56210#Control323,768
715,465|2392|3903,464|3902,3,2,http://www.reactome.org/biopax/96/56210#BiochemicalReaction150,1,http://www.reactome.org/biopax/96/56210#Control10,769
716,2154|5446|5713,5397|5410,3,2,http://www.reactome.org/biopax/96/56210#BiochemicalReaction502,1,http://www.reactome.org/biopax/96/56210#Catalysis313,770
717,610|3929|4348,611|4679,3,2,http://www.reactome.org/biopax/96/56210#BiochemicalReaction1931,1,http://www.reactome.org/biopax/96/56210#Catalysis960,771
718,1856|3722|4445|4450,3723|4460|4469,4,3,http://www.reactome.org/biopax/96/56210#BiochemicalReaction72,1,http://www.reactome.org/biopax/96/56210#Catalysis57,772
719,787|5617,4189,2,1,http://www.reactome.org/biopax/96/56210#BiochemicalReaction2271,1,http://www.reactome.org/biopax/96/56210#Catalysis1148,773
720,966|5276|5429,965|5431,3,2,http://www.reactome.org/biopax/96/56210#BiochemicalReaction2881,1,http://www.reactome.org/biopax/96/56210#Control261,774
721,881|4307|4556,5726|5743,3,2,http://www.reactome.org/biopax/96/56210#BiochemicalReaction2601,1,http://www.reactome.org/biopax/96/56210#Catalysis1464,775
722,2770|4866|5428,4867|5254|5430,3,3,http://www.reactome.org/biopax/96/56210#BiochemicalReaction2997,1,http://www.reactome.org/biopax/96/56210#Catalysis1819,776
723,4753|5089|5254|5458,4322|5143|5750,4,3,http://www.reactome.org/biopax/96/56210#BiochemicalReaction3286,-1,http://www.reactome.org/biopax/96/56210#Control324,777
724,1340|1347|4348,1348|4679,3,2,http://www.reactome.org/biopax/96/56210#BiochemicalReaction3548,1,http://www.reactome.org/biopax/96/56210#Catalysis2262,778
725,1796|4348,1797|4679,2,2,http://www.reactome.org/biopax/96/56210#BiochemicalReaction4387,1,http://www.reactome.org/biopax/96/56210#Catalysis2589,779
726,3468|3917|4553,3918|4564,3,2,http://www.reactome.org/biopax/96/56210#BiochemicalReaction1854,1,http://www.reactome.org/biopax/96/56210#Catalysis918,780
727,4348|5387,5388,2,1,http://www.reactome.org/biopax/96/56210#BiochemicalReaction343,-1,http://www.reactome.org/biopax/96/56210#Control38,781
728,3338|5485,5335,2,1,http://www.reactome.org/biopax/96/56210#BiochemicalReaction449,1,http://www.reactome.org/biopax/96/56210#Catalysis261,782
729,186|5414,5369,2,1,http://www.reactome.org/biopax/96/56210#BiochemicalReaction1043,1,http://www.reactome.org/biopax/96/56210#Catalysis631,783
730,3025|3091|3671,3092,3,1,http://www.reactome.org/biopax/96/56210#BiochemicalReaction4421,1,http://www.reactome.org/biopax/96/56210#Catalysis2608,784
731,2340|2342|4450,2341|5534,3,2,http://www.reactome.org/biopax/96/56210#BiochemicalReaction490,1,http://www.reactome.org/biopax/96/56210#Catalysis301,785
732,31|437|4553,435|4564|4577,3,3,http://www.reactome.org/biopax/96/56210#BiochemicalReaction1528,1,http://www.reactome.org/biopax/96/56210#Catalysis799,786
733,3334|5476|5698,5477|5713,3,2,http://www.reactome.org/biopax/96/56210#BiochemicalReaction442,1,http://www.reactome.org/biopax/96/56210#Catalysis254,787
734,842|4348|5394|5440,4319|4679|4757|5713,4,4,http://www.reactome.org/biopax/96/56210#BiochemicalReaction2485,1,http://www.reactome.org/biopax/96/56210#Control228,788
735,229|3861|4553,3862|4564,3,2,http://www.reactome.org/biopax/96/56210#BiochemicalReaction115,1,http://www.reactome.org/biopax/96/56210#Catalysis79,789
736,1820|3107|4433,1819,3,1,http://www.reactome.org/biopax/96/56210#BiochemicalReaction4462,1,http://www.reactome.org/biopax/96/56210#Catalysis2628,790
737,1661|4433,1662|5386,2,2,http://www.reactome.org/biopax/96/56210#BiochemicalReaction4079,1,http://www.reactome.org/biopax/96/56210#Catalysis2472,791
738,2796|4291|4856|5713,4282|4811,4,2,http://www.reactome.org/biopax/96/56210#BiochemicalReaction3096,1,http://www.reactome.org/biopax/96/56210#Catalysis1916,792
739,2273|5244|5245,2274|5513,3,2,http://www.reactome.org/biopax/96/56210#BiochemicalReaction4303,1,http://www.reactome.org/biopax/96/56210#Control395,793
740,3202|5315|5652,4209|5319,3,2,http://www.reactome.org/biopax/96/56210#BiochemicalReaction4800,1,http://www.reactome.org/biopax/96/56210#Catalysis2788,794
741,3712|4521|5538,4509|4522,3,2,http://www.reactome.org/biopax/96/56210#BiochemicalReaction2571,1,http://www.reactome.org/biopax/96/56210#Catalysis1434,795
742,1333|4348,1334|4679,2,2,http://www.reactome.org/biopax/96/56210#BiochemicalReaction3517,1,http://www.reactome.org/biopax/96/56210#Catalysis2254,796
743,53|4553,54|4564|4577,2,3,http://www.reactome.org/biopax/96/56210#BiochemicalReaction827,1,http://www.reactome.org/biopax/96/56210#Catalysis535,797
744,3201|5312,4189|5313,2,2,http://www.reactome.org/biopax/96/56210#BiochemicalReaction4796,1,http://www.reactome.org/biopax/96/56210#Catalysis2784,798
745,4915|5371,4916,2,1,http://www.reactome.org/biopax/96/56210#BiochemicalReaction3040,-1,http://www.reactome.org/biopax/96/56210#Control305,800
746,1467|3671,1468,2,1,http://www.reactome.org/biopax/96/56210#BiochemicalReaction3755,1,http://www.reactome.org/biopax/96/56210#Catalysis2341,801
747,2382|3266|5538,2382|3433,3,2,http://www.reactome.org/biopax/96/56210#BiochemicalReaction4895,1,http://www.reactome.org/biopax/96/56210#Catalysis2867,802
748,2276|3445,3267,2,1,http://www.reactome.org/biopax/96/56210#BiochemicalReaction4896,1,http://www.reactome.org/biopax/96/56210#Catalysis2868,803
749,716|719|4433,717|5386,3,2,http://www.reactome.org/biopax/96/56210#BiochemicalReaction2140,-1,http://www.reactome.org/biopax/96/56210#Control194,804
750,2550|4203|4228,4224|4229,3,2,http://www.reactome.org/biopax/96/56210#BiochemicalReaction2337,1,http://www.reactome.org/biopax/96/56210#Catalysis1207,805
751,1504|4348,1508|4679,2,2,http://www.reactome.org/biopax/96/56210#BiochemicalReaction3795,1,http://www.reactome.org/biopax/96/56210#Catalysis2360,806
752,3193|5299|5662,5300|5386,3,2,http://www.reactome.org/biopax/96/56210#BiochemicalReaction4785,1,http://www.reactome.org/biopax/96/56210#Catalysis2775,807
753,515|2289|5538,532|4757,3,2,http://www.reactome.org/biopax/96/56210#BiochemicalReaction4428,1,http://www.reactome.org/biopax/96/56210#Catalysis2614,808
754,1824|4348,1825|3705|4679,2,3,http://www.reactome.org/biopax/96/56210#BiochemicalReaction4472,1,http://www.reactome.org/biopax/96/56210#Catalysis2630,809
755,1087|4291|4947|5713,4282|4856,4,2,http://www.reactome.org/biopax/96/56210#BiochemicalReaction3094,1,http://www.reactome.org/biopax/96/56210#Catalysis1915,810
756,2491|4092|4361|5499|5766,4363|4364|5492,5,3,http://www.reactome.org/biopax/96/56210#BiochemicalReaction2465,1,http://www.reactome.org/biopax/96/56210#Catalysis1330,811
757,2621|4549|5711,4548|5396,3,2,http://www.reactome.org/biopax/96/56210#BiochemicalReaction2595,1,http://www.reactome.org/biopax/96/56210#Catalysis1458,812
758,3336|5479|5480,5481|5713,3,2,http://www.reactome.org/biopax/96/56210#BiochemicalReaction447,1,http://www.reactome.org/biopax/96/56210#Catalysis259,813
759,4040|4165|5365,4156|5555|5750,3,3,http://www.reactome.org/biopax/96/56210#BiochemicalReaction2237,1,http://www.reactome.org/biopax/96/56210#Catalysis1115,814
760,3377|4821|5390|5563,5392|5418|5564,4,3,http://www.reactome.org/biopax/96/56210#BiochemicalReaction510,1,http://www.reactome.org/biopax/96/56210#Catalysis321,815
761,5007|5254|5365|5384|5404,5006|5276|5383,5,3,http://www.reactome.org/biopax/96/56210#BiochemicalReaction3154,-1,http://www.reactome.org/biopax/96/56210#Control316,816
762,3291|3822|5348,3823|5576,3,2,http://www.reactome.org/biopax/96/56210#BiochemicalReaction4986,1,http://www.reactome.org/biopax/96/56210#Catalysis2908,817
763,234|2278|4433,235|5386,3,2,http://www.reactome.org/biopax/96/56210#BiochemicalReaction4346,1,http://www.reactome.org/biopax/96/56210#Catalysis2572,818
764,1018|5209,1019,2,1,http://www.reactome.org/biopax/96/56210#BiochemicalReaction2942,1,http://www.reactome.org/biopax/96/56210#Control286,819
765,730|5230,731|5538,2,2,http://www.reactome.org/biopax/96/56210#BiochemicalReaction196,1,http://www.reactome.org/biopax/96/56210#Catalysis111,820
766,1081|4348|4806|5538|5543,4679|4757|4932|5236,5,4,http://www.reactome.org/biopax/96/56210#BiochemicalReaction3075,1,http://www.reactome.org/biopax/96/56210#Catalysis1896,821
767,1600|4348|5754,4679|5370,3,2,http://www.reactome.org/biopax/96/56210#BiochemicalReaction3921,1,http://www.reactome.org/biopax/96/56210#Catalysis2421,822
768,1395|1470|2905|2929|2930|2933|2959,1476,7,1,http://www.reactome.org/biopax/96/56210#BiochemicalReaction278,1,http://www.reactome.org/biopax/96/56210#Catalysis161,823
769,1151|5069|5578,5070|5538,3,2,http://www.reactome.org/biopax/96/56210#BiochemicalReaction3221,1,http://www.reactome.org/biopax/96/56210#Catalysis2040,824
770,2019|5387,5388,2,1,http://www.reactome.org/biopax/96/56210#BiochemicalReaction346,1,http://www.reactome.org/biopax/96/56210#Catalysis210,825
771,145|185,148,2,1,http://www.reactome.org/biopax/96/56210#BiochemicalReaction103,1,http://www.reactome.org/biopax/96/56210#Catalysis72,826
772,1034|4348|4843,4679|4850,3,2,http://www.reactome.org/biopax/96/56210#BiochemicalReaction2986,1,http://www.reactome.org/biopax/96/56210#Catalysis1808,827
773,3875|4348|5538|5761,4679|4757|5770,4,3,http://www.reactome.org/biopax/96/56210#BiochemicalReaction26,1,http://www.reactome.org/biopax/96/56210#Catalysis26,828
774,1169|5368|5538,5100|5602,3,2,http://www.reactome.org/biopax/96/56210#BiochemicalReaction3248,1,http://www.reactome.org/biopax/96/56210#Catalysis2067,830
775,2220|2221|4348,2222|4679,3,2,http://www.reactome.org/biopax/96/56210#BiochemicalReaction719,1,http://www.reactome.org/biopax/96/56210#Catalysis481,832
776,563|3671,570,2,1,http://www.reactome.org/biopax/96/56210#BiochemicalReaction172,1,http://www.reactome.org/biopax/96/56210#Catalysis99,833
777,2474|4230|5394,4231|5396|5551,3,3,http://www.reactome.org/biopax/96/56210#BiochemicalReaction2339,1,http://www.reactome.org/biopax/96/56210#Catalysis1209,834
778,3369|4757|5547,5431|5545,3,2,http://www.reactome.org/biopax/96/56210#BiochemicalReaction497,1,http://www.reactome.org/biopax/96/56210#Catalysis308,835
779,2555|2557|5362,2556|5276|5363,3,3,http://www.reactome.org/biopax/96/56210#BiochemicalReaction217,1,http://www.reactome.org/biopax/96/56210#Catalysis126,836
780,598|600|3938|4575,599|4577,4,2,http://www.reactome.org/biopax/96/56210#BiochemicalReaction1914,1,http://www.reactome.org/biopax/96/56210#Catalysis950,837
781,272|277|4593,279|4602,3,2,http://www.reactome.org/biopax/96/56210#BiochemicalReaction117,1,http://www.reactome.org/biopax/96/56210#Catalysis80,838
782,1782|4348,1785|4679,2,2,http://www.reactome.org/biopax/96/56210#BiochemicalReaction4365,1,http://www.reactome.org/biopax/96/56210#Catalysis2578,839
783,1154|4445|5694,5072|5713,3,2,http://www.reactome.org/biopax/96/56210#BiochemicalReaction3225,1,http://www.reactome.org/biopax/96/56210#Catalysis2044,840
784,71|3513,3514|3515,2,2,http://www.reactome.org/biopax/96/56210#BiochemicalReaction876,1,http://www.reactome.org/biopax/96/56210#Catalysis561,841
785,976|4165|4166|5276,4322|5254|5553,4,3,http://www.reactome.org/biopax/96/56210#BiochemicalReaction2890,1,http://www.reactome.org/biopax/96/56210#Catalysis1732,842
786,3719|4064,5355,2,1,http://www.reactome.org/biopax/96/56210#BiochemicalReaction2,1,http://www.reactome.org/biopax/96/56210#Catalysis2,843
787,1706|2169,3662|3671,2,2,http://www.reactome.org/biopax/96/56210#BiochemicalReaction4176,1,http://www.reactome.org/biopax/96/56210#Catalysis2506,844
788,2134|2326|5492,2327|5345|5499,3,3,http://www.reactome.org/biopax/96/56210#BiochemicalReaction4984,1,http://www.reactome.org/biopax/96/56210#Catalysis2907,845
789,2088|3285|5510,3286,3,1,http://www.reactome.org/biopax/96/56210#BiochemicalReaction4976,1,http://www.reactome.org/biopax/96/56210#Catalysis2899,846
790,805|4203|4229,4214|4230,3,2,http://www.reactome.org/biopax/96/56210#BiochemicalReaction2338,1,http://www.reactome.org/biopax/96/56210#Catalysis1208,847
791,215|2224|2382,216|2224|3680,3,3,http://www.reactome.org/biopax/96/56210#BiochemicalReaction1107,1,http://www.reactome.org/biopax/96/56210#Catalysis669,848
792,37|2006|3554,3249|3470,3,2,http://www.reactome.org/biopax/96/56210#BiochemicalReaction4845,1,http://www.reactome.org/biopax/96/56210#Catalysis2828,849
793,170|2290|5538,1674|4757,3,2,http://www.reactome.org/biopax/96/56210#BiochemicalReaction4433,1,http://www.reactome.org/biopax/96/56210#Catalysis2616,850
794,3392|5520,5523,2,1,http://www.reactome.org/biopax/96/56210#BiochemicalReaction484,1,http://www.reactome.org/biopax/96/56210#Catalysis295,851
795,62|3474,3475|3476,2,2,http://www.reactome.org/biopax/96/56210#BiochemicalReaction846,1,http://www.reactome.org/biopax/96/56210#Catalysis543,852
796,313|4067|4282,4068|4291|5713,3,3,http://www.reactome.org/biopax/96/56210#BiochemicalReaction1340,1,http://www.reactome.org/biopax/96/56210#Catalysis736,853
797,594|3671|4022,4023,3,1,http://www.reactome.org/biopax/96/56210#BiochemicalReaction177,1,http://www.reactome.org/biopax/96/56210#Catalysis101,854
798,3774|3915|4553,3916|4564,3,2,http://www.reactome.org/biopax/96/56210#BiochemicalReaction1840,1,http://www.reactome.org/biopax/96/56210#Catalysis912,855
799,197|2376|4348,198|2375|5209|5236,3,4,http://www.reactome.org/biopax/96/56210#BiochemicalReaction1055,1,http://www.reactome.org/biopax/96/56210#Catalysis636,856
800,1704|2169,3024|3025|3671,2,3,http://www.reactome.org/biopax/96/56210#BiochemicalReaction4173,1,http://www.reactome.org/biopax/96/56210#Catalysis2504,857
801,1046|5538|5630|5713,4879|5413,4,2,http://www.reactome.org/biopax/96/56210#BiochemicalReaction3008,1,http://www.reactome.org/biopax/96/56210#Catalysis1830,858
802,1027|4794|4825,4826|4827,3,2,http://www.reactome.org/biopax/96/56210#BiochemicalReaction2962,1,http://www.reactome.org/biopax/96/56210#Catalysis1785,859
803,63|3477|3479,64,3,1,http://www.reactome.org/biopax/96/56210#BiochemicalReaction850,-1,http://www.reactome.org/biopax/96/56210#Control72,860
804,1164|2835|4952,1166|4959|5384,3,3,http://www.reactome.org/biopax/96/56210#BiochemicalReaction3244,1,http://www.reactome.org/biopax/96/56210#Catalysis2063,861
805,31|83|3799,31|434,3,2,http://www.reactome.org/biopax/96/56210#BiochemicalReaction1541,1,http://www.reactome.org/biopax/96/56210#Catalysis808,862
806,2041|5538,2042|3671,2,2,http://www.reactome.org/biopax/96/56210#BiochemicalReaction4875,1,http://www.reactome.org/biopax/96/56210#Catalysis2852,863
807,3119|3600|4348,3121|4679,3,2,http://www.reactome.org/biopax/96/56210#BiochemicalReaction4528,1,http://www.reactome.org/biopax/96/56210#Catalysis2653,864
808,322|3929|4348,569|4679,3,2,http://www.reactome.org/biopax/96/56210#BiochemicalReaction1867,1,http://www.reactome.org/biopax/96/56210#Catalysis929,867
809,2699|4821|5514,5418|5516,3,2,http://www.reactome.org/biopax/96/56210#BiochemicalReaction2782,1,http://www.reactome.org/biopax/96/56210#Catalysis1636,868
810,947|5414,5369,2,1,http://www.reactome.org/biopax/96/56210#BiochemicalReaction2849,1,http://www.reactome.org/biopax/96/56210#Catalysis1697,869
811,683|2412,3731,2,1,http://www.reactome.org/biopax/96/56210#BiochemicalReaction1861,1,http://www.reactome.org/biopax/96/56210#Catalysis925,870
812,2430|2510,2510,2,1,http://www.reactome.org/biopax/96/56210#BiochemicalReaction2840,1,http://www.reactome.org/biopax/96/56210#Catalysis1690,871
813,234|1599|4433,235|5386,3,2,http://www.reactome.org/biopax/96/56210#BiochemicalReaction3920,1,http://www.reactome.org/biopax/96/56210#Catalysis2420,872
814,3024|3644|5496,3091|4113,3,2,http://www.reactome.org/biopax/96/56210#BiochemicalReaction4420,1,http://www.reactome.org/biopax/96/56210#Catalysis2607,873
815,4450|5059|5061,5060|5229|5538,3,3,http://www.reactome.org/biopax/96/56210#BiochemicalReaction3212,-1,http://www.reactome.org/biopax/96/56210#Control318,874
816,3388|5563,5564,2,1,http://www.reactome.org/biopax/96/56210#BiochemicalReaction529,1,http://www.reactome.org/biopax/96/56210#Catalysis340,875
817,3346|4821|5488,5418|5489,3,2,http://www.reactome.org/biopax/96/56210#BiochemicalReaction456,1,http://www.reactome.org/biopax/96/56210#Catalysis268,876
818,2637|4555|5538,4757|5726,3,2,http://www.reactome.org/biopax/96/56210#BiochemicalReaction2621,1,http://www.reactome.org/biopax/96/56210#Catalysis1484,877
819,4056|5748,4193,2,1,http://www.reactome.org/biopax/96/56210#BiochemicalReaction2278,1,http://www.reactome.org/biopax/96/56210#Catalysis1155,878
820,256|2374|4348,257|4679,3,2,http://www.reactome.org/biopax/96/56210#BiochemicalReaction1178,1,http://www.reactome.org/biopax/96/56210#Catalysis697,879
821,2654|4591|5538,4590|4757,3,2,http://www.reactome.org/biopax/96/56210#BiochemicalReaction2662,1,http://www.reactome.org/biopax/96/56210#Catalysis1524,880
822,5007|5254|5384|5404|5430,5006|5276|5383,5,3,http://www.reactome.org/biopax/96/56210#BiochemicalReaction3154,1,http://www.reactome.org/biopax/96/56210#Control315,881
823,1413|5538,1414|4757,2,2,http://www.reactome.org/biopax/96/56210#BiochemicalReaction3694,1,http://www.reactome.org/biopax/96/56210#Catalysis2314,882
824,1727|5238,3036|3037|3429,2,3,http://www.reactome.org/biopax/96/56210#BiochemicalReaction4227,1,http://www.reactome.org/biopax/96/56210#Catalysis2530,883
825,800|2461|5652,2462|4209|5465,3,3,http://www.reactome.org/biopax/96/56210#BiochemicalReaction2314,1,http://www.reactome.org/biopax/96/56210#Catalysis1189,884
826,2619|5510|5765,4503|4507,3,2,http://www.reactome.org/biopax/96/56210#BiochemicalReaction2557,-1,http://www.reactome.org/biopax/96/56210#Control230,885
827,1121|2811|5407,2809|5254|5409,3,3,http://www.reactome.org/biopax/96/56210#BiochemicalReaction3165,1,http://www.reactome.org/biopax/96/56210#Catalysis1984,886
828,583|3848|4553,2415|4564,3,2,http://www.reactome.org/biopax/96/56210#BiochemicalReaction1890,-1,http://www.reactome.org/biopax/96/56210#Control176,887
829,1588|2670|4348,3759|4679,3,2,http://www.reactome.org/biopax/96/56210#BiochemicalReaction3905,1,http://www.reactome.org/biopax/96/56210#Catalysis2411,888
830,5155|5156|5673,4797|5254,3,2,http://www.reactome.org/biopax/96/56210#BiochemicalReaction3294,-1,http://www.reactome.org/biopax/96/56210#Control326,890
831,217|3671,218,2,1,http://www.reactome.org/biopax/96/56210#BiochemicalReaction1110,1,http://www.reactome.org/biopax/96/56210#Catalysis670,892
832,836|4768|5538,4769,3,1,http://www.reactome.org/biopax/96/56210#BiochemicalReaction2832,1,http://www.reactome.org/biopax/96/56210#Catalysis1682,893
833,1052|4900|5510,4901|5397|5495,3,3,http://www.reactome.org/biopax/96/56210#BiochemicalReaction3029,1,http://www.reactome.org/biopax/96/56210#Catalysis1851,894
834,3199|5307|5308,5302|5309,3,2,http://www.reactome.org/biopax/96/56210#BiochemicalReaction4791,1,http://www.reactome.org/biopax/96/56210#Catalysis2781,896
835,2846|5117|5118,5063|5500|5713,3,3,http://www.reactome.org/biopax/96/56210#BiochemicalReaction3263,1,http://www.reactome.org/biopax/96/56210#Catalysis2082,897
836,2182|5369|5499,5678|5713,3,2,http://www.reactome.org/biopax/96/56210#BiochemicalReaction602,1,http://www.reactome.org/biopax/96/56210#Control50,898
837,836|4765|5538,4766,3,1,http://www.reactome.org/biopax/96/56210#BiochemicalReaction2830,1,http://www.reactome.org/biopax/96/56210#Catalysis1680,899
838,27|2079,2080|3276,2,2,http://www.reactome.org/biopax/96/56210#BiochemicalReaction4960,1,http://www.reactome.org/biopax/96/56210#Catalysis2888,900
839,863|5415|5510,4503|4551,3,2,http://www.reactome.org/biopax/96/56210#BiochemicalReaction2597,1,http://www.reactome.org/biopax/96/56210#Catalysis1460,901
840,3711|5538|5765,4757|5755,3,2,http://www.reactome.org/biopax/96/56210#BiochemicalReaction1150,1,http://www.reactome.org/biopax/96/56210#Catalysis683,902
841,2170|4460,5695,2,1,http://www.reactome.org/biopax/96/56210#BiochemicalReaction638,1,http://www.reactome.org/biopax/96/56210#Catalysis437,903
842,2672|4617,4620,2,1,http://www.reactome.org/biopax/96/56210#BiochemicalReaction2690,1,http://www.reactome.org/biopax/96/56210#Catalysis1550,904
843,1874|2961|4433,1875|5386,3,2,http://www.reactome.org/biopax/96/56210#BiochemicalReaction4614,1,http://www.reactome.org/biopax/96/56210#Catalysis2680,905
844,762|4037,763|5617,2,2,http://www.reactome.org/biopax/96/56210#BiochemicalReaction2232,1,http://www.reactome.org/biopax/96/56210#Catalysis1110,906
845,1120|5013|5383,5012|5404,3,2,http://www.reactome.org/biopax/96/56210#BiochemicalReaction3162,1,http://www.reactome.org/biopax/96/56210#Catalysis1981,907
846,757|4067|5209,760,3,1,http://www.reactome.org/biopax/96/56210#BiochemicalReaction2229,-1,http://www.reactome.org/biopax/96/56210#Control199,909
847,2070|2382,3433,2,1,http://www.reactome.org/biopax/96/56210#BiochemicalReaction4899,1,http://www.reactome.org/biopax/96/56210#Control440,910
848,2772|4882|5538,4757|4883|5713,3,3,http://www.reactome.org/biopax/96/56210#BiochemicalReaction3014,1,http://www.reactome.org/biopax/96/56210#Catalysis1836,912
849,782|4067|4170,4169|4180|5713,3,3,http://www.reactome.org/biopax/96/56210#BiochemicalReaction2260,1,http://www.reactome.org/biopax/96/56210#Catalysis1137,913
850,3364|5518,5519,2,1,http://www.reactome.org/biopax/96/56210#BiochemicalReaction481,1,http://www.reactome.org/biopax/96/56210#Catalysis292,914
851,2282|3072|5538,2285|4757,3,2,http://www.reactome.org/biopax/96/56210#BiochemicalReaction4379,1,http://www.reactome.org/biopax/96/56210#Catalysis2585,915
852,887|4348|4597,4598|4679,3,2,http://www.reactome.org/biopax/96/56210#BiochemicalReaction2671,1,http://www.reactome.org/biopax/96/56210#Catalysis1532,916
853,2754|3773|4553,3772|4564,3,2,http://www.reactome.org/biopax/96/56210#BiochemicalReaction1303,1,http://www.reactome.org/biopax/96/56210#Catalysis727,917
854,973|2723|3671,2724,3,1,http://www.reactome.org/biopax/96/56210#BiochemicalReaction2885,1,http://www.reactome.org/biopax/96/56210#Catalysis1727,918
855,844|4407|5276,4408,3,1,http://www.reactome.org/biopax/96/56210#BiochemicalReaction2491,1,http://www.reactome.org/biopax/96/56210#Catalysis1356,919
856,1426|3671,1421|1427,2,2,http://www.reactome.org/biopax/96/56210#BiochemicalReaction3708,1,http://www.reactome.org/biopax/96/56210#Catalysis2321,920
857,1030|4158|4348|5130|5538,4518|4679|4757|5229|5713,5,5,http://www.reactome.org/biopax/96/56210#BiochemicalReaction2979,1,http://www.reactome.org/biopax/96/56210#Catalysis1801,922
858,72|3791|4348,3792|4679,3,2,http://www.reactome.org/biopax/96/56210#BiochemicalReaction1338,1,http://www.reactome.org/biopax/96/56210#Catalysis734,923
859,95|3588|3589|3590,96|3558|3568|3570|3572|3586,4,6,http://www.reactome.org/biopax/96/56210#BiochemicalReaction929,1,http://www.reactome.org/biopax/96/56210#Catalysis589,924
860,2712|4166|4749,4322|4750,3,2,http://www.reactome.org/biopax/96/56210#BiochemicalReaction2818,1,http://www.reactome.org/biopax/96/56210#Catalysis1668,925
861,2669|4714|5718,4555|4716,3,2,http://www.reactome.org/biopax/96/56210#BiochemicalReaction2779,1,http://www.reactome.org/biopax/96/56210#Catalysis1633,927
862,984|4781|5276,5547,3,1,http://www.reactome.org/biopax/96/56210#BiochemicalReaction2899,1,http://www.reactome.org/biopax/96/56210#Catalysis1741,928
863,2567|4581|5538,4757|5718,3,2,http://www.reactome.org/biopax/96/56210#BiochemicalReaction2632,1,http://www.reactome.org/biopax/96/56210#Catalysis1495,929
864,623|650|4348,651|4679,3,2,http://www.reactome.org/biopax/96/56210#BiochemicalReaction1983,1,http://www.reactome.org/biopax/96/56210#Catalysis997,930
865,1863|5390,5392,2,1,http://www.reactome.org/biopax/96/56210#BiochemicalReaction327,1,http://www.reactome.org/biopax/96/56210#Catalysis196,931
866,149|3615,151,2,1,http://www.reactome.org/biopax/96/56210#BiochemicalReaction1002,1,http://www.reactome.org/biopax/96/56210#Control101,932
867,3975|3977|5496|5538,3976|4112|4113,4,3,http://www.reactome.org/biopax/96/56210#BiochemicalReaction1993,1,http://www.reactome.org/biopax/96/56210#Catalysis1006,933
868,1792|3671,1793,2,1,http://www.reactome.org/biopax/96/56210#BiochemicalReaction4382,1,http://www.reactome.org/biopax/96/56210#Catalysis2586,934
869,1805|4348,3095|3096|4679,2,3,http://www.reactome.org/biopax/96/56210#BiochemicalReaction4425,1,http://www.reactome.org/biopax/96/56210#Catalysis2611,935
870,3179|5263|5270,2303,3,1,http://www.reactome.org/biopax/96/56210#BiochemicalReaction4756,1,http://www.reactome.org/biopax/96/56210#Catalysis2746,936
871,4031|4583|5538,2722|4757,3,2,http://www.reactome.org/biopax/96/56210#BiochemicalReaction4408,-1,http://www.reactome.org/biopax/96/56210#Control415,937
872,613|3671,617,2,1,http://www.reactome.org/biopax/96/56210#BiochemicalReaction184,1,http://www.reactome.org/biopax/96/56210#Catalysis104,938
873,1869|1871|4348,507|1867|1870|4679,3,4,http://www.reactome.org/biopax/96/56210#BiochemicalReaction4611,1,http://www.reactome.org/biopax/96/56210#Control424,939
874,234|299|4433,235|5386,3,2,http://www.reactome.org/biopax/96/56210#BiochemicalReaction1302,1,http://www.reactome.org/biopax/96/56210#Catalysis726,940
875,2061|5387,5388,2,1,http://www.reactome.org/biopax/96/56210#BiochemicalReaction349,1,http://www.reactome.org/biopax/96/56210#Catalysis213,941
876,1304|2871|2904,1305,3,1,http://www.reactome.org/biopax/96/56210#BiochemicalReaction3470,1,http://www.reactome.org/biopax/96/56210#Catalysis2229,942
877,1065|4348|4926,4679|4927,3,2,http://www.reactome.org/biopax/96/56210#BiochemicalReaction3052,1,http://www.reactome.org/biopax/96/56210#Catalysis1874,944
878,809|4244|4291|5713,4245|4282,4,2,http://www.reactome.org/biopax/96/56210#BiochemicalReaction2358,1,http://www.reactome.org/biopax/96/56210#Catalysis1225,945
879,1435|5229,1441,2,1,http://www.reactome.org/biopax/96/56210#BiochemicalReaction273,1,http://www.reactome.org/biopax/96/56210#Catalysis157,946
880,4060|5231,4062,2,1,http://www.reactome.org/biopax/96/56210#BiochemicalReaction199,1,http://www.reactome.org/biopax/96/56210#Control19,947
881,1328|4433,1329|5386,2,2,http://www.reactome.org/biopax/96/56210#BiochemicalReaction3507,1,http://www.reactome.org/biopax/96/56210#Catalysis2249,948
882,2621|4523|5711,4521|5396,3,2,http://www.reactome.org/biopax/96/56210#BiochemicalReaction2573,1,http://www.reactome.org/biopax/96/56210#Catalysis1436,949
883,1029|4158|4348|5130|5538,4518|4679|4757|5229|5713,5,5,http://www.reactome.org/biopax/96/56210#BiochemicalReaction2978,1,http://www.reactome.org/biopax/96/56210#Catalysis1800,950
884,2169|3962,3671,2,1,http://www.reactome.org/biopax/96/56210#BiochemicalReaction1971,1,http://www.reactome.org/biopax/96/56210#Catalysis986,951
885,3356|4821|5495,4757|5418,3,2,http://www.reactome.org/biopax/96/56210#BiochemicalReaction468,1,http://www.reactome.org/biopax/96/56210#Catalysis279,952
886,3373|4821|5559,5418|5562,3,2,http://www.reactome.org/biopax/96/56210#BiochemicalReaction504,1,http://www.reactome.org/biopax/96/56210#Catalysis315,953
887,368|3813|4075,369,3,1,http://www.reactome.org/biopax/96/56210#BiochemicalReaction1415,1,http://www.reactome.org/biopax/96/56210#Control143,954
888,1183|5141,5522|5566,2,2,http://www.reactome.org/biopax/96/56210#BiochemicalReaction3283,1,http://www.reactome.org/biopax/96/56210#Catalysis2102,955
889,887|4348|4592,4586|4679,3,2,http://www.reactome.org/biopax/96/56210#BiochemicalReaction2663,1,http://www.reactome.org/biopax/96/56210#Catalysis1525,956
890,3714|5419,5483,2,1,http://www.reactome.org/biopax/96/56210#BiochemicalReaction13,1,http://www.reactome.org/biopax/96/56210#Catalysis13,957
891,71|3547,3548|3549,2,2,http://www.reactome.org/biopax/96/56210#BiochemicalReaction891,1,http://www.reactome.org/biopax/96/56210#Catalysis575,958
892,2117|2121|5423|5424|5426|5427,2122,6,1,http://www.reactome.org/biopax/96/56210#BiochemicalReaction391,1,http://www.reactome.org/biopax/96/56210#Catalysis217,959
893,705|4433,5236|5532,2,2,http://www.reactome.org/biopax/96/56210#BiochemicalReaction2123,-1,http://www.reactome.org/biopax/96/56210#Control188,960
894,3056|3058|5538,2276|3057,3,2,http://www.reactome.org/biopax/96/56210#BiochemicalReaction4329,1,http://www.reactome.org/biopax/96/56210#Catalysis2566,961
895,2500|4348|5757,4679|5370,3,2,http://www.reactome.org/biopax/96/56210#BiochemicalReaction2636,1,http://www.reactome.org/biopax/96/56210#Catalysis1499,962
896,2406|3899|4553,553|4564,3,2,http://www.reactome.org/biopax/96/56210#BiochemicalReaction1822,1,http://www.reactome.org/biopax/96/56210#Catalysis903,963
897,2728|2730|4322,2729|4166,3,2,http://www.reactome.org/biopax/96/56210#BiochemicalReaction2876,-1,http://www.reactome.org/biopax/96/56210#Control254,964
898,1090|5105,5106|5741,2,2,http://www.reactome.org/biopax/96/56210#BiochemicalReaction3252,1,http://www.reactome.org/biopax/96/56210#Catalysis2071,965
899,234|1404|4433,235|5386,3,2,http://www.reactome.org/biopax/96/56210#BiochemicalReaction3684,1,http://www.reactome.org/biopax/96/56210#Catalysis2309,966
900,3189|5320|5329,2314,3,1,http://www.reactome.org/biopax/96/56210#BiochemicalReaction4810,1,http://www.reactome.org/biopax/96/56210#Catalysis2798,967
901,265|5473|5510,264|2390|5769,3,3,http://www.reactome.org/biopax/96/56210#BiochemicalReaction1185,1,http://www.reactome.org/biopax/96/56210#Control131,968
902,1197|4348|4846,4679|4847,3,2,http://www.reactome.org/biopax/96/56210#BiochemicalReaction2982,1,http://www.reactome.org/biopax/96/56210#Catalysis1804,969
903,2097|5276|5428,2095|5430|5431,3,3,http://www.reactome.org/biopax/96/56210#BiochemicalReaction5000,1,http://www.reactome.org/biopax/96/56210#Catalysis2914,970
904,4041|4067|5691,4175|4757,3,2,http://www.reactome.org/biopax/96/56210#BiochemicalReaction2245,1,http://www.reactome.org/biopax/96/56210#Catalysis1123,971
905,3773|3835|4553,3836|4564,3,2,http://www.reactome.org/biopax/96/56210#BiochemicalReaction1493,1,http://www.reactome.org/biopax/96/56210#Catalysis796,972
906,2599|4092|4361|5499|5766,4363|5174|5492,5,3,http://www.reactome.org/biopax/96/56210#BiochemicalReaction3313,1,http://www.reactome.org/biopax/96/56210#Catalysis2131,973
907,770|4172|4757|5496,4170|5664|5713,4,3,http://www.reactome.org/biopax/96/56210#BiochemicalReaction2258,1,http://www.reactome.org/biopax/96/56210#Catalysis1135,974
908,4782|4783,4784|4785|5254,2,3,http://www.reactome.org/biopax/96/56210#BiochemicalReaction2878,1,http://www.reactome.org/biopax/96/56210#Control255,975
909,745|4035,748,2,1,http://www.reactome.org/biopax/96/56210#BiochemicalReaction2221,1,http://www.reactome.org/biopax/96/56210#Catalysis1100,976
910,1266|2892|4348,1269|4679,3,2,http://www.reactome.org/biopax/96/56210#BiochemicalReaction3415,1,http://www.reactome.org/biopax/96/56210#Catalysis2210,977
911,3392|5158,5233,2,1,http://www.reactome.org/biopax/96/56210#BiochemicalReaction3298,1,http://www.reactome.org/biopax/96/56210#Catalysis2117,978
912,1726|2856|4348,2851|4679,3,2,http://www.reactome.org/biopax/96/56210#BiochemicalReaction4216,1,http://www.reactome.org/biopax/96/56210#Catalysis2527,979
913,314|3116|4348,1844|4679,3,2,http://www.reactome.org/biopax/96/56210#BiochemicalReaction4513,1,http://www.reactome.org/biopax/96/56210#Catalysis2646,980
914,773|4185,4173|4186,2,2,http://www.reactome.org/biopax/96/56210#BiochemicalReaction2268,1,http://www.reactome.org/biopax/96/56210#Catalysis1145,981
915,205|944|4348,945|946,3,2,http://www.reactome.org/biopax/96/56210#BiochemicalReaction2846,1,http://www.reactome.org/biopax/96/56210#Control243,982
916,736|5660,743|5653|5713,2,3,http://www.reactome.org/biopax/96/56210#BiochemicalReaction2216,1,http://www.reactome.org/biopax/96/56210#Catalysis1095,983
917,3622|4377|4378,4379|4380,3,2,http://www.reactome.org/biopax/96/56210#BiochemicalReaction2473,1,http://www.reactome.org/biopax/96/56210#Catalysis1338,984
918,2736|4794|5408,4781|4795,3,2,http://www.reactome.org/biopax/96/56210#BiochemicalReaction2898,-1,http://www.reactome.org/biopax/96/56210#Control270,985
919,266|5473|5768,268,3,1,http://www.reactome.org/biopax/96/56210#BiochemicalReaction1186,1,http://www.reactome.org/biopax/96/56210#Control132,986
920,2590|4291|4333|5713,4282|4334,4,2,http://www.reactome.org/biopax/96/56210#BiochemicalReaction2444,1,http://www.reactome.org/biopax/96/56210#Catalysis1309,987
921,234|1451|4433,235|5386,3,2,http://www.reactome.org/biopax/96/56210#BiochemicalReaction3733,1,http://www.reactome.org/biopax/96/56210#Control348,988
922,3186|5538|5660,4157|5640|5713,3,3,http://www.reactome.org/biopax/96/56210#BiochemicalReaction4773,1,http://www.reactome.org/biopax/96/56210#Catalysis2763,989
923,2196|3433|3434,3435,3,1,http://www.reactome.org/biopax/96/56210#BiochemicalReaction674,1,http://www.reactome.org/biopax/96/56210#Catalysis459,990
924,2681|5538|5717,4628|5617,3,2,http://www.reactome.org/biopax/96/56210#BiochemicalReaction2710,1,http://www.reactome.org/biopax/96/56210#Catalysis1568,991
925,2863|4282|5179|5538,4291|5180|5713,4,3,http://www.reactome.org/biopax/96/56210#BiochemicalReaction3321,1,http://www.reactome.org/biopax/96/56210#Catalysis2139,993
926,2169|4021,3671,2,1,http://www.reactome.org/biopax/96/56210#BiochemicalReaction174,1,http://www.reactome.org/biopax/96/56210#Catalysis100,994
927,2632|5726|5765,4500|4557,3,2,http://www.reactome.org/biopax/96/56210#BiochemicalReaction2602,1,http://www.reactome.org/biopax/96/56210#Catalysis1465,995
928,3372|5545|5553,5547|5554,3,2,http://www.reactome.org/biopax/96/56210#BiochemicalReaction498,1,http://www.reactome.org/biopax/96/56210#Catalysis309,996
929,883|4490|5538,4149|4757,3,2,http://www.reactome.org/biopax/96/56210#BiochemicalReaction2619,1,http://www.reactome.org/biopax/96/56210#Catalysis1482,997
930,2074|3726|4497|4508,3727|4519|4527,4,3,http://www.reactome.org/biopax/96/56210#BiochemicalReaction74,1,http://www.reactome.org/biopax/96/56210#Catalysis59,998
931,3106|4348|5516,4679|4757|5514,3,3,http://www.reactome.org/biopax/96/56210#BiochemicalReaction2785,1,http://www.reactome.org/biopax/96/56210#Catalysis1637,999
932,398|4593,399|4602,2,2,http://www.reactome.org/biopax/96/56210#BiochemicalReaction1441,1,http://www.reactome.org/biopax/96/56210#Catalysis781,1000
933,2465|2543|4218,2466|4220,3,2,http://www.reactome.org/biopax/96/56210#BiochemicalReaction2318,1,http://www.reactome.org/biopax/96/56210#Catalysis1193,1001
934,1993|4433|5285|5713,5236|5662,4,2,http://www.reactome.org/biopax/96/56210#BiochemicalReaction4772,1,http://www.reactome.org/biopax/96/56210#Catalysis2762,1002
935,1187|1198|4348,1205|4679,3,2,http://www.reactome.org/biopax/96/56210#BiochemicalReaction232,1,http://www.reactome.org/biopax/96/56210#Catalysis135,1003
936,149|3629,151,2,1,http://www.reactome.org/biopax/96/56210#BiochemicalReaction1002,1,http://www.reactome.org/biopax/96/56210#Control98,1004
937,2709|4144|4291|5713,4282|4737|5396,4,3,http://www.reactome.org/biopax/96/56210#BiochemicalReaction2810,1,http://www.reactome.org/biopax/96/56210#Catalysis1660,1005
938,3379|4821|5581,5418|5584,3,2,http://www.reactome.org/biopax/96/56210#BiochemicalReaction512,1,http://www.reactome.org/biopax/96/56210#Catalysis323,1006
939,532|1673|4433,515|5386,3,2,http://www.reactome.org/biopax/96/56210#BiochemicalReaction4098,1,http://www.reactome.org/biopax/96/56210#Catalysis2480,1007
940,1372|1383,1380,2,1,http://www.reactome.org/biopax/96/56210#BiochemicalReaction260,1,http://www.reactome.org/biopax/96/56210#Control28,1008
941,1796|5538,3073|3697|4757,2,3,http://www.reactome.org/biopax/96/56210#BiochemicalReaction4386,1,http://www.reactome.org/biopax/96/56210#Catalysis2588,1009
942,1881,1889|4757,1,2,http://www.reactome.org/biopax/96/56210#BiochemicalReaction331,1,http://www.reactome.org/biopax/96/56210#Catalysis198,1011
943,581|2414|3848,582,3,1,http://www.reactome.org/biopax/96/56210#BiochemicalReaction1889,-1,http://www.reactome.org/biopax/96/56210#Control174,1012
944,2515|4912,4913,2,1,http://www.reactome.org/biopax/96/56210#BiochemicalReaction3037,1,http://www.reactome.org/biopax/96/56210#Catalysis1859,1013
945,1120|5012|5404,5013|5383,3,2,http://www.reactome.org/biopax/96/56210#BiochemicalReaction3161,1,http://www.reactome.org/biopax/96/56210#Catalysis1980,1014
946,3386|5397|5598,5599|5713,3,2,http://www.reactome.org/biopax/96/56210#BiochemicalReaction527,1,http://www.reactome.org/biopax/96/56210#Catalysis338,1015
947,3442|4383,4394|5713,2,2,http://www.reactome.org/biopax/96/56210#BiochemicalReaction48,1,http://www.reactome.org/biopax/96/56210#Catalysis46,1016
948,4019|4348|4679|5538,4152|4757|5713,4,3,http://www.reactome.org/biopax/96/56210#BiochemicalReaction2162,1,http://www.reactome.org/biopax/96/56210#Catalysis1083,1018
949,802|2468|5647,2469|5465|5645,3,3,http://www.reactome.org/biopax/96/56210#BiochemicalReaction2320,1,http://www.reactome.org/biopax/96/56210#Catalysis1195,1019
950,2620|4265|5711,4315|5396,3,2,http://www.reactome.org/biopax/96/56210#BiochemicalReaction2559,1,http://www.reactome.org/biopax/96/56210#Catalysis1422,1020
951,1544|2983|4348,3685|4679,3,2,http://www.reactome.org/biopax/96/56210#BiochemicalReaction3842,1,http://www.reactome.org/biopax/96/56210#Catalysis2383,1021
952,403|504,20|1752|3743|3744|4564|4577,2,6,http://www.reactome.org/biopax/96/56210#BiochemicalReaction4301,1,http://www.reactome.org/biopax/96/56210#Catalysis2556,1022
953,2051|5538,2052|2276,2,2,http://www.reactome.org/biopax/96/56210#BiochemicalReaction4882,1,http://www.reactome.org/biopax/96/56210#Catalysis2857,1024
954,1646|1663|3126|3136|3138|4348,1633|3126|3127|3133|4679|4757,6,6,http://www.reactome.org/biopax/96/56210#BiochemicalReaction308,1,http://www.reactome.org/biopax/96/56210#Catalysis186,1025
955,3321|4348|5392|5538,4679|4757|5390,4,3,http://www.reactome.org/biopax/96/56210#BiochemicalReaction427,1,http://www.reactome.org/biopax/96/56210#Catalysis240,1026
956,2082|2084|2128,2083|3675,3,2,http://www.reactome.org/biopax/96/56210#BiochemicalReaction4962,-1,http://www.reactome.org/biopax/96/56210#Control443,1027
957,942|4291|5079|5713,4282|5080|5538,4,3,http://www.reactome.org/biopax/96/56210#BiochemicalReaction3233,1,http://www.reactome.org/biopax/96/56210#Catalysis2052,1028
958,697|4133|4445,4134,3,1,http://www.reactome.org/biopax/96/56210#BiochemicalReaction2101,1,http://www.reactome.org/biopax/96/56210#Catalysis1050,1029
959,1810|3104|4433,1811|5386,3,2,http://www.reactome.org/biopax/96/56210#BiochemicalReaction4448,1,http://www.reactome.org/biopax/96/56210#Catalysis2623,1030
960,3195|5263|5305,5302|5306,3,2,http://www.reactome.org/biopax/96/56210#BiochemicalReaction4789,1,http://www.reactome.org/biopax/96/56210#Control439,1031
961,2570|4273|4553,4275|4564,3,2,http://www.reactome.org/biopax/96/56210#BiochemicalReaction2384,1,http://www.reactome.org/biopax/96/56210#Catalysis1251,1032
962,4781|5407|5547,4164|5409|5750,3,3,http://www.reactome.org/biopax/96/56210#BiochemicalReaction2873,1,http://www.reactome.org/biopax/96/56210#Control252,1033
963,1674|3099|4433,170|5386,3,2,http://www.reactome.org/biopax/96/56210#BiochemicalReaction4432,1,http://www.reactome.org/biopax/96/56210#Catalysis2615,1034
964,1025|4094|4433|5614,4757|4820|5386|5713,4,4,http://www.reactome.org/biopax/96/56210#BiochemicalReaction2957,1,http://www.reactome.org/biopax/96/56210#Catalysis1780,1035
965,3932|4030|4348,3936|4679,3,2,http://www.reactome.org/biopax/96/56210#BiochemicalReaction1902,1,http://www.reactome.org/biopax/96/56210#Catalysis942,1037
966,3720|4348|4453,4454|5209,3,2,http://www.reactome.org/biopax/96/56210#BiochemicalReaction2519,1,http://www.reactome.org/biopax/96/56210#Catalysis1382,1038
967,1141|5049|5538,4817|5455|5713,3,3,http://www.reactome.org/biopax/96/56210#BiochemicalReaction3202,1,http://www.reactome.org/biopax/96/56210#Catalysis2021,1039
968,1996|4291|5296|5713,4282|5655,4,2,http://www.reactome.org/biopax/96/56210#BiochemicalReaction4781,1,http://www.reactome.org/biopax/96/56210#Catalysis2771,1040
969,703|4821|5414,5369|5418,3,2,http://www.reactome.org/biopax/96/56210#BiochemicalReaction2120,1,http://www.reactome.org/biopax/96/56210#Catalysis1064,1041
970,4433|5538|5590,4729|4994,3,2,http://www.reactome.org/biopax/96/56210#BiochemicalReaction3138,1,http://www.reactome.org/biopax/96/56210#Control312,1042
971,1939|3150|5538,1940|4757,3,2,http://www.reactome.org/biopax/96/56210#BiochemicalReaction4678,1,http://www.reactome.org/biopax/96/56210#Control430,1043
972,2852|5146,5147|5538,2,2,http://www.reactome.org/biopax/96/56210#BiochemicalReaction3289,1,http://www.reactome.org/biopax/96/56210#Catalysis2108,1044
973,1462|3671,1463,2,1,http://www.reactome.org/biopax/96/56210#BiochemicalReaction3750,1,http://www.reactome.org/biopax/96/56210#Catalysis2339,1045
974,1880|4348,5236|5373,2,2,http://www.reactome.org/biopax/96/56210#BiochemicalReaction4067,1,http://www.reactome.org/biopax/96/56210#Catalysis2463,1046
975,4174|5209|5538,4066|4757,3,2,http://www.reactome.org/biopax/96/56210#BiochemicalReaction2244,-1,http://www.reactome.org/biopax/96/56210#Control205,1047
976,1103|4978|4979|5253|5254,4980|4981|5276,5,3,http://www.reactome.org/biopax/96/56210#BiochemicalReaction3127,1,http://www.reactome.org/biopax/96/56210#Control309,1048
977,1666,1667|4757,1,2,http://www.reactome.org/biopax/96/56210#BiochemicalReaction4091,1,http://www.reactome.org/biopax/96/56210#Catalysis2475,1049
978,4039|4167|4433,4460|5386|5556,3,3,http://www.reactome.org/biopax/96/56210#BiochemicalReaction2236,1,http://www.reactome.org/biopax/96/56210#Catalysis1114,1050
979,2765|4348|4829,4679|4830,3,2,http://www.reactome.org/biopax/96/56210#BiochemicalReaction2966,1,http://www.reactome.org/biopax/96/56210#Catalysis1788,1051
980,1630|4348,1631|4679,2,2,http://www.reactome.org/biopax/96/56210#BiochemicalReaction3975,1,http://www.reactome.org/biopax/96/56210#Catalysis2444,1052
981,229|3900|4553,3901|4564,3,2,http://www.reactome.org/biopax/96/56210#BiochemicalReaction140,1,http://www.reactome.org/biopax/96/56210#Catalysis95,1053
982,2580|4316|4348|5396,4318|5209|5236,4,3,http://www.reactome.org/biopax/96/56210#BiochemicalReaction2430,1,http://www.reactome.org/biopax/96/56210#Catalysis1296,1054
983,1807|2291|5538,1806|4757,3,2,http://www.reactome.org/biopax/96/56210#BiochemicalReaction4438,1,http://www.reactome.org/biopax/96/56210#Catalysis2618,1055
984,1163|5091|5095,5090|5096,3,2,http://www.reactome.org/biopax/96/56210#BiochemicalReaction3241,1,http://www.reactome.org/biopax/96/56210#Catalysis2060,1056
985,230|3654|4348,168|3705|4679,3,3,http://www.reactome.org/biopax/96/56210#BiochemicalReaction1144,1,http://www.reactome.org/biopax/96/56210#Catalysis678,1057
986,532|540|4433,515|5386,3,2,http://www.reactome.org/biopax/96/56210#BiochemicalReaction1787,1,http://www.reactome.org/biopax/96/56210#Catalysis889,1058
987,1003|2751|2752|5429,1004,4,1,http://www.reactome.org/biopax/96/56210#BiochemicalReaction2922,1,http://www.reactome.org/biopax/96/56210#Catalysis1753,1059
988,1049|4291|5633|5713,4282|4895,4,2,http://www.reactome.org/biopax/96/56210#BiochemicalReaction3023,1,http://www.reactome.org/biopax/96/56210#Catalysis1845,1060
989,296|4171|5538,4160|4202,3,2,http://www.reactome.org/biopax/96/56210#BiochemicalReaction40,1,http://www.reactome.org/biopax/96/56210#Catalysis40,1061
990,2140|4321|4348|5538,4479|4679|5396|5713,4,4,http://www.reactome.org/biopax/96/56210#BiochemicalReaction2533,1,http://www.reactome.org/biopax/96/56210#Catalysis1396,1062
991,1738|2169,3041,2,1,http://www.reactome.org/biopax/96/56210#BiochemicalReaction4250,1,http://www.reactome.org/biopax/96/56210#Catalysis2543,1063
992,887|4348|4538,4579|4679,3,2,http://www.reactome.org/biopax/96/56210#BiochemicalReaction2629,1,http://www.reactome.org/biopax/96/56210#Catalysis1492,1064
993,280|283|4348,3764|3765|4679,3,3,http://www.reactome.org/biopax/96/56210#BiochemicalReaction1243,1,http://www.reactome.org/biopax/96/56210#Catalysis716,1065
994,786|4186|5496|5538,4187|5664|5713,4,3,http://www.reactome.org/biopax/96/56210#BiochemicalReaction2269,1,http://www.reactome.org/biopax/96/56210#Catalysis1146,1066
995,3209|3691|4553,3210|4564,3,2,http://www.reactome.org/biopax/96/56210#BiochemicalReaction1103,1,http://www.reactome.org/biopax/96/56210#Catalysis666,1067
996,2460|2539|4218,2459|4219,3,2,http://www.reactome.org/biopax/96/56210#BiochemicalReaction2313,1,http://www.reactome.org/biopax/96/56210#Catalysis1188,1068
997,185|4278,4285,2,1,http://www.reactome.org/biopax/96/56210#BiochemicalReaction2391,1,http://www.reactome.org/biopax/96/56210#Catalysis1258,1069
998,2571|4290|4348,4292|4679,3,2,http://www.reactome.org/biopax/96/56210#BiochemicalReaction2395,1,http://www.reactome.org/biopax/96/56210#Catalysis1262,1070
999,1060|4348|4913,4197|5209,3,2,http://www.reactome.org/biopax/96/56210#BiochemicalReaction3038,1,http://www.reactome.org/biopax/96/56210#Catalysis1860,1072
1000,3194|5263|5301,5302|5303,3,2,http://www.reactome.org/biopax/96/56210#BiochemicalReaction4786,1,http://www.reactome.org/biopax/96/56210#Catalysis2776,1073
1001,3368|5446|5530,5410|5533,3,2,http://www.reactome.org/biopax/96/56210#BiochemicalReaction492,1,http://www.reactome.org/biopax/96/56210#Catalysis303,1074
1002,234|1579|4433,235|5386,3,2,http://www.reactome.org/biopax/96/56210#BiochemicalReaction3885,1,http://www.reactome.org/biopax/96/56210#Catalysis2403,1076
1003,4291|4445|4734|5619|5713,4282|4735|5538,5,3,http://www.reactome.org/biopax/96/56210#BiochemicalReaction2805,1,http://www.reactome.org/biopax/96/56210#Control240,1077
1004,149|3617,151,2,1,http://www.reactome.org/biopax/96/56210#BiochemicalReaction1002,1,http://www.reactome.org/biopax/96/56210#Control89,1078
1005,496|500|4097,501|4098,3,2,http://www.reactome.org/biopax/96/56210#BiochemicalReaction1636,1,http://www.reactome.org/biopax/96/56210#Catalysis835,1079
1006,234|1509|4433,235|5386,3,2,http://www.reactome.org/biopax/96/56210#BiochemicalReaction3797,1,http://www.reactome.org/biopax/96/56210#Catalysis2361,1080
1007,1526|4348,1528|4679,2,2,http://www.reactome.org/biopax/96/56210#BiochemicalReaction3820,1,http://www.reactome.org/biopax/96/56210#Catalysis2372,1081
1008,171|1774|5538,1775|4757,3,2,http://www.reactome.org/biopax/96/56210#BiochemicalReaction4356,1,http://www.reactome.org/biopax/96/56210#Catalysis2575,1082
1009,2005|3813,3232|3470,2,2,http://www.reactome.org/biopax/96/56210#BiochemicalReaction4832,1,http://www.reactome.org/biopax/96/56210#Catalysis2815,1083
1010,1408|4348,1409|4679,2,2,http://www.reactome.org/biopax/96/56210#BiochemicalReaction3692,1,http://www.reactome.org/biopax/96/56210#Catalysis2312,1084
1011,3371|4204|5551,4207|5713,3,2,http://www.reactome.org/biopax/96/56210#BiochemicalReaction2293,1,http://www.reactome.org/biopax/96/56210#Catalysis1170,1085
1012,107|108,109|110|4577,2,3,http://www.reactome.org/biopax/96/56210#BiochemicalReaction945,1,http://www.reactome.org/biopax/96/56210#Catalysis595,1086
1013,3359|4821|5505,5418|5506,3,2,http://www.reactome.org/biopax/96/56210#BiochemicalReaction477,1,http://www.reactome.org/biopax/96/56210#Catalysis288,1087
1014,3335|5478,5698,2,1,http://www.reactome.org/biopax/96/56210#BiochemicalReaction445,1,http://www.reactome.org/biopax/96/56210#Catalysis257,1088
1015,2833|2842|5538,2837|4757,3,2,http://www.reactome.org/biopax/96/56210#BiochemicalReaction254,1,http://www.reactome.org/biopax/96/56210#Catalysis146,1090
1016,2597|4291|4356|4445|5713,4282|4357|5538,5,3,http://www.reactome.org/biopax/96/56210#BiochemicalReaction2461,1,http://www.reactome.org/biopax/96/56210#Catalysis1326,1091
1017,3921|4033|4553,3922|4564,3,2,http://www.reactome.org/biopax/96/56210#BiochemicalReaction1858,1,http://www.reactome.org/biopax/96/56210#Catalysis922,1092
1018,417|419|4610,420|4619,3,2,http://www.reactome.org/biopax/96/56210#BiochemicalReaction1478,1,http://www.reactome.org/biopax/96/56210#Control151,1093
1019,3968|4109|4575,4111|4577,3,2,http://www.reactome.org/biopax/96/56210#BiochemicalReaction1979,1,http://www.reactome.org/biopax/96/56210#Catalysis994,1094
1020,2471|2546|5647,2472|5465|5645,3,3,http://www.reactome.org/biopax/96/56210#BiochemicalReaction2323,1,http://www.reactome.org/biopax/96/56210#Catalysis1198,1095
1021,2597|4291|4354|4445|5713,4282|4355|5538,5,3,http://www.reactome.org/biopax/96/56210#BiochemicalReaction2459,1,http://www.reactome.org/biopax/96/56210#Catalysis1324,1096
1022,2165|5616,5617,2,1,http://www.reactome.org/biopax/96/56210#BiochemicalReaction552,1,http://www.reactome.org/biopax/96/56210#Catalysis361,1097
1023,699|2433|4291|5713,696|4282,4,2,http://www.reactome.org/biopax/96/56210#BiochemicalReaction2105,1,http://www.reactome.org/biopax/96/56210#Catalysis1054,1098
1024,2800|4960|5276,4955,3,1,http://www.reactome.org/biopax/96/56210#BiochemicalReaction3113,1,http://www.reactome.org/biopax/96/56210#Catalysis1933,1099
1025,2580|4348|4677|5396,4678|5209|5236,4,3,http://www.reactome.org/biopax/96/56210#BiochemicalReaction2748,1,http://www.reactome.org/biopax/96/56210#Catalysis1602,1100
1026,1183|5138|5588,5139|5140,3,2,http://www.reactome.org/biopax/96/56210#BiochemicalReaction3278,1,http://www.reactome.org/biopax/96/56210#Catalysis2097,1101
1027,1364|2870|4348,2872,3,1,http://www.reactome.org/biopax/96/56210#BiochemicalReaction257,1,http://www.reactome.org/biopax/96/56210#Control27,1102
1028,2569|4268|4553,4104|4269|4564,3,3,http://www.reactome.org/biopax/96/56210#BiochemicalReaction2380,1,http://www.reactome.org/biopax/96/56210#Catalysis1247,1103
1029,2830|4348|5082|5538,4757|5083|5209|5713,4,4,http://www.reactome.org/biopax/96/56210#BiochemicalReaction3235,1,http://www.reactome.org/biopax/96/56210#Catalysis2054,1104
1030,2192|5392|5441,5390|5440,3,2,http://www.reactome.org/biopax/96/56210#BiochemicalReaction636,1,http://www.reactome.org/biopax/96/56210#Catalysis435,1105
1031,2199|2205|4348,2204|4679,3,2,http://www.reactome.org/biopax/96/56210#BiochemicalReaction4534,1,http://www.reactome.org/biopax/96/56210#Catalysis2657,1108
1032,1089|4957|5538,4956,3,1,http://www.reactome.org/biopax/96/56210#BiochemicalReaction3110,1,http://www.reactome.org/biopax/96/56210#Catalysis1930,1109
1033,2129|3315|3671|4348,2127,4,1,http://www.reactome.org/biopax/96/56210#BiochemicalReaction398,1,http://www.reactome.org/biopax/96/56210#Catalysis222,1110
1034,1446|4348,1448|4679,2,2,http://www.reactome.org/biopax/96/56210#BiochemicalReaction3729,1,http://www.reactome.org/biopax/96/56210#Catalysis2330,1111
1035,417|3825,3827,2,1,http://www.reactome.org/biopax/96/56210#BiochemicalReaction1467,1,http://www.reactome.org/biopax/96/56210#Control148,1112
1036,1790|3069|5538,1791|4757,3,2,http://www.reactome.org/biopax/96/56210#BiochemicalReaction4378,1,http://www.reactome.org/biopax/96/56210#Control414,1113
1037,3952|3970|5538,3949|4757,3,2,http://www.reactome.org/biopax/96/56210#BiochemicalReaction1985,1,http://www.reactome.org/biopax/96/56210#Catalysis999,1114
1038,1149|4348|5538|5576,4757|5236|5511,4,3,http://www.reactome.org/biopax/96/56210#BiochemicalReaction3219,1,http://www.reactome.org/biopax/96/56210#Catalysis2038,1115
1039,2416|4046,2442,2,1,http://www.reactome.org/biopax/96/56210#BiochemicalReaction32,1,http://www.reactome.org/biopax/96/56210#Catalysis32,1116
1040,5006|5276|5383|5430,5007|5254|5384|5404,4,4,http://www.reactome.org/biopax/96/56210#BiochemicalReaction3153,1,http://www.reactome.org/biopax/96/56210#Control313,1117
1041,2102|5276|5428,2100|5430|5431,3,3,http://www.reactome.org/biopax/96/56210#BiochemicalReaction5006,1,http://www.reactome.org/biopax/96/56210#Catalysis2917,1118
1042,740|5660,745|5653|5713,2,3,http://www.reactome.org/biopax/96/56210#BiochemicalReaction2218,1,http://www.reactome.org/biopax/96/56210#Catalysis1097,1119
1043,684|4114|5510,4115|5397|5709,3,3,http://www.reactome.org/biopax/96/56210#BiochemicalReaction2048,1,http://www.reactome.org/biopax/96/56210#Catalysis1032,1120
1044,64|72|4348,67|4679,3,2,http://www.reactome.org/biopax/96/56210#BiochemicalReaction856,1,http://www.reactome.org/biopax/96/56210#Catalysis545,1121
1045,62|3519,3520|3522,2,2,http://www.reactome.org/biopax/96/56210#BiochemicalReaction878,1,http://www.reactome.org/biopax/96/56210#Catalysis563,1122
1046,2033|5538,2034|3671,2,2,http://www.reactome.org/biopax/96/56210#BiochemicalReaction4870,1,http://www.reactome.org/biopax/96/56210#Catalysis2848,1123
1047,681|683,371|3731|3848,2,3,http://www.reactome.org/biopax/96/56210#BiochemicalReaction2040,1,http://www.reactome.org/biopax/96/56210#Catalysis1028,1124
1048,1869|4348|5251,507|1867|1870|4679,3,4,http://www.reactome.org/biopax/96/56210#BiochemicalReaction4611,1,http://www.reactome.org/biopax/96/56210#Control425,1125
1049,163|1284|4348,164|4679,3,2,http://www.reactome.org/biopax/96/56210#BiochemicalReaction1027,1,http://www.reactome.org/biopax/96/56210#Catalysis621,1126
1050,1047|4886|5276,4155|4887|5254,3,3,http://www.reactome.org/biopax/96/56210#BiochemicalReaction3016,1,http://www.reactome.org/biopax/96/56210#Catalysis1838,1127
1051,1126|5029|5254|5409,5028|5407,4,2,http://www.reactome.org/biopax/96/56210#BiochemicalReaction3178,1,http://www.reactome.org/biopax/96/56210#Catalysis1997,1128
1052,2512|4679|4833,4348|4831,3,2,http://www.reactome.org/biopax/96/56210#BiochemicalReaction2971,1,http://www.reactome.org/biopax/96/56210#Catalysis1793,1129
1053,1073|5020|5254|5430|5431,4163|5019|5428,5,3,http://www.reactome.org/biopax/96/56210#BiochemicalReaction3169,1,http://www.reactome.org/biopax/96/56210#Catalysis1988,1130
1054,2030|5387,5388,2,1,http://www.reactome.org/biopax/96/56210#BiochemicalReaction347,1,http://www.reactome.org/biopax/96/56210#Catalysis211,1131
1055,4066|4348|4679,4174|4679|5713,3,3,http://www.reactome.org/biopax/96/56210#BiochemicalReaction2255,1,http://www.reactome.org/biopax/96/56210#Control209,1133
1056,2603|4322|4396,4392|4397,3,2,http://www.reactome.org/biopax/96/56210#BiochemicalReaction2482,1,http://www.reactome.org/biopax/96/56210#Catalysis1347,1134
1057,275|5780|5781,5510|5782,3,2,http://www.reactome.org/biopax/96/56210#BiochemicalReaction1209,1,http://www.reactome.org/biopax/96/56210#Catalysis707,1135
1058,203|2377|5538,5759|5760|5762,3,3,http://www.reactome.org/biopax/96/56210#BiochemicalReaction1068,1,http://www.reactome.org/biopax/96/56210#Catalysis645,1136
1059,149|3628,151,2,1,http://www.reactome.org/biopax/96/56210#BiochemicalReaction1002,1,http://www.reactome.org/biopax/96/56210#Control97,1137
1060,971|2516|5407,2520|4787,3,2,http://www.reactome.org/biopax/96/56210#BiochemicalReaction3659,1,http://www.reactome.org/biopax/96/56210#Catalysis2303,1138
1061,3378|4821|5390|5565,5392|5418|5572,4,3,http://www.reactome.org/biopax/96/56210#BiochemicalReaction511,1,http://www.reactome.org/biopax/96/56210#Catalysis322,1139
1062,4163|4164|4166|5428,4165|5254|5430|5431,4,4,http://www.reactome.org/biopax/96/56210#BiochemicalReaction2235,1,http://www.reactome.org/biopax/96/56210#Control202,1140
1063,2092|3287|5510,3290,3,1,http://www.reactome.org/biopax/96/56210#BiochemicalReaction4982,1,http://www.reactome.org/biopax/96/56210#Catalysis2905,1141
1064,2190|5414,5369,2,1,http://www.reactome.org/biopax/96/56210#BiochemicalReaction626,1,http://www.reactome.org/biopax/96/56210#Catalysis429,1142
1065,1551|4348,1553|4679,2,2,http://www.reactome.org/biopax/96/56210#BiochemicalReaction3846,1,http://www.reactome.org/biopax/96/56210#Catalysis2386,1143
1066,1476,1395|1402|2929|2933|2942|2944|2946|2959|5389,1,9,http://www.reactome.org/biopax/96/56210#BiochemicalReaction279,1,http://www.reactome.org/biopax/96/56210#Catalysis162,1144
1067,3195|5263|5304,5302|5305,3,2,http://www.reactome.org/biopax/96/56210#BiochemicalReaction4788,1,http://www.reactome.org/biopax/96/56210#Control438,1145
1068,190|212|2224|3671,158|2224,4,2,http://www.reactome.org/biopax/96/56210#BiochemicalReaction1087,1,http://www.reactome.org/biopax/96/56210#Catalysis655,1146
1069,794|4221,5748,2,1,http://www.reactome.org/biopax/96/56210#BiochemicalReaction2288,1,http://www.reactome.org/biopax/96/56210#Catalysis1165,1147
1070,3164|3165|4348|5413,3152|5209|5236,4,3,http://www.reactome.org/biopax/96/56210#BiochemicalReaction4738,1,http://www.reactome.org/biopax/96/56210#Catalysis2728,1148
1071,229|3686|4553,3687|4564,3,2,http://www.reactome.org/biopax/96/56210#BiochemicalReaction1097,1,http://www.reactome.org/biopax/96/56210#Catalysis660,1149
1072,2383|3692|4553,3693|4564,3,2,http://www.reactome.org/biopax/96/56210#BiochemicalReaction1104,1,http://www.reactome.org/biopax/96/56210#Catalysis667,1150
1073,1196|5165|5496,5166|5664|5713,3,3,http://www.reactome.org/biopax/96/56210#BiochemicalReaction3308,1,http://www.reactome.org/biopax/96/56210#Catalysis2126,1151
1074,1674|3367|5342,1674|5386,3,2,http://www.reactome.org/biopax/96/56210#BiochemicalReaction11,1,http://www.reactome.org/biopax/96/56210#Catalysis11,1153
1075,739|5660,740|5653|5713,2,3,http://www.reactome.org/biopax/96/56210#BiochemicalReaction2214,1,http://www.reactome.org/biopax/96/56210#Catalysis1093,1154
1076,3326|5418|5463,5464|5713,3,2,http://www.reactome.org/biopax/96/56210#BiochemicalReaction433,1,http://www.reactome.org/biopax/96/56210#Catalysis245,1155
1077,4066|4348|5554,4174|4679|5713,3,3,http://www.reactome.org/biopax/96/56210#BiochemicalReaction2255,-1,http://www.reactome.org/biopax/96/56210#Control207,1157
1078,4348|5198|5714|5741,4679|4757|5714,4,3,http://www.reactome.org/biopax/96/56210#BiochemicalReaction3340,-1,http://www.reactome.org/biopax/96/56210#Control330,1158
1079,861,866|880,1,2,http://www.reactome.org/biopax/96/56210#BiochemicalReaction206,1,http://www.reactome.org/biopax/96/56210#Catalysis116,1159
1080,2169|3313,3671,2,1,http://www.reactome.org/biopax/96/56210#BiochemicalReaction395,1,http://www.reactome.org/biopax/96/56210#Catalysis220,1160
1081,709|5678,5369,2,1,http://www.reactome.org/biopax/96/56210#BiochemicalReaction2128,1,http://www.reactome.org/biopax/96/56210#Catalysis1067,1161
1082,700|3998|4282,701|4291|5713,3,3,http://www.reactome.org/biopax/96/56210#BiochemicalReaction2112,1,http://www.reactome.org/biopax/96/56210#Catalysis1058,1162
1083,4106|4888|5538,4094|5236|5713,3,3,http://www.reactome.org/biopax/96/56210#BiochemicalReaction3017,1,http://www.reactome.org/biopax/96/56210#Control300,1163
1084,3366|5391,5393,2,1,http://www.reactome.org/biopax/96/56210#BiochemicalReaction489,1,http://www.reactome.org/biopax/96/56210#Catalysis300,1164
1085,1999|5387,5388,2,1,http://www.reactome.org/biopax/96/56210#BiochemicalReaction343,1,http://www.reactome.org/biopax/96/56210#Catalysis207,1165
1086,544|5538,545|4757,2,2,http://www.reactome.org/biopax/96/56210#BiochemicalReaction1793,1,http://www.reactome.org/biopax/96/56210#Catalysis892,1166
1087,3773|3805|4553,3806|4564,3,2,http://www.reactome.org/biopax/96/56210#BiochemicalReaction1392,1,http://www.reactome.org/biopax/96/56210#Catalysis759,1167
1088,7|40|4553,33|4564,3,2,http://www.reactome.org/biopax/96/56210#BiochemicalReaction91,1,http://www.reactome.org/biopax/96/56210#Catalysis65,1168
1089,2498|4348|4513,4514|4679,3,2,http://www.reactome.org/biopax/96/56210#BiochemicalReaction2565,1,http://www.reactome.org/biopax/96/56210#Catalysis1428,1169
1090,2227|3882|4348,531|4679,3,2,http://www.reactome.org/biopax/96/56210#BiochemicalReaction1769,1,http://www.reactome.org/biopax/96/56210#Catalysis883,1170
1091,3410|4291|4710|5713,4282|4712,4,2,http://www.reactome.org/biopax/96/56210#BiochemicalReaction2776,1,http://www.reactome.org/biopax/96/56210#Catalysis1630,1171
1092,1627|4348,1628|4679,2,2,http://www.reactome.org/biopax/96/56210#BiochemicalReaction3973,1,http://www.reactome.org/biopax/96/56210#Catalysis2443,1172
1093,1358|2517|4348,1360|4679,3,2,http://www.reactome.org/biopax/96/56210#BiochemicalReaction3572,1,http://www.reactome.org/biopax/96/56210#Catalysis2272,1173
1094,1803|4031|5538,2722|4757,3,2,http://www.reactome.org/biopax/96/56210#BiochemicalReaction4408,1,http://www.reactome.org/biopax/96/56210#Catalysis2601,1174
1095,2701|4291|5274|5713,4282|5275,4,2,http://www.reactome.org/biopax/96/56210#BiochemicalReaction4760,1,http://www.reactome.org/biopax/96/56210#Catalysis2750,1175
1096,586|3935|4575,3931|4577,3,2,http://www.reactome.org/biopax/96/56210#BiochemicalReaction1894,1,http://www.reactome.org/biopax/96/56210#Catalysis940,1176
1097,5414|5420,5369,2,1,http://www.reactome.org/biopax/96/56210#BiochemicalReaction317,-1,http://www.reactome.org/biopax/96/56210#Control37,1177
1098,4000|4134|4291|5713,4141|4282,4,2,http://www.reactome.org/biopax/96/56210#BiochemicalReaction2115,1,http://www.reactome.org/biopax/96/56210#Catalysis1060,1178
1099,2111|2112|3308,2113,3,1,http://www.reactome.org/biopax/96/56210#BiochemicalReaction376,1,http://www.reactome.org/biopax/96/56210#Control40,1179
1100,59|241|4433,242|5386,3,2,http://www.reactome.org/biopax/96/56210#BiochemicalReaction1158,1,http://www.reactome.org/biopax/96/56210#Catalysis688,1180
1101,2792|4348|4935,4679|4936|5713,3,3,http://www.reactome.org/biopax/96/56210#BiochemicalReaction3080,1,http://www.reactome.org/biopax/96/56210#Catalysis1901,1181
1102,2575|5538|5757,4582|4757,3,2,http://www.reactome.org/biopax/96/56210#BiochemicalReaction2641,1,http://www.reactome.org/biopax/96/56210#Catalysis1504,1183
1103,3672|5759,5758|5760,2,2,http://www.reactome.org/biopax/96/56210#BiochemicalReaction1059,1,http://www.reactome.org/biopax/96/56210#Catalysis639,1184
1104,59|3715|4433,170|5386,3,2,http://www.reactome.org/biopax/96/56210#BiochemicalReaction1765,1,http://www.reactome.org/biopax/96/56210#Catalysis879,1185
1105,818|4287|5538,4295|4757,3,2,http://www.reactome.org/biopax/96/56210#BiochemicalReaction2404,1,http://www.reactome.org/biopax/96/56210#Catalysis1271,1186
1106,625|3951|4575,586|4108,3,2,http://www.reactome.org/biopax/96/56210#BiochemicalReaction1954,1,http://www.reactome.org/biopax/96/56210#Catalysis974,1187
1107,46|3731,47,2,1,http://www.reactome.org/biopax/96/56210#BiochemicalReaction824,1,http://www.reactome.org/biopax/96/56210#Catalysis532,1188
1108,3354|5488,5489,2,1,http://www.reactome.org/biopax/96/56210#BiochemicalReaction466,1,http://www.reactome.org/biopax/96/56210#Catalysis277,1190
1109,863|4557|5510,4503|4560,3,2,http://www.reactome.org/biopax/96/56210#BiochemicalReaction2605,1,http://www.reactome.org/biopax/96/56210#Catalysis1468,1191
1110,2688|4652|5496|5538,4653|5664|5713,4,3,http://www.reactome.org/biopax/96/56210#BiochemicalReaction2720,1,http://www.reactome.org/biopax/96/56210#Catalysis1578,1192
1111,3412|4348|5538|5752,4679|4757|5683,4,3,http://www.reactome.org/biopax/96/56210#BiochemicalReaction607,1,http://www.reactome.org/biopax/96/56210#Catalysis411,1194
1112,3036|3039|5239,3038|4346,3,2,http://www.reactome.org/biopax/96/56210#BiochemicalReaction4228,1,http://www.reactome.org/biopax/96/56210#Catalysis2531,1195
1113,1413|5538,1416|4757,2,2,http://www.reactome.org/biopax/96/56210#BiochemicalReaction3695,1,http://www.reactome.org/biopax/96/56210#Catalysis2315,1196
1114,3189|3214|5292,3224|5294|5465,3,3,http://www.reactome.org/biopax/96/56210#BiochemicalReaction4823,1,http://www.reactome.org/biopax/96/56210#Catalysis2807,1197
1115,206|3678|4433,207|5386,3,2,http://www.reactome.org/biopax/96/56210#BiochemicalReaction1075,1,http://www.reactome.org/biopax/96/56210#Catalysis649,1198
1116,1112|5404|5611,5002|5383,3,2,http://www.reactome.org/biopax/96/56210#BiochemicalReaction3149,1,http://www.reactome.org/biopax/96/56210#Catalysis1968,1199
1117,1119|5011|5229,4450|5010,3,2,http://www.reactome.org/biopax/96/56210#BiochemicalReaction3160,1,http://www.reactome.org/biopax/96/56210#Catalysis1979,1200
1118,290|1737|3671,1738,3,1,http://www.reactome.org/biopax/96/56210#BiochemicalReaction4249,1,http://www.reactome.org/biopax/96/56210#Catalysis2542,1201
1119,2696|4714,4715,2,1,http://www.reactome.org/biopax/96/56210#BiochemicalReaction2778,1,http://www.reactome.org/biopax/96/56210#Catalysis1632,1202
1120,1051|4896|5538|5713,4460|5413|5579,4,3,http://www.reactome.org/biopax/96/56210#BiochemicalReaction3025,1,http://www.reactome.org/biopax/96/56210#Catalysis1847,1203
1121,3673|4547,5449,2,1,http://www.reactome.org/biopax/96/56210#BiochemicalReaction2838,1,http://www.reactome.org/biopax/96/56210#Catalysis1688,1204
1122,2610|4443|5276,4322|4446|5254,3,3,http://www.reactome.org/biopax/96/56210#BiochemicalReaction2514,1,http://www.reactome.org/biopax/96/56210#Catalysis1379,1205
1123,3382|5592|5593,5594|5713,3,2,http://www.reactome.org/biopax/96/56210#BiochemicalReaction515,1,http://www.reactome.org/biopax/96/56210#Catalysis326,1207
1124,2577|4282|4730,4291|4731|5713,3,3,http://www.reactome.org/biopax/96/56210#BiochemicalReaction2802,1,http://www.reactome.org/biopax/96/56210#Catalysis1653,1209
1125,2345|5229|5713,5254|5383,3,2,http://www.reactome.org/biopax/96/56210#BiochemicalReaction517,1,http://www.reactome.org/biopax/96/56210#Catalysis328,1210
1126,4061|5634|5635,5642|5653,3,2,http://www.reactome.org/biopax/96/56210#BiochemicalReaction19,1,http://www.reactome.org/biopax/96/56210#Catalysis19,1211
1127,3392|4107,4110,2,1,http://www.reactome.org/biopax/96/56210#BiochemicalReaction31,1,http://www.reactome.org/biopax/96/56210#Catalysis31,1212
1128,524|3746|4348,525|4679,3,2,http://www.reactome.org/biopax/96/56210#BiochemicalReaction1759,1,http://www.reactome.org/biopax/96/56210#Catalysis878,1213
1129,269|5510,270|5771,2,2,http://www.reactome.org/biopax/96/56210#BiochemicalReaction1191,1,http://www.reactome.org/biopax/96/56210#Catalysis701,1214
1130,1846|1847|4348,1848|4679,3,2,http://www.reactome.org/biopax/96/56210#BiochemicalReaction4530,-1,http://www.reactome.org/biopax/96/56210#Control422,1215
1131,2225|4348,2226|4679,2,2,http://www.reactome.org/biopax/96/56210#BiochemicalReaction724,1,http://www.reactome.org/biopax/96/56210#Catalysis483,1216
1132,806|4203|4233,4214|4234,3,2,http://www.reactome.org/biopax/96/56210#BiochemicalReaction2352,1,http://www.reactome.org/biopax/96/56210#Catalysis1219,1217
1133,2075|5334,2076|2077|5236,2,3,http://www.reactome.org/biopax/96/56210#BiochemicalReaction4943,1,http://www.reactome.org/biopax/96/56210#Catalysis2879,1218
1134,3216|3220|5652,3219|4209,3,2,http://www.reactome.org/biopax/96/56210#BiochemicalReaction4816,1,http://www.reactome.org/biopax/96/56210#Catalysis2804,1220
1135,591|4553,592|4564,2,2,http://www.reactome.org/biopax/96/56210#BiochemicalReaction1903,1,http://www.reactome.org/biopax/96/56210#Catalysis943,1221
1136,2868|5714,5197|5201,2,2,http://www.reactome.org/biopax/96/56210#BiochemicalReaction3343,1,http://www.reactome.org/biopax/96/56210#Catalysis2161,1222
1137,792|4195|4198,4066|4172,3,2,http://www.reactome.org/biopax/96/56210#BiochemicalReaction2286,1,http://www.reactome.org/biopax/96/56210#Catalysis1163,1223
1138,432|441|5422,442|5733,3,2,http://www.reactome.org/biopax/96/56210#BiochemicalReaction1537,1,http://www.reactome.org/biopax/96/56210#Catalysis805,1224
1139,3865|5416,506,2,1,http://www.reactome.org/biopax/96/56210#BiochemicalReaction2837,1,http://www.reactome.org/biopax/96/56210#Catalysis1687,1225
1140,4042|4175|5492,4176|5691,3,2,http://www.reactome.org/biopax/96/56210#BiochemicalReaction2246,1,http://www.reactome.org/biopax/96/56210#Catalysis1124,1226
1141,4163|4164|5383|5428,4165|5254|5430|5431,4,4,http://www.reactome.org/biopax/96/56210#BiochemicalReaction2235,-1,http://www.reactome.org/biopax/96/56210#Control204,1227
1142,2238,2233|5731,1,2,http://www.reactome.org/biopax/96/56210#BiochemicalReaction754,1,http://www.reactome.org/biopax/96/56210#Catalysis496,1228
1143,3644|5538|5757,4554|4757,3,2,http://www.reactome.org/biopax/96/56210#BiochemicalReaction2639,1,http://www.reactome.org/biopax/96/56210#Catalysis1502,1229
1144,3888|3890|5538,3889|5666,3,2,http://www.reactome.org/biopax/96/56210#BiochemicalReaction1774,1,http://www.reactome.org/biopax/96/56210#Catalysis884,1230
1145,2641|4348|4592,4594|4679,3,2,http://www.reactome.org/biopax/96/56210#BiochemicalReaction2668,1,http://www.reactome.org/biopax/96/56210#Catalysis1529,1231
1146,5369|5392,5390,2,1,http://www.reactome.org/biopax/96/56210#BiochemicalReaction611,1,http://www.reactome.org/biopax/96/56210#Control53,1232
1147,2169|3988,3671,2,1,http://www.reactome.org/biopax/96/56210#BiochemicalReaction2061,1,http://www.reactome.org/biopax/96/56210#Catalysis1044,1233
1148,1110|2806|4348,953|4679,3,2,http://www.reactome.org/biopax/96/56210#BiochemicalReaction3141,1,http://www.reactome.org/biopax/96/56210#Catalysis1960,1234
1149,2647|3437|5718,891,3,1,http://www.reactome.org/biopax/96/56210#BiochemicalReaction2643,1,http://www.reactome.org/biopax/96/56210#Catalysis1506,1235
1150,432|438|5422,439|3841|5733,3,3,http://www.reactome.org/biopax/96/56210#BiochemicalReaction1535,1,http://www.reactome.org/biopax/96/56210#Catalysis803,1236
1151,2580|4348|4681|5396,4682|5209|5236,4,3,http://www.reactome.org/biopax/96/56210#BiochemicalReaction2749,1,http://www.reactome.org/biopax/96/56210#Catalysis1603,1237
1152,2718|4776|5538,4779|5773,3,2,http://www.reactome.org/biopax/96/56210#BiochemicalReaction2860,1,http://www.reactome.org/biopax/96/56210#Catalysis1705,1238
1153,1913|3142|4433,1914|3140|5386,3,3,http://www.reactome.org/biopax/96/56210#BiochemicalReaction4660,1,http://www.reactome.org/biopax/96/56210#Catalysis2697,1239
1154,4048|4679|5556|5713,4348|5474,4,2,http://www.reactome.org/biopax/96/56210#BiochemicalReaction2264,-1,http://www.reactome.org/biopax/96/56210#Control213,1241
1155,2436|5377,5378,2,1,http://www.reactome.org/biopax/96/56210#BiochemicalReaction294,1,http://www.reactome.org/biopax/96/56210#Catalysis176,1242
1156,274|5480|5774|5775,5776|5777,4,2,http://www.reactome.org/biopax/96/56210#BiochemicalReaction1208,1,http://www.reactome.org/biopax/96/56210#Catalysis706,1243
1157,1189|5144,5145|5538|5713,2,3,http://www.reactome.org/biopax/96/56210#BiochemicalReaction3287,-1,http://www.reactome.org/biopax/96/56210#Control325,1244
1158,426|1715|4553,1716|4564,3,2,http://www.reactome.org/biopax/96/56210#BiochemicalReaction4197,1,http://www.reactome.org/biopax/96/56210#Catalysis2513,1245
1159,2971|2980|4154,1522,3,1,http://www.reactome.org/biopax/96/56210#BiochemicalReaction3814,1,http://www.reactome.org/biopax/96/56210#Control358,1246
1160,1536|4348,1537|4679,2,2,http://www.reactome.org/biopax/96/56210#BiochemicalReaction3830,1,http://www.reactome.org/biopax/96/56210#Catalysis2377,1247
1161,1086|4944,4945,2,1,http://www.reactome.org/biopax/96/56210#BiochemicalReaction3088,1,http://www.reactome.org/biopax/96/56210#Catalysis1909,1248
1162,1248|1273,1272|1276|2871|2894,2,4,http://www.reactome.org/biopax/96/56210#BiochemicalReaction3419,1,http://www.reactome.org/biopax/96/56210#Catalysis2214,1249
1163,1710|4348,1712|4679,2,2,http://www.reactome.org/biopax/96/56210#BiochemicalReaction4192,1,http://www.reactome.org/biopax/96/56210#Catalysis2510,1250
1164,506|3012,3863,2,1,http://www.reactome.org/biopax/96/56210#BiochemicalReaction4094,1,http://www.reactome.org/biopax/96/56210#Catalysis2477,1251
1165,2774|4348|5369,2775|4679,3,2,http://www.reactome.org/biopax/96/56210#BiochemicalReaction245,1,http://www.reactome.org/biopax/96/56210#Control23,1252
1166,689|4593,690|4602,2,2,http://www.reactome.org/biopax/96/56210#BiochemicalReaction2070,1,http://www.reactome.org/biopax/96/56210#Catalysis1045,1254
1167,766|776|781|1010|2400|2534|2757,732|1002,7,2,http://www.reactome.org/biopax/96/56210#BiochemicalReaction2926,1,http://www.reactome.org/biopax/96/56210#Control281,1255
1168,1210|5195|5511,5196|5513,3,2,http://www.reactome.org/biopax/96/56210#BiochemicalReaction3336,1,http://www.reactome.org/biopax/96/56210#Catalysis2154,1256
1169,34|4553,35|4564|4577,2,3,http://www.reactome.org/biopax/96/56210#BiochemicalReaction815,1,http://www.reactome.org/biopax/96/56210#Catalysis527,1257
1170,211|3671,2382,2,1,http://www.reactome.org/biopax/96/56210#BiochemicalReaction1085,1,http://www.reactome.org/biopax/96/56210#Catalysis654,1258
1171,1801|4348,168|2523|4679,2,3,http://www.reactome.org/biopax/96/56210#BiochemicalReaction4397,1,http://www.reactome.org/biopax/96/56210#Catalysis2593,1259
1172,1033|4848|5428,4849|5430,3,2,http://www.reactome.org/biopax/96/56210#BiochemicalReaction2984,1,http://www.reactome.org/biopax/96/56210#Catalysis1806,1260
1173,755|5538,756|4757,2,2,http://www.reactome.org/biopax/96/56210#BiochemicalReaction2227,1,http://www.reactome.org/biopax/96/56210#Catalysis1106,1261
1174,149|150,151,2,1,http://www.reactome.org/biopax/96/56210#BiochemicalReaction1002,1,http://www.reactome.org/biopax/96/56210#Control102,1262
1175,1014|4165|5383,4802|5404,3,2,http://www.reactome.org/biopax/96/56210#BiochemicalReaction2930,1,http://www.reactome.org/biopax/96/56210#Catalysis1759,1263
1176,2213|2215|4348,2214|4679,3,2,http://www.reactome.org/biopax/96/56210#BiochemicalReaction693,1,http://www.reactome.org/biopax/96/56210#Catalysis471,1264
1177,2694|4291|4671|5713,4282|4674,4,2,http://www.reactome.org/biopax/96/56210#BiochemicalReaction2745,1,http://www.reactome.org/biopax/96/56210#Catalysis1599,1265
1178,37|3616,3250|3470,2,2,http://www.reactome.org/biopax/96/56210#BiochemicalReaction4846,1,http://www.reactome.org/biopax/96/56210#Catalysis2829,1266
1179,329|335|4553,336|4564,3,2,http://www.reactome.org/biopax/96/56210#BiochemicalReaction1379,1,http://www.reactome.org/biopax/96/56210#Catalysis752,1267
1180,2487|4320|4348|5396,4321|5209|5236,4,3,http://www.reactome.org/biopax/96/56210#BiochemicalReaction2435,1,http://www.reactome.org/biopax/96/56210#Catalysis1300,1268
1181,1066|4445|4925|5538,4923|5230|5413,4,3,http://www.reactome.org/biopax/96/56210#BiochemicalReaction3053,1,http://www.reactome.org/biopax/96/56210#Catalysis1875,1269
1182,2614|4314|5538,4493|5449|5713,3,3,http://www.reactome.org/biopax/96/56210#BiochemicalReaction2547,1,http://www.reactome.org/biopax/96/56210#Catalysis1410,1270
1183,2576|5233,1195,2,1,http://www.reactome.org/biopax/96/56210#BiochemicalReaction3301,1,http://www.reactome.org/biopax/96/56210#Catalysis2120,1271
1184,486|5414,5369,2,1,http://www.reactome.org/biopax/96/56210#BiochemicalReaction1621,-1,http://www.reactome.org/biopax/96/56210#Control163,1273
1185,1935|5538,1936|4757,2,2,http://www.reactome.org/biopax/96/56210#BiochemicalReaction4671,1,http://www.reactome.org/biopax/96/56210#Catalysis2707,1274
1186,2370|3686|4553,3687|4564,3,2,http://www.reactome.org/biopax/96/56210#BiochemicalReaction1098,1,http://www.reactome.org/biopax/96/56210#Catalysis661,1275
1187,1176|2843,1175,2,1,http://www.reactome.org/biopax/96/56210#BiochemicalReaction3260,-1,http://www.reactome.org/biopax/96/56210#Control322,1276
1188,1191|5147|5713,4460|5148,3,2,http://www.reactome.org/biopax/96/56210#BiochemicalReaction3290,1,http://www.reactome.org/biopax/96/56210#Catalysis2109,1277
1189,864|4514|5538,4513|4757,3,2,http://www.reactome.org/biopax/96/56210#BiochemicalReaction2566,1,http://www.reactome.org/biopax/96/56210#Catalysis1429,1278
1190,2339|5520,5523,2,1,http://www.reactome.org/biopax/96/56210#BiochemicalReaction483,1,http://www.reactome.org/biopax/96/56210#Catalysis294,1279
1191,328|3473|4575,334|3731,3,2,http://www.reactome.org/biopax/96/56210#BiochemicalReaction1369,1,http://www.reactome.org/biopax/96/56210#Catalysis745,1280
1192,2053|5538,2054|2276,2,2,http://www.reactome.org/biopax/96/56210#BiochemicalReaction4883,1,http://www.reactome.org/biopax/96/56210#Catalysis2858,1281
1193,568|3939|4553,3943|4564,3,2,http://www.reactome.org/biopax/96/56210#BiochemicalReaction1939,1,http://www.reactome.org/biopax/96/56210#Catalysis967,1282
1194,2797|4348|4949|5229,4679|4757|4951,4,3,http://www.reactome.org/biopax/96/56210#BiochemicalReaction3098,1,http://www.reactome.org/biopax/96/56210#Catalysis1918,1283
1195,1477|4348,1478|4679,2,2,http://www.reactome.org/biopax/96/56210#BiochemicalReaction3763,1,http://www.reactome.org/biopax/96/56210#Catalysis2344,1284
1196,785|4184|4348,4185|4679|5713,3,3,http://www.reactome.org/biopax/96/56210#BiochemicalReaction2267,1,http://www.reactome.org/biopax/96/56210#Catalysis1144,1285
1197,1125|5023|5407,5024|5254|5409,3,3,http://www.reactome.org/biopax/96/56210#BiochemicalReaction3172,1,http://www.reactome.org/biopax/96/56210#Catalysis1991,1286
1198,4055|4194|4348,4679|5713|5748,3,3,http://www.reactome.org/biopax/96/56210#BiochemicalReaction2277,1,http://www.reactome.org/biopax/96/56210#Catalysis1154,1287
1199,847|4415|4416|5254,4414|4417,4,2,http://www.reactome.org/biopax/96/56210#BiochemicalReaction2497,1,http://www.reactome.org/biopax/96/56210#Catalysis1362,1288
1200,1041|4348|4869,4679|4870|5713,3,3,http://www.reactome.org/biopax/96/56210#BiochemicalReaction3000,1,http://www.reactome.org/biopax/96/56210#Catalysis1822,1289
1201,1252|1256,2884|2888,2,2,http://www.reactome.org/biopax/96/56210#BiochemicalReaction3392,1,http://www.reactome.org/biopax/96/56210#Catalysis2196,1290
1202,4002|4144|4737,4738|5396,3,2,http://www.reactome.org/biopax/96/56210#BiochemicalReaction2811,1,http://www.reactome.org/biopax/96/56210#Catalysis1661,1291
1203,3116|3793|4348,3115|4679,3,2,http://www.reactome.org/biopax/96/56210#BiochemicalReaction4512,1,http://www.reactome.org/biopax/96/56210#Catalysis2645,1292
1204,3077|4030|4348,3078|4679,3,2,http://www.reactome.org/biopax/96/56210#BiochemicalReaction4403,1,http://www.reactome.org/biopax/96/56210#Catalysis2597,1293
1205,1945|4348,1945|4679|4757,2,3,http://www.reactome.org/biopax/96/56210#BiochemicalReaction4691,1,http://www.reactome.org/biopax/96/56210#Control433,1294
1206,1301|1309|4348,1311|4679,3,2,http://www.reactome.org/biopax/96/56210#BiochemicalReaction3475,1,http://www.reactome.org/biopax/96/56210#Catalysis2233,1295
1207,1405|4348,1406|4679,2,2,http://www.reactome.org/biopax/96/56210#BiochemicalReaction3686,1,http://www.reactome.org/biopax/96/56210#Catalysis2310,1297
1208,234|1517|4433,235|5386,3,2,http://www.reactome.org/biopax/96/56210#BiochemicalReaction3806,1,http://www.reactome.org/biopax/96/56210#Catalysis2365,1298
1209,119|185|3567|3594,82|120,4,2,http://www.reactome.org/biopax/96/56210#BiochemicalReaction951,1,http://www.reactome.org/biopax/96/56210#Control83,1299
1210,232|4348,233|3708|4679,2,3,http://www.reactome.org/biopax/96/56210#BiochemicalReaction1147,1,http://www.reactome.org/biopax/96/56210#Catalysis680,1300
1211,2161|5617,5616,2,1,http://www.reactome.org/biopax/96/56210#BiochemicalReaction546,1,http://www.reactome.org/biopax/96/56210#Catalysis355,1302
1212,579|3933|4348,580|4679,3,2,http://www.reactome.org/biopax/96/56210#BiochemicalReaction1885,1,http://www.reactome.org/biopax/96/56210#Catalysis934,1303
1213,1153|5694,5071|5075|5713,2,3,http://www.reactome.org/biopax/96/56210#BiochemicalReaction3229,1,http://www.reactome.org/biopax/96/56210#Catalysis2048,1304
1214,2819|5111|5276|5407,5112|5254|5409,4,3,http://www.reactome.org/biopax/96/56210#BiochemicalReaction3256,1,http://www.reactome.org/biopax/96/56210#Catalysis2075,1305
1215,2273|3048|5244,2274|5513,3,2,http://www.reactome.org/biopax/96/56210#BiochemicalReaction4303,1,http://www.reactome.org/biopax/96/56210#Catalysis2557,1306
1216,1372|3681|4348,1377|3648|4679,3,3,http://www.reactome.org/biopax/96/56210#BiochemicalReaction1089,-1,http://www.reactome.org/biopax/96/56210#Control122,1307
1217,74,76|4577,1,2,http://www.reactome.org/biopax/96/56210#BiochemicalReaction914,1,http://www.reactome.org/biopax/96/56210#Catalysis581,1308
1218,1268|2782|4348,1278|4679,3,2,http://www.reactome.org/biopax/96/56210#BiochemicalReaction247,1,http://www.reactome.org/biopax/96/56210#Control25,1310
1219,448|449,450|4757,2,2,http://www.reactome.org/biopax/96/56210#BiochemicalReaction143,1,http://www.reactome.org/biopax/96/56210#Control9,1311
1220,1924|2297|4433,1925|3140|5386,3,3,http://www.reactome.org/biopax/96/56210#BiochemicalReaction4667,1,http://www.reactome.org/biopax/96/56210#Catalysis2703,1312
1221,779|4066|4348,4174|4679|5713,3,3,http://www.reactome.org/biopax/96/56210#BiochemicalReaction2255,1,http://www.reactome.org/biopax/96/56210#Catalysis1132,1315
1222,2769|4348|4841,4679|4842,3,2,http://www.reactome.org/biopax/96/56210#BiochemicalReaction2976,1,http://www.reactome.org/biopax/96/56210#Catalysis1798,1316
1223,2184|4348|5159|5538,4679|4757|5160,4,3,http://www.reactome.org/biopax/96/56210#BiochemicalReaction3304,1,http://www.reactome.org/biopax/96/56210#Catalysis2122,1317
1224,930|4741|4742,4378|4743,3,2,http://www.reactome.org/biopax/96/56210#BiochemicalReaction2813,1,http://www.reactome.org/biopax/96/56210#Catalysis1663,1318
1225,1695|3022|4553,1696|4564,3,2,http://www.reactome.org/biopax/96/56210#BiochemicalReaction4159,1,http://www.reactome.org/biopax/96/56210#Catalysis2498,1319
1226,1593|2530|4348,2531|4679,3,2,http://www.reactome.org/biopax/96/56210#BiochemicalReaction3916,-1,http://www.reactome.org/biopax/96/56210#Control365,1320
1227,978|986,977|2737|5673,2,3,http://www.reactome.org/biopax/96/56210#BiochemicalReaction2902,1,http://www.reactome.org/biopax/96/56210#Catalysis1744,1321
1228,771|4173,4172,2,1,http://www.reactome.org/biopax/96/56210#BiochemicalReaction2257,1,http://www.reactome.org/biopax/96/56210#Catalysis1134,1322
1229,229|1744|4553,1758|3046|3047|3743|4564|4577,3,6,http://www.reactome.org/biopax/96/56210#BiochemicalReaction4318,1,http://www.reactome.org/biopax/96/56210#Catalysis2563,1323
1230,2180|3403|3671,3404,3,1,http://www.reactome.org/biopax/96/56210#BiochemicalReaction597,1,http://www.reactome.org/biopax/96/56210#Catalysis401,1324
1231,3992|5210,5224,2,1,http://www.reactome.org/biopax/96/56210#BiochemicalReaction164,1,http://www.reactome.org/biopax/96/56210#Catalysis98,1325
1232,3370|4821|5548,5418|5549,3,2,http://www.reactome.org/biopax/96/56210#BiochemicalReaction495,1,http://www.reactome.org/biopax/96/56210#Catalysis306,1326
1233,1054|4575|4904,4104|4905|4906,3,3,http://www.reactome.org/biopax/96/56210#BiochemicalReaction3031,1,http://www.reactome.org/biopax/96/56210#Catalysis1853,1327
1234,3209|3773|4553,3210|4564,3,2,http://www.reactome.org/biopax/96/56210#BiochemicalReaction4313,1,http://www.reactome.org/biopax/96/56210#Catalysis2560,1328
1235,2878|2881|5222,1253,3,1,http://www.reactome.org/biopax/96/56210#BiochemicalReaction3387,1,http://www.reactome.org/biopax/96/56210#Catalysis2191,1329
1236,964|4417|5547,4164|4416|5750,3,3,http://www.reactome.org/biopax/96/56210#BiochemicalReaction2874,1,http://www.reactome.org/biopax/96/56210#Catalysis1718,1330
1237,778|4178|5538,4066|4757,3,2,http://www.reactome.org/biopax/96/56210#BiochemicalReaction2254,1,http://www.reactome.org/biopax/96/56210#Catalysis1131,1331
1238,2514|4907,4908,2,1,http://www.reactome.org/biopax/96/56210#BiochemicalReaction3032,1,http://www.reactome.org/biopax/96/56210#Catalysis1854,1332
1239,419|4610,420|4619,2,2,http://www.reactome.org/biopax/96/56210#BiochemicalReaction1478,1,http://www.reactome.org/biopax/96/56210#Catalysis793,1333
1240,2803|4969|4970,4971|4972,3,2,http://www.reactome.org/biopax/96/56210#BiochemicalReaction3121,1,http://www.reactome.org/biopax/96/56210#Catalysis1941,1334
1241,3910|3912|4348,3911|4679,3,2,http://www.reactome.org/biopax/96/56210#BiochemicalReaction1837,1,http://www.reactome.org/biopax/96/56210#Catalysis909,1335
1242,1753|3049|4144,2275|2524|5396,3,3,http://www.reactome.org/biopax/96/56210#BiochemicalReaction4305,1,http://www.reactome.org/biopax/96/56210#Catalysis2558,1336
1243,935|4751|4753,4749|5408,3,2,http://www.reactome.org/biopax/96/56210#BiochemicalReaction2823,1,http://www.reactome.org/biopax/96/56210#Catalysis1673,1337
1244,1145|4445|5580,5058,3,1,http://www.reactome.org/biopax/96/56210#BiochemicalReaction3211,1,http://www.reactome.org/biopax/96/56210#Catalysis2030,1338
1245,2513|4757|4868,4863|5633,3,2,http://www.reactome.org/biopax/96/56210#BiochemicalReaction3022,1,http://www.reactome.org/biopax/96/56210#Catalysis1844,1339
1246,149|3631,151,2,1,http://www.reactome.org/biopax/96/56210#BiochemicalReaction1002,1,http://www.reactome.org/biopax/96/56210#Control104,1340
1247,1071|2787|4348|4929,1072|5209|5236,4,3,http://www.reactome.org/biopax/96/56210#BiochemicalReaction3066,1,http://www.reactome.org/biopax/96/56210#Catalysis1888,1341
1248,2246,2245|2247|3731,1,3,http://www.reactome.org/biopax/96/56210#BiochemicalReaction768,1,http://www.reactome.org/biopax/96/56210#Catalysis502,1342
1249,4433|5285|5662|5713,5236|5662,4,2,http://www.reactome.org/biopax/96/56210#BiochemicalReaction4772,-1,http://www.reactome.org/biopax/96/56210#Control435,1343
1250,726|4610,728|4619,2,2,http://www.reactome.org/biopax/96/56210#BiochemicalReaction193,1,http://www.reactome.org/biopax/96/56210#Catalysis109,1344
1251,62|3507,3508,2,1,http://www.reactome.org/biopax/96/56210#BiochemicalReaction872,1,http://www.reactome.org/biopax/96/56210#Catalysis558,1345
1252,959|5229|5474,4450|5573,3,2,http://www.reactome.org/biopax/96/56210#BiochemicalReaction3157,1,http://www.reactome.org/biopax/96/56210#Catalysis1976,1346
1253,361|4074|4553,4073|4564,3,2,http://www.reactome.org/biopax/96/56210#BiochemicalReaction1405,1,http://www.reactome.org/biopax/96/56210#Catalysis768,1347
1254,806|4203|4227,4214|4228,3,2,http://www.reactome.org/biopax/96/56210#BiochemicalReaction2336,1,http://www.reactome.org/biopax/96/56210#Catalysis1206,1349
1255,844|4322|4409,4166|4399,3,2,http://www.reactome.org/biopax/96/56210#BiochemicalReaction2493,1,http://www.reactome.org/biopax/96/56210#Catalysis1358,1351
1256,2116|2119|2284,2118,3,1,http://www.reactome.org/biopax/96/56210#BiochemicalReaction389,1,http://www.reactome.org/biopax/96/56210#Control42,1352
1257,1520|3671,1521,2,1,http://www.reactome.org/biopax/96/56210#BiochemicalReaction3813,1,http://www.reactome.org/biopax/96/56210#Catalysis2369,1353
1258,2206|5209,2205,2,1,http://www.reactome.org/biopax/96/56210#BiochemicalReaction4533,1,http://www.reactome.org/biopax/96/56210#Catalysis2656,1354
1259,1811|3105|5538,1810|4757,3,2,http://www.reactome.org/biopax/96/56210#BiochemicalReaction4449,1,http://www.reactome.org/biopax/96/56210#Catalysis2624,1355
1260,1318|4348,1319|4679,2,2,http://www.reactome.org/biopax/96/56210#BiochemicalReaction3494,1,http://www.reactome.org/biopax/96/56210#Catalysis2241,1356
1261,1569|1571|4348,1570|4679,3,2,http://www.reactome.org/biopax/96/56210#BiochemicalReaction3875,-1,http://www.reactome.org/biopax/96/56210#Control364,1357
1262,1754|4348,1755|4679,2,2,http://www.reactome.org/biopax/96/56210#BiochemicalReaction4308,1,http://www.reactome.org/biopax/96/56210#Catalysis2559,1358
1263,62|1720,1722|3031,2,2,http://www.reactome.org/biopax/96/56210#BiochemicalReaction4201,1,http://www.reactome.org/biopax/96/56210#Catalysis2517,1359
1264,948|5386,1024|4433,2,2,http://www.reactome.org/biopax/96/56210#BiochemicalReaction219,1,http://www.reactome.org/biopax/96/56210#Catalysis128,1360
1265,1312|2903,1300|2908|2909,2,3,http://www.reactome.org/biopax/96/56210#BiochemicalReaction3478,1,http://www.reactome.org/biopax/96/56210#Catalysis2236,1361
1266,491|3286|5510,3289,3,1,http://www.reactome.org/biopax/96/56210#BiochemicalReaction4981,1,http://www.reactome.org/biopax/96/56210#Catalysis2904,1362
1267,1053|4902|5510,4903|5397|5495,3,3,http://www.reactome.org/biopax/96/56210#BiochemicalReaction3030,1,http://www.reactome.org/biopax/96/56210#Catalysis1852,1363
1268,481|482,480|4757,2,2,http://www.reactome.org/biopax/96/56210#BiochemicalReaction1619,1,http://www.reactome.org/biopax/96/56210#Catalysis825,1364
1269,1946|1947|4433,1943|1946|5386,3,3,http://www.reactome.org/biopax/96/56210#BiochemicalReaction4696,1,http://www.reactome.org/biopax/96/56210#Catalysis2713,1365
1270,2198|5724,5725,2,1,http://www.reactome.org/biopax/96/56210#BiochemicalReaction682,1,http://www.reactome.org/biopax/96/56210#Catalysis464,1366
1271,893|4584|5538,4583|4757,3,2,http://www.reactome.org/biopax/96/56210#BiochemicalReaction2652,1,http://www.reactome.org/biopax/96/56210#Catalysis1515,1367
1272,957,958,1,1,http://www.reactome.org/biopax/96/56210#BiochemicalReaction2865,1,http://www.reactome.org/biopax/96/56210#Catalysis1709,1368
1273,3661|4173|5711,4498|5396,3,2,http://www.reactome.org/biopax/96/56210#BiochemicalReaction2550,1,http://www.reactome.org/biopax/96/56210#Catalysis1413,1369
1274,4348|4917|5396,4679|4918|5713,3,3,http://www.reactome.org/biopax/96/56210#BiochemicalReaction3043,-1,http://www.reactome.org/biopax/96/56210#Control306,1370
1275,2772|4880|5538,4757|4881|5713,3,3,http://www.reactome.org/biopax/96/56210#BiochemicalReaction3013,1,http://www.reactome.org/biopax/96/56210#Catalysis1835,1371
1276,2062|4575,2063|2323,2,2,http://www.reactome.org/biopax/96/56210#BiochemicalReaction4887,1,http://www.reactome.org/biopax/96/56210#Catalysis2862,1372
1277,281|3768|4553,3769|4564,3,2,http://www.reactome.org/biopax/96/56210#BiochemicalReaction1246,1,http://www.reactome.org/biopax/96/56210#Catalysis718,1373
1278,3001|4821|5390|5402,5392|5400|5418,4,3,http://www.reactome.org/biopax/96/56210#BiochemicalReaction289,1,http://www.reactome.org/biopax/96/56210#Catalysis172,1374
1279,634|3671,635,2,1,http://www.reactome.org/biopax/96/56210#BiochemicalReaction1968,1,http://www.reactome.org/biopax/96/56210#Catalysis983,1375
1280,157|159|3651|3652,159|160|3651,4,3,http://www.reactome.org/biopax/96/56210#BiochemicalReaction1022,1,http://www.reactome.org/biopax/96/56210#Catalysis619,1376
1281,3875|4348|4444|5538,4679|4757|4822,4,3,http://www.reactome.org/biopax/96/56210#BiochemicalReaction5,1,http://www.reactome.org/biopax/96/56210#Catalysis5,1377
1282,784|4245|5496,4246|5664|5713,3,3,http://www.reactome.org/biopax/96/56210#BiochemicalReaction2359,1,http://www.reactome.org/biopax/96/56210#Catalysis1226,1378
1283,1171|5103|5253|5404,5104|5408|5750,4,3,http://www.reactome.org/biopax/96/56210#BiochemicalReaction3251,1,http://www.reactome.org/biopax/96/56210#Catalysis2070,1382
1284,250|4348|5754,4679|5370,3,2,http://www.reactome.org/biopax/96/56210#BiochemicalReaction1168,1,http://www.reactome.org/biopax/96/56210#Catalysis693,1383
1285,1410,1469|3675,1,2,http://www.reactome.org/biopax/96/56210#BiochemicalReaction62,1,http://www.reactome.org/biopax/96/56210#Catalysis53,1384
1286,185|4293,4277,2,1,http://www.reactome.org/biopax/96/56210#BiochemicalReaction2405,1,http://www.reactome.org/biopax/96/56210#Catalysis1272,1385
1287,788|5638,5660,2,1,http://www.reactome.org/biopax/96/56210#BiochemicalReaction2274,1,http://www.reactome.org/biopax/96/56210#Catalysis1151,1386
1288,120|185,121,2,1,http://www.reactome.org/biopax/96/56210#BiochemicalReaction952,1,http://www.reactome.org/biopax/96/56210#Control84,1387
1289,614|3928|4553,615|4564,3,2,http://www.reactome.org/biopax/96/56210#BiochemicalReaction1934,1,http://www.reactome.org/biopax/96/56210#Catalysis962,1388
1290,863|5510|5765,4503|4507,3,2,http://www.reactome.org/biopax/96/56210#BiochemicalReaction2557,1,http://www.reactome.org/biopax/96/56210#Catalysis1420,1389
1291,3010|5373|5538,5209,3,1,http://www.reactome.org/biopax/96/56210#BiochemicalReaction4077,1,http://www.reactome.org/biopax/96/56210#Catalysis2470,1390
1292,2450|2533|5647,2452|5645,3,2,http://www.reactome.org/biopax/96/56210#BiochemicalReaction2302,1,http://www.reactome.org/biopax/96/56210#Catalysis1179,1391
1293,1150|5513|5538,5069|5623,3,2,http://www.reactome.org/biopax/96/56210#BiochemicalReaction3220,1,http://www.reactome.org/biopax/96/56210#Catalysis2039,1392
1294,2171|5510,5538,2,1,http://www.reactome.org/biopax/96/56210#BiochemicalReaction582,1,http://www.reactome.org/biopax/96/56210#Catalysis390,1393
1295,135|3601|4348,136|4679,3,2,http://www.reactome.org/biopax/96/56210#BiochemicalReaction981,1,http://www.reactome.org/biopax/96/56210#Catalysis600,1394
1296,2766|4679,4348|5209,2,2,http://www.reactome.org/biopax/96/56210#BiochemicalReaction2969,1,http://www.reactome.org/biopax/96/56210#Catalysis1791,1395
1297,2429|3987|5510,4121|4122,3,2,http://www.reactome.org/biopax/96/56210#BiochemicalReaction2055,1,http://www.reactome.org/biopax/96/56210#Catalysis1039,1396
1298,2219|5538|5687,5694|5696,3,2,http://www.reactome.org/biopax/96/56210#BiochemicalReaction22,1,http://www.reactome.org/biopax/96/56210#Catalysis22,1397
1299,3719|4160,4153,2,1,http://www.reactome.org/biopax/96/56210#BiochemicalReaction38,1,http://www.reactome.org/biopax/96/56210#Catalysis38,1399
1300,1023|4094|5496|5538,4819|5664|5713,4,3,http://www.reactome.org/biopax/96/56210#BiochemicalReaction2954,-1,http://www.reactome.org/biopax/96/56210#Control291,1400
1301,1626|2997|4575,1624|4076,3,2,http://www.reactome.org/biopax/96/56210#BiochemicalReaction3968,1,http://www.reactome.org/biopax/96/56210#Catalysis2441,1401
1302,1678|4348,1679|4679,2,2,http://www.reactome.org/biopax/96/56210#BiochemicalReaction4128,1,http://www.reactome.org/biopax/96/56210#Catalysis2486,1402
1303,1625|5414,5369,2,1,http://www.reactome.org/biopax/96/56210#BiochemicalReaction305,1,http://www.reactome.org/biopax/96/56210#Catalysis183,1403
1304,2307|5318,5315|5316,2,2,http://www.reactome.org/biopax/96/56210#BiochemicalReaction4799,1,http://www.reactome.org/biopax/96/56210#Catalysis2787,1406
1305,2005|3235,3236|3470,2,2,http://www.reactome.org/biopax/96/56210#BiochemicalReaction4834,1,http://www.reactome.org/biopax/96/56210#Catalysis2817,1407
1306,931|4322|5024,4166|5025,3,2,http://www.reactome.org/biopax/96/56210#BiochemicalReaction3174,1,http://www.reactome.org/biopax/96/56210#Catalysis1993,1408
1307,1895|5538,1896|4757,2,2,http://www.reactome.org/biopax/96/56210#BiochemicalReaction4649,1,http://www.reactome.org/biopax/96/56210#Catalysis2690,1409
1308,2573|4299|5492,4300|5691,3,2,http://www.reactome.org/biopax/96/56210#BiochemicalReaction2407,1,http://www.reactome.org/biopax/96/56210#Catalysis1274,1410
1309,538|4348,539|4679,2,2,http://www.reactome.org/biopax/96/56210#BiochemicalReaction1786,1,http://www.reactome.org/biopax/96/56210#Catalysis888,1411
1310,980|1166|5407,2832|5254|5409,3,3,http://www.reactome.org/biopax/96/56210#BiochemicalReaction3245,1,http://www.reactome.org/biopax/96/56210#Catalysis2064,1412
1311,3285|5341|5510,3286,3,1,http://www.reactome.org/biopax/96/56210#BiochemicalReaction4976,-1,http://www.reactome.org/biopax/96/56210#Control449,1413
1312,1038|4851|4854,4855|4856,3,2,http://www.reactome.org/biopax/96/56210#BiochemicalReaction2989,1,http://www.reactome.org/biopax/96/56210#Catalysis1811,1414
1313,2635|4438|4565,4322|4566,3,2,http://www.reactome.org/biopax/96/56210#BiochemicalReaction2609,1,http://www.reactome.org/biopax/96/56210#Catalysis1472,1415
1314,1291|4348,1292|4679,2,2,http://www.reactome.org/biopax/96/56210#BiochemicalReaction3442,1,http://www.reactome.org/biopax/96/56210#Catalysis2223,1416
1315,566|3928|4553,567|4564,3,2,http://www.reactome.org/biopax/96/56210#BiochemicalReaction1866,1,http://www.reactome.org/biopax/96/56210#Catalysis928,1417
1316,2800|4959|5407,4960|5409,3,2,http://www.reactome.org/biopax/96/56210#BiochemicalReaction3112,1,http://www.reactome.org/biopax/96/56210#Catalysis1932,1418
1317,1945|2299|4348,1945|4679|4757,3,3,http://www.reactome.org/biopax/96/56210#BiochemicalReaction4691,1,http://www.reactome.org/biopax/96/56210#Catalysis2711,1419
1318,822|4307|4445,4207|5538|5713,3,3,http://www.reactome.org/biopax/96/56210#BiochemicalReaction2420,1,http://www.reactome.org/biopax/96/56210#Catalysis1287,1420
1319,296|4094|4160,4102|4171,3,2,http://www.reactome.org/biopax/96/56210#BiochemicalReaction36,1,http://www.reactome.org/biopax/96/56210#Catalysis36,1421
1320,1099|4973|5499,4972,3,1,http://www.reactome.org/biopax/96/56210#BiochemicalReaction3123,1,http://www.reactome.org/biopax/96/56210#Catalysis1942,1422
1321,836|4762|5538,4763,3,1,http://www.reactome.org/biopax/96/56210#BiochemicalReaction2829,1,http://www.reactome.org/biopax/96/56210#Catalysis1679,1423
1322,1088|4952|4954|5428,4955|5430|5431,4,3,http://www.reactome.org/biopax/96/56210#BiochemicalReaction3102,1,http://www.reactome.org/biopax/96/56210#Catalysis1922,1424
1323,876|4534,877|4538,2,2,http://www.reactome.org/biopax/96/56210#BiochemicalReaction2584,1,http://www.reactome.org/biopax/96/56210#Catalysis1447,1425
1324,3|5732,4|2251|3457|5733,2,4,http://www.reactome.org/biopax/96/56210#BiochemicalReaction784,1,http://www.reactome.org/biopax/96/56210#Catalysis511,1426
1325,2657|4599|5538,4307|4490,3,2,http://www.reactome.org/biopax/96/56210#BiochemicalReaction2673,1,http://www.reactome.org/biopax/96/56210#Catalysis1534,1427
1326,350|384|4553,390|4564,3,2,http://www.reactome.org/biopax/96/56210#BiochemicalReaction134,-1,http://www.reactome.org/biopax/96/56210#Control8,1428
1327,3014|4031|4348,3016|4679,3,2,http://www.reactome.org/biopax/96/56210#BiochemicalReaction4116,1,http://www.reactome.org/biopax/96/56210#Catalysis2485,1429
1328,1629|1633|1646|3127|3133|4348,1629|1645|3136|3138|4679|4757,6,6,http://www.reactome.org/biopax/96/56210#BiochemicalReaction306,1,http://www.reactome.org/biopax/96/56210#Catalysis184,1430
1329,280|3761|4348,3762|4679,3,2,http://www.reactome.org/biopax/96/56210#BiochemicalReaction1239,1,http://www.reactome.org/biopax/96/56210#Catalysis713,1431
1330,1601|4348|5754,4679|5370,3,2,http://www.reactome.org/biopax/96/56210#BiochemicalReaction3922,1,http://www.reactome.org/biopax/96/56210#Catalysis2422,1432
1331,684|5510|5708,5397|5454|5709,3,3,http://www.reactome.org/biopax/96/56210#BiochemicalReaction2047,1,http://www.reactome.org/biopax/96/56210#Catalysis1031,1433
1332,1915|3143|4433,1916|3140|5386,3,3,http://www.reactome.org/biopax/96/56210#BiochemicalReaction4661,1,http://www.reactome.org/biopax/96/56210#Catalysis2698,1434
1333,3660|3671|4348,2071|5236,3,2,http://www.reactome.org/biopax/96/56210#BiochemicalReaction4904,1,http://www.reactome.org/biopax/96/56210#Catalysis2875,1435
1334,1069|2787|4348|4929,1070|5209|5236,4,3,http://www.reactome.org/biopax/96/56210#BiochemicalReaction3065,1,http://www.reactome.org/biopax/96/56210#Catalysis1887,1436
1335,2346|3389|5397,2347|5713,3,2,http://www.reactome.org/biopax/96/56210#BiochemicalReaction540,1,http://www.reactome.org/biopax/96/56210#Catalysis351,1437
1336,111|3597,112,2,1,http://www.reactome.org/biopax/96/56210#BiochemicalReaction946,1,http://www.reactome.org/biopax/96/56210#Control78,1438
1337,414|3968|4553,3969|4564,3,2,http://www.reactome.org/biopax/96/56210#BiochemicalReaction1977,1,http://www.reactome.org/biopax/96/56210#Catalysis992,1439
1338,581|2126|3848,582,3,1,http://www.reactome.org/biopax/96/56210#BiochemicalReaction1889,-1,http://www.reactome.org/biopax/96/56210#Control175,1440
1339,1740|3731,1741,2,1,http://www.reactome.org/biopax/96/56210#BiochemicalReaction4260,1,http://www.reactome.org/biopax/96/56210#Catalysis2545,1441
1340,1179|5128,4460|5374,2,2,http://www.reactome.org/biopax/96/56210#BiochemicalReaction3273,1,http://www.reactome.org/biopax/96/56210#Catalysis2092,1442
1341,1422|5276|5382,5383|5384,3,2,http://www.reactome.org/biopax/96/56210#BiochemicalReaction272,1,http://www.reactome.org/biopax/96/56210#Catalysis156,1443
1342,382|4094|5496|5538,4819|5664|5713,4,3,http://www.reactome.org/biopax/96/56210#BiochemicalReaction2954,1,http://www.reactome.org/biopax/96/56210#Catalysis1778,1444
1343,1282|2890|4348,1283|4679,3,2,http://www.reactome.org/biopax/96/56210#BiochemicalReaction3427,1,http://www.reactome.org/biopax/96/56210#Catalysis2217,1445
1344,4450|5059|5590,5060|5229|5538,3,3,http://www.reactome.org/biopax/96/56210#BiochemicalReaction3212,-1,http://www.reactome.org/biopax/96/56210#Control319,1446
1345,2370|3917|4553,3920|4564,3,2,http://www.reactome.org/biopax/96/56210#BiochemicalReaction1857,1,http://www.reactome.org/biopax/96/56210#Catalysis921,1447
1346,4003|4134|4291|5713,4145|4282,4,2,http://www.reactome.org/biopax/96/56210#BiochemicalReaction2119,1,http://www.reactome.org/biopax/96/56210#Catalysis1063,1448
1347,675|3671,676,2,1,http://www.reactome.org/biopax/96/56210#BiochemicalReaction2030,1,http://www.reactome.org/biopax/96/56210#Catalysis1023,1449
1348,870|4265|4532,5443|5743,3,2,http://www.reactome.org/biopax/96/56210#BiochemicalReaction2580,1,http://www.reactome.org/biopax/96/56210#Catalysis1443,1450
1349,1124|4401|5015|5254,4402|5022,4,2,http://www.reactome.org/biopax/96/56210#BiochemicalReaction3171,1,http://www.reactome.org/biopax/96/56210#Catalysis1990,1451
1350,243|4348,242|2388|4679,2,3,http://www.reactome.org/biopax/96/56210#BiochemicalReaction1160,1,http://www.reactome.org/biopax/96/56210#Catalysis689,1452
1351,57|2361,41|58,2,2,http://www.reactome.org/biopax/96/56210#BiochemicalReaction832,1,http://www.reactome.org/biopax/96/56210#Catalysis538,1453
1352,1092|4282|4956|5538,4291|4460|4950|5713,4,4,http://www.reactome.org/biopax/96/56210#BiochemicalReaction3111,1,http://www.reactome.org/biopax/96/56210#Catalysis1931,1454
1353,3441|5727,5726,2,1,http://www.reactome.org/biopax/96/56210#BiochemicalReaction699,1,http://www.reactome.org/biopax/96/56210#Catalysis474,1455
1354,1664,1665|4757,1,2,http://www.reactome.org/biopax/96/56210#BiochemicalReaction4082,1,http://www.reactome.org/biopax/96/56210#Catalysis2473,1456
1355,2822|4801|5004,5003|5050|5254,3,3,http://www.reactome.org/biopax/96/56210#BiochemicalReaction3203,1,http://www.reactome.org/biopax/96/56210#Catalysis2022,1457
1356,3323|4348|5447|5538,4679|4757|5448,4,3,http://www.reactome.org/biopax/96/56210#BiochemicalReaction417,1,http://www.reactome.org/biopax/96/56210#Catalysis232,1458
1357,875,876,1,1,http://www.reactome.org/biopax/96/56210#BiochemicalReaction2583,1,http://www.reactome.org/biopax/96/56210#Catalysis1446,1459
1358,2506|2679|4088,2507|4634|4635|5499,3,4,http://www.reactome.org/biopax/96/56210#BiochemicalReaction2705,1,http://www.reactome.org/biopax/96/56210#Catalysis1563,1460
1359,862|4504|4505,4070|4506,3,2,http://www.reactome.org/biopax/96/56210#BiochemicalReaction2555,1,http://www.reactome.org/biopax/96/56210#Control229,1461
1360,1983|3634|4497|4508,3171|4519|4527,4,3,http://www.reactome.org/biopax/96/56210#BiochemicalReaction4746,1,http://www.reactome.org/biopax/96/56210#Catalysis2736,1463
1361,3521|4574|5246,4571|5243,3,2,http://www.reactome.org/biopax/96/56210#BiochemicalReaction2616,1,http://www.reactome.org/biopax/96/56210#Catalysis1479,1464
1362,951|5372,952,2,1,http://www.reactome.org/biopax/96/56210#BiochemicalReaction2856,1,http://www.reactome.org/biopax/96/56210#Catalysis1701,1465
1363,154|155|4348,156|4679,3,2,http://www.reactome.org/biopax/96/56210#BiochemicalReaction1020,1,http://www.reactome.org/biopax/96/56210#Catalysis617,1466
1364,3178|5263|5269,5267|5270,3,2,http://www.reactome.org/biopax/96/56210#BiochemicalReaction4755,1,http://www.reactome.org/biopax/96/56210#Catalysis2745,1467
1365,623|3978|4348,3979|4679,3,2,http://www.reactome.org/biopax/96/56210#BiochemicalReaction1997,1,http://www.reactome.org/biopax/96/56210#Catalysis1008,1468
1366,3192|5298|5662,5299|5386,3,2,http://www.reactome.org/biopax/96/56210#BiochemicalReaction4784,1,http://www.reactome.org/biopax/96/56210#Catalysis2774,1469
1367,1116|5006|5276|5383,5007|5254|5384|5404,4,4,http://www.reactome.org/biopax/96/56210#BiochemicalReaction3153,1,http://www.reactome.org/biopax/96/56210#Catalysis1972,1470
1368,471|474|3737|3849|3850|3851,475,6,1,http://www.reactome.org/biopax/96/56210#BiochemicalReaction1608,1,http://www.reactome.org/biopax/96/56210#Control161,1471
1369,536|546|4433,547|5421,3,2,http://www.reactome.org/biopax/96/56210#BiochemicalReaction1798,1,http://www.reactome.org/biopax/96/56210#Catalysis894,1472
1370,280|3699|4348,3760|4679,3,2,http://www.reactome.org/biopax/96/56210#BiochemicalReaction1238,1,http://www.reactome.org/biopax/96/56210#Catalysis712,1473
1371,534|4575,20|541|3743|3744|4564|4577,2,6,http://www.reactome.org/biopax/96/56210#BiochemicalReaction163,1,http://www.reactome.org/biopax/96/56210#Catalysis97,1474
1372,967|4782|4783,4784|4785|5254,3,3,http://www.reactome.org/biopax/96/56210#BiochemicalReaction2878,1,http://www.reactome.org/biopax/96/56210#Catalysis1722,1476
1373,2295|3319,2310,2,1,http://www.reactome.org/biopax/96/56210#BiochemicalReaction408,1,http://www.reactome.org/biopax/96/56210#Catalysis225,1477
1374,871|4568|5510,4503|4569,3,2,http://www.reactome.org/biopax/96/56210#BiochemicalReaction2611,1,http://www.reactome.org/biopax/96/56210#Catalysis1474,1478
1375,2845|5511|5713,4460|5118,3,2,http://www.reactome.org/biopax/96/56210#BiochemicalReaction3262,1,http://www.reactome.org/biopax/96/56210#Catalysis2081,1479
1376,1298|2719,957,2,1,http://www.reactome.org/biopax/96/56210#BiochemicalReaction2864,1,http://www.reactome.org/biopax/96/56210#Catalysis1708,1480
1377,1659|4348,5236|5373,2,2,http://www.reactome.org/biopax/96/56210#BiochemicalReaction4073,1,http://www.reactome.org/biopax/96/56210#Catalysis2467,1481
1378,1623|4348|5754,4679|5370,3,2,http://www.reactome.org/biopax/96/56210#BiochemicalReaction3964,1,http://www.reactome.org/biopax/96/56210#Catalysis2439,1482
1379,2170|5538,5510,2,1,http://www.reactome.org/biopax/96/56210#BiochemicalReaction583,1,http://www.reactome.org/biopax/96/56210#Catalysis391,1483
1380,1115|4291|5005|5713,4282|5564,4,2,http://www.reactome.org/biopax/96/56210#BiochemicalReaction3152,1,http://www.reactome.org/biopax/96/56210#Catalysis1971,1484
1381,176|3671,178,2,1,http://www.reactome.org/biopax/96/56210#BiochemicalReaction1037,1,http://www.reactome.org/biopax/96/56210#Catalysis626,1485
1382,2759|4008|5511,4007|5513,3,2,http://www.reactome.org/biopax/96/56210#BiochemicalReaction2126,1,http://www.reactome.org/biopax/96/56210#Catalysis1066,1486
1383,4291|4445|4776|5368|5713,4282|5538|5772|5773,5,4,http://www.reactome.org/biopax/96/56210#BiochemicalReaction2857,-1,http://www.reactome.org/biopax/96/56210#Control246,1487
1384,3321|4348|5440|5538,4679|4757|5441,4,3,http://www.reactome.org/biopax/96/56210#BiochemicalReaction415,1,http://www.reactome.org/biopax/96/56210#Catalysis230,1488
1385,924|4659|4660,4661|5236,3,2,http://www.reactome.org/biopax/96/56210#BiochemicalReaction2729,1,http://www.reactome.org/biopax/96/56210#Catalysis1586,1489
1386,936|4764|5496,4767|5664|5713,3,3,http://www.reactome.org/biopax/96/56210#BiochemicalReaction2831,1,http://www.reactome.org/biopax/96/56210#Catalysis1681,1490
1387,132|3601|4348,134|4679,3,2,http://www.reactome.org/biopax/96/56210#BiochemicalReaction976,1,http://www.reactome.org/biopax/96/56210#Catalysis599,1492
1388,4401|4804|5699,4402|5404,3,2,http://www.reactome.org/biopax/96/56210#BiochemicalReaction2939,1,http://www.reactome.org/biopax/96/56210#Control285,1493
1389,66|68|4348,62|4679,3,2,http://www.reactome.org/biopax/96/56210#BiochemicalReaction857,1,http://www.reactome.org/biopax/96/56210#Catalysis546,1494
1390,1675|3671,1676,2,1,http://www.reactome.org/biopax/96/56210#BiochemicalReaction4113,1,http://www.reactome.org/biopax/96/56210#Catalysis2484,1495
1391,1654|1668,1669,2,1,http://www.reactome.org/biopax/96/56210#BiochemicalReaction4093,1,http://www.reactome.org/biopax/96/56210#Catalysis2476,1496
1392,4011|5416,4146|4147,2,2,http://www.reactome.org/biopax/96/56210#BiochemicalReaction2156,1,http://www.reactome.org/biopax/96/56210#Catalysis1078,1497
1393,2721|4282|5545,4291|4460|5474|5713,3,4,http://www.reactome.org/biopax/96/56210#BiochemicalReaction2867,-1,http://www.reactome.org/biopax/96/56210#Control247,1498
1394,2193|5700,5701,2,1,http://www.reactome.org/biopax/96/56210#BiochemicalReaction655,1,http://www.reactome.org/biopax/96/56210#Catalysis450,1499
1395,3700|3701,221,2,1,http://www.reactome.org/biopax/96/56210#BiochemicalReaction1121,1,http://www.reactome.org/biopax/96/56210#Control126,1500
1396,185|4273,4283,2,1,http://www.reactome.org/biopax/96/56210#BiochemicalReaction2389,1,http://www.reactome.org/biopax/96/56210#Catalysis1256,1501
1397,844|4322|4424,4166|4425,3,2,http://www.reactome.org/biopax/96/56210#BiochemicalReaction2502,1,http://www.reactome.org/biopax/96/56210#Catalysis1367,1502
1398,3292|5349|5511,5350|5513,3,2,http://www.reactome.org/biopax/96/56210#BiochemicalReaction4987,1,http://www.reactome.org/biopax/96/56210#Catalysis2909,1503
1399,1271|1272|1274|2871,1273,4,1,http://www.reactome.org/biopax/96/56210#BiochemicalReaction3418,1,http://www.reactome.org/biopax/96/56210#Catalysis2213,1504
1400,3793|4030|4348,3794|4679,3,2,http://www.reactome.org/biopax/96/56210#BiochemicalReaction1346,1,http://www.reactome.org/biopax/96/56210#Catalysis739,1505
1401,3956|3981|4553,3982|4564,3,2,http://www.reactome.org/biopax/96/56210#BiochemicalReaction2007,1,http://www.reactome.org/biopax/96/56210#Catalysis1011,1506
1402,23|4575,24|2300|3318,2,3,http://www.reactome.org/biopax/96/56210#BiochemicalReaction807,1,http://www.reactome.org/biopax/96/56210#Catalysis525,1507
1403,3898|3909|4553,3913|4564,3,2,http://www.reactome.org/biopax/96/56210#BiochemicalReaction1838,1,http://www.reactome.org/biopax/96/56210#Catalysis910,1508
1404,2154|5397|5410,5446|5713,3,2,http://www.reactome.org/biopax/96/56210#BiochemicalReaction503,1,http://www.reactome.org/biopax/96/56210#Catalysis314,1509
1405,1022|4809|4816,4811|4818,3,2,http://www.reactome.org/biopax/96/56210#BiochemicalReaction2952,1,http://www.reactome.org/biopax/96/56210#Catalysis1776,1511
1406,2705|4416|5172|5253|5254,4417|5173|5276,5,3,http://www.reactome.org/biopax/96/56210#BiochemicalReaction3312,1,http://www.reactome.org/biopax/96/56210#Catalysis2130,1512
1407,3444|4348,2220|4679,2,2,http://www.reactome.org/biopax/96/56210#BiochemicalReaction716,1,http://www.reactome.org/biopax/96/56210#Catalysis479,1513
1408,2235,2237|5728,1,2,http://www.reactome.org/biopax/96/56210#BiochemicalReaction749,1,http://www.reactome.org/biopax/96/56210#Catalysis491,1514
1409,1332|4348,1333|4679,2,2,http://www.reactome.org/biopax/96/56210#BiochemicalReaction3516,1,http://www.reactome.org/biopax/96/56210#Catalysis2253,1515
1410,3003|4821|5381,5379|5418,3,2,http://www.reactome.org/biopax/96/56210#BiochemicalReaction508,1,http://www.reactome.org/biopax/96/56210#Catalysis319,1516
1411,589|3731,588|590,2,2,http://www.reactome.org/biopax/96/56210#BiochemicalReaction1896,1,http://www.reactome.org/biopax/96/56210#Catalysis941,1517
1412,2838|5254|5393,5108|5713,3,2,http://www.reactome.org/biopax/96/56210#BiochemicalReaction3254,1,http://www.reactome.org/biopax/96/56210#Catalysis2073,1518
1413,1218|1223|5221,997|1221|5009,3,3,http://www.reactome.org/biopax/96/56210#BiochemicalReaction3355,1,http://www.reactome.org/biopax/96/56210#Catalysis2173,1519
1414,2133|5432|5433|5434|5435,2135|5437,5,2,http://www.reactome.org/biopax/96/56210#BiochemicalReaction410,1,http://www.reactome.org/biopax/96/56210#Catalysis227,1520
1415,3384|4821|5418|5569|5596,4821|5418|5597|5694,5,4,http://www.reactome.org/biopax/96/56210#BiochemicalReaction522,1,http://www.reactome.org/biopax/96/56210#Catalysis333,1521
1416,706|4433,5236|5532,2,2,http://www.reactome.org/biopax/96/56210#BiochemicalReaction2123,-1,http://www.reactome.org/biopax/96/56210#Control187,1522
1417,565|571|4553,572|4564,3,2,http://www.reactome.org/biopax/96/56210#BiochemicalReaction1870,1,http://www.reactome.org/biopax/96/56210#Catalysis931,1523
1418,867|4514|4518,4520|5236,3,2,http://www.reactome.org/biopax/96/56210#BiochemicalReaction2568,1,http://www.reactome.org/biopax/96/56210#Catalysis1431,1525
1419,1274|2871,1272|1367|1369,2,3,http://www.reactome.org/biopax/96/56210#BiochemicalReaction3588,1,http://www.reactome.org/biopax/96/56210#Catalysis2281,1526
1420,2521|2970|4154,1474,3,1,http://www.reactome.org/biopax/96/56210#BiochemicalReaction3760,1,http://www.reactome.org/biopax/96/56210#Control350,1527
1421,1040|5209|5538|5713,4094|5413,4,2,http://www.reactome.org/biopax/96/56210#BiochemicalReaction2991,1,http://www.reactome.org/biopax/96/56210#Catalysis1813,1528
1422,1659,1660|4757,1,2,http://www.reactome.org/biopax/96/56210#BiochemicalReaction4074,1,http://www.reactome.org/biopax/96/56210#Catalysis2468,1529
1423,966|2727|4164|5254,2728|5750,4,2,http://www.reactome.org/biopax/96/56210#BiochemicalReaction2875,-1,http://www.reactome.org/biopax/96/56210#Control253,1531
1424,962|4165|5254,4164|5750,3,2,http://www.reactome.org/biopax/96/56210#BiochemicalReaction2872,1,http://www.reactome.org/biopax/96/56210#Catalysis1716,1532
1425,1418|3671,1420,2,1,http://www.reactome.org/biopax/96/56210#BiochemicalReaction3699,1,http://www.reactome.org/biopax/96/56210#Catalysis2318,1533
1426,2779|4348|4917,4679|4918|5713,3,3,http://www.reactome.org/biopax/96/56210#BiochemicalReaction3043,1,http://www.reactome.org/biopax/96/56210#Catalysis1865,1535
1427,918|4650|5496|5538,5664|5666|5713,4,3,http://www.reactome.org/biopax/96/56210#BiochemicalReaction2718,1,http://www.reactome.org/biopax/96/56210#Catalysis1576,1536
1428,2399|4069,4079,2,1,http://www.reactome.org/biopax/96/56210#BiochemicalReaction27,1,http://www.reactome.org/biopax/96/56210#Catalysis27,1537
1429,1297|1298|4348,1303|4679,3,2,http://www.reactome.org/biopax/96/56210#BiochemicalReaction249,1,http://www.reactome.org/biopax/96/56210#Catalysis142,1538
1430,2906|2934|4348,2907|4679,3,2,http://www.reactome.org/biopax/96/56210#BiochemicalReaction3555,1,http://www.reactome.org/biopax/96/56210#Control337,1539
1431,2332|5473,5698,2,1,http://www.reactome.org/biopax/96/56210#BiochemicalReaction444,1,http://www.reactome.org/biopax/96/56210#Catalysis256,1540
1432,62|3532,3533|3534,2,2,http://www.reactome.org/biopax/96/56210#BiochemicalReaction882,1,http://www.reactome.org/biopax/96/56210#Catalysis567,1543
1433,1094|4433|5511|5538,4963|4964|5236|5576,4,4,http://www.reactome.org/biopax/96/56210#BiochemicalReaction3117,1,http://www.reactome.org/biopax/96/56210#Catalysis1937,1544
1434,627|3671,159|628,2,2,http://www.reactome.org/biopax/96/56210#BiochemicalReaction1958,1,http://www.reactome.org/biopax/96/56210#Catalysis977,1546
1435,2502|5370|5538,4757|5757,3,2,http://www.reactome.org/biopax/96/56210#BiochemicalReaction2637,1,http://www.reactome.org/biopax/96/56210#Catalysis1500,1547
1436,2211|4348,2212|4679,2,2,http://www.reactome.org/biopax/96/56210#BiochemicalReaction692,1,http://www.reactome.org/biopax/96/56210#Catalysis470,1548
1437,1209|4218|5645,4219|5191,3,2,http://www.reactome.org/biopax/96/56210#BiochemicalReaction3334,1,http://www.reactome.org/biopax/96/56210#Catalysis2152,1549
1438,698|4135|5253,4136|4137,3,2,http://www.reactome.org/biopax/96/56210#BiochemicalReaction2102,1,http://www.reactome.org/biopax/96/56210#Catalysis1051,1550
1439,278|3757|4575,3756|4577,3,2,http://www.reactome.org/biopax/96/56210#BiochemicalReaction1224,1,http://www.reactome.org/biopax/96/56210#Catalysis710,1551
1440,2694|4291|4709|5713,4282|4710,4,2,http://www.reactome.org/biopax/96/56210#BiochemicalReaction2774,1,http://www.reactome.org/biopax/96/56210#Catalysis1628,1552
1441,83|86,85,2,1,http://www.reactome.org/biopax/96/56210#BiochemicalReaction924,1,http://www.reactome.org/biopax/96/56210#Catalysis585,1554
1442,3080|3773|4553,3081|4564,3,2,http://www.reactome.org/biopax/96/56210#BiochemicalReaction4405,1,http://www.reactome.org/biopax/96/56210#Catalysis2599,1555
1443,2005|2012|3776,2013|3470,3,2,http://www.reactome.org/biopax/96/56210#BiochemicalReaction4849,1,http://www.reactome.org/biopax/96/56210#Catalysis2833,1556
1444,3464|3873|4553,3465|4564,3,2,http://www.reactome.org/biopax/96/56210#BiochemicalReaction802,1,http://www.reactome.org/biopax/96/56210#Catalysis520,1557
1445,0|5355|5496|5538,5608|5664|5713,4,3,http://www.reactome.org/biopax/96/56210#BiochemicalReaction3,1,http://www.reactome.org/biopax/96/56210#Catalysis3,1558
1446,97|4575,98|4577,2,2,http://www.reactome.org/biopax/96/56210#BiochemicalReaction940,1,http://www.reactome.org/biopax/96/56210#Catalysis590,1559
1447,1800|2169,1798,2,1,http://www.reactome.org/biopax/96/56210#BiochemicalReaction4391,1,http://www.reactome.org/biopax/96/56210#Catalysis2591,1560
1448,3182|5280|5538,4177|5517,3,2,http://www.reactome.org/biopax/96/56210#BiochemicalReaction4764,1,http://www.reactome.org/biopax/96/56210#Catalysis2754,1561
1449,185|4275,4284,2,1,http://www.reactome.org/biopax/96/56210#BiochemicalReaction2390,1,http://www.reactome.org/biopax/96/56210#Catalysis1257,1562
1450,2173|2430|4348,2174|4679,3,2,http://www.reactome.org/biopax/96/56210#BiochemicalReaction579,1,http://www.reactome.org/biopax/96/56210#Catalysis387,1563
1451,2492|4361|4365|4368,4095|4346|4363|4369|5492,4,5,http://www.reactome.org/biopax/96/56210#BiochemicalReaction2467,1,http://www.reactome.org/biopax/96/56210#Catalysis1332,1564
1452,1352|2906|4348,2907|4679,3,2,http://www.reactome.org/biopax/96/56210#BiochemicalReaction3555,1,http://www.reactome.org/biopax/96/56210#Control336,1565
1453,1225|2725|4348,1228|4679,3,2,http://www.reactome.org/biopax/96/56210#BiochemicalReaction241,1,http://www.reactome.org/biopax/96/56210#Catalysis138,1566
1454,0|4445|4879|5538,5230|5533,4,2,http://www.reactome.org/biopax/96/56210#BiochemicalReaction3011,1,http://www.reactome.org/biopax/96/56210#Catalysis1833,1567
1455,1384|2893|4348,2895|4679,3,2,http://www.reactome.org/biopax/96/56210#BiochemicalReaction262,1,http://www.reactome.org/biopax/96/56210#Control30,1568
1456,1921|3141|4433,1923|3140|5386,3,3,http://www.reactome.org/biopax/96/56210#BiochemicalReaction4664,1,http://www.reactome.org/biopax/96/56210#Catalysis2701,1569
1457,849|4437,4415,2,1,http://www.reactome.org/biopax/96/56210#BiochemicalReaction2510,1,http://www.reactome.org/biopax/96/56210#Catalysis1375,1570
1458,2252|5732,2251|2253|5733,2,3,http://www.reactome.org/biopax/96/56210#BiochemicalReaction774,1,http://www.reactome.org/biopax/96/56210#Catalysis505,1571
1459,1647|4348,1648|4679,2,2,http://www.reactome.org/biopax/96/56210#BiochemicalReaction4056,1,http://www.reactome.org/biopax/96/56210#Catalysis2458,1572
1460,691|693|3671,692,3,1,http://www.reactome.org/biopax/96/56210#BiochemicalReaction2081,-1,http://www.reactome.org/biopax/96/56210#Control183,1573
1461,1580|4348|5754,4679|5370,3,2,http://www.reactome.org/biopax/96/56210#BiochemicalReaction3894,1,http://www.reactome.org/biopax/96/56210#Catalysis2404,1574
1462,2623|4795,4987,2,1,http://www.reactome.org/biopax/96/56210#BiochemicalReaction3133,1,http://www.reactome.org/biopax/96/56210#Catalysis1952,1575
1463,796|2447|5643,2448|4209|5465,3,3,http://www.reactome.org/biopax/96/56210#BiochemicalReaction2300,1,http://www.reactome.org/biopax/96/56210#Catalysis1177,1576
1464,208|4348,208|4679,2,2,http://www.reactome.org/biopax/96/56210#BiochemicalReaction1080,1,http://www.reactome.org/biopax/96/56210#Catalysis651,1577
1465,1020|4348|4814|5614,4679|4757|4815|5713,4,4,http://www.reactome.org/biopax/96/56210#BiochemicalReaction2950,1,http://www.reactome.org/biopax/96/56210#Catalysis1774,1578
1466,2337|2436,2335,2,1,http://www.reactome.org/biopax/96/56210#BiochemicalReaction474,1,http://www.reactome.org/biopax/96/56210#Catalysis285,1579
1467,117|185|3598,118|3595|3596,3,3,http://www.reactome.org/biopax/96/56210#BiochemicalReaction950,1,http://www.reactome.org/biopax/96/56210#Control82,1580
1468,1288|4348,1289|4679,2,2,http://www.reactome.org/biopax/96/56210#BiochemicalReaction3436,1,http://www.reactome.org/biopax/96/56210#Catalysis2221,1581
1469,3050|4348|4621|5538,4622|4679|4757|5713,4,4,http://www.reactome.org/biopax/96/56210#BiochemicalReaction2691,1,http://www.reactome.org/biopax/96/56210#Catalysis1551,1582
1470,3666|4422|4487,4465|4488|4489,3,3,http://www.reactome.org/biopax/96/56210#BiochemicalReaction2540,1,http://www.reactome.org/biopax/96/56210#Catalysis1403,1583
1471,1292|4348,1293|4679,2,2,http://www.reactome.org/biopax/96/56210#BiochemicalReaction3443,1,http://www.reactome.org/biopax/96/56210#Catalysis2224,1584
1472,936|4754|5496,4755|5664|5713,3,3,http://www.reactome.org/biopax/96/56210#BiochemicalReaction2825,1,http://www.reactome.org/biopax/96/56210#Catalysis1675,1585
1473,780|4170,4179|5713,2,2,http://www.reactome.org/biopax/96/56210#BiochemicalReaction2259,1,http://www.reactome.org/biopax/96/56210#Catalysis1136,1586
1474,2072|3671|4348,2073|5236,3,2,http://www.reactome.org/biopax/96/56210#BiochemicalReaction4906,1,http://www.reactome.org/biopax/96/56210#Catalysis2877,1587
1475,2199|3083,3085,2,1,http://www.reactome.org/biopax/96/56210#BiochemicalReaction4413,-1,http://www.reactome.org/biopax/96/56210#Control416,1588
1476,2940|3693|4610,2941|4619,3,2,http://www.reactome.org/biopax/96/56210#BiochemicalReaction3607,1,http://www.reactome.org/biopax/96/56210#Catalysis2288,1589
1477,1168|5099,4817|5368,2,2,http://www.reactome.org/biopax/96/56210#BiochemicalReaction3247,1,http://www.reactome.org/biopax/96/56210#Catalysis2066,1590
1478,2381|3676|4348,3677|4679,3,2,http://www.reactome.org/biopax/96/56210#BiochemicalReaction1072,1,http://www.reactome.org/biopax/96/56210#Catalysis648,1591
1479,1554|5276|5405|5407,5254|5408|5409,4,3,http://www.reactome.org/biopax/96/56210#BiochemicalReaction291,1,http://www.reactome.org/biopax/96/56210#Catalysis174,1592
1480,62|3505,3506,2,1,http://www.reactome.org/biopax/96/56210#BiochemicalReaction871,1,http://www.reactome.org/biopax/96/56210#Catalysis557,1593
1481,1263,1240|2889|4757,1,3,http://www.reactome.org/biopax/96/56210#BiochemicalReaction3404,1,http://www.reactome.org/biopax/96/56210#Catalysis2206,1595
1482,5369|5724,5725,2,1,http://www.reactome.org/biopax/96/56210#BiochemicalReaction682,1,http://www.reactome.org/biopax/96/56210#Control60,1596
1483,766|776|781|1010|2400|2534|2756,732|1002,7,2,http://www.reactome.org/biopax/96/56210#BiochemicalReaction2926,1,http://www.reactome.org/biopax/96/56210#Control280,1597
1484,94|3577|3578|3579|3580|3581|3582|3583|3584|3586|3587|4553,95|3556|3559|3560|3562|3563|3573|3575|4564|4577,12,10,http://www.reactome.org/biopax/96/56210#BiochemicalReaction928,1,http://www.reactome.org/biopax/96/56210#Catalysis588,1598
1485,1105|4990|4991,4465|4992|4993|5359,3,4,http://www.reactome.org/biopax/96/56210#BiochemicalReaction3136,1,http://www.reactome.org/biopax/96/56210#Catalysis1955,1599
1486,2294|4534|5538,5251|5252,3,2,http://www.reactome.org/biopax/96/56210#BiochemicalReaction4607,1,http://www.reactome.org/biopax/96/56210#Catalysis2677,1600
1487,353|3773|4553,356|4564,3,2,http://www.reactome.org/biopax/96/56210#BiochemicalReaction1401,1,http://www.reactome.org/biopax/96/56210#Catalysis765,1601
1488,3410|4291|4711|5713,4282|4713,4,2,http://www.reactome.org/biopax/96/56210#BiochemicalReaction2777,1,http://www.reactome.org/biopax/96/56210#Catalysis1631,1602
1489,2179|5554,4989,2,1,http://www.reactome.org/biopax/96/56210#BiochemicalReaction3135,1,http://www.reactome.org/biopax/96/56210#Catalysis1954,1603
1490,2387|5538|5764,5393|5765,3,2,http://www.reactome.org/biopax/96/56210#BiochemicalReaction1149,1,http://www.reactome.org/biopax/96/56210#Catalysis682,1604
1491,846|4401|4420|5254,4402|4421,4,2,http://www.reactome.org/biopax/96/56210#BiochemicalReaction2500,1,http://www.reactome.org/biopax/96/56210#Catalysis1365,1605
1492,2164|5616,5617,2,1,http://www.reactome.org/biopax/96/56210#BiochemicalReaction548,1,http://www.reactome.org/biopax/96/56210#Catalysis357,1606
1493,3952|3959|4348,3947|4679,3,2,http://www.reactome.org/biopax/96/56210#BiochemicalReaction1964,1,http://www.reactome.org/biopax/96/56210#Catalysis981,1607
1494,1808|3102|4433,1809|5386,3,2,http://www.reactome.org/biopax/96/56210#BiochemicalReaction4446,1,http://www.reactome.org/biopax/96/56210#Catalysis2621,1608
1495,3180|5273|5496,5274|5664|5713,3,3,http://www.reactome.org/biopax/96/56210#BiochemicalReaction4759,1,http://www.reactome.org/biopax/96/56210#Catalysis2749,1609
1496,3197|5263|5304,5302|5305,3,2,http://www.reactome.org/biopax/96/56210#BiochemicalReaction4788,1,http://www.reactome.org/biopax/96/56210#Catalysis2778,1610
1497,444|4553,445|4564,2,2,http://www.reactome.org/biopax/96/56210#BiochemicalReaction1549,1,http://www.reactome.org/biopax/96/56210#Catalysis809,1611
1498,1056|1057|5664|5713,1055|5496,4,2,http://www.reactome.org/biopax/96/56210#BiochemicalReaction3035,1,http://www.reactome.org/biopax/96/56210#Catalysis1857,1612
1499,2589|4331,4332|5538,2,2,http://www.reactome.org/biopax/96/56210#BiochemicalReaction2443,1,http://www.reactome.org/biopax/96/56210#Catalysis1308,1613
1500,850|4166|4438,4322|4439,3,2,http://www.reactome.org/biopax/96/56210#BiochemicalReaction2511,1,http://www.reactome.org/biopax/96/56210#Catalysis1376,1614
1501,4004|4433,5236|5532,2,2,http://www.reactome.org/biopax/96/56210#BiochemicalReaction2123,1,http://www.reactome.org/biopax/96/56210#Catalysis1065,1615
1502,1000|2750,1001|2511,2,2,http://www.reactome.org/biopax/96/56210#BiochemicalReaction2919,1,http://www.reactome.org/biopax/96/56210#Control279,1616
1503,3639|4683,4684,2,1,http://www.reactome.org/biopax/96/56210#BiochemicalReaction2752,1,http://www.reactome.org/biopax/96/56210#Catalysis1606,1617
1504,1101|4974|4975,4976|5437,3,2,http://www.reactome.org/biopax/96/56210#BiochemicalReaction3125,1,http://www.reactome.org/biopax/96/56210#Catalysis1944,1618
1505,989,1036|3675,1,2,http://www.reactome.org/biopax/96/56210#BiochemicalReaction58,1,http://www.reactome.org/biopax/96/56210#Catalysis52,1619
1506,948,1024|4757,1,2,http://www.reactome.org/biopax/96/56210#BiochemicalReaction220,1,http://www.reactome.org/biopax/96/56210#Catalysis129,1620
1507,370|2548|3775|3818|3819,386,5,1,http://www.reactome.org/biopax/96/56210#BiochemicalReaction1435,-1,http://www.reactome.org/biopax/96/56210#Control147,1621
1508,2254|3458|3459,2255,3,1,http://www.reactome.org/biopax/96/56210#BiochemicalReaction775,-1,http://www.reactome.org/biopax/96/56210#Control67,1622
1509,483|5387,5388,2,1,http://www.reactome.org/biopax/96/56210#BiochemicalReaction1620,1,http://www.reactome.org/biopax/96/56210#Catalysis826,1623
1510,471|474|3737|3847|3849|3850,475,6,1,http://www.reactome.org/biopax/96/56210#BiochemicalReaction1608,-1,http://www.reactome.org/biopax/96/56210#Control162,1624
1511,768|4169|4348,4170|4679,3,2,http://www.reactome.org/biopax/96/56210#BiochemicalReaction2240,1,http://www.reactome.org/biopax/96/56210#Catalysis1118,1625
1512,2488|4361|4365|4366,4095|4346|4363|4367|5492,4,5,http://www.reactome.org/biopax/96/56210#BiochemicalReaction2466,1,http://www.reactome.org/biopax/96/56210#Catalysis1331,1626
1513,1864|4348,1857|3128|3129|3130|3131|3132|4679,2,7,http://www.reactome.org/biopax/96/56210#BiochemicalReaction4591,1,http://www.reactome.org/biopax/96/56210#Catalysis2672,1627
1514,2505|4348|4557,4583|4679,3,2,http://www.reactome.org/biopax/96/56210#BiochemicalReaction2648,1,http://www.reactome.org/biopax/96/56210#Catalysis1511,1628
1515,207|3679,206|5236,2,2,http://www.reactome.org/biopax/96/56210#BiochemicalReaction1076,1,http://www.reactome.org/biopax/96/56210#Catalysis650,1631
1516,334|344|4553,343|4564,3,2,http://www.reactome.org/biopax/96/56210#BiochemicalReaction1385,1,http://www.reactome.org/biopax/96/56210#Catalysis756,1632
1517,1226|5440|5713,4460|5538,3,2,http://www.reactome.org/biopax/96/56210#BiochemicalReaction3358,1,http://www.reactome.org/biopax/96/56210#Catalysis2176,1633
1518,1976|3613|4445|4450,3169|4460|4469,4,3,http://www.reactome.org/biopax/96/56210#BiochemicalReaction4742,1,http://www.reactome.org/biopax/96/56210#Catalysis2732,1634
1519,558|3839|4575|5735,557|4077|5736,4,3,http://www.reactome.org/biopax/96/56210#BiochemicalReaction1844,1,http://www.reactome.org/biopax/96/56210#Catalysis915,1635
1520,799|2458|4216,2459|4209|5465,3,3,http://www.reactome.org/biopax/96/56210#BiochemicalReaction2311,1,http://www.reactome.org/biopax/96/56210#Catalysis1186,1636
1521,1941|3151|5538,1942|4757,3,2,http://www.reactome.org/biopax/96/56210#BiochemicalReaction4679,1,http://www.reactome.org/biopax/96/56210#Control431,1637
1522,251|4348,252|4679,2,2,http://www.reactome.org/biopax/96/56210#BiochemicalReaction1173,1,http://www.reactome.org/biopax/96/56210#Catalysis695,1638
1523,2005|2707|3253,3254|3470,3,2,http://www.reactome.org/biopax/96/56210#BiochemicalReaction4848,1,http://www.reactome.org/biopax/96/56210#Catalysis2832,1639
1524,60|73|5386,59|4433,3,2,http://www.reactome.org/biopax/96/56210#BiochemicalReaction910,1,http://www.reactome.org/biopax/96/56210#Catalysis580,1640
1525,2563|4259|5656,4253|4260,3,2,http://www.reactome.org/biopax/96/56210#BiochemicalReaction2368,1,http://www.reactome.org/biopax/96/56210#Catalysis1235,1641
1526,1445|5369,1395|1455|2929|2933|2942|2944|2962|5385,2,8,http://www.reactome.org/biopax/96/56210#BiochemicalReaction275,1,http://www.reactome.org/biopax/96/56210#Control32,1642
1527,2232,2233|5728,1,2,http://www.reactome.org/biopax/96/56210#BiochemicalReaction747,1,http://www.reactome.org/biopax/96/56210#Catalysis489,1643
1528,363|4610,364|4619,2,2,http://www.reactome.org/biopax/96/56210#BiochemicalReaction1408,1,http://www.reactome.org/biopax/96/56210#Catalysis769,1644
1529,3425|5486,4106,2,1,http://www.reactome.org/biopax/96/56210#BiochemicalReaction644,1,http://www.reactome.org/biopax/96/56210#Catalysis441,1645
1530,2690|4348|4657,4658|4679,3,2,http://www.reactome.org/biopax/96/56210#BiochemicalReaction2726,1,http://www.reactome.org/biopax/96/56210#Catalysis1583,1646
1531,1681|4348,1682|4679,2,2,http://www.reactome.org/biopax/96/56210#BiochemicalReaction4131,1,http://www.reactome.org/biopax/96/56210#Catalysis2488,1647
1532,563|3671|4585,570,3,1,http://www.reactome.org/biopax/96/56210#BiochemicalReaction172,-1,http://www.reactome.org/biopax/96/56210#Control15,1648
1533,2148|3671,2149,2,1,http://www.reactome.org/biopax/96/56210#BiochemicalReaction430,1,http://www.reactome.org/biopax/96/56210#Catalysis242,1649
1534,452|459|4593,302|4602,3,2,http://www.reactome.org/biopax/96/56210#BiochemicalReaction1582,1,http://www.reactome.org/biopax/96/56210#Catalysis821,1650
1535,212|3682|4348,3858|4679,3,2,http://www.reactome.org/biopax/96/56210#BiochemicalReaction1094,1,http://www.reactome.org/biopax/96/56210#Catalysis658,1651
1536,1549|4348,1551|4679,2,2,http://www.reactome.org/biopax/96/56210#BiochemicalReaction3845,1,http://www.reactome.org/biopax/96/56210#Catalysis2385,1652
1537,938|944|4348,945|946,3,2,http://www.reactome.org/biopax/96/56210#BiochemicalReaction2846,1,http://www.reactome.org/biopax/96/56210#Control242,1653
1538,1243|1709|1711,1710,3,1,http://www.reactome.org/biopax/96/56210#BiochemicalReaction4191,-1,http://www.reactome.org/biopax/96/56210#Control385,1654
1539,622|3948|5538,623|4757,3,2,http://www.reactome.org/biopax/96/56210#BiochemicalReaction1948,1,http://www.reactome.org/biopax/96/56210#Catalysis970,1655
1540,1608|3671,1609|3668,2,2,http://www.reactome.org/biopax/96/56210#BiochemicalReaction3932,1,http://www.reactome.org/biopax/96/56210#Catalysis2427,1656
1541,234|1591|4433,235|5386,3,2,http://www.reactome.org/biopax/96/56210#BiochemicalReaction3908,1,http://www.reactome.org/biopax/96/56210#Catalysis2414,1658
1542,848|4401|4425|5254,4402|4426,4,2,http://www.reactome.org/biopax/96/56210#BiochemicalReaction2503,1,http://www.reactome.org/biopax/96/56210#Catalysis1368,1659
1543,2843,1175,1,1,http://www.reactome.org/biopax/96/56210#BiochemicalReaction3260,1,http://www.reactome.org/biopax/96/56210#Catalysis2079,1661
1544,2334|4821|5388|5390,5387|5392|5418,4,3,http://www.reactome.org/biopax/96/56210#BiochemicalReaction460,1,http://www.reactome.org/biopax/96/56210#Catalysis271,1662
1545,632|3956|4575,3957|4577,3,2,http://www.reactome.org/biopax/96/56210#BiochemicalReaction1962,1,http://www.reactome.org/biopax/96/56210#Catalysis979,1663
1546,234|1457|4433,235|5386,3,2,http://www.reactome.org/biopax/96/56210#BiochemicalReaction3740,1,http://www.reactome.org/biopax/96/56210#Catalysis2335,1664
1547,710|2782|5386,1653|4433,3,2,http://www.reactome.org/biopax/96/56210#BiochemicalReaction4064,1,http://www.reactome.org/biopax/96/56210#Catalysis2461,1665
1548,3752|4291|4445|5368,4282|5772|5773,4,3,http://www.reactome.org/biopax/96/56210#BiochemicalReaction1203,1,http://www.reactome.org/biopax/96/56210#Catalysis702,1666
1549,1184|5135|5141,5137|5494|5588,3,3,http://www.reactome.org/biopax/96/56210#BiochemicalReaction3281,1,http://www.reactome.org/biopax/96/56210#Catalysis2100,1667
1550,2840|5112|5693,5113|5418,3,2,http://www.reactome.org/biopax/96/56210#BiochemicalReaction3257,1,http://www.reactome.org/biopax/96/56210#Catalysis2076,1668
1551,271|5713,5480,2,1,http://www.reactome.org/biopax/96/56210#BiochemicalReaction1204,1,http://www.reactome.org/biopax/96/56210#Catalysis703,1669
1552,2108|2128,2130|3675,2,2,http://www.reactome.org/biopax/96/56210#BiochemicalReaction78,1,http://www.reactome.org/biopax/96/56210#Catalysis61,1670
1553,790|4192|4282,4193|4291|4460,3,3,http://www.reactome.org/biopax/96/56210#BiochemicalReaction2276,1,http://www.reactome.org/biopax/96/56210#Catalysis1153,1671
1554,4034|4155|5365,4156|5430,3,2,http://www.reactome.org/biopax/96/56210#BiochemicalReaction2198,1,http://www.reactome.org/biopax/96/56210#Catalysis1088,1672
1555,4793|5407|5409,5404|5409|5750,3,3,http://www.reactome.org/biopax/96/56210#BiochemicalReaction2892,-1,http://www.reactome.org/biopax/96/56210#Control265,1673
1556,237|4348,238|4679,2,2,http://www.reactome.org/biopax/96/56210#BiochemicalReaction1153,1,http://www.reactome.org/biopax/96/56210#Catalysis686,1674
1557,5006|5276|5365|5383,5007|5254|5384|5404,4,4,http://www.reactome.org/biopax/96/56210#BiochemicalReaction3153,-1,http://www.reactome.org/biopax/96/56210#Control314,1675
1558,1371|4348,1373|4679,2,2,http://www.reactome.org/biopax/96/56210#BiochemicalReaction3594,1,http://www.reactome.org/biopax/96/56210#Catalysis2284,1676
1559,2726|5474,4780,2,1,http://www.reactome.org/biopax/96/56210#BiochemicalReaction2871,1,http://www.reactome.org/biopax/96/56210#Catalysis1715,1677
1560,212|3840|4348,3842|4679,3,2,http://www.reactome.org/biopax/96/56210#BiochemicalReaction1095,1,http://www.reactome.org/biopax/96/56210#Catalysis659,1678
1561,1397|1398,1399,2,1,http://www.reactome.org/biopax/96/56210#BiochemicalReaction3677,1,http://www.reactome.org/biopax/96/56210#Control341,1679
1562,4029|4050,4027,2,1,http://www.reactome.org/biopax/96/56210#BiochemicalReaction195,-1,http://www.reactome.org/biopax/96/56210#Control18,1681
1563,2629|5443|5578,4548|5393,3,2,http://www.reactome.org/biopax/96/56210#BiochemicalReaction2594,1,http://www.reactome.org/biopax/96/56210#Catalysis1457,1682
1564,62|3509,3508,2,1,http://www.reactome.org/biopax/96/56210#BiochemicalReaction873,1,http://www.reactome.org/biopax/96/56210#Catalysis559,1683
1565,2379|4348|5538|5665,4679|4757|5667,4,3,http://www.reactome.org/biopax/96/56210#BiochemicalReaction20,1,http://www.reactome.org/biopax/96/56210#Catalysis20,1684
1566,961|5446|5496,5474|5664|5713,3,3,http://www.reactome.org/biopax/96/56210#BiochemicalReaction2869,1,http://www.reactome.org/biopax/96/56210#Catalysis1713,1685
1567,2662|4606|5711,4607|5396|5713,3,3,http://www.reactome.org/biopax/96/56210#BiochemicalReaction2679,1,http://www.reactome.org/biopax/96/56210#Catalysis1540,1686
1568,1250|1252,1251|2882|2884|2885,2,4,http://www.reactome.org/biopax/96/56210#BiochemicalReaction3386,1,http://www.reactome.org/biopax/96/56210#Catalysis2190,1687
1569,185|4270,4272,2,1,http://www.reactome.org/biopax/96/56210#BiochemicalReaction2379,1,http://www.reactome.org/biopax/96/56210#Catalysis1246,1688
1570,2732|5254|5404|5701,2733|5750,4,2,http://www.reactome.org/biopax/96/56210#BiochemicalReaction2893,-1,http://www.reactome.org/biopax/96/56210#Control268,1689
1571,734|4157|4158|5713,5236|5660,4,2,http://www.reactome.org/biopax/96/56210#BiochemicalReaction2211,1,http://www.reactome.org/biopax/96/56210#Catalysis1090,1690
1572,2612|4151|5538,4493|4757,3,2,http://www.reactome.org/biopax/96/56210#BiochemicalReaction2543,1,http://www.reactome.org/biopax/96/56210#Catalysis1406,1691
1573,1200|4516|5276|5407,4748|5254|5409,4,3,http://www.reactome.org/biopax/96/56210#BiochemicalReaction3317,1,http://www.reactome.org/biopax/96/56210#Catalysis2135,1692
1574,38|3864,3248|3470,2,2,http://www.reactome.org/biopax/96/56210#BiochemicalReaction4844,1,http://www.reactome.org/biopax/96/56210#Catalysis2827,1693
1575,220|1377,161,2,1,http://www.reactome.org/biopax/96/56210#BiochemicalReaction1119,1,http://www.reactome.org/biopax/96/56210#Control125,1694
1576,410|3731,416,2,1,http://www.reactome.org/biopax/96/56210#BiochemicalReaction136,1,http://www.reactome.org/biopax/96/56210#Catalysis91,1695
1577,2789|4930,4931|5610,2,2,http://www.reactome.org/biopax/96/56210#BiochemicalReaction3070,1,http://www.reactome.org/biopax/96/56210#Catalysis1891,1696
1578,1236|4348,1238|4679,2,2,http://www.reactome.org/biopax/96/56210#BiochemicalReaction3580,1,http://www.reactome.org/biopax/96/56210#Catalysis2275,1697
1579,2606|2608|4440,2607|4322,3,2,http://www.reactome.org/biopax/96/56210#BiochemicalReaction2512,1,http://www.reactome.org/biopax/96/56210#Catalysis1377,1698
1580,4020|4025|4348,4024|4679,3,2,http://www.reactome.org/biopax/96/56210#BiochemicalReaction180,1,http://www.reactome.org/biopax/96/56210#Catalysis103,1699
1581,1379|3864|4610,2943|4619,3,2,http://www.reactome.org/biopax/96/56210#BiochemicalReaction3608,1,http://www.reactome.org/biopax/96/56210#Catalysis2289,1700
1582,1717|4348,1718|4679,2,2,http://www.reactome.org/biopax/96/56210#BiochemicalReaction4198,1,http://www.reactome.org/biopax/96/56210#Catalysis2514,1701
1583,1385|4575,1386|4072,2,2,http://www.reactome.org/biopax/96/56210#BiochemicalReaction3649,1,http://www.reactome.org/biopax/96/56210#Catalysis2301,1703
1584,844|4322|4405,4166|4406,3,2,http://www.reactome.org/biopax/96/56210#BiochemicalReaction2490,1,http://www.reactome.org/biopax/96/56210#Catalysis1355,1704
1585,2169|4023,3671,2,1,http://www.reactome.org/biopax/96/56210#BiochemicalReaction178,1,http://www.reactome.org/biopax/96/56210#Catalysis102,1705
1586,3659|3671|4106|4348,194|4106|5209|5236,4,4,http://www.reactome.org/biopax/96/56210#BiochemicalReaction1052,1,http://www.reactome.org/biopax/96/56210#Catalysis634,1707
1587,1050|4897|5538,4898|5713,3,2,http://www.reactome.org/biopax/96/56210#BiochemicalReaction3027,1,http://www.reactome.org/biopax/96/56210#Catalysis1849,1708
1588,463|467|3839,468,3,1,http://www.reactome.org/biopax/96/56210#BiochemicalReaction1605,1,http://www.reactome.org/biopax/96/56210#Control158,1709
1589,2437|4821|5387|5397|5612,5388|5418|5613|5713,5,4,http://www.reactome.org/biopax/96/56210#BiochemicalReaction539,1,http://www.reactome.org/biopax/96/56210#Catalysis350,1710
1590,2501|5538|5754,4554|4757,3,2,http://www.reactome.org/biopax/96/56210#BiochemicalReaction2634,1,http://www.reactome.org/biopax/96/56210#Catalysis1497,1711
1591,3448|3449,3447,2,1,http://www.reactome.org/biopax/96/56210#BiochemicalReaction727,1,http://www.reactome.org/biopax/96/56210#Catalysis485,1712
1592,2763|4348|4812,4679|4757|4813|5713,3,4,http://www.reactome.org/biopax/96/56210#BiochemicalReaction2948,1,http://www.reactome.org/biopax/96/56210#Catalysis1772,1713
1593,2438|2549,804,2,1,http://www.reactome.org/biopax/96/56210#BiochemicalReaction2331,1,http://www.reactome.org/biopax/96/56210#Catalysis1201,1715
1594,2161|4127,4128,2,1,http://www.reactome.org/biopax/96/56210#BiochemicalReaction2060,1,http://www.reactome.org/biopax/96/56210#Catalysis1043,1716
1595,1021|4815,4816|4817,2,2,http://www.reactome.org/biopax/96/56210#BiochemicalReaction2951,1,http://www.reactome.org/biopax/96/56210#Catalysis1775,1718
1596,2469|2545|5647,2470|5465|5645,3,3,http://www.reactome.org/biopax/96/56210#BiochemicalReaction2322,1,http://www.reactome.org/biopax/96/56210#Catalysis1197,1719
1597,1818|4553,1828|4564,2,2,http://www.reactome.org/biopax/96/56210#BiochemicalReaction320,1,http://www.reactome.org/biopax/96/56210#Catalysis193,1720
1598,803|2473|4203,2461|4222,3,2,http://www.reactome.org/biopax/96/56210#BiochemicalReaction2330,1,http://www.reactome.org/biopax/96/56210#Catalysis1200,1721
1599,1211|4348|5197|5538,4679|4757|5229,4,3,http://www.reactome.org/biopax/96/56210#BiochemicalReaction3337,1,http://www.reactome.org/biopax/96/56210#Catalysis2155,1722
1600,928|4726|5496,4727|5664|5713,3,3,http://www.reactome.org/biopax/96/56210#BiochemicalReaction2794,1,http://www.reactome.org/biopax/96/56210#Catalysis1646,1723
1601,1602|4348|5754,4679|5370,3,2,http://www.reactome.org/biopax/96/56210#BiochemicalReaction3924,1,http://www.reactome.org/biopax/96/56210#Catalysis2423,1724
1602,273|5480|5774|5778,5776|5779,4,2,http://www.reactome.org/biopax/96/56210#BiochemicalReaction1206,1,http://www.reactome.org/biopax/96/56210#Catalysis705,1725
1603,2771|4348|4869,4679|4870|5713,3,3,http://www.reactome.org/biopax/96/56210#BiochemicalReaction2999,1,http://www.reactome.org/biopax/96/56210#Catalysis1821,1726
1604,513|514|4433,515|5386,3,2,http://www.reactome.org/biopax/96/56210#BiochemicalReaction1728,1,http://www.reactome.org/biopax/96/56210#Catalysis872,1727
1605,2561|4250,4206|4248,2,2,http://www.reactome.org/biopax/96/56210#BiochemicalReaction2363,1,http://www.reactome.org/biopax/96/56210#Catalysis1230,1728
1606,857|4491|4493,4314|5396,3,2,http://www.reactome.org/biopax/96/56210#BiochemicalReaction2545,1,http://www.reactome.org/biopax/96/56210#Catalysis1408,1730
1607,672|2169,573|3671|3944,2,3,http://www.reactome.org/biopax/96/56210#BiochemicalReaction2024,1,http://www.reactome.org/biopax/96/56210#Catalysis1021,1731
1608,1860|5414,5369,2,1,http://www.reactome.org/biopax/96/56210#BiochemicalReaction325,1,http://www.reactome.org/biopax/96/56210#Catalysis195,1732
1609,1249|2884|2885,1250,3,1,http://www.reactome.org/biopax/96/56210#BiochemicalReaction3385,1,http://www.reactome.org/biopax/96/56210#Catalysis2189,1733
1610,1035|4832|5538|5713,4851|5413,4,2,http://www.reactome.org/biopax/96/56210#BiochemicalReaction2987,1,http://www.reactome.org/biopax/96/56210#Catalysis1809,1735
1611,859|4173|5664|5713,4490|5496,4,2,http://www.reactome.org/biopax/96/56210#BiochemicalReaction2549,1,http://www.reactome.org/biopax/96/56210#Catalysis1412,1736
1612,2199,2207|4757,1,2,http://www.reactome.org/biopax/96/56210#BiochemicalReaction1343,1,http://www.reactome.org/biopax/96/56210#Catalysis738,1737
1613,3994|4134,699,2,1,http://www.reactome.org/biopax/96/56210#BiochemicalReaction2103,1,http://www.reactome.org/biopax/96/56210#Catalysis1052,1738
1614,2191|4460|5538,5440|5713,3,2,http://www.reactome.org/biopax/96/56210#BiochemicalReaction633,1,http://www.reactome.org/biopax/96/56210#Catalysis433,1739
1615,2622|4526|5538,4528|4529,3,2,http://www.reactome.org/biopax/96/56210#BiochemicalReaction2575,1,http://www.reactome.org/biopax/96/56210#Catalysis1438,1740
1616,1565|4516|5276|5407,4748|5254|5409,4,3,http://www.reactome.org/biopax/96/56210#BiochemicalReaction3316,1,http://www.reactome.org/biopax/96/56210#Catalysis2134,1741
1617,999|5673,1218,2,1,http://www.reactome.org/biopax/96/56210#BiochemicalReaction3352,1,http://www.reactome.org/biopax/96/56210#Catalysis2170,1742
1618,874|4532|4533,4534|5743,3,2,http://www.reactome.org/biopax/96/56210#BiochemicalReaction2581,1,http://www.reactome.org/biopax/96/56210#Catalysis1444,1743
1619,1787|4348,1788|4679,2,2,http://www.reactome.org/biopax/96/56210#BiochemicalReaction4370,1,http://www.reactome.org/biopax/96/56210#Catalysis2579,1744
1620,3028|4348,1714|4679,2,2,http://www.reactome.org/biopax/96/56210#BiochemicalReaction4195,1,http://www.reactome.org/biopax/96/56210#Catalysis2512,1745
1621,1907|1909|4433,1908|3140|5386,3,3,http://www.reactome.org/biopax/96/56210#BiochemicalReaction4658,1,http://www.reactome.org/biopax/96/56210#Catalysis2695,1746
1622,62|3491,3492|3493,2,2,http://www.reactome.org/biopax/96/56210#BiochemicalReaction866,1,http://www.reactome.org/biopax/96/56210#Catalysis552,1747
1623,817|4289|5538,4283|4757,3,2,http://www.reactome.org/biopax/96/56210#BiochemicalReaction2394,1,http://www.reactome.org/biopax/96/56210#Catalysis1261,1748
1624,1137|4445|5046,4460|5047,3,2,http://www.reactome.org/biopax/96/56210#BiochemicalReaction3199,1,http://www.reactome.org/biopax/96/56210#Catalysis2018,1749
1625,59|61|4433,60|5386,3,2,http://www.reactome.org/biopax/96/56210#BiochemicalReaction842,1,http://www.reactome.org/biopax/96/56210#Catalysis541,1750
1626,62|3497,3498|3499,2,2,http://www.reactome.org/biopax/96/56210#BiochemicalReaction868,1,http://www.reactome.org/biopax/96/56210#Catalysis554,1751
1627,3354|5397|5488,5489|5713,3,2,http://www.reactome.org/biopax/96/56210#BiochemicalReaction2294,1,http://www.reactome.org/biopax/96/56210#Catalysis1171,1752
1628,1066|4445|4927,4923|5230,3,2,http://www.reactome.org/biopax/96/56210#BiochemicalReaction3054,1,http://www.reactome.org/biopax/96/56210#Catalysis1876,1753
1629,3195|5263|5303,5302|5304,3,2,http://www.reactome.org/biopax/96/56210#BiochemicalReaction4787,1,http://www.reactome.org/biopax/96/56210#Control437,1754
1630,2611|4490|4491,4492|5396,3,2,http://www.reactome.org/biopax/96/56210#BiochemicalReaction2542,1,http://www.reactome.org/biopax/96/56210#Catalysis1405,1755
1631,1012|4450|5614,4167|5229,3,2,http://www.reactome.org/biopax/96/56210#BiochemicalReaction2928,1,http://www.reactome.org/biopax/96/56210#Catalysis1757,1756
1632,2002|2311|4203,5325|5326,3,2,http://www.reactome.org/biopax/96/56210#BiochemicalReaction4806,1,http://www.reactome.org/biopax/96/56210#Catalysis2794,1757
1633,3274|3741|5511,3273|5513,3,2,http://www.reactome.org/biopax/96/56210#BiochemicalReaction4946,1,http://www.reactome.org/biopax/96/56210#Catalysis2882,1758
1634,2860|4092|4350|4361|5499,4363|5169|5492,5,3,http://www.reactome.org/biopax/96/56210#BiochemicalReaction3310,1,http://www.reactome.org/biopax/96/56210#Catalysis2128,1759
1635,1671|4433,1672|5386,2,2,http://www.reactome.org/biopax/96/56210#BiochemicalReaction4096,1,http://www.reactome.org/biopax/96/56210#Catalysis2479,1760
1636,3417|4757|5418,5690|5691,3,2,http://www.reactome.org/biopax/96/56210#BiochemicalReaction621,1,http://www.reactome.org/biopax/96/56210#Catalysis424,1761
1637,2817|4465|5033|5359,4991|5034,4,2,http://www.reactome.org/biopax/96/56210#BiochemicalReaction3184,1,http://www.reactome.org/biopax/96/56210#Catalysis2003,1762
1638,4184|4348|4679,4185|4679|5713,3,3,http://www.reactome.org/biopax/96/56210#BiochemicalReaction2267,-1,http://www.reactome.org/biopax/96/56210#Control217,1763
1639,1279|1281|4348,1280|4679,3,2,http://www.reactome.org/biopax/96/56210#BiochemicalReaction3425,1,http://www.reactome.org/biopax/96/56210#Catalysis2216,1764
1640,1474|4348,1475|4679,2,2,http://www.reactome.org/biopax/96/56210#BiochemicalReaction3761,1,http://www.reactome.org/biopax/96/56210#Catalysis2343,1766
1641,532|3013,515,2,1,http://www.reactome.org/biopax/96/56210#BiochemicalReaction4551,1,http://www.reactome.org/biopax/96/56210#Catalysis2664,1767
1642,1778|4348,1782|4679,2,2,http://www.reactome.org/biopax/96/56210#BiochemicalReaction4362,1,http://www.reactome.org/biopax/96/56210#Catalysis2577,1768
1643,2626|4563|5711,5396|5444,3,2,http://www.reactome.org/biopax/96/56210#BiochemicalReaction2608,1,http://www.reactome.org/biopax/96/56210#Catalysis1471,1769
1644,2778|4348|5371|5713,4065|5236,4,2,http://www.reactome.org/biopax/96/56210#BiochemicalReaction3042,1,http://www.reactome.org/biopax/96/56210#Catalysis1864,1770
1645,484|4348|4394|5538,4400|4411|4679,4,3,http://www.reactome.org/biopax/96/56210#BiochemicalReaction51,1,http://www.reactome.org/biopax/96/56210#Catalysis49,1771
1646,1121|2810|4322,2811|5014,3,2,http://www.reactome.org/biopax/96/56210#BiochemicalReaction3164,1,http://www.reactome.org/biopax/96/56210#Catalysis1983,1772
1647,21|4575,22|5732,2,2,http://www.reactome.org/biopax/96/56210#BiochemicalReaction806,1,http://www.reactome.org/biopax/96/56210#Catalysis524,1773
1648,1340|1345|4348,1346|4679,3,2,http://www.reactome.org/biopax/96/56210#BiochemicalReaction3547,1,http://www.reactome.org/biopax/96/56210#Catalysis2261,1774
1649,2001|5319,5316|5321,2,2,http://www.reactome.org/biopax/96/56210#BiochemicalReaction4802,1,http://www.reactome.org/biopax/96/56210#Catalysis2790,1775
1650,2793|5496,5407,2,1,http://www.reactome.org/biopax/96/56210#BiochemicalReaction3086,1,http://www.reactome.org/biopax/96/56210#Catalysis1907,1776
1651,338|3463|4553,329|4564,3,2,http://www.reactome.org/biopax/96/56210#BiochemicalReaction1371,1,http://www.reactome.org/biopax/96/56210#Catalysis747,1777
1652,202|2380|5538,5759|5760|5762,3,3,http://www.reactome.org/biopax/96/56210#BiochemicalReaction1064,1,http://www.reactome.org/biopax/96/56210#Catalysis641,1778
1653,3304|5387,5388,2,1,http://www.reactome.org/biopax/96/56210#BiochemicalReaction337,1,http://www.reactome.org/biopax/96/56210#Catalysis203,1780
1654,896|897|898|2652,899,4,1,http://www.reactome.org/biopax/96/56210#BiochemicalReaction2659,1,http://www.reactome.org/biopax/96/56210#Catalysis1521,1781
1655,2951|3306|4593,2952|4602,3,2,http://www.reactome.org/biopax/96/56210#BiochemicalReaction3618,1,http://www.reactome.org/biopax/96/56210#Catalysis2295,1782
1656,1494|4348|5754,4679|5370,3,2,http://www.reactome.org/biopax/96/56210#BiochemicalReaction3780,1,http://www.reactome.org/biopax/96/56210#Catalysis2352,1783
1657,2587|4319|4328|5713,4329|4460|5396,4,3,http://www.reactome.org/biopax/96/56210#BiochemicalReaction2441,1,http://www.reactome.org/biopax/96/56210#Catalysis1306,1785
1658,2977|4821|5385|5387|5397,5229|5388|5418|5713,5,4,http://www.reactome.org/biopax/96/56210#BiochemicalReaction276,-1,http://www.reactome.org/biopax/96/56210#Control33,1786
1659,1188|5144,5145|5538|5713,2,3,http://www.reactome.org/biopax/96/56210#BiochemicalReaction3287,1,http://www.reactome.org/biopax/96/56210#Catalysis2106,1787
1660,3109|3111|4348,3112|4679,3,2,http://www.reactome.org/biopax/96/56210#BiochemicalReaction4488,1,http://www.reactome.org/biopax/96/56210#Catalysis2637,1788
1661,229|3688|4575,214|4577,3,2,http://www.reactome.org/biopax/96/56210#BiochemicalReaction1099,1,http://www.reactome.org/biopax/96/56210#Catalysis662,1789
1662,1948|5390,5392,2,1,http://www.reactome.org/biopax/96/56210#BiochemicalReaction336,1,http://www.reactome.org/biopax/96/56210#Catalysis202,1790
1663,149|3623,151,2,1,http://www.reactome.org/biopax/96/56210#BiochemicalReaction1002,1,http://www.reactome.org/biopax/96/56210#Control90,1791
1664,2879|3650|4348,3648|4679,3,2,http://www.reactome.org/biopax/96/56210#BiochemicalReaction1260,1,http://www.reactome.org/biopax/96/56210#Catalysis723,1792
1665,4006|4433,5236|5532,2,2,http://www.reactome.org/biopax/96/56210#BiochemicalReaction2123,1,http://www.reactome.org/biopax/96/56210#Control190,1793
1666,326|4348|4862,4679|4829|5713,3,3,http://www.reactome.org/biopax/96/56210#BiochemicalReaction2994,1,http://www.reactome.org/biopax/96/56210#Catalysis1816,1794
1667,1939|5538,1940|4757,2,2,http://www.reactome.org/biopax/96/56210#BiochemicalReaction4678,1,http://www.reactome.org/biopax/96/56210#Catalysis2709,1795
1668,2071,2072|5209,1,2,http://www.reactome.org/biopax/96/56210#BiochemicalReaction4905,1,http://www.reactome.org/biopax/96/56210#Catalysis2876,1796
1669,3822|4348|4843,3823|4844|5538,3,3,http://www.reactome.org/biopax/96/56210#BiochemicalReaction2980,1,http://www.reactome.org/biopax/96/56210#Control296,1797
1670,1059|5193|5714,4911|5194|5538,3,3,http://www.reactome.org/biopax/96/56210#BiochemicalReaction3335,1,http://www.reactome.org/biopax/96/56210#Catalysis2153,1798
1671,316|4553,10|4564,2,2,http://www.reactome.org/biopax/96/56210#BiochemicalReaction794,1,http://www.reactome.org/biopax/96/56210#Catalysis514,1799
1672,2170|5695,4460,2,1,http://www.reactome.org/biopax/96/56210#BiochemicalReaction631,1,http://www.reactome.org/biopax/96/56210#Catalysis431,1800
1673,1123|5020|5276,5021,3,1,http://www.reactome.org/biopax/96/56210#BiochemicalReaction3170,1,http://www.reactome.org/biopax/96/56210#Catalysis1989,1801
1674,1159|5009|5088,4164|5089,3,2,http://www.reactome.org/biopax/96/56210#BiochemicalReaction3238,1,http://www.reactome.org/biopax/96/56210#Catalysis2057,1802
1675,59|551|4433,170|5386,3,2,http://www.reactome.org/biopax/96/56210#BiochemicalReaction1807,1,http://www.reactome.org/biopax/96/56210#Catalysis900,1803
1676,1113|4416|5254|5383|5428,4417|5002|5430|5431,5,4,http://www.reactome.org/biopax/96/56210#BiochemicalReaction3150,1,http://www.reactome.org/biopax/96/56210#Catalysis1969,1804
1677,1325|1326,1327|4757,2,2,http://www.reactome.org/biopax/96/56210#BiochemicalReaction3505,1,http://www.reactome.org/biopax/96/56210#Catalysis2248,1805
1678,807|2477|5644,2478|4209|5465,3,3,http://www.reactome.org/biopax/96/56210#BiochemicalReaction2343,1,http://www.reactome.org/biopax/96/56210#Catalysis1213,1806
1679,1102|4980|5512,4982|5254|5509,3,3,http://www.reactome.org/biopax/96/56210#BiochemicalReaction3128,1,http://www.reactome.org/biopax/96/56210#Catalysis1947,1807
1680,3735|5419|5510,5397|5425|5515,3,3,http://www.reactome.org/biopax/96/56210#BiochemicalReaction15,1,http://www.reactome.org/biopax/96/56210#Catalysis15,1809
1681,2195|5510|5702,5703|5709,3,2,http://www.reactome.org/biopax/96/56210#BiochemicalReaction665,1,http://www.reactome.org/biopax/96/56210#Catalysis456,1810
1682,2166|4679|5428,4348|5430,3,2,http://www.reactome.org/biopax/96/56210#BiochemicalReaction564,1,http://www.reactome.org/biopax/96/56210#Catalysis373,1812
1683,2791|4348|4934,4679|4932|5713,3,3,http://www.reactome.org/biopax/96/56210#BiochemicalReaction3076,1,http://www.reactome.org/biopax/96/56210#Catalysis1897,1813
1684,1415,1395|1402|2929|2933|2942|2944|2946|2959|5381,1,9,http://www.reactome.org/biopax/96/56210#BiochemicalReaction271,1,http://www.reactome.org/biopax/96/56210#Catalysis155,1814
1685,174|272|4593,174|4602,3,2,http://www.reactome.org/biopax/96/56210#BiochemicalReaction1033,1,http://www.reactome.org/biopax/96/56210#Catalysis624,1815
1686,2859|4092|4361|5499|5766,4363|5164|5492,5,3,http://www.reactome.org/biopax/96/56210#BiochemicalReaction3307,1,http://www.reactome.org/biopax/96/56210#Catalysis2125,1816
1687,3358|5493,5494,2,1,http://www.reactome.org/biopax/96/56210#BiochemicalReaction470,1,http://www.reactome.org/biopax/96/56210#Catalysis281,1817
1688,2602|4390|4395,4392|4393,3,2,http://www.reactome.org/biopax/96/56210#BiochemicalReaction2486,1,http://www.reactome.org/biopax/96/56210#Catalysis1351,1818
1689,3205|3209|4553,3210|4564,3,2,http://www.reactome.org/biopax/96/56210#BiochemicalReaction319,1,http://www.reactome.org/biopax/96/56210#Catalysis192,1819
1690,1557|5399|5510,5391|5515,3,2,http://www.reactome.org/biopax/96/56210#BiochemicalReaction292,-1,http://www.reactome.org/biopax/96/56210#Control35,1820
1691,2497|4315|5538,4265|4509,3,2,http://www.reactome.org/biopax/96/56210#BiochemicalReaction2558,1,http://www.reactome.org/biopax/96/56210#Catalysis1421,1821
1692,72|3754|4348,3755|4679,3,2,http://www.reactome.org/biopax/96/56210#BiochemicalReaction1221,1,http://www.reactome.org/biopax/96/56210#Catalysis709,1822
1693,1165|2832|5089|5254,1164|5750,4,2,http://www.reactome.org/biopax/96/56210#BiochemicalReaction3243,1,http://www.reactome.org/biopax/96/56210#Catalysis2062,1823
1694,980|2734|5407,2732|5254|5409,3,3,http://www.reactome.org/biopax/96/56210#BiochemicalReaction2895,1,http://www.reactome.org/biopax/96/56210#Catalysis1737,1824
1695,222|4348,223|3702|4679,2,3,http://www.reactome.org/biopax/96/56210#BiochemicalReaction1126,1,http://www.reactome.org/biopax/96/56210#Catalysis674,1825
1696,1082|4348|5496,4282|4679|5713,3,3,http://www.reactome.org/biopax/96/56210#BiochemicalReaction3078,1,http://www.reactome.org/biopax/96/56210#Catalysis1899,1826
1697,521|4348,522|4679,2,2,http://www.reactome.org/biopax/96/56210#BiochemicalReaction1753,1,http://www.reactome.org/biopax/96/56210#Catalysis876,1827
1698,3090|3094|5538,3644|3671,3,2,http://www.reactome.org/biopax/96/56210#BiochemicalReaction4423,1,http://www.reactome.org/biopax/96/56210#Catalysis2610,1829
1699,4106|4889|5538,4819|5236|5713,3,3,http://www.reactome.org/biopax/96/56210#BiochemicalReaction3018,1,http://www.reactome.org/biopax/96/56210#Control301,1830
1700,561|3852|4553,562|4564,3,2,http://www.reactome.org/biopax/96/56210#BiochemicalReaction1849,1,http://www.reactome.org/biopax/96/56210#Catalysis917,1831
1701,5694,5071|5075|5713,1,3,http://www.reactome.org/biopax/96/56210#BiochemicalReaction3229,1,http://www.reactome.org/biopax/96/56210#Control321,1832
1702,1351|2932,2931|4757,2,2,http://www.reactome.org/biopax/96/56210#BiochemicalReaction3551,1,http://www.reactome.org/biopax/96/56210#Catalysis2265,1833
1703,3332|5369|5471,5414|5472,3,2,http://www.reactome.org/biopax/96/56210#BiochemicalReaction439,1,http://www.reactome.org/biopax/96/56210#Catalysis251,1834
1704,4065|4915,4916,2,1,http://www.reactome.org/biopax/96/56210#BiochemicalReaction3040,-1,http://www.reactome.org/biopax/96/56210#Control304,1835
1705,37|3472|3780,3255|3470,3,2,http://www.reactome.org/biopax/96/56210#BiochemicalReaction4852,1,http://www.reactome.org/biopax/96/56210#Catalysis2835,1836
1706,3409|4282|4633,4291|4725|5713,3,3,http://www.reactome.org/biopax/96/56210#BiochemicalReaction2792,1,http://www.reactome.org/biopax/96/56210#Catalysis1644,1837
1707,3196|5263|5303,5302|5304,3,2,http://www.reactome.org/biopax/96/56210#BiochemicalReaction4787,1,http://www.reactome.org/biopax/96/56210#Catalysis2777,1838
1708,3468|3832|4553,3834|4564,3,2,http://www.reactome.org/biopax/96/56210#BiochemicalReaction1492,1,http://www.reactome.org/biopax/96/56210#Catalysis795,1839
1709,4106|5236|5538,4757,3,1,http://www.reactome.org/biopax/96/56210#BiochemicalReaction3362,1,http://www.reactome.org/biopax/96/56210#Control334,1841
1710,62|3541,3542|3543,2,2,http://www.reactome.org/biopax/96/56210#BiochemicalReaction886,1,http://www.reactome.org/biopax/96/56210#Catalysis571,1842
1711,2702|4291|4445|4680|5713,4282|4729|4731|5538|5713,5,5,http://www.reactome.org/biopax/96/56210#BiochemicalReaction2800,1,http://www.reactome.org/biopax/96/56210#Catalysis1652,1843
1712,280|3763|4348,3698|4679,3,2,http://www.reactome.org/biopax/96/56210#BiochemicalReaction1240,1,http://www.reactome.org/biopax/96/56210#Catalysis714,1844
1713,3207|5327|5647,5328|5645,3,2,http://www.reactome.org/biopax/96/56210#BiochemicalReaction4807,1,http://www.reactome.org/biopax/96/56210#Catalysis2795,1845
1714,960|4282|5545,4291|4460|5474|5713,3,4,http://www.reactome.org/biopax/96/56210#BiochemicalReaction2867,1,http://www.reactome.org/biopax/96/56210#Catalysis1711,1846
1715,916|4640|5538,4628|4641|5713,3,3,http://www.reactome.org/biopax/96/56210#BiochemicalReaction2708,1,http://www.reactome.org/biopax/96/56210#Catalysis1566,1847
1716,840|4422|4687,4689,3,1,http://www.reactome.org/biopax/96/56210#BiochemicalReaction2756,1,http://www.reactome.org/biopax/96/56210#Catalysis1610,1848
1717,3643|5538|5754,5755|5756,3,2,http://www.reactome.org/biopax/96/56210#BiochemicalReaction1016,1,http://www.reactome.org/biopax/96/56210#Catalysis615,1849
1718,2003|3214|5643,3215|4209|5465,3,3,http://www.reactome.org/biopax/96/56210#BiochemicalReaction4814,1,http://www.reactome.org/biopax/96/56210#Catalysis2802,1850
1719,844|4408|5407,4409|5254|5409,3,3,http://www.reactome.org/biopax/96/56210#BiochemicalReaction2492,1,http://www.reactome.org/biopax/96/56210#Catalysis1357,1851
1720,1119|4450|5010,5011|5229,3,2,http://www.reactome.org/biopax/96/56210#BiochemicalReaction3159,1,http://www.reactome.org/biopax/96/56210#Catalysis1978,1852
1721,2649|4584|5538,4582|4757,3,2,http://www.reactome.org/biopax/96/56210#BiochemicalReaction2650,1,http://www.reactome.org/biopax/96/56210#Catalysis1513,1854
1722,2686|4647,4514|4648,2,2,http://www.reactome.org/biopax/96/56210#BiochemicalReaction2715,1,http://www.reactome.org/biopax/96/56210#Catalysis1573,1855
1723,2796|4291|4947|5713,4282|4856,4,2,http://www.reactome.org/biopax/96/56210#BiochemicalReaction3093,1,http://www.reactome.org/biopax/96/56210#Catalysis1914,1856
1724,2916|2922|4348,2923|4679,3,2,http://www.reactome.org/biopax/96/56210#BiochemicalReaction3511,1,http://www.reactome.org/biopax/96/56210#Catalysis2251,1857
1725,2456|2536|5643,2457|4209|5465,3,3,http://www.reactome.org/biopax/96/56210#BiochemicalReaction2309,1,http://www.reactome.org/biopax/96/56210#Catalysis1184,1859
1726,2630|5415|5510,4503|4552,3,2,http://www.reactome.org/biopax/96/56210#BiochemicalReaction2598,1,http://www.reactome.org/biopax/96/56210#Catalysis1461,1860
1727,1519|4348|5754,4679|5370,3,2,http://www.reactome.org/biopax/96/56210#BiochemicalReaction3810,1,http://www.reactome.org/biopax/96/56210#Catalysis2367,1861
1728,3602|3676|3677,204,3,1,http://www.reactome.org/biopax/96/56210#BiochemicalReaction1073,-1,http://www.reactome.org/biopax/96/56210#Control119,1862
1729,1882|1883|1887,1885,3,1,http://www.reactome.org/biopax/96/56210#BiochemicalReaction4633,-1,http://www.reactome.org/biopax/96/56210#Control427,1863
1730,2057|5538,2058|2324,2,2,http://www.reactome.org/biopax/96/56210#BiochemicalReaction4885,1,http://www.reactome.org/biopax/96/56210#Catalysis2860,1864
1731,1045|4941|5510,4875|4942|5397|5495,3,4,http://www.reactome.org/biopax/96/56210#BiochemicalReaction3084,1,http://www.reactome.org/biopax/96/56210#Catalysis1905,1865
1732,1049|4291|5632|5713,4282|4897,4,2,http://www.reactome.org/biopax/96/56210#BiochemicalReaction3026,1,http://www.reactome.org/biopax/96/56210#Catalysis1848,1866
1733,3705|3706|4348,3707|4679,3,2,http://www.reactome.org/biopax/96/56210#BiochemicalReaction1145,1,http://www.reactome.org/biopax/96/56210#Catalysis679,1867
1734,2825|5056|5538,5057|5413,3,2,http://www.reactome.org/biopax/96/56210#BiochemicalReaction3209,1,http://www.reactome.org/biopax/96/56210#Catalysis2028,1869
1735,2947|2949|4497|4508,2948|4519|4527|5226,4,4,http://www.reactome.org/biopax/96/56210#BiochemicalReaction3613,1,http://www.reactome.org/biopax/96/56210#Catalysis2291,1870
1736,3426|5697|5713,5397|5413,3,2,http://www.reactome.org/biopax/96/56210#BiochemicalReaction648,1,http://www.reactome.org/biopax/96/56210#Catalysis445,1871
1737,417|3827|3831,418,3,1,http://www.reactome.org/biopax/96/56210#BiochemicalReaction1473,1,http://www.reactome.org/biopax/96/56210#Control150,1872
1738,3438|5719,5720,2,1,http://www.reactome.org/biopax/96/56210#BiochemicalReaction679,1,http://www.reactome.org/biopax/96/56210#Catalysis461,1873
1739,1248|1257,2871|2886,2,2,http://www.reactome.org/biopax/96/56210#BiochemicalReaction3394,1,http://www.reactome.org/biopax/96/56210#Catalysis2198,1874
1740,66|69|4348,70|4679,3,2,http://www.reactome.org/biopax/96/56210#BiochemicalReaction858,1,http://www.reactome.org/biopax/96/56210#Catalysis547,1875
1741,840|4422|4688,4690,3,1,http://www.reactome.org/biopax/96/56210#BiochemicalReaction2757,1,http://www.reactome.org/biopax/96/56210#Catalysis1611,1876
1742,1725|3785|4348,3035|4679,3,2,http://www.reactome.org/biopax/96/56210#BiochemicalReaction4221,1,http://www.reactome.org/biopax/96/56210#Catalysis2528,1877
1743,3603|4031|4348,3604|4679,3,2,http://www.reactome.org/biopax/96/56210#BiochemicalReaction984,1,http://www.reactome.org/biopax/96/56210#Catalysis601,1878
1744,2675|4624|5643,4209|4625|5465,3,3,http://www.reactome.org/biopax/96/56210#BiochemicalReaction2695,1,http://www.reactome.org/biopax/96/56210#Catalysis1555,1879
1745,1042|4348|4869,4679|4870|5713,3,3,http://www.reactome.org/biopax/96/56210#BiochemicalReaction3001,1,http://www.reactome.org/biopax/96/56210#Catalysis1823,1880
1746,1153|5069|5538,5057|5071|5413|5713,3,4,http://www.reactome.org/biopax/96/56210#BiochemicalReaction3223,1,http://www.reactome.org/biopax/96/56210#Catalysis2042,1881
1747,1518|4348|5754,4679|5370,3,2,http://www.reactome.org/biopax/96/56210#BiochemicalReaction3808,1,http://www.reactome.org/biopax/96/56210#Catalysis2366,1882
1748,2560|4246|4348,4195|4679,3,2,http://www.reactome.org/biopax/96/56210#BiochemicalReaction2360,1,http://www.reactome.org/biopax/96/56210#Catalysis1227,1883
1749,941|1969,1970|3675,2,2,http://www.reactome.org/biopax/96/56210#BiochemicalReaction4722,1,http://www.reactome.org/biopax/96/56210#Catalysis2721,1884
1750,1496|3671,1498,2,1,http://www.reactome.org/biopax/96/56210#BiochemicalReaction3785,1,http://www.reactome.org/biopax/96/56210#Catalysis2355,1885
1751,32|346|4553,367|4564,3,2,http://www.reactome.org/biopax/96/56210#BiochemicalReaction1919,1,http://www.reactome.org/biopax/96/56210#Catalysis953,1886
1752,844|4322|4413,4166|4414,3,2,http://www.reactome.org/biopax/96/56210#BiochemicalReaction2495,1,http://www.reactome.org/biopax/96/56210#Catalysis1360,1887
1753,1691|5414,5369,2,1,http://www.reactome.org/biopax/96/56210#BiochemicalReaction310,1,http://www.reactome.org/biopax/96/56210#Catalysis187,1888
1754,757|759|4348,758|4679|5713,3,3,http://www.reactome.org/biopax/96/56210#BiochemicalReaction2228,1,http://www.reactome.org/biopax/96/56210#Catalysis1107,1889
1755,1833|4497|4508,1834|4519|4527|5226,3,4,http://www.reactome.org/biopax/96/56210#BiochemicalReaction4484,1,http://www.reactome.org/biopax/96/56210#Catalysis2634,1890
1756,757|4348|5369,758|4679|5713,3,3,http://www.reactome.org/biopax/96/56210#BiochemicalReaction2228,1,http://www.reactome.org/biopax/96/56210#Control198,1891
1757,682|683,378|3731,2,2,http://www.reactome.org/biopax/96/56210#BiochemicalReaction2042,1,http://www.reactome.org/biopax/96/56210#Catalysis1030,1892
1758,162|1558|4348,1559|4679,3,2,http://www.reactome.org/biopax/96/56210#BiochemicalReaction3858,1,http://www.reactome.org/biopax/96/56210#Catalysis2389,1893
1759,2578|4314,827,2,1,http://www.reactome.org/biopax/96/56210#BiochemicalReaction2427,1,http://www.reactome.org/biopax/96/56210#Catalysis1293,1894
1760,2564|4255|5656,4253|4256,3,2,http://www.reactome.org/biopax/96/56210#BiochemicalReaction2366,1,http://www.reactome.org/biopax/96/56210#Catalysis1233,1895
1761,1450|4348,1451|4679,2,2,http://www.reactome.org/biopax/96/56210#BiochemicalReaction3732,1,http://www.reactome.org/biopax/96/56210#Catalysis2332,1897
1762,2619|4557|5510,4503|4560,3,2,http://www.reactome.org/biopax/96/56210#BiochemicalReaction2605,-1,http://www.reactome.org/biopax/96/56210#Control234,1898
1763,280|3766|4348,3767|4679,3,2,http://www.reactome.org/biopax/96/56210#BiochemicalReaction1245,1,http://www.reactome.org/biopax/96/56210#Catalysis717,1899
1764,631|3671,640,2,1,http://www.reactome.org/biopax/96/56210#BiochemicalReaction186,1,http://www.reactome.org/biopax/96/56210#Catalysis105,1901
1765,1731|4348,5236|5373,2,2,http://www.reactome.org/biopax/96/56210#BiochemicalReaction4241,1,http://www.reactome.org/biopax/96/56210#Catalysis2536,1902
1766,149|3624,151,2,1,http://www.reactome.org/biopax/96/56210#BiochemicalReaction1002,1,http://www.reactome.org/biopax/96/56210#Control91,1903
1767,1396,1395|1402|2929|2933|2942|2944|2946|5377,1,8,http://www.reactome.org/biopax/96/56210#BiochemicalReaction267,1,http://www.reactome.org/biopax/96/56210#Catalysis151,1904
1768,4043|4175|5492,4176|5691,3,2,http://www.reactome.org/biopax/96/56210#BiochemicalReaction2247,1,http://www.reactome.org/biopax/96/56210#Catalysis1125,1905
1769,769|3077|4348,3117|4679,3,2,http://www.reactome.org/biopax/96/56210#BiochemicalReaction4525,1,http://www.reactome.org/biopax/96/56210#Catalysis2650,1906
1770,2768|4553|4837,4564|4838,3,2,http://www.reactome.org/biopax/96/56210#BiochemicalReaction2973,1,http://www.reactome.org/biopax/96/56210#Catalysis1795,1907
1771,2764|4348|4810|5130|5538,4679|4757|4812|5229|5713,5,5,http://www.reactome.org/biopax/96/56210#BiochemicalReaction2947,1,http://www.reactome.org/biopax/96/56210#Catalysis1771,1908
1772,1191|5149|5713,4460|5150,3,2,http://www.reactome.org/biopax/96/56210#BiochemicalReaction3291,1,http://www.reactome.org/biopax/96/56210#Catalysis2110,1909
1773,2573|4301|5492,4302|5691,3,2,http://www.reactome.org/biopax/96/56210#BiochemicalReaction2408,1,http://www.reactome.org/biopax/96/56210#Catalysis1275,1910
1774,872|4348|5393,4531|4679,3,2,http://www.reactome.org/biopax/96/56210#BiochemicalReaction2577,1,http://www.reactome.org/biopax/96/56210#Catalysis1440,1911
1775,1720|1723|4348,1724|4679,3,2,http://www.reactome.org/biopax/96/56210#BiochemicalReaction4205,1,http://www.reactome.org/biopax/96/56210#Catalysis2520,1912
1776,907|4613|4614,4265|4615,3,2,http://www.reactome.org/biopax/96/56210#BiochemicalReaction2686,1,http://www.reactome.org/biopax/96/56210#Catalysis1547,1914
1777,1156|2828|5253|5276,2829|5076|5254,4,3,http://www.reactome.org/biopax/96/56210#BiochemicalReaction3230,1,http://www.reactome.org/biopax/96/56210#Catalysis2049,1916
1778,1146|4757|5063,5064|5629,3,2,http://www.reactome.org/biopax/96/56210#BiochemicalReaction3214,1,http://www.reactome.org/biopax/96/56210#Catalysis2033,1918
1779,2331|5473,5698,2,1,http://www.reactome.org/biopax/96/56210#BiochemicalReaction443,1,http://www.reactome.org/biopax/96/56210#Catalysis255,1919
1780,573|671|3671,672,3,1,http://www.reactome.org/biopax/96/56210#BiochemicalReaction2023,1,http://www.reactome.org/biopax/96/56210#Catalysis1020,1920
1781,1632|3671,1634|3662,2,2,http://www.reactome.org/biopax/96/56210#BiochemicalReaction3981,1,http://www.reactome.org/biopax/96/56210#Catalysis2445,1921
1782,1770|2280|4348,1776|4679,3,2,http://www.reactome.org/biopax/96/56210#BiochemicalReaction4358,1,http://www.reactome.org/biopax/96/56210#Catalysis2576,1922
1783,2141|4348|5451|5538,4679|4757|5453,4,3,http://www.reactome.org/biopax/96/56210#BiochemicalReaction420,1,http://www.reactome.org/biopax/96/56210#Catalysis234,1924
1784,909|5643|5716,4209|4624|5465,3,3,http://www.reactome.org/biopax/96/56210#BiochemicalReaction2694,1,http://www.reactome.org/biopax/96/56210#Catalysis1554,1925
1785,2754|3838|4610,3837|4619,3,2,http://www.reactome.org/biopax/96/56210#BiochemicalReaction1498,1,http://www.reactome.org/biopax/96/56210#Catalysis797,1926
1786,1213|5198,5197|5694,2,2,http://www.reactome.org/biopax/96/56210#BiochemicalReaction3339,1,http://www.reactome.org/biopax/96/56210#Catalysis2157,1927
1787,901|2659|4445|4603|5713,903|4604|5538,5,3,http://www.reactome.org/biopax/96/56210#BiochemicalReaction2676,1,http://www.reactome.org/biopax/96/56210#Catalysis1537,1929
1788,1459|4348|5754,4679|5370,3,2,http://www.reactome.org/biopax/96/56210#BiochemicalReaction3745,1,http://www.reactome.org/biopax/96/56210#Catalysis2337,1930
1789,2804|4976|4977,4978|5437,3,2,http://www.reactome.org/biopax/96/56210#BiochemicalReaction3126,1,http://www.reactome.org/biopax/96/56210#Catalysis1945,1931
1790,852|4451|5358,4452|5357,3,2,http://www.reactome.org/biopax/96/56210#BiochemicalReaction2518,1,http://www.reactome.org/biopax/96/56210#Catalysis1381,1932
1791,1206|5187|5664|5713,5368|5496|5538,4,3,http://www.reactome.org/biopax/96/56210#BiochemicalReaction3325,1,http://www.reactome.org/biopax/96/56210#Catalysis2143,1934
1792,1378|3864|4610,2938|4619,3,2,http://www.reactome.org/biopax/96/56210#BiochemicalReaction3605,1,http://www.reactome.org/biopax/96/56210#Catalysis2286,1935
1793,2028|4575,2029|2323,2,2,http://www.reactome.org/biopax/96/56210#BiochemicalReaction4868,1,http://www.reactome.org/biopax/96/56210#Catalysis2846,1936
1794,2249|5427,2250,2,1,http://www.reactome.org/biopax/96/56210#BiochemicalReaction771,1,http://www.reactome.org/biopax/96/56210#Catalysis504,1938
1795,1231|2871|2874,1232,3,1,http://www.reactome.org/biopax/96/56210#BiochemicalReaction3364,1,http://www.reactome.org/biopax/96/56210#Catalysis2181,1940
1796,400|4593,402|4602,2,2,http://www.reactome.org/biopax/96/56210#BiochemicalReaction1442,1,http://www.reactome.org/biopax/96/56210#Catalysis782,1941
1797,1734|3748|4348,1735|4679,3,2,http://www.reactome.org/biopax/96/56210#BiochemicalReaction4245,1,http://www.reactome.org/biopax/96/56210#Catalysis2539,1942
1798,2005|2945|3472,3228|3470,3,2,http://www.reactome.org/biopax/96/56210#BiochemicalReaction4829,1,http://www.reactome.org/biopax/96/56210#Catalysis2812,1944
1799,149|3626,151,2,1,http://www.reactome.org/biopax/96/56210#BiochemicalReaction1002,1,http://www.reactome.org/biopax/96/56210#Control95,1945
1800,834|4349,5526,2,1,http://www.reactome.org/biopax/96/56210#BiochemicalReaction2453,1,http://www.reactome.org/biopax/96/56210#Catalysis1318,1946
1801,3718|4372|4387,4374|4388|4389,3,3,http://www.reactome.org/biopax/96/56210#BiochemicalReaction2477,1,http://www.reactome.org/biopax/96/56210#Catalysis1342,1947
1802,3351|5390|5440,5392|5441,3,2,http://www.reactome.org/biopax/96/56210#BiochemicalReaction463,1,http://www.reactome.org/biopax/96/56210#Catalysis274,1949
1803,351|4610,352|4619,2,2,http://www.reactome.org/biopax/96/56210#BiochemicalReaction1398,1,http://www.reactome.org/biopax/96/56210#Catalysis763,1950
1804,2005|3453,3242|3470,2,2,http://www.reactome.org/biopax/96/56210#BiochemicalReaction4839,1,http://www.reactome.org/biopax/96/56210#Catalysis2822,1951
1805,4045|4348|5284,4679|5283|5713,3,3,http://www.reactome.org/biopax/96/56210#BiochemicalReaction4770,1,http://www.reactome.org/biopax/96/56210#Catalysis2760,1952
1806,3622|4378|4471,4380|4472,3,2,http://www.reactome.org/biopax/96/56210#BiochemicalReaction2529,1,http://www.reactome.org/biopax/96/56210#Catalysis1392,1953
1807,1949|1950|4433,1951|1952,3,2,http://www.reactome.org/biopax/96/56210#BiochemicalReaction4701,1,http://www.reactome.org/biopax/96/56210#Catalysis2714,1954
1808,1720|3033|4348,3032|4679,3,2,http://www.reactome.org/biopax/96/56210#BiochemicalReaction4209,1,http://www.reactome.org/biopax/96/56210#Catalysis2524,1955
1809,1896|5538,1897|4757,2,2,http://www.reactome.org/biopax/96/56210#BiochemicalReaction4650,1,http://www.reactome.org/biopax/96/56210#Catalysis2691,1957
1810,1987|5263|5264,5267|5268,3,2,http://www.reactome.org/biopax/96/56210#BiochemicalReaction4752,1,http://www.reactome.org/biopax/96/56210#Catalysis2742,1958
1811,229|3894|4553,3897|4564,3,2,http://www.reactome.org/biopax/96/56210#BiochemicalReaction139,1,http://www.reactome.org/biopax/96/56210#Catalysis94,1959
1812,2843|2844,1176,2,1,http://www.reactome.org/biopax/96/56210#BiochemicalReaction3270,1,http://www.reactome.org/biopax/96/56210#Catalysis2089,1960
1813,4094|4174|4433|5614,4757|4820|5386|5713,4,4,http://www.reactome.org/biopax/96/56210#BiochemicalReaction2957,-1,http://www.reactome.org/biopax/96/56210#Control292,1961
1814,2738|2739|4401,2735,3,1,http://www.reactome.org/biopax/96/56210#BiochemicalReaction2903,1,http://www.reactome.org/biopax/96/56210#Control273,1962
1815,62|3500,3501,2,1,http://www.reactome.org/biopax/96/56210#BiochemicalReaction869,1,http://www.reactome.org/biopax/96/56210#Catalysis555,1963
1816,855|4467|5358,4468|5357,3,2,http://www.reactome.org/biopax/96/56210#BiochemicalReaction2525,1,http://www.reactome.org/biopax/96/56210#Catalysis1388,1964
1817,2975|2978|5644,2976|4209,3,2,http://www.reactome.org/biopax/96/56210#BiochemicalReaction3788,1,http://www.reactome.org/biopax/96/56210#Catalysis2357,1965
1818,4005|4433,5236|5532,2,2,http://www.reactome.org/biopax/96/56210#BiochemicalReaction2123,1,http://www.reactome.org/biopax/96/56210#Control186,1967
1819,149|3620,151,2,1,http://www.reactome.org/biopax/96/56210#BiochemicalReaction1002,1,http://www.reactome.org/biopax/96/56210#Control107,1968
1820,161|2389|4553,258|4564,3,2,http://www.reactome.org/biopax/96/56210#BiochemicalReaction1179,1,http://www.reactome.org/biopax/96/56210#Catalysis698,1969
1821,3956|3973|4553,3974|4564,3,2,http://www.reactome.org/biopax/96/56210#BiochemicalReaction1990,1,http://www.reactome.org/biopax/96/56210#Catalysis1003,1970
1822,1089|4282|4958,4291|4957|5713,3,3,http://www.reactome.org/biopax/96/56210#BiochemicalReaction3109,1,http://www.reactome.org/biopax/96/56210#Catalysis1929,1971
1823,1102|4985|5253|5254|5409,4986|5276|5407,5,3,http://www.reactome.org/biopax/96/56210#BiochemicalReaction3131,1,http://www.reactome.org/biopax/96/56210#Catalysis1950,1972
1824,131|2169,3671,2,1,http://www.reactome.org/biopax/96/56210#BiochemicalReaction972,1,http://www.reactome.org/biopax/96/56210#Catalysis597,1973
1825,557|3839|3909,560,3,1,http://www.reactome.org/biopax/96/56210#BiochemicalReaction1846,1,http://www.reactome.org/biopax/96/56210#Control172,1974
1826,359|3928|4553,596|4564,3,2,http://www.reactome.org/biopax/96/56210#BiochemicalReaction1908,1,http://www.reactome.org/biopax/96/56210#Catalysis946,1975
1827,1064|4919|5713,4460|4920,3,2,http://www.reactome.org/biopax/96/56210#BiochemicalReaction3046,1,http://www.reactome.org/biopax/96/56210#Catalysis1868,1976
1828,1809|3103|5538,1808|4757,3,2,http://www.reactome.org/biopax/96/56210#BiochemicalReaction4447,1,http://www.reactome.org/biopax/96/56210#Catalysis2622,1977
1829,623|3945|4348,3946|4679,3,2,http://www.reactome.org/biopax/96/56210#BiochemicalReaction1955,1,http://www.reactome.org/biopax/96/56210#Catalysis975,1978
1830,860|4504|4505,4070|4506,3,2,http://www.reactome.org/biopax/96/56210#BiochemicalReaction2555,1,http://www.reactome.org/biopax/96/56210#Catalysis1418,1979
1831,846|4401|4435,4402|4436,3,2,http://www.reactome.org/biopax/96/56210#BiochemicalReaction2509,1,http://www.reactome.org/biopax/96/56210#Catalysis1374,1980
1832,966|970|5276,965|5431,3,2,http://www.reactome.org/biopax/96/56210#BiochemicalReaction2881,1,http://www.reactome.org/biopax/96/56210#Catalysis1724,1981
1833,2792|4348|4934,4679|4932|5713,3,3,http://www.reactome.org/biopax/96/56210#BiochemicalReaction3077,1,http://www.reactome.org/biopax/96/56210#Catalysis1898,1982
1834,1680|4348,1681|4679,2,2,http://www.reactome.org/biopax/96/56210#BiochemicalReaction4130,1,http://www.reactome.org/biopax/96/56210#Catalysis2487,1983
1835,537|3854|4348,3856|4679,3,2,http://www.reactome.org/biopax/96/56210#BiochemicalReaction4545,1,http://www.reactome.org/biopax/96/56210#Control423,1984
1836,1248|1361,1362,2,1,http://www.reactome.org/biopax/96/56210#BiochemicalReaction3576,1,http://www.reactome.org/biopax/96/56210#Catalysis2274,1985
1837,568|3928|4553,3941|4564,3,2,http://www.reactome.org/biopax/96/56210#BiochemicalReaction1937,1,http://www.reactome.org/biopax/96/56210#Catalysis965,1986
1838,1295|2901|4348,2902|4679,3,2,http://www.reactome.org/biopax/96/56210#BiochemicalReaction3452,1,http://www.reactome.org/biopax/96/56210#Catalysis2228,1987
1839,2067|5538,2068|2364,2,2,http://www.reactome.org/biopax/96/56210#BiochemicalReaction4892,1,http://www.reactome.org/biopax/96/56210#Catalysis2865,1988
1840,1114|5003|5254|5409,5004|5407,4,2,http://www.reactome.org/biopax/96/56210#BiochemicalReaction3151,1,http://www.reactome.org/biopax/96/56210#Catalysis1970,1989
1841,2596|4350,4351,2,1,http://www.reactome.org/biopax/96/56210#BiochemicalReaction2455,1,http://www.reactome.org/biopax/96/56210#Catalysis1320,1990
1842,700|4002|4144,702|5396,3,2,http://www.reactome.org/biopax/96/56210#BiochemicalReaction2118,1,http://www.reactome.org/biopax/96/56210#Catalysis1062,1991
1843,2584|4348|5396|5666,4144|5209|5236|5538,4,4,http://www.reactome.org/biopax/96/56210#BiochemicalReaction2437,1,http://www.reactome.org/biopax/96/56210#Catalysis1302,1992
1844,1234|1236|4348,1235|4679,3,2,http://www.reactome.org/biopax/96/56210#BiochemicalReaction3370,1,http://www.reactome.org/biopax/96/56210#Catalysis2182,1993
1845,334|342|4553,341|4564,3,2,http://www.reactome.org/biopax/96/56210#BiochemicalReaction1384,1,http://www.reactome.org/biopax/96/56210#Catalysis755,1994
1846,2643|5718,4538|4757,2,2,http://www.reactome.org/biopax/96/56210#BiochemicalReaction2628,1,http://www.reactome.org/biopax/96/56210#Catalysis1491,1995
1847,2330|4821|5369|5387,5388|5414|5418,4,3,http://www.reactome.org/biopax/96/56210#BiochemicalReaction437,1,http://www.reactome.org/biopax/96/56210#Catalysis249,1996
1848,3342|5418|5440,4821|5441,3,2,http://www.reactome.org/biopax/96/56210#BiochemicalReaction453,1,http://www.reactome.org/biopax/96/56210#Catalysis265,1997
1849,1183|5140|5141,5521|5566,3,2,http://www.reactome.org/biopax/96/56210#BiochemicalReaction3282,1,http://www.reactome.org/biopax/96/56210#Catalysis2101,1998
1850,167|170|3654|4348,526|3654|4679,4,3,http://www.reactome.org/biopax/96/56210#BiochemicalReaction1766,1,http://www.reactome.org/biopax/96/56210#Catalysis880,1999
1851,63|3477|3478,64,3,1,http://www.reactome.org/biopax/96/56210#BiochemicalReaction850,-1,http://www.reactome.org/biopax/96/56210#Control71,2000
1852,1307|1308|4348,1309|4679,3,2,http://www.reactome.org/biopax/96/56210#BiochemicalReaction3473,1,http://www.reactome.org/biopax/96/56210#Catalysis2231,2001
1853,2617|5510|5765,4502|4503,3,2,http://www.reactome.org/biopax/96/56210#BiochemicalReaction2554,1,http://www.reactome.org/biopax/96/56210#Catalysis1417,2002
1854,3190|5662,5295|5538,2,2,http://www.reactome.org/biopax/96/56210#BiochemicalReaction4779,1,http://www.reactome.org/biopax/96/56210#Catalysis2769,2003
1855,4401|4804|5354,4402|5404,3,2,http://www.reactome.org/biopax/96/56210#BiochemicalReaction2939,1,http://www.reactome.org/biopax/96/56210#Control284,2004
1856,838|4359|5510,4360|5417,3,2,http://www.reactome.org/biopax/96/56210#BiochemicalReaction2463,1,http://www.reactome.org/biopax/96/56210#Catalysis1328,2005
1857,4094|4433|4820|5614,4757|4820|5386|5713,4,4,http://www.reactome.org/biopax/96/56210#BiochemicalReaction2957,-1,http://www.reactome.org/biopax/96/56210#Control295,2006
1858,3877|3879|5538,3671|3878,3,2,http://www.reactome.org/biopax/96/56210#BiochemicalReaction1746,1,http://www.reactome.org/biopax/96/56210#Catalysis875,2007
1859,1733|3017|4348,1734|4679,3,2,http://www.reactome.org/biopax/96/56210#BiochemicalReaction4244,1,http://www.reactome.org/biopax/96/56210#Catalysis2538,2008
1860,235,234,1,1,http://www.reactome.org/biopax/96/56210#BiochemicalReaction4344,1,http://www.reactome.org/biopax/96/56210#Catalysis2571,2009
1861,404|436|4593,440|4602,3,2,http://www.reactome.org/biopax/96/56210#BiochemicalReaction138,1,http://www.reactome.org/biopax/96/56210#Catalysis93,2011
1862,1433|4348,1434|4679,2,2,http://www.reactome.org/biopax/96/56210#BiochemicalReaction3718,1,http://www.reactome.org/biopax/96/56210#Catalysis2326,2012
1863,4051|4187|4348,4188|4679|5713,3,3,http://www.reactome.org/biopax/96/56210#BiochemicalReaction2270,1,http://www.reactome.org/biopax/96/56210#Catalysis1147,2013
1864,578|2414|4553,585|3934|4564,3,3,http://www.reactome.org/biopax/96/56210#BiochemicalReaction1891,1,http://www.reactome.org/biopax/96/56210#Catalysis937,2014
1865,1585|2523|4348,1586|4679,3,2,http://www.reactome.org/biopax/96/56210#BiochemicalReaction3900,1,http://www.reactome.org/biopax/96/56210#Catalysis2407,2015
1866,3358|4821|5537,5418|5541,3,2,http://www.reactome.org/biopax/96/56210#BiochemicalReaction493,1,http://www.reactome.org/biopax/96/56210#Catalysis304,2016
1867,370|3820|4553,405|4564,3,2,http://www.reactome.org/biopax/96/56210#BiochemicalReaction1450,1,http://www.reactome.org/biopax/96/56210#Catalysis783,2017
1868,2364|2365,2366,2,1,http://www.reactome.org/biopax/96/56210#BiochemicalReaction907,1,http://www.reactome.org/biopax/96/56210#Catalysis578,2018
1869,2156|5229|5604,5385|5605,3,2,http://www.reactome.org/biopax/96/56210#BiochemicalReaction534,1,http://www.reactome.org/biopax/96/56210#Catalysis345,2019
1870,3739|3741,2,2,1,http://www.reactome.org/biopax/96/56210#BiochemicalReaction87,1,http://www.reactome.org/biopax/96/56210#Control1,2020
1871,593|3731,595,2,1,http://www.reactome.org/biopax/96/56210#BiochemicalReaction1906,1,http://www.reactome.org/biopax/96/56210#Catalysis944,2021
1872,1772|4348,1773|4679,2,2,http://www.reactome.org/biopax/96/56210#BiochemicalReaction4354,1,http://www.reactome.org/biopax/96/56210#Catalysis2574,2022
1873,2958|3614|5511,2957|5513,3,2,http://www.reactome.org/biopax/96/56210#BiochemicalReaction3625,1,http://www.reactome.org/biopax/96/56210#Catalysis2300,2023
1874,2189|5254|5692,5266|5693,3,2,http://www.reactome.org/biopax/96/56210#BiochemicalReaction624,1,http://www.reactome.org/biopax/96/56210#Catalysis427,2024
1875,3349|5387|5392,5388|5390,3,2,http://www.reactome.org/biopax/96/56210#BiochemicalReaction461,1,http://www.reactome.org/biopax/96/56210#Catalysis272,2025
1876,376|3665|3671,377,3,1,http://www.reactome.org/biopax/96/56210#BiochemicalReaction1429,1,http://www.reactome.org/biopax/96/56210#Catalysis772,2026
1877,2497|4265|4510,4149|4315,3,2,http://www.reactome.org/biopax/96/56210#BiochemicalReaction2564,1,http://www.reactome.org/biopax/96/56210#Catalysis1427,2027
1878,1247|1248,2871|2876|2883,2,3,http://www.reactome.org/biopax/96/56210#BiochemicalReaction3384,1,http://www.reactome.org/biopax/96/56210#Catalysis2188,2028
1879,2091|3286|5510,3287,3,1,http://www.reactome.org/biopax/96/56210#BiochemicalReaction4978,-1,http://www.reactome.org/biopax/96/56210#Control451,2029
1880,2988|5393|5394,5395|5396,3,2,http://www.reactome.org/biopax/96/56210#BiochemicalReaction281,1,http://www.reactome.org/biopax/96/56210#Catalysis164,2031
1881,3712|5443|5538,5766|5767,3,2,http://www.reactome.org/biopax/96/56210#BiochemicalReaction1151,1,http://www.reactome.org/biopax/96/56210#Catalysis684,2032
1882,844|4403|5276,4404,3,1,http://www.reactome.org/biopax/96/56210#BiochemicalReaction2488,1,http://www.reactome.org/biopax/96/56210#Catalysis1353,2033
1883,184|2430,937,2,1,http://www.reactome.org/biopax/96/56210#BiochemicalReaction2841,1,http://www.reactome.org/biopax/96/56210#Catalysis1691,2034
1884,3188|5287|5538|5556,4757|5288,4,2,http://www.reactome.org/biopax/96/56210#BiochemicalReaction4775,1,http://www.reactome.org/biopax/96/56210#Catalysis2765,2035
1885,48|5216|5510,5217|5385,3,2,http://www.reactome.org/biopax/96/56210#BiochemicalReaction3349,1,http://www.reactome.org/biopax/96/56210#Catalysis2167,2036
1886,2684|4611|5538,4537|4616,3,2,http://www.reactome.org/biopax/96/56210#BiochemicalReaction2713,1,http://www.reactome.org/biopax/96/56210#Catalysis1571,2037
1887,814|4264|5538,4265|5713|5756,3,3,http://www.reactome.org/biopax/96/56210#BiochemicalReaction2372,1,http://www.reactome.org/biopax/96/56210#Catalysis1239,2038
1888,1183|5135|5397|5494|5588|5780,5137|5141|5510,6,3,http://www.reactome.org/biopax/96/56210#BiochemicalReaction3280,1,http://www.reactome.org/biopax/96/56210#Catalysis2099,2039
1889,2570|4277|4553,4278|4564,3,2,http://www.reactome.org/biopax/96/56210#BiochemicalReaction2386,1,http://www.reactome.org/biopax/96/56210#Catalysis1253,2040
1890,644|3969|4575,3968|4577,3,2,http://www.reactome.org/biopax/96/56210#BiochemicalReaction1978,1,http://www.reactome.org/biopax/96/56210#Catalysis993,2041
1891,151|3638,152,2,1,http://www.reactome.org/biopax/96/56210#BiochemicalReaction1003,1,http://www.reactome.org/biopax/96/56210#Control113,2042
1892,171|1766|5538,1767|4757,3,2,http://www.reactome.org/biopax/96/56210#BiochemicalReaction4350,1,http://www.reactome.org/biopax/96/56210#Catalysis2573,2043
1893,961|5474|5664|5713,5446|5496,4,2,http://www.reactome.org/biopax/96/56210#BiochemicalReaction2870,1,http://www.reactome.org/biopax/96/56210#Catalysis1714,2044
1894,2170|5510,5538,2,1,http://www.reactome.org/biopax/96/56210#BiochemicalReaction581,1,http://www.reactome.org/biopax/96/56210#Catalysis389,2045
1895,2169|3040,3671,2,1,http://www.reactome.org/biopax/96/56210#BiochemicalReaction4236,1,http://www.reactome.org/biopax/96/56210#Catalysis2535,2046
1896,2693|4695|5496,4696|5664|5713,3,3,http://www.reactome.org/biopax/96/56210#BiochemicalReaction2762,1,http://www.reactome.org/biopax/96/56210#Catalysis1616,2047
1897,568|3880|4553,3942|4679,3,2,http://www.reactome.org/biopax/96/56210#BiochemicalReaction1938,1,http://www.reactome.org/biopax/96/56210#Catalysis966,2048
1898,1683|4348,1684|4679,2,2,http://www.reactome.org/biopax/96/56210#BiochemicalReaction4133,1,http://www.reactome.org/biopax/96/56210#Catalysis2490,2049
1899,2645|4584|5538,4583|4757,3,2,http://www.reactome.org/biopax/96/56210#BiochemicalReaction2651,1,http://www.reactome.org/biopax/96/56210#Catalysis1514,2050
1900,4174|4679|5556|5713,4348|5474,4,2,http://www.reactome.org/biopax/96/56210#BiochemicalReaction2264,1,http://www.reactome.org/biopax/96/56210#Control216,2051
1901,4106|4890|5538,4861|5236|5713,3,3,http://www.reactome.org/biopax/96/56210#BiochemicalReaction3019,1,http://www.reactome.org/biopax/96/56210#Control302,2052
1902,1736|2169,3041|3042,2,2,http://www.reactome.org/biopax/96/56210#BiochemicalReaction4247,1,http://www.reactome.org/biopax/96/56210#Catalysis2541,2053
1903,1208|5189|5646,5190|5648,3,2,http://www.reactome.org/biopax/96/56210#BiochemicalReaction3332,1,http://www.reactome.org/biopax/96/56210#Catalysis2150,2054
1904,3380|4821|5587,5418|5589,3,2,http://www.reactome.org/biopax/96/56210#BiochemicalReaction513,1,http://www.reactome.org/biopax/96/56210#Catalysis324,2055
1905,2137|5432|5433|5434|5435,2138|5437,5,2,http://www.reactome.org/biopax/96/56210#BiochemicalReaction414,1,http://www.reactome.org/biopax/96/56210#Catalysis229,2056
1906,72|227|4348,228|4679,3,2,http://www.reactome.org/biopax/96/56210#BiochemicalReaction1138,1,http://www.reactome.org/biopax/96/56210#Catalysis676,2057
1907,2884|2887|2888,1258,3,1,http://www.reactome.org/biopax/96/56210#BiochemicalReaction3395,1,http://www.reactome.org/biopax/96/56210#Catalysis2199,2058
1908,1780|3071|5538,1790|4757,3,2,http://www.reactome.org/biopax/96/56210#BiochemicalReaction4377,1,http://www.reactome.org/biopax/96/56210#Catalysis2583,2059
1909,851|4447|5538,4449|5396|5713,3,3,http://www.reactome.org/biopax/96/56210#BiochemicalReaction2515,1,http://www.reactome.org/biopax/96/56210#Catalysis1380,2060
1910,943|5616,5617,2,1,http://www.reactome.org/biopax/96/56210#BiochemicalReaction2845,1,http://www.reactome.org/biopax/96/56210#Catalysis1695,2061
1911,234|1485|4433,235|5386,3,2,http://www.reactome.org/biopax/96/56210#BiochemicalReaction3769,1,http://www.reactome.org/biopax/96/56210#Catalysis2347,2062
1912,179|5754,5370,2,1,http://www.reactome.org/biopax/96/56210#BiochemicalReaction1039,1,http://www.reactome.org/biopax/96/56210#Catalysis628,2063
1913,338|3468|4553,329|4564,3,2,http://www.reactome.org/biopax/96/56210#BiochemicalReaction1372,1,http://www.reactome.org/biopax/96/56210#Catalysis748,2064
1914,1197|4679|4847,4348|4846,3,2,http://www.reactome.org/biopax/96/56210#BiochemicalReaction2983,1,http://www.reactome.org/biopax/96/56210#Catalysis1805,2065
1915,1760|3053|5247,3054|5236,3,2,http://www.reactome.org/biopax/96/56210#BiochemicalReaction4326,-1,http://www.reactome.org/biopax/96/56210#Control400,2066
1916,724|5680,5679,2,1,http://www.reactome.org/biopax/96/56210#BiochemicalReaction2170,1,http://www.reactome.org/biopax/96/56210#Catalysis1084,2067
1917,2283|3410|4291|5713,4282|4317,4,2,http://www.reactome.org/biopax/96/56210#BiochemicalReaction46,1,http://www.reactome.org/biopax/96/56210#Catalysis44,2068
1918,1170|5276|5609,5101|5611,3,2,http://www.reactome.org/biopax/96/56210#BiochemicalReaction3249,1,http://www.reactome.org/biopax/96/56210#Catalysis2068,2069
1919,2183|4348|5369|5538,4679|4757|5470,4,3,http://www.reactome.org/biopax/96/56210#BiochemicalReaction603,1,http://www.reactome.org/biopax/96/56210#Catalysis407,2070
1920,2994|4030|4348,2995|4679,3,2,http://www.reactome.org/biopax/96/56210#BiochemicalReaction3934,1,http://www.reactome.org/biopax/96/56210#Catalysis2429,2071
1921,2353|5440,5441,2,1,http://www.reactome.org/biopax/96/56210#BiochemicalReaction620,1,http://www.reactome.org/biopax/96/56210#Catalysis423,2072
1922,3406|5369,5414,2,1,http://www.reactome.org/biopax/96/56210#BiochemicalReaction600,1,http://www.reactome.org/biopax/96/56210#Catalysis404,2073
1923,2701|4291|4631|5713,4282|4630,4,2,http://www.reactome.org/biopax/96/56210#BiochemicalReaction2798,1,http://www.reactome.org/biopax/96/56210#Catalysis1650,2074
1924,5069,5071|5074|5713,1,3,http://www.reactome.org/biopax/96/56210#BiochemicalReaction3228,1,http://www.reactome.org/biopax/96/56210#Control320,2075
1925,1132|5041|5538,5042|5590|5614,3,3,http://www.reactome.org/biopax/96/56210#BiochemicalReaction3192,1,http://www.reactome.org/biopax/96/56210#Catalysis2011,2076
1926,2227|3018|4348,3019|4679,3,2,http://www.reactome.org/biopax/96/56210#BiochemicalReaction4142,1,http://www.reactome.org/biopax/96/56210#Catalysis2493,2077
1927,1761|3055|5511,3059|5513,3,2,http://www.reactome.org/biopax/96/56210#BiochemicalReaction4330,1,http://www.reactome.org/biopax/96/56210#Catalysis2567,2078
1928,764|4163|4164|5428,4165|5254|5430|5431,4,4,http://www.reactome.org/biopax/96/56210#BiochemicalReaction2235,1,http://www.reactome.org/biopax/96/56210#Catalysis1113,2079
1929,148|3810|4575,196|3753|4577,3,3,http://www.reactome.org/biopax/96/56210#BiochemicalReaction104,1,http://www.reactome.org/biopax/96/56210#Catalysis73,2080
1930,1084|4939|5254|5428,4940|5437,4,2,http://www.reactome.org/biopax/96/56210#BiochemicalReaction3083,1,http://www.reactome.org/biopax/96/56210#Catalysis1904,2082
1931,3331|4348|4618,4679|5265,3,2,http://www.reactome.org/biopax/96/56210#BiochemicalReaction7,1,http://www.reactome.org/biopax/96/56210#Catalysis7,2083
1932,396|4593,397|4602,2,2,http://www.reactome.org/biopax/96/56210#BiochemicalReaction1440,1,http://www.reactome.org/biopax/96/56210#Catalysis780,2084
1933,1080|4348|4933|5130|5538,5209|5229|5236|5496|5713,5,5,http://www.reactome.org/biopax/96/56210#BiochemicalReaction3073,1,http://www.reactome.org/biopax/96/56210#Catalysis1894,2085
1934,668|3671,670,2,1,http://www.reactome.org/biopax/96/56210#BiochemicalReaction2018,1,http://www.reactome.org/biopax/96/56210#Catalysis1016,2086
1935,1444|4348,1447|4679,2,2,http://www.reactome.org/biopax/96/56210#BiochemicalReaction3728,1,http://www.reactome.org/biopax/96/56210#Catalysis2329,2087
1936,1117|5130|5474,5008|5573,3,2,http://www.reactome.org/biopax/96/56210#BiochemicalReaction3155,1,http://www.reactome.org/biopax/96/56210#Catalysis1974,2088
1937,987|990|2741,988|2740,3,2,http://www.reactome.org/biopax/96/56210#BiochemicalReaction2906,1,http://www.reactome.org/biopax/96/56210#Control274,2089
1938,677|683,664|3731,2,2,http://www.reactome.org/biopax/96/56210#BiochemicalReaction191,1,http://www.reactome.org/biopax/96/56210#Catalysis108,2090
1939,1640|1642|2999|3000,1641,4,1,http://www.reactome.org/biopax/96/56210#BiochemicalReaction3997,-1,http://www.reactome.org/biopax/96/56210#Control367,2091
1940,2024|5538,2025|3264,2,2,http://www.reactome.org/biopax/96/56210#BiochemicalReaction4866,1,http://www.reactome.org/biopax/96/56210#Catalysis2844,2092
1941,1122|4401|5017|5254,4402|5019,4,2,http://www.reactome.org/biopax/96/56210#BiochemicalReaction3167,1,http://www.reactome.org/biopax/96/56210#Catalysis1986,2093
1942,4553|4679|5556|5713,4348|5474,4,2,http://www.reactome.org/biopax/96/56210#BiochemicalReaction2264,-1,http://www.reactome.org/biopax/96/56210#Control215,2095
1943,1204|4282|5179|5538,4291|5180|5713,4,3,http://www.reactome.org/biopax/96/56210#BiochemicalReaction3321,-1,http://www.reactome.org/biopax/96/56210#Control328,2096
1944,2831|4465|5091|5359,4991|5097,4,2,http://www.reactome.org/biopax/96/56210#BiochemicalReaction3242,1,http://www.reactome.org/biopax/96/56210#Catalysis2061,2097
1945,350|4553,602|4564,2,2,http://www.reactome.org/biopax/96/56210#BiochemicalReaction1920,1,http://www.reactome.org/biopax/96/56210#Catalysis954,2099
1946,1842|1843,234|3891,2,2,http://www.reactome.org/biopax/96/56210#BiochemicalReaction4509,-1,http://www.reactome.org/biopax/96/56210#Control418,2100
1947,1440|3885|4154,1442,3,1,http://www.reactome.org/biopax/96/56210#BiochemicalReaction3722,1,http://www.reactome.org/biopax/96/56210#Control347,2101
1948,87|92|3555|3556|3557|3558|3559|3560|3561|3562|3563|3573|3574|3575|3576|4553,88|90|91|93|3564|3565|3566|3569|3571|4564|4577,16,11,http://www.reactome.org/biopax/96/56210#BiochemicalReaction926,1,http://www.reactome.org/biopax/96/56210#Catalysis586,2102
1949,17|4553,18|367|4564,2,3,http://www.reactome.org/biopax/96/56210#BiochemicalReaction803,1,http://www.reactome.org/biopax/96/56210#Catalysis521,2103
1950,1965,1966|1967|3154|4757,1,4,http://www.reactome.org/biopax/96/56210#BiochemicalReaction4717,1,http://www.reactome.org/biopax/96/56210#Catalysis2719,2104
1951,3003|4821|5381|5390,5379|5392|5418,4,3,http://www.reactome.org/biopax/96/56210#BiochemicalReaction295,1,http://www.reactome.org/biopax/96/56210#Catalysis177,2105
1952,1349|2932,2931|4757,2,2,http://www.reactome.org/biopax/96/56210#BiochemicalReaction3549,1,http://www.reactome.org/biopax/96/56210#Catalysis2263,2106
1953,2408|3923|4553,2409|4564,3,2,http://www.reactome.org/biopax/96/56210#BiochemicalReaction1859,1,http://www.reactome.org/biopax/96/56210#Catalysis923,2107
1954,795|4203|4205,4204|4206,3,2,http://www.reactome.org/biopax/96/56210#BiochemicalReaction2292,1,http://www.reactome.org/biopax/96/56210#Catalysis1169,2109
1955,3821|3840|4348,3842|4679,3,2,http://www.reactome.org/biopax/96/56210#BiochemicalReaction109,1,http://www.reactome.org/biopax/96/56210#Catalysis75,2110
1956,2489|4291|4326|5713,4282|4330,4,2,http://www.reactome.org/biopax/96/56210#BiochemicalReaction2442,1,http://www.reactome.org/biopax/96/56210#Catalysis1307,2111
1957,2760|4401|4803,4402|5404,3,2,http://www.reactome.org/biopax/96/56210#BiochemicalReaction2938,1,http://www.reactome.org/biopax/96/56210#Catalysis1764,2112
1958,770|4170|5664|5713,4172|4757|5496,4,3,http://www.reactome.org/biopax/96/56210#BiochemicalReaction2241,1,http://www.reactome.org/biopax/96/56210#Catalysis1119,2113
1959,965|2728|4322,2729|4166,3,2,http://www.reactome.org/biopax/96/56210#BiochemicalReaction2876,1,http://www.reactome.org/biopax/96/56210#Catalysis1720,2114
1960,1532|4348,1533|4679,2,2,http://www.reactome.org/biopax/96/56210#BiochemicalReaction3824,1,http://www.reactome.org/biopax/96/56210#Catalysis2375,2115
1961,1387|2960|4553|4575,1387|4104|4564|4577,4,4,http://www.reactome.org/biopax/96/56210#BiochemicalReaction3654,1,http://www.reactome.org/biopax/96/56210#Catalysis2302,2116
1962,2120|5422,2119|2121,2,2,http://www.reactome.org/biopax/96/56210#BiochemicalReaction390,1,http://www.reactome.org/biopax/96/56210#Catalysis216,2117
1963,2653|4588|5538,4589|4757,3,2,http://www.reactome.org/biopax/96/56210#BiochemicalReaction2661,1,http://www.reactome.org/biopax/96/56210#Catalysis1523,2118
1964,4679|5373|5556|5713,4348|5474,4,2,http://www.reactome.org/biopax/96/56210#BiochemicalReaction2264,-1,http://www.reactome.org/biopax/96/56210#Control212,2119
1965,62|3523,3524|3525,2,2,http://www.reactome.org/biopax/96/56210#BiochemicalReaction879,1,http://www.reactome.org/biopax/96/56210#Catalysis564,2120
1966,2551|4203|4226,4206|4227,3,2,http://www.reactome.org/biopax/96/56210#BiochemicalReaction2335,1,http://www.reactome.org/biopax/96/56210#Catalysis1205,2121
1967,459|460|5735,452|4077|5736,3,3,http://www.reactome.org/biopax/96/56210#BiochemicalReaction1581,1,http://www.reactome.org/biopax/96/56210#Catalysis820,2122
1968,1524|4348,1525|4679,2,2,http://www.reactome.org/biopax/96/56210#BiochemicalReaction3817,1,http://www.reactome.org/biopax/96/56210#Catalysis2371,2123
1969,1721|3033|4348,3032|4679,3,2,http://www.reactome.org/biopax/96/56210#BiochemicalReaction4208,1,http://www.reactome.org/biopax/96/56210#Catalysis2523,2124
1970,975|4790|5538,4791|4792|5713,3,3,http://www.reactome.org/biopax/96/56210#BiochemicalReaction2889,1,http://www.reactome.org/biopax/96/56210#Catalysis1731,2125
1971,1033|4849|5430,4848|5428,3,2,http://www.reactome.org/biopax/96/56210#BiochemicalReaction2985,1,http://www.reactome.org/biopax/96/56210#Catalysis1807,2126
1972,1130|2734|5407,2732|5254|5409,3,3,http://www.reactome.org/biopax/96/56210#BiochemicalReaction3190,1,http://www.reactome.org/biopax/96/56210#Catalysis2009,2127
1973,1937|3149|5538,1938|4757,3,2,http://www.reactome.org/biopax/96/56210#BiochemicalReaction4674,1,http://www.reactome.org/biopax/96/56210#Control429,2128
1974,1985|5258|5662,5259|5386,3,2,http://www.reactome.org/biopax/96/56210#BiochemicalReaction4748,1,http://www.reactome.org/biopax/96/56210#Catalysis2738,2129
1975,1173|4445|4450|5107,4460|4469|5508,4,3,http://www.reactome.org/biopax/96/56210#BiochemicalReaction3253,1,http://www.reactome.org/biopax/96/56210#Catalysis2072,2130
1976,3284|3429|4092,3283|5340,3,2,http://www.reactome.org/biopax/96/56210#BiochemicalReaction4972,1,http://www.reactome.org/biopax/96/56210#Catalysis2896,2131
1977,1845|3116|4348,2199|3117|4679,3,3,http://www.reactome.org/biopax/96/56210#BiochemicalReaction4522,1,http://www.reactome.org/biopax/96/56210#Catalysis2648,2132
1978,4433|5372|5538,4729|4994,3,2,http://www.reactome.org/biopax/96/56210#BiochemicalReaction3138,-1,http://www.reactome.org/biopax/96/56210#Control311,2133
1979,5|5732,6|5733,2,2,http://www.reactome.org/biopax/96/56210#BiochemicalReaction786,1,http://www.reactome.org/biopax/96/56210#Catalysis512,2134
1980,567|4017,619,2,1,http://www.reactome.org/biopax/96/56210#BiochemicalReaction1946,1,http://www.reactome.org/biopax/96/56210#Control180,2135
1981,149|3621,151,2,1,http://www.reactome.org/biopax/96/56210#BiochemicalReaction1002,1,http://www.reactome.org/biopax/96/56210#Control93,2136
1982,296|4087|4094,4086|4102,3,2,http://www.reactome.org/biopax/96/56210#BiochemicalReaction30,1,http://www.reactome.org/biopax/96/56210#Catalysis30,2137
1983,2623|5443,4530,2,1,http://www.reactome.org/biopax/96/56210#BiochemicalReaction2576,1,http://www.reactome.org/biopax/96/56210#Catalysis1439,2138
1984,2488|4319|4325|5713,4327|4460|5396,4,3,http://www.reactome.org/biopax/96/56210#BiochemicalReaction2440,1,http://www.reactome.org/biopax/96/56210#Catalysis1305,2139
1985,3993|5510|5764,4503|4541,3,2,http://www.reactome.org/biopax/96/56210#BiochemicalReaction2591,1,http://www.reactome.org/biopax/96/56210#Catalysis1454,2140
1986,2807|5538|5585,5413|5614,3,2,http://www.reactome.org/biopax/96/56210#BiochemicalReaction3145,1,http://www.reactome.org/biopax/96/56210#Catalysis1964,2141
1987,62|1718,1721|3030,2,2,http://www.reactome.org/biopax/96/56210#BiochemicalReaction4200,1,http://www.reactome.org/biopax/96/56210#Catalysis2516,2142
1988,3204|5321|5652,4209|5322,3,2,http://www.reactome.org/biopax/96/56210#BiochemicalReaction4803,1,http://www.reactome.org/biopax/96/56210#Catalysis2791,2143
1989,11|4553,12|4564,2,2,http://www.reactome.org/biopax/96/56210#BiochemicalReaction795,1,http://www.reactome.org/biopax/96/56210#Catalysis515,2144
1990,3739|3748|4348,3747|4679,3,2,http://www.reactome.org/biopax/96/56210#BiochemicalReaction97,1,http://www.reactome.org/biopax/96/56210#Catalysis68,2145
1991,1028|4828|5713,4460|5640,3,2,http://www.reactome.org/biopax/96/56210#BiochemicalReaction2965,1,http://www.reactome.org/biopax/96/56210#Catalysis1787,2146
1992,2353|5392,5390,2,1,http://www.reactome.org/biopax/96/56210#BiochemicalReaction619,1,http://www.reactome.org/biopax/96/56210#Catalysis422,2147
1993,2575|4587|5538,4586|4757,3,2,http://www.reactome.org/biopax/96/56210#BiochemicalReaction2660,1,http://www.reactome.org/biopax/96/56210#Catalysis1522,2148
1994,1044|4872|5538,4757|4873,3,2,http://www.reactome.org/biopax/96/56210#BiochemicalReaction3003,1,http://www.reactome.org/biopax/96/56210#Catalysis1825,2149
1995,2348|5616,5617,2,1,http://www.reactome.org/biopax/96/56210#BiochemicalReaction550,1,http://www.reactome.org/biopax/96/56210#Catalysis359,2150
1996,31|429|5422,429|5733,3,2,http://www.reactome.org/biopax/96/56210#BiochemicalReaction1532,1,http://www.reactome.org/biopax/96/56210#Catalysis800,2151
1997,3963|3965|4553,3964|4564,3,2,http://www.reactome.org/biopax/96/56210#BiochemicalReaction1974,1,http://www.reactome.org/biopax/96/56210#Catalysis989,2152
1998,942|3823|4291|5713,3822|4282,4,2,http://www.reactome.org/biopax/96/56210#BiochemicalReaction215,1,http://www.reactome.org/biopax/96/56210#Catalysis124,2153
1999,62|3510,3511|3512,2,2,http://www.reactome.org/biopax/96/56210#BiochemicalReaction874,1,http://www.reactome.org/biopax/96/56210#Catalysis560,2154
2000,1323|4348|5754,4679|5225,3,2,http://www.reactome.org/biopax/96/56210#BiochemicalReaction3498,1,http://www.reactome.org/biopax/96/56210#Catalysis2243,2155
2001,1167|5511|5741,5098|5513|5713,3,3,http://www.reactome.org/biopax/96/56210#BiochemicalReaction3246,1,http://www.reactome.org/biopax/96/56210#Catalysis2065,2156
2002,75|3909|4553,3907|4564,3,2,http://www.reactome.org/biopax/96/56210#BiochemicalReaction1833,1,http://www.reactome.org/biopax/96/56210#Catalysis908,2157
2003,3385|4821|5418|5573|5582,4821|5130|5418|5566,5,4,http://www.reactome.org/biopax/96/56210#BiochemicalReaction526,1,http://www.reactome.org/biopax/96/56210#Catalysis337,2158
2004,2168|5510,5538,2,1,http://www.reactome.org/biopax/96/56210#BiochemicalReaction577,1,http://www.reactome.org/biopax/96/56210#Catalysis385,2159
2005,166|1584|4348,1582|2523|4679,3,3,http://www.reactome.org/biopax/96/56210#BiochemicalReaction3899,1,http://www.reactome.org/biopax/96/56210#Catalysis2406,2160
2006,315|2199,2207|4757,2,2,http://www.reactome.org/biopax/96/56210#BiochemicalReaction1343,1,http://www.reactome.org/biopax/96/56210#Control138,2161
2007,3730|4123|5510,4124,3,1,http://www.reactome.org/biopax/96/56210#BiochemicalReaction2056,1,http://www.reactome.org/biopax/96/56210#Catalysis1040,2162
2008,224|4079|5496,4083|5664|5713,3,3,http://www.reactome.org/biopax/96/56210#BiochemicalReaction28,1,http://www.reactome.org/biopax/96/56210#Catalysis28,2164
2009,2059|5538,2060|2276,2,2,http://www.reactome.org/biopax/96/56210#BiochemicalReaction4886,1,http://www.reactome.org/biopax/96/56210#Catalysis2861,2165
2010,840|4376,4377,2,1,http://www.reactome.org/biopax/96/56210#BiochemicalReaction2472,1,http://www.reactome.org/biopax/96/56210#Catalysis1337,2166
2011,2090|3286|5510,3287,3,1,http://www.reactome.org/biopax/96/56210#BiochemicalReaction4978,1,http://www.reactome.org/biopax/96/56210#Catalysis2901,2167
2012,62|3529,3530|3531,2,2,http://www.reactome.org/biopax/96/56210#BiochemicalReaction881,1,http://www.reactome.org/biopax/96/56210#Catalysis566,2168
2013,2349|3402|4486,2179,3,1,http://www.reactome.org/biopax/96/56210#BiochemicalReaction595,1,http://www.reactome.org/biopax/96/56210#Control49,2169
2014,37|3258|3779,3257|3470,3,2,http://www.reactome.org/biopax/96/56210#BiochemicalReaction4854,1,http://www.reactome.org/biopax/96/56210#Catalysis2837,2170
2015,3004|5373|5538,5209,3,1,http://www.reactome.org/biopax/96/56210#BiochemicalReaction4078,1,http://www.reactome.org/biopax/96/56210#Catalysis2471,2171
2016,2074|3728|4497|4508,3729|4519|4527,4,3,http://www.reactome.org/biopax/96/56210#BiochemicalReaction75,1,http://www.reactome.org/biopax/96/56210#Catalysis60,2172
2017,3395|5637|5639,5640|5641,3,2,http://www.reactome.org/biopax/96/56210#BiochemicalReaction566,1,http://www.reactome.org/biopax/96/56210#Catalysis375,2174
2018,2593|4342,4343|5276,2,2,http://www.reactome.org/biopax/96/56210#BiochemicalReaction2449,1,http://www.reactome.org/biopax/96/56210#Catalysis1314,2175
2019,50|4575,51|3731,2,2,http://www.reactome.org/biopax/96/56210#BiochemicalReaction825,1,http://www.reactome.org/biopax/96/56210#Catalysis533,2176
2020,783|4679|5556|5713,4348|5474,4,2,http://www.reactome.org/biopax/96/56210#BiochemicalReaction2264,1,http://www.reactome.org/biopax/96/56210#Catalysis1141,2177
2021,928|4727,4629,2,1,http://www.reactome.org/biopax/96/56210#BiochemicalReaction2795,1,http://www.reactome.org/biopax/96/56210#Catalysis1647,2178
2022,2469|2544|5647,2470|5465|5645,3,3,http://www.reactome.org/biopax/96/56210#BiochemicalReaction2321,1,http://www.reactome.org/biopax/96/56210#Catalysis1196,2179
2023,2680|4203|4636,4637|4638|5551,3,3,http://www.reactome.org/biopax/96/56210#BiochemicalReaction2706,1,http://www.reactome.org/biopax/96/56210#Catalysis1564,2180
2024,2849|4422|5126|5358,5125|5127|5357,4,3,http://www.reactome.org/biopax/96/56210#BiochemicalReaction3269,1,http://www.reactome.org/biopax/96/56210#Catalysis2088,2181
2025,2248|2360,2236|2257|3739|3740,2,4,http://www.reactome.org/biopax/96/56210#BiochemicalReaction86,1,http://www.reactome.org/biopax/96/56210#Catalysis64,2182
2026,1722|1723|4348,1724|4679,3,2,http://www.reactome.org/biopax/96/56210#BiochemicalReaction4206,1,http://www.reactome.org/biopax/96/56210#Catalysis2521,2183
2027,2391|3758|5538,4348|5209|5713,3,3,http://www.reactome.org/biopax/96/56210#BiochemicalReaction1225,1,http://www.reactome.org/biopax/96/56210#Catalysis711,2184
2028,326|4160|4348,4171|4679,3,2,http://www.reactome.org/biopax/96/56210#BiochemicalReaction35,1,http://www.reactome.org/biopax/96/56210#Catalysis35,2185
2029,1177|4422|5124|5358,5122|5125|5357,4,3,http://www.reactome.org/biopax/96/56210#BiochemicalReaction3268,1,http://www.reactome.org/biopax/96/56210#Catalysis2087,2186
2030,1769|2279|3066,1770,3,1,http://www.reactome.org/biopax/96/56210#BiochemicalReaction4353,1,http://www.reactome.org/biopax/96/56210#Control406,2187
2031,2158|4821|5368|5568,5418|5567|5575,4,3,http://www.reactome.org/biopax/96/56210#BiochemicalReaction536,1,http://www.reactome.org/biopax/96/56210#Catalysis347,2188
2032,2674|4623|5661,4209|5465|5716,3,3,http://www.reactome.org/biopax/96/56210#BiochemicalReaction2693,1,http://www.reactome.org/biopax/96/56210#Catalysis1553,2189
2033,3426|5397|5413,5697|5713,3,2,http://www.reactome.org/biopax/96/56210#BiochemicalReaction647,1,http://www.reactome.org/biopax/96/56210#Catalysis444,2190
2034,3430|5454|5706,5707|5708,3,2,http://www.reactome.org/biopax/96/56210#BiochemicalReaction664,1,http://www.reactome.org/biopax/96/56210#Catalysis455,2191
2035,2499|4348|5718,4580|4679,3,2,http://www.reactome.org/biopax/96/56210#BiochemicalReaction2631,1,http://www.reactome.org/biopax/96/56210#Catalysis1494,2192
2036,691|1377,161,2,1,http://www.reactome.org/biopax/96/56210#BiochemicalReaction2082,1,http://www.reactome.org/biopax/96/56210#Control184,2193
2037,744|4035,747,2,1,http://www.reactome.org/biopax/96/56210#BiochemicalReaction2220,1,http://www.reactome.org/biopax/96/56210#Catalysis1099,2194
2038,1649|4433,1650|5386,2,2,http://www.reactome.org/biopax/96/56210#BiochemicalReaction4060,1,http://www.reactome.org/biopax/96/56210#Catalysis2459,2195
2039,3369|5544|5545,5489|5547,3,2,http://www.reactome.org/biopax/96/56210#BiochemicalReaction494,1,http://www.reactome.org/biopax/96/56210#Catalysis305,2197
2040,359|3937|4553,596|4564,3,2,http://www.reactome.org/biopax/96/56210#BiochemicalReaction1908,1,http://www.reactome.org/biopax/96/56210#Control178,2198
2041,2794|4945|5428,4416|5254|5430|5431,3,4,http://www.reactome.org/biopax/96/56210#BiochemicalReaction3089,1,http://www.reactome.org/biopax/96/56210#Catalysis1910,2199
2042,2762|4804|5405,4796|5404,3,2,http://www.reactome.org/biopax/96/56210#BiochemicalReaction2940,1,http://www.reactome.org/biopax/96/56210#Catalysis1766,2200
2043,2765|4679|4830,4348|4829,3,2,http://www.reactome.org/biopax/96/56210#BiochemicalReaction2967,1,http://www.reactome.org/biopax/96/56210#Catalysis1789,2201
2044,2272|4134|4291|5713,4132|4282,4,2,http://www.reactome.org/biopax/96/56210#BiochemicalReaction4264,1,http://www.reactome.org/biopax/96/56210#Catalysis2549,2202
2045,2494|4348|5394|5440,4319|4679|4757|5713,4,4,http://www.reactome.org/biopax/96/56210#BiochemicalReaction2485,1,http://www.reactome.org/biopax/96/56210#Catalysis1350,2203
2046,1131|4401|5039|5254,4402|5040|5750,4,3,http://www.reactome.org/biopax/96/56210#BiochemicalReaction3191,1,http://www.reactome.org/biopax/96/56210#Catalysis2010,2204
2047,259|4610,260|4619,2,2,http://www.reactome.org/biopax/96/56210#BiochemicalReaction1181,1,http://www.reactome.org/biopax/96/56210#Catalysis699,2205
2048,244|4348,245|4679,2,2,http://www.reactome.org/biopax/96/56210#BiochemicalReaction1161,1,http://www.reactome.org/biopax/96/56210#Catalysis690,2206
2049,253|3843|4553,261|4564,3,2,http://www.reactome.org/biopax/96/56210#BiochemicalReaction111,1,http://www.reactome.org/biopax/96/56210#Catalysis76,2207
2050,3811|4073|4575,4074|4577,3,2,http://www.reactome.org/biopax/96/56210#BiochemicalReaction1404,1,http://www.reactome.org/biopax/96/56210#Catalysis767,2208
2051,1216|5213|5714,5214,3,1,http://www.reactome.org/biopax/96/56210#BiochemicalReaction3348,1,http://www.reactome.org/biopax/96/56210#Catalysis2166,2209
2052,234|1617|4433,235|5386,3,2,http://www.reactome.org/biopax/96/56210#BiochemicalReaction3948,1,http://www.reactome.org/biopax/96/56210#Catalysis2434,2210
2053,4012|4148|5538,4149|4150|5713,3,3,http://www.reactome.org/biopax/96/56210#BiochemicalReaction2157,1,http://www.reactome.org/biopax/96/56210#Catalysis1079,2211
2054,2597|4092|4361|5167|5499,4363|5168|5492,5,3,http://www.reactome.org/biopax/96/56210#BiochemicalReaction3309,1,http://www.reactome.org/biopax/96/56210#Catalysis2127,2213
2055,1293|4348,1294|4679,2,2,http://www.reactome.org/biopax/96/56210#BiochemicalReaction3444,1,http://www.reactome.org/biopax/96/56210#Catalysis2225,2215
2056,2600|4144|4390,4391|5396,3,2,http://www.reactome.org/biopax/96/56210#BiochemicalReaction2479,1,http://www.reactome.org/biopax/96/56210#Catalysis1344,2216
2057,566|568|4553,567|4564,3,2,http://www.reactome.org/biopax/96/56210#BiochemicalReaction1866,-1,http://www.reactome.org/biopax/96/56210#Control173,2217
2058,738|4067|5660,744|5653|5713,3,3,http://www.reactome.org/biopax/96/56210#BiochemicalReaction2217,1,http://www.reactome.org/biopax/96/56210#Control197,2218
2059,2836|5102|5254|5602,5611|5713|5773,4,3,http://www.reactome.org/biopax/96/56210#BiochemicalReaction3250,1,http://www.reactome.org/biopax/96/56210#Catalysis2069,2219
2060,1243|4348,5236|5373,2,2,http://www.reactome.org/biopax/96/56210#BiochemicalReaction4067,1,http://www.reactome.org/biopax/96/56210#Control377,2221
2061,856|4467|5358,4468|5357,3,2,http://www.reactome.org/biopax/96/56210#BiochemicalReaction2526,1,http://www.reactome.org/biopax/96/56210#Catalysis1389,2222
2062,2571|4285|4348,4296|4679,3,2,http://www.reactome.org/biopax/96/56210#BiochemicalReaction2400,1,http://www.reactome.org/biopax/96/56210#Catalysis1267,2223
2063,4794|4798|5408,4781|4795,3,2,http://www.reactome.org/biopax/96/56210#BiochemicalReaction2898,-1,http://www.reactome.org/biopax/96/56210#Control271,2224
2064,16|4553,3463|4564,2,2,http://www.reactome.org/biopax/96/56210#BiochemicalReaction801,1,http://www.reactome.org/biopax/96/56210#Catalysis519,2225
2065,25|26|29|2359,27|28,4,2,http://www.reactome.org/biopax/96/56210#BiochemicalReaction810,1,http://www.reactome.org/biopax/96/56210#Control68,2226
2066,683|3828,3671,2,1,http://www.reactome.org/biopax/96/56210#BiochemicalReaction1470,1,http://www.reactome.org/biopax/96/56210#Catalysis791,2227
2067,141|2371|5538,2372|5209|5640|5657|5743,3,5,http://www.reactome.org/biopax/96/56210#BiochemicalReaction994,1,http://www.reactome.org/biopax/96/56210#Catalysis605,2229
2068,3773|3778|4553,3082|4564,3,2,http://www.reactome.org/biopax/96/56210#BiochemicalReaction4406,1,http://www.reactome.org/biopax/96/56210#Catalysis2600,2230
2069,536|2269|4433,537|5386,3,2,http://www.reactome.org/biopax/96/56210#BiochemicalReaction4544,1,http://www.reactome.org/biopax/96/56210#Catalysis2663,2231
2070,567|2421|4575,414|4577,3,2,http://www.reactome.org/biopax/96/56210#BiochemicalReaction1952,1,http://www.reactome.org/biopax/96/56210#Catalysis972,2232
2071,3719|4153,4160,2,1,http://www.reactome.org/biopax/96/56210#BiochemicalReaction34,1,http://www.reactome.org/biopax/96/56210#Catalysis34,2233
2072,2139|4348|5449|5538,4679|4757|5450,4,3,http://www.reactome.org/biopax/96/56210#BiochemicalReaction419,1,http://www.reactome.org/biopax/96/56210#Catalysis233,2234
2073,350|367|371,384,3,1,http://www.reactome.org/biopax/96/56210#BiochemicalReaction133,-1,http://www.reactome.org/biopax/96/56210#Control7,2235
2074,635|2169,633|3671,2,2,http://www.reactome.org/biopax/96/56210#BiochemicalReaction1969,1,http://www.reactome.org/biopax/96/56210#Catalysis984,2236
2075,2646|2655,900,2,1,http://www.reactome.org/biopax/96/56210#BiochemicalReaction2665,1,http://www.reactome.org/biopax/96/56210#Catalysis1527,2237
2076,414|648|4553,649|4564,3,2,http://www.reactome.org/biopax/96/56210#BiochemicalReaction1982,1,http://www.reactome.org/biopax/96/56210#Catalysis996,2238
2077,2318|3213|5332,3214|4209|5465,3,3,http://www.reactome.org/biopax/96/56210#BiochemicalReaction4813,1,http://www.reactome.org/biopax/96/56210#Catalysis2801,2239
2078,1121|2809|5013|5254,2810|5750,4,2,http://www.reactome.org/biopax/96/56210#BiochemicalReaction3163,1,http://www.reactome.org/biopax/96/56210#Catalysis1982,2240
2079,463|467|3848,468,3,1,http://www.reactome.org/biopax/96/56210#BiochemicalReaction1605,1,http://www.reactome.org/biopax/96/56210#Control160,2241
2080,2228|3452|4585,2229,3,1,http://www.reactome.org/biopax/96/56210#BiochemicalReaction738,1,http://www.reactome.org/biopax/96/56210#Control66,2242
2081,921|4348|4656,4657|4679|5713,3,3,http://www.reactome.org/biopax/96/56210#BiochemicalReaction2725,1,http://www.reactome.org/biopax/96/56210#Catalysis1582,2243
2082,1466|2972|4348,1471|4679,3,2,http://www.reactome.org/biopax/96/56210#BiochemicalReaction3757,1,http://www.reactome.org/biopax/96/56210#Catalysis2342,2244
2083,741|5660,742|5653|5713,2,3,http://www.reactome.org/biopax/96/56210#BiochemicalReaction2215,1,http://www.reactome.org/biopax/96/56210#Catalysis1094,2245
2084,354|4610,355|4619,2,2,http://www.reactome.org/biopax/96/56210#BiochemicalReaction1400,1,http://www.reactome.org/biopax/96/56210#Catalysis764,2246
2085,574|3930|4553,575|4564,3,2,http://www.reactome.org/biopax/96/56210#BiochemicalReaction1875,1,http://www.reactome.org/biopax/96/56210#Catalysis933,2247
2086,304|307|4553,306|4564,3,2,http://www.reactome.org/biopax/96/56210#BiochemicalReaction1319,1,http://www.reactome.org/biopax/96/56210#Catalysis729,2248
2087,146|4348,147|4679,2,2,http://www.reactome.org/biopax/96/56210#BiochemicalReaction999,1,http://www.reactome.org/biopax/96/56210#Catalysis609,2249
2088,2687|4622|5510,4651|5495,3,2,http://www.reactome.org/biopax/96/56210#BiochemicalReaction2717,1,http://www.reactome.org/biopax/96/56210#Catalysis1575,2250
2089,996|997,998|999|2749,2,3,http://www.reactome.org/biopax/96/56210#BiochemicalReaction2918,1,http://www.reactome.org/biopax/96/56210#Catalysis1751,2251
2090,1641|4348,1643|4679,2,2,http://www.reactome.org/biopax/96/56210#BiochemicalReaction3998,1,http://www.reactome.org/biopax/96/56210#Catalysis2452,2252
2091,104|3593|4553,106|5733,3,2,http://www.reactome.org/biopax/96/56210#BiochemicalReaction944,1,http://www.reactome.org/biopax/96/56210#Catalysis594,2253
2092,1958,1956|1957|1959|3153|5431,1,5,http://www.reactome.org/biopax/96/56210#BiochemicalReaction4710,1,http://www.reactome.org/biopax/96/56210#Catalysis2716,2256
2093,2598|4291|4445|5170|5713,4282|5171|5538,5,3,http://www.reactome.org/biopax/96/56210#BiochemicalReaction3311,1,http://www.reactome.org/biopax/96/56210#Catalysis2129,2257
2094,1227|5276|5750,4163|5254,3,2,http://www.reactome.org/biopax/96/56210#BiochemicalReaction3359,1,http://www.reactome.org/biopax/96/56210#Catalysis2177,2258
2095,1018|4806|5130|5538,4807|5229|5236,4,3,http://www.reactome.org/biopax/96/56210#BiochemicalReaction2944,1,http://www.reactome.org/biopax/96/56210#Catalysis1768,2259
2096,1368|4348,1275|4679,2,2,http://www.reactome.org/biopax/96/56210#BiochemicalReaction3586,1,http://www.reactome.org/biopax/96/56210#Catalysis2280,2260
2097,1649|3007|4433,1650|5386,3,2,http://www.reactome.org/biopax/96/56210#BiochemicalReaction4060,-1,http://www.reactome.org/biopax/96/56210#Control376,2261
2098,3087|3473|4575,3088|3731,3,2,http://www.reactome.org/biopax/96/56210#BiochemicalReaction4416,1,http://www.reactome.org/biopax/96/56210#Catalysis2604,2262
2099,75|1756,231,2,1,http://www.reactome.org/biopax/96/56210#BiochemicalReaction4311,1,http://www.reactome.org/biopax/96/56210#Control396,2263
2100,3341|5390|5440,5392|5441,3,2,http://www.reactome.org/biopax/96/56210#BiochemicalReaction452,1,http://www.reactome.org/biopax/96/56210#Catalysis264,2264
2101,2150|2169,3671,2,1,http://www.reactome.org/biopax/96/56210#BiochemicalReaction431,1,http://www.reactome.org/biopax/96/56210#Catalysis243,2265
2102,234|518|4433,235|5386,3,2,http://www.reactome.org/biopax/96/56210#BiochemicalReaction1737,1,http://www.reactome.org/biopax/96/56210#Catalysis873,2266
2103,1185|4445|5372|5580,5044|5142,4,2,http://www.reactome.org/biopax/96/56210#BiochemicalReaction3284,1,http://www.reactome.org/biopax/96/56210#Catalysis2103,2267
2104,3383|5229|5592,5595|5713,3,2,http://www.reactome.org/biopax/96/56210#BiochemicalReaction516,1,http://www.reactome.org/biopax/96/56210#Catalysis327,2268
2105,1246|2887|5223,1249|1255,3,2,http://www.reactome.org/biopax/96/56210#BiochemicalReaction3390,1,http://www.reactome.org/biopax/96/56210#Catalysis2194,2269
2106,1182|5135|5136|5397,5137|5780,4,2,http://www.reactome.org/biopax/96/56210#BiochemicalReaction3276,1,http://www.reactome.org/biopax/96/56210#Catalysis2095,2270
2107,3837|3839|5735,2754|4077|5736,3,3,http://www.reactome.org/biopax/96/56210#BiochemicalReaction1499,1,http://www.reactome.org/biopax/96/56210#Catalysis798,2271
2108,2773|4821|4909,4480|5418,3,2,http://www.reactome.org/biopax/96/56210#BiochemicalReaction3033,1,http://www.reactome.org/biopax/96/56210#Catalysis1855,2272
2109,452|453|455,454,3,1,http://www.reactome.org/biopax/96/56210#BiochemicalReaction1575,-1,http://www.reactome.org/biopax/96/56210#Control157,2273
2110,1707|3026|3671,3027,3,1,http://www.reactome.org/biopax/96/56210#BiochemicalReaction4184,1,http://www.reactome.org/biopax/96/56210#Catalysis2507,2274
2111,2215|2216|4348,2217|4679,3,2,http://www.reactome.org/biopax/96/56210#BiochemicalReaction696,1,http://www.reactome.org/biopax/96/56210#Catalysis472,2275
2112,2619|5510|5764,4503|4541,3,2,http://www.reactome.org/biopax/96/56210#BiochemicalReaction2590,-1,http://www.reactome.org/biopax/96/56210#Control232,2276
2113,4026|4030,4028,2,1,http://www.reactome.org/biopax/96/56210#BiochemicalReaction181,1,http://www.reactome.org/biopax/96/56210#Control16,2277
2114,2866|5186|5538,5531|5577,3,2,http://www.reactome.org/biopax/96/56210#BiochemicalReaction3324,1,http://www.reactome.org/biopax/96/56210#Catalysis2142,2278
2115,1442|4348,1443|4679,2,2,http://www.reactome.org/biopax/96/56210#BiochemicalReaction3723,1,http://www.reactome.org/biopax/96/56210#Catalysis2328,2279
2116,2382|3268,3433,2,1,http://www.reactome.org/biopax/96/56210#BiochemicalReaction4899,1,http://www.reactome.org/biopax/96/56210#Catalysis2870,2280
2117,1022|4818,4094|5538,2,2,http://www.reactome.org/biopax/96/56210#BiochemicalReaction2953,1,http://www.reactome.org/biopax/96/56210#Catalysis1777,2281
2118,2124|3311|3731,3312,3,1,http://www.reactome.org/biopax/96/56210#BiochemicalReaction393,1,http://www.reactome.org/biopax/96/56210#Catalysis219,2282
2119,1102|4978|4979|5253|5254,4980|4981|5276,5,3,http://www.reactome.org/biopax/96/56210#BiochemicalReaction3127,1,http://www.reactome.org/biopax/96/56210#Catalysis1946,2283
2120,187|190|4348,189|4679,3,2,http://www.reactome.org/biopax/96/56210#BiochemicalReaction1045,1,http://www.reactome.org/biopax/96/56210#Catalysis632,2284
2121,2264|4064|4821,5355|5418,3,2,http://www.reactome.org/biopax/96/56210#BiochemicalReaction1,1,http://www.reactome.org/biopax/96/56210#Catalysis1,2285
2122,2812|4392|5016,4322|5018,3,2,http://www.reactome.org/biopax/96/56210#BiochemicalReaction3166,1,http://www.reactome.org/biopax/96/56210#Catalysis1985,2286
2123,411|413|4553,412|4564,3,2,http://www.reactome.org/biopax/96/56210#BiochemicalReaction1461,1,http://www.reactome.org/biopax/96/56210#Catalysis788,2288
2124,1026|4348|5130|5440|5538,4679|4757|4823|5229|5713,5,5,http://www.reactome.org/biopax/96/56210#BiochemicalReaction2959,1,http://www.reactome.org/biopax/96/56210#Catalysis1782,2289
2125,679|2169,2129|3671,2,2,http://www.reactome.org/biopax/96/56210#BiochemicalReaction2037,1,http://www.reactome.org/biopax/96/56210#Catalysis1026,2290
2126,3364|5158,5233,2,1,http://www.reactome.org/biopax/96/56210#BiochemicalReaction3300,1,http://www.reactome.org/biopax/96/56210#Catalysis2119,2291
2127,2783|5396|5430,4322|4679,3,2,http://www.reactome.org/biopax/96/56210#BiochemicalReaction3048,1,http://www.reactome.org/biopax/96/56210#Catalysis1870,2292
2128,1495|4348|5754,4679|5370,3,2,http://www.reactome.org/biopax/96/56210#BiochemicalReaction3782,1,http://www.reactome.org/biopax/96/56210#Catalysis2353,2293
2129,1193|5152|5347,5154|5346,3,2,http://www.reactome.org/biopax/96/56210#BiochemicalReaction3293,1,http://www.reactome.org/biopax/96/56210#Catalysis2112,2294
2130,2570|4278|4553,4279|4564,3,2,http://www.reactome.org/biopax/96/56210#BiochemicalReaction2387,1,http://www.reactome.org/biopax/96/56210#Catalysis1254,2295
2131,2562|5276|5364,5365|5367,3,2,http://www.reactome.org/biopax/96/56210#BiochemicalReaction218,1,http://www.reactome.org/biopax/96/56210#Catalysis127,2297
2132,586|3934|4575,3786|4577,3,2,http://www.reactome.org/biopax/96/56210#BiochemicalReaction1892,1,http://www.reactome.org/biopax/96/56210#Catalysis938,2298
2133,927|4821|5514,5418|5516,3,2,http://www.reactome.org/biopax/96/56210#BiochemicalReaction2782,1,http://www.reactome.org/biopax/96/56210#Control239,2300
2134,3294|3844|5428,3293|5430,3,2,http://www.reactome.org/biopax/96/56210#BiochemicalReaction4996,1,http://www.reactome.org/biopax/96/56210#Catalysis2912,2301
2135,2588|4361|4365|4369,4095|4346|4363|4370|5492,4,5,http://www.reactome.org/biopax/96/56210#BiochemicalReaction2468,1,http://www.reactome.org/biopax/96/56210#Catalysis1333,2302
2136,1997|5297|5651,5298|5653,3,2,http://www.reactome.org/biopax/96/56210#BiochemicalReaction4783,1,http://www.reactome.org/biopax/96/56210#Catalysis2773,2303
2137,2864|3736,1204,2,1,http://www.reactome.org/biopax/96/56210#BiochemicalReaction3329,1,http://www.reactome.org/biopax/96/56210#Catalysis2147,2304
2138,1777|1778|4348,1782|4679,3,2,http://www.reactome.org/biopax/96/56210#BiochemicalReaction4362,-1,http://www.reactome.org/biopax/96/56210#Control409,2305
2139,655|3671,657,2,1,http://www.reactome.org/biopax/96/56210#BiochemicalReaction1991,1,http://www.reactome.org/biopax/96/56210#Catalysis1004,2306
2140,2571|4294|4348,4288|4679,3,2,http://www.reactome.org/biopax/96/56210#BiochemicalReaction2403,1,http://www.reactome.org/biopax/96/56210#Catalysis1270,2307
2141,2505|4348|4582,4584|4679,3,2,http://www.reactome.org/biopax/96/56210#BiochemicalReaction2649,1,http://www.reactome.org/biopax/96/56210#Catalysis1512,2308
2142,3876|4348|4554,4679|5754,3,2,http://www.reactome.org/biopax/96/56210#BiochemicalReaction4641,1,http://www.reactome.org/biopax/96/56210#Catalysis2687,2309
2143,142|144|5538,143|5746,3,2,http://www.reactome.org/biopax/96/56210#BiochemicalReaction998,1,http://www.reactome.org/biopax/96/56210#Catalysis608,2310
2144,1726|3785|4348,3035|4679,3,2,http://www.reactome.org/biopax/96/56210#BiochemicalReaction4222,1,http://www.reactome.org/biopax/96/56210#Catalysis2529,2311
2145,1977|3591|4497|4508,3170|4519|4527,4,3,http://www.reactome.org/biopax/96/56210#BiochemicalReaction4743,1,http://www.reactome.org/biopax/96/56210#Catalysis2733,2312
2146,1691|4821,5418,2,1,http://www.reactome.org/biopax/96/56210#BiochemicalReaction311,1,http://www.reactome.org/biopax/96/56210#Catalysis188,2313
2147,1102|4982|5254,4983|5750,3,2,http://www.reactome.org/biopax/96/56210#BiochemicalReaction3129,1,http://www.reactome.org/biopax/96/56210#Catalysis1948,2314
2148,72|1480|4348,1483|4679,3,2,http://www.reactome.org/biopax/96/56210#BiochemicalReaction3783,1,http://www.reactome.org/biopax/96/56210#Catalysis2354,2315
2149,488|5677,5369,2,1,http://www.reactome.org/biopax/96/56210#BiochemicalReaction1626,1,http://www.reactome.org/biopax/96/56210#Catalysis829,2317
2150,2824|5578,5055,2,1,http://www.reactome.org/biopax/96/56210#BiochemicalReaction3208,1,http://www.reactome.org/biopax/96/56210#Catalysis2027,2318
2151,1395|1441|2905|2929|2930|2933,1445,6,1,http://www.reactome.org/biopax/96/56210#BiochemicalReaction274,1,http://www.reactome.org/biopax/96/56210#Catalysis158,2319
2152,1421|4348,1423|4679,2,2,http://www.reactome.org/biopax/96/56210#BiochemicalReaction3702,1,http://www.reactome.org/biopax/96/56210#Catalysis2319,2320
2153,365|3812|4553,366|4564,3,2,http://www.reactome.org/biopax/96/56210#BiochemicalReaction1409,1,http://www.reactome.org/biopax/96/56210#Catalysis770,2321
2154,959|4450|5573,5229|5474,3,2,http://www.reactome.org/biopax/96/56210#BiochemicalReaction2866,1,http://www.reactome.org/biopax/96/56210#Catalysis1710,2322
2155,980|2732|5254|5404,2733|5750,4,2,http://www.reactome.org/biopax/96/56210#BiochemicalReaction2893,1,http://www.reactome.org/biopax/96/56210#Catalysis1735,2323
2156,3191|5258|5651,5297|5640,3,2,http://www.reactome.org/biopax/96/56210#BiochemicalReaction4782,1,http://www.reactome.org/biopax/96/56210#Catalysis2772,2324
2157,389|4593,391|4602,2,2,http://www.reactome.org/biopax/96/56210#BiochemicalReaction1437,1,http://www.reactome.org/biopax/96/56210#Catalysis777,2325
2158,2372|3610|5538,2373|5744,3,2,http://www.reactome.org/biopax/96/56210#BiochemicalReaction995,1,http://www.reactome.org/biopax/96/56210#Catalysis606,2326
2159,2064|5538,2065|2382,2,2,http://www.reactome.org/biopax/96/56210#BiochemicalReaction4890,1,http://www.reactome.org/biopax/96/56210#Catalysis2863,2327
2160,132|4031|4348,133|4679,3,2,http://www.reactome.org/biopax/96/56210#BiochemicalReaction975,1,http://www.reactome.org/biopax/96/56210#Catalysis598,2328
2161,848|4401|4429|5254,4402|4430,4,2,http://www.reactome.org/biopax/96/56210#BiochemicalReaction2506,1,http://www.reactome.org/biopax/96/56210#Catalysis1371,2330
2162,1055|4910,1056|4480,2,2,http://www.reactome.org/biopax/96/56210#BiochemicalReaction3034,1,http://www.reactome.org/biopax/96/56210#Catalysis1856,2331
2163,2813|5027|5276,4322|5028|5254,3,3,http://www.reactome.org/biopax/96/56210#BiochemicalReaction3176,1,http://www.reactome.org/biopax/96/56210#Catalysis1995,2332
2164,2950|2951|4593,3306|4602,3,2,http://www.reactome.org/biopax/96/56210#BiochemicalReaction3617,1,http://www.reactome.org/biopax/96/56210#Catalysis2294,2333
2165,846|4401|4414|5254,4402|4415,4,2,http://www.reactome.org/biopax/96/56210#BiochemicalReaction2496,1,http://www.reactome.org/biopax/96/56210#Catalysis1361,2334
2166,2354|5414,5369,2,1,http://www.reactome.org/biopax/96/56210#BiochemicalReaction625,1,http://www.reactome.org/biopax/96/56210#Catalysis428,2335
2167,1998|2000|5538,2305|5310,3,2,http://www.reactome.org/biopax/96/56210#BiochemicalReaction4794,1,http://www.reactome.org/biopax/96/56210#Catalysis2782,2336
2168,93,94,1,1,http://www.reactome.org/biopax/96/56210#BiochemicalReaction927,1,http://www.reactome.org/biopax/96/56210#Catalysis587,2337
2169,774|4174|5538,4066|4757,3,2,http://www.reactome.org/biopax/96/56210#BiochemicalReaction2244,1,http://www.reactome.org/biopax/96/56210#Catalysis1122,2338
2170,509|4100|5276,4101|5384|5431,3,3,http://www.reactome.org/biopax/96/56210#BiochemicalReaction1701,1,http://www.reactome.org/biopax/96/56210#Catalysis864,2339
2171,683|1741,1739|3731,2,2,http://www.reactome.org/biopax/96/56210#BiochemicalReaction4261,1,http://www.reactome.org/biopax/96/56210#Catalysis2546,2340
2172,2209|4348,2210|4679,2,2,http://www.reactome.org/biopax/96/56210#BiochemicalReaction690,1,http://www.reactome.org/biopax/96/56210#Catalysis468,2341
2173,1037|4575|4852,4104|4853|5733,3,3,http://www.reactome.org/biopax/96/56210#BiochemicalReaction2988,1,http://www.reactome.org/biopax/96/56210#Catalysis1810,2342
2174,2670|4646,5228,2,1,http://www.reactome.org/biopax/96/56210#BiochemicalReaction4317,1,http://www.reactome.org/biopax/96/56210#Catalysis2562,2343
2175,1252|1287,1286|2884,2,2,http://www.reactome.org/biopax/96/56210#BiochemicalReaction3433,1,http://www.reactome.org/biopax/96/56210#Catalysis2220,2344
2176,576|2414|4553,587|3935|4564,3,3,http://www.reactome.org/biopax/96/56210#BiochemicalReaction1893,1,http://www.reactome.org/biopax/96/56210#Catalysis939,2345
2177,75|3905|4553,3906|4564,3,2,http://www.reactome.org/biopax/96/56210#BiochemicalReaction1831,1,http://www.reactome.org/biopax/96/56210#Catalysis906,2346
2178,595|683,588|2125|3731,2,3,http://www.reactome.org/biopax/96/56210#BiochemicalReaction1907,1,http://www.reactome.org/biopax/96/56210#Catalysis945,2347
2179,931|4322|4749,4166,3,1,http://www.reactome.org/biopax/96/56210#BiochemicalReaction2824,1,http://www.reactome.org/biopax/96/56210#Catalysis1674,2348
2180,4053|4190|5660,4157|5638,3,2,http://www.reactome.org/biopax/96/56210#BiochemicalReaction2273,1,http://www.reactome.org/biopax/96/56210#Catalysis1150,2349
2181,42|5732,43|5733,2,2,http://www.reactome.org/biopax/96/56210#BiochemicalReaction820,1,http://www.reactome.org/biopax/96/56210#Catalysis530,2350
2182,824|2577,826,2,1,http://www.reactome.org/biopax/96/56210#BiochemicalReaction2426,1,http://www.reactome.org/biopax/96/56210#Catalysis1292,2351
2183,324|4553,325|4564,2,2,http://www.reactome.org/biopax/96/56210#BiochemicalReaction1366,1,http://www.reactome.org/biopax/96/56210#Catalysis744,2352
2184,2022|5538,2023|5333,2,2,http://www.reactome.org/biopax/96/56210#BiochemicalReaction4865,1,http://www.reactome.org/biopax/96/56210#Catalysis2843,2353
2185,942|4291|5080|5713,4282|5081|5538,4,3,http://www.reactome.org/biopax/96/56210#BiochemicalReaction3234,1,http://www.reactome.org/biopax/96/56210#Catalysis2053,2354
2186,884|4576|5538,4578|4757,3,2,http://www.reactome.org/biopax/96/56210#BiochemicalReaction2624,1,http://www.reactome.org/biopax/96/56210#Catalysis1487,2355
2187,2738|4401,2735,2,1,http://www.reactome.org/biopax/96/56210#BiochemicalReaction2903,1,http://www.reactome.org/biopax/96/56210#Catalysis1745,2356
2188,3657|4378|4454|4464,4453|4457|4466,4,3,http://www.reactome.org/biopax/96/56210#BiochemicalReaction2523,1,http://www.reactome.org/biopax/96/56210#Catalysis1386,2357
2189,1321,1331|2430,1,2,http://www.reactome.org/biopax/96/56210#BiochemicalReaction252,1,http://www.reactome.org/biopax/96/56210#Catalysis144,2358
2190,1078|4348|4936|5713,5236|5496,4,2,http://www.reactome.org/biopax/96/56210#BiochemicalReaction3081,1,http://www.reactome.org/biopax/96/56210#Catalysis1902,2359
2191,2301|2336|5635,2329|5653|5713,3,3,http://www.reactome.org/biopax/96/56210#BiochemicalReaction47,1,http://www.reactome.org/biopax/96/56210#Catalysis45,2360
2192,62|3422,3481|3482,2,2,http://www.reactome.org/biopax/96/56210#BiochemicalReaction862,1,http://www.reactome.org/biopax/96/56210#Catalysis548,2361
2193,836|4770|5538,4771,3,1,http://www.reactome.org/biopax/96/56210#BiochemicalReaction2833,1,http://www.reactome.org/biopax/96/56210#Catalysis1683,2362
2194,51|4553,53|4564|4577,2,3,http://www.reactome.org/biopax/96/56210#BiochemicalReaction826,1,http://www.reactome.org/biopax/96/56210#Catalysis534,2363
2195,1078|4348|4932|5713,4933|5236,4,2,http://www.reactome.org/biopax/96/56210#BiochemicalReaction3072,1,http://www.reactome.org/biopax/96/56210#Catalysis1893,2364
2196,4057|4200,4172|4201,2,2,http://www.reactome.org/biopax/96/56210#BiochemicalReaction2290,1,http://www.reactome.org/biopax/96/56210#Catalysis1167,2365
2197,868|4500|5538,4265|4757,3,2,http://www.reactome.org/biopax/96/56210#BiochemicalReaction2569,1,http://www.reactome.org/biopax/96/56210#Catalysis1432,2366
2198,287|4348,288|4679,2,2,http://www.reactome.org/biopax/96/56210#BiochemicalReaction1255,1,http://www.reactome.org/biopax/96/56210#Catalysis721,2367
2199,1148|4445|5067,4729|5068|5713,3,3,http://www.reactome.org/biopax/96/56210#BiochemicalReaction3218,1,http://www.reactome.org/biopax/96/56210#Catalysis2037,2368
2200,2219|5219|5538,5220|5696,3,2,http://www.reactome.org/biopax/96/56210#BiochemicalReaction3351,1,http://www.reactome.org/biopax/96/56210#Catalysis2169,2369
2201,586|3950|4593,625|4602,3,2,http://www.reactome.org/biopax/96/56210#BiochemicalReaction1953,1,http://www.reactome.org/biopax/96/56210#Catalysis973,2370
2202,1130|2732|5038|5254,2821|5750,4,2,http://www.reactome.org/biopax/96/56210#BiochemicalReaction3188,1,http://www.reactome.org/biopax/96/56210#Catalysis2007,2371
2203,1998|3200|5538,2306|5311,3,2,http://www.reactome.org/biopax/96/56210#BiochemicalReaction4795,1,http://www.reactome.org/biopax/96/56210#Catalysis2783,2372
2204,72|554|4348,555|556|4679,3,3,http://www.reactome.org/biopax/96/56210#BiochemicalReaction1841,1,http://www.reactome.org/biopax/96/56210#Catalysis913,2373
2205,62|3305,3486|3487,2,2,http://www.reactome.org/biopax/96/56210#BiochemicalReaction864,1,http://www.reactome.org/biopax/96/56210#Catalysis550,2374
2206,346|3874,350,2,1,http://www.reactome.org/biopax/96/56210#BiochemicalReaction131,1,http://www.reactome.org/biopax/96/56210#Catalysis88,2375
2207,519|3647|4348,520|4679,3,2,http://www.reactome.org/biopax/96/56210#BiochemicalReaction1741,1,http://www.reactome.org/biopax/96/56210#Catalysis874,2376
2208,2594|4344|4345,4346|4347,3,2,http://www.reactome.org/biopax/96/56210#BiochemicalReaction2450,1,http://www.reactome.org/biopax/96/56210#Catalysis1315,2377
2209,2969|2970|4154,1433,3,1,http://www.reactome.org/biopax/96/56210#BiochemicalReaction3717,1,http://www.reactome.org/biopax/96/56210#Control343,2378
2210,2732|5254|5404|5428,2733|5750,4,2,http://www.reactome.org/biopax/96/56210#BiochemicalReaction2893,1,http://www.reactome.org/biopax/96/56210#Control266,2379
2211,3731|3827|3830,3829,3,1,http://www.reactome.org/biopax/96/56210#BiochemicalReaction1471,1,http://www.reactome.org/biopax/96/56210#Catalysis792,2380
2212,3463|3917|4553,3919|4564,3,2,http://www.reactome.org/biopax/96/56210#BiochemicalReaction1855,1,http://www.reactome.org/biopax/96/56210#Catalysis919,2381
2213,4044|4175|5492,4176|5691,3,2,http://www.reactome.org/biopax/96/56210#BiochemicalReaction2248,1,http://www.reactome.org/biopax/96/56210#Catalysis1126,2382
2214,2971|3885|4154,1436,3,1,http://www.reactome.org/biopax/96/56210#BiochemicalReaction3719,1,http://www.reactome.org/biopax/96/56210#Control345,2383
2215,234|1407|4433,235|5386,3,2,http://www.reactome.org/biopax/96/56210#BiochemicalReaction3688,1,http://www.reactome.org/biopax/96/56210#Catalysis2311,2385
2216,32|370|373,374,3,1,http://www.reactome.org/biopax/96/56210#BiochemicalReaction1424,1,http://www.reactome.org/biopax/96/56210#Control145,2388
2217,3432|5538|5715,5449|5456,3,2,http://www.reactome.org/biopax/96/56210#BiochemicalReaction670,1,http://www.reactome.org/biopax/96/56210#Catalysis458,2389
2218,2288|3644|3671,3089,3,1,http://www.reactome.org/biopax/96/56210#BiochemicalReaction4418,1,http://www.reactome.org/biopax/96/56210#Catalysis2605,2390
2219,2145|4348|5459|5538,4679|4757|5460,4,3,http://www.reactome.org/biopax/96/56210#BiochemicalReaction424,1,http://www.reactome.org/biopax/96/56210#Catalysis238,2391
2220,3079|3644|3671,3090,3,1,http://www.reactome.org/biopax/96/56210#BiochemicalReaction4419,1,http://www.reactome.org/biopax/96/56210#Catalysis2606,2392
2221,4106|4348|4806|5538|5543,4679|4757|4932|5236,5,4,http://www.reactome.org/biopax/96/56210#BiochemicalReaction3075,1,http://www.reactome.org/biopax/96/56210#Control307,2393
2222,2169|5763,5758|5759,2,2,http://www.reactome.org/biopax/96/56210#BiochemicalReaction1065,1,http://www.reactome.org/biopax/96/56210#Catalysis642,2394
2223,1335|4348,1336|4679,2,2,http://www.reactome.org/biopax/96/56210#BiochemicalReaction3519,1,http://www.reactome.org/biopax/96/56210#Catalysis2255,2396
2224,977|4799,978|5673,2,2,http://www.reactome.org/biopax/96/56210#BiochemicalReaction2901,1,http://www.reactome.org/biopax/96/56210#Catalysis1743,2397
2225,1314|4348,1315|4679,2,2,http://www.reactome.org/biopax/96/56210#BiochemicalReaction3485,1,http://www.reactome.org/biopax/96/56210#Catalysis2238,2398
2226,2691|4663|5538,4664|4757|5713,3,3,http://www.reactome.org/biopax/96/56210#BiochemicalReaction2734,1,http://www.reactome.org/biopax/96/56210#Catalysis1590,2399
2227,149|3635,151,2,1,http://www.reactome.org/biopax/96/56210#BiochemicalReaction1002,1,http://www.reactome.org/biopax/96/56210#Control109,2400
2228,234|1531|4433,235|5386,3,2,http://www.reactome.org/biopax/96/56210#BiochemicalReaction3823,1,http://www.reactome.org/biopax/96/56210#Catalysis2374,2401
2229,811|4203|4249,4248|4250,3,2,http://www.reactome.org/biopax/96/56210#BiochemicalReaction2362,1,http://www.reactome.org/biopax/96/56210#Catalysis1229,2402
2230,1395|1461|1470|2905|2929|2930|2933|2959,1476,8,1,http://www.reactome.org/biopax/96/56210#BiochemicalReaction278,1,http://www.reactome.org/biopax/96/56210#Control34,2405
2231,791|4193,4195,2,1,http://www.reactome.org/biopax/96/56210#BiochemicalReaction2280,1,http://www.reactome.org/biopax/96/56210#Catalysis1157,2406
2232,3393|4821|5620,5418|5622,3,2,http://www.reactome.org/biopax/96/56210#BiochemicalReaction553,1,http://www.reactome.org/biopax/96/56210#Catalysis362,2407
2233,37|2707|3777,2706|3470,3,2,http://www.reactome.org/biopax/96/56210#BiochemicalReaction2807,1,http://www.reactome.org/biopax/96/56210#Catalysis1658,2408
2234,72|1503|4348,1507|4679,3,2,http://www.reactome.org/biopax/96/56210#BiochemicalReaction3811,1,http://www.reactome.org/biopax/96/56210#Catalysis2368,2409
2235,334|3873|4553,338|4564,3,2,http://www.reactome.org/biopax/96/56210#BiochemicalReaction130,1,http://www.reactome.org/biopax/96/56210#Catalysis87,2410
2236,815|4348|5756,4266|4679|5713,3,3,http://www.reactome.org/biopax/96/56210#BiochemicalReaction2373,1,http://www.reactome.org/biopax/96/56210#Catalysis1240,2411
2237,1032|3822|4843,3823|4844|5538,3,3,http://www.reactome.org/biopax/96/56210#BiochemicalReaction2981,1,http://www.reactome.org/biopax/96/56210#Catalysis1803,2412
2238,1244|4553,1245|4564,2,2,http://www.reactome.org/biopax/96/56210#BiochemicalReaction3380,1,http://www.reactome.org/biopax/96/56210#Catalysis2186,2413
2239,2784|2785|5396,2582|5648,3,2,http://www.reactome.org/biopax/96/56210#BiochemicalReaction3049,1,http://www.reactome.org/biopax/96/56210#Catalysis1871,2414
2240,829|4348|5396|5554,4167|4679|4757|5394,4,4,http://www.reactome.org/biopax/96/56210#BiochemicalReaction2429,1,http://www.reactome.org/biopax/96/56210#Catalysis1295,2415
2241,2351|5392,5390,2,1,http://www.reactome.org/biopax/96/56210#BiochemicalReaction610,1,http://www.reactome.org/biopax/96/56210#Catalysis414,2416
2242,2508|4621|5538,4651|4757,3,2,http://www.reactome.org/biopax/96/56210#BiochemicalReaction2716,1,http://www.reactome.org/biopax/96/56210#Catalysis1574,2417
2243,2065|2364,2066,2,1,http://www.reactome.org/biopax/96/56210#BiochemicalReaction4891,1,http://www.reactome.org/biopax/96/56210#Catalysis2864,2418
2244,2333|5441|5473,5440|5698,3,2,http://www.reactome.org/biopax/96/56210#BiochemicalReaction446,1,http://www.reactome.org/biopax/96/56210#Catalysis258,2419
2245,1995|4080|5289,5290|5733,3,2,http://www.reactome.org/biopax/96/56210#BiochemicalReaction4777,1,http://www.reactome.org/biopax/96/56210#Catalysis2767,2420
2246,1401|4348,1403|4679,2,2,http://www.reactome.org/biopax/96/56210#BiochemicalReaction3680,1,http://www.reactome.org/biopax/96/56210#Catalysis2308,2421
2247,871|4524|5510,4503|4525,3,2,http://www.reactome.org/biopax/96/56210#BiochemicalReaction2574,1,http://www.reactome.org/biopax/96/56210#Catalysis1437,2422
2248,454|4593,456|4602,2,2,http://www.reactome.org/biopax/96/56210#BiochemicalReaction1576,1,http://www.reactome.org/biopax/96/56210#Catalysis816,2423
2249,4348|5616,5617,2,1,http://www.reactome.org/biopax/96/56210#BiochemicalReaction542,-1,http://www.reactome.org/biopax/96/56210#Control48,2424
2250,2532|4821|5627,5418|5628,3,2,http://www.reactome.org/biopax/96/56210#BiochemicalReaction555,1,http://www.reactome.org/biopax/96/56210#Catalysis364,2425
2251,298|2930|3771,297,3,1,http://www.reactome.org/biopax/96/56210#BiochemicalReaction1299,-1,http://www.reactome.org/biopax/96/56210#Control135,2426
2252,665|3956|4553,667|4564,3,2,http://www.reactome.org/biopax/96/56210#BiochemicalReaction2017,1,http://www.reactome.org/biopax/96/56210#Catalysis1015,2427
2253,944|4348|5473,945|946,3,2,http://www.reactome.org/biopax/96/56210#BiochemicalReaction2846,-1,http://www.reactome.org/biopax/96/56210#Control241,2428
2254,32|359|4553,2126|4564,3,2,http://www.reactome.org/biopax/96/56210#BiochemicalReaction1910,1,http://www.reactome.org/biopax/96/56210#Catalysis948,2429
2255,965|4166|5428,966|5254|5430,3,3,http://www.reactome.org/biopax/96/56210#BiochemicalReaction2880,1,http://www.reactome.org/biopax/96/56210#Control260,2430
2256,1214|4348|5198|5741,4679|4757|5714,4,3,http://www.reactome.org/biopax/96/56210#BiochemicalReaction3340,1,http://www.reactome.org/biopax/96/56210#Catalysis2158,2431
2257,3410|4291|4674|5713,4282|4676,4,2,http://www.reactome.org/biopax/96/56210#BiochemicalReaction2747,1,http://www.reactome.org/biopax/96/56210#Catalysis1601,2432
2258,411|414|4553,412|4564,3,2,http://www.reactome.org/biopax/96/56210#BiochemicalReaction1462,1,http://www.reactome.org/biopax/96/56210#Catalysis789,2433
2259,1203|3736,1202,2,1,http://www.reactome.org/biopax/96/56210#BiochemicalReaction3328,1,http://www.reactome.org/biopax/96/56210#Catalysis2146,2434
2260,3585|3742|4154,729,3,1,http://www.reactome.org/biopax/96/56210#BiochemicalReaction2187,1,http://www.reactome.org/biopax/96/56210#Control196,2435
2261,3360|4821|5505,5418|5506,3,2,http://www.reactome.org/biopax/96/56210#BiochemicalReaction477,-1,http://www.reactome.org/biopax/96/56210#Control46,2436
2262,810|4203|4247,4248|4249,3,2,http://www.reactome.org/biopax/96/56210#BiochemicalReaction2361,1,http://www.reactome.org/biopax/96/56210#Catalysis1228,2437
2263,2652|4586,895,2,1,http://www.reactome.org/biopax/96/56210#BiochemicalReaction2658,1,http://www.reactome.org/biopax/96/56210#Catalysis1520,2438
2264,3639|4685,4686,2,1,http://www.reactome.org/biopax/96/56210#BiochemicalReaction2753,1,http://www.reactome.org/biopax/96/56210#Catalysis1607,2439
2265,149|3632,151,2,1,http://www.reactome.org/biopax/96/56210#BiochemicalReaction1002,1,http://www.reactome.org/biopax/96/56210#Control105,2440
2266,2745|2746|4797,2540,3,1,http://www.reactome.org/biopax/96/56210#BiochemicalReaction2915,1,http://www.reactome.org/biopax/96/56210#Catalysis1748,2441
2267,1722|3033|4348,3032|4679,3,2,http://www.reactome.org/biopax/96/56210#BiochemicalReaction4210,1,http://www.reactome.org/biopax/96/56210#Catalysis2525,2442
2268,2007|5397|5406,5436|5713,3,2,http://www.reactome.org/biopax/96/56210#BiochemicalReaction12,1,http://www.reactome.org/biopax/96/56210#Catalysis12,2443
2269,971|2727|5276|5407,2730|4786|4787,4,3,http://www.reactome.org/biopax/96/56210#BiochemicalReaction2882,1,http://www.reactome.org/biopax/96/56210#Catalysis1725,2444
2270,819|4305|5538,4306|4757,3,2,http://www.reactome.org/biopax/96/56210#BiochemicalReaction2412,1,http://www.reactome.org/biopax/96/56210#Catalysis1279,2445
2271,301|2393|5422,2393,3,1,http://www.reactome.org/biopax/96/56210#BiochemicalReaction1308,1,http://www.reactome.org/biopax/96/56210#Control136,2446
2272,1763|3060|4144,3061|5396,3,2,http://www.reactome.org/biopax/96/56210#BiochemicalReaction4331,1,http://www.reactome.org/biopax/96/56210#Catalysis2568,2447
2273,1836|4348,3109|3927|4679,2,3,http://www.reactome.org/biopax/96/56210#BiochemicalReaction4487,1,http://www.reactome.org/biopax/96/56210#Catalysis2636,2448
2274,1684|4348,1685|4679,2,2,http://www.reactome.org/biopax/96/56210#BiochemicalReaction4134,1,http://www.reactome.org/biopax/96/56210#Catalysis2491,2450
2275,1656|5373|5538,5209|5713,3,2,http://www.reactome.org/biopax/96/56210#BiochemicalReaction4069,1,http://www.reactome.org/biopax/96/56210#Catalysis2464,2451
2276,2005|3233|3472,3234|3470,3,2,http://www.reactome.org/biopax/96/56210#BiochemicalReaction4833,1,http://www.reactome.org/biopax/96/56210#Catalysis2816,2452
2277,1136|5046|5229,4450|5591,3,2,http://www.reactome.org/biopax/96/56210#BiochemicalReaction3198,1,http://www.reactome.org/biopax/96/56210#Catalysis2017,2455
2278,3391|5616,5617,2,1,http://www.reactome.org/biopax/96/56210#BiochemicalReaction542,1,http://www.reactome.org/biopax/96/56210#Control47,2456
2279,1251|1252,2875,2,1,http://www.reactome.org/biopax/96/56210#BiochemicalReaction3397,1,http://www.reactome.org/biopax/96/56210#Catalysis2201,2457
2280,796|5320|5643,2313,3,1,http://www.reactome.org/biopax/96/56210#BiochemicalReaction4809,1,http://www.reactome.org/biopax/96/56210#Catalysis2797,2458
2281,1395|1441|2905|2929|2930|2933|2935,1445,7,1,http://www.reactome.org/biopax/96/56210#BiochemicalReaction274,1,http://www.reactome.org/biopax/96/56210#Control31,2459
2282,62|3483,3484|3485,2,2,http://www.reactome.org/biopax/96/56210#BiochemicalReaction863,1,http://www.reactome.org/biopax/96/56210#Catalysis549,2460
2283,529|4348,530|4679,2,2,http://www.reactome.org/biopax/96/56210#BiochemicalReaction1768,1,http://www.reactome.org/biopax/96/56210#Catalysis882,2461
2284,980|2733|4322,2734|4753,3,2,http://www.reactome.org/biopax/96/56210#BiochemicalReaction2894,1,http://www.reactome.org/biopax/96/56210#Catalysis1736,2462
2285,2635|4438|4567,4322|4566,3,2,http://www.reactome.org/biopax/96/56210#BiochemicalReaction2610,1,http://www.reactome.org/biopax/96/56210#Catalysis1473,2463
2286,3371|5550|5551,5552|5713,3,2,http://www.reactome.org/biopax/96/56210#BiochemicalReaction496,1,http://www.reactome.org/biopax/96/56210#Catalysis307,2464
2287,565|3924|4553,3468|4564,3,2,http://www.reactome.org/biopax/96/56210#BiochemicalReaction1862,1,http://www.reactome.org/biopax/96/56210#Catalysis926,2466
2288,462|4553,3845|3846|4564,2,3,http://www.reactome.org/biopax/96/56210#BiochemicalReaction1604,1,http://www.reactome.org/biopax/96/56210#Catalysis823,2467
2289,276|4084|5538,4085|4086,3,2,http://www.reactome.org/biopax/96/56210#BiochemicalReaction29,1,http://www.reactome.org/biopax/96/56210#Catalysis29,2468
2290,98|3592,99,2,1,http://www.reactome.org/biopax/96/56210#BiochemicalReaction941,1,http://www.reactome.org/biopax/96/56210#Catalysis591,2469
2291,2700|4821|5514,5418|5516,3,2,http://www.reactome.org/biopax/96/56210#BiochemicalReaction2786,1,http://www.reactome.org/biopax/96/56210#Catalysis1638,2470
2292,32|621|4553,566|4564,3,2,http://www.reactome.org/biopax/96/56210#BiochemicalReaction1945,1,http://www.reactome.org/biopax/96/56210#Catalysis969,2471
2293,597|4553,2126|3938|4564,2,3,http://www.reactome.org/biopax/96/56210#BiochemicalReaction1912,1,http://www.reactome.org/biopax/96/56210#Catalysis949,2472
2294,2133|5428,2133|5430|5431,2,3,http://www.reactome.org/biopax/96/56210#BiochemicalReaction409,1,http://www.reactome.org/biopax/96/56210#Catalysis226,2473
2295,3384|4821|5418|5570|5596,4821|5418|5578|5597,5,4,http://www.reactome.org/biopax/96/56210#BiochemicalReaction523,1,http://www.reactome.org/biopax/96/56210#Catalysis334,2474
2296,5276|5429|5437,5431,3,1,http://www.reactome.org/biopax/96/56210#BiochemicalReaction3361,1,http://www.reactome.org/biopax/96/56210#Control333,2475
2297,559|4104|4553,4105|5733,3,2,http://www.reactome.org/biopax/96/56210#BiochemicalReaction1845,1,http://www.reactome.org/biopax/96/56210#Catalysis916,2476
2298,4184|4348|5387,4185|4679|5713,3,3,http://www.reactome.org/biopax/96/56210#BiochemicalReaction2267,1,http://www.reactome.org/biopax/96/56210#Control218,2477
2299,279|295|4497,277|4519,3,2,http://www.reactome.org/biopax/96/56210#BiochemicalReaction121,1,http://www.reactome.org/biopax/96/56210#Catalysis82,2478
2300,3965|3966|4553,3967|4564,3,2,http://www.reactome.org/biopax/96/56210#BiochemicalReaction1975,1,http://www.reactome.org/biopax/96/56210#Catalysis990,2480
2301,686|4125|5510,4126|5495,3,2,http://www.reactome.org/biopax/96/56210#BiochemicalReaction2057,1,http://www.reactome.org/biopax/96/56210#Catalysis1041,2481
2302,1061|4348|4916,4679|5371|5713,3,3,http://www.reactome.org/biopax/96/56210#BiochemicalReaction3041,1,http://www.reactome.org/biopax/96/56210#Catalysis1863,2482
2303,1338|2928,2910|4577,2,2,http://www.reactome.org/biopax/96/56210#BiochemicalReaction3527,1,http://www.reactome.org/biopax/96/56210#Catalysis2258,2483
2304,2710|4291|4498|5713,4282|4747,4,2,http://www.reactome.org/biopax/96/56210#BiochemicalReaction2815,1,http://www.reactome.org/biopax/96/56210#Catalysis1665,2484
2305,357|360|4575,358|4072,3,2,http://www.reactome.org/biopax/96/56210#BiochemicalReaction1402,1,http://www.reactome.org/biopax/96/56210#Catalysis766,2485
2306,960|4167|5713,4460|5474,3,2,http://www.reactome.org/biopax/96/56210#BiochemicalReaction2868,1,http://www.reactome.org/biopax/96/56210#Catalysis1712,2486
2307,523|3883|3884|4433,524|4757|5386,4,3,http://www.reactome.org/biopax/96/56210#BiochemicalReaction1757,1,http://www.reactome.org/biopax/96/56210#Catalysis877,2487
2308,917|4642|5492,4611|4643|5713,3,3,http://www.reactome.org/biopax/96/56210#BiochemicalReaction2709,1,http://www.reactome.org/biopax/96/56210#Catalysis1567,2488
2309,812|5538|5754,5416|5713|5756,3,3,http://www.reactome.org/biopax/96/56210#BiochemicalReaction2370,1,http://www.reactome.org/biopax/96/56210#Catalysis1237,2489
2310,1479|2990|5395|5398,1489|5713,4,2,http://www.reactome.org/biopax/96/56210#BiochemicalReaction282,1,http://www.reactome.org/biopax/96/56210#Catalysis165,2490
2311,3385|4821|5130|5418|5566,4821|5418|5573|5582,5,4,http://www.reactome.org/biopax/96/56210#BiochemicalReaction525,1,http://www.reactome.org/biopax/96/56210#Catalysis336,2492
2312,2774|2782|4348,2775|4679,3,2,http://www.reactome.org/biopax/96/56210#BiochemicalReaction245,1,http://www.reactome.org/biopax/96/56210#Control24,2493
2313,813|5538|5754,5416|5713|5756,3,3,http://www.reactome.org/biopax/96/56210#BiochemicalReaction2371,1,http://www.reactome.org/biopax/96/56210#Catalysis1238,2494
2314,1243|1658|3006,1657,3,1,http://www.reactome.org/biopax/96/56210#BiochemicalReaction4070,-1,http://www.reactome.org/biopax/96/56210#Control379,2495
2315,1102|4986|5512,4795|5254|5509,3,3,http://www.reactome.org/biopax/96/56210#BiochemicalReaction3132,1,http://www.reactome.org/biopax/96/56210#Catalysis1951,2496
2316,2177|5713,5670,2,1,http://www.reactome.org/biopax/96/56210#BiochemicalReaction3864,1,http://www.reactome.org/biopax/96/56210#Catalysis2392,2497
2317,3439|5721,5722,2,1,http://www.reactome.org/biopax/96/56210#BiochemicalReaction681,1,http://www.reactome.org/biopax/96/56210#Catalysis463,2498
2318,757|5209,760,2,1,http://www.reactome.org/biopax/96/56210#BiochemicalReaction2229,1,http://www.reactome.org/biopax/96/56210#Catalysis1108,2499
2319,532|3098|4433,515|5386,3,2,http://www.reactome.org/biopax/96/56210#BiochemicalReaction4427,1,http://www.reactome.org/biopax/96/56210#Catalysis2613,2500
2320,1814|4433,1815|5386,2,2,http://www.reactome.org/biopax/96/56210#BiochemicalReaction4452,1,http://www.reactome.org/biopax/96/56210#Catalysis2625,2501
2321,1125|5024|5254|5409,5023|5407,4,2,http://www.reactome.org/biopax/96/56210#BiochemicalReaction3173,1,http://www.reactome.org/biopax/96/56210#Catalysis1992,2502
2322,2853|5458,5227,2,1,http://www.reactome.org/biopax/96/56210#BiochemicalReaction3295,1,http://www.reactome.org/biopax/96/56210#Catalysis2114,2503
2323,457|4593,458|4602,2,2,http://www.reactome.org/biopax/96/56210#BiochemicalReaction1577,1,http://www.reactome.org/biopax/96/56210#Catalysis817,2504
2324,1618|4348|5754,4679|5370,3,2,http://www.reactome.org/biopax/96/56210#BiochemicalReaction3949,1,http://www.reactome.org/biopax/96/56210#Catalysis2435,2506
2325,830|4291|4319|5394|5713,4282|4460|5396|5538|5666,5,5,http://www.reactome.org/biopax/96/56210#BiochemicalReaction2434,1,http://www.reactome.org/biopax/96/56210#Catalysis1299,2507
2326,1831|4497|4508,1832|3110|4519|4527|5226,3,5,http://www.reactome.org/biopax/96/56210#BiochemicalReaction4482,1,http://www.reactome.org/biopax/96/56210#Catalysis2633,2508
2327,1045|4874|5510,4876|5495,3,2,http://www.reactome.org/biopax/96/56210#BiochemicalReaction3004,1,http://www.reactome.org/biopax/96/56210#Catalysis1826,2509
2328,821|4312,4311,2,1,http://www.reactome.org/biopax/96/56210#BiochemicalReaction2418,1,http://www.reactome.org/biopax/96/56210#Catalysis1285,2511
2329,1127|5574|5713,4460|5498,3,2,http://www.reactome.org/biopax/96/56210#BiochemicalReaction3180,1,http://www.reactome.org/biopax/96/56210#Catalysis1999,2512
2330,2316|3212|4099,2317|4098,3,2,http://www.reactome.org/biopax/96/56210#BiochemicalReaction4812,1,http://www.reactome.org/biopax/96/56210#Catalysis2800,2513
2331,1603|3667|3671,1605,3,1,http://www.reactome.org/biopax/96/56210#BiochemicalReaction3928,1,http://www.reactome.org/biopax/96/56210#Catalysis2425,2514
2332,1012|4167|5229,4450|5614,3,2,http://www.reactome.org/biopax/96/56210#BiochemicalReaction3144,1,http://www.reactome.org/biopax/96/56210#Catalysis1963,2515
2333,1637|5538,2998|3791|4757,2,3,http://www.reactome.org/biopax/96/56210#BiochemicalReaction3985,1,http://www.reactome.org/biopax/96/56210#Catalysis2447,2516
2334,982|4156|4753|5431,4322|5365|5408,4,3,http://www.reactome.org/biopax/96/56210#BiochemicalReaction2897,1,http://www.reactome.org/biopax/96/56210#Catalysis1739,2517
2335,149|3630,151,2,1,http://www.reactome.org/biopax/96/56210#BiochemicalReaction1002,1,http://www.reactome.org/biopax/96/56210#Control100,2518
2336,2763|4348|4807|5741,4679|4757|4808|5713,4,4,http://www.reactome.org/biopax/96/56210#BiochemicalReaction2945,1,http://www.reactome.org/biopax/96/56210#Catalysis1769,2519
2337,1039|4806|5629,5209|5236,3,2,http://www.reactome.org/biopax/96/56210#BiochemicalReaction2990,1,http://www.reactome.org/biopax/96/56210#Catalysis1812,2520
2338,2497|4510,4149|4265,2,2,http://www.reactome.org/biopax/96/56210#BiochemicalReaction2563,1,http://www.reactome.org/biopax/96/56210#Catalysis1426,2521
2339,2713|4348|5396|5449,4448|5209|5236,4,3,http://www.reactome.org/biopax/96/56210#BiochemicalReaction2839,1,http://www.reactome.org/biopax/96/56210#Catalysis1689,2522
2340,550|4348,551|4679,2,2,http://www.reactome.org/biopax/96/56210#BiochemicalReaction1806,1,http://www.reactome.org/biopax/96/56210#Catalysis899,2523
2341,4782|4783|4784,4784|4785|5254,3,3,http://www.reactome.org/biopax/96/56210#BiochemicalReaction2878,-1,http://www.reactome.org/biopax/96/56210#Control256,2524
2342,2665|2668|4348,2667|4679|5713,3,3,http://www.reactome.org/biopax/96/56210#BiochemicalReaction2683,1,http://www.reactome.org/biopax/96/56210#Catalysis1544,2525
2343,2857|4092|4361|5161|5499,4363|5162|5492,5,3,http://www.reactome.org/biopax/96/56210#BiochemicalReaction3305,1,http://www.reactome.org/biopax/96/56210#Catalysis2123,2526
2344,1841,532|3113|4757,1,3,http://www.reactome.org/biopax/96/56210#BiochemicalReaction4506,1,http://www.reactome.org/biopax/96/56210#Catalysis2642,2527
2345,1850|4821,5418,2,1,http://www.reactome.org/biopax/96/56210#BiochemicalReaction323,1,http://www.reactome.org/biopax/96/56210#Catalysis194,2528
2346,685|4119|5510,4120|5616,3,2,http://www.reactome.org/biopax/96/56210#BiochemicalReaction2054,1,http://www.reactome.org/biopax/96/56210#Catalysis1038,2529
2347,2152|4450|5547,5404|5545,3,2,http://www.reactome.org/biopax/96/56210#BiochemicalReaction500,1,http://www.reactome.org/biopax/96/56210#Catalysis311,2530
2348,3421|5695,4460,2,1,http://www.reactome.org/biopax/96/56210#BiochemicalReaction632,1,http://www.reactome.org/biopax/96/56210#Catalysis432,2531
2349,3388|5571,5580,2,1,http://www.reactome.org/biopax/96/56210#BiochemicalReaction3210,1,http://www.reactome.org/biopax/96/56210#Catalysis2029,2533
2350,789|2540|5253|5254,2541|5266|5276,4,3,http://www.reactome.org/biopax/96/56210#BiochemicalReaction202,-1,http://www.reactome.org/biopax/96/56210#Control21,2534
2351,4013|4348|5416,4151|4679,3,2,http://www.reactome.org/biopax/96/56210#BiochemicalReaction2158,1,http://www.reactome.org/biopax/96/56210#Catalysis1080,2535
2352,229|3815|4553,3817|4564,3,2,http://www.reactome.org/biopax/96/56210#BiochemicalReaction105,1,http://www.reactome.org/biopax/96/56210#Catalysis74,2536
2353,3365|4821|5528,5418|5529,3,2,http://www.reactome.org/biopax/96/56210#BiochemicalReaction488,1,http://www.reactome.org/biopax/96/56210#Catalysis299,2537
2354,965|4164|5428,966|5254|5430,3,3,http://www.reactome.org/biopax/96/56210#BiochemicalReaction2880,-1,http://www.reactome.org/biopax/96/56210#Control257,2538
2355,1117|5474|5590,5043|5573,3,2,http://www.reactome.org/biopax/96/56210#BiochemicalReaction3193,1,http://www.reactome.org/biopax/96/56210#Catalysis2012,2539
2356,2648|4582,892,2,1,http://www.reactome.org/biopax/96/56210#BiochemicalReaction2644,1,http://www.reactome.org/biopax/96/56210#Catalysis1507,2540
2357,877,878,1,1,http://www.reactome.org/biopax/96/56210#BiochemicalReaction2585,1,http://www.reactome.org/biopax/96/56210#Catalysis1448,2541
2358,2769|4679|4842,4348|4841,3,2,http://www.reactome.org/biopax/96/56210#BiochemicalReaction2977,1,http://www.reactome.org/biopax/96/56210#Catalysis1799,2542
2359,2563|5323|5656,4253|5324,3,2,http://www.reactome.org/biopax/96/56210#BiochemicalReaction4805,1,http://www.reactome.org/biopax/96/56210#Catalysis2793,2543
2360,3521|4573|5246,4571|4572,3,2,http://www.reactome.org/biopax/96/56210#BiochemicalReaction2614,1,http://www.reactome.org/biopax/96/56210#Catalysis1477,2545
2361,1372|2782,1380,2,1,http://www.reactome.org/biopax/96/56210#BiochemicalReaction260,1,http://www.reactome.org/biopax/96/56210#Control29,2546
2362,1136|4450|5591,5046|5229,3,2,http://www.reactome.org/biopax/96/56210#BiochemicalReaction3197,1,http://www.reactome.org/biopax/96/56210#Catalysis2016,2547
2363,62|3535,3536|3537,2,2,http://www.reactome.org/biopax/96/56210#BiochemicalReaction883,1,http://www.reactome.org/biopax/96/56210#Catalysis568,2548
2364,3339|5486,4106,2,1,http://www.reactome.org/biopax/96/56210#BiochemicalReaction450,1,http://www.reactome.org/biopax/96/56210#Catalysis262,2549
2365,2197|5716,5717,2,1,http://www.reactome.org/biopax/96/56210#BiochemicalReaction678,1,http://www.reactome.org/biopax/96/56210#Catalysis460,2550
2366,2210|4348,2211|4679,2,2,http://www.reactome.org/biopax/96/56210#BiochemicalReaction691,1,http://www.reactome.org/biopax/96/56210#Catalysis469,2551
2367,1778|1781|4348,1782|4679,3,2,http://www.reactome.org/biopax/96/56210#BiochemicalReaction4362,-1,http://www.reactome.org/biopax/96/56210#Control410,2552
2368,2671|4348|4616,4617|4679|5713,3,3,http://www.reactome.org/biopax/96/56210#BiochemicalReaction2688,1,http://www.reactome.org/biopax/96/56210#Catalysis1549,2553
2369,2265|4348,2266|4679,2,2,http://www.reactome.org/biopax/96/56210#BiochemicalReaction3942,1,http://www.reactome.org/biopax/96/56210#Catalysis2432,2554
2370,72|303,304,2,1,http://www.reactome.org/biopax/96/56210#BiochemicalReaction1318,-1,http://www.reactome.org/biopax/96/56210#Control137,2555
2371,293|2169,1377|3671,2,2,http://www.reactome.org/biopax/96/56210#BiochemicalReaction1263,1,http://www.reactome.org/biopax/96/56210#Catalysis725,2556
2372,406|3820|4553,407|4564,3,2,http://www.reactome.org/biopax/96/56210#BiochemicalReaction1452,1,http://www.reactome.org/biopax/96/56210#Catalysis784,2557
2373,3397|5651,5652,2,1,http://www.reactome.org/biopax/96/56210#BiochemicalReaction569,1,http://www.reactome.org/biopax/96/56210#Catalysis378,2558
2374,193|3658|5538,247|4757,3,2,http://www.reactome.org/biopax/96/56210#BiochemicalReaction1164,1,http://www.reactome.org/biopax/96/56210#Catalysis692,2560
2375,4002|4144|4739,4740|5396,3,2,http://www.reactome.org/biopax/96/56210#BiochemicalReaction2812,1,http://www.reactome.org/biopax/96/56210#Catalysis1662,2561
2376,367|2115|4553,2123|3311|4564,3,3,http://www.reactome.org/biopax/96/56210#BiochemicalReaction392,1,http://www.reactome.org/biopax/96/56210#Catalysis218,2562
2377,68|3480|4348,62|4679,3,2,http://www.reactome.org/biopax/96/56210#BiochemicalReaction857,-1,http://www.reactome.org/biopax/96/56210#Control73,2563
2378,2105|3302|4504,3303,3,1,http://www.reactome.org/biopax/96/56210#BiochemicalReaction5011,1,http://www.reactome.org/biopax/96/56210#Catalysis2920,2564
2379,1359|2517|4348,1363|4679,3,2,http://www.reactome.org/biopax/96/56210#BiochemicalReaction3573,1,http://www.reactome.org/biopax/96/56210#Catalysis2273,2565
2380,3410|4291|4698|5713,4282|4700,4,2,http://www.reactome.org/biopax/96/56210#BiochemicalReaction2765,1,http://www.reactome.org/biopax/96/56210#Catalysis1619,2566
2381,1140|5048,5049,2,1,http://www.reactome.org/biopax/96/56210#BiochemicalReaction3201,1,http://www.reactome.org/biopax/96/56210#Catalysis2020,2567
2382,2264|4153|4821,4160|5418,3,2,http://www.reactome.org/biopax/96/56210#BiochemicalReaction33,1,http://www.reactome.org/biopax/96/56210#Catalysis33,2568
2383,2160|5616,5617,2,1,http://www.reactome.org/biopax/96/56210#BiochemicalReaction542,1,http://www.reactome.org/biopax/96/56210#Catalysis353,2569
2384,296|4877|5538,4757|4878,3,2,http://www.reactome.org/biopax/96/56210#BiochemicalReaction3005,1,http://www.reactome.org/biopax/96/56210#Catalysis1827,2570
2385,3357|4821|5494,5418|5493,3,2,http://www.reactome.org/biopax/96/56210#BiochemicalReaction469,1,http://www.reactome.org/biopax/96/56210#Catalysis280,2571
2386,151|3637,152,2,1,http://www.reactome.org/biopax/96/56210#BiochemicalReaction1003,1,http://www.reactome.org/biopax/96/56210#Control112,2572
2387,2847|5118|5500,5063|5501|5713,3,3,http://www.reactome.org/biopax/96/56210#BiochemicalReaction3264,1,http://www.reactome.org/biopax/96/56210#Catalysis2083,2573
2388,3477|4030|4348,3075|4679,3,2,http://www.reactome.org/biopax/96/56210#BiochemicalReaction4401,1,http://www.reactome.org/biopax/96/56210#Catalysis2595,2574
2389,1941|5538,1942|4757,2,2,http://www.reactome.org/biopax/96/56210#BiochemicalReaction4679,1,http://www.reactome.org/biopax/96/56210#Catalysis2710,2575
2390,839|4482|5358,4483|5357,3,2,http://www.reactome.org/biopax/96/56210#BiochemicalReaction2536,1,http://www.reactome.org/biopax/96/56210#Catalysis1399,2576
2391,149|3633,151,2,1,http://www.reactome.org/biopax/96/56210#BiochemicalReaction1002,1,http://www.reactome.org/biopax/96/56210#Control106,2577
2392,1152,1161|4757,1,2,http://www.reactome.org/biopax/96/56210#BiochemicalReaction224,1,http://www.reactome.org/biopax/96/56210#Catalysis131,2578
2393,673|3671,674,2,1,http://www.reactome.org/biopax/96/56210#BiochemicalReaction2026,1,http://www.reactome.org/biopax/96/56210#Catalysis1022,2579
2394,2457|2537|5643,2458|4209|5465,3,3,http://www.reactome.org/biopax/96/56210#BiochemicalReaction2310,1,http://www.reactome.org/biopax/96/56210#Catalysis1185,2580
2395,535|536|4433,537|5421,3,2,http://www.reactome.org/biopax/96/56210#BiochemicalReaction1784,1,http://www.reactome.org/biopax/96/56210#Catalysis887,2581
2396,594|2081|4022,2084,3,1,http://www.reactome.org/biopax/96/56210#BiochemicalReaction4964,-1,http://www.reactome.org/biopax/96/56210#Control444,2582
2397,3119|3613|4348,3120|4679,3,2,http://www.reactome.org/biopax/96/56210#BiochemicalReaction4527,1,http://www.reactome.org/biopax/96/56210#Catalysis2652,2584
2398,1817|2293|5538,1816|4757,3,2,http://www.reactome.org/biopax/96/56210#BiochemicalReaction4458,1,http://www.reactome.org/biopax/96/56210#Catalysis2627,2585
2399,1645|3136|3138|3139|4348|4757,1645|3136|3138|4679,6,4,http://www.reactome.org/biopax/96/56210#BiochemicalReaction307,1,http://www.reactome.org/biopax/96/56210#Catalysis185,2586
2400,105|2368|4348,89|4679,3,2,http://www.reactome.org/biopax/96/56210#BiochemicalReaction101,1,http://www.reactome.org/biopax/96/56210#Catalysis71,2587
2401,901|2663|4445|4607|5713,903|4609|5538,5,3,http://www.reactome.org/biopax/96/56210#BiochemicalReaction2681,1,http://www.reactome.org/biopax/96/56210#Catalysis1542,2588
2402,1567|4348,1568|4679,2,2,http://www.reactome.org/biopax/96/56210#BiochemicalReaction3874,1,http://www.reactome.org/biopax/96/56210#Catalysis2397,2589
2403,394|4593,395|4602,2,2,http://www.reactome.org/biopax/96/56210#BiochemicalReaction1439,1,http://www.reactome.org/biopax/96/56210#Catalysis779,2590
2404,974|4789|5714,4790,3,1,http://www.reactome.org/biopax/96/56210#BiochemicalReaction2888,1,http://www.reactome.org/biopax/96/56210#Catalysis1730,2591
2405,2263|5732,3|5733,2,2,http://www.reactome.org/biopax/96/56210#BiochemicalReaction783,1,http://www.reactome.org/biopax/96/56210#Catalysis510,2592
2406,836|4774|5538,4775,3,1,http://www.reactome.org/biopax/96/56210#BiochemicalReaction2835,1,http://www.reactome.org/biopax/96/56210#Catalysis1685,2593
2407,1742|4132|5496,4134|5664|5713,3,3,http://www.reactome.org/biopax/96/56210#BiochemicalReaction4262,1,http://www.reactome.org/biopax/96/56210#Catalysis2547,2594
2408,1743|4134|5496|5538,5241|5664|5713,4,3,http://www.reactome.org/biopax/96/56210#BiochemicalReaction4266,1,http://www.reactome.org/biopax/96/56210#Catalysis2551,2595
2409,931|4166,4322|4749,2,2,http://www.reactome.org/biopax/96/56210#BiochemicalReaction2817,1,http://www.reactome.org/biopax/96/56210#Catalysis1667,2596
2410,2818|5035|5365,4100|4156|5254,3,3,http://www.reactome.org/biopax/96/56210#BiochemicalReaction3185,1,http://www.reactome.org/biopax/96/56210#Catalysis2004,2597
2411,1264|1267|4348,1266|4679,3,2,http://www.reactome.org/biopax/96/56210#BiochemicalReaction3414,1,http://www.reactome.org/biopax/96/56210#Catalysis2209,2598
2412,2136|5365|5428|5438|5439,2137|3320|5437,5,3,http://www.reactome.org/biopax/96/56210#BiochemicalReaction413,1,http://www.reactome.org/biopax/96/56210#Catalysis228,2599
2413,601|2417|4575,346|4577,3,2,http://www.reactome.org/biopax/96/56210#BiochemicalReaction1918,1,http://www.reactome.org/biopax/96/56210#Catalysis952,2601
2414,188|5538|5729,5734|5741,3,2,http://www.reactome.org/biopax/96/56210#BiochemicalReaction25,1,http://www.reactome.org/biopax/96/56210#Catalysis25,2602
2415,2761|4401|4804,4402|5404,3,2,http://www.reactome.org/biopax/96/56210#BiochemicalReaction2939,1,http://www.reactome.org/biopax/96/56210#Catalysis1765,2603
2416,3428|5692|5701,5693|5700,3,2,http://www.reactome.org/biopax/96/56210#BiochemicalReaction656,1,http://www.reactome.org/biopax/96/56210#Catalysis451,2604
2417,2325|3285|5510,3286,3,1,http://www.reactome.org/biopax/96/56210#BiochemicalReaction4974,1,http://www.reactome.org/biopax/96/56210#Catalysis2897,2605
2418,28|3731,30,2,1,http://www.reactome.org/biopax/96/56210#BiochemicalReaction811,1,http://www.reactome.org/biopax/96/56210#Catalysis526,2607
2419,797|4203|4211,4214|4215,3,2,http://www.reactome.org/biopax/96/56210#BiochemicalReaction2306,1,http://www.reactome.org/biopax/96/56210#Catalysis1181,2608
2420,3181|4518|5277,4834|5258|5713,3,3,http://www.reactome.org/biopax/96/56210#BiochemicalReaction4762,1,http://www.reactome.org/biopax/96/56210#Catalysis2752,2609
2421,2396|4348|5538|5665,4679|4757|5667,4,3,http://www.reactome.org/biopax/96/56210#BiochemicalReaction21,1,http://www.reactome.org/biopax/96/56210#Catalysis21,2610
2422,775|4177|5538,4066|5413,3,2,http://www.reactome.org/biopax/96/56210#BiochemicalReaction2252,1,http://www.reactome.org/biopax/96/56210#Catalysis1129,2611
2423,2755|5109|5157|5276,5110|5237,4,2,http://www.reactome.org/biopax/96/56210#BiochemicalReaction3297,1,http://www.reactome.org/biopax/96/56210#Catalysis2116,2612
2424,2454|4203|4238,4213|4240,3,2,http://www.reactome.org/biopax/96/56210#BiochemicalReaction2355,1,http://www.reactome.org/biopax/96/56210#Catalysis1222,2613
2425,1118|5009|5404,4164|5383,3,2,http://www.reactome.org/biopax/96/56210#BiochemicalReaction3156,1,http://www.reactome.org/biopax/96/56210#Catalysis1975,2614
2426,1587|3685|4348,2386|2989|4679,3,3,http://www.reactome.org/biopax/96/56210#BiochemicalReaction3901,1,http://www.reactome.org/biopax/96/56210#Catalysis2408,2615
2427,750|5660,752|5640|5713,2,3,http://www.reactome.org/biopax/96/56210#BiochemicalReaction2225,1,http://www.reactome.org/biopax/96/56210#Catalysis1104,2616
2428,2565|4262|5656,4253|4263,3,2,http://www.reactome.org/biopax/96/56210#BiochemicalReaction2369,1,http://www.reactome.org/biopax/96/56210#Catalysis1236,2617
2429,1350|2932,2931|4757,2,2,http://www.reactome.org/biopax/96/56210#BiochemicalReaction3550,1,http://www.reactome.org/biopax/96/56210#Catalysis2264,2618
2430,3639|4466,4467,2,1,http://www.reactome.org/biopax/96/56210#BiochemicalReaction2524,1,http://www.reactome.org/biopax/96/56210#Catalysis1387,2620
2431,181|183,182|5369,2,2,http://www.reactome.org/biopax/96/56210#BiochemicalReaction1041,1,http://www.reactome.org/biopax/96/56210#Catalysis630,2621
2432,2220|2355|4348,2356|4679,3,2,http://www.reactome.org/biopax/96/56210#BiochemicalReaction717,1,http://www.reactome.org/biopax/96/56210#Catalysis480,2622
2433,2724|5474|5664|5713,5446|5496,4,2,http://www.reactome.org/biopax/96/56210#BiochemicalReaction2870,-1,http://www.reactome.org/biopax/96/56210#Control249,2623
2434,1749|4821,5418,2,1,http://www.reactome.org/biopax/96/56210#BiochemicalReaction316,1,http://www.reactome.org/biopax/96/56210#Control36,2624
2435,2948|2955|4593,2956|4602,3,2,http://www.reactome.org/biopax/96/56210#BiochemicalReaction3624,1,http://www.reactome.org/biopax/96/56210#Catalysis2299,2626
2436,1597|5414,5369,2,1,http://www.reactome.org/biopax/96/56210#BiochemicalReaction301,1,http://www.reactome.org/biopax/96/56210#Catalysis181,2628
2437,772|4174,4172|4173,2,2,http://www.reactome.org/biopax/96/56210#BiochemicalReaction2256,1,http://www.reactome.org/biopax/96/56210#Catalysis1133,2629
2438,2915|2917|4348,2918|4679,3,2,http://www.reactome.org/biopax/96/56210#BiochemicalReaction3502,1,http://www.reactome.org/biopax/96/56210#Catalysis2246,2630
2439,2611|4490|5711,4501|5396,3,2,http://www.reactome.org/biopax/96/56210#BiochemicalReaction2553,1,http://www.reactome.org/biopax/96/56210#Catalysis1416,2631
2440,2731|4164|5254|5409,4788|5407,4,2,http://www.reactome.org/biopax/96/56210#BiochemicalReaction2887,1,http://www.reactome.org/biopax/96/56210#Catalysis1729,2632
2441,844|4322|4419,4166|4420,3,2,http://www.reactome.org/biopax/96/56210#BiochemicalReaction2499,1,http://www.reactome.org/biopax/96/56210#Catalysis1364,2633
2442,3408|5369|5499,5678|5713,3,2,http://www.reactome.org/biopax/96/56210#BiochemicalReaction602,1,http://www.reactome.org/biopax/96/56210#Catalysis406,2634
2443,4821|5369,5418,2,1,http://www.reactome.org/biopax/96/56210#BiochemicalReaction613,-1,http://www.reactome.org/biopax/96/56210#Control54,2635
2444,1001|2541|4794|4795|5254,2540|4794|4795|5266,5,4,http://www.reactome.org/biopax/96/56210#BiochemicalReaction2920,1,http://www.reactome.org/biopax/96/56210#Catalysis1752,2636
2445,3390|5551|5615,5605|5713,3,2,http://www.reactome.org/biopax/96/56210#BiochemicalReaction541,1,http://www.reactome.org/biopax/96/56210#Catalysis352,2638
2446,1155|4445|5073,5001|5713,3,2,http://www.reactome.org/biopax/96/56210#BiochemicalReaction3226,1,http://www.reactome.org/biopax/96/56210#Catalysis2045,2639
2447,496|501|4099,502|4098,3,2,http://www.reactome.org/biopax/96/56210#BiochemicalReaction1637,1,http://www.reactome.org/biopax/96/56210#Catalysis836,2640
2448,987|990|2742|2743|4800,991|992|2740,5,3,http://www.reactome.org/biopax/96/56210#BiochemicalReaction2907,1,http://www.reactome.org/biopax/96/56210#Control275,2642
2449,1068|4433,1079|5386,2,2,http://www.reactome.org/biopax/96/56210#BiochemicalReaction221,1,http://www.reactome.org/biopax/96/56210#Catalysis130,2643
2450,2362|3319|4553,2363|5733|5738,3,3,http://www.reactome.org/biopax/96/56210#BiochemicalReaction840,1,http://www.reactome.org/biopax/96/56210#Catalysis540,2644
2451,1177|4422|5120|5358,5121|5122|5357,4,3,http://www.reactome.org/biopax/96/56210#BiochemicalReaction3266,1,http://www.reactome.org/biopax/96/56210#Catalysis2085,2645
2452,1574|4348|5754,4679|5370,3,2,http://www.reactome.org/biopax/96/56210#BiochemicalReaction3878,1,http://www.reactome.org/biopax/96/56210#Catalysis2400,2646
2453,2500|4348|4554,4679|5754,3,2,http://www.reactome.org/biopax/96/56210#BiochemicalReaction2633,1,http://www.reactome.org/biopax/96/56210#Catalysis1496,2647
2454,1712|4348,1243|1713|4679,2,3,http://www.reactome.org/biopax/96/56210#BiochemicalReaction4193,1,http://www.reactome.org/biopax/96/56210#Catalysis2511,2648
2455,281|334|4553,282|4564,3,2,http://www.reactome.org/biopax/96/56210#BiochemicalReaction1242,1,http://www.reactome.org/biopax/96/56210#Catalysis715,2649
2456,3605|3607|4553,3606|4564,3,2,http://www.reactome.org/biopax/96/56210#BiochemicalReaction986,1,http://www.reactome.org/biopax/96/56210#Catalysis602,2650
2457,2692|5710,5457,2,1,http://www.reactome.org/biopax/96/56210#BiochemicalReaction2736,1,http://www.reactome.org/biopax/96/56210#Catalysis1592,2651
2458,3134|4325|5251,4534|5396,3,2,http://www.reactome.org/biopax/96/56210#BiochemicalReaction4608,1,http://www.reactome.org/biopax/96/56210#Catalysis2678,2652
2459,1174|4401|5114|5115|5254,4402|5089|5116,5,3,http://www.reactome.org/biopax/96/56210#BiochemicalReaction3258,1,http://www.reactome.org/biopax/96/56210#Catalysis2077,2653
2460,707|4433,5236|5532,2,2,http://www.reactome.org/biopax/96/56210#BiochemicalReaction2123,-1,http://www.reactome.org/biopax/96/56210#Control189,2654
2461,1048|4893|5538,4757|4894,3,2,http://www.reactome.org/biopax/96/56210#BiochemicalReaction3021,1,http://www.reactome.org/biopax/96/56210#Catalysis1843,2655
2462,489|3859|4348,3860|4679,3,2,http://www.reactome.org/biopax/96/56210#BiochemicalReaction1628,1,http://www.reactome.org/biopax/96/56210#Control164,2656
2463,3337|5397|5484,4486|5713,3,2,http://www.reactome.org/biopax/96/56210#BiochemicalReaction448,1,http://www.reactome.org/biopax/96/56210#Catalysis260,2657
2464,1598|3896|4348,2993|4679,3,2,http://www.reactome.org/biopax/96/56210#BiochemicalReaction3918,1,http://www.reactome.org/biopax/96/56210#Catalysis2419,2658
2465,262|5482|5768,263,3,1,http://www.reactome.org/biopax/96/56210#BiochemicalReaction1183,1,http://www.reactome.org/biopax/96/56210#Control130,2660
2466,925|4659|4661,4662|5236,3,2,http://www.reactome.org/biopax/96/56210#BiochemicalReaction2732,1,http://www.reactome.org/biopax/96/56210#Catalysis1589,2661
2467,1129|4101|5276|5407,5036|5254|5409,4,3,http://www.reactome.org/biopax/96/56210#BiochemicalReaction3186,1,http://www.reactome.org/biopax/96/56210#Catalysis2005,2662
2468,234|1538|4433,235|5386,3,2,http://www.reactome.org/biopax/96/56210#BiochemicalReaction3832,1,http://www.reactome.org/biopax/96/56210#Catalysis2378,2663
2469,1577|4348,1578|4679,2,2,http://www.reactome.org/biopax/96/56210#BiochemicalReaction3882,1,http://www.reactome.org/biopax/96/56210#Catalysis2402,2664
2470,3639|4706,4689,2,1,http://www.reactome.org/biopax/96/56210#BiochemicalReaction2771,1,http://www.reactome.org/biopax/96/56210#Catalysis1625,2665
2471,1765|3713|4348,3064|4679,3,2,http://www.reactome.org/biopax/96/56210#BiochemicalReaction4337,1,http://www.reactome.org/biopax/96/56210#Catalysis2570,2666
2472,1093|4417|4961|5276,4416|4953|5254|5750,4,4,http://www.reactome.org/biopax/96/56210#BiochemicalReaction3114,1,http://www.reactome.org/biopax/96/56210#Catalysis1934,2667
2473,1503|4348,1506|4679,2,2,http://www.reactome.org/biopax/96/56210#BiochemicalReaction3794,1,http://www.reactome.org/biopax/96/56210#Catalysis2359,2668
2474,710|3011,712,2,1,http://www.reactome.org/biopax/96/56210#BiochemicalReaction4086,1,http://www.reactome.org/biopax/96/56210#Control380,2669
2475,62|3538,3539|3540,2,2,http://www.reactome.org/biopax/96/56210#BiochemicalReaction884,1,http://www.reactome.org/biopax/96/56210#Catalysis569,2670
2476,2437|4821|5385|5387|5397,5229|5388|5418|5713,5,4,http://www.reactome.org/biopax/96/56210#BiochemicalReaction276,1,http://www.reactome.org/biopax/96/56210#Catalysis160,2671
2477,1252|1258,2884|2888,2,2,http://www.reactome.org/biopax/96/56210#BiochemicalReaction3396,1,http://www.reactome.org/biopax/96/56210#Catalysis2200,2672
2478,2497|4265|5538,4509|4510,3,2,http://www.reactome.org/biopax/96/56210#BiochemicalReaction2561,1,http://www.reactome.org/biopax/96/56210#Catalysis1424,2673
2479,3410|4291|4349|5713,4282|5527,4,2,http://www.reactome.org/biopax/96/56210#BiochemicalReaction2452,1,http://www.reactome.org/biopax/96/56210#Catalysis1317,2674
2480,908|4348|4616,4617|4679|5713,3,3,http://www.reactome.org/biopax/96/56210#BiochemicalReaction2688,-1,http://www.reactome.org/biopax/96/56210#Control238,2675
2481,2481|2553|5647,2483|5465|5645,3,3,http://www.reactome.org/biopax/96/56210#BiochemicalReaction2347,1,http://www.reactome.org/biopax/96/56210#Catalysis1217,2676
2482,722|4009|4433,723|5386,3,2,http://www.reactome.org/biopax/96/56210#BiochemicalReaction2142,1,http://www.reactome.org/biopax/96/56210#Catalysis1074,2677
2483,3361|4821|5507,5418|5508,3,2,http://www.reactome.org/biopax/96/56210#BiochemicalReaction2478,1,http://www.reactome.org/biopax/96/56210#Catalysis1343,2678
2484,2711|4322|4748|5428,4155|4166|5437,4,3,http://www.reactome.org/biopax/96/56210#BiochemicalReaction2816,1,http://www.reactome.org/biopax/96/56210#Catalysis1666,2679
2485,1153|5069,5071|5074|5713,2,3,http://www.reactome.org/biopax/96/56210#BiochemicalReaction3228,1,http://www.reactome.org/biopax/96/56210#Catalysis2047,2680
2486,264|265|5510,264|2390|5769,3,3,http://www.reactome.org/biopax/96/56210#BiochemicalReaction1185,1,http://www.reactome.org/biopax/96/56210#Catalysis700,2681
2487,2426|2427|5510,4116|4117,3,2,http://www.reactome.org/biopax/96/56210#BiochemicalReaction2052,1,http://www.reactome.org/biopax/96/56210#Catalysis1036,2682
2488,2176|5668|5669,5484,3,1,http://www.reactome.org/biopax/96/56210#BiochemicalReaction585,1,http://www.reactome.org/biopax/96/56210#Catalysis393,2683
2489,210|3671,211,2,1,http://www.reactome.org/biopax/96/56210#BiochemicalReaction1084,1,http://www.reactome.org/biopax/96/56210#Catalysis653,2684
2490,816|4266|5538,4757|5756,3,2,http://www.reactome.org/biopax/96/56210#BiochemicalReaction2374,1,http://www.reactome.org/biopax/96/56210#Catalysis1241,2685
2491,720|3715|4433,721|5386,3,2,http://www.reactome.org/biopax/96/56210#BiochemicalReaction2141,1,http://www.reactome.org/biopax/96/56210#Catalysis1073,2686
2492,2808|4166|4802,4322|4997|5254,3,3,http://www.reactome.org/biopax/96/56210#BiochemicalReaction3146,1,http://www.reactome.org/biopax/96/56210#Catalysis1965,2688
2493,1581|4433,1582|5386,2,2,http://www.reactome.org/biopax/96/56210#BiochemicalReaction3896,1,http://www.reactome.org/biopax/96/56210#Catalysis2405,2689
2494,1243|3064|3713,1711,3,1,http://www.reactome.org/biopax/96/56210#BiochemicalReaction4339,-1,http://www.reactome.org/biopax/96/56210#Control403,2690
2495,890|5266|5344,5346|5347,3,2,http://www.reactome.org/biopax/96/56210#BiochemicalReaction209,1,http://www.reactome.org/biopax/96/56210#Catalysis119,2691
2496,123|185|3567|3594,82|124|125,4,3,http://www.reactome.org/biopax/96/56210#BiochemicalReaction954,1,http://www.reactome.org/biopax/96/56210#Control86,2692
2497,433|4863|5630,4757|4864,3,2,http://www.reactome.org/biopax/96/56210#BiochemicalReaction2995,1,http://www.reactome.org/biopax/96/56210#Catalysis1817,2693
2498,4094|4433|5614|5657,4757|4820|5386|5713,4,4,http://www.reactome.org/biopax/96/56210#BiochemicalReaction2957,-1,http://www.reactome.org/biopax/96/56210#Control293,2694
2499,2186|5392,5390,2,1,http://www.reactome.org/biopax/96/56210#BiochemicalReaction611,1,http://www.reactome.org/biopax/96/56210#Catalysis415,2695
2500,2496|4499|5711,4500|5396,3,2,http://www.reactome.org/biopax/96/56210#BiochemicalReaction2552,1,http://www.reactome.org/biopax/96/56210#Catalysis1415,2696
2501,1160|4422|5090|5358,5091|5092|5357,4,3,http://www.reactome.org/biopax/96/56210#BiochemicalReaction3239,1,http://www.reactome.org/biopax/96/56210#Catalysis2058,2697
2502,1290|4348,1291|4679,2,2,http://www.reactome.org/biopax/96/56210#BiochemicalReaction3441,1,http://www.reactome.org/biopax/96/56210#Catalysis2222,2698
2503,2131|3318,2132,2,1,http://www.reactome.org/biopax/96/56210#BiochemicalReaction407,1,http://www.reactome.org/biopax/96/56210#Catalysis224,2700
2504,2550|4203|4222,4223|4224,3,2,http://www.reactome.org/biopax/96/56210#BiochemicalReaction2332,1,http://www.reactome.org/biopax/96/56210#Catalysis1202,2701
2505,1026|4824|5713,4825|5538,3,2,http://www.reactome.org/biopax/96/56210#BiochemicalReaction2961,1,http://www.reactome.org/biopax/96/56210#Catalysis1784,2702
2506,2580|4348|4702|5396,4703|5209|5236|5538,4,4,http://www.reactome.org/biopax/96/56210#BiochemicalReaction2769,1,http://www.reactome.org/biopax/96/56210#Catalysis1623,2703
2507,449,450|4757,1,2,http://www.reactome.org/biopax/96/56210#BiochemicalReaction143,1,http://www.reactome.org/biopax/96/56210#Catalysis96,2704
2508,1197|4348|5265,4679|5342,3,2,http://www.reactome.org/biopax/96/56210#BiochemicalReaction8,1,http://www.reactome.org/biopax/96/56210#Catalysis8,2705
2509,4066|4178|4348,4178|4679|5713,3,3,http://www.reactome.org/biopax/96/56210#BiochemicalReaction2253,1,http://www.reactome.org/biopax/96/56210#Control206,2707
2510,2912|2913,2911|4757,2,2,http://www.reactome.org/biopax/96/56210#BiochemicalReaction3487,1,http://www.reactome.org/biopax/96/56210#Catalysis2239,2708
2511,1837|4348|4411,4679|5249,3,2,http://www.reactome.org/biopax/96/56210#BiochemicalReaction4498,1,http://www.reactome.org/biopax/96/56210#Catalysis2638,2709
2512,2005|2014|3776,2015|3470,3,2,http://www.reactome.org/biopax/96/56210#BiochemicalReaction4850,1,http://www.reactome.org/biopax/96/56210#Catalysis2834,2710
2513,636|3663|3671,3962,3,1,http://www.reactome.org/biopax/96/56210#BiochemicalReaction1970,1,http://www.reactome.org/biopax/96/56210#Catalysis985,2711
2514,2776|4197,4914,2,1,http://www.reactome.org/biopax/96/56210#BiochemicalReaction3039,1,http://www.reactome.org/biopax/96/56210#Catalysis1861,2712
2515,2816|5030|5511,5031|5513|5713,3,3,http://www.reactome.org/biopax/96/56210#BiochemicalReaction3181,1,http://www.reactome.org/biopax/96/56210#Catalysis2000,2713
2516,2101|5276|5428,2100|5430|5431,3,3,http://www.reactome.org/biopax/96/56210#BiochemicalReaction5004,1,http://www.reactome.org/biopax/96/56210#Catalysis2916,2714
2517,2618|5443|5538,4500|5393,3,2,http://www.reactome.org/biopax/96/56210#BiochemicalReaction2556,1,http://www.reactome.org/biopax/96/56210#Catalysis1419,2715
2518,1454|4348,1456|4679,2,2,http://www.reactome.org/biopax/96/56210#BiochemicalReaction3738,1,http://www.reactome.org/biopax/96/56210#Catalysis2334,2716
2519,329|3802|4553,331|4564,3,2,http://www.reactome.org/biopax/96/56210#BiochemicalReaction1374,1,http://www.reactome.org/biopax/96/56210#Catalysis750,2718
2520,3418|5533,5530,2,1,http://www.reactome.org/biopax/96/56210#BiochemicalReaction622,1,http://www.reactome.org/biopax/96/56210#Catalysis425,2719
2521,1076|2787|4348|4929,1077|5209|5236,4,3,http://www.reactome.org/biopax/96/56210#BiochemicalReaction3069,1,http://www.reactome.org/biopax/96/56210#Catalysis1890,2720
2522,2588|4361|4365|4385,4095|4346|4386|5492,4,4,http://www.reactome.org/biopax/96/56210#BiochemicalReaction2476,1,http://www.reactome.org/biopax/96/56210#Catalysis1341,2721
2523,1153|5538|5694,5071|5413|5474|5713,3,4,http://www.reactome.org/biopax/96/56210#BiochemicalReaction3224,1,http://www.reactome.org/biopax/96/56210#Catalysis2043,2722
2524,1540|4348|5754,4679|5370,3,2,http://www.reactome.org/biopax/96/56210#BiochemicalReaction3834,1,http://www.reactome.org/biopax/96/56210#Catalysis2379,2723
2525,934|4751|5254|5409,4752|5407,4,2,http://www.reactome.org/biopax/96/56210#BiochemicalReaction2821,1,http://www.reactome.org/biopax/96/56210#Catalysis1671,2724
2526,37|3229|3472,3230|3470,3,2,http://www.reactome.org/biopax/96/56210#BiochemicalReaction4830,1,http://www.reactome.org/biopax/96/56210#Catalysis2813,2725
2527,2697|4717,926,2,1,http://www.reactome.org/biopax/96/56210#BiochemicalReaction2780,1,http://www.reactome.org/biopax/96/56210#Catalysis1634,2726
2528,691|2431|3671,692,3,1,http://www.reactome.org/biopax/96/56210#BiochemicalReaction2081,1,http://www.reactome.org/biopax/96/56210#Catalysis1046,2727
2529,1845|1847|4348,1848|4679,3,2,http://www.reactome.org/biopax/96/56210#BiochemicalReaction4530,-1,http://www.reactome.org/biopax/96/56210#Control421,2728
2530,737|5660,738|5653|5713,2,3,http://www.reactome.org/biopax/96/56210#BiochemicalReaction2213,1,http://www.reactome.org/biopax/96/56210#Catalysis1092,2729
2531,2495|4149|4348,4490|4679,3,2,http://www.reactome.org/biopax/96/56210#BiochemicalReaction2541,1,http://www.reactome.org/biopax/96/56210#Catalysis1404,2730
2532,795|2440|4203,2441|4204,3,2,http://www.reactome.org/biopax/96/56210#BiochemicalReaction2291,1,http://www.reactome.org/biopax/96/56210#Catalysis1168,2731
2533,684|5510|5702,5397|5703|5709,3,3,http://www.reactome.org/biopax/96/56210#BiochemicalReaction2049,1,http://www.reactome.org/biopax/96/56210#Catalysis1033,2732
2534,1499|4348,1500|4679,2,2,http://www.reactome.org/biopax/96/56210#BiochemicalReaction3787,1,http://www.reactome.org/biopax/96/56210#Catalysis2356,2733
2535,190|213|2224|3671,158|2224,4,2,http://www.reactome.org/biopax/96/56210#BiochemicalReaction1087,-1,http://www.reactome.org/biopax/96/56210#Control121,2734
2536,3355|4821|5495,4757|5418,3,2,http://www.reactome.org/biopax/96/56210#BiochemicalReaction467,1,http://www.reactome.org/biopax/96/56210#Catalysis278,2736
2537,2704|4282|4730,4291|4731|5713,3,3,http://www.reactome.org/biopax/96/56210#BiochemicalReaction2804,1,http://www.reactome.org/biopax/96/56210#Catalysis1655,2738
2538,1388|2961|4433,1389|5386,3,2,http://www.reactome.org/biopax/96/56210#BiochemicalReaction3661,1,http://www.reactome.org/biopax/96/56210#Catalysis2304,2739
2539,2626|4562|5711,5396|5444,3,2,http://www.reactome.org/biopax/96/56210#BiochemicalReaction2607,1,http://www.reactome.org/biopax/96/56210#Catalysis1470,2740
2540,2245,3454|3455|3456,1,3,http://www.reactome.org/biopax/96/56210#BiochemicalReaction769,1,http://www.reactome.org/biopax/96/56210#Catalysis503,2741
2541,2512|4348|4831,4679|4833,3,2,http://www.reactome.org/biopax/96/56210#BiochemicalReaction2970,1,http://www.reactome.org/biopax/96/56210#Catalysis1792,2742
2542,669|3731,677,2,1,http://www.reactome.org/biopax/96/56210#BiochemicalReaction190,1,http://www.reactome.org/biopax/96/56210#Catalysis107,2743
2543,149|3627,151,2,1,http://www.reactome.org/biopax/96/56210#BiochemicalReaction1002,1,http://www.reactome.org/biopax/96/56210#Control96,2744
2544,629|3952|4348,630|3954|4679,3,3,http://www.reactome.org/biopax/96/56210#BiochemicalReaction1959,1,http://www.reactome.org/biopax/96/56210#Catalysis978,2745
2545,2222|2223,2357|2358|3446,2,3,http://www.reactome.org/biopax/96/56210#BiochemicalReaction720,1,http://www.reactome.org/biopax/96/56210#Catalysis482,2747
2546,2664|2666|4348,2665|4679|5713,3,3,http://www.reactome.org/biopax/96/56210#BiochemicalReaction2682,1,http://www.reactome.org/biopax/96/56210#Catalysis1543,2748
2547,1226|4460|5538,5440|5713,3,2,http://www.reactome.org/biopax/96/56210#BiochemicalReaction3357,1,http://www.reactome.org/biopax/96/56210#Catalysis2175,2749
2548,12|3461|4575,13|4577,3,2,http://www.reactome.org/biopax/96/56210#BiochemicalReaction797,1,http://www.reactome.org/biopax/96/56210#Catalysis517,2750
2549,873|4518|4531,4532|5236,3,2,http://www.reactome.org/biopax/96/56210#BiochemicalReaction2579,1,http://www.reactome.org/biopax/96/56210#Catalysis1442,2751
2550,1802|4348|5754,4679|5370,3,2,http://www.reactome.org/biopax/96/56210#BiochemicalReaction4400,1,http://www.reactome.org/biopax/96/56210#Catalysis2594,2752
2551,3203|5320|5652,2308,3,1,http://www.reactome.org/biopax/96/56210#BiochemicalReaction4801,1,http://www.reactome.org/biopax/96/56210#Catalysis2789,2753
2552,3198|5306|5307,5302|5308,3,2,http://www.reactome.org/biopax/96/56210#BiochemicalReaction4790,1,http://www.reactome.org/biopax/96/56210#Catalysis2780,2754
2553,952|4291|4445|5368|5713,4282|5538|5772|5773,5,4,http://www.reactome.org/biopax/96/56210#BiochemicalReaction2857,1,http://www.reactome.org/biopax/96/56210#Catalysis1702,2756
2554,3400|5227,5215,2,1,http://www.reactome.org/biopax/96/56210#BiochemicalReaction587,1,http://www.reactome.org/biopax/96/56210#Catalysis394,2757
2555,1014|5086|5404,5087|5383,3,2,http://www.reactome.org/biopax/96/56210#BiochemicalReaction3237,1,http://www.reactome.org/biopax/96/56210#Catalysis2056,2758
2556,3353|5390|5493,5392|5494,3,2,http://www.reactome.org/biopax/96/56210#BiochemicalReaction465,1,http://www.reactome.org/biopax/96/56210#Catalysis276,2759
2557,2435|5369|5415|5416,1646,4,1,http://www.reactome.org/biopax/96/56210#BiochemicalReaction2159,1,http://www.reactome.org/biopax/96/56210#Control195,2760
2558,3670|4422,3694|3696,2,2,http://www.reactome.org/biopax/96/56210#BiochemicalReaction65,1,http://www.reactome.org/biopax/96/56210#Catalysis55,2761
2559,1102|4984|5512,4985|5254|5509,3,3,http://www.reactome.org/biopax/96/56210#BiochemicalReaction3130,1,http://www.reactome.org/biopax/96/56210#Catalysis1949,2762
2560,1962|1963,1964|1965|4757,2,3,http://www.reactome.org/biopax/96/56210#BiochemicalReaction4716,1,http://www.reactome.org/biopax/96/56210#Catalysis2718,2763
2561,2181|5253|5254|5673,5674,4,1,http://www.reactome.org/biopax/96/56210#BiochemicalReaction598,1,http://www.reactome.org/biopax/96/56210#Catalysis402,2764
2562,791|4195,4193,2,1,http://www.reactome.org/biopax/96/56210#BiochemicalReaction2281,1,http://www.reactome.org/biopax/96/56210#Catalysis1158,2765
2563,3716|5538|5754,5755|5756,3,2,http://www.reactome.org/biopax/96/56210#BiochemicalReaction1170,1,http://www.reactome.org/biopax/96/56210#Catalysis694,2766
2564,443|4553,84|4564,2,2,http://www.reactome.org/biopax/96/56210#BiochemicalReaction1540,1,http://www.reactome.org/biopax/96/56210#Catalysis807,2767
2565,248|4348|5754,4679|5370,3,2,http://www.reactome.org/biopax/96/56210#BiochemicalReaction2145,1,http://www.reactome.org/biopax/96/56210#Catalysis1076,2768
2566,3413|4348|5538|5684,4679|4757|5685,4,3,http://www.reactome.org/biopax/96/56210#BiochemicalReaction608,1,http://www.reactome.org/biopax/96/56210#Catalysis412,2769
2567,2035|5538,2036|2364,2,2,http://www.reactome.org/biopax/96/56210#BiochemicalReaction4871,1,http://www.reactome.org/biopax/96/56210#Catalysis2849,2770
2568,2621|4550|5711,4548|5396,3,2,http://www.reactome.org/biopax/96/56210#BiochemicalReaction2596,1,http://www.reactome.org/biopax/96/56210#Catalysis1459,2771
2569,1635|3671,1636|3664,2,2,http://www.reactome.org/biopax/96/56210#BiochemicalReaction3983,1,http://www.reactome.org/biopax/96/56210#Catalysis2446,2772
2570,2199,2207,1,1,http://www.reactome.org/biopax/96/56210#BiochemicalReaction686,1,http://www.reactome.org/biopax/96/56210#Catalysis467,2773
2571,2352|5392,5390,2,1,http://www.reactome.org/biopax/96/56210#BiochemicalReaction618,1,http://www.reactome.org/biopax/96/56210#Catalysis421,2774
2572,3384|4821|5418|5583|5596,4821|5418|5586|5597,5,4,http://www.reactome.org/biopax/96/56210#BiochemicalReaction524,1,http://www.reactome.org/biopax/96/56210#Catalysis335,2775
2573,818|4295|5538,4293|4757,3,2,http://www.reactome.org/biopax/96/56210#BiochemicalReaction2399,1,http://www.reactome.org/biopax/96/56210#Catalysis1266,2776
2574,185|5756,4268,2,1,http://www.reactome.org/biopax/96/56210#BiochemicalReaction2377,1,http://www.reactome.org/biopax/96/56210#Catalysis1244,2777
2575,2559|4282|5211,4291|5212,3,2,http://www.reactome.org/biopax/96/56210#BiochemicalReaction3347,1,http://www.reactome.org/biopax/96/56210#Catalysis2165,2778
2576,1729|3671,1730,2,1,http://www.reactome.org/biopax/96/56210#BiochemicalReaction4234,1,http://www.reactome.org/biopax/96/56210#Catalysis2533,2779
2577,305|4610,308|4619,2,2,http://www.reactome.org/biopax/96/56210#BiochemicalReaction125,1,http://www.reactome.org/biopax/96/56210#Catalysis83,2780
2578,514|2269|4433,515|5386,3,2,http://www.reactome.org/biopax/96/56210#BiochemicalReaction4099,1,http://www.reactome.org/biopax/96/56210#Catalysis2481,2781
2579,1210|1954|5511,1955|5513,3,2,http://www.reactome.org/biopax/96/56210#BiochemicalReaction4703,1,http://www.reactome.org/biopax/96/56210#Catalysis2715,2782
2580,1989|4659|5271,5236|5272,3,2,http://www.reactome.org/biopax/96/56210#BiochemicalReaction4758,1,http://www.reactome.org/biopax/96/56210#Catalysis2748,2783
2581,1692|3731,1693,2,1,http://www.reactome.org/biopax/96/56210#BiochemicalReaction4155,1,http://www.reactome.org/biopax/96/56210#Catalysis2497,2784
2582,973|3671|4047,4048,3,1,http://www.reactome.org/biopax/96/56210#BiochemicalReaction2886,1,http://www.reactome.org/biopax/96/56210#Catalysis1728,2785
2583,1674|1840|4433,170|5386,3,2,http://www.reactome.org/biopax/96/56210#BiochemicalReaction4504,1,http://www.reactome.org/biopax/96/56210#Catalysis2641,2787
2584,2682|4644|5538,4645|5617,3,2,http://www.reactome.org/biopax/96/56210#BiochemicalReaction2711,1,http://www.reactome.org/biopax/96/56210#Catalysis1569,2788
2585,941|1960,1961|3675,2,2,http://www.reactome.org/biopax/96/56210#BiochemicalReaction4713,1,http://www.reactome.org/biopax/96/56210#Catalysis2717,2790
2586,190|1372|4348,1377|3648|4679,3,3,http://www.reactome.org/biopax/96/56210#BiochemicalReaction1089,1,http://www.reactome.org/biopax/96/56210#Catalysis656,2791
2587,2563|4252|5656,4253|4254,3,2,http://www.reactome.org/biopax/96/56210#BiochemicalReaction2365,1,http://www.reactome.org/biopax/96/56210#Catalysis1232,2792
2588,977|5553,4793,2,1,http://www.reactome.org/biopax/96/56210#BiochemicalReaction2891,1,http://www.reactome.org/biopax/96/56210#Catalysis1733,2793
2589,314|2205|4348,315|4679,3,2,http://www.reactome.org/biopax/96/56210#BiochemicalReaction1342,1,http://www.reactome.org/biopax/96/56210#Catalysis737,2794
2590,1138|4445|5046,4460|5047,3,2,http://www.reactome.org/biopax/96/56210#BiochemicalReaction3199,-1,http://www.reactome.org/biopax/96/56210#Control317,2795
2591,1|5705|5714,5538|5723,3,2,http://www.reactome.org/biopax/96/56210#BiochemicalReaction23,1,http://www.reactome.org/biopax/96/56210#Catalysis23,2796
2592,2695|4348|4704|5396,4705|5209|5236|5538,4,4,http://www.reactome.org/biopax/96/56210#BiochemicalReaction2768,1,http://www.reactome.org/biopax/96/56210#Catalysis1622,2797
2593,4793|5407|5428,5404|5409|5750,3,3,http://www.reactome.org/biopax/96/56210#BiochemicalReaction2892,-1,http://www.reactome.org/biopax/96/56210#Control264,2798
2594,1412|4348|5754,4679|5370,3,2,http://www.reactome.org/biopax/96/56210#BiochemicalReaction3693,1,http://www.reactome.org/biopax/96/56210#Catalysis2313,2799
2595,912|2454|4203,913|4213,3,2,http://www.reactome.org/biopax/96/56210#BiochemicalReaction2704,1,http://www.reactome.org/biopax/96/56210#Catalysis1562,2800
2596,2227|3155|4348,3156|4679,3,2,http://www.reactome.org/biopax/96/56210#BiochemicalReaction4727,1,http://www.reactome.org/biopax/96/56210#Catalysis2722,2801
2597,2509|4291|4680|5713,4282|4631,4,2,http://www.reactome.org/biopax/96/56210#BiochemicalReaction2797,1,http://www.reactome.org/biopax/96/56210#Catalysis1649,2802
2598,3657|4378|4454|4455,4453|4456|4457,4,3,http://www.reactome.org/biopax/96/56210#BiochemicalReaction2520,1,http://www.reactome.org/biopax/96/56210#Catalysis1383,2803
2599,1017|5266,1015|5254|5428,2,3,http://www.reactome.org/biopax/96/56210#BiochemicalReaction2934,1,http://www.reactome.org/biopax/96/56210#Catalysis1762,2804
2600,4046|4348|5159|5538,4679|4757|5160,4,3,http://www.reactome.org/biopax/96/56210#BiochemicalReaction3303,1,http://www.reactome.org/biopax/96/56210#Catalysis2121,2805
2601,746|4036,749,2,1,http://www.reactome.org/biopax/96/56210#BiochemicalReaction2222,1,http://www.reactome.org/biopax/96/56210#Catalysis1101,2806
2602,711|4433,713|5386,2,2,http://www.reactome.org/biopax/96/56210#BiochemicalReaction2138,1,http://www.reactome.org/biopax/96/56210#Catalysis1070,2807
2603,3709|4348|5416,3710|4679,3,2,http://www.reactome.org/biopax/96/56210#BiochemicalReaction1148,1,http://www.reactome.org/biopax/96/56210#Control128,2808
2604,4058|4348|5489|5713,4208|5236,4,2,http://www.reactome.org/biopax/96/56210#BiochemicalReaction2295,1,http://www.reactome.org/biopax/96/56210#Catalysis1172,2810
2605,1343,1344|4757,1,2,http://www.reactome.org/biopax/96/56210#BiochemicalReaction3543,1,http://www.reactome.org/biopax/96/56210#Catalysis2260,2811
2606,2268|5373|5538,5209,3,1,http://www.reactome.org/biopax/96/56210#BiochemicalReaction4053,1,http://www.reactome.org/biopax/96/56210#Catalysis2456,2812
2607,2127|2169,3671,2,1,http://www.reactome.org/biopax/96/56210#BiochemicalReaction399,1,http://www.reactome.org/biopax/96/56210#Catalysis223,2813
2608,928|4722|5496,4723|5664|5713,3,3,http://www.reactome.org/biopax/96/56210#BiochemicalReaction2790,1,http://www.reactome.org/biopax/96/56210#Catalysis1642,2815
2609,1418|2965|3671,1419,3,1,http://www.reactome.org/biopax/96/56210#BiochemicalReaction3698,1,http://www.reactome.org/biopax/96/56210#Catalysis2317,2816
2610,38|3809,3241|3470,2,2,http://www.reactome.org/biopax/96/56210#BiochemicalReaction4838,1,http://www.reactome.org/biopax/96/56210#Catalysis2821,2817
2611,2963|2964|3886,1398,3,1,http://www.reactome.org/biopax/96/56210#BiochemicalReaction3676,-1,http://www.reactome.org/biopax/96/56210#Control340,2818
2612,3180|4291|5275|5713,4282|5277,4,2,http://www.reactome.org/biopax/96/56210#BiochemicalReaction4761,1,http://www.reactome.org/biopax/96/56210#Catalysis2751,2819
2613,1606|5538,1607|4757,2,2,http://www.reactome.org/biopax/96/56210#BiochemicalReaction3930,1,http://www.reactome.org/biopax/96/56210#Catalysis2426,2820
2614,2185|4821,5418,2,1,http://www.reactome.org/biopax/96/56210#BiochemicalReaction609,1,http://www.reactome.org/biopax/96/56210#Catalysis413,2821
2615,1677|3014,3015,2,1,http://www.reactome.org/biopax/96/56210#BiochemicalReaction4115,-1,http://www.reactome.org/biopax/96/56210#Control382,2822
2616,1091|4291|4958|5713,4282|4951,4,2,http://www.reactome.org/biopax/96/56210#BiochemicalReaction3107,1,http://www.reactome.org/biopax/96/56210#Catalysis1927,2823
2617,3394|5394,5636,2,1,http://www.reactome.org/biopax/96/56210#BiochemicalReaction565,1,http://www.reactome.org/biopax/96/56210#Catalysis374,2824
2618,4038|4161|4291|5713,4162|4282,4,2,http://www.reactome.org/biopax/96/56210#BiochemicalReaction2234,1,http://www.reactome.org/biopax/96/56210#Catalysis1112,2825
2619,2732|5254|5404|5409,2733|5750,4,2,http://www.reactome.org/biopax/96/56210#BiochemicalReaction2893,1,http://www.reactome.org/biopax/96/56210#Control267,2826
2620,1853|3125|4433,200|5386,3,2,http://www.reactome.org/biopax/96/56210#BiochemicalReaction4562,1,http://www.reactome.org/biopax/96/56210#Catalysis2665,2827
2621,2570|4275|4553,4276|4564,3,2,http://www.reactome.org/biopax/96/56210#BiochemicalReaction2385,1,http://www.reactome.org/biopax/96/56210#Catalysis1252,2829
2622,784|4181|5496,4183|5664|5713,3,3,http://www.reactome.org/biopax/96/56210#BiochemicalReaction2266,1,http://www.reactome.org/biopax/96/56210#Catalysis1143,2830
2623,4679|5394|5556|5713,4348|5474,4,2,http://www.reactome.org/biopax/96/56210#BiochemicalReaction2264,-1,http://www.reactome.org/biopax/96/56210#Control214,2831
2624,3206|5320|5656,2309|4253,3,2,http://www.reactome.org/biopax/96/56210#BiochemicalReaction4804,1,http://www.reactome.org/biopax/96/56210#Catalysis2792,2833
2625,3687|3689|4553,3690|4564,3,2,http://www.reactome.org/biopax/96/56210#BiochemicalReaction1101,1,http://www.reactome.org/biopax/96/56210#Catalysis664,2834
2626,2754|4610|5231,3837|4619,3,2,http://www.reactome.org/biopax/96/56210#BiochemicalReaction1498,1,http://www.reactome.org/biopax/96/56210#Control153,2835
2627,1106|4282|4989,4291|4450|4460|5713,3,4,http://www.reactome.org/biopax/96/56210#BiochemicalReaction3137,1,http://www.reactome.org/biopax/96/56210#Catalysis1956,2836
2628,1651,1652|4757,1,2,http://www.reactome.org/biopax/96/56210#BiochemicalReaction4062,1,http://www.reactome.org/biopax/96/56210#Catalysis2460,2837
2629,2571|4283|4348,4284|4679,3,2,http://www.reactome.org/biopax/96/56210#BiochemicalReaction2393,1,http://www.reactome.org/biopax/96/56210#Catalysis1260,2838
2630,1905|2296|4433,1906|3140|5386,3,3,http://www.reactome.org/biopax/96/56210#BiochemicalReaction4657,1,http://www.reactome.org/biopax/96/56210#Catalysis2694,2839
2631,2798|4952,4811,2,1,http://www.reactome.org/biopax/96/56210#BiochemicalReaction3100,1,http://www.reactome.org/biopax/96/56210#Catalysis1920,2840
2632,149|3625,151,2,1,http://www.reactome.org/biopax/96/56210#BiochemicalReaction1002,1,http://www.reactome.org/biopax/96/56210#Control94,2841
2633,626|4348,3952|3953|4679,2,3,http://www.reactome.org/biopax/96/56210#BiochemicalReaction1956,1,http://www.reactome.org/biopax/96/56210#Catalysis976,2842
2634,1183|5135|5397|5494|5780,5137|5138|5510,5,3,http://www.reactome.org/biopax/96/56210#BiochemicalReaction3277,1,http://www.reactome.org/biopax/96/56210#Catalysis2096,2843
2635,1005|1006|1008,1007|2753,3,2,http://www.reactome.org/biopax/96/56210#BiochemicalReaction2924,1,http://www.reactome.org/biopax/96/56210#Catalysis1754,2844
2636,2702|4291|4445|4631|5713,4282|4729|4730|5538,5,4,http://www.reactome.org/biopax/96/56210#BiochemicalReaction2799,1,http://www.reactome.org/biopax/96/56210#Catalysis1651,2845
2637,1556|4348|5754,4679|5370,3,2,http://www.reactome.org/biopax/96/56210#BiochemicalReaction3855,1,http://www.reactome.org/biopax/96/56210#Catalysis2388,2846
2638,2078,2079|3275,1,2,http://www.reactome.org/biopax/96/56210#BiochemicalReaction4958,1,http://www.reactome.org/biopax/96/56210#Catalysis2886,2847
2639,1207|5496|5538|5660,5635|5664|5713,4,3,http://www.reactome.org/biopax/96/56210#BiochemicalReaction3330,1,http://www.reactome.org/biopax/96/56210#Catalysis2148,2848
2640,2547|3674,803,2,1,http://www.reactome.org/biopax/96/56210#BiochemicalReaction2328,1,http://www.reactome.org/biopax/96/56210#Catalysis1199,2849
2641,1021|4820,4817|5209,2,2,http://www.reactome.org/biopax/96/56210#BiochemicalReaction2958,1,http://www.reactome.org/biopax/96/56210#Catalysis1781,2850
2642,2|9,7,2,1,http://www.reactome.org/biopax/96/56210#BiochemicalReaction88,-1,http://www.reactome.org/biopax/96/56210#Control2,2853
2643,2490|4092|4361|5499|5766,4362|4363|5492,5,3,http://www.reactome.org/biopax/96/56210#BiochemicalReaction2464,1,http://www.reactome.org/biopax/96/56210#Catalysis1329,2854
2644,2551|4203|4231,4206|4232,3,2,http://www.reactome.org/biopax/96/56210#BiochemicalReaction2340,1,http://www.reactome.org/biopax/96/56210#Catalysis1210,2855
2645,836|4353|5538,4354,3,1,http://www.reactome.org/biopax/96/56210#BiochemicalReaction2458,1,http://www.reactome.org/biopax/96/56210#Catalysis1323,2856
2646,2031|4575,2032|3731,2,2,http://www.reactome.org/biopax/96/56210#BiochemicalReaction4869,1,http://www.reactome.org/biopax/96/56210#Catalysis2847,2857
2647,1526|1529|4348,1528|4679,3,2,http://www.reactome.org/biopax/96/56210#BiochemicalReaction3820,-1,http://www.reactome.org/biopax/96/56210#Control360,2858
2648,661|3980|4433,451|5386,3,2,http://www.reactome.org/biopax/96/56210#BiochemicalReaction1999,1,http://www.reactome.org/biopax/96/56210#Catalysis1009,2859
2649,2971|2979|4154,1501,3,1,http://www.reactome.org/biopax/96/56210#BiochemicalReaction3790,1,http://www.reactome.org/biopax/96/56210#Control355,2862
2650,1922|5387,5388,2,1,http://www.reactome.org/biopax/96/56210#BiochemicalReaction334,1,http://www.reactome.org/biopax/96/56210#Catalysis200,2863
2651,62|3526,3527|3528,2,2,http://www.reactome.org/biopax/96/56210#BiochemicalReaction880,1,http://www.reactome.org/biopax/96/56210#Catalysis565,2864
2652,218|3671,2382,2,1,http://www.reactome.org/biopax/96/56210#BiochemicalReaction1111,1,http://www.reactome.org/biopax/96/56210#Catalysis671,2865
2653,2948|2949|4497|4508,3864|4519|4527|5226,4,4,http://www.reactome.org/biopax/96/56210#BiochemicalReaction3614,1,http://www.reactome.org/biopax/96/56210#Catalysis2292,2866
2654,1852,201|1851|1853|4757,1,4,http://www.reactome.org/biopax/96/56210#BiochemicalReaction4563,1,http://www.reactome.org/biopax/96/56210#Catalysis2666,2867
2655,3363|5514,5516,2,1,http://www.reactome.org/biopax/96/56210#BiochemicalReaction480,1,http://www.reactome.org/biopax/96/56210#Catalysis291,2868
2656,246|5538|5754,5755|5756,3,2,http://www.reactome.org/biopax/96/56210#BiochemicalReaction1162,1,http://www.reactome.org/biopax/96/56210#Catalysis691,2869
2657,2125|3308|4553,3314|4564,3,2,http://www.reactome.org/biopax/96/56210#BiochemicalReaction396,1,http://www.reactome.org/biopax/96/56210#Catalysis221,2870
2658,3185|5283,5285,2,1,http://www.reactome.org/biopax/96/56210#BiochemicalReaction4771,1,http://www.reactome.org/biopax/96/56210#Catalysis2761,2871
2659,3325|4821|5713,5397|5418,3,2,http://www.reactome.org/biopax/96/56210#BiochemicalReaction432,1,http://www.reactome.org/biopax/96/56210#Catalysis244,2872
2660,1217|5207|5714,5208,3,1,http://www.reactome.org/biopax/96/56210#BiochemicalReaction3346,1,http://www.reactome.org/biopax/96/56210#Catalysis2164,2873
2661,944|2430|4348,945|946,3,2,http://www.reactome.org/biopax/96/56210#BiochemicalReaction2846,1,http://www.reactome.org/biopax/96/56210#Control244,2874
2662,1868|1898|1899,1922,3,1,http://www.reactome.org/biopax/96/56210#BiochemicalReaction333,1,http://www.reactome.org/biopax/96/56210#Catalysis199,2875
2663,2530|4348,2531|4679,2,2,http://www.reactome.org/biopax/96/56210#BiochemicalReaction3916,1,http://www.reactome.org/biopax/96/56210#Catalysis2417,2876
2664,767|4168,4169,2,1,http://www.reactome.org/biopax/96/56210#BiochemicalReaction2239,1,http://www.reactome.org/biopax/96/56210#Catalysis1117,2878
2665,3709|4348,3710|4679,2,2,http://www.reactome.org/biopax/96/56210#BiochemicalReaction1148,1,http://www.reactome.org/biopax/96/56210#Catalysis681,2879
2666,4144|4319|4390,4391|5396,3,2,http://www.reactome.org/biopax/96/56210#BiochemicalReaction2480,-1,http://www.reactome.org/biopax/96/56210#Control224,2880
2667,1320|4348,1322|4679,2,2,http://www.reactome.org/biopax/96/56210#BiochemicalReaction3496,1,http://www.reactome.org/biopax/96/56210#Catalysis2242,2881
2668,2633|4558|5711,5396|5726,3,2,http://www.reactome.org/biopax/96/56210#BiochemicalReaction2603,1,http://www.reactome.org/biopax/96/56210#Catalysis1466,2882
2669,2708|4144|4291|5713,4282|4737|5396,4,3,http://www.reactome.org/biopax/96/56210#BiochemicalReaction2809,1,http://www.reactome.org/biopax/96/56210#Catalysis1659,2883
2670,1107|4433|5538,4729|4994,3,2,http://www.reactome.org/biopax/96/56210#BiochemicalReaction3138,1,http://www.reactome.org/biopax/96/56210#Catalysis1957,2884
2671,1829|4553,1830|4564,2,2,http://www.reactome.org/biopax/96/56210#BiochemicalReaction4480,1,http://www.reactome.org/biopax/96/56210#Catalysis2632,2885
2672,2320|3222|5643,3223|4209,3,2,http://www.reactome.org/biopax/96/56210#BiochemicalReaction4820,1,http://www.reactome.org/biopax/96/56210#Catalysis2806,2886
2673,2695|4348|4677|5396,4678|5209|5236,4,3,http://www.reactome.org/biopax/96/56210#BiochemicalReaction2750,1,http://www.reactome.org/biopax/96/56210#Catalysis1604,2888
2674,1565|5407|5411,5254|5409|5412,3,3,http://www.reactome.org/biopax/96/56210#BiochemicalReaction297,1,http://www.reactome.org/biopax/96/56210#Catalysis178,2889
2675,334|345|4553,338|4564,3,2,http://www.reactome.org/biopax/96/56210#BiochemicalReaction1386,1,http://www.reactome.org/biopax/96/56210#Catalysis757,2890
2676,3074|3944|4348,3887|4679,3,2,http://www.reactome.org/biopax/96/56210#BiochemicalReaction4392,1,http://www.reactome.org/biopax/96/56210#Catalysis2592,2891
2677,749|5660,751|5640|5713,2,3,http://www.reactome.org/biopax/96/56210#BiochemicalReaction2224,1,http://www.reactome.org/biopax/96/56210#Catalysis1103,2892
2678,1980|1981|4445|4450,1982|4460|4469,4,3,http://www.reactome.org/biopax/96/56210#BiochemicalReaction4745,1,http://www.reactome.org/biopax/96/56210#Catalysis2735,2893
2679,2037|5538,2039|3671,2,2,http://www.reactome.org/biopax/96/56210#BiochemicalReaction4872,1,http://www.reactome.org/biopax/96/56210#Catalysis2850,2894
2680,125|185,126,2,1,http://www.reactome.org/biopax/96/56210#BiochemicalReaction955,1,http://www.reactome.org/biopax/96/56210#Control87,2895
2681,1278|2788|4348,1297|4679,3,2,http://www.reactome.org/biopax/96/56210#BiochemicalReaction248,1,http://www.reactome.org/biopax/96/56210#Catalysis141,2896
2682,234|236|4433,235|5386,3,2,http://www.reactome.org/biopax/96/56210#BiochemicalReaction1152,1,http://www.reactome.org/biopax/96/56210#Catalysis685,2898
2683,383|4888|5538,4094|5236|5713,3,3,http://www.reactome.org/biopax/96/56210#BiochemicalReaction3017,1,http://www.reactome.org/biopax/96/56210#Catalysis1839,2899
2684,38|3261|3472,3262|3470,3,2,http://www.reactome.org/biopax/96/56210#BiochemicalReaction4856,1,http://www.reactome.org/biopax/96/56210#Catalysis2839,2901
2685,1881,1886|4757,1,2,http://www.reactome.org/biopax/96/56210#BiochemicalReaction330,1,http://www.reactome.org/biopax/96/56210#Catalysis197,2902
2686,3993|4129|5510,4130|4131,3,2,http://www.reactome.org/biopax/96/56210#BiochemicalReaction2099,1,http://www.reactome.org/biopax/96/56210#Catalysis1048,2903
2687,2004|3868|5263,3225|5302|5499,3,3,http://www.reactome.org/biopax/96/56210#BiochemicalReaction4824,1,http://www.reactome.org/biopax/96/56210#Catalysis2808,2904
2688,3331|4348|4839,4679|4840,3,2,http://www.reactome.org/biopax/96/56210#BiochemicalReaction2974,1,http://www.reactome.org/biopax/96/56210#Catalysis1796,2905
2689,840|4462|4470,4463|4465|4471,3,3,http://www.reactome.org/biopax/96/56210#BiochemicalReaction2528,1,http://www.reactome.org/biopax/96/56210#Catalysis1391,2906
2690,1246|1261,1260|4577,2,2,http://www.reactome.org/biopax/96/56210#BiochemicalReaction3400,1,http://www.reactome.org/biopax/96/56210#Catalysis2204,2907
2691,493|494|4092|4093,497|4095|4096,4,3,http://www.reactome.org/biopax/96/56210#BiochemicalReaction1634,1,http://www.reactome.org/biopax/96/56210#Catalysis833,2908
2692,1176|2169,2844,2,1,http://www.reactome.org/biopax/96/56210#BiochemicalReaction3271,1,http://www.reactome.org/biopax/96/56210#Catalysis2090,2909
2693,2206|3122|5538,1849|4757,3,2,http://www.reactome.org/biopax/96/56210#BiochemicalReaction4532,1,http://www.reactome.org/biopax/96/56210#Catalysis2655,2910
2694,801|2464|4216,2465|4209|5465,3,3,http://www.reactome.org/biopax/96/56210#BiochemicalReaction2317,1,http://www.reactome.org/biopax/96/56210#Catalysis1192,2911
2695,933|4655,5394|5455,2,2,http://www.reactome.org/biopax/96/56210#BiochemicalReaction2820,1,http://www.reactome.org/biopax/96/56210#Catalysis1670,2912
2696,3399|5654|5662,5657|5663,3,2,http://www.reactome.org/biopax/96/56210#BiochemicalReaction574,1,http://www.reactome.org/biopax/96/56210#Catalysis383,2913
2697,463|467|3847,468,3,1,http://www.reactome.org/biopax/96/56210#BiochemicalReaction1605,1,http://www.reactome.org/biopax/96/56210#Control159,2914
2698,2781|4348|4921,4679|5396|5713,3,3,http://www.reactome.org/biopax/96/56210#BiochemicalReaction3047,1,http://www.reactome.org/biopax/96/56210#Catalysis1869,2915
2699,1298|2430|4348,1339|4679,3,2,http://www.reactome.org/biopax/96/56210#BiochemicalReaction253,1,http://www.reactome.org/biopax/96/56210#Catalysis145,2916
2700,62|3488,3489|3490,2,2,http://www.reactome.org/biopax/96/56210#BiochemicalReaction865,1,http://www.reactome.org/biopax/96/56210#Catalysis551,2918
2701,100|3593|4553,101|5733,3,2,http://www.reactome.org/biopax/96/56210#BiochemicalReaction942,1,http://www.reactome.org/biopax/96/56210#Catalysis592,2919
2702,2204|3118|4348,3119|4679,3,2,http://www.reactome.org/biopax/96/56210#BiochemicalReaction4526,-1,http://www.reactome.org/biopax/96/56210#Control419,2920
2703,844|4404|5407,4405|5254|5409,3,3,http://www.reactome.org/biopax/96/56210#BiochemicalReaction2489,1,http://www.reactome.org/biopax/96/56210#Catalysis1354,2921
2704,845|4426|5276,4427,3,1,http://www.reactome.org/biopax/96/56210#BiochemicalReaction2504,1,http://www.reactome.org/biopax/96/56210#Catalysis1369,2922
2705,329|3808|4593,348|4602,3,2,http://www.reactome.org/biopax/96/56210#BiochemicalReaction1394,1,http://www.reactome.org/biopax/96/56210#Catalysis761,2923
2706,2159|5575|5606,5568|5607,3,2,http://www.reactome.org/biopax/96/56210#BiochemicalReaction537,1,http://www.reactome.org/biopax/96/56210#Catalysis348,2924
2707,801|2463|5652,2464|4209|5465,3,3,http://www.reactome.org/biopax/96/56210#BiochemicalReaction2316,1,http://www.reactome.org/biopax/96/56210#Catalysis1191,2925
2708,2656|4598|5538,4597|4757,3,2,http://www.reactome.org/biopax/96/56210#BiochemicalReaction2672,1,http://www.reactome.org/biopax/96/56210#Catalysis1533,2926
2709,1730|4348|5538,1728|3040|3324|4679|5240,3,5,http://www.reactome.org/biopax/96/56210#BiochemicalReaction4235,1,http://www.reactome.org/biopax/96/56210#Catalysis2534,2927
2710,1697|3671,1698,2,1,http://www.reactome.org/biopax/96/56210#BiochemicalReaction4165,1,http://www.reactome.org/biopax/96/56210#Catalysis2499,2928
2711,1190|5145|5538,5146|5413,3,2,http://www.reactome.org/biopax/96/56210#BiochemicalReaction3288,1,http://www.reactome.org/biopax/96/56210#Catalysis2107,2929
2712,2862|4348|5396|5542,5209|5236|5394,4,3,http://www.reactome.org/biopax/96/56210#BiochemicalReaction3319,1,http://www.reactome.org/biopax/96/56210#Catalysis2137,2930
2713,2478|2482|5647,2481|5465|5645,3,3,http://www.reactome.org/biopax/96/56210#BiochemicalReaction2346,1,http://www.reactome.org/biopax/96/56210#Catalysis1216,2931
2714,420|421|423,422,3,1,http://www.reactome.org/biopax/96/56210#BiochemicalReaction1479,1,http://www.reactome.org/biopax/96/56210#Control152,2932
2715,160|2169,1377,2,1,http://www.reactome.org/biopax/96/56210#BiochemicalReaction1023,1,http://www.reactome.org/biopax/96/56210#Catalysis620,2933
2716,276|4859|5538|5713,4858|4861,4,2,http://www.reactome.org/biopax/96/56210#BiochemicalReaction2993,1,http://www.reactome.org/biopax/96/56210#Catalysis1815,2934
2717,2558|3822|5360,3823|5361|5538,3,3,http://www.reactome.org/biopax/96/56210#BiochemicalReaction216,1,http://www.reactome.org/biopax/96/56210#Catalysis125,2935
2718,662|663|5538,661|2423|4757,3,3,http://www.reactome.org/biopax/96/56210#BiochemicalReaction2004,1,http://www.reactome.org/biopax/96/56210#Catalysis1010,2936
2719,606|3940|4610,607|4619,3,2,http://www.reactome.org/biopax/96/56210#BiochemicalReaction1926,1,http://www.reactome.org/biopax/96/56210#Catalysis958,2937
2720,2677|4624|5652,4209|4627|5465,3,3,http://www.reactome.org/biopax/96/56210#BiochemicalReaction2697,1,http://www.reactome.org/biopax/96/56210#Catalysis1557,2938
2721,1703|3671,1704,2,1,http://www.reactome.org/biopax/96/56210#BiochemicalReaction4172,1,http://www.reactome.org/biopax/96/56210#Catalysis2503,2939
2722,2563|4257|5656,4253|4258,3,2,http://www.reactome.org/biopax/96/56210#BiochemicalReaction2367,1,http://www.reactome.org/biopax/96/56210#Catalysis1234,2940
2723,2307|5314,5315|5316,2,2,http://www.reactome.org/biopax/96/56210#BiochemicalReaction4797,1,http://www.reactome.org/biopax/96/56210#Catalysis2785,2941
2724,62|3544,3545|3546,2,2,http://www.reactome.org/biopax/96/56210#BiochemicalReaction887,1,http://www.reactome.org/biopax/96/56210#Catalysis572,2942
2725,3465|3781|4553,2877|4564,3,2,http://www.reactome.org/biopax/96/56210#BiochemicalReaction1426,1,http://www.reactome.org/biopax/96/56210#Catalysis771,2943
2726,2604|2605,842,2,1,http://www.reactome.org/biopax/96/56210#BiochemicalReaction2483,1,http://www.reactome.org/biopax/96/56210#Catalysis1348,2944
2727,818|4287|5538,4285|4757,3,2,http://www.reactome.org/biopax/96/56210#BiochemicalReaction2402,1,http://www.reactome.org/biopax/96/56210#Catalysis1269,2946
2728,1978|1980|4445|4450,1979|4460|4469,4,3,http://www.reactome.org/biopax/96/56210#BiochemicalReaction4744,1,http://www.reactome.org/biopax/96/56210#Catalysis2734,2947
2729,2307|5317,5315|5316,2,2,http://www.reactome.org/biopax/96/56210#BiochemicalReaction4798,1,http://www.reactome.org/biopax/96/56210#Catalysis2786,2949
2730,2045|4575,2046|2322,2,2,http://www.reactome.org/biopax/96/56210#BiochemicalReaction4877,1,http://www.reactome.org/biopax/96/56210#Catalysis2854,2950
2731,2492|4361|4365|4384,4095|4346|4385|5492,4,4,http://www.reactome.org/biopax/96/56210#BiochemicalReaction2475,1,http://www.reactome.org/biopax/96/56210#Catalysis1340,2951
2732,185|4286,4287,2,1,http://www.reactome.org/biopax/96/56210#BiochemicalReaction2392,1,http://www.reactome.org/biopax/96/56210#Catalysis1259,2952
2733,914|5357,4422|5358,2,2,http://www.reactome.org/biopax/96/56210#BiochemicalReaction211,1,http://www.reactome.org/biopax/96/56210#Catalysis121,2953
2734,377|2169,3671,2,1,http://www.reactome.org/biopax/96/56210#BiochemicalReaction1430,1,http://www.reactome.org/biopax/96/56210#Catalysis773,2954
2735,3732|4649|5496|5538,5664|5666|5713,4,3,http://www.reactome.org/biopax/96/56210#BiochemicalReaction2719,1,http://www.reactome.org/biopax/96/56210#Catalysis1577,2955
2736,978|5553,4793,2,1,http://www.reactome.org/biopax/96/56210#BiochemicalReaction2891,-1,http://www.reactome.org/biopax/96/56210#Control262,2956
2737,2554|4291|4445,4282|5343|5713,3,3,http://www.reactome.org/biopax/96/56210#BiochemicalReaction207,1,http://www.reactome.org/biopax/96/56210#Catalysis117,2957
2738,1761|5256|5511,5257|5513,3,2,http://www.reactome.org/biopax/96/56210#BiochemicalReaction4739,1,http://www.reactome.org/biopax/96/56210#Catalysis2729,2959
2739,1764|3062|5538,3063|5248,3,2,http://www.reactome.org/biopax/96/56210#BiochemicalReaction4333,-1,http://www.reactome.org/biopax/96/56210#Control402,2960
2740,312|4067,4066,2,1,http://www.reactome.org/biopax/96/56210#BiochemicalReaction2251,1,http://www.reactome.org/biopax/96/56210#Catalysis1128,2961
2741,944|4348,945|946,2,2,http://www.reactome.org/biopax/96/56210#BiochemicalReaction2846,1,http://www.reactome.org/biopax/96/56210#Catalysis1696,2962
2742,772|4172|4173,4174,3,1,http://www.reactome.org/biopax/96/56210#BiochemicalReaction2243,1,http://www.reactome.org/biopax/96/56210#Catalysis1121,2963
2743,1527|4348,1530|4679,2,2,http://www.reactome.org/biopax/96/56210#BiochemicalReaction3821,1,http://www.reactome.org/biopax/96/56210#Catalysis2373,2964
2744,62|3494,3495|3496,2,2,http://www.reactome.org/biopax/96/56210#BiochemicalReaction867,1,http://www.reactome.org/biopax/96/56210#Catalysis553,2965
2745,1972|3158|5255|5664|5713,3157|5496|5500,5,3,http://www.reactome.org/biopax/96/56210#BiochemicalReaction4734,1,http://www.reactome.org/biopax/96/56210#Catalysis2724,2967
2746,1480|1483|4348,1482|4679,3,2,http://www.reactome.org/biopax/96/56210#BiochemicalReaction3766,-1,http://www.reactome.org/biopax/96/56210#Control352,2968
2747,2798|4811,4952,2,1,http://www.reactome.org/biopax/96/56210#BiochemicalReaction3099,1,http://www.reactome.org/biopax/96/56210#Catalysis1919,2969
2748,2104|5276|5428,2103|5430|5431,3,3,http://www.reactome.org/biopax/96/56210#BiochemicalReaction5008,1,http://www.reactome.org/biopax/96/56210#Catalysis2918,2970
2749,185|623|4348,643|4679,3,2,http://www.reactome.org/biopax/96/56210#BiochemicalReaction1976,1,http://www.reactome.org/biopax/96/56210#Catalysis991,2971
2750,1216|5203|5205,5206,3,1,http://www.reactome.org/biopax/96/56210#BiochemicalReaction3345,1,http://www.reactome.org/biopax/96/56210#Catalysis2163,2972
2751,409|3731,2124|2395,2,2,http://www.reactome.org/biopax/96/56210#BiochemicalReaction1458,1,http://www.reactome.org/biopax/96/56210#Catalysis786,2973
2752,433|4863|5631,4757|4865,3,2,http://www.reactome.org/biopax/96/56210#BiochemicalReaction2996,1,http://www.reactome.org/biopax/96/56210#Catalysis1818,2974
2753,1313|4348,1314|4679,2,2,http://www.reactome.org/biopax/96/56210#BiochemicalReaction3484,1,http://www.reactome.org/biopax/96/56210#Catalysis2237,2975
2754,433|4160|4202,4212|4221,3,2,http://www.reactome.org/biopax/96/56210#BiochemicalReaction41,1,http://www.reactome.org/biopax/96/56210#Catalysis41,2977
2755,3853|3858|4348,3855|4679,3,2,http://www.reactome.org/biopax/96/56210#BiochemicalReaction113,1,http://www.reactome.org/biopax/96/56210#Catalysis78,2979
2756,804|2438,2473,2,1,http://www.reactome.org/biopax/96/56210#BiochemicalReaction2329,-1,http://www.reactome.org/biopax/96/56210#Control219,2980
2757,2991|3865|4348,1592|4679,3,2,http://www.reactome.org/biopax/96/56210#BiochemicalReaction3909,1,http://www.reactome.org/biopax/96/56210#Catalysis2415,2981
2758,2151|5465|5698,5475|5713,3,2,http://www.reactome.org/biopax/96/56210#BiochemicalReaction441,1,http://www.reactome.org/biopax/96/56210#Catalysis253,2982
2759,261|4553,267|4564,2,2,http://www.reactome.org/biopax/96/56210#BiochemicalReaction112,1,http://www.reactome.org/biopax/96/56210#Catalysis77,2983
2760,1984|3172|4497|4508,3173|4519|4527,4,3,http://www.reactome.org/biopax/96/56210#BiochemicalReaction4747,1,http://www.reactome.org/biopax/96/56210#Catalysis2737,2984
2761,1486|4348,1487|4679,2,2,http://www.reactome.org/biopax/96/56210#BiochemicalReaction3770,1,http://www.reactome.org/biopax/96/56210#Catalysis2348,2985
2762,3328|5418|5467,5468|5713,3,2,http://www.reactome.org/biopax/96/56210#BiochemicalReaction435,1,http://www.reactome.org/biopax/96/56210#Catalysis247,2986
2763,219|3123|4348,3124|4679,3,2,http://www.reactome.org/biopax/96/56210#BiochemicalReaction4542,1,http://www.reactome.org/biopax/96/56210#Catalysis2662,2988
2764,1480|4348,1482|4679,2,2,http://www.reactome.org/biopax/96/56210#BiochemicalReaction3766,1,http://www.reactome.org/biopax/96/56210#Catalysis2345,2989
2765,2043|5538,2044|2276,2,2,http://www.reactome.org/biopax/96/56210#BiochemicalReaction4876,1,http://www.reactome.org/biopax/96/56210#Catalysis2853,2990
2766,2005|2006|3991,3231|3470,3,2,http://www.reactome.org/biopax/96/56210#BiochemicalReaction4831,1,http://www.reactome.org/biopax/96/56210#Catalysis2814,2991
2767,3801|3873|4553,3802|4564,3,2,http://www.reactome.org/biopax/96/56210#BiochemicalReaction1373,1,http://www.reactome.org/biopax/96/56210#Catalysis749,2992
2768,414|3880|4553,3881|4564,3,2,http://www.reactome.org/biopax/96/56210#BiochemicalReaction2019,1,http://www.reactome.org/biopax/96/56210#Catalysis1017,2993
2769,3622|4378|4691,4380|4693,3,2,http://www.reactome.org/biopax/96/56210#BiochemicalReaction2760,1,http://www.reactome.org/biopax/96/56210#Catalysis1614,2994
2770,953|4291|4995,4282|5372,3,2,http://www.reactome.org/biopax/96/56210#BiochemicalReaction3142,1,http://www.reactome.org/biopax/96/56210#Catalysis1961,2995
2771,1391|5538,1388|1392|4757,2,3,http://www.reactome.org/biopax/96/56210#BiochemicalReaction3664,1,http://www.reactome.org/biopax/96/56210#Catalysis2305,2996
2772,1089|4291|4957|5713,4282|4958,4,2,http://www.reactome.org/biopax/96/56210#BiochemicalReaction3105,1,http://www.reactome.org/biopax/96/56210#Catalysis1925,2997
2773,1395|1411|2905|2929|2930|2933|2959,1415,7,1,http://www.reactome.org/biopax/96/56210#BiochemicalReaction270,1,http://www.reactome.org/biopax/96/56210#Catalysis154,2998
2774,6|5732,8|2251|3457|5733,2,4,http://www.reactome.org/biopax/96/56210#BiochemicalReaction787,1,http://www.reactome.org/biopax/96/56210#Catalysis513,2999
2775,1197|4182|4348,4191|4679,3,2,http://www.reactome.org/biopax/96/56210#BiochemicalReaction37,1,http://www.reactome.org/biopax/96/56210#Catalysis37,3000
2776,1197|4348|5366,4679|5376,3,2,http://www.reactome.org/biopax/96/56210#BiochemicalReaction10,1,http://www.reactome.org/biopax/96/56210#Catalysis10,3001
2777,234|1670|4433,235|5386,3,2,http://www.reactome.org/biopax/96/56210#BiochemicalReaction4095,1,http://www.reactome.org/biopax/96/56210#Catalysis2478,3002
2778,3419|4821|5713,5397|5418,3,2,http://www.reactome.org/biopax/96/56210#BiochemicalReaction623,1,http://www.reactome.org/biopax/96/56210#Catalysis426,3003
2779,2580|4348|4704|5396,4705|5209|5236|5538,4,4,http://www.reactome.org/biopax/96/56210#BiochemicalReaction2770,1,http://www.reactome.org/biopax/96/56210#Catalysis1624,3004
2780,3433|3434|3436,3435,3,1,http://www.reactome.org/biopax/96/56210#BiochemicalReaction674,1,http://www.reactome.org/biopax/96/56210#Control59,3005
2781,1491|4348,1492|4679,2,2,http://www.reactome.org/biopax/96/56210#BiochemicalReaction3776,1,http://www.reactome.org/biopax/96/56210#Catalysis2350,3006
2782,485|5414,5369,2,1,http://www.reactome.org/biopax/96/56210#BiochemicalReaction1621,1,http://www.reactome.org/biopax/96/56210#Catalysis827,3007
2783,2619|4524|5510,4503|4525,3,2,http://www.reactome.org/biopax/96/56210#BiochemicalReaction2574,-1,http://www.reactome.org/biopax/96/56210#Control231,3008
2784,3270|3741|5511,3269|5513,3,2,http://www.reactome.org/biopax/96/56210#BiochemicalReaction4944,1,http://www.reactome.org/biopax/96/56210#Catalysis2880,3009
2785,716|718|4433,717|5386,3,2,http://www.reactome.org/biopax/96/56210#BiochemicalReaction2140,1,http://www.reactome.org/biopax/96/56210#Control193,3010
2786,4010|5754,5416|5756,2,2,http://www.reactome.org/biopax/96/56210#BiochemicalReaction2144,1,http://www.reactome.org/biopax/96/56210#Catalysis1075,3011
2787,7|52|4553,49|4564,3,2,http://www.reactome.org/biopax/96/56210#BiochemicalReaction92,1,http://www.reactome.org/biopax/96/56210#Catalysis66,3012
2788,3374|4821|5561,4469|5418,3,2,http://www.reactome.org/biopax/96/56210#BiochemicalReaction505,1,http://www.reactome.org/biopax/96/56210#Catalysis316,3013
2789,1128|4416|5254|5404|5610,4417|5032|5276,5,3,http://www.reactome.org/biopax/96/56210#BiochemicalReaction3182,1,http://www.reactome.org/biopax/96/56210#Catalysis2001,3014
2790,2763|4808|4809,4810|4811|5713,3,3,http://www.reactome.org/biopax/96/56210#BiochemicalReaction2946,1,http://www.reactome.org/biopax/96/56210#Catalysis1770,3015
2791,2858|4092|4361|5499|5766,4363|5163|5492,5,3,http://www.reactome.org/biopax/96/56210#BiochemicalReaction3306,1,http://www.reactome.org/biopax/96/56210#Catalysis2124,3016
2792,3331|4348|5356,4679|5366,3,2,http://www.reactome.org/biopax/96/56210#BiochemicalReaction9,1,http://www.reactome.org/biopax/96/56210#Catalysis9,3017
2793,2304|4066|5130,4177|5229,3,2,http://www.reactome.org/biopax/96/56210#BiochemicalReaction4765,1,http://www.reactome.org/biopax/96/56210#Catalysis2755,3018
2794,2640|4348|4538,4679|5718,3,2,http://www.reactome.org/biopax/96/56210#BiochemicalReaction2625,1,http://www.reactome.org/biopax/96/56210#Catalysis1488,3019
2795,2005|2009|3252,2010|3251,3,2,http://www.reactome.org/biopax/96/56210#BiochemicalReaction4847,1,http://www.reactome.org/biopax/96/56210#Catalysis2830,3020
2796,2855|5158,5233,2,1,http://www.reactome.org/biopax/96/56210#BiochemicalReaction3299,1,http://www.reactome.org/biopax/96/56210#Catalysis2118,3021
2797,624|2420|4348,620|4679,3,2,http://www.reactome.org/biopax/96/56210#BiochemicalReaction1949,1,http://www.reactome.org/biopax/96/56210#Catalysis971,3022
2798,1153|5070|5538,5057|5413|5694,3,3,http://www.reactome.org/biopax/96/56210#BiochemicalReaction3222,1,http://www.reactome.org/biopax/96/56210#Catalysis2041,3023
2799,1393|4433,1394|5386,2,2,http://www.reactome.org/biopax/96/56210#BiochemicalReaction3665,1,http://www.reactome.org/biopax/96/56210#Catalysis2306,3024
2800,2579|4314,828,2,1,http://www.reactome.org/biopax/96/56210#BiochemicalReaction2428,1,http://www.reactome.org/biopax/96/56210#Catalysis1294,3025
2801,1595|4348,1596|4679,2,2,http://www.reactome.org/biopax/96/56210#BiochemicalReaction3917,1,http://www.reactome.org/biopax/96/56210#Catalysis2418,3026
2802,2430|3009|4348,3010|4679,3,2,http://www.reactome.org/biopax/96/56210#BiochemicalReaction4076,1,http://www.reactome.org/biopax/96/56210#Catalysis2469,3027
2803,1043|4871|5538|5713,4868|5413,4,2,http://www.reactome.org/biopax/96/56210#BiochemicalReaction3002,1,http://www.reactome.org/biopax/96/56210#Catalysis1824,3028
2804,1992|4158|5282|5713,5236|5651,4,2,http://www.reactome.org/biopax/96/56210#BiochemicalReaction4768,1,http://www.reactome.org/biopax/96/56210#Catalysis2758,3029
2805,639|642|4348,641|4679,3,2,http://www.reactome.org/biopax/96/56210#BiochemicalReaction1973,1,http://www.reactome.org/biopax/96/56210#Catalysis988,3030
2806,1943|2298|4433,1944,3,1,http://www.reactome.org/biopax/96/56210#BiochemicalReaction4685,1,http://www.reactome.org/biopax/96/56210#Control432,3031
2807,2678|4348|4628,4679|5713|5721,3,3,http://www.reactome.org/biopax/96/56210#BiochemicalReaction2698,1,http://www.reactome.org/biopax/96/56210#Catalysis1558,3032
2808,2559|4241|4291|5713,4242|4282,4,2,http://www.reactome.org/biopax/96/56210#BiochemicalReaction2356,1,http://www.reactome.org/biopax/96/56210#Catalysis1223,3033
2809,2338|4821|5507,5418|5508,3,2,http://www.reactome.org/biopax/96/56210#BiochemicalReaction478,1,http://www.reactome.org/biopax/96/56210#Catalysis289,3034
2810,195|198|4348,199|2375|5209|5236,3,4,http://www.reactome.org/biopax/96/56210#BiochemicalReaction1056,1,http://www.reactome.org/biopax/96/56210#Catalysis637,3036
2811,2854|4797|4974|5276,5157|5437,4,2,http://www.reactome.org/biopax/96/56210#BiochemicalReaction3296,1,http://www.reactome.org/biopax/96/56210#Catalysis2115,3037
2812,922|4348|4658,4659|4679|4757,3,3,http://www.reactome.org/biopax/96/56210#BiochemicalReaction2727,1,http://www.reactome.org/biopax/96/56210#Catalysis1584,3038
2813,527|4348,528|4679,2,2,http://www.reactome.org/biopax/96/56210#BiochemicalReaction1767,1,http://www.reactome.org/biopax/96/56210#Catalysis881,3039
2814,3795|3873|4553,3796|4564,3,2,http://www.reactome.org/biopax/96/56210#BiochemicalReaction1349,1,http://www.reactome.org/biopax/96/56210#Catalysis740,3040
2815,32|612|4553,614|4564,3,2,http://www.reactome.org/biopax/96/56210#BiochemicalReaction1933,1,http://www.reactome.org/biopax/96/56210#Catalysis961,3041
2816,820|4311|5538,4307|4757,3,2,http://www.reactome.org/biopax/96/56210#BiochemicalReaction2419,1,http://www.reactome.org/biopax/96/56210#Catalysis1286,3042
2817,2615|4401|4495,4402|4496,3,2,http://www.reactome.org/biopax/96/56210#BiochemicalReaction2548,1,http://www.reactome.org/biopax/96/56210#Catalysis1411,3043
2818,1180|5129|5131|5375,5132|5133|5134,4,3,http://www.reactome.org/biopax/96/56210#BiochemicalReaction3274,1,http://www.reactome.org/biopax/96/56210#Catalysis2093,3044
2819,2525|3645|4348,2526|4679,3,2,http://www.reactome.org/biopax/96/56210#BiochemicalReaction3902,1,http://www.reactome.org/biopax/96/56210#Catalysis2409,3045
2820,3410|4134|4291|5713,4132|4282,4,2,http://www.reactome.org/biopax/96/56210#BiochemicalReaction4265,1,http://www.reactome.org/biopax/96/56210#Catalysis2550,3046
2821,557|3737|4610,558|4619,3,2,http://www.reactome.org/biopax/96/56210#BiochemicalReaction1843,1,http://www.reactome.org/biopax/96/56210#Catalysis914,3047
2822,2369|5181|5492,5182|5183|5499,3,3,http://www.reactome.org/biopax/96/56210#BiochemicalReaction3322,1,http://www.reactome.org/biopax/96/56210#Catalysis2140,3048
2823,280|284|4348,285|4679,3,2,http://www.reactome.org/biopax/96/56210#BiochemicalReaction1248,1,http://www.reactome.org/biopax/96/56210#Catalysis719,3050
2824,2153|5397|5406,5436|5713,3,2,http://www.reactome.org/biopax/96/56210#BiochemicalReaction501,1,http://www.reactome.org/biopax/96/56210#Catalysis312,3051
2825,1682|4348,1683|4679,2,2,http://www.reactome.org/biopax/96/56210#BiochemicalReaction4132,1,http://www.reactome.org/biopax/96/56210#Catalysis2489,3052
2826,2625|4540|5711,5396|5443,3,2,http://www.reactome.org/biopax/96/56210#BiochemicalReaction2589,1,http://www.reactome.org/biopax/96/56210#Catalysis1452,3053
2827,3427|5697|5713,5397|5413,3,2,http://www.reactome.org/biopax/96/56210#BiochemicalReaction649,1,http://www.reactome.org/biopax/96/56210#Catalysis446,3054
2828,3146|4030|4348,3147|4679,3,2,http://www.reactome.org/biopax/96/56210#BiochemicalReaction4665,1,http://www.reactome.org/biopax/96/56210#Catalysis2702,3055
2829,477|4593,478|4602,2,2,http://www.reactome.org/biopax/96/56210#BiochemicalReaction1611,1,http://www.reactome.org/biopax/96/56210#Catalysis824,3056
2830,2730|2832|3282,2727|2834,3,2,http://www.reactome.org/biopax/96/56210#BiochemicalReaction4971,1,http://www.reactome.org/biopax/96/56210#Catalysis2895,3057
2831,234|1533|4433,235|5386,3,2,http://www.reactome.org/biopax/96/56210#BiochemicalReaction3825,1,http://www.reactome.org/biopax/96/56210#Control361,3058
2832,1799,234|2286,1,2,http://www.reactome.org/biopax/96/56210#BiochemicalReaction4389,1,http://www.reactome.org/biopax/96/56210#Catalysis2590,3059
2833,300|2393|5422,2393,3,1,http://www.reactome.org/biopax/96/56210#BiochemicalReaction1308,1,http://www.reactome.org/biopax/96/56210#Catalysis728,3060
2834,2155|2169,2162|3671,2,2,http://www.reactome.org/biopax/96/56210#BiochemicalReaction81,1,http://www.reactome.org/biopax/96/56210#Catalysis63,3061
2835,884|5538|5727,4757|5726,3,2,http://www.reactome.org/biopax/96/56210#BiochemicalReaction2623,1,http://www.reactome.org/biopax/96/56210#Catalysis1486,3062
2836,3642|4380|4474,4378|4478,3,2,http://www.reactome.org/biopax/96/56210#BiochemicalReaction2532,1,http://www.reactome.org/biopax/96/56210#Catalysis1395,3063
2837,865|4515|5276,4516|4517|5431,3,3,http://www.reactome.org/biopax/96/56210#BiochemicalReaction2567,1,http://www.reactome.org/biopax/96/56210#Catalysis1430,3064
2838,2231|5538,2230|3671,2,2,http://www.reactome.org/biopax/96/56210#BiochemicalReaction742,1,http://www.reactome.org/biopax/96/56210#Catalysis487,3065
2839,936|4758|5496,4759|5664,3,2,http://www.reactome.org/biopax/96/56210#BiochemicalReaction2827,1,http://www.reactome.org/biopax/96/56210#Catalysis1677,3066
2840,2503|4348|4554,4679|5757,3,2,http://www.reactome.org/biopax/96/56210#BiochemicalReaction2638,1,http://www.reactome.org/biopax/96/56210#Catalysis1501,3067
2841,930|4743|4744,4745|4746,3,2,http://www.reactome.org/biopax/96/56210#BiochemicalReaction2814,1,http://www.reactome.org/biopax/96/56210#Catalysis1664,3068
2842,1199|4091|5496,4201|5664|5713,3,3,http://www.reactome.org/biopax/96/56210#BiochemicalReaction3315,1,http://www.reactome.org/biopax/96/56210#Catalysis2133,3069
2843,1417|4348,1418|4679,2,2,http://www.reactome.org/biopax/96/56210#BiochemicalReaction3697,1,http://www.reactome.org/biopax/96/56210#Catalysis2316,3070
2844,3397|5649,5650,2,1,http://www.reactome.org/biopax/96/56210#BiochemicalReaction568,1,http://www.reactome.org/biopax/96/56210#Catalysis377,3071
2845,2669|4611,4612,2,1,http://www.reactome.org/biopax/96/56210#BiochemicalReaction2685,1,http://www.reactome.org/biopax/96/56210#Control237,3072
2846,3387|5397|5600,5601|5713,3,2,http://www.reactome.org/biopax/96/56210#BiochemicalReaction528,1,http://www.reactome.org/biopax/96/56210#Catalysis339,3073
2847,1311|2903,1299|2908|2909,2,3,http://www.reactome.org/biopax/96/56210#BiochemicalReaction3477,1,http://www.reactome.org/biopax/96/56210#Catalysis2235,3074
2848,1611,2995|3668|3671,1,3,http://www.reactome.org/biopax/96/56210#BiochemicalReaction3936,1,http://www.reactome.org/biopax/96/56210#Catalysis2430,3075
2849,1248|1254,2871|2886,2,2,http://www.reactome.org/biopax/96/56210#BiochemicalReaction3389,1,http://www.reactome.org/biopax/96/56210#Catalysis2193,3076
2850,1515|5229|5713,4460|5400,3,2,http://www.reactome.org/biopax/96/56210#BiochemicalReaction286,1,http://www.reactome.org/biopax/96/56210#Catalysis169,3077
2851,1794|5538,1795|4757,2,2,http://www.reactome.org/biopax/96/56210#BiochemicalReaction4384,1,http://www.reactome.org/biopax/96/56210#Catalysis2587,3078
2852,1184|5135|5140,5137|5494|5588,3,3,http://www.reactome.org/biopax/96/56210#BiochemicalReaction3279,1,http://www.reactome.org/biopax/96/56210#Catalysis2098,3079
2853,965|968|5428,966|5254|5430,3,3,http://www.reactome.org/biopax/96/56210#BiochemicalReaction2880,-1,http://www.reactome.org/biopax/96/56210#Control259,3080
2854,1067|4445|4922|5538,4928|5230,4,2,http://www.reactome.org/biopax/96/56210#BiochemicalReaction3055,1,http://www.reactome.org/biopax/96/56210#Catalysis1877,3081
2855,3644|5370|5538,4757|5754,3,2,http://www.reactome.org/biopax/96/56210#BiochemicalReaction1017,1,http://www.reactome.org/biopax/96/56210#Catalysis616,3082
2856,392|4593,393|4602,2,2,http://www.reactome.org/biopax/96/56210#BiochemicalReaction1438,1,http://www.reactome.org/biopax/96/56210#Catalysis778,3083
2857,2005|2006|3469,3237|3470,3,2,http://www.reactome.org/biopax/96/56210#BiochemicalReaction4835,1,http://www.reactome.org/biopax/96/56210#Catalysis2818,3085
2858,2767|4835|5428,4836|5430,3,2,http://www.reactome.org/biopax/96/56210#BiochemicalReaction2972,1,http://www.reactome.org/biopax/96/56210#Catalysis1794,3086
2859,866|5343|5713,4445|5230,3,2,http://www.reactome.org/biopax/96/56210#BiochemicalReaction208,1,http://www.reactome.org/biopax/96/56210#Catalysis118,3087
2860,3719|5624,5626,2,1,http://www.reactome.org/biopax/96/56210#BiochemicalReaction558,1,http://www.reactome.org/biopax/96/56210#Catalysis367,3088
2861,151|153,152,2,1,http://www.reactome.org/biopax/96/56210#BiochemicalReaction1003,1,http://www.reactome.org/biopax/96/56210#Catalysis611,3089
2862,2572|4285|4348,4288|4679,3,2,http://www.reactome.org/biopax/96/56210#BiochemicalReaction2401,1,http://www.reactome.org/biopax/96/56210#Catalysis1268,3090
2863,1147|5066|5538,4757|5067,3,2,http://www.reactome.org/biopax/96/56210#BiochemicalReaction3217,1,http://www.reactome.org/biopax/96/56210#Catalysis2036,3091
2864,1548|1776|1779|2281|2984,1778,5,1,http://www.reactome.org/biopax/96/56210#BiochemicalReaction4360,-1,http://www.reactome.org/biopax/96/56210#Control408,3092
2865,527|3887|4348,528|4679,3,2,http://www.reactome.org/biopax/96/56210#BiochemicalReaction1767,-1,http://www.reactome.org/biopax/96/56210#Control170,3095
2866,3087|3809|4575,3088|3731,3,2,http://www.reactome.org/biopax/96/56210#BiochemicalReaction4416,-1,http://www.reactome.org/biopax/96/56210#Control417,3096
2867,1251|1261,1233|4577,2,2,http://www.reactome.org/biopax/96/56210#BiochemicalReaction3405,1,http://www.reactome.org/biopax/96/56210#Catalysis2207,3097
2868,3392|5518,5519,2,1,http://www.reactome.org/biopax/96/56210#BiochemicalReaction482,1,http://www.reactome.org/biopax/96/56210#Catalysis293,3098
2869,433|4757|4864,4863|5630,3,2,http://www.reactome.org/biopax/96/56210#BiochemicalReaction3006,1,http://www.reactome.org/biopax/96/56210#Catalysis1828,3099
2870,963|5407|5547,4164|5409|5750,3,3,http://www.reactome.org/biopax/96/56210#BiochemicalReaction2873,1,http://www.reactome.org/biopax/96/56210#Catalysis1717,3100
2871,2200|5250,5368,2,1,http://www.reactome.org/biopax/96/56210#BiochemicalReaction4518,1,http://www.reactome.org/biopax/96/56210#Catalysis2647,3101
2872,905|2667|5538,906|4757,3,2,http://www.reactome.org/biopax/96/56210#BiochemicalReaction2684,1,http://www.reactome.org/biopax/96/56210#Catalysis1545,3102
2873,2597|4291|4355|4445|5713,4282|4356|5538,5,3,http://www.reactome.org/biopax/96/56210#BiochemicalReaction2460,1,http://www.reactome.org/biopax/96/56210#Catalysis1325,3103
2874,1816|4433,1817|5386,2,2,http://www.reactome.org/biopax/96/56210#BiochemicalReaction4457,1,http://www.reactome.org/biopax/96/56210#Catalysis2626,3104
2875,321|4610,323|4619,2,2,http://www.reactome.org/biopax/96/56210#BiochemicalReaction128,1,http://www.reactome.org/biopax/96/56210#Catalysis85,3105
2876,339|4553,340|4564,2,2,http://www.reactome.org/biopax/96/56210#BiochemicalReaction1383,1,http://www.reactome.org/biopax/96/56210#Catalysis754,3106
2877,2572|4293|4348,4294|4679,3,2,http://www.reactome.org/biopax/96/56210#BiochemicalReaction2398,1,http://www.reactome.org/biopax/96/56210#Catalysis1265,3107
2878,2814|3859|4348,3860|4679,3,2,http://www.reactome.org/biopax/96/56210#BiochemicalReaction1628,1,http://www.reactome.org/biopax/96/56210#Catalysis830,3108
2879,2350|4348|5538|5679,4679|4757|5680,4,3,http://www.reactome.org/biopax/96/56210#BiochemicalReaction604,1,http://www.reactome.org/biopax/96/56210#Catalysis408,3109
2880,149|3634,151,2,1,http://www.reactome.org/biopax/96/56210#BiochemicalReaction1002,1,http://www.reactome.org/biopax/96/56210#Control108,3110
2881,3174|5260|5538,5261|5542,3,2,http://www.reactome.org/biopax/96/56210#BiochemicalReaction4750,1,http://www.reactome.org/biopax/96/56210#Catalysis2740,3111
2882,1552|2282|4348,1789|4679,3,2,http://www.reactome.org/biopax/96/56210#BiochemicalReaction4373,1,http://www.reactome.org/biopax/96/56210#Catalysis2580,3112
2883,3992|4946|5397,4947|5713,3,2,http://www.reactome.org/biopax/96/56210#BiochemicalReaction3090,1,http://www.reactome.org/biopax/96/56210#Catalysis1911,3113
2884,3019|3021|4348,3020|4679,3,2,http://www.reactome.org/biopax/96/56210#BiochemicalReaction4143,1,http://www.reactome.org/biopax/96/56210#Catalysis2494,3114
2885,710|3695|4348,3683|4679,3,2,http://www.reactome.org/biopax/96/56210#BiochemicalReaction2135,1,http://www.reactome.org/biopax/96/56210#Catalysis1069,3115
2886,3907|4033|4553,3908|4564,3,2,http://www.reactome.org/biopax/96/56210#BiochemicalReaction1832,1,http://www.reactome.org/biopax/96/56210#Catalysis907,3116
2887,2823|4801|5051,5050|5052|5276,3,3,http://www.reactome.org/biopax/96/56210#BiochemicalReaction3204,1,http://www.reactome.org/biopax/96/56210#Catalysis2023,3117
2888,1324|2916|4348,2915|4679|5225,3,3,http://www.reactome.org/biopax/96/56210#BiochemicalReaction3501,1,http://www.reactome.org/biopax/96/56210#Catalysis2245,3118
2889,383|4191|5538,4171|5236,3,2,http://www.reactome.org/biopax/96/56210#BiochemicalReaction39,1,http://www.reactome.org/biopax/96/56210#Catalysis39,3119
2890,308|4553,316|3873|4564,2,3,http://www.reactome.org/biopax/96/56210#BiochemicalReaction126,1,http://www.reactome.org/biopax/96/56210#Catalysis84,3121
2891,1501|4348,1502|4679,2,2,http://www.reactome.org/biopax/96/56210#BiochemicalReaction3791,1,http://www.reactome.org/biopax/96/56210#Catalysis2358,3122
2892,820|4308|5538,4307|4757,3,2,http://www.reactome.org/biopax/96/56210#BiochemicalReaction2414,1,http://www.reactome.org/biopax/96/56210#Catalysis1281,3123
2893,695|3101|4433,169|5386,3,2,http://www.reactome.org/biopax/96/56210#BiochemicalReaction4442,1,http://www.reactome.org/biopax/96/56210#Catalysis2619,3124
2894,1910|1912|4433,1911|3140|5386,3,3,http://www.reactome.org/biopax/96/56210#BiochemicalReaction4659,1,http://www.reactome.org/biopax/96/56210#Catalysis2696,3125
2895,2187|4821,5418,2,1,http://www.reactome.org/biopax/96/56210#BiochemicalReaction613,1,http://www.reactome.org/biopax/96/56210#Catalysis416,3126
2896,1255|2884|2888,1256|2887,3,2,http://www.reactome.org/biopax/96/56210#BiochemicalReaction3391,1,http://www.reactome.org/biopax/96/56210#Catalysis2195,3127
2897,1374|1376,1375|2896|4757,2,3,http://www.reactome.org/biopax/96/56210#BiochemicalReaction3596,1,http://www.reactome.org/biopax/96/56210#Catalysis2285,3128
2898,845|4421|5276,4423,3,1,http://www.reactome.org/biopax/96/56210#BiochemicalReaction2501,1,http://www.reactome.org/biopax/96/56210#Catalysis1366,3129
2899,2382|3734,3433,2,1,http://www.reactome.org/biopax/96/56210#BiochemicalReaction4897,1,http://www.reactome.org/biopax/96/56210#Catalysis2869,3130
2900,1268|1284|4348,1278|4679,3,2,http://www.reactome.org/biopax/96/56210#BiochemicalReaction247,1,http://www.reactome.org/biopax/96/56210#Catalysis140,3131
2901,2256|5732,2258|5733,2,2,http://www.reactome.org/biopax/96/56210#BiochemicalReaction777,1,http://www.reactome.org/biopax/96/56210#Catalysis507,3132
2902,2619|4568|5510,4503|4569,3,2,http://www.reactome.org/biopax/96/56210#BiochemicalReaction2611,-1,http://www.reactome.org/biopax/96/56210#Control235,3133
2903,2384|3698|4348,2385|4679,3,2,http://www.reactome.org/biopax/96/56210#BiochemicalReaction1115,1,http://www.reactome.org/biopax/96/56210#Catalysis672,3134
2904,3956|3983|4553,3984|4564,3,2,http://www.reactome.org/biopax/96/56210#BiochemicalReaction2008,1,http://www.reactome.org/biopax/96/56210#Catalysis1012,3135
2905,923|4659,4660,2,1,http://www.reactome.org/biopax/96/56210#BiochemicalReaction2728,1,http://www.reactome.org/biopax/96/56210#Catalysis1585,3136
2906,1560|2985|4348,1562|4679,3,2,http://www.reactome.org/biopax/96/56210#BiochemicalReaction3862,1,http://www.reactome.org/biopax/96/56210#Catalysis2391,3137
2907,149|3619,151,2,1,http://www.reactome.org/biopax/96/56210#BiochemicalReaction1002,1,http://www.reactome.org/biopax/96/56210#Control92,3138
2908,3352|5390,5392,2,1,http://www.reactome.org/biopax/96/56210#BiochemicalReaction464,1,http://www.reactome.org/biopax/96/56210#Catalysis275,3140
2909,3209|3687|4553,3210|4564,3,2,http://www.reactome.org/biopax/96/56210#BiochemicalReaction1100,1,http://www.reactome.org/biopax/96/56210#Catalysis663,3142
2910,2795|4948,4949,2,1,http://www.reactome.org/biopax/96/56210#BiochemicalReaction3092,1,http://www.reactome.org/biopax/96/56210#Catalysis1913,3143
2911,3928|3956|4553,3958|4564,3,2,http://www.reactome.org/biopax/96/56210#BiochemicalReaction1963,1,http://www.reactome.org/biopax/96/56210#Catalysis980,3144
2912,185|4266,4269,2,1,http://www.reactome.org/biopax/96/56210#BiochemicalReaction2378,1,http://www.reactome.org/biopax/96/56210#Catalysis1245,3145
2913,3468|3925|4553,3926|4564,3,2,http://www.reactome.org/biopax/96/56210#BiochemicalReaction1871,1,http://www.reactome.org/biopax/96/56210#Catalysis932,3146
2914,3331|4679|4840,4348|4839,3,2,http://www.reactome.org/biopax/96/56210#BiochemicalReaction2975,1,http://www.reactome.org/biopax/96/56210#Catalysis1797,3147
2915,202|5538|5763,5759|5760|5762,3,3,http://www.reactome.org/biopax/96/56210#BiochemicalReaction1066,1,http://www.reactome.org/biopax/96/56210#Catalysis643,3148
2916,844|4322|4428,4166|4429,3,2,http://www.reactome.org/biopax/96/56210#BiochemicalReaction2505,1,http://www.reactome.org/biopax/96/56210#Catalysis1370,3149
2917,823|824,825,2,1,http://www.reactome.org/biopax/96/56210#BiochemicalReaction2425,1,http://www.reactome.org/biopax/96/56210#Catalysis1291,3150
2918,2694|4291|4672|5713,4282|4673,4,2,http://www.reactome.org/biopax/96/56210#BiochemicalReaction2744,1,http://www.reactome.org/biopax/96/56210#Catalysis1598,3151
2919,370|3465|3781,375,3,1,http://www.reactome.org/biopax/96/56210#BiochemicalReaction1425,-1,http://www.reactome.org/biopax/96/56210#Control146,3152
2920,1974|3160|5511,3161|5063,3,2,http://www.reactome.org/biopax/96/56210#BiochemicalReaction4736,1,http://www.reactome.org/biopax/96/56210#Catalysis2726,3153
2921,1843,234|3891,1,2,http://www.reactome.org/biopax/96/56210#BiochemicalReaction4509,1,http://www.reactome.org/biopax/96/56210#Catalysis2643,3155
2922,1074|2787|4348|4929,1075|5209|5236,4,3,http://www.reactome.org/biopax/96/56210#BiochemicalReaction3068,1,http://www.reactome.org/biopax/96/56210#Catalysis1889,3156
2923,2602|4392|4393,4390|4395,3,2,http://www.reactome.org/biopax/96/56210#BiochemicalReaction2481,1,http://www.reactome.org/biopax/96/56210#Catalysis1346,3157
2924,1732|2270|4348,1733|4679,3,2,http://www.reactome.org/biopax/96/56210#BiochemicalReaction4243,1,http://www.reactome.org/biopax/96/56210#Catalysis2537,3158
2925,72|1472,1473,2,1,http://www.reactome.org/biopax/96/56210#BiochemicalReaction3758,1,http://www.reactome.org/biopax/96/56210#Control349,3159
2926,836|4756|5538,4758,3,1,http://www.reactome.org/biopax/96/56210#BiochemicalReaction2826,1,http://www.reactome.org/biopax/96/56210#Catalysis1676,3160
2927,3401|5671,4486,2,1,http://www.reactome.org/biopax/96/56210#BiochemicalReaction591,1,http://www.reactome.org/biopax/96/56210#Catalysis397,3161
2928,616|4553,568|4564,2,2,http://www.reactome.org/biopax/96/56210#BiochemicalReaction1936,1,http://www.reactome.org/biopax/96/56210#Catalysis964,3163
2929,1235|2871|2883,1247,3,1,http://www.reactome.org/biopax/96/56210#BiochemicalReaction3383,1,http://www.reactome.org/biopax/96/56210#Catalysis2187,3164
2930,3350|5488|5490,5489|5491,3,2,http://www.reactome.org/biopax/96/56210#BiochemicalReaction462,1,http://www.reactome.org/biopax/96/56210#Catalysis273,3165
2931,498|4097,499|4098,2,2,http://www.reactome.org/biopax/96/56210#BiochemicalReaction1635,1,http://www.reactome.org/biopax/96/56210#Catalysis834,3166
2932,934|4752|5407,4751|5254|5409,3,3,http://www.reactome.org/biopax/96/56210#BiochemicalReaction2822,1,http://www.reactome.org/biopax/96/56210#Catalysis1672,3167
2933,2201|4348,2202|4679,2,2,http://www.reactome.org/biopax/96/56210#BiochemicalReaction684,1,http://www.reactome.org/biopax/96/56210#Catalysis465,3168
2934,924|4659|4661,4662|5236,3,2,http://www.reactome.org/biopax/96/56210#BiochemicalReaction2731,1,http://www.reactome.org/biopax/96/56210#Catalysis1588,3169
2935,1968|2169,3671,2,1,http://www.reactome.org/biopax/96/56210#BiochemicalReaction4720,1,http://www.reactome.org/biopax/96/56210#Catalysis2720,3170
2936,1109|4994,4995|4996,2,2,http://www.reactome.org/biopax/96/56210#BiochemicalReaction3140,1,http://www.reactome.org/biopax/96/56210#Catalysis1959,3171
2937,404|427|4593,428|4602,3,2,http://www.reactome.org/biopax/96/56210#BiochemicalReaction137,1,http://www.reactome.org/biopax/96/56210#Catalysis92,3172
2938,2016|5388,5387,2,1,http://www.reactome.org/biopax/96/56210#BiochemicalReaction345,1,http://www.reactome.org/biopax/96/56210#Catalysis209,3173
2939,194|2375,195|3659,2,2,http://www.reactome.org/biopax/96/56210#BiochemicalReaction1053,1,http://www.reactome.org/biopax/96/56210#Catalysis635,3174
2940,3521|4571|4572,4573|5246,3,2,http://www.reactome.org/biopax/96/56210#BiochemicalReaction2613,1,http://www.reactome.org/biopax/96/56210#Catalysis1476,3175
2941,492|5414,5369,2,1,http://www.reactome.org/biopax/96/56210#BiochemicalReaction1632,1,http://www.reactome.org/biopax/96/56210#Catalysis832,3176
2942,2202|2205|4348,2203|4679,3,2,http://www.reactome.org/biopax/96/56210#BiochemicalReaction685,1,http://www.reactome.org/biopax/96/56210#Catalysis466,3177
2943,1192|5151|5266|5347,4504|5152|5153,4,3,http://www.reactome.org/biopax/96/56210#BiochemicalReaction3292,1,http://www.reactome.org/biopax/96/56210#Catalysis2111,3178
2944,4002|4511|4512,4265|5396,3,2,http://www.reactome.org/biopax/96/56210#BiochemicalReaction2562,1,http://www.reactome.org/biopax/96/56210#Catalysis1425,3180
2945,2142|4348|5456|5538,4679|4757|5457,4,3,http://www.reactome.org/biopax/96/56210#BiochemicalReaction421,1,http://www.reactome.org/biopax/96/56210#Catalysis235,3181
2946,794|4199,4200,2,1,http://www.reactome.org/biopax/96/56210#BiochemicalReaction2289,1,http://www.reactome.org/biopax/96/56210#Catalysis1166,3183
2947,2780|4348|4917,4679|4918|5713,3,3,http://www.reactome.org/biopax/96/56210#BiochemicalReaction3044,1,http://www.reactome.org/biopax/96/56210#Catalysis1866,3184
2948,490|4089|5538,4090|4091,3,2,http://www.reactome.org/biopax/96/56210#BiochemicalReaction1630,1,http://www.reactome.org/biopax/96/56210#Catalysis831,3185
2949,1294|4348,1295|4679,2,2,http://www.reactome.org/biopax/96/56210#BiochemicalReaction3445,1,http://www.reactome.org/biopax/96/56210#Catalysis2226,3186
2950,37|3472|3833,3243|3470,3,2,http://www.reactome.org/biopax/96/56210#BiochemicalReaction4840,1,http://www.reactome.org/biopax/96/56210#Catalysis2823,3187
2951,2474|4225|5394,4226|5396|5551,3,3,http://www.reactome.org/biopax/96/56210#BiochemicalReaction2334,1,http://www.reactome.org/biopax/96/56210#Catalysis1204,3188
2952,2624|4535|5538,4536|4537,3,2,http://www.reactome.org/biopax/96/56210#BiochemicalReaction2582,1,http://www.reactome.org/biopax/96/56210#Catalysis1445,3189
2953,901|2663|4445|4607|5713,903|4608|5538,5,3,http://www.reactome.org/biopax/96/56210#BiochemicalReaction2680,1,http://www.reactome.org/biopax/96/56210#Catalysis1541,3190
2954,4094|4819|5496|5538,4819|5664|5713,4,3,http://www.reactome.org/biopax/96/56210#BiochemicalReaction2954,-1,http://www.reactome.org/biopax/96/56210#Control290,3191
2955,2434|5532,5657,2,1,http://www.reactome.org/biopax/96/56210#BiochemicalReaction2133,1,http://www.reactome.org/biopax/96/56210#Catalysis1068,3192
2956,893|4582|5538,4557|4757,3,2,http://www.reactome.org/biopax/96/56210#BiochemicalReaction2647,1,http://www.reactome.org/biopax/96/56210#Catalysis1510,3193
2957,1201|5177|5496,5178|5664|5713,3,3,http://www.reactome.org/biopax/96/56210#BiochemicalReaction3320,1,http://www.reactome.org/biopax/96/56210#Catalysis2138,3194
2958,1686|2169,290|1687|3671,2,3,http://www.reactome.org/biopax/96/56210#BiochemicalReaction4138,1,http://www.reactome.org/biopax/96/56210#Catalysis2492,3195
2959,1719|4348,1720|4679,2,2,http://www.reactome.org/biopax/96/56210#BiochemicalReaction4199,1,http://www.reactome.org/biopax/96/56210#Catalysis2515,3196
2960,2167|5635|5651,5658|5659,3,2,http://www.reactome.org/biopax/96/56210#BiochemicalReaction571,1,http://www.reactome.org/biopax/96/56210#Catalysis380,3197
2961,2217|3440,2218,2,1,http://www.reactome.org/biopax/96/56210#BiochemicalReaction698,1,http://www.reactome.org/biopax/96/56210#Control62,3198
2962,1452|4348,1453|4679,2,2,http://www.reactome.org/biopax/96/56210#BiochemicalReaction3735,1,http://www.reactome.org/biopax/96/56210#Catalysis2333,3199
2963,4028|4033|4553,4032|4564,3,2,http://www.reactome.org/biopax/96/56210#BiochemicalReaction188,1,http://www.reactome.org/biopax/96/56210#Catalysis106,3201
2964,792|4066|4172,4195|4198,3,2,http://www.reactome.org/biopax/96/56210#BiochemicalReaction2287,1,http://www.reactome.org/biopax/96/56210#Catalysis1164,3202
2965,2581|4348|5394|5440,4319|4679|4757|5713,4,4,http://www.reactome.org/biopax/96/56210#BiochemicalReaction2432,1,http://www.reactome.org/biopax/96/56210#Catalysis1297,3203
2966,2169|2378,3671|5758|5759|5760,2,4,http://www.reactome.org/biopax/96/56210#BiochemicalReaction1058,1,http://www.reactome.org/biopax/96/56210#Catalysis638,3204
2967,3375|4821|5560,5418|5554,3,2,http://www.reactome.org/biopax/96/56210#BiochemicalReaction506,1,http://www.reactome.org/biopax/96/56210#Catalysis317,3205
2968,3421|5413,5697,2,1,http://www.reactome.org/biopax/96/56210#BiochemicalReaction646,1,http://www.reactome.org/biopax/96/56210#Catalysis443,3206
2969,5474|5772,4780,2,1,http://www.reactome.org/biopax/96/56210#BiochemicalReaction2871,-1,http://www.reactome.org/biopax/96/56210#Control250,3207
2970,3054|3056,3055,2,1,http://www.reactome.org/biopax/96/56210#BiochemicalReaction4328,1,http://www.reactome.org/biopax/96/56210#Catalysis2565,3208
2971,1095|1097|5694,1096|5573,3,2,http://www.reactome.org/biopax/96/56210#BiochemicalReaction3118,1,http://www.reactome.org/biopax/96/56210#Catalysis1938,3209
2972,208|2224|2382,209|2224|3680,3,3,http://www.reactome.org/biopax/96/56210#BiochemicalReaction1081,1,http://www.reactome.org/biopax/96/56210#Catalysis652,3211
2973,1563|2986|5538,1564|4757,3,2,http://www.reactome.org/biopax/96/56210#BiochemicalReaction3865,1,http://www.reactome.org/biopax/96/56210#Catalysis2393,3212
2974,59|239|4433,170|5386,3,2,http://www.reactome.org/biopax/96/56210#BiochemicalReaction1155,1,http://www.reactome.org/biopax/96/56210#Catalysis687,3213
2975,3521|4571|5243,4574|5246,3,2,http://www.reactome.org/biopax/96/56210#BiochemicalReaction2615,1,http://www.reactome.org/biopax/96/56210#Catalysis1478,3214
2976,3985|3986|5538,3316|5236,3,2,http://www.reactome.org/biopax/96/56210#BiochemicalReaction2032,1,http://www.reactome.org/biopax/96/56210#Catalysis1024,3215
2977,2645|4582|5538,4557|4757,3,2,http://www.reactome.org/biopax/96/56210#BiochemicalReaction2642,1,http://www.reactome.org/biopax/96/56210#Catalysis1505,3216
2978,1594|2530|4348,2531|4679,3,2,http://www.reactome.org/biopax/96/56210#BiochemicalReaction3916,-1,http://www.reactome.org/biopax/96/56210#Control366,3217
2979,401|3731,682,2,1,http://www.reactome.org/biopax/96/56210#BiochemicalReaction2041,1,http://www.reactome.org/biopax/96/56210#Catalysis1029,3218
2980,979|4793|5407,5404|5409|5750,3,3,http://www.reactome.org/biopax/96/56210#BiochemicalReaction2892,1,http://www.reactome.org/biopax/96/56210#Catalysis1734,3219
2981,767|4169,4168,2,1,http://www.reactome.org/biopax/96/56210#BiochemicalReaction2262,1,http://www.reactome.org/biopax/96/56210#Catalysis1139,3220
2982,317|319|3794,318,3,1,http://www.reactome.org/biopax/96/56210#BiochemicalReaction1347,-1,http://www.reactome.org/biopax/96/56210#Control139,3221
2983,491|3288|5510,3289,3,1,http://www.reactome.org/biopax/96/56210#BiochemicalReaction4980,1,http://www.reactome.org/biopax/96/56210#Catalysis2903,3222
2984,3717|5492|5497,5499|5502|5504,3,3,http://www.reactome.org/biopax/96/56210#BiochemicalReaction14,1,http://www.reactome.org/biopax/96/56210#Catalysis14,3223
2985,3423|5486,4106,2,1,http://www.reactome.org/biopax/96/56210#BiochemicalReaction642,1,http://www.reactome.org/biopax/96/56210#Catalysis439,3224
2986,1718|1723|4348,1724|4679,3,2,http://www.reactome.org/biopax/96/56210#BiochemicalReaction4203,1,http://www.reactome.org/biopax/96/56210#Catalysis2518,3225
2987,1919|3145|4433,1920|3140|5386,3,3,http://www.reactome.org/biopax/96/56210#BiochemicalReaction4663,1,http://www.reactome.org/biopax/96/56210#Catalysis2700,3226
2988,1303|2788|4348,1310|4679,3,2,http://www.reactome.org/biopax/96/56210#BiochemicalReaction250,1,http://www.reactome.org/biopax/96/56210#Catalysis143,3227
2989,2143|4348|5452|5538,4679|4757|5454,4,3,http://www.reactome.org/biopax/96/56210#BiochemicalReaction422,1,http://www.reactome.org/biopax/96/56210#Catalysis236,3228
2990,2802|4967|5694,4968|5573,3,2,http://www.reactome.org/biopax/96/56210#BiochemicalReaction3120,1,http://www.reactome.org/biopax/96/56210#Catalysis1940,3229
2991,1130|2821|4322|5254,2734|5039,4,2,http://www.reactome.org/biopax/96/56210#BiochemicalReaction3189,1,http://www.reactome.org/biopax/96/56210#Catalysis2008,3230
2992,38|3258|3259,3260|3470,3,2,http://www.reactome.org/biopax/96/56210#BiochemicalReaction4855,1,http://www.reactome.org/biopax/96/56210#Catalysis2838,3231
2993,950|4348,951|4679|5713,2,3,http://www.reactome.org/biopax/96/56210#BiochemicalReaction2855,1,http://www.reactome.org/biopax/96/56210#Catalysis1700,3232
2994,1616|4821,5418,2,1,http://www.reactome.org/biopax/96/56210#BiochemicalReaction303,1,http://www.reactome.org/biopax/96/56210#Catalysis182,3233
2995,1725|2856|4348,3034|4679,3,2,http://www.reactome.org/biopax/96/56210#BiochemicalReaction4215,1,http://www.reactome.org/biopax/96/56210#Catalysis2526,3234
2996,4094|4433|5386|5614,4757|4820|5386|5713,4,4,http://www.reactome.org/biopax/96/56210#BiochemicalReaction2957,-1,http://www.reactome.org/biopax/96/56210#Control294,3235
2997,2566|5538|5756,4305|4757,3,2,http://www.reactome.org/biopax/96/56210#BiochemicalReaction2410,1,http://www.reactome.org/biopax/96/56210#Catalysis1277,3236
2998,2613|4494|5711,4493|5396,3,2,http://www.reactome.org/biopax/96/56210#BiochemicalReaction2544,1,http://www.reactome.org/biopax/96/56210#Catalysis1407,3237
2999,2656|4595|5538,4596|4757,3,2,http://www.reactome.org/biopax/96/56210#BiochemicalReaction2670,1,http://www.reactome.org/biopax/96/56210#Catalysis1531,3238
3000,2424|5510|5702,5397|5703|5709,3,3,http://www.reactome.org/biopax/96/56210#BiochemicalReaction2050,1,http://www.reactome.org/biopax/96/56210#Catalysis1034,3240
3001,2157|4821|5368|5568,5418|5567|5575,4,3,http://www.reactome.org/biopax/96/56210#BiochemicalReaction535,1,http://www.reactome.org/biopax/96/56210#Catalysis346,3241
3002,240|4348|5370,241|4679,3,2,http://www.reactome.org/biopax/96/56210#BiochemicalReaction1157,1,http://www.reactome.org/biopax/96/56210#Control129,3242
3003,1172|4348,1181|4679,2,2,http://www.reactome.org/biopax/96/56210#BiochemicalReaction230,1,http://www.reactome.org/biopax/96/56210#Catalysis134,3243
3004,928|4723,4724,2,1,http://www.reactome.org/biopax/96/56210#BiochemicalReaction2791,1,http://www.reactome.org/biopax/96/56210#Catalysis1643,3245
3005,1589|3759|4348,235|3891|4679|5228,3,4,http://www.reactome.org/biopax/96/56210#BiochemicalReaction3906,1,http://www.reactome.org/biopax/96/56210#Catalysis2412,3246
3006,2411|3822|5230,3823|5538,3,2,http://www.reactome.org/biopax/96/56210#BiochemicalReaction214,1,http://www.reactome.org/biopax/96/56210#Catalysis123,3247
3007,699|3995|4291|5713,696|4282,4,2,http://www.reactome.org/biopax/96/56210#BiochemicalReaction2104,1,http://www.reactome.org/biopax/96/56210#Catalysis1053,3248
3008,2695|4348|4718|5396,4719|5209|5236|5538,4,4,http://www.reactome.org/biopax/96/56210#BiochemicalReaction2787,1,http://www.reactome.org/biopax/96/56210#Catalysis1639,3249
3009,2089|3288|5510,3289,3,1,http://www.reactome.org/biopax/96/56210#BiochemicalReaction4979,1,http://www.reactome.org/biopax/96/56210#Catalysis2902,3250
3010,3994|4131,696,2,1,http://www.reactome.org/biopax/96/56210#BiochemicalReaction2100,1,http://www.reactome.org/biopax/96/56210#Catalysis1049,3251
3011,49|55,2367,2,1,http://www.reactome.org/biopax/96/56210#BiochemicalReaction93,1,http://www.reactome.org/biopax/96/56210#Control4,3252
3012,2152|5404|5545,4450|5547,3,2,http://www.reactome.org/biopax/96/56210#BiochemicalReaction2931,1,http://www.reactome.org/biopax/96/56210#Catalysis1760,3253
3013,2955|3864|4593,2948|4602,3,2,http://www.reactome.org/biopax/96/56210#BiochemicalReaction3623,1,http://www.reactome.org/biopax/96/56210#Catalysis2298,3254
3014,2005|3472|3547,3244|3470,3,2,http://www.reactome.org/biopax/96/56210#BiochemicalReaction4841,1,http://www.reactome.org/biopax/96/56210#Catalysis2824,3255
3015,840|4462|4690,4463|4465|4692,3,3,http://www.reactome.org/biopax/96/56210#BiochemicalReaction2759,1,http://www.reactome.org/biopax/96/56210#Catalysis1613,3256
3016,346|3928|4553,601|4564,3,2,http://www.reactome.org/biopax/96/56210#BiochemicalReaction1917,1,http://www.reactome.org/biopax/96/56210#Catalysis951,3257
3017,1522|4348,1523|4679,2,2,http://www.reactome.org/biopax/96/56210#BiochemicalReaction3815,1,http://www.reactome.org/biopax/96/56210#Catalysis2370,3258
3018,807|2476|4216,2477|4209|5465,3,3,http://www.reactome.org/biopax/96/56210#BiochemicalReaction2342,1,http://www.reactome.org/biopax/96/56210#Catalysis1212,3259
3019,219|1372|4348,1377|3648|4679,3,3,http://www.reactome.org/biopax/96/56210#BiochemicalReaction1118,1,http://www.reactome.org/biopax/96/56210#Catalysis673,3260
3020,185|4295,4297,2,1,http://www.reactome.org/biopax/96/56210#BiochemicalReaction2406,1,http://www.reactome.org/biopax/96/56210#Catalysis1273,3261
3021,0|5496|5538|5631,4879|5664|5713,4,3,http://www.reactome.org/biopax/96/56210#BiochemicalReaction3010,1,http://www.reactome.org/biopax/96/56210#Catalysis1832,3262
3022,657|2169,656|3671,2,2,http://www.reactome.org/biopax/96/56210#BiochemicalReaction1992,1,http://www.reactome.org/biopax/96/56210#Catalysis1005,3263
3023,1428|3671,1430,2,1,http://www.reactome.org/biopax/96/56210#BiochemicalReaction3712,1,http://www.reactome.org/biopax/96/56210#Catalysis2323,3264
3024,2069|5538,2068|2382,2,2,http://www.reactome.org/biopax/96/56210#BiochemicalReaction4893,1,http://www.reactome.org/biopax/96/56210#Catalysis2866,3265
3025,714|4433,715|5386,2,2,http://www.reactome.org/biopax/96/56210#BiochemicalReaction2139,1,http://www.reactome.org/biopax/96/56210#Catalysis1071,3266
3026,1436|4348,1439|4679,2,2,http://www.reactome.org/biopax/96/56210#BiochemicalReaction3720,1,http://www.reactome.org/biopax/96/56210#Catalysis2327,3267
3027,72|1444|4348,1460|4679,3,2,http://www.reactome.org/biopax/96/56210#BiochemicalReaction3748,1,http://www.reactome.org/biopax/96/56210#Catalysis2338,3268
3028,1856|3724|4445|4450,3725|4460|4469,4,3,http://www.reactome.org/biopax/96/56210#BiochemicalReaction73,1,http://www.reactome.org/biopax/96/56210#Catalysis58,3269
3029,1534|4348,1535|4679,2,2,http://www.reactome.org/biopax/96/56210#BiochemicalReaction3827,1,http://www.reactome.org/biopax/96/56210#Catalysis2376,3270
3030,2255|5426,2256|5733,2,2,http://www.reactome.org/biopax/96/56210#BiochemicalReaction776,1,http://www.reactome.org/biopax/96/56210#Catalysis506,3271
3031,808|4242|5496,4243|5664|5713,3,3,http://www.reactome.org/biopax/96/56210#BiochemicalReaction2357,1,http://www.reactome.org/biopax/96/56210#Catalysis1224,3272
3032,3329|4821|5369,5414|5418,3,2,http://www.reactome.org/biopax/96/56210#BiochemicalReaction436,1,http://www.reactome.org/biopax/96/56210#Catalysis248,3274
3033,965|5409|5428,966|5254|5430,3,3,http://www.reactome.org/biopax/96/56210#BiochemicalReaction2880,1,http://www.reactome.org/biopax/96/56210#Control258,3275
3034,3051|4017,3052,2,1,http://www.reactome.org/biopax/96/56210#BiochemicalReaction4314,1,http://www.reactome.org/biopax/96/56210#Control398,3276
3035,900|4586|5538,4592|4757,3,2,http://www.reactome.org/biopax/96/56210#BiochemicalReaction2666,1,http://www.reactome.org/biopax/96/56210#Catalysis1528,3277
3036,2146|5388,5387,2,1,http://www.reactome.org/biopax/96/56210#BiochemicalReaction429,1,http://www.reactome.org/biopax/96/56210#Catalysis241,3278
3037,1555|2985|4348,1561|4679,3,2,http://www.reactome.org/biopax/96/56210#BiochemicalReaction3860,1,http://www.reactome.org/biopax/96/56210#Catalysis2390,3279
3038,1020|4460|4813,4814|5713,3,2,http://www.reactome.org/biopax/96/56210#BiochemicalReaction2949,1,http://www.reactome.org/biopax/96/56210#Catalysis1773,3280
3039,1341|4433,1342|5386,2,2,http://www.reactome.org/biopax/96/56210#BiochemicalReaction3540,1,http://www.reactome.org/biopax/96/56210#Catalysis2259,3281
3040,902|5254|5352,5253|5353,3,2,http://www.reactome.org/biopax/96/56210#BiochemicalReaction210,1,http://www.reactome.org/biopax/96/56210#Catalysis120,3282
3041,2083|2169,2081|3671,2,2,http://www.reactome.org/biopax/96/56210#BiochemicalReaction4963,1,http://www.reactome.org/biopax/96/56210#Catalysis2890,3283
3042,1381|2953|4593,2954|4602,3,2,http://www.reactome.org/biopax/96/56210#BiochemicalReaction3621,1,http://www.reactome.org/biopax/96/56210#Catalysis2297,3284
3043,725|5680,5679,2,1,http://www.reactome.org/biopax/96/56210#BiochemicalReaction2171,1,http://www.reactome.org/biopax/96/56210#Catalysis1085,3285
3044,1858|4348,1859|4679,2,2,http://www.reactome.org/biopax/96/56210#BiochemicalReaction4573,1,http://www.reactome.org/biopax/96/56210#Catalysis2669,3286
3045,2654|4586|5538,4592|4757,3,2,http://www.reactome.org/biopax/96/56210#BiochemicalReaction2664,1,http://www.reactome.org/biopax/96/56210#Catalysis1526,3287
3046,2459|2538|4348,2460|4679|5465,3,3,http://www.reactome.org/biopax/96/56210#BiochemicalReaction2312,1,http://www.reactome.org/biopax/96/56210#Catalysis1187,3288
3047,2649|4554|5538,4557|4757,3,2,http://www.reactome.org/biopax/96/56210#BiochemicalReaction2655,1,http://www.reactome.org/biopax/96/56210#Catalysis1518,3289
3048,618|3945|4348,3946|4679,3,2,http://www.reactome.org/biopax/96/56210#BiochemicalReaction1941,1,http://www.reactome.org/biopax/96/56210#Catalysis968,3290
3049,949|4031,950,2,1,http://www.reactome.org/biopax/96/56210#BiochemicalReaction2854,1,http://www.reactome.org/biopax/96/56210#Catalysis1699,3291
3050,171|1790|5538,1791|4757,3,2,http://www.reactome.org/biopax/96/56210#BiochemicalReaction4378,1,http://www.reactome.org/biopax/96/56210#Catalysis2584,3292
3051,3189|5291|5292,5293|5294,3,2,http://www.reactome.org/biopax/96/56210#BiochemicalReaction4778,1,http://www.reactome.org/biopax/96/56210#Catalysis2768,3293
3052,2633|4559|5711,5396|5726,3,2,http://www.reactome.org/biopax/96/56210#BiochemicalReaction2604,1,http://www.reactome.org/biopax/96/56210#Catalysis1467,3294
3053,71|3516,3517|3518,2,2,http://www.reactome.org/biopax/96/56210#BiochemicalReaction877,1,http://www.reactome.org/biopax/96/56210#Catalysis562,3295
3054,1178|4445|5372|5591,5044|5128,4,2,http://www.reactome.org/biopax/96/56210#BiochemicalReaction3272,1,http://www.reactome.org/biopax/96/56210#Catalysis2091,3296
3055,965|969|5428,966|5254|5430,3,3,http://www.reactome.org/biopax/96/56210#BiochemicalReaction2880,1,http://www.reactome.org/biopax/96/56210#Catalysis1723,3297
3056,1745,1746|3046|3047|3743|4564|4577,1,6,http://www.reactome.org/biopax/96/56210#BiochemicalReaction4282,1,http://www.reactome.org/biopax/96/56210#Catalysis2553,3298
3057,1267|1277|4348,1279|4679,3,2,http://www.reactome.org/biopax/96/56210#BiochemicalReaction3424,1,http://www.reactome.org/biopax/96/56210#Catalysis2215,3299
3058,1545|4348,1547|4679,2,2,http://www.reactome.org/biopax/96/56210#BiochemicalReaction3843,1,http://www.reactome.org/biopax/96/56210#Catalysis2384,3300
3059,329|3731|3800,330,3,1,http://www.reactome.org/biopax/96/56210#BiochemicalReaction1370,1,http://www.reactome.org/biopax/96/56210#Catalysis746,3301
3060,882|4438|4571,4322|5246,3,2,http://www.reactome.org/biopax/96/56210#BiochemicalReaction2617,1,http://www.reactome.org/biopax/96/56210#Catalysis1480,3302
3061,2005|3462,3238|3470,2,2,http://www.reactome.org/biopax/96/56210#BiochemicalReaction4836,1,http://www.reactome.org/biopax/96/56210#Catalysis2819,3303
3062,1903|3141|4433,1904|3140|5386,3,3,http://www.reactome.org/biopax/96/56210#BiochemicalReaction4656,1,http://www.reactome.org/biopax/96/56210#Catalysis2693,3304
3063,910|2454|4203,911|4213,3,2,http://www.reactome.org/biopax/96/56210#BiochemicalReaction2703,1,http://www.reactome.org/biopax/96/56210#Catalysis1561,3305
3064,1514|4348,1516|4679,2,2,http://www.reactome.org/biopax/96/56210#BiochemicalReaction3804,1,http://www.reactome.org/biopax/96/56210#Catalysis2364,3306
3065,4163|4164|5404|5428,4165|5254|5430|5431,4,4,http://www.reactome.org/biopax/96/56210#BiochemicalReaction2235,-1,http://www.reactome.org/biopax/96/56210#Control203,3307
3066,2568|4266|5538,4267|4757,3,2,http://www.reactome.org/biopax/96/56210#BiochemicalReaction2376,1,http://www.reactome.org/biopax/96/56210#Catalysis1243,3309
3067,831|4334|4335|4445|5713,4336|4337|5538,5,3,http://www.reactome.org/biopax/96/56210#BiochemicalReaction2445,1,http://www.reactome.org/biopax/96/56210#Catalysis1310,3310
3068,1104|4985|5253|5254|5409,4986|5276|5407,5,3,http://www.reactome.org/biopax/96/56210#BiochemicalReaction3131,1,http://www.reactome.org/biopax/96/56210#Control310,3311
3069,1612|3671,1613|3668,2,2,http://www.reactome.org/biopax/96/56210#BiochemicalReaction3938,1,http://www.reactome.org/biopax/96/56210#Catalysis2431,3312
3070,1927|5390,5392,2,1,http://www.reactome.org/biopax/96/56210#BiochemicalReaction335,1,http://www.reactome.org/biopax/96/56210#Catalysis201,3313
3071,2574|5538|5756,4305|4757,3,2,http://www.reactome.org/biopax/96/56210#BiochemicalReaction2411,1,http://www.reactome.org/biopax/96/56210#Catalysis1278,3314
3072,3333|5397|5698,5473|5713,3,2,http://www.reactome.org/biopax/96/56210#BiochemicalReaction440,1,http://www.reactome.org/biopax/96/56210#Catalysis252,3316
3073,2407|5510|5702,4103|5703,3,2,http://www.reactome.org/biopax/96/56210#BiochemicalReaction1827,1,http://www.reactome.org/biopax/96/56210#Catalysis905,3317
3074,3611|5538|5744,4757|5745,3,2,http://www.reactome.org/biopax/96/56210#BiochemicalReaction996,1,http://www.reactome.org/biopax/96/56210#Catalysis607,3318
3075,2328|4348|5461|5538,4679|4757|5462,4,3,http://www.reactome.org/biopax/96/56210#BiochemicalReaction425,1,http://www.reactome.org/biopax/96/56210#Catalysis239,3319
3076,1847|2199|4348,1848|4679,3,2,http://www.reactome.org/biopax/96/56210#BiochemicalReaction4530,1,http://www.reactome.org/biopax/96/56210#Catalysis2654,3320
3077,981|4753|5430|5431,4322|5408|5428,4,3,http://www.reactome.org/biopax/96/56210#BiochemicalReaction2896,1,http://www.reactome.org/biopax/96/56210#Catalysis1738,3321
3078,3184|4066,5283,2,1,http://www.reactome.org/biopax/96/56210#BiochemicalReaction4769,1,http://www.reactome.org/biopax/96/56210#Catalysis2759,3322
3079,2790|5533|5540,5530|5543,3,2,http://www.reactome.org/biopax/96/56210#BiochemicalReaction3074,1,http://www.reactome.org/biopax/96/56210#Catalysis1895,3323
3080,2715|2717|4144,2716|5396,3,2,http://www.reactome.org/biopax/96/56210#BiochemicalReaction2852,1,http://www.reactome.org/biopax/96/56210#Catalysis1698,3324
3081,226|2870|4348,227|4679,3,2,http://www.reactome.org/biopax/96/56210#BiochemicalReaction1139,1,http://www.reactome.org/biopax/96/56210#Catalysis677,3325
3082,3344|5418|5440,4821|5441,3,2,http://www.reactome.org/biopax/96/56210#BiochemicalReaction454,1,http://www.reactome.org/biopax/96/56210#Control45,3326
3083,2693|4670|5496,4671|5664|5713,3,3,http://www.reactome.org/biopax/96/56210#BiochemicalReaction2743,1,http://www.reactome.org/biopax/96/56210#Catalysis1597,3327
3084,1355|4348,1357|4679,2,2,http://www.reactome.org/biopax/96/56210#BiochemicalReaction3569,1,http://www.reactome.org/biopax/96/56210#Catalysis2271,3328
3085,735|5660,736|5653|5713,2,3,http://www.reactome.org/biopax/96/56210#BiochemicalReaction2212,1,http://www.reactome.org/biopax/96/56210#Catalysis1091,3329
3086,37|185|3809,3239|3470,3,2,http://www.reactome.org/biopax/96/56210#BiochemicalReaction4837,1,http://www.reactome.org/biopax/96/56210#Catalysis2820,3330
3087,4001|4142|4291|4445|5713,4143|4282|5538,5,3,http://www.reactome.org/biopax/96/56210#BiochemicalReaction2116,1,http://www.reactome.org/biopax/96/56210#Catalysis1061,3331
3088,3420|5414,5369,2,1,http://www.reactome.org/biopax/96/56210#BiochemicalReaction628,1,http://www.reactome.org/biopax/96/56210#Catalysis430,3332
3089,3207|3226|5647,3227|5465|5645,3,3,http://www.reactome.org/biopax/96/56210#BiochemicalReaction4826,1,http://www.reactome.org/biopax/96/56210#Catalysis2809,3333
3090,1890|4348|4554,4679|5757,3,2,http://www.reactome.org/biopax/96/56210#BiochemicalReaction4645,1,http://www.reactome.org/biopax/96/56210#Catalysis2689,3334
3091,2619|5415|5510,4503|4551,3,2,http://www.reactome.org/biopax/96/56210#BiochemicalReaction2597,-1,http://www.reactome.org/biopax/96/56210#Control233,3335
