hyperedge_id,source_nodes,target_nodes,source_size,target_size,reaction_id,sign,control_id,old_hyperedge_id
0,6610|9453,7444,2,1,http://www.reactome.org/biopax/96/48895#BiochemicalReaction2127,1,http://www.reactome.org/biopax/96/48895#Catalysis1028,0
1,2882|4477|9565,4478|9655,3,2,http://www.reactome.org/biopax/96/48895#BiochemicalReaction5541,1,http://www.reactome.org/biopax/96/48895#Catalysis2282,1
2,949|2679|9070,950|7507,3,2,http://www.reactome.org/biopax/96/48895#BiochemicalReaction5070,1,http://www.reactome.org/biopax/96/48895#Catalysis2161,2
3,4656|4662|9546,4663|9550,3,2,http://www.reactome.org/biopax/96/48895#BiochemicalReaction6184,1,http://www.reactome.org/biopax/96/48895#Catalysis2533,3
4,375|5820,378,2,1,http://www.reactome.org/biopax/96/48895#BiochemicalReaction8850,1,http://www.reactome.org/biopax/96/48895#Control866,4
5,4481|5087,5086,2,1,http://www.reactome.org/biopax/96/48895#BiochemicalReaction6857,1,http://www.reactome.org/biopax/96/48895#Catalysis2974,5
6,5082|5083|5085,4481|5084,3,2,http://www.reactome.org/biopax/96/48895#BiochemicalReaction6855,-1,http://www.reactome.org/biopax/96/48895#Control620,6
7,3374|9565,3375|3907,2,2,http://www.reactome.org/biopax/96/48895#BiochemicalReaction6705,1,http://www.reactome.org/biopax/96/48895#Catalysis2891,7
8,5445|8321|9339,7466|8489|9397,3,3,http://www.reactome.org/biopax/96/48895#BiochemicalReaction7583,1,http://www.reactome.org/biopax/96/48895#Catalysis3637,8
9,4773|7398|9565,7387|7721|7949,3,3,http://www.reactome.org/biopax/96/48895#BiochemicalReaction6478,1,http://www.reactome.org/biopax/96/48895#Catalysis2680,9
10,3283|3285|7508|9429,3284|9430|9517,4,3,http://www.reactome.org/biopax/96/48895#BiochemicalReaction6445,1,http://www.reactome.org/biopax/96/48895#Catalysis2647,10
11,5589|7237|8764,7635|7949|8765,3,3,http://www.reactome.org/biopax/96/48895#BiochemicalReaction8085,1,http://www.reactome.org/biopax/96/48895#Catalysis4093,11
12,5272|7923|9546,7926|9550,3,2,http://www.reactome.org/biopax/96/48895#BiochemicalReaction7152,1,http://www.reactome.org/biopax/96/48895#Catalysis3220,12
13,5449|7378|8333,7377|8334|9632,3,3,http://www.reactome.org/biopax/96/48895#BiochemicalReaction7590,1,http://www.reactome.org/biopax/96/48895#Catalysis3644,13
14,1314|6767|9587,2046|9596,3,2,http://www.reactome.org/biopax/96/48895#BiochemicalReaction2578,1,http://www.reactome.org/biopax/96/48895#Catalysis1196,14
15,2384|5892|7237,5893|7635,3,2,http://www.reactome.org/biopax/96/48895#BiochemicalReaction8931,1,http://www.reactome.org/biopax/96/48895#Catalysis4788,15
16,1437|3032,669|4844,2,2,http://www.reactome.org/biopax/96/48895#BiochemicalReaction2769,1,http://www.reactome.org/biopax/96/48895#Catalysis1308,16
17,2722|6896|7126,4949|5900,3,2,http://www.reactome.org/biopax/96/48895#BiochemicalReaction6626,1,http://www.reactome.org/biopax/96/48895#Catalysis2820,17
18,3546|7635|9597,7545|7949|9623,3,3,http://www.reactome.org/biopax/96/48895#BiochemicalReaction6976,1,http://www.reactome.org/biopax/96/48895#Catalysis3055,18
19,143|5075|8982|9667,5650|7551,4,2,http://www.reactome.org/biopax/96/48895#BiochemicalReaction8340,1,http://www.reactome.org/biopax/96/48895#Catalysis4341,19
20,899|902|7318,901|6424,3,2,http://www.reactome.org/biopax/96/48895#BiochemicalReaction1620,1,http://www.reactome.org/biopax/96/48895#Catalysis693,20
21,6110|9413,9412,2,1,http://www.reactome.org/biopax/96/48895#BiochemicalReaction968,1,http://www.reactome.org/biopax/96/48895#Catalysis421,21
22,3646|8996|9444,8997,3,1,http://www.reactome.org/biopax/96/48895#BiochemicalReaction8356,1,http://www.reactome.org/biopax/96/48895#Catalysis4357,22
23,1362|2808,1360|5415,2,2,http://www.reactome.org/biopax/96/48895#BiochemicalReaction2658,1,http://www.reactome.org/biopax/96/48895#Catalysis1242,23
24,60|5617,61,2,1,http://www.reactome.org/biopax/96/48895#BiochemicalReaction8195,1,http://www.reactome.org/biopax/96/48895#Catalysis4203,24
25,6083|8530,8537,2,1,http://www.reactome.org/biopax/96/48895#BiochemicalReaction906,1,http://www.reactome.org/biopax/96/48895#Catalysis368,25
26,248|8026|8489|8747|9176,8027|8467|9177,5,3,http://www.reactome.org/biopax/96/48895#BiochemicalReaction8555,-1,http://www.reactome.org/biopax/96/48895#Control836,26
27,1779|7013|9546,7011|9550,3,2,http://www.reactome.org/biopax/96/48895#BiochemicalReaction3367,1,http://www.reactome.org/biopax/96/48895#Catalysis1550,27
28,155|2118|4161|7237,155|2119|7545|8228,4,4,http://www.reactome.org/biopax/96/48895#BiochemicalReaction4132,1,http://www.reactome.org/biopax/96/48895#Catalysis1832,29
29,1275|6790|9587,1337|9596,3,2,http://www.reactome.org/biopax/96/48895#BiochemicalReaction2619,1,http://www.reactome.org/biopax/96/48895#Catalysis1221,31
30,5435|7281|7459|7949,7580|8305|9517,4,3,http://www.reactome.org/biopax/96/48895#BiochemicalReaction7570,-1,http://www.reactome.org/biopax/96/48895#Control705,32
31,3696|8265|9444,8260|8272,3,2,http://www.reactome.org/biopax/96/48895#BiochemicalReaction7505,1,http://www.reactome.org/biopax/96/48895#Catalysis3562,33
32,5067|5068|5070,4708|5069|9667,3,3,http://www.reactome.org/biopax/96/48895#BiochemicalReaction6841,1,http://www.reactome.org/biopax/96/48895#Catalysis2963,34
33,5633|7237|7546|8692,7635|8905|9655,4,3,http://www.reactome.org/biopax/96/48895#BiochemicalReaction8244,1,http://www.reactome.org/biopax/96/48895#Catalysis4249,35
34,1044|1844|7548,1843,3,1,http://www.reactome.org/biopax/96/48895#BiochemicalReaction3501,-1,http://www.reactome.org/biopax/96/48895#Control320,36
35,1801|3206|7026,1800,3,1,http://www.reactome.org/biopax/96/48895#BiochemicalReaction6243,-1,http://www.reactome.org/biopax/96/48895#Control586,37
36,5286|7237|7579|9600,7635|7949|7964|9655,4,4,http://www.reactome.org/biopax/96/48895#BiochemicalReaction7203,1,http://www.reactome.org/biopax/96/48895#Catalysis3269,38
37,3442|3552,3486,2,1,http://www.reactome.org/biopax/96/48895#BiochemicalReaction49,1,http://www.reactome.org/biopax/96/48895#Control4,39
38,514|517|6044|6045|6046|7237,511|6042|6043|6044|7635|9655,6,6,http://www.reactome.org/biopax/96/48895#BiochemicalReaction798,1,http://www.reactome.org/biopax/96/48895#Catalysis308,40
39,5500|7537|9564,7493|9678,3,2,http://www.reactome.org/biopax/96/48895#BiochemicalReaction7748,1,http://www.reactome.org/biopax/96/48895#Catalysis3796,41
40,556|7423,7238,2,1,http://www.reactome.org/biopax/96/48895#BiochemicalReaction842,1,http://www.reactome.org/biopax/96/48895#Catalysis334,42
41,1806|7038,7039,2,1,http://www.reactome.org/biopax/96/48895#BiochemicalReaction3402,1,http://www.reactome.org/biopax/96/48895#Catalysis1564,43
42,5371|7459|8216,7534|7580,3,2,http://www.reactome.org/biopax/96/48895#BiochemicalReaction7428,1,http://www.reactome.org/biopax/96/48895#Catalysis3485,44
43,6576|7381|7398,7387|7400,3,2,http://www.reactome.org/biopax/96/48895#BiochemicalReaction2019,1,http://www.reactome.org/biopax/96/48895#Catalysis951,45
44,5478|7508|7949|8407|9644,8408|9565|9633,5,3,http://www.reactome.org/biopax/96/48895#BiochemicalReaction7661,1,http://www.reactome.org/biopax/96/48895#Catalysis3711,46
45,965|9451|9574,9573|9577,3,2,http://www.reactome.org/biopax/96/48895#BiochemicalReaction1785,1,http://www.reactome.org/biopax/96/48895#Catalysis746,47
46,152|7621|8998,7540|7622|9667,3,3,http://www.reactome.org/biopax/96/48895#BiochemicalReaction8358,1,http://www.reactome.org/biopax/96/48895#Catalysis4359,48
47,807|4628|9565,581|9655,3,2,http://www.reactome.org/biopax/96/48895#BiochemicalReaction6030,1,http://www.reactome.org/biopax/96/48895#Catalysis2483,49
48,5461|8366|9565,7497|9597,3,2,http://www.reactome.org/biopax/96/48895#BiochemicalReaction7622,1,http://www.reactome.org/biopax/96/48895#Catalysis3674,50
49,7189|7192|7554,7190|7555,3,2,http://www.reactome.org/biopax/96/48895#BiochemicalReaction3638,-1,http://www.reactome.org/biopax/96/48895#Control338,51
50,1021|7508|7949|9431,7412,4,1,http://www.reactome.org/biopax/96/48895#BiochemicalReaction2056,1,http://www.reactome.org/biopax/96/48895#Catalysis976,52
51,7334|7818|9070|9108,7507|7949|8702|9655,4,4,http://www.reactome.org/biopax/96/48895#BiochemicalReaction8033,-1,http://www.reactome.org/biopax/96/48895#Control782,53
52,2029|7211,1805,2,1,http://www.reactome.org/biopax/96/48895#BiochemicalReaction3872,1,http://www.reactome.org/biopax/96/48895#Control367,54
53,6538|7283|7537,7285|7493,3,2,http://www.reactome.org/biopax/96/48895#BiochemicalReaction1933,1,http://www.reactome.org/biopax/96/48895#Catalysis871,55
54,5284|7237|7491|7580,7579|7635|7812|9655,4,4,http://www.reactome.org/biopax/96/48895#BiochemicalReaction7200,1,http://www.reactome.org/biopax/96/48895#Control685,56
55,4776|7378|7727,7377|7728,3,2,http://www.reactome.org/biopax/96/48895#BiochemicalReaction6485,1,http://www.reactome.org/biopax/96/48895#Catalysis2687,57
56,949|2405|9070,950|7507,3,2,http://www.reactome.org/biopax/96/48895#BiochemicalReaction4690,1,http://www.reactome.org/biopax/96/48895#Catalysis1990,58
57,4817|5905|9546,5906|9550,3,2,http://www.reactome.org/biopax/96/48895#BiochemicalReaction505,1,http://www.reactome.org/biopax/96/48895#Catalysis196,59
58,2096|7237,2194|7635,2,2,http://www.reactome.org/biopax/96/48895#BiochemicalReaction21,1,http://www.reactome.org/biopax/96/48895#Catalysis10,60
59,2642|9070,2643|7507,2,2,http://www.reactome.org/biopax/96/48895#BiochemicalReaction5019,1,http://www.reactome.org/biopax/96/48895#Catalysis2131,61
60,992|7556|9466|9649,7407|9451,4,2,http://www.reactome.org/biopax/96/48895#BiochemicalReaction2041,1,http://www.reactome.org/biopax/96/48895#Catalysis970,62
61,19|8792|9565,7949|8228|8793,3,3,http://www.reactome.org/biopax/96/48895#BiochemicalReaction8113,1,http://www.reactome.org/biopax/96/48895#Catalysis4121,63
62,575|7369|8179|9565,7949|8199|8779,4,3,http://www.reactome.org/biopax/96/48895#BiochemicalReaction8101,1,http://www.reactome.org/biopax/96/48895#Catalysis4109,64
63,4160|7134,7135,2,1,http://www.reactome.org/biopax/96/48895#BiochemicalReaction3504,1,http://www.reactome.org/biopax/96/48895#Catalysis1617,65
64,2037|4247|6373,2038,3,1,http://www.reactome.org/biopax/96/48895#BiochemicalReaction3886,-1,http://www.reactome.org/biopax/96/48895#Control371,66
65,636|6153|9565,637|9655,3,2,http://www.reactome.org/biopax/96/48895#BiochemicalReaction1048,1,http://www.reactome.org/biopax/96/48895#Catalysis455,67
66,2029|6950,1805,2,1,http://www.reactome.org/biopax/96/48895#BiochemicalReaction3872,1,http://www.reactome.org/biopax/96/48895#Control366,68
67,1962|5033|7949|9644,5032|9633,4,2,http://www.reactome.org/biopax/96/48895#BiochemicalReaction362,1,http://www.reactome.org/biopax/96/48895#Catalysis127,69
68,1977|4165|9565,7558|7561|7562,3,3,http://www.reactome.org/biopax/96/48895#BiochemicalReaction3732,1,http://www.reactome.org/biopax/96/48895#Catalysis1717,70
69,2366|7237,2368|7635,2,2,http://www.reactome.org/biopax/96/48895#BiochemicalReaction4611,1,http://www.reactome.org/biopax/96/48895#Catalysis1974,71
70,22|8804|9444,8719|8805|9667,3,3,http://www.reactome.org/biopax/96/48895#BiochemicalReaction8119,1,http://www.reactome.org/biopax/96/48895#Catalysis4127,72
71,2|8742|9587,7365|8743|9515,3,3,http://www.reactome.org/biopax/96/48895#BiochemicalReaction8069,1,http://www.reactome.org/biopax/96/48895#Catalysis4077,73
72,1457|6657,1458,2,1,http://www.reactome.org/biopax/96/48895#BiochemicalReaction2797,1,http://www.reactome.org/biopax/96/48895#Catalysis1320,74
73,442|443|5971|5972|5973|5976,444,6,1,http://www.reactome.org/biopax/96/48895#BiochemicalReaction703,-1,http://www.reactome.org/biopax/96/48895#Control53,75
74,4790|7237|7745,7635|7746|7949,3,3,http://www.reactome.org/biopax/96/48895#BiochemicalReaction6498,1,http://www.reactome.org/biopax/96/48895#Catalysis2700,76
75,5487|7458|7508|7949|9644,8427|9565|9633,5,3,http://www.reactome.org/biopax/96/48895#BiochemicalReaction7683,1,http://www.reactome.org/biopax/96/48895#Catalysis3731,77
76,2204|7237,2205|7635,2,2,http://www.reactome.org/biopax/96/48895#BiochemicalReaction4276,1,http://www.reactome.org/biopax/96/48895#Catalysis1882,78
77,2451|6951|9551,2452,3,1,http://www.reactome.org/biopax/96/48895#BiochemicalReaction4757,1,http://www.reactome.org/biopax/96/48895#Control433,79
78,5401|8081|8259,8104|9685,3,2,http://www.reactome.org/biopax/96/48895#BiochemicalReaction7498,1,http://www.reactome.org/biopax/96/48895#Catalysis3555,80
79,6297|6298,6296|9513,2,2,http://www.reactome.org/biopax/96/48895#BiochemicalReaction1393,1,http://www.reactome.org/biopax/96/48895#Catalysis583,81
80,3540|7816,7817,2,1,http://www.reactome.org/biopax/96/48895#BiochemicalReaction6963,1,http://www.reactome.org/biopax/96/48895#Catalysis3044,82
81,2034|2036|7237,2035|7635,3,2,http://www.reactome.org/biopax/96/48895#BiochemicalReaction3885,1,http://www.reactome.org/biopax/96/48895#Control370,83
82,262|8868|9295,8875|9296,3,2,http://www.reactome.org/biopax/96/48895#BiochemicalReaction8630,1,http://www.reactome.org/biopax/96/48895#Catalysis4624,84
83,3378|9565,3379|3907,2,2,http://www.reactome.org/biopax/96/48895#BiochemicalReaction6707,1,http://www.reactome.org/biopax/96/48895#Catalysis2893,85
84,768|6054|7237,772|7635,3,2,http://www.reactome.org/biopax/96/48895#BiochemicalReaction1247,1,http://www.reactome.org/biopax/96/48895#Catalysis544,86
85,5219|5221|7237,5223|7635,3,2,http://www.reactome.org/biopax/96/48895#BiochemicalReaction396,1,http://www.reactome.org/biopax/96/48895#Catalysis140,87
86,4610|4614|9565,5415|7173,3,2,http://www.reactome.org/biopax/96/48895#BiochemicalReaction6004,1,http://www.reactome.org/biopax/96/48895#Catalysis2472,88
87,635|9566|9587,633|5940|7359|9576,3,4,http://www.reactome.org/biopax/96/48895#BiochemicalReaction1047,1,http://www.reactome.org/biopax/96/48895#Catalysis454,89
88,158|7330|7619|9485|9667,9008|9444|9486,5,3,http://www.reactome.org/biopax/96/48895#BiochemicalReaction8369,1,http://www.reactome.org/biopax/96/48895#Catalysis4370,90
89,4574|5975|9546,4578|9550,3,2,http://www.reactome.org/biopax/96/48895#BiochemicalReaction5957,1,http://www.reactome.org/biopax/96/48895#Catalysis2442,92
90,2722|4920|5911,4919|5900,3,2,http://www.reactome.org/biopax/96/48895#BiochemicalReaction6601,1,http://www.reactome.org/biopax/96/48895#Catalysis2795,93
91,5297|8026|8046|8064,7644|8065|8467|9158,4,4,http://www.reactome.org/biopax/96/48895#BiochemicalReaction7298,1,http://www.reactome.org/biopax/96/48895#Catalysis3357,94
92,4399|4400|9551,2486,3,1,http://www.reactome.org/biopax/96/48895#BiochemicalReaction4804,1,http://www.reactome.org/biopax/96/48895#Control439,95
93,3339|3344|9559,3483|7365,3,2,http://www.reactome.org/biopax/96/48895#BiochemicalReaction605,1,http://www.reactome.org/biopax/96/48895#Catalysis219,96
94,1118|6659|9070,1115|7507,3,2,http://www.reactome.org/biopax/96/48895#BiochemicalReaction2290,1,http://www.reactome.org/biopax/96/48895#Catalysis1084,97
95,3631|8005,8012,2,1,http://www.reactome.org/biopax/96/48895#BiochemicalReaction7254,1,http://www.reactome.org/biopax/96/48895#Catalysis3313,98
96,5482|7508|7949|8412|9644,8413|9565|9633,5,3,http://www.reactome.org/biopax/96/48895#BiochemicalReaction7665,1,http://www.reactome.org/biopax/96/48895#Catalysis3715,99
97,2102|7237,2101|4275|7635,2,3,http://www.reactome.org/biopax/96/48895#BiochemicalReaction4096,1,http://www.reactome.org/biopax/96/48895#Catalysis1816,100
98,19|8787|9565,7949|8228|8788,3,3,http://www.reactome.org/biopax/96/48895#BiochemicalReaction8110,1,http://www.reactome.org/biopax/96/48895#Catalysis4118,101
99,3194|4685|7134,3195,3,1,http://www.reactome.org/biopax/96/48895#BiochemicalReaction6237,1,http://www.reactome.org/biopax/96/48895#Control578,102
100,2845|4456|9529,2844,3,1,http://www.reactome.org/biopax/96/48895#BiochemicalReaction5387,1,http://www.reactome.org/biopax/96/48895#Control494,103
101,6099|7579,5724|7580,2,2,http://www.reactome.org/biopax/96/48895#BiochemicalReaction8647,1,http://www.reactome.org/biopax/96/48895#Catalysis4641,104
102,7237|7423|7828,7635|7829|7949,3,3,http://www.reactome.org/biopax/96/48895#BiochemicalReaction6993,1,http://www.reactome.org/biopax/96/48895#Control673,105
103,5588|6111|9546,6880|9550,3,2,http://www.reactome.org/biopax/96/48895#BiochemicalReaction2964,1,http://www.reactome.org/biopax/96/48895#Catalysis1414,106
104,5161|5162,3544,2,1,http://www.reactome.org/biopax/96/48895#BiochemicalReaction6970,1,http://www.reactome.org/biopax/96/48895#Catalysis3051,107
105,5134|5804|9546,5805|9550,3,2,http://www.reactome.org/biopax/96/48895#BiochemicalReaction459,1,http://www.reactome.org/biopax/96/48895#Catalysis179,108
106,3659|3974|8142|9482,8140|8143,4,2,http://www.reactome.org/biopax/96/48895#BiochemicalReaction7356,1,http://www.reactome.org/biopax/96/48895#Catalysis3413,109
107,2604|7237,2605|7635,2,2,http://www.reactome.org/biopax/96/48895#BiochemicalReaction4964,1,http://www.reactome.org/biopax/96/48895#Catalysis2112,110
108,5347|7459|8191,7580|8190,3,2,http://www.reactome.org/biopax/96/48895#BiochemicalReaction7389,1,http://www.reactome.org/biopax/96/48895#Catalysis3446,111
109,5316|7508|8632,8633,3,1,http://www.reactome.org/biopax/96/48895#BiochemicalReaction7876,1,http://www.reactome.org/biopax/96/48895#Catalysis3916,112
110,4045|8574|8619,8628|9397,3,2,http://www.reactome.org/biopax/96/48895#BiochemicalReaction908,1,http://www.reactome.org/biopax/96/48895#Catalysis370,113
111,3978|7237|7991,7635|8211,3,2,http://www.reactome.org/biopax/96/48895#BiochemicalReaction7420,1,http://www.reactome.org/biopax/96/48895#Catalysis3477,114
112,181|7282|7508,9038,3,1,http://www.reactome.org/biopax/96/48895#BiochemicalReaction8410,1,http://www.reactome.org/biopax/96/48895#Catalysis4411,115
113,1605|1606|6895,1608|5900,3,2,http://www.reactome.org/biopax/96/48895#BiochemicalReaction3016,1,http://www.reactome.org/biopax/96/48895#Catalysis1435,116
114,1268|6876|9587,1546|9596,3,2,http://www.reactome.org/biopax/96/48895#BiochemicalReaction2937,1,http://www.reactome.org/biopax/96/48895#Catalysis1400,117
115,1841|7237,1842|7635,2,2,http://www.reactome.org/biopax/96/48895#BiochemicalReaction3500,1,http://www.reactome.org/biopax/96/48895#Catalysis1616,119
116,6511|7537|9658,7493|9491,3,2,http://www.reactome.org/biopax/96/48895#BiochemicalReaction8514,1,http://www.reactome.org/biopax/96/48895#Catalysis4513,120
117,7444|8806|9565,7949|8228|9108,3,3,http://www.reactome.org/biopax/96/48895#BiochemicalReaction8121,1,http://www.reactome.org/biopax/96/48895#Control795,121
118,966|9451|9579,9577|9580,3,2,http://www.reactome.org/biopax/96/48895#BiochemicalReaction1788,1,http://www.reactome.org/biopax/96/48895#Catalysis749,122
119,585|7495|8868,8875|9294,3,2,http://www.reactome.org/biopax/96/48895#BiochemicalReaction8629,1,http://www.reactome.org/biopax/96/48895#Catalysis4623,123
120,381|5753,382,2,1,http://www.reactome.org/biopax/96/48895#BiochemicalReaction8852,1,http://www.reactome.org/biopax/96/48895#Control890,124
121,4809|7391|7778,7390|7779,3,2,http://www.reactome.org/biopax/96/48895#BiochemicalReaction6524,1,http://www.reactome.org/biopax/96/48895#Catalysis2724,126
122,4063|7508|9462|9644,9431|9463|9464|9565|9633,4,5,http://www.reactome.org/biopax/96/48895#BiochemicalReaction1162,1,http://www.reactome.org/biopax/96/48895#Catalysis499,127
123,6804|6833|9546,6834|9550,3,2,http://www.reactome.org/biopax/96/48895#BiochemicalReaction2706,1,http://www.reactome.org/biopax/96/48895#Catalysis1275,128
124,1216|6704|9070,1218|6701|7507,3,3,http://www.reactome.org/biopax/96/48895#BiochemicalReaction2425,1,http://www.reactome.org/biopax/96/48895#Catalysis1127,129
125,6064|7537|9244,7493|9253,3,2,http://www.reactome.org/biopax/96/48895#BiochemicalReaction940,1,http://www.reactome.org/biopax/96/48895#Catalysis401,130
126,2916|7237,2917|7635,2,2,http://www.reactome.org/biopax/96/48895#BiochemicalReaction5608,1,http://www.reactome.org/biopax/96/48895#Catalysis2306,131
127,4768|7714|9565,7716|9680,3,2,http://www.reactome.org/biopax/96/48895#BiochemicalReaction6470,1,http://www.reactome.org/biopax/96/48895#Catalysis2672,132
128,3299|7717|7718|7949,7388|8228,4,2,http://www.reactome.org/biopax/96/48895#BiochemicalReaction6474,1,http://www.reactome.org/biopax/96/48895#Catalysis2676,134
129,2808|2926,1926|2927|5415,2,3,http://www.reactome.org/biopax/96/48895#BiochemicalReaction5618,1,http://www.reactome.org/biopax/96/48895#Catalysis2312,135
130,2170|4325,931,2,1,http://www.reactome.org/biopax/96/48895#BiochemicalReaction4236,1,http://www.reactome.org/biopax/96/48895#Catalysis1867,136
131,1028|7372|8489,7416|7949,3,2,http://www.reactome.org/biopax/96/48895#BiochemicalReaction2067,-1,http://www.reactome.org/biopax/96/48895#Control189,137
132,1961|7212|9565,2107|9655,3,2,http://www.reactome.org/biopax/96/48895#BiochemicalReaction4102,1,http://www.reactome.org/biopax/96/48895#Catalysis1821,138
133,3324|5562,4939|5900,2,2,http://www.reactome.org/biopax/96/48895#BiochemicalReaction6618,1,http://www.reactome.org/biopax/96/48895#Catalysis2812,139
134,4409|4410|4411|9551,2532,4,1,http://www.reactome.org/biopax/96/48895#BiochemicalReaction4864,1,http://www.reactome.org/biopax/96/48895#Control447,140
135,5981|8054|8158,8055|8159,3,2,http://www.reactome.org/biopax/96/48895#BiochemicalReaction7366,1,http://www.reactome.org/biopax/96/48895#Catalysis3423,141
136,282|3777|7535,3779|3859|7541,3,3,http://www.reactome.org/biopax/96/48895#BiochemicalReaction8691,1,http://www.reactome.org/biopax/96/48895#Catalysis4685,142
137,948|949|9070,950|7507,3,2,http://www.reactome.org/biopax/96/48895#BiochemicalReaction1717,1,http://www.reactome.org/biopax/96/48895#Catalysis726,143
138,4403|4405|7386,4404|7557,3,2,http://www.reactome.org/biopax/96/48895#BiochemicalReaction4833,1,http://www.reactome.org/biopax/96/48895#Catalysis2054,144
139,740|751,752|9655,2,2,http://www.reactome.org/biopax/96/48895#BiochemicalReaction1206,-1,http://www.reactome.org/biopax/96/48895#Control102,145
140,2049|6748|9546,1309|9550,3,2,http://www.reactome.org/biopax/96/48895#BiochemicalReaction2568,1,http://www.reactome.org/biopax/96/48895#Catalysis1190,146
141,3217|7237,3204|7635,2,2,http://www.reactome.org/biopax/96/48895#BiochemicalReaction6277,1,http://www.reactome.org/biopax/96/48895#Catalysis2576,147
142,1777|6140|7237,6147|7635,3,2,http://www.reactome.org/biopax/96/48895#BiochemicalReaction1041,1,http://www.reactome.org/biopax/96/48895#Catalysis451,150
143,2533|7319,2542|7323,2,2,http://www.reactome.org/biopax/96/48895#BiochemicalReaction471,1,http://www.reactome.org/biopax/96/48895#Catalysis186,152
144,5490|8483|9485|9662|9667,8485|9444|9486,5,3,http://www.reactome.org/biopax/96/48895#BiochemicalReaction7727,1,http://www.reactome.org/biopax/96/48895#Catalysis3775,153
145,954|7556|8356,7949|8409,3,2,http://www.reactome.org/biopax/96/48895#BiochemicalReaction1924,1,http://www.reactome.org/biopax/96/48895#Catalysis862,154
146,3242|8715|9444,9446,3,1,http://www.reactome.org/biopax/96/48895#BiochemicalReaction6348,1,http://www.reactome.org/biopax/96/48895#Catalysis2600,155
147,6586|7237|9010|9565,7419|7635|9655,4,3,http://www.reactome.org/biopax/96/48895#BiochemicalReaction2077,1,http://www.reactome.org/biopax/96/48895#Catalysis991,156
148,30|8825|9451,7556|8826|9537,3,3,http://www.reactome.org/biopax/96/48895#BiochemicalReaction8139,1,http://www.reactome.org/biopax/96/48895#Catalysis4147,157
149,380|5832,381,2,1,http://www.reactome.org/biopax/96/48895#BiochemicalReaction8851,1,http://www.reactome.org/biopax/96/48895#Control879,158
150,3739|5038|7237,5186|7635,3,2,http://www.reactome.org/biopax/96/48895#BiochemicalReaction54,1,http://www.reactome.org/biopax/96/48895#Catalysis22,159
151,2951|4505|9565,2950|5415,3,2,http://www.reactome.org/biopax/96/48895#BiochemicalReaction5666,1,http://www.reactome.org/biopax/96/48895#Catalysis2328,160
152,5483|7509|7949|9644,7458|9633,4,2,http://www.reactome.org/biopax/96/48895#BiochemicalReaction7676,1,http://www.reactome.org/biopax/96/48895#Catalysis3726,161
153,2171|2173|9470,2174,3,1,http://www.reactome.org/biopax/96/48895#BiochemicalReaction4238,1,http://www.reactome.org/biopax/96/48895#Control391,162
154,1107|6657,1108,2,1,http://www.reactome.org/biopax/96/48895#BiochemicalReaction2271,1,http://www.reactome.org/biopax/96/48895#Catalysis1078,163
155,6226|6228|7237,6227|7635,3,2,http://www.reactome.org/biopax/96/48895#BiochemicalReaction1238,1,http://www.reactome.org/biopax/96/48895#Control110,164
156,5522|7450|7949|9644,7580|8554|9633,4,3,http://www.reactome.org/biopax/96/48895#BiochemicalReaction7809,1,http://www.reactome.org/biopax/96/48895#Catalysis3849,165
157,380|5821,381,2,1,http://www.reactome.org/biopax/96/48895#BiochemicalReaction8851,1,http://www.reactome.org/biopax/96/48895#Control882,166
158,475|489|6003|6004|6007|6008,490,6,1,http://www.reactome.org/biopax/96/48895#BiochemicalReaction760,1,http://www.reactome.org/biopax/96/48895#Catalysis277,167
159,312|314|5744|5759|5760|5761|5762|5763|5764|5765|5766|5767|5768|5769|5770|9546,313|315|839|840|5746|5749|5751|5754|5757|9550|9596,16,11,http://www.reactome.org/biopax/96/48895#BiochemicalReaction8761,1,http://www.reactome.org/biopax/96/48895#Catalysis4721,168
160,641|7549,7925,2,1,http://www.reactome.org/biopax/96/48895#BiochemicalReaction7176,1,http://www.reactome.org/biopax/96/48895#Catalysis3244,169
161,5887|7372|9565,4460|9655,3,2,http://www.reactome.org/biopax/96/48895#BiochemicalReaction8916,1,http://www.reactome.org/biopax/96/48895#Control913,170
162,6087|8619|9282,9283|9397,3,2,http://www.reactome.org/biopax/96/48895#BiochemicalReaction8623,1,http://www.reactome.org/biopax/96/48895#Catalysis4617,171
163,1917|7188|7237,1919|7635,3,2,http://www.reactome.org/biopax/96/48895#BiochemicalReaction3632,1,http://www.reactome.org/biopax/96/48895#Catalysis1671,172
164,6850|6851|9565,6656|8228,3,2,http://www.reactome.org/biopax/96/48895#BiochemicalReaction2759,1,http://www.reactome.org/biopax/96/48895#Catalysis1302,173
165,4022|7583|8026|8489|8747,8027|8467|9222,5,3,http://www.reactome.org/biopax/96/48895#BiochemicalReaction8579,1,http://www.reactome.org/biopax/96/48895#Catalysis4576,175
166,2511|7237,2513|7635,2,2,http://www.reactome.org/biopax/96/48895#BiochemicalReaction4839,1,http://www.reactome.org/biopax/96/48895#Catalysis2056,176
167,3112|4625|9070,3113|7507,3,2,http://www.reactome.org/biopax/96/48895#BiochemicalReaction6023,1,http://www.reactome.org/biopax/96/48895#Catalysis2480,177
168,1276|6780|9546,6781|9550,3,2,http://www.reactome.org/biopax/96/48895#BiochemicalReaction2604,1,http://www.reactome.org/biopax/96/48895#Catalysis1214,178
169,3479|5089|9451,4451,3,1,http://www.reactome.org/biopax/96/48895#BiochemicalReaction6862,-1,http://www.reactome.org/biopax/96/48895#Control627,179
170,3999|9441|9633,7949|8531|9644,3,3,http://www.reactome.org/biopax/96/48895#BiochemicalReaction7770,1,http://www.reactome.org/biopax/96/48895#Catalysis3814,180
171,3630|9369,7456|9370,2,2,http://www.reactome.org/biopax/96/48895#BiochemicalReaction8684,1,http://www.reactome.org/biopax/96/48895#Catalysis4678,181
172,2488|2492|7237,2490|7635,3,2,http://www.reactome.org/biopax/96/48895#BiochemicalReaction4808,-1,http://www.reactome.org/biopax/96/48895#Control440,182
173,847|7237|7665,3103|7635,3,2,http://www.reactome.org/biopax/96/48895#BiochemicalReaction5987,1,http://www.reactome.org/biopax/96/48895#Control562,183
174,679|4238|9587,2015|9596,3,2,http://www.reactome.org/biopax/96/48895#BiochemicalReaction3836,1,http://www.reactome.org/biopax/96/48895#Catalysis1747,184
175,1633|9546,1561|1634|2304|9550,2,4,http://www.reactome.org/biopax/96/48895#BiochemicalReaction3056,1,http://www.reactome.org/biopax/96/48895#Catalysis1454,185
176,2722|4891|5928,4953|5900,3,2,http://www.reactome.org/biopax/96/48895#BiochemicalReaction6629,1,http://www.reactome.org/biopax/96/48895#Catalysis2823,186
177,1067|6631,6627|6628|7453,2,3,http://www.reactome.org/biopax/96/48895#BiochemicalReaction2167,1,http://www.reactome.org/biopax/96/48895#Catalysis1051,187
178,3216,5995|7032|7224,1,3,http://www.reactome.org/biopax/96/48895#BiochemicalReaction6274,1,http://www.reactome.org/biopax/96/48895#Catalysis2574,188
179,552|7423,7238,2,1,http://www.reactome.org/biopax/96/48895#BiochemicalReaction836,1,http://www.reactome.org/biopax/96/48895#Catalysis330,189
180,641|3324|4306,4955|5900,3,2,http://www.reactome.org/biopax/96/48895#BiochemicalReaction6631,1,http://www.reactome.org/biopax/96/48895#Catalysis2825,190
181,5401|8122|8261,8259|8708,3,2,http://www.reactome.org/biopax/96/48895#BiochemicalReaction7494,1,http://www.reactome.org/biopax/96/48895#Catalysis3551,193
182,2981|2984|7237,2985|7635,3,2,http://www.reactome.org/biopax/96/48895#BiochemicalReaction5710,1,http://www.reactome.org/biopax/96/48895#Catalysis2347,194
183,7039|7042,7041,2,1,http://www.reactome.org/biopax/96/48895#BiochemicalReaction3404,1,http://www.reactome.org/biopax/96/48895#Catalysis1566,195
184,5351|8192|9565,7663|7949|8193,3,3,http://www.reactome.org/biopax/96/48895#BiochemicalReaction7394,1,http://www.reactome.org/biopax/96/48895#Catalysis3451,196
185,7237|9615,7635|7818|7949,2,3,http://www.reactome.org/biopax/96/48895#BiochemicalReaction6981,-1,http://www.reactome.org/biopax/96/48895#Control666,197
186,2855|5100,4462,2,1,http://www.reactome.org/biopax/96/48895#BiochemicalReaction6881,1,http://www.reactome.org/biopax/96/48895#Control637,198
187,3676|8211|9565,7991|9655,3,2,http://www.reactome.org/biopax/96/48895#BiochemicalReaction7421,1,http://www.reactome.org/biopax/96/48895#Catalysis3478,199
188,3799|8179|8604,7949|8199|8608,3,3,http://www.reactome.org/biopax/96/48895#BiochemicalReaction7855,1,http://www.reactome.org/biopax/96/48895#Catalysis3895,200
189,3849|8669|9486,7551|7619|9485,3,3,http://www.reactome.org/biopax/96/48895#BiochemicalReaction7962,-1,http://www.reactome.org/biopax/96/48895#Control748,201
190,2758|7237,2759|7635,2,2,http://www.reactome.org/biopax/96/48895#BiochemicalReaction5183,1,http://www.reactome.org/biopax/96/48895#Catalysis2206,202
191,183|9043|9044,8988|9045|9565,3,3,http://www.reactome.org/biopax/96/48895#BiochemicalReaction8414,1,http://www.reactome.org/biopax/96/48895#Catalysis4415,203
192,2466|7237|9410,7288|7635,3,2,http://www.reactome.org/biopax/96/48895#BiochemicalReaction4780,1,http://www.reactome.org/biopax/96/48895#Catalysis2031,204
193,7401|7720|7949|9070,7401|8228,4,2,http://www.reactome.org/biopax/96/48895#BiochemicalReaction6477,-1,http://www.reactome.org/biopax/96/48895#Control601,205
194,4186|8349|9565,7607|9423,3,2,http://www.reactome.org/biopax/96/48895#BiochemicalReaction4697,1,http://www.reactome.org/biopax/96/48895#Catalysis1994,206
195,5020|8440,8658,2,1,http://www.reactome.org/biopax/96/48895#BiochemicalReaction7940,1,http://www.reactome.org/biopax/96/48895#Catalysis3970,207
196,2301|7237,2302|7635,2,2,http://www.reactome.org/biopax/96/48895#BiochemicalReaction4494,1,http://www.reactome.org/biopax/96/48895#Catalysis1945,208
197,381|383,382,2,1,http://www.reactome.org/biopax/96/48895#BiochemicalReaction8852,1,http://www.reactome.org/biopax/96/48895#Catalysis4750,209
198,185|7508|9046,9047,3,1,http://www.reactome.org/biopax/96/48895#BiochemicalReaction8416,1,http://www.reactome.org/biopax/96/48895#Catalysis4417,212
199,5488|8179|8495,7949|8199|8496,3,3,http://www.reactome.org/biopax/96/48895#BiochemicalReaction7736,1,http://www.reactome.org/biopax/96/48895#Catalysis3784,213
200,2354|7237,2355|7635,2,2,http://www.reactome.org/biopax/96/48895#BiochemicalReaction4590,1,http://www.reactome.org/biopax/96/48895#Catalysis1969,214
201,4084|6290|7305,6340|7311,3,2,http://www.reactome.org/biopax/96/48895#BiochemicalReaction1437,1,http://www.reactome.org/biopax/96/48895#Catalysis624,215
202,3182|7237,3183|7635,2,2,http://www.reactome.org/biopax/96/48895#BiochemicalReaction6195,1,http://www.reactome.org/biopax/96/48895#Catalysis2540,216
203,4826|4838|7389,4837|7557|9632,3,3,http://www.reactome.org/biopax/96/48895#BiochemicalReaction6540,1,http://www.reactome.org/biopax/96/48895#Catalysis2739,217
204,758|759,9476,2,1,http://www.reactome.org/biopax/96/48895#BiochemicalReaction1221,1,http://www.reactome.org/biopax/96/48895#Catalysis534,218
205,558|7423,7238,2,1,http://www.reactome.org/biopax/96/48895#BiochemicalReaction843,1,http://www.reactome.org/biopax/96/48895#Catalysis335,219
206,5468|8320|9565,8379|9655,3,2,http://www.reactome.org/biopax/96/48895#BiochemicalReaction7633,1,http://www.reactome.org/biopax/96/48895#Catalysis3685,221
207,1019|7949,7409,2,1,http://www.reactome.org/biopax/96/48895#BiochemicalReaction4950,1,http://www.reactome.org/biopax/96/48895#Catalysis2103,222
208,1696|1707|7237,1708|7635,3,2,http://www.reactome.org/biopax/96/48895#BiochemicalReaction3191,1,http://www.reactome.org/biopax/96/48895#Catalysis1495,223
209,6542|7295|7546,7299|7949,3,2,http://www.reactome.org/biopax/96/48895#BiochemicalReaction1937,1,http://www.reactome.org/biopax/96/48895#Catalysis875,224
210,1833|7056,7057|7058,2,2,http://www.reactome.org/biopax/96/48895#BiochemicalReaction3444,1,http://www.reactome.org/biopax/96/48895#Catalysis1576,225
211,4013|9199,4014|9200,2,2,http://www.reactome.org/biopax/96/48895#BiochemicalReaction8567,1,http://www.reactome.org/biopax/96/48895#Catalysis4564,226
212,139|7293|8440,7276|9020,3,2,http://www.reactome.org/biopax/96/48895#BiochemicalReaction8383,1,http://www.reactome.org/biopax/96/48895#Catalysis4384,227
213,3541|7816|7817,7818,3,1,http://www.reactome.org/biopax/96/48895#BiochemicalReaction6964,1,http://www.reactome.org/biopax/96/48895#Catalysis3045,228
214,1344|7237,6800|6801|7635,2,3,http://www.reactome.org/biopax/96/48895#BiochemicalReaction2629,1,http://www.reactome.org/biopax/96/48895#Catalysis1229,229
215,3324|5898,4912|5900,2,2,http://www.reactome.org/biopax/96/48895#BiochemicalReaction6596,1,http://www.reactome.org/biopax/96/48895#Catalysis2790,230
216,2704|9565,2705|9655,2,2,http://www.reactome.org/biopax/96/48895#BiochemicalReaction5114,1,http://www.reactome.org/biopax/96/48895#Catalysis2179,231
217,2003|2057,828,2,1,http://www.reactome.org/biopax/96/48895#BiochemicalReaction4004,1,http://www.reactome.org/biopax/96/48895#Control379,232
218,844|9524,7372,2,1,http://www.reactome.org/biopax/96/48895#BiochemicalReaction1511,1,http://www.reactome.org/biopax/96/48895#Catalysis647,233
219,1445|6853|9546|9587,1441|1446|6852|9515|9550|9596,4,6,http://www.reactome.org/biopax/96/48895#BiochemicalReaction2781,1,http://www.reactome.org/biopax/96/48895#Catalysis1313,235
220,3673|8252|9451,8202|8255,3,2,http://www.reactome.org/biopax/96/48895#BiochemicalReaction7486,1,http://www.reactome.org/biopax/96/48895#Catalysis3543,236
221,4397|4398|9551,2483,3,1,http://www.reactome.org/biopax/96/48895#BiochemicalReaction4801,1,http://www.reactome.org/biopax/96/48895#Control437,237
222,5134|5318|9546,5349|9550,3,2,http://www.reactome.org/biopax/96/48895#BiochemicalReaction414,1,http://www.reactome.org/biopax/96/48895#Catalysis149,238
223,2563|7237,2566|7635,2,2,http://www.reactome.org/biopax/96/48895#BiochemicalReaction4905,1,http://www.reactome.org/biopax/96/48895#Catalysis2085,240
224,960|7237,782|7635,2,2,http://www.reactome.org/biopax/96/48895#BiochemicalReaction1771,1,http://www.reactome.org/biopax/96/48895#Catalysis733,241
225,1812|6059,7059|7060,2,2,http://www.reactome.org/biopax/96/48895#BiochemicalReaction3445,1,http://www.reactome.org/biopax/96/48895#Catalysis1577,242
226,3276|4726|7676|7949|8199,4725|8179|9664,5,3,http://www.reactome.org/biopax/96/48895#BiochemicalReaction6431,1,http://www.reactome.org/biopax/96/48895#Catalysis2633,243
227,5168|7949|8521|9644,8522|9633,4,2,http://www.reactome.org/biopax/96/48895#BiochemicalReaction7764,1,http://www.reactome.org/biopax/96/48895#Catalysis3808,244
228,679|2016|9587,2015|9596,3,2,http://www.reactome.org/biopax/96/48895#BiochemicalReaction3835,1,http://www.reactome.org/biopax/96/48895#Catalysis1746,245
229,308|7305,309|1693|3553|5258|7311,2,5,http://www.reactome.org/biopax/96/48895#BiochemicalReaction8756,1,http://www.reactome.org/biopax/96/48895#Catalysis4719,246
230,5263|7396|7910,7775|7911,3,2,http://www.reactome.org/biopax/96/48895#BiochemicalReaction7126,1,http://www.reactome.org/biopax/96/48895#Catalysis3194,247
231,7621|8669|8691,7551|7619|7622,3,3,http://www.reactome.org/biopax/96/48895#BiochemicalReaction7961,-1,http://www.reactome.org/biopax/96/48895#Control745,248
232,522|2969|2971,2970,3,1,http://www.reactome.org/biopax/96/48895#BiochemicalReaction5695,-1,http://www.reactome.org/biopax/96/48895#Control512,250
233,1000|7351|7537,7354|7493,3,2,http://www.reactome.org/biopax/96/48895#BiochemicalReaction8203,1,http://www.reactome.org/biopax/96/48895#Catalysis4211,251
234,5576|7237|8693,7635|7949|8694|9655,3,4,http://www.reactome.org/biopax/96/48895#BiochemicalReaction8024,1,http://www.reactome.org/biopax/96/48895#Catalysis4034,252
235,3748|3751|7626,3728|7255|7855|8348|8360,3,5,http://www.reactome.org/biopax/96/48895#BiochemicalReaction7614,1,http://www.reactome.org/biopax/96/48895#Catalysis3666,253
236,1470,1469|7516,1,2,http://www.reactome.org/biopax/96/48895#BiochemicalReaction2833,1,http://www.reactome.org/biopax/96/48895#Catalysis1345,255
237,7388|7632|8847,4154|7949|8858,3,3,http://www.reactome.org/biopax/96/48895#BiochemicalReaction7022,1,http://www.reactome.org/biopax/96/48895#Control679,256
238,5493|7458|7508|7949|9644,8469|9565|9633,5,3,http://www.reactome.org/biopax/96/48895#BiochemicalReaction7714,1,http://www.reactome.org/biopax/96/48895#Catalysis3762,257
239,2870|6375|9070,2871,3,1,http://www.reactome.org/biopax/96/48895#BiochemicalReaction5517,1,http://www.reactome.org/biopax/96/48895#Catalysis2263,258
240,1787|4308|7013,1790,3,1,http://www.reactome.org/biopax/96/48895#BiochemicalReaction3381,-1,http://www.reactome.org/biopax/96/48895#Control299,259
241,1856|7048|7151,1857,3,1,http://www.reactome.org/biopax/96/48895#BiochemicalReaction3528,-1,http://www.reactome.org/biopax/96/48895#Control324,260
242,589|8939|9565,8945|8955,3,2,http://www.reactome.org/biopax/96/48895#BiochemicalReaction921,1,http://www.reactome.org/biopax/96/48895#Catalysis382,261
243,4800|7755|7756,7757|9508,3,2,http://www.reactome.org/biopax/96/48895#BiochemicalReaction6508,1,http://www.reactome.org/biopax/96/48895#Catalysis2710,262
244,334|5790,335,2,1,http://www.reactome.org/biopax/96/48895#BiochemicalReaction8786,1,http://www.reactome.org/biopax/96/48895#Control848,263
245,1940|1941|7237,1941|7635,3,2,http://www.reactome.org/biopax/96/48895#BiochemicalReaction3668,1,http://www.reactome.org/biopax/96/48895#Catalysis1691,264
246,1589|9546,1590|9550,2,2,http://www.reactome.org/biopax/96/48895#BiochemicalReaction3002,1,http://www.reactome.org/biopax/96/48895#Catalysis1429,265
247,5426|8289|9565,8291|9655,3,2,http://www.reactome.org/biopax/96/48895#BiochemicalReaction7551,1,http://www.reactome.org/biopax/96/48895#Catalysis3607,267
248,6356|8060|8747|9516,8061|8467|9519,4,3,http://www.reactome.org/biopax/96/48895#BiochemicalReaction7294,1,http://www.reactome.org/biopax/96/48895#Catalysis3353,268
249,160|7619|9014,7279|9015,3,2,http://www.reactome.org/biopax/96/48895#BiochemicalReaction8375,1,http://www.reactome.org/biopax/96/48895#Catalysis4376,269
250,3136|7237,2159|3134|4647|7635,2,4,http://www.reactome.org/biopax/96/48895#BiochemicalReaction6098,1,http://www.reactome.org/biopax/96/48895#Catalysis2503,270
251,1204|9444|9445,9446|9448|9449,3,3,http://www.reactome.org/biopax/96/48895#BiochemicalReaction235,1,http://www.reactome.org/biopax/96/48895#Catalysis83,271
252,475|482|6003|6004|6007|6008,483,6,1,http://www.reactome.org/biopax/96/48895#BiochemicalReaction751,1,http://www.reactome.org/biopax/96/48895#Catalysis269,272
253,6062|6286|9565,6063|9655,3,2,http://www.reactome.org/biopax/96/48895#BiochemicalReaction880,1,http://www.reactome.org/biopax/96/48895#Catalysis346,273
254,2504|7237|9410,7288|7635,3,2,http://www.reactome.org/biopax/96/48895#BiochemicalReaction4827,1,http://www.reactome.org/biopax/96/48895#Catalysis2050,275
255,6590|9472,7572,2,1,http://www.reactome.org/biopax/96/48895#BiochemicalReaction2085,1,http://www.reactome.org/biopax/96/48895#Catalysis996,276
256,2205|7237,2206|7635,2,2,http://www.reactome.org/biopax/96/48895#BiochemicalReaction4277,1,http://www.reactome.org/biopax/96/48895#Catalysis1883,277
257,2970|7237,2972|7635,2,2,http://www.reactome.org/biopax/96/48895#BiochemicalReaction5696,1,http://www.reactome.org/biopax/96/48895#Catalysis2337,278
258,5032|7237|8731,5033|8732|9565,3,3,http://www.reactome.org/biopax/96/48895#BiochemicalReaction8059,1,http://www.reactome.org/biopax/96/48895#Control785,279
259,5574|8685|9487,7619|8079,3,2,http://www.reactome.org/biopax/96/48895#BiochemicalReaction8015,1,http://www.reactome.org/biopax/96/48895#Catalysis4027,280
260,5638|8923|8945,7276|8924,3,2,http://www.reactome.org/biopax/96/48895#BiochemicalReaction8268,1,http://www.reactome.org/biopax/96/48895#Catalysis4273,281
261,5042|5283|7237,5291|7635,3,2,http://www.reactome.org/biopax/96/48895#BiochemicalReaction404,1,http://www.reactome.org/biopax/96/48895#Catalysis143,282
262,7183|7184|7237,7185|7635,3,2,http://www.reactome.org/biopax/96/48895#BiochemicalReaction3616,1,http://www.reactome.org/biopax/96/48895#Catalysis1665,283
263,939|5916|5923,3108,3,1,http://www.reactome.org/biopax/96/48895#BiochemicalReaction542,1,http://www.reactome.org/biopax/96/48895#Control40,284
264,7259|7635|7818|7949,7237|8440,4,2,http://www.reactome.org/biopax/96/48895#BiochemicalReaction6990,1,http://www.reactome.org/biopax/96/48895#Control671,286
265,6356|8747|9516|9518,8467|9519|9520,4,3,http://www.reactome.org/biopax/96/48895#BiochemicalReaction1499,1,http://www.reactome.org/biopax/96/48895#Catalysis642,287
266,5082|5083|7454,4481|5084,3,2,http://www.reactome.org/biopax/96/48895#BiochemicalReaction6855,-1,http://www.reactome.org/biopax/96/48895#Control615,289
267,4486|4488|9546,4487|9550,3,2,http://www.reactome.org/biopax/96/48895#BiochemicalReaction5581,1,http://www.reactome.org/biopax/96/48895#Catalysis2298,290
268,5324|8047|8747|9516,8048|8467|9519,4,3,http://www.reactome.org/biopax/96/48895#BiochemicalReaction7283,1,http://www.reactome.org/biopax/96/48895#Catalysis3342,291
269,270|7390|9511,7862|9313,3,2,http://www.reactome.org/biopax/96/48895#BiochemicalReaction8645,1,http://www.reactome.org/biopax/96/48895#Catalysis4639,292
270,3539|7816|8179|9655,7815|7949|8199,4,3,http://www.reactome.org/biopax/96/48895#BiochemicalReaction6984,1,http://www.reactome.org/biopax/96/48895#Catalysis3063,293
271,3412|9587,3413|4033,2,2,http://www.reactome.org/biopax/96/48895#BiochemicalReaction6727,1,http://www.reactome.org/biopax/96/48895#Catalysis2910,294
272,738|7508|9644,7949|9471|9633,3,3,http://www.reactome.org/biopax/96/48895#BiochemicalReaction1194,1,http://www.reactome.org/biopax/96/48895#Catalysis523,295
273,1806|1809,1810|7033,2,2,http://www.reactome.org/biopax/96/48895#BiochemicalReaction3397,1,http://www.reactome.org/biopax/96/48895#Catalysis1561,296
274,5725|8290|9326,8420|9327,3,2,http://www.reactome.org/biopax/96/48895#BiochemicalReaction8654,1,http://www.reactome.org/biopax/96/48895#Catalysis4648,297
275,6140|6143,625,2,1,http://www.reactome.org/biopax/96/48895#BiochemicalReaction1030,1,http://www.reactome.org/biopax/96/48895#Control74,298
276,2495|7237,2496|7635,2,2,http://www.reactome.org/biopax/96/48895#BiochemicalReaction4813,1,http://www.reactome.org/biopax/96/48895#Catalysis2045,299
277,528|9546,529|9550,2,2,http://www.reactome.org/biopax/96/48895#BiochemicalReaction814,1,http://www.reactome.org/biopax/96/48895#Catalysis317,300
278,4462|5099,5101,2,1,http://www.reactome.org/biopax/96/48895#BiochemicalReaction6883,1,http://www.reactome.org/biopax/96/48895#Catalysis2994,301
279,4436|4439|9451,2774,3,1,http://www.reactome.org/biopax/96/48895#BiochemicalReaction5206,-1,http://www.reactome.org/biopax/96/48895#Control474,302
280,5875|5886|7237,5885|7635,3,2,http://www.reactome.org/biopax/96/48895#BiochemicalReaction8914,1,http://www.reactome.org/biopax/96/48895#Catalysis4781,303
281,387|5839,3243,2,1,http://www.reactome.org/biopax/96/48895#BiochemicalReaction8855,1,http://www.reactome.org/biopax/96/48895#Control905,304
282,359|5043|7237,360|7635,3,2,http://www.reactome.org/biopax/96/48895#BiochemicalReaction8819,1,http://www.reactome.org/biopax/96/48895#Catalysis4736,305
283,6033|7300|7537,7301|7493,3,2,http://www.reactome.org/biopax/96/48895#BiochemicalReaction1940,1,http://www.reactome.org/biopax/96/48895#Catalysis878,306
284,2205|2207|7237,2206|7635,3,2,http://www.reactome.org/biopax/96/48895#BiochemicalReaction4277,-1,http://www.reactome.org/biopax/96/48895#Control399,307
285,2393|2394|4160,2392|4246|4380,3,3,http://www.reactome.org/biopax/96/48895#BiochemicalReaction4658,-1,http://www.reactome.org/biopax/96/48895#Control425,308
286,1398|9565,1399|9655,2,2,http://www.reactome.org/biopax/96/48895#BiochemicalReaction2692,1,http://www.reactome.org/biopax/96/48895#Catalysis1268,309
287,1428|2808,1285|5415|6785,2,3,http://www.reactome.org/biopax/96/48895#BiochemicalReaction2752,1,http://www.reactome.org/biopax/96/48895#Catalysis1299,310
288,800|5415,801,2,1,http://www.reactome.org/biopax/96/48895#BiochemicalReaction1309,1,http://www.reactome.org/biopax/96/48895#Catalysis558,311
289,233|9139|9144,7291|9140|9658,3,3,http://www.reactome.org/biopax/96/48895#BiochemicalReaction8520,1,http://www.reactome.org/biopax/96/48895#Catalysis4519,312
290,6107|7949|8754|9565,7897|8755,4,2,http://www.reactome.org/biopax/96/48895#BiochemicalReaction8077,1,http://www.reactome.org/biopax/96/48895#Catalysis4085,313
291,1340|6800|7237,1354|7635,3,2,http://www.reactome.org/biopax/96/48895#BiochemicalReaction2645,1,http://www.reactome.org/biopax/96/48895#Catalysis1237,314
292,1534|6871|9546,6872|9550,3,2,http://www.reactome.org/biopax/96/48895#BiochemicalReaction2920,1,http://www.reactome.org/biopax/96/48895#Catalysis1390,315
293,5507|8528|9485|9662|9667,8529|9444|9486,5,3,http://www.reactome.org/biopax/96/48895#BiochemicalReaction7769,1,http://www.reactome.org/biopax/96/48895#Control715,316
294,3646|8096|9444,8097,3,1,http://www.reactome.org/biopax/96/48895#BiochemicalReaction7329,1,http://www.reactome.org/biopax/96/48895#Catalysis3388,317
295,3986|8235|9565,7698|8241,3,2,http://www.reactome.org/biopax/96/48895#BiochemicalReaction7463,1,http://www.reactome.org/biopax/96/48895#Catalysis3520,319
296,1035|7237|7238|7949|9565,7423|7556|7635|9655,5,4,http://www.reactome.org/biopax/96/48895#BiochemicalReaction2072,1,http://www.reactome.org/biopax/96/48895#Catalysis987,321
297,5489|7949|8472|9644,8473|9633,4,2,http://www.reactome.org/biopax/96/48895#BiochemicalReaction7718,1,http://www.reactome.org/biopax/96/48895#Catalysis3766,322
298,2469|5415,2470,2,1,http://www.reactome.org/biopax/96/48895#BiochemicalReaction4787,1,http://www.reactome.org/biopax/96/48895#Catalysis2034,324
299,603|7237|9412|9565,7635|9413|9414,4,3,http://www.reactome.org/biopax/96/48895#BiochemicalReaction971,1,http://www.reactome.org/biopax/96/48895#Catalysis424,325
300,2989|7447,4517|4518|6058,2,3,http://www.reactome.org/biopax/96/48895#BiochemicalReaction5734,1,http://www.reactome.org/biopax/96/48895#Catalysis2357,326
301,2722|4297,4956|5900,2,2,http://www.reactome.org/biopax/96/48895#BiochemicalReaction6632,1,http://www.reactome.org/biopax/96/48895#Catalysis2826,327
302,2168|7237,2000|7635,2,2,http://www.reactome.org/biopax/96/48895#BiochemicalReaction4233,1,http://www.reactome.org/biopax/96/48895#Catalysis1865,328
303,5202|5205|7385,5204|7557|9632,3,3,http://www.reactome.org/biopax/96/48895#BiochemicalReaction7055,1,http://www.reactome.org/biopax/96/48895#Catalysis3131,329
304,5025|5028|7554,5026|7555,3,2,http://www.reactome.org/biopax/96/48895#BiochemicalReaction6739,1,http://www.reactome.org/biopax/96/48895#Catalysis2918,330
305,1513|4844,1514|6866,2,2,http://www.reactome.org/biopax/96/48895#BiochemicalReaction2892,1,http://www.reactome.org/biopax/96/48895#Catalysis1377,331
306,514|6408|7237,6409|7635,3,2,http://www.reactome.org/biopax/96/48895#BiochemicalReaction1605,1,http://www.reactome.org/biopax/96/48895#Catalysis688,332
307,3514|7398|9623,3516|7949|8858,3,3,http://www.reactome.org/biopax/96/48895#BiochemicalReaction6941,1,http://www.reactome.org/biopax/96/48895#Control644,333
308,1855|4364,4365|7156,2,2,http://www.reactome.org/biopax/96/48895#BiochemicalReaction4353,1,http://www.reactome.org/biopax/96/48895#Catalysis1920,334
309,581|2634|9070,807|7507,3,2,http://www.reactome.org/biopax/96/48895#BiochemicalReaction5008,1,http://www.reactome.org/biopax/96/48895#Catalysis2126,335
310,3060|7237,3064|7635,2,2,http://www.reactome.org/biopax/96/48895#BiochemicalReaction5909,1,http://www.reactome.org/biopax/96/48895#Catalysis2419,336
311,5316|7508|8586,8587,3,1,http://www.reactome.org/biopax/96/48895#BiochemicalReaction7839,1,http://www.reactome.org/biopax/96/48895#Catalysis3879,337
312,6101|7237|8011|9565,7625|7635|7949|9655,4,4,http://www.reactome.org/biopax/96/48895#BiochemicalReaction7251,1,http://www.reactome.org/biopax/96/48895#Catalysis3310,338
313,6449|7237|9554,7635|9556,3,2,http://www.reactome.org/biopax/96/48895#BiochemicalReaction1749,1,http://www.reactome.org/biopax/96/48895#Catalysis730,339
314,5285|7237|7580|8444,7545|8228|8445,4,3,http://www.reactome.org/biopax/96/48895#BiochemicalReaction7696,1,http://www.reactome.org/biopax/96/48895#Catalysis3744,340
315,3125|9070,3126|7507,2,2,http://www.reactome.org/biopax/96/48895#BiochemicalReaction6074,1,http://www.reactome.org/biopax/96/48895#Catalysis2497,341
316,3477|5089|9451,4451,3,1,http://www.reactome.org/biopax/96/48895#BiochemicalReaction6861,1,http://www.reactome.org/biopax/96/48895#Catalysis2978,342
317,881|2761|9070,882|7507,3,2,http://www.reactome.org/biopax/96/48895#BiochemicalReaction5188,1,http://www.reactome.org/biopax/96/48895#Catalysis2207,343
318,3301|7237|7711,7635|7723|7949,3,3,http://www.reactome.org/biopax/96/48895#BiochemicalReaction6481,1,http://www.reactome.org/biopax/96/48895#Catalysis2683,344
319,6562|7344|7537,7345|7493,3,2,http://www.reactome.org/biopax/96/48895#BiochemicalReaction1988,1,http://www.reactome.org/biopax/96/48895#Catalysis923,345
320,3137|9546,3138|9550,2,2,http://www.reactome.org/biopax/96/48895#BiochemicalReaction6103,1,http://www.reactome.org/biopax/96/48895#Catalysis2504,346
321,326|5951|9546,327|7365,3,2,http://www.reactome.org/biopax/96/48895#BiochemicalReaction8780,1,http://www.reactome.org/biopax/96/48895#Catalysis4729,347
322,3575|3953|7626,3954|7850,3,2,http://www.reactome.org/biopax/96/48895#BiochemicalReaction7028,1,http://www.reactome.org/biopax/96/48895#Catalysis3106,348
323,3628|8005|9565,8006,3,1,http://www.reactome.org/biopax/96/48895#BiochemicalReaction7246,1,http://www.reactome.org/biopax/96/48895#Catalysis3305,349
324,4832|4837|7389,4839|7557|9632,3,3,http://www.reactome.org/biopax/96/48895#BiochemicalReaction6541,1,http://www.reactome.org/biopax/96/48895#Catalysis2740,350
325,665|666|6176|6177|6179,667|6178,5,2,http://www.reactome.org/biopax/96/48895#BiochemicalReaction1086,-1,http://www.reactome.org/biopax/96/48895#Control83,351
326,380|5825,381,2,1,http://www.reactome.org/biopax/96/48895#BiochemicalReaction8851,1,http://www.reactome.org/biopax/96/48895#Control870,353
327,13|7949|8766|9565,7897|8761,4,2,http://www.reactome.org/biopax/96/48895#BiochemicalReaction8089,1,http://www.reactome.org/biopax/96/48895#Catalysis4097,354
328,3274|4714|7674|8747|9158,3275|7675|8467,5,3,http://www.reactome.org/biopax/96/48895#BiochemicalReaction6408,1,http://www.reactome.org/biopax/96/48895#Catalysis2619,355
329,2722|4295,5900|6348,2,2,http://www.reactome.org/biopax/96/48895#BiochemicalReaction1478,1,http://www.reactome.org/biopax/96/48895#Catalysis637,356
330,1794|7027|7028,1798,3,1,http://www.reactome.org/biopax/96/48895#BiochemicalReaction3391,-1,http://www.reactome.org/biopax/96/48895#Control302,357
331,917|918|7318,919,3,1,http://www.reactome.org/biopax/96/48895#BiochemicalReaction1634,1,http://www.reactome.org/biopax/96/48895#Control164,358
332,5355|7459|8196,7580|8197,3,2,http://www.reactome.org/biopax/96/48895#BiochemicalReaction7400,1,http://www.reactome.org/biopax/96/48895#Catalysis3457,360
333,4024|8026|8489|8747|9226,8027|8467|9227,5,3,http://www.reactome.org/biopax/96/48895#BiochemicalReaction8582,1,http://www.reactome.org/biopax/96/48895#Catalysis4579,361
334,468|5868|7237,400|7635,3,2,http://www.reactome.org/biopax/96/48895#BiochemicalReaction8880,-1,http://www.reactome.org/biopax/96/48895#Control908,362
335,1926|3000|5415,3001,3,1,http://www.reactome.org/biopax/96/48895#BiochemicalReaction5760,1,http://www.reactome.org/biopax/96/48895#Catalysis2369,363
336,3489|5121,5104|5122|5123|6417,2,4,http://www.reactome.org/biopax/96/48895#BiochemicalReaction6900,1,http://www.reactome.org/biopax/96/48895#Catalysis3002,364
337,216|9500|9565,7321|9675,3,2,http://www.reactome.org/biopax/96/48895#BiochemicalReaction8470,1,http://www.reactome.org/biopax/96/48895#Catalysis4471,365
338,3742|3743|7626,3744|7878,3,2,http://www.reactome.org/biopax/96/48895#BiochemicalReaction7608,1,http://www.reactome.org/biopax/96/48895#Catalysis3660,366
339,5310|7508|7949|8471|9644,8472|9565|9633,5,3,http://www.reactome.org/biopax/96/48895#BiochemicalReaction7717,1,http://www.reactome.org/biopax/96/48895#Catalysis3765,367
340,1056|6620,1057,2,1,http://www.reactome.org/biopax/96/48895#BiochemicalReaction2147,1,http://www.reactome.org/biopax/96/48895#Control219,368
341,6684|6963,6938|6974,2,2,http://www.reactome.org/biopax/96/48895#BiochemicalReaction203,-1,http://www.reactome.org/biopax/96/48895#Control10,369
342,2725|5415,2726,2,1,http://www.reactome.org/biopax/96/48895#BiochemicalReaction5147,1,http://www.reactome.org/biopax/96/48895#Catalysis2191,370
343,2808|3008,3002|5415,2,2,http://www.reactome.org/biopax/96/48895#BiochemicalReaction5782,1,http://www.reactome.org/biopax/96/48895#Catalysis2377,371
344,2190|6235|9565,2201|9655,3,2,http://www.reactome.org/biopax/96/48895#BiochemicalReaction4269,1,http://www.reactome.org/biopax/96/48895#Catalysis1879,372
345,3857|7251|7621,7622|7811|9667,3,3,http://www.reactome.org/biopax/96/48895#BiochemicalReaction7971,1,http://www.reactome.org/biopax/96/48895#Catalysis3999,373
346,3152|7237,3153|7635,2,2,http://www.reactome.org/biopax/96/48895#BiochemicalReaction6140,1,http://www.reactome.org/biopax/96/48895#Catalysis2511,374
347,5165|7237|9597,7635|7949|9623,3,3,http://www.reactome.org/biopax/96/48895#BiochemicalReaction6975,1,http://www.reactome.org/biopax/96/48895#Catalysis3054,376
348,6594|7372,6591|6595,2,2,http://www.reactome.org/biopax/96/48895#BiochemicalReaction2093,1,http://www.reactome.org/biopax/96/48895#Control205,377
349,7184|7237,4381|7635,2,2,http://www.reactome.org/biopax/96/48895#BiochemicalReaction4677,1,http://www.reactome.org/biopax/96/48895#Catalysis1989,378
350,2325|7237,2326|7635,2,2,http://www.reactome.org/biopax/96/48895#BiochemicalReaction4537,1,http://www.reactome.org/biopax/96/48895#Catalysis1954,379
351,2924|7237,2925|7635,2,2,http://www.reactome.org/biopax/96/48895#BiochemicalReaction5614,1,http://www.reactome.org/biopax/96/48895#Catalysis2311,380
352,6085|8563|8619,8668|9397,3,2,http://www.reactome.org/biopax/96/48895#BiochemicalReaction909,1,http://www.reactome.org/biopax/96/48895#Catalysis371,381
353,5644|8936,114,2,1,http://www.reactome.org/biopax/96/48895#BiochemicalReaction8287,1,http://www.reactome.org/biopax/96/48895#Catalysis4289,383
354,4008|5032|9660,5033|9565,3,2,http://www.reactome.org/biopax/96/48895#BiochemicalReaction361,1,http://www.reactome.org/biopax/96/48895#Catalysis126,384
355,1541|9546,1542|9550,2,2,http://www.reactome.org/biopax/96/48895#BiochemicalReaction2929,1,http://www.reactome.org/biopax/96/48895#Catalysis1395,385
356,257|8179|9251,7949|8199|9252,3,3,http://www.reactome.org/biopax/96/48895#BiochemicalReaction8604,1,http://www.reactome.org/biopax/96/48895#Catalysis4600,386
357,949|2502|9070,950|7507,3,2,http://www.reactome.org/biopax/96/48895#BiochemicalReaction4821,1,http://www.reactome.org/biopax/96/48895#Catalysis2048,387
358,799|6276|7237,803|6270|6275|7635,3,4,http://www.reactome.org/biopax/96/48895#BiochemicalReaction1312,1,http://www.reactome.org/biopax/96/48895#Catalysis560,388
359,5871|8938|9565,7653|7949|9388,3,3,http://www.reactome.org/biopax/96/48895#BiochemicalReaction8888,1,http://www.reactome.org/biopax/96/48895#Catalysis4767,389
360,2953|5415,2954,2,1,http://www.reactome.org/biopax/96/48895#BiochemicalReaction5664,1,http://www.reactome.org/biopax/96/48895#Catalysis2326,390
361,5728|7800,9332|9335,2,2,http://www.reactome.org/biopax/96/48895#BiochemicalReaction8664,1,http://www.reactome.org/biopax/96/48895#Catalysis4658,391
362,3770|5499,3769,2,1,http://www.reactome.org/biopax/96/48895#BiochemicalReaction7747,1,http://www.reactome.org/biopax/96/48895#Catalysis3795,393
363,1311|1313|6766|9587,1312|9596,4,2,http://www.reactome.org/biopax/96/48895#BiochemicalReaction2574,1,http://www.reactome.org/biopax/96/48895#Catalysis1194,394
364,6540|7264|7537,7265|7493,3,2,http://www.reactome.org/biopax/96/48895#BiochemicalReaction1935,1,http://www.reactome.org/biopax/96/48895#Catalysis873,395
365,1806|4229,4230,2,1,http://www.reactome.org/biopax/96/48895#BiochemicalReaction3823,1,http://www.reactome.org/biopax/96/48895#Catalysis1739,396
366,3076|9565,3077|9655,2,2,http://www.reactome.org/biopax/96/48895#BiochemicalReaction5934,1,http://www.reactome.org/biopax/96/48895#Catalysis2430,397
367,3232|7237,3233|7635,2,2,http://www.reactome.org/biopax/96/48895#BiochemicalReaction6326,1,http://www.reactome.org/biopax/96/48895#Catalysis2592,398
368,3908|4557|9565,4558|7663,3,2,http://www.reactome.org/biopax/96/48895#BiochemicalReaction5878,1,http://www.reactome.org/biopax/96/48895#Catalysis2410,400
369,6504|7572,9472,2,1,http://www.reactome.org/biopax/96/48895#BiochemicalReaction1879,1,http://www.reactome.org/biopax/96/48895#Catalysis817,401
370,298|7237,465|7635,2,2,http://www.reactome.org/biopax/96/48895#BiochemicalReaction8936,1,http://www.reactome.org/biopax/96/48895#Catalysis4790,402
371,3618|7508|7959,8655,3,1,http://www.reactome.org/biopax/96/48895#BiochemicalReaction7893,1,http://www.reactome.org/biopax/96/48895#Catalysis3933,404
372,5933|5950|7237,5946|7635,3,2,http://www.reactome.org/biopax/96/48895#BiochemicalReaction67,1,http://www.reactome.org/biopax/96/48895#Catalysis27,405
373,3014|3016|8691,3015|9558|9667,3,3,http://www.reactome.org/biopax/96/48895#BiochemicalReaction5802,1,http://www.reactome.org/biopax/96/48895#Catalysis2388,406
374,3476|5088|9451,5089,3,1,http://www.reactome.org/biopax/96/48895#BiochemicalReaction6860,1,http://www.reactome.org/biopax/96/48895#Catalysis2977,407
375,5933|5952,5927,2,1,http://www.reactome.org/biopax/96/48895#BiochemicalReaction68,1,http://www.reactome.org/biopax/96/48895#Catalysis28,408
376,3998|8528|9485|9662|9667,8529|9444|9486,5,3,http://www.reactome.org/biopax/96/48895#BiochemicalReaction7769,1,http://www.reactome.org/biopax/96/48895#Catalysis3813,409
377,5200|5203|7385,5202|7557|9632,3,3,http://www.reactome.org/biopax/96/48895#BiochemicalReaction7054,1,http://www.reactome.org/biopax/96/48895#Catalysis3130,410
378,5389|7281|7534,7991|8244,3,2,http://www.reactome.org/biopax/96/48895#BiochemicalReaction7469,1,http://www.reactome.org/biopax/96/48895#Catalysis3526,411
379,1738|6949|6950|9070,1739|7507|9655,4,3,http://www.reactome.org/biopax/96/48895#BiochemicalReaction3236,1,http://www.reactome.org/biopax/96/48895#Catalysis1513,412
380,1206|6702|9070,1207|6701|7507,3,3,http://www.reactome.org/biopax/96/48895#BiochemicalReaction2421,1,http://www.reactome.org/biopax/96/48895#Catalysis1123,413
381,2722|3325,3331|5900,2,2,http://www.reactome.org/biopax/96/48895#BiochemicalReaction6637,1,http://www.reactome.org/biopax/96/48895#Catalysis2831,414
382,2376|7237,2377|7635,2,2,http://www.reactome.org/biopax/96/48895#BiochemicalReaction4622,1,http://www.reactome.org/biopax/96/48895#Catalysis1979,415
383,1511|7520,1512|7365,2,2,http://www.reactome.org/biopax/96/48895#BiochemicalReaction2890,1,http://www.reactome.org/biopax/96/48895#Catalysis1376,416
384,7508|7949|8550|9593|9644,8551|9565|9633,5,3,http://www.reactome.org/biopax/96/48895#BiochemicalReaction7805,1,http://www.reactome.org/biopax/96/48895#Control725,417
385,993|7251|9429,7250|7619,3,2,http://www.reactome.org/biopax/96/48895#BiochemicalReaction1921,1,http://www.reactome.org/biopax/96/48895#Catalysis859,418
386,285|3861|5559,3860|5730,3,2,http://www.reactome.org/biopax/96/48895#BiochemicalReaction8692,1,http://www.reactome.org/biopax/96/48895#Control845,419
387,1709|1710|9070,1711|7507,3,2,http://www.reactome.org/biopax/96/48895#BiochemicalReaction3193,1,http://www.reactome.org/biopax/96/48895#Catalysis1496,420
388,591|8976|9565,7546|8981,3,2,http://www.reactome.org/biopax/96/48895#BiochemicalReaction923,1,http://www.reactome.org/biopax/96/48895#Catalysis384,421
389,1370|5843|7305,1371|7311,3,2,http://www.reactome.org/biopax/96/48895#BiochemicalReaction2665,1,http://www.reactome.org/biopax/96/48895#Catalysis1248,422
390,1058|6632,1070|9563|9569,2,3,http://www.reactome.org/biopax/96/48895#BiochemicalReaction2172,1,http://www.reactome.org/biopax/96/48895#Control227,423
391,3640|7449|8171,8172,3,1,http://www.reactome.org/biopax/96/48895#BiochemicalReaction7375,1,http://www.reactome.org/biopax/96/48895#Catalysis3432,424
392,2195|5367|9587,2151|4844,3,2,http://www.reactome.org/biopax/96/48895#BiochemicalReaction420,1,http://www.reactome.org/biopax/96/48895#Catalysis154,425
393,5267|7378|7900,7377|7915,3,2,http://www.reactome.org/biopax/96/48895#BiochemicalReaction7129,1,http://www.reactome.org/biopax/96/48895#Catalysis3197,426
394,3060|3063|7237,3064|7635,3,2,http://www.reactome.org/biopax/96/48895#BiochemicalReaction5909,-1,http://www.reactome.org/biopax/96/48895#Control550,427
395,17|8773|9565,8775|9655,3,2,http://www.reactome.org/biopax/96/48895#BiochemicalReaction8095,1,http://www.reactome.org/biopax/96/48895#Catalysis4103,428
396,1829|6241,7103|7104,2,2,http://www.reactome.org/biopax/96/48895#BiochemicalReaction3467,1,http://www.reactome.org/biopax/96/48895#Catalysis1598,429
397,143|5651|7621,5075|7622|9667,3,3,http://www.reactome.org/biopax/96/48895#BiochemicalReaction8342,1,http://www.reactome.org/biopax/96/48895#Catalysis4343,430
398,2587|4417|7237,2594|7635,3,2,http://www.reactome.org/biopax/96/48895#BiochemicalReaction4945,1,http://www.reactome.org/biopax/96/48895#Catalysis2101,431
399,5159|7819|8467,7431|7820,3,2,http://www.reactome.org/biopax/96/48895#BiochemicalReaction6968,1,http://www.reactome.org/biopax/96/48895#Catalysis3049,432
400,1377|6800|7237,1378|7635,3,2,http://www.reactome.org/biopax/96/48895#BiochemicalReaction2674,1,http://www.reactome.org/biopax/96/48895#Catalysis1254,433
401,739|751,752|9655,2,2,http://www.reactome.org/biopax/96/48895#BiochemicalReaction1206,1,http://www.reactome.org/biopax/96/48895#Control103,434
402,2201|6372|9565,2187|9655,3,2,http://www.reactome.org/biopax/96/48895#BiochemicalReaction4270,1,http://www.reactome.org/biopax/96/48895#Catalysis1880,435
403,3605|7957|9565,7347|9655,3,2,http://www.reactome.org/biopax/96/48895#BiochemicalReaction7190,1,http://www.reactome.org/biopax/96/48895#Catalysis3258,436
404,1676|6923|7621,6924|7538,3,2,http://www.reactome.org/biopax/96/48895#BiochemicalReaction3129,1,http://www.reactome.org/biopax/96/48895#Catalysis1481,437
405,3545,5163|5164,1,2,http://www.reactome.org/biopax/96/48895#BiochemicalReaction6973,1,http://www.reactome.org/biopax/96/48895#Catalysis3053,438
406,3139|9433|9434,3140|6306|9435|9436|9513,3,5,http://www.reactome.org/biopax/96/48895#BiochemicalReaction6105,1,http://www.reactome.org/biopax/96/48895#Catalysis2505,440
407,3580|7789|9632,7393|7861,3,2,http://www.reactome.org/biopax/96/48895#BiochemicalReaction7052,1,http://www.reactome.org/biopax/96/48895#Catalysis3128,441
408,1533|9546,1534|9550,2,2,http://www.reactome.org/biopax/96/48895#BiochemicalReaction2918,1,http://www.reactome.org/biopax/96/48895#Catalysis1389,442
409,3676|8225|9565,7576|9655,3,2,http://www.reactome.org/biopax/96/48895#BiochemicalReaction7444,1,http://www.reactome.org/biopax/96/48895#Catalysis3501,443
410,5415|5914|6202,6201,3,1,http://www.reactome.org/biopax/96/48895#BiochemicalReaction1147,1,http://www.reactome.org/biopax/96/48895#Catalysis491,444
411,4097|6347|9587,4098|9514,3,2,http://www.reactome.org/biopax/96/48895#BiochemicalReaction1451,1,http://www.reactome.org/biopax/96/48895#Catalysis634,445
412,2693|6979|7237,4430|7635,3,2,http://www.reactome.org/biopax/96/48895#BiochemicalReaction5093,1,http://www.reactome.org/biopax/96/48895#Catalysis2170,446
413,794|6266,795,2,1,http://www.reactome.org/biopax/96/48895#BiochemicalReaction1298,1,http://www.reactome.org/biopax/96/48895#Control123,447
414,1502,1501|1503|4844,1,3,http://www.reactome.org/biopax/96/48895#BiochemicalReaction2881,1,http://www.reactome.org/biopax/96/48895#Catalysis1371,448
415,2525|6290|7305,6302|7311,3,2,http://www.reactome.org/biopax/96/48895#BiochemicalReaction1412,1,http://www.reactome.org/biopax/96/48895#Catalysis602,449
416,2740|2742|7237,2741|7635,3,2,http://www.reactome.org/biopax/96/48895#BiochemicalReaction5162,-1,http://www.reactome.org/biopax/96/48895#Control469,450
417,660|9546,1270|9550,2,2,http://www.reactome.org/biopax/96/48895#BiochemicalReaction2915,1,http://www.reactome.org/biopax/96/48895#Catalysis1387,451
418,5431|8302|9565,7347|8187,3,2,http://www.reactome.org/biopax/96/48895#BiochemicalReaction7566,1,http://www.reactome.org/biopax/96/48895#Catalysis3621,452
419,5711|7237|7580|9527,7545|7579|8228,4,3,http://www.reactome.org/biopax/96/48895#BiochemicalReaction8603,1,http://www.reactome.org/biopax/96/48895#Catalysis4599,453
420,1286|6756|9546,1287|9550,3,2,http://www.reactome.org/biopax/96/48895#BiochemicalReaction2532,1,http://www.reactome.org/biopax/96/48895#Catalysis1176,454
421,1777|2488|7237,2492|7635,3,2,http://www.reactome.org/biopax/96/48895#BiochemicalReaction4828,1,http://www.reactome.org/biopax/96/48895#Catalysis2051,455
422,607|6120|9587,608|9596,3,2,http://www.reactome.org/biopax/96/48895#BiochemicalReaction987,1,http://www.reactome.org/biopax/96/48895#Catalysis433,456
423,1173|1174|1178,1177,3,1,http://www.reactome.org/biopax/96/48895#BiochemicalReaction2392,-1,http://www.reactome.org/biopax/96/48895#Control243,457
424,5628|8691|8898,9446|9485|9558|9667,3,4,http://www.reactome.org/biopax/96/48895#BiochemicalReaction8232,1,http://www.reactome.org/biopax/96/48895#Catalysis4239,458
425,1320|6771|7319,1321|7323,3,2,http://www.reactome.org/biopax/96/48895#BiochemicalReaction2586,1,http://www.reactome.org/biopax/96/48895#Catalysis1202,459
426,2842|4456|9529,2844,3,1,http://www.reactome.org/biopax/96/48895#BiochemicalReaction5387,-1,http://www.reactome.org/biopax/96/48895#Control495,460
427,5369|7450|8554,7580|8555,3,2,http://www.reactome.org/biopax/96/48895#BiochemicalReaction7810,1,http://www.reactome.org/biopax/96/48895#Catalysis3850,461
428,5266|7396|7900,7775|7910,3,2,http://www.reactome.org/biopax/96/48895#BiochemicalReaction7125,1,http://www.reactome.org/biopax/96/48895#Catalysis3193,462
429,4842|4845|7385,4843|7557,3,2,http://www.reactome.org/biopax/96/48895#BiochemicalReaction6544,1,http://www.reactome.org/biopax/96/48895#Catalysis2741,463
430,1813|1814|7237,1812|7635,3,2,http://www.reactome.org/biopax/96/48895#BiochemicalReaction3401,1,http://www.reactome.org/biopax/96/48895#Catalysis1563,464
431,3619|7993|7994,7995|7996|8467,3,3,http://www.reactome.org/biopax/96/48895#BiochemicalReaction7231,-1,http://www.reactome.org/biopax/96/48895#Control688,465
432,438|5379|7237,5380|7635,3,2,http://www.reactome.org/biopax/96/48895#BiochemicalReaction7442,1,http://www.reactome.org/biopax/96/48895#Catalysis3499,466
433,2227|2234|7237,445|4346|7635,3,3,http://www.reactome.org/biopax/96/48895#BiochemicalReaction4327,1,http://www.reactome.org/biopax/96/48895#Catalysis1907,467
434,2579|5082|5083,4481|5084,3,2,http://www.reactome.org/biopax/96/48895#BiochemicalReaction6855,-1,http://www.reactome.org/biopax/96/48895#Control617,468
435,6064|7537|8133,7493|8141,3,2,http://www.reactome.org/biopax/96/48895#BiochemicalReaction884,1,http://www.reactome.org/biopax/96/48895#Catalysis347,469
436,2446|7237,2448|7635,2,2,http://www.reactome.org/biopax/96/48895#BiochemicalReaction4754,1,http://www.reactome.org/biopax/96/48895#Catalysis2021,470
437,2476|7305,2482|7311,2,2,http://www.reactome.org/biopax/96/48895#BiochemicalReaction465,1,http://www.reactome.org/biopax/96/48895#Catalysis182,471
438,7545|7635|9565,7360|9655,3,2,http://www.reactome.org/biopax/96/48895#BiochemicalReaction8093,1,http://www.reactome.org/biopax/96/48895#Control791,472
439,931|2175,2181,2,1,http://www.reactome.org/biopax/96/48895#BiochemicalReaction4251,1,http://www.reactome.org/biopax/96/48895#Catalysis1874,473
440,2722|4320|4891,4991|5900,3,2,http://www.reactome.org/biopax/96/48895#BiochemicalReaction6665,1,http://www.reactome.org/biopax/96/48895#Catalysis2858,474
441,1436|3032,668|4844|5970,2,3,http://www.reactome.org/biopax/96/48895#BiochemicalReaction2767,1,http://www.reactome.org/biopax/96/48895#Catalysis1306,475
442,7523|8800|9587,8801|9515|9596,3,3,http://www.reactome.org/biopax/96/48895#BiochemicalReaction8117,1,http://www.reactome.org/biopax/96/48895#Control794,476
443,2722|4888|4890,4889|5900,3,2,http://www.reactome.org/biopax/96/48895#BiochemicalReaction6580,1,http://www.reactome.org/biopax/96/48895#Catalysis2774,477
444,1037|7537,7493,2,1,http://www.reactome.org/biopax/96/48895#BiochemicalReaction2083,1,http://www.reactome.org/biopax/96/48895#Catalysis994,478
445,2701|5415|7232,2703,3,1,http://www.reactome.org/biopax/96/48895#BiochemicalReaction5110,1,http://www.reactome.org/biopax/96/48895#Catalysis2177,479
446,6707|6886|7237,6708|7635,3,2,http://www.reactome.org/biopax/96/48895#BiochemicalReaction2428,1,http://www.reactome.org/biopax/96/48895#Catalysis1130,480
447,3618|7508|8591|8636,8639|8649,4,2,http://www.reactome.org/biopax/96/48895#BiochemicalReaction7887,1,http://www.reactome.org/biopax/96/48895#Catalysis3927,481
448,1325|6749|7237,1326|7635,3,2,http://www.reactome.org/biopax/96/48895#BiochemicalReaction2593,1,http://www.reactome.org/biopax/96/48895#Catalysis1204,482
449,92|8915|9633,7949|8914|9644,3,3,http://www.reactome.org/biopax/96/48895#BiochemicalReaction8257,1,http://www.reactome.org/biopax/96/48895#Catalysis4262,483
450,1946|9410,7288,2,1,http://www.reactome.org/biopax/96/48895#BiochemicalReaction3676,1,http://www.reactome.org/biopax/96/48895#Catalysis1694,484
451,3484|5100,4462,2,1,http://www.reactome.org/biopax/96/48895#BiochemicalReaction6881,1,http://www.reactome.org/biopax/96/48895#Control636,485
452,104|5642|9629,5641|8933|8934,3,3,http://www.reactome.org/biopax/96/48895#BiochemicalReaction8280,1,http://www.reactome.org/biopax/96/48895#Catalysis4284,486
453,3369|9565,3370|5415,2,2,http://www.reactome.org/biopax/96/48895#BiochemicalReaction6701,1,http://www.reactome.org/biopax/96/48895#Catalysis2888,487
454,620|3982|4308|5814|5897,621,5,1,http://www.reactome.org/biopax/96/48895#BiochemicalReaction1027,-1,http://www.reactome.org/biopax/96/48895#Control73,488
455,4015|8026|8489|8747|9208,8027|8467|9180|9209,5,4,http://www.reactome.org/biopax/96/48895#BiochemicalReaction8571,1,http://www.reactome.org/biopax/96/48895#Catalysis4568,489
456,1587|9546,1585|6884|9550,2,3,http://www.reactome.org/biopax/96/48895#BiochemicalReaction2999,1,http://www.reactome.org/biopax/96/48895#Catalysis1427,491
457,61|62,63|5615|5617,2,3,http://www.reactome.org/biopax/96/48895#BiochemicalReaction8196,1,http://www.reactome.org/biopax/96/48895#Catalysis4204,492
458,670|9546,671|9550,2,2,http://www.reactome.org/biopax/96/48895#BiochemicalReaction1088,1,http://www.reactome.org/biopax/96/48895#Catalysis475,493
459,5269|9555|9565,9554|9655,3,2,http://www.reactome.org/biopax/96/48895#BiochemicalReaction7138,1,http://www.reactome.org/biopax/96/48895#Catalysis3206,494
460,3320|4864|7788,4865|7377|9632,3,3,http://www.reactome.org/biopax/96/48895#BiochemicalReaction6562,1,http://www.reactome.org/biopax/96/48895#Catalysis2756,495
461,1277|6749|7237,1278|7635,3,2,http://www.reactome.org/biopax/96/48895#BiochemicalReaction2515,1,http://www.reactome.org/biopax/96/48895#Catalysis1171,496
462,1061|6625,6188,2,1,http://www.reactome.org/biopax/96/48895#BiochemicalReaction2154,1,http://www.reactome.org/biopax/96/48895#Catalysis1045,497
463,7619|8974|9449|9498|9667,7279|8973|9444,5,3,http://www.reactome.org/biopax/96/48895#BiochemicalReaction8330,-1,http://www.reactome.org/biopax/96/48895#Control812,498
464,2651,2652|4421,1,2,http://www.reactome.org/biopax/96/48895#BiochemicalReaction5026,1,http://www.reactome.org/biopax/96/48895#Catalysis2136,499
465,3188|3189|7237,3190|7635,3,2,http://www.reactome.org/biopax/96/48895#BiochemicalReaction6221,-1,http://www.reactome.org/biopax/96/48895#Control576,500
466,1132|7237,1133|7635,2,2,http://www.reactome.org/biopax/96/48895#BiochemicalReaction2305,1,http://www.reactome.org/biopax/96/48895#Catalysis1091,501
467,3214|3269,3268|3270|5743,2,3,http://www.reactome.org/biopax/96/48895#BiochemicalReaction6388,1,http://www.reactome.org/biopax/96/48895#Catalysis2610,502
468,5981|8053|8054,8055|8056,3,2,http://www.reactome.org/biopax/96/48895#BiochemicalReaction7290,1,http://www.reactome.org/biopax/96/48895#Catalysis3349,503
469,3851|5074|7619|9667,5547|7551,4,2,http://www.reactome.org/biopax/96/48895#BiochemicalReaction7964,1,http://www.reactome.org/biopax/96/48895#Catalysis3992,504
470,3192|7237|7545,1979|7635,3,2,http://www.reactome.org/biopax/96/48895#BiochemicalReaction6224,1,http://www.reactome.org/biopax/96/48895#Control577,505
471,514|6410|7237,6411|7635,3,2,http://www.reactome.org/biopax/96/48895#BiochemicalReaction1606,1,http://www.reactome.org/biopax/96/48895#Catalysis689,506
472,4011|8026|8489|8747|9189,8027|8467|9190,5,3,http://www.reactome.org/biopax/96/48895#BiochemicalReaction8562,1,http://www.reactome.org/biopax/96/48895#Catalysis4559,507
473,2853|4458|7634,2852,3,1,http://www.reactome.org/biopax/96/48895#BiochemicalReaction5450,1,http://www.reactome.org/biopax/96/48895#Control497,508
474,5134|6878|9546,5905|9550,3,2,http://www.reactome.org/biopax/96/48895#BiochemicalReaction2947,1,http://www.reactome.org/biopax/96/48895#Catalysis1404,509
475,367|4035|9565,4036|7380|7387|7545|9523,3,5,http://www.reactome.org/biopax/96/48895#BiochemicalReaction8839,1,http://www.reactome.org/biopax/96/48895#Catalysis4743,510
476,1902|1903|1905,1904,3,1,http://www.reactome.org/biopax/96/48895#BiochemicalReaction3606,-1,http://www.reactome.org/biopax/96/48895#Control333,511
477,3562|7383,7398,2,1,http://www.reactome.org/biopax/96/48895#BiochemicalReaction7002,1,http://www.reactome.org/biopax/96/48895#Catalysis3081,512
478,5583|7848|8731,5584|8732|9565,3,3,http://www.reactome.org/biopax/96/48895#BiochemicalReaction8058,-1,http://www.reactome.org/biopax/96/48895#Control784,513
479,5481|8425,8426,2,1,http://www.reactome.org/biopax/96/48895#BiochemicalReaction7675,1,http://www.reactome.org/biopax/96/48895#Catalysis3725,514
480,5312|7508|8598,8600,3,1,http://www.reactome.org/biopax/96/48895#BiochemicalReaction7850,1,http://www.reactome.org/biopax/96/48895#Catalysis3890,515
481,131|7949|8964,8967|9517,3,2,http://www.reactome.org/biopax/96/48895#BiochemicalReaction8321,1,http://www.reactome.org/biopax/96/48895#Catalysis4322,516
482,2808|2951,4503|4504|5415,2,3,http://www.reactome.org/biopax/96/48895#BiochemicalReaction5662,1,http://www.reactome.org/biopax/96/48895#Catalysis2325,518
483,5967|6199|9546,6203|9550,3,2,http://www.reactome.org/biopax/96/48895#BiochemicalReaction1148,1,http://www.reactome.org/biopax/96/48895#Catalysis492,519
484,3718|8293|9565,8287|9655,3,2,http://www.reactome.org/biopax/96/48895#BiochemicalReaction7552,1,http://www.reactome.org/biopax/96/48895#Catalysis3608,521
485,3318|7707|7785|7949,7786|8228,4,2,http://www.reactome.org/biopax/96/48895#BiochemicalReaction6558,1,http://www.reactome.org/biopax/96/48895#Catalysis2752,522
486,5270|7922|9546,7923|9515|9550,3,3,http://www.reactome.org/biopax/96/48895#BiochemicalReaction7149,1,http://www.reactome.org/biopax/96/48895#Catalysis3217,523
487,475|479|6003|6004|6007|6008|6013,480,7,1,http://www.reactome.org/biopax/96/48895#BiochemicalReaction747,1,http://www.reactome.org/biopax/96/48895#Catalysis265,524
488,3967|7508|7641|7949|9644,8036|9565|9633,5,3,http://www.reactome.org/biopax/96/48895#BiochemicalReaction7275,1,http://www.reactome.org/biopax/96/48895#Catalysis3334,525
489,3682|8263|9451,8202|8264,3,2,http://www.reactome.org/biopax/96/48895#BiochemicalReaction7497,1,http://www.reactome.org/biopax/96/48895#Catalysis3554,526
490,7281|7444,7322,2,1,http://www.reactome.org/biopax/96/48895#BiochemicalReaction8404,1,http://www.reactome.org/biopax/96/48895#Control815,527
491,1566|1569|7520,1567|7365,3,2,http://www.reactome.org/biopax/96/48895#BiochemicalReaction2969,1,http://www.reactome.org/biopax/96/48895#Catalysis1415,528
492,1028|6055|7237,1029|7635,3,2,http://www.reactome.org/biopax/96/48895#BiochemicalReaction3088,1,http://www.reactome.org/biopax/96/48895#Catalysis1469,529
493,5729|6941|9546,6942|9550,3,2,http://www.reactome.org/biopax/96/48895#BiochemicalReaction3834,1,http://www.reactome.org/biopax/96/48895#Catalysis1745,530
494,2454|7237,2456|7635,2,2,http://www.reactome.org/biopax/96/48895#BiochemicalReaction4763,1,http://www.reactome.org/biopax/96/48895#Catalysis2024,531
495,703|1260,1261,2,1,http://www.reactome.org/biopax/96/48895#BiochemicalReaction2476,1,http://www.reactome.org/biopax/96/48895#Catalysis1149,532
496,1032|7237|7238|7493|9565,7423|7537|7635|9655,5,4,http://www.reactome.org/biopax/96/48895#BiochemicalReaction2069,1,http://www.reactome.org/biopax/96/48895#Catalysis985,533
497,931|6414|9470,2180,3,1,http://www.reactome.org/biopax/96/48895#BiochemicalReaction4250,1,http://www.reactome.org/biopax/96/48895#Control392,534
498,2676|6388|7237|7288,2677|7635,4,2,http://www.reactome.org/biopax/96/48895#BiochemicalReaction5060,1,http://www.reactome.org/biopax/96/48895#Catalysis2156,535
499,6565|7346|7556,7347|7949,3,2,http://www.reactome.org/biopax/96/48895#BiochemicalReaction1991,1,http://www.reactome.org/biopax/96/48895#Catalysis926,537
500,1340|6753|6811,1353,3,1,http://www.reactome.org/biopax/96/48895#BiochemicalReaction2642,1,http://www.reactome.org/biopax/96/48895#Control262,538
501,5726|8290|9328,8420|9329,3,2,http://www.reactome.org/biopax/96/48895#BiochemicalReaction8655,1,http://www.reactome.org/biopax/96/48895#Catalysis4649,539
502,5697|7527|7579,7580|9146,3,2,http://www.reactome.org/biopax/96/48895#BiochemicalReaction8527,1,http://www.reactome.org/biopax/96/48895#Catalysis4526,540
503,5480|7949|8410|9644,8411|9633,4,2,http://www.reactome.org/biopax/96/48895#BiochemicalReaction7663,1,http://www.reactome.org/biopax/96/48895#Catalysis3713,541
504,1078|7436|7508,3825|9502,3,2,http://www.reactome.org/biopax/96/48895#BiochemicalReaction7929,1,http://www.reactome.org/biopax/96/48895#Catalysis3960,542
505,677|2525|7305,678|7311,3,2,http://www.reactome.org/biopax/96/48895#BiochemicalReaction1092,1,http://www.reactome.org/biopax/96/48895#Catalysis478,543
506,155|2120|4161|7237,155|2121|7545|8228,4,4,http://www.reactome.org/biopax/96/48895#BiochemicalReaction4134,1,http://www.reactome.org/biopax/96/48895#Catalysis1833,544
507,2393|4160,2392|4246|4380,2,3,http://www.reactome.org/biopax/96/48895#BiochemicalReaction4658,1,http://www.reactome.org/biopax/96/48895#Catalysis1984,545
508,1693|3339|9559,3339|7365,3,2,http://www.reactome.org/biopax/96/48895#BiochemicalReaction604,1,http://www.reactome.org/biopax/96/48895#Catalysis218,546
509,5596|7537|8843,7493|9432,3,2,http://www.reactome.org/biopax/96/48895#BiochemicalReaction8151,1,http://www.reactome.org/biopax/96/48895#Catalysis4159,547
510,142|7619|8980,7279|8982,3,2,http://www.reactome.org/biopax/96/48895#BiochemicalReaction8338,1,http://www.reactome.org/biopax/96/48895#Catalysis4339,548
511,6002|7527,7528,2,1,http://www.reactome.org/biopax/96/48895#BiochemicalReaction746,1,http://www.reactome.org/biopax/96/48895#Catalysis264,549
512,672|4844,1437,2,1,http://www.reactome.org/biopax/96/48895#BiochemicalReaction2768,1,http://www.reactome.org/biopax/96/48895#Catalysis1307,550
513,1990|5062|9662|9667,5066|9444|9669,4,3,http://www.reactome.org/biopax/96/48895#BiochemicalReaction372,1,http://www.reactome.org/biopax/96/48895#Catalysis132,551
514,5520|7450|7949|9644,7580|8554|9633,4,3,http://www.reactome.org/biopax/96/48895#BiochemicalReaction7808,1,http://www.reactome.org/biopax/96/48895#Catalysis3848,552
515,5624|8891|9451,7556|8894|8895,3,3,http://www.reactome.org/biopax/96/48895#BiochemicalReaction8226,1,http://www.reactome.org/biopax/96/48895#Catalysis4233,553
516,2889|5096,4463,2,1,http://www.reactome.org/biopax/96/48895#BiochemicalReaction6876,1,http://www.reactome.org/biopax/96/48895#Control629,554
517,5374|7534|9604,7640|8220,3,2,http://www.reactome.org/biopax/96/48895#BiochemicalReaction7433,1,http://www.reactome.org/biopax/96/48895#Catalysis3490,556
518,6086|8847|9149,7949|8858|9169|9186,3,4,http://www.reactome.org/biopax/96/48895#BiochemicalReaction934,1,http://www.reactome.org/biopax/96/48895#Catalysis395,557
519,1136|1138|1139|1140|1141|1142|1144,1143,7,1,http://www.reactome.org/biopax/96/48895#BiochemicalReaction2320,1,http://www.reactome.org/biopax/96/48895#Control239,558
520,7450|7964|8069,7580|8070,3,2,http://www.reactome.org/biopax/96/48895#BiochemicalReaction7302,-1,http://www.reactome.org/biopax/96/48895#Control690,560
521,4064|4173,4170,2,1,http://www.reactome.org/biopax/96/48895#BiochemicalReaction222,1,http://www.reactome.org/biopax/96/48895#Catalysis70,561
522,2260|5843|7305,2501|7311,3,2,http://www.reactome.org/biopax/96/48895#BiochemicalReaction467,1,http://www.reactome.org/biopax/96/48895#Catalysis184,563
523,110|1067,111|9563|9569,2,3,http://www.reactome.org/biopax/96/48895#BiochemicalReaction8284,1,http://www.reactome.org/biopax/96/48895#Catalysis4286,564
524,581|2071|9070,807|7507,3,2,http://www.reactome.org/biopax/96/48895#BiochemicalReaction4036,1,http://www.reactome.org/biopax/96/48895#Catalysis1788,565
525,2520|7237,2521|7635,2,2,http://www.reactome.org/biopax/96/48895#BiochemicalReaction4847,1,http://www.reactome.org/biopax/96/48895#Catalysis2060,566
526,3568|7839|7848,7849|7949|8218,3,3,http://www.reactome.org/biopax/96/48895#BiochemicalReaction7020,1,http://www.reactome.org/biopax/96/48895#Catalysis3099,567
527,702|6634|7452|9622,1071,4,1,http://www.reactome.org/biopax/96/48895#BiochemicalReaction2180,1,http://www.reactome.org/biopax/96/48895#Control228,568
528,1706|2900|9070,1703|7507,3,2,http://www.reactome.org/biopax/96/48895#BiochemicalReaction5567,1,http://www.reactome.org/biopax/96/48895#Catalysis2293,569
529,5088|7799|9451,5089,3,1,http://www.reactome.org/biopax/96/48895#BiochemicalReaction6859,-1,http://www.reactome.org/biopax/96/48895#Control624,570
530,641|2722|4933,5000|5900,3,2,http://www.reactome.org/biopax/96/48895#BiochemicalReaction6674,1,http://www.reactome.org/biopax/96/48895#Catalysis2867,571
531,3313|3937|7626,7776|7777,3,2,http://www.reactome.org/biopax/96/48895#BiochemicalReaction6523,1,http://www.reactome.org/biopax/96/48895#Catalysis2723,572
532,5335|8114|9487,8079|8116,3,2,http://www.reactome.org/biopax/96/48895#BiochemicalReaction7343,1,http://www.reactome.org/biopax/96/48895#Catalysis3402,573
533,588|7237|9170|9565,7635|9171|9655,4,3,http://www.reactome.org/biopax/96/48895#BiochemicalReaction8552,1,http://www.reactome.org/biopax/96/48895#Catalysis4549,574
534,405|414|9565,406|413|9655,3,3,http://www.reactome.org/biopax/96/48895#BiochemicalReaction8917,1,http://www.reactome.org/biopax/96/48895#Control915,575
535,7372|7537,7493,2,1,http://www.reactome.org/biopax/96/48895#BiochemicalReaction2089,-1,http://www.reactome.org/biopax/96/48895#Control204,576
536,1210|6916|9451,7209|7210,3,2,http://www.reactome.org/biopax/96/48895#BiochemicalReaction245,1,http://www.reactome.org/biopax/96/48895#Catalysis93,577
537,5682|7537|9107,7493|9105,3,2,http://www.reactome.org/biopax/96/48895#BiochemicalReaction8483,1,http://www.reactome.org/biopax/96/48895#Catalysis4483,578
538,2158|7949,9645,2,1,http://www.reactome.org/biopax/96/48895#BiochemicalReaction4217,1,http://www.reactome.org/biopax/96/48895#Catalysis1856,580
539,3822|8960|9644,9506|9633,3,2,http://www.reactome.org/biopax/96/48895#BiochemicalReaction8313,1,http://www.reactome.org/biopax/96/48895#Catalysis4314,581
540,4714|4721|7674|8747|9158,4722|7675|8467,5,3,http://www.reactome.org/biopax/96/48895#BiochemicalReaction6410,1,http://www.reactome.org/biopax/96/48895#Catalysis2621,582
541,3324|3337|4306,3338|5900,3,2,http://www.reactome.org/biopax/96/48895#BiochemicalReaction6651,1,http://www.reactome.org/biopax/96/48895#Catalysis2846,583
542,1515|9546,1516|6865|9550,2,3,http://www.reactome.org/biopax/96/48895#BiochemicalReaction2895,1,http://www.reactome.org/biopax/96/48895#Catalysis1378,584
543,3282|4745|9433|9434,4746|9435|9436,4,3,http://www.reactome.org/biopax/96/48895#BiochemicalReaction6444,1,http://www.reactome.org/biopax/96/48895#Catalysis2646,585
544,346|641|5745|5787,347|3436|3653,4,3,http://www.reactome.org/biopax/96/48895#BiochemicalReaction8794,1,http://www.reactome.org/biopax/96/48895#Control857,586
545,1341|7237,1342|6799|7635,2,3,http://www.reactome.org/biopax/96/48895#BiochemicalReaction2625,1,http://www.reactome.org/biopax/96/48895#Catalysis1226,587
546,2722|4316|4988,4987|5900,3,2,http://www.reactome.org/biopax/96/48895#BiochemicalReaction6662,1,http://www.reactome.org/biopax/96/48895#Catalysis2855,589
547,3886|8694|9517,7949|8695,3,2,http://www.reactome.org/biopax/96/48895#BiochemicalReaction8025,1,http://www.reactome.org/biopax/96/48895#Catalysis4035,590
548,612|6127|7508|9429,6129|9430|9517,4,3,http://www.reactome.org/biopax/96/48895#BiochemicalReaction1014,1,http://www.reactome.org/biopax/96/48895#Catalysis439,591
549,2660|7237,2661|7635,2,2,http://www.reactome.org/biopax/96/48895#BiochemicalReaction5039,1,http://www.reactome.org/biopax/96/48895#Catalysis2144,592
550,6582|7237|9428|9565,7415|7635|7949|9655,4,4,http://www.reactome.org/biopax/96/48895#BiochemicalReaction2066,1,http://www.reactome.org/biopax/96/48895#Catalysis982,593
551,6465|7237|9565|9602,7635|9456|9655,4,3,http://www.reactome.org/biopax/96/48895#BiochemicalReaction1819,1,http://www.reactome.org/biopax/96/48895#Catalysis763,594
552,4424|7237,4425|7635,2,2,http://www.reactome.org/biopax/96/48895#BiochemicalReaction5047,1,http://www.reactome.org/biopax/96/48895#Catalysis2150,595
553,1889|7174|7237,1890|7635,3,2,http://www.reactome.org/biopax/96/48895#BiochemicalReaction3594,1,http://www.reactome.org/biopax/96/48895#Catalysis1653,596
554,1471,427|7518,1,2,http://www.reactome.org/biopax/96/48895#BiochemicalReaction2834,1,http://www.reactome.org/biopax/96/48895#Catalysis1346,597
555,1248|6717|9565,1249|9655,3,2,http://www.reactome.org/biopax/96/48895#BiochemicalReaction2441,1,http://www.reactome.org/biopax/96/48895#Control246,598
556,5175|7837,7839,2,1,http://www.reactome.org/biopax/96/48895#BiochemicalReaction7007,1,http://www.reactome.org/biopax/96/48895#Catalysis3086,599
557,6978,6691|6980,1,2,http://www.reactome.org/biopax/96/48895#BiochemicalReaction206,1,http://www.reactome.org/biopax/96/48895#Catalysis55,600
558,6555|9577,9597,2,1,http://www.reactome.org/biopax/96/48895#BiochemicalReaction1971,1,http://www.reactome.org/biopax/96/48895#Control186,601
559,3587|7626|7869,7855|7870,3,2,http://www.reactome.org/biopax/96/48895#BiochemicalReaction7080,1,http://www.reactome.org/biopax/96/48895#Catalysis3151,602
560,5612|8867,52,2,1,http://www.reactome.org/biopax/96/48895#BiochemicalReaction8183,1,http://www.reactome.org/biopax/96/48895#Catalysis4191,603
561,1837|7237,1838|7635,2,2,http://www.reactome.org/biopax/96/48895#BiochemicalReaction3496,1,http://www.reactome.org/biopax/96/48895#Catalysis1614,604
562,6804|6808|9546,6809|9550,3,2,http://www.reactome.org/biopax/96/48895#BiochemicalReaction2638,1,http://www.reactome.org/biopax/96/48895#Catalysis1235,605
563,2290|7237,2291|7635,2,2,http://www.reactome.org/biopax/96/48895#BiochemicalReaction4468,1,http://www.reactome.org/biopax/96/48895#Catalysis1941,606
564,5528|7508|7949|8618|9644,8620|9565|9633,5,3,http://www.reactome.org/biopax/96/48895#BiochemicalReaction7865,1,http://www.reactome.org/biopax/96/48895#Catalysis3905,607
565,3601|9553|9565,9552|9655,3,2,http://www.reactome.org/biopax/96/48895#BiochemicalReaction7161,1,http://www.reactome.org/biopax/96/48895#Catalysis3229,609
566,2258|9587,2255|5280|5395|9596,2,4,http://www.reactome.org/biopax/96/48895#BiochemicalReaction425,1,http://www.reactome.org/biopax/96/48895#Catalysis157,610
567,2607|7237,2608|7635,2,2,http://www.reactome.org/biopax/96/48895#BiochemicalReaction4968,1,http://www.reactome.org/biopax/96/48895#Catalysis2114,611
568,597|7635|8735,7237|8733,3,2,http://www.reactome.org/biopax/96/48895#BiochemicalReaction8064,1,http://www.reactome.org/biopax/96/48895#Catalysis4072,612
569,1066|7237|9565|9621,7635|9622|9655,4,3,http://www.reactome.org/biopax/96/48895#BiochemicalReaction2159,1,http://www.reactome.org/biopax/96/48895#Catalysis1048,613
570,661|7319,662|7323,2,2,http://www.reactome.org/biopax/96/48895#BiochemicalReaction1082,1,http://www.reactome.org/biopax/96/48895#Catalysis473,614
571,2250|7157|7175,2251,3,1,http://www.reactome.org/biopax/96/48895#BiochemicalReaction4368,-1,http://www.reactome.org/biopax/96/48895#Control406,615
572,2722|4916|6896,4917|5900,3,2,http://www.reactome.org/biopax/96/48895#BiochemicalReaction6599,1,http://www.reactome.org/biopax/96/48895#Catalysis2793,616
573,5356|7459|8270,7580|8271,3,2,http://www.reactome.org/biopax/96/48895#BiochemicalReaction7504,1,http://www.reactome.org/biopax/96/48895#Catalysis3561,617
574,3009|7646|8179,7647|7949|8199,3,3,http://www.reactome.org/biopax/96/48895#BiochemicalReaction5783,1,http://www.reactome.org/biopax/96/48895#Catalysis2378,618
575,1835|7093,7094|7095,2,2,http://www.reactome.org/biopax/96/48895#BiochemicalReaction3463,1,http://www.reactome.org/biopax/96/48895#Catalysis1594,619
576,994|7556|8352,7949|8398,3,2,http://www.reactome.org/biopax/96/48895#BiochemicalReaction1922,1,http://www.reactome.org/biopax/96/48895#Catalysis860,620
577,3644|8094|8708,7660|8095,3,2,http://www.reactome.org/biopax/96/48895#BiochemicalReaction7327,1,http://www.reactome.org/biopax/96/48895#Catalysis3386,621
578,1665|7531|9565,7532|7533,3,2,http://www.reactome.org/biopax/96/48895#BiochemicalReaction3094,1,http://www.reactome.org/biopax/96/48895#Catalysis1472,622
579,2499|7237,2500|7635,2,2,http://www.reactome.org/biopax/96/48895#BiochemicalReaction4819,1,http://www.reactome.org/biopax/96/48895#Catalysis2047,623
580,401|5642|9387,5644|8938,3,2,http://www.reactome.org/biopax/96/48895#BiochemicalReaction8887,1,http://www.reactome.org/biopax/96/48895#Catalysis4766,624
581,1573|5905|9546,1574|9550,3,2,http://www.reactome.org/biopax/96/48895#BiochemicalReaction2980,1,http://www.reactome.org/biopax/96/48895#Catalysis1418,626
582,3450|3451,3452|4446,2,2,http://www.reactome.org/biopax/96/48895#BiochemicalReaction6819,-1,http://www.reactome.org/biopax/96/48895#Control610,627
583,2401|4161,2394,2,1,http://www.reactome.org/biopax/96/48895#BiochemicalReaction4674,1,http://www.reactome.org/biopax/96/48895#Catalysis1986,628
584,1586|9546,1588|9550,2,2,http://www.reactome.org/biopax/96/48895#BiochemicalReaction3000,1,http://www.reactome.org/biopax/96/48895#Catalysis1428,629
585,4753|7687|9565,7688|9527,3,2,http://www.reactome.org/biopax/96/48895#BiochemicalReaction6451,1,http://www.reactome.org/biopax/96/48895#Catalysis2653,630
586,3648|8111|9487,8079|8112,3,2,http://www.reactome.org/biopax/96/48895#BiochemicalReaction7340,1,http://www.reactome.org/biopax/96/48895#Catalysis3399,631
587,3014|4535|9512|9667,5544|7551,4,2,http://www.reactome.org/biopax/96/48895#BiochemicalReaction7944,1,http://www.reactome.org/biopax/96/48895#Catalysis3974,632
588,2471,2472|9655,1,2,http://www.reactome.org/biopax/96/48895#BiochemicalReaction4788,1,http://www.reactome.org/biopax/96/48895#Catalysis2035,633
589,591|9451|9488,7472|9334,3,2,http://www.reactome.org/biopax/96/48895#BiochemicalReaction8662,1,http://www.reactome.org/biopax/96/48895#Catalysis4656,634
590,6912|7237|9522,6914|7635,3,2,http://www.reactome.org/biopax/96/48895#BiochemicalReaction3072,-1,http://www.reactome.org/biopax/96/48895#Control278,635
591,122|8957|9633,7949|9429|9517|9644,3,4,http://www.reactome.org/biopax/96/48895#BiochemicalReaction8308,1,http://www.reactome.org/biopax/96/48895#Catalysis4309,636
592,2775|7237,2776|7635,2,2,http://www.reactome.org/biopax/96/48895#BiochemicalReaction5209,1,http://www.reactome.org/biopax/96/48895#Catalysis2216,637
593,3507|9503,3506|5141|5142|5143|5144|5145|5146|5147,2,8,http://www.reactome.org/biopax/96/48895#BiochemicalReaction6934,1,http://www.reactome.org/biopax/96/48895#Catalysis3016,638
594,5080|6058|8747,6216|9490,3,2,http://www.reactome.org/biopax/96/48895#BiochemicalReaction6846,1,http://www.reactome.org/biopax/96/48895#Catalysis2968,639
595,211|3851|7621,5071|7622|9667,3,3,http://www.reactome.org/biopax/96/48895#BiochemicalReaction8464,1,http://www.reactome.org/biopax/96/48895#Catalysis4465,640
596,1779|3036,644,2,1,http://www.reactome.org/biopax/96/48895#BiochemicalReaction5850,1,http://www.reactome.org/biopax/96/48895#Control534,641
597,4015|8026|8489|8594|8747,8027|8467|9210,5,3,http://www.reactome.org/biopax/96/48895#BiochemicalReaction8572,1,http://www.reactome.org/biopax/96/48895#Catalysis4569,642
598,3641|7237|7579|9600,7635|7949|7964|9655,4,4,http://www.reactome.org/biopax/96/48895#BiochemicalReaction7307,1,http://www.reactome.org/biopax/96/48895#Control693,643
599,5260|7237|7894,7635|7840,3,2,http://www.reactome.org/biopax/96/48895#BiochemicalReaction7113,1,http://www.reactome.org/biopax/96/48895#Catalysis3181,644
600,3102|5043|9565,6221|9655,3,2,http://www.reactome.org/biopax/96/48895#BiochemicalReaction5986,1,http://www.reactome.org/biopax/96/48895#Catalysis2461,646
601,2709|5898|7340,2713,3,1,http://www.reactome.org/biopax/96/48895#BiochemicalReaction491,1,http://www.reactome.org/biopax/96/48895#Control32,647
602,3159|4653,3160,2,1,http://www.reactome.org/biopax/96/48895#BiochemicalReaction6153,1,http://www.reactome.org/biopax/96/48895#Catalysis2518,648
603,6404|9530|9565,7949|9532|9533,3,3,http://www.reactome.org/biopax/96/48895#BiochemicalReaction1601,1,http://www.reactome.org/biopax/96/48895#Catalysis685,649
604,3536|7259|9565,7813,3,1,http://www.reactome.org/biopax/96/48895#BiochemicalReaction6959,1,http://www.reactome.org/biopax/96/48895#Catalysis3040,650
605,3032|6650,4844,2,1,http://www.reactome.org/biopax/96/48895#BiochemicalReaction2242,1,http://www.reactome.org/biopax/96/48895#Catalysis1067,651
606,3749|3956|7626,3750|7857,3,2,http://www.reactome.org/biopax/96/48895#BiochemicalReaction7612,1,http://www.reactome.org/biopax/96/48895#Catalysis3664,652
607,3637|8033|9565,8037,3,1,http://www.reactome.org/biopax/96/48895#BiochemicalReaction7276,1,http://www.reactome.org/biopax/96/48895#Catalysis3335,653
608,3773|5502,3997|8513,2,2,http://www.reactome.org/biopax/96/48895#BiochemicalReaction7759,1,http://www.reactome.org/biopax/96/48895#Catalysis3803,654
609,3041|7679|8290,7680|8420,3,2,http://www.reactome.org/biopax/96/48895#BiochemicalReaction6437,1,http://www.reactome.org/biopax/96/48895#Catalysis2639,656
610,3531|5152,3532|9597,2,2,http://www.reactome.org/biopax/96/48895#BiochemicalReaction6952,1,http://www.reactome.org/biopax/96/48895#Catalysis3033,657
611,5361|7582|9451,8201|8202,3,2,http://www.reactome.org/biopax/96/48895#BiochemicalReaction7406,1,http://www.reactome.org/biopax/96/48895#Catalysis3463,658
612,2571|7237|9410,7288|7635,3,2,http://www.reactome.org/biopax/96/48895#BiochemicalReaction4913,1,http://www.reactome.org/biopax/96/48895#Catalysis2088,659
613,5891|9074|9398,7511|9399,3,2,http://www.reactome.org/biopax/96/48895#BiochemicalReaction8929,1,http://www.reactome.org/biopax/96/48895#Catalysis4786,660
614,445|5061|7237|8988,3449|7635|9655,4,3,http://www.reactome.org/biopax/96/48895#BiochemicalReaction6811,1,http://www.reactome.org/biopax/96/48895#Catalysis2950,661
615,3851|5547|8708,5548|8120,3,2,http://www.reactome.org/biopax/96/48895#BiochemicalReaction7965,1,http://www.reactome.org/biopax/96/48895#Catalysis3993,662
616,7030,6689|7035,1,2,http://www.reactome.org/biopax/96/48895#BiochemicalReaction219,1,http://www.reactome.org/biopax/96/48895#Catalysis68,663
617,58,57|3789,1,2,http://www.reactome.org/biopax/96/48895#BiochemicalReaction8191,1,http://www.reactome.org/biopax/96/48895#Catalysis4199,664
618,3884|9523,3885,2,1,http://www.reactome.org/biopax/96/48895#BiochemicalReaction8018,1,http://www.reactome.org/biopax/96/48895#Control774,665
619,2473|6683|7237,2474|7635,3,2,http://www.reactome.org/biopax/96/48895#BiochemicalReaction4790,1,http://www.reactome.org/biopax/96/48895#Catalysis2036,666
620,949|1728|9070,950|7507,3,2,http://www.reactome.org/biopax/96/48895#BiochemicalReaction3215,1,http://www.reactome.org/biopax/96/48895#Catalysis1503,667
621,1060|6624|7442|7443,1059,4,1,http://www.reactome.org/biopax/96/48895#BiochemicalReaction2149,-1,http://www.reactome.org/biopax/96/48895#Control220,668
622,4463|5099,5097,2,1,http://www.reactome.org/biopax/96/48895#BiochemicalReaction6878,1,http://www.reactome.org/biopax/96/48895#Catalysis2992,669
623,4829|4831|7389,4830|7557|9632,3,3,http://www.reactome.org/biopax/96/48895#BiochemicalReaction6537,1,http://www.reactome.org/biopax/96/48895#Catalysis2736,670
624,92|7949|8914|9644,8915|9633,4,2,http://www.reactome.org/biopax/96/48895#BiochemicalReaction8253,1,http://www.reactome.org/biopax/96/48895#Catalysis4258,671
625,3670|8197|9565,7698|8196,3,2,http://www.reactome.org/biopax/96/48895#BiochemicalReaction7402,1,http://www.reactome.org/biopax/96/48895#Catalysis3459,672
626,2240|9565,2242|7949|9655,2,3,http://www.reactome.org/biopax/96/48895#BiochemicalReaction4339,1,http://www.reactome.org/biopax/96/48895#Catalysis1915,673
627,5527|7800|8577,8008|8579|9565,3,3,http://www.reactome.org/biopax/96/48895#BiochemicalReaction7832,1,http://www.reactome.org/biopax/96/48895#Catalysis3872,674
628,5273|7237|9553,7549|7635,3,2,http://www.reactome.org/biopax/96/48895#BiochemicalReaction7163,1,http://www.reactome.org/biopax/96/48895#Catalysis3231,675
629,4534|7656|8179|9565,7657|7949|8199,4,3,http://www.reactome.org/biopax/96/48895#BiochemicalReaction5792,1,http://www.reactome.org/biopax/96/48895#Catalysis2386,676
630,1612|6900|9587,4844|6882,3,2,http://www.reactome.org/biopax/96/48895#BiochemicalReaction3019,1,http://www.reactome.org/biopax/96/48895#Catalysis1437,677
631,2668|4341|7237,950|6966|7611|7635,3,4,http://www.reactome.org/biopax/96/48895#BiochemicalReaction5050,1,http://www.reactome.org/biopax/96/48895#Catalysis2152,678
632,3979|7534|9565,7698|8216,3,2,http://www.reactome.org/biopax/96/48895#BiochemicalReaction7426,1,http://www.reactome.org/biopax/96/48895#Catalysis3483,679
633,3180|7237,3181|7635,2,2,http://www.reactome.org/biopax/96/48895#BiochemicalReaction6194,1,http://www.reactome.org/biopax/96/48895#Catalysis2539,680
634,6469|7237|9565|9627,7635|9628|9655,4,3,http://www.reactome.org/biopax/96/48895#BiochemicalReaction1832,1,http://www.reactome.org/biopax/96/48895#Catalysis775,681
635,3892|8670|8705,8706|8707,3,2,http://www.reactome.org/biopax/96/48895#BiochemicalReaction8038,1,http://www.reactome.org/biopax/96/48895#Catalysis4047,682
636,6269|7237|7490,7635|9410,3,2,http://www.reactome.org/biopax/96/48895#BiochemicalReaction2401,1,http://www.reactome.org/biopax/96/48895#Catalysis1115,683
637,4075|7949|8440,9512|9667,3,2,http://www.reactome.org/biopax/96/48895#BiochemicalReaction1371,1,http://www.reactome.org/biopax/96/48895#Catalysis570,684
638,780|6247|7237,6248|7635,3,2,http://www.reactome.org/biopax/96/48895#BiochemicalReaction1258,1,http://www.reactome.org/biopax/96/48895#Control121,685
639,1250|6718|9565,1251|9655,3,2,http://www.reactome.org/biopax/96/48895#BiochemicalReaction2443,1,http://www.reactome.org/biopax/96/48895#Control247,686
640,749|9070,750|7507,2,2,http://www.reactome.org/biopax/96/48895#BiochemicalReaction1202,1,http://www.reactome.org/biopax/96/48895#Catalysis526,687
641,2425|7164|9565,4388|9655,3,2,http://www.reactome.org/biopax/96/48895#BiochemicalReaction4729,1,http://www.reactome.org/biopax/96/48895#Catalysis2008,688
642,6070|7237|8267|9565,7635|8282|9655,4,3,http://www.reactome.org/biopax/96/48895#BiochemicalReaction892,1,http://www.reactome.org/biopax/96/48895#Catalysis355,689
643,641|3544,3545,2,1,http://www.reactome.org/biopax/96/48895#BiochemicalReaction6972,1,http://www.reactome.org/biopax/96/48895#Catalysis3052,690
644,5411|8283|9565,7465|9655,3,2,http://www.reactome.org/biopax/96/48895#BiochemicalReaction7523,1,http://www.reactome.org/biopax/96/48895#Catalysis3580,691
645,1655|7423,7238,2,1,http://www.reactome.org/biopax/96/48895#BiochemicalReaction3079,1,http://www.reactome.org/biopax/96/48895#Catalysis1465,692
646,3042|4550|8290,4554|8420,3,2,http://www.reactome.org/biopax/96/48895#BiochemicalReaction5875,-1,http://www.reactome.org/biopax/96/48895#Control541,693
647,6086|8619|9167,9168|9397,3,2,http://www.reactome.org/biopax/96/48895#BiochemicalReaction8550,1,http://www.reactome.org/biopax/96/48895#Catalysis4547,694
648,4764|7705|7949|9644,7706|9633,4,2,http://www.reactome.org/biopax/96/48895#BiochemicalReaction6465,1,http://www.reactome.org/biopax/96/48895#Catalysis2667,695
649,1950|9410,9417|9538,2,2,http://www.reactome.org/biopax/96/48895#BiochemicalReaction3677,1,http://www.reactome.org/biopax/96/48895#Catalysis1695,696
650,1582|9587,1583|4127|6657,2,3,http://www.reactome.org/biopax/96/48895#BiochemicalReaction2993,1,http://www.reactome.org/biopax/96/48895#Catalysis1425,697
651,446|6304|7305,6307|7311,3,2,http://www.reactome.org/biopax/96/48895#BiochemicalReaction1415,1,http://www.reactome.org/biopax/96/48895#Control136,699
652,4478|6054|7237,4479|7635,3,2,http://www.reactome.org/biopax/96/48895#BiochemicalReaction5537,1,http://www.reactome.org/biopax/96/48895#Catalysis2278,700
653,814|4072|9070,806|7507,3,2,http://www.reactome.org/biopax/96/48895#BiochemicalReaction1338,1,http://www.reactome.org/biopax/96/48895#Catalysis567,701
654,4385|8966,7606,2,1,http://www.reactome.org/biopax/96/48895#BiochemicalReaction4701,1,http://www.reactome.org/biopax/96/48895#Catalysis1996,702
655,1913|6284|7237,1914|7635,3,2,http://www.reactome.org/biopax/96/48895#BiochemicalReaction3619,1,http://www.reactome.org/biopax/96/48895#Catalysis1666,703
656,2527|7237|9410,7288|7635,3,2,http://www.reactome.org/biopax/96/48895#BiochemicalReaction4858,1,http://www.reactome.org/biopax/96/48895#Catalysis2064,704
657,3600|9555|9565,9538|9655,3,2,http://www.reactome.org/biopax/96/48895#BiochemicalReaction7136,1,http://www.reactome.org/biopax/96/48895#Catalysis3204,705
658,2734|4435|9451,896,3,1,http://www.reactome.org/biopax/96/48895#BiochemicalReaction5158,1,http://www.reactome.org/biopax/96/48895#Catalysis2195,706
659,6985|7007,7015|7023,2,2,http://www.reactome.org/biopax/96/48895#BiochemicalReaction217,1,http://www.reactome.org/biopax/96/48895#Catalysis66,707
660,6594,6591|6595,1,2,http://www.reactome.org/biopax/96/48895#BiochemicalReaction2093,1,http://www.reactome.org/biopax/96/48895#Catalysis1003,708
661,799|5917|7237,803|6270|6275|7635,3,4,http://www.reactome.org/biopax/96/48895#BiochemicalReaction1339,1,http://www.reactome.org/biopax/96/48895#Catalysis568,709
662,2598|7339|9546,7335|9550,3,2,http://www.reactome.org/biopax/96/48895#BiochemicalReaction478,1,http://www.reactome.org/biopax/96/48895#Catalysis191,710
663,6304|6305|9433|9434,6302|9435|9436|9513,4,4,http://www.reactome.org/biopax/96/48895#BiochemicalReaction1398,1,http://www.reactome.org/biopax/96/48895#Catalysis588,711
664,5637|7237|8918,7635|7949|8914|9655,3,4,http://www.reactome.org/biopax/96/48895#BiochemicalReaction8264,1,http://www.reactome.org/biopax/96/48895#Catalysis4269,712
665,5723|9315,6098|9317,2,2,http://www.reactome.org/biopax/96/48895#BiochemicalReaction8648,1,http://www.reactome.org/biopax/96/48895#Catalysis4642,713
666,2061|5415,2065|4261|4262,2,3,http://www.reactome.org/biopax/96/48895#BiochemicalReaction4028,1,http://www.reactome.org/biopax/96/48895#Catalysis1784,714
667,5385|9451|9629,8202|8237,3,2,http://www.reactome.org/biopax/96/48895#BiochemicalReaction7461,1,http://www.reactome.org/biopax/96/48895#Catalysis3518,715
668,85|7621|8691,9486|9558|9667,3,3,http://www.reactome.org/biopax/96/48895#BiochemicalReaction8228,1,http://www.reactome.org/biopax/96/48895#Catalysis4235,716
669,860|6379,6380|6381,2,2,http://www.reactome.org/biopax/96/48895#BiochemicalReaction1542,1,http://www.reactome.org/biopax/96/48895#Catalysis662,717
670,5631|8903,8873,2,1,http://www.reactome.org/biopax/96/48895#BiochemicalReaction8239,1,http://www.reactome.org/biopax/96/48895#Catalysis4245,718
671,1876|1877|7237,1878|7635,3,2,http://www.reactome.org/biopax/96/48895#BiochemicalReaction3570,1,http://www.reactome.org/biopax/96/48895#Catalysis1644,719
672,2536|7237,2539|7635,2,2,http://www.reactome.org/biopax/96/48895#BiochemicalReaction4869,1,http://www.reactome.org/biopax/96/48895#Catalysis2070,720
673,1933|7189|7237,7198|7635,3,2,http://www.reactome.org/biopax/96/48895#BiochemicalReaction3650,1,http://www.reactome.org/biopax/96/48895#Catalysis1683,721
674,1016|1017,1007,2,1,http://www.reactome.org/biopax/96/48895#BiochemicalReaction2032,1,http://www.reactome.org/biopax/96/48895#Catalysis961,722
675,127|8959,8960|8961,2,2,http://www.reactome.org/biopax/96/48895#BiochemicalReaction8311,1,http://www.reactome.org/biopax/96/48895#Catalysis4312,723
676,1031|7237|7372|9565,7635|9638|9655,4,3,http://www.reactome.org/biopax/96/48895#BiochemicalReaction2068,1,http://www.reactome.org/biopax/96/48895#Catalysis984,724
677,161|5074|9015|9667,5663|7551,4,2,http://www.reactome.org/biopax/96/48895#BiochemicalReaction8378,1,http://www.reactome.org/biopax/96/48895#Catalysis4379,725
678,7293|9070|9565,8397|8959,3,2,http://www.reactome.org/biopax/96/48895#BiochemicalReaction8309,1,http://www.reactome.org/biopax/96/48895#Control807,726
679,5579|7635,7237|7545,2,2,http://www.reactome.org/biopax/96/48895#BiochemicalReaction8045,1,http://www.reactome.org/biopax/96/48895#Catalysis4053,727
680,923|1391,4102|9544,2,2,http://www.reactome.org/biopax/96/48895#BiochemicalReaction1640,1,http://www.reactome.org/biopax/96/48895#Catalysis703,729
681,756|761,757,2,1,http://www.reactome.org/biopax/96/48895#BiochemicalReaction1225,1,http://www.reactome.org/biopax/96/48895#Control108,730
682,1448|9559,1449,2,1,http://www.reactome.org/biopax/96/48895#BiochemicalReaction2784,1,http://www.reactome.org/biopax/96/48895#Catalysis1314,731
683,9|8757|8762,8763|9655,3,2,http://www.reactome.org/biopax/96/48895#BiochemicalReaction8083,1,http://www.reactome.org/biopax/96/48895#Catalysis4091,732
684,6450|8719|9498,9557|9558,3,2,http://www.reactome.org/biopax/96/48895#BiochemicalReaction1754,1,http://www.reactome.org/biopax/96/48895#Catalysis732,733
685,1860|7160|9546,6122|9550,3,2,http://www.reactome.org/biopax/96/48895#BiochemicalReaction3542,1,http://www.reactome.org/biopax/96/48895#Catalysis1630,734
686,1812|6991,7083|7084,2,2,http://www.reactome.org/biopax/96/48895#BiochemicalReaction3456,1,http://www.reactome.org/biopax/96/48895#Catalysis1588,735
687,4796|7753|9510,7754|9508,3,2,http://www.reactome.org/biopax/96/48895#BiochemicalReaction6506,1,http://www.reactome.org/biopax/96/48895#Control605,737
688,4783|4829|7378,4847|7377|9632,3,3,http://www.reactome.org/biopax/96/48895#BiochemicalReaction6548,1,http://www.reactome.org/biopax/96/48895#Catalysis2743,738
689,5437|7459|8306,7580|7949|8307,3,3,http://www.reactome.org/biopax/96/48895#BiochemicalReaction7572,1,http://www.reactome.org/biopax/96/48895#Catalysis3627,739
690,3879|7334|9429,7546|7812,3,2,http://www.reactome.org/biopax/96/48895#BiochemicalReaction8000,1,http://www.reactome.org/biopax/96/48895#Catalysis4015,740
691,9669|9679,9667,2,1,http://www.reactome.org/biopax/96/48895#BiochemicalReaction8007,1,http://www.reactome.org/biopax/96/48895#Control765,741
692,1298|6762|9587,6757|9596,3,2,http://www.reactome.org/biopax/96/48895#BiochemicalReaction2551,1,http://www.reactome.org/biopax/96/48895#Catalysis1183,742
693,967|9451|9588,9537|9589,3,2,http://www.reactome.org/biopax/96/48895#BiochemicalReaction1792,1,http://www.reactome.org/biopax/96/48895#Catalysis753,743
694,5373|8217|9565,7698|8223,3,2,http://www.reactome.org/biopax/96/48895#BiochemicalReaction7436,1,http://www.reactome.org/biopax/96/48895#Catalysis3493,744
695,3842|7800|8664,8665,3,1,http://www.reactome.org/biopax/96/48895#BiochemicalReaction7957,1,http://www.reactome.org/biopax/96/48895#Catalysis3985,746
696,891|7237,892|7635,2,2,http://www.reactome.org/biopax/96/48895#BiochemicalReaction1588,1,http://www.reactome.org/biopax/96/48895#Catalysis681,747
697,647|9546,648|9550,2,2,http://www.reactome.org/biopax/96/48895#BiochemicalReaction1061,1,http://www.reactome.org/biopax/96/48895#Catalysis462,748
698,6611|9453,7444,2,1,http://www.reactome.org/biopax/96/48895#BiochemicalReaction2128,1,http://www.reactome.org/biopax/96/48895#Catalysis1029,750
699,4202|6693,4203|4204|4206|4207,2,4,http://www.reactome.org/biopax/96/48895#BiochemicalReaction258,1,http://www.reactome.org/biopax/96/48895#Catalysis103,751
700,4152|6658|9546,4153|7298|7365,3,3,http://www.reactome.org/biopax/96/48895#BiochemicalReaction3051,1,http://www.reactome.org/biopax/96/48895#Catalysis1453,752
701,1275|6190,1331,2,1,http://www.reactome.org/biopax/96/48895#BiochemicalReaction2613,1,http://www.reactome.org/biopax/96/48895#Control260,753
702,771|5530,3805,2,1,http://www.reactome.org/biopax/96/48895#BiochemicalReaction7897,1,http://www.reactome.org/biopax/96/48895#Catalysis3937,755
703,4871|4873|7781,4872|7790|8489,3,3,http://www.reactome.org/biopax/96/48895#BiochemicalReaction6568,1,http://www.reactome.org/biopax/96/48895#Catalysis2762,756
704,6088|7508|7949|8625|9644,8629|9565|9633,5,3,http://www.reactome.org/biopax/96/48895#BiochemicalReaction7872,1,http://www.reactome.org/biopax/96/48895#Catalysis3912,757
705,3606|7958,7957,2,1,http://www.reactome.org/biopax/96/48895#BiochemicalReaction7189,1,http://www.reactome.org/biopax/96/48895#Catalysis3257,759
706,3395|9565,3396|3907,2,2,http://www.reactome.org/biopax/96/48895#BiochemicalReaction6718,1,http://www.reactome.org/biopax/96/48895#Catalysis2901,760
707,2151|5752|9546,2272|9550,3,2,http://www.reactome.org/biopax/96/48895#BiochemicalReaction450,1,http://www.reactome.org/biopax/96/48895#Catalysis177,761
708,1289|4136|9546,1297|6761|9550,3,3,http://www.reactome.org/biopax/96/48895#BiochemicalReaction2548,1,http://www.reactome.org/biopax/96/48895#Catalysis1180,762
709,3474|5081,5082|5083,2,2,http://www.reactome.org/biopax/96/48895#BiochemicalReaction6854,1,http://www.reactome.org/biopax/96/48895#Catalysis2972,763
710,2904|5415,2905,2,1,http://www.reactome.org/biopax/96/48895#BiochemicalReaction5584,1,http://www.reactome.org/biopax/96/48895#Catalysis2299,764
711,5402|8268|9685,8265|8266,3,2,http://www.reactome.org/biopax/96/48895#BiochemicalReaction7500,1,http://www.reactome.org/biopax/96/48895#Catalysis3557,765
712,5040|5042|7237,5041|7635,3,2,http://www.reactome.org/biopax/96/48895#BiochemicalReaction369,1,http://www.reactome.org/biopax/96/48895#Catalysis131,766
713,515|1952|7237,1953|7635,3,2,http://www.reactome.org/biopax/96/48895#BiochemicalReaction3681,1,http://www.reactome.org/biopax/96/48895#Catalysis1697,767
714,1922|7305,1923|7311,2,2,http://www.reactome.org/biopax/96/48895#BiochemicalReaction3636,1,http://www.reactome.org/biopax/96/48895#Catalysis1673,768
715,633|5976|7319,634|7323,3,2,http://www.reactome.org/biopax/96/48895#BiochemicalReaction1038,1,http://www.reactome.org/biopax/96/48895#Catalysis450,769
716,199|5673|9444|9662,4701|7667|9667,4,3,http://www.reactome.org/biopax/96/48895#BiochemicalReaction8443,1,http://www.reactome.org/biopax/96/48895#Catalysis4444,770
717,3324|3325|6888,4927|5900,3,2,http://www.reactome.org/biopax/96/48895#BiochemicalReaction6607,1,http://www.reactome.org/biopax/96/48895#Catalysis2801,771
718,2379|4378|6004,2378,3,1,http://www.reactome.org/biopax/96/48895#BiochemicalReaction4634,-1,http://www.reactome.org/biopax/96/48895#Control421,772
719,3480|5089|9451,5093,3,1,http://www.reactome.org/biopax/96/48895#BiochemicalReaction6866,1,http://www.reactome.org/biopax/96/48895#Catalysis2983,774
720,5495|7508|7949|8503|9644,8504|9565|9633,5,3,http://www.reactome.org/biopax/96/48895#BiochemicalReaction7743,1,http://www.reactome.org/biopax/96/48895#Catalysis3791,775
721,1521|7520,1506|1522|6864|7365,2,4,http://www.reactome.org/biopax/96/48895#BiochemicalReaction2901,1,http://www.reactome.org/biopax/96/48895#Catalysis1382,776
722,3540|7817,7816,2,1,http://www.reactome.org/biopax/96/48895#BiochemicalReaction6983,1,http://www.reactome.org/biopax/96/48895#Catalysis3062,777
723,4138|6791|9546,6792|9550,3,2,http://www.reactome.org/biopax/96/48895#BiochemicalReaction2620,1,http://www.reactome.org/biopax/96/48895#Catalysis1222,778
724,2741|7168|9565,2766|9655,3,2,http://www.reactome.org/biopax/96/48895#BiochemicalReaction5195,1,http://www.reactome.org/biopax/96/48895#Catalysis2210,779
725,5604|7237|7949|8856,8228|8857,4,2,http://www.reactome.org/biopax/96/48895#BiochemicalReaction8170,1,http://www.reactome.org/biopax/96/48895#Catalysis4178,780
726,991|9431,9649,2,1,http://www.reactome.org/biopax/96/48895#BiochemicalReaction1862,1,http://www.reactome.org/biopax/96/48895#Catalysis801,781
727,2285|7237,2286|7635,2,2,http://www.reactome.org/biopax/96/48895#BiochemicalReaction4448,1,http://www.reactome.org/biopax/96/48895#Catalysis1937,782
728,35|8835|9451,7556|8836|9537,3,3,http://www.reactome.org/biopax/96/48895#BiochemicalReaction8148,1,http://www.reactome.org/biopax/96/48895#Catalysis4156,783
729,2064|5415,4260|7228,2,2,http://www.reactome.org/biopax/96/48895#BiochemicalReaction4026,1,http://www.reactome.org/biopax/96/48895#Catalysis1783,784
730,1028|1658|7237,1029|7635,3,2,http://www.reactome.org/biopax/96/48895#BiochemicalReaction3084,1,http://www.reactome.org/biopax/96/48895#Catalysis1467,785
731,2018|7237,2018|7635,2,2,http://www.reactome.org/biopax/96/48895#BiochemicalReaction3847,1,http://www.reactome.org/biopax/96/48895#Catalysis1752,786
732,5356|7459|8273,7580|8270,3,2,http://www.reactome.org/biopax/96/48895#BiochemicalReaction7506,1,http://www.reactome.org/biopax/96/48895#Catalysis3563,787
733,454|2408,2409|6131|6132|7232|7233|7234,2,6,http://www.reactome.org/biopax/96/48895#BiochemicalReaction4695,1,http://www.reactome.org/biopax/96/48895#Catalysis1993,788
734,1310|9546,1101|6766|9550,2,3,http://www.reactome.org/biopax/96/48895#BiochemicalReaction2572,1,http://www.reactome.org/biopax/96/48895#Catalysis1193,789
735,4288|6175|9546,4581|9550,3,2,http://www.reactome.org/biopax/96/48895#BiochemicalReaction5963,1,http://www.reactome.org/biopax/96/48895#Catalysis2445,790
736,1976|7566|7568,7569|7570|7571,3,3,http://www.reactome.org/biopax/96/48895#BiochemicalReaction3720,1,http://www.reactome.org/biopax/96/48895#Catalysis1712,791
737,5685|7441|9113,7493|7617,3,2,http://www.reactome.org/biopax/96/48895#BiochemicalReaction8487,1,http://www.reactome.org/biopax/96/48895#Catalysis4487,793
738,3523|7545|9623,3529,3,1,http://www.reactome.org/biopax/96/48895#BiochemicalReaction6949,-1,http://www.reactome.org/biopax/96/48895#Control647,794
739,328|5951|9546,329|7365,3,2,http://www.reactome.org/biopax/96/48895#BiochemicalReaction8781,1,http://www.reactome.org/biopax/96/48895#Catalysis4730,795
740,1494|1526|1528,1527,3,1,http://www.reactome.org/biopax/96/48895#BiochemicalReaction2908,1,http://www.reactome.org/biopax/96/48895#Control271,796
741,380|5817,381,2,1,http://www.reactome.org/biopax/96/48895#BiochemicalReaction8851,1,http://www.reactome.org/biopax/96/48895#Control886,799
742,6507|7537|9537,7493|9655,3,2,http://www.reactome.org/biopax/96/48895#BiochemicalReaction1882,1,http://www.reactome.org/biopax/96/48895#Catalysis820,800
743,5358|7459|8187,7580|8198,3,2,http://www.reactome.org/biopax/96/48895#BiochemicalReaction7403,1,http://www.reactome.org/biopax/96/48895#Catalysis3460,804
744,1695|8676|9512,7541|9385,3,2,http://www.reactome.org/biopax/96/48895#BiochemicalReaction8871,1,http://www.reactome.org/biopax/96/48895#Catalysis4758,805
745,721|4303|4304|6211,720,4,1,http://www.reactome.org/biopax/96/48895#BiochemicalReaction7194,1,http://www.reactome.org/biopax/96/48895#Catalysis3262,806
746,196|7508|9060,7949|9450,3,2,http://www.reactome.org/biopax/96/48895#BiochemicalReaction8432,1,http://www.reactome.org/biopax/96/48895#Catalysis4433,807
747,4546|5182|9546,4545|9550,3,2,http://www.reactome.org/biopax/96/48895#BiochemicalReaction5856,1,http://www.reactome.org/biopax/96/48895#Catalysis2401,808
748,5312|7508|8579,8581,3,1,http://www.reactome.org/biopax/96/48895#BiochemicalReaction7834,1,http://www.reactome.org/biopax/96/48895#Catalysis3874,809
749,4167|6995,6696|7004,2,2,http://www.reactome.org/biopax/96/48895#BiochemicalReaction212,1,http://www.reactome.org/biopax/96/48895#Catalysis61,810
750,8260|9669,9667,2,1,http://www.reactome.org/biopax/96/48895#BiochemicalReaction8007,1,http://www.reactome.org/biopax/96/48895#Control767,811
751,151|8985|9487|9667,8079|8996,4,2,http://www.reactome.org/biopax/96/48895#BiochemicalReaction8355,1,http://www.reactome.org/biopax/96/48895#Catalysis4356,812
752,2987|6237|7237,6236|7635,3,2,http://www.reactome.org/biopax/96/48895#BiochemicalReaction5722,1,http://www.reactome.org/biopax/96/48895#Catalysis2354,813
753,3571|3573|9565,3574|3951,3,2,http://www.reactome.org/biopax/96/48895#BiochemicalReaction7026,1,http://www.reactome.org/biopax/96/48895#Catalysis3104,814
754,1329|6732|9587,2241|9596,3,2,http://www.reactome.org/biopax/96/48895#BiochemicalReaction2597,1,http://www.reactome.org/biopax/96/48895#Catalysis1207,815
755,2151|2166|5337,2188,3,1,http://www.reactome.org/biopax/96/48895#BiochemicalReaction410,-1,http://www.reactome.org/biopax/96/48895#Control28,816
756,6905|9561|9565,9533|9562,3,2,http://www.reactome.org/biopax/96/48895#BiochemicalReaction3063,1,http://www.reactome.org/biopax/96/48895#Catalysis1459,817
757,474|475|6003|6004|6007|6008,476,6,1,http://www.reactome.org/biopax/96/48895#BiochemicalReaction742,1,http://www.reactome.org/biopax/96/48895#Catalysis260,818
758,1134|1975,1989|9655,2,2,http://www.reactome.org/biopax/96/48895#BiochemicalReaction366,1,http://www.reactome.org/biopax/96/48895#Control23,819
759,6793|9417,1073,2,1,http://www.reactome.org/biopax/96/48895#BiochemicalReaction5560,1,http://www.reactome.org/biopax/96/48895#Catalysis2289,820
760,5331|8074|8708,8071|8075,3,2,http://www.reactome.org/biopax/96/48895#BiochemicalReaction7305,1,http://www.reactome.org/biopax/96/48895#Catalysis3364,821
761,6030|7495|8290,7661|8420,3,2,http://www.reactome.org/biopax/96/48895#BiochemicalReaction777,1,http://www.reactome.org/biopax/96/48895#Catalysis292,822
762,5670|9051,9052,2,1,http://www.reactome.org/biopax/96/48895#BiochemicalReaction8419,1,http://www.reactome.org/biopax/96/48895#Catalysis4420,824
763,2397|2558|7237,2430|7635,3,2,http://www.reactome.org/biopax/96/48895#BiochemicalReaction25,1,http://www.reactome.org/biopax/96/48895#Catalysis12,825
764,1875|7237,1876|7635,2,2,http://www.reactome.org/biopax/96/48895#BiochemicalReaction3566,1,http://www.reactome.org/biopax/96/48895#Catalysis1642,826
765,6840|6842|8179|9565,6841|7505|7506,4,3,http://www.reactome.org/biopax/96/48895#BiochemicalReaction2715,1,http://www.reactome.org/biopax/96/48895#Catalysis1281,827
766,4815|7386|7915,7557|7917,3,2,http://www.reactome.org/biopax/96/48895#BiochemicalReaction7131,1,http://www.reactome.org/biopax/96/48895#Catalysis3199,828
767,2601|7237,2602|7635,2,2,http://www.reactome.org/biopax/96/48895#BiochemicalReaction4963,1,http://www.reactome.org/biopax/96/48895#Catalysis2111,829
768,4467|7971|9565,7545,3,1,http://www.reactome.org/biopax/96/48895#BiochemicalReaction5536,1,http://www.reactome.org/biopax/96/48895#Catalysis2277,830
769,2143|7319,2144|7323,2,2,http://www.reactome.org/biopax/96/48895#BiochemicalReaction4161,1,http://www.reactome.org/biopax/96/48895#Catalysis1847,831
770,5057|6143|8290,5056|8420,3,2,http://www.reactome.org/biopax/96/48895#BiochemicalReaction6808,1,http://www.reactome.org/biopax/96/48895#Catalysis2947,832
771,3485|3950,5104|5115|5116|6417,2,4,http://www.reactome.org/biopax/96/48895#BiochemicalReaction6897,1,http://www.reactome.org/biopax/96/48895#Catalysis2999,833
772,1567|1570,1571,2,1,http://www.reactome.org/biopax/96/48895#BiochemicalReaction2971,1,http://www.reactome.org/biopax/96/48895#Catalysis1416,834
773,1130|6663|9565,6661|9655,3,2,http://www.reactome.org/biopax/96/48895#BiochemicalReaction2299,1,http://www.reactome.org/biopax/96/48895#Catalysis1089,835
774,3453,3454|4446,1,2,http://www.reactome.org/biopax/96/48895#BiochemicalReaction6821,1,http://www.reactome.org/biopax/96/48895#Catalysis2952,836
775,1591|6885,1592,2,1,http://www.reactome.org/biopax/96/48895#BiochemicalReaction3004,1,http://www.reactome.org/biopax/96/48895#Catalysis1431,837
776,4161|7203|7206,7205,3,1,http://www.reactome.org/biopax/96/48895#BiochemicalReaction3660,1,http://www.reactome.org/biopax/96/48895#Catalysis1690,838
777,2727|4434|7237,2728|7635,3,2,http://www.reactome.org/biopax/96/48895#BiochemicalReaction5150,-1,http://www.reactome.org/biopax/96/48895#Control465,839
778,5991|8142|8175,8057|8147,3,2,http://www.reactome.org/biopax/96/48895#BiochemicalReaction7380,1,http://www.reactome.org/biopax/96/48895#Catalysis3437,840
779,1343|7237,1342|1344|7635,2,3,http://www.reactome.org/biopax/96/48895#BiochemicalReaction2628,1,http://www.reactome.org/biopax/96/48895#Catalysis1228,841
780,2310|7237,2311|7635,2,2,http://www.reactome.org/biopax/96/48895#BiochemicalReaction4516,1,http://www.reactome.org/biopax/96/48895#Catalysis1948,842
781,836|9587,837|7329,2,2,http://www.reactome.org/biopax/96/48895#BiochemicalReaction1483,1,http://www.reactome.org/biopax/96/48895#Catalysis638,843
782,2722|6743,4999|5900,2,2,http://www.reactome.org/biopax/96/48895#BiochemicalReaction6673,1,http://www.reactome.org/biopax/96/48895#Catalysis2866,844
783,2581|2585|6400,2584,3,1,http://www.reactome.org/biopax/96/48895#BiochemicalReaction4931,-1,http://www.reactome.org/biopax/96/48895#Control450,845
784,915|6430|9543,914,3,1,http://www.reactome.org/biopax/96/48895#BiochemicalReaction1658,1,http://www.reactome.org/biopax/96/48895#Control175,846
785,3874|5569,3875|4001,2,2,http://www.reactome.org/biopax/96/48895#BiochemicalReaction7996,1,http://www.reactome.org/biopax/96/48895#Control764,847
786,4003|7371|8756,8761|9655,3,2,http://www.reactome.org/biopax/96/48895#BiochemicalReaction8082,1,http://www.reactome.org/biopax/96/48895#Catalysis4090,848
787,43|8848|9565,7842|9655,3,2,http://www.reactome.org/biopax/96/48895#BiochemicalReaction8157,1,http://www.reactome.org/biopax/96/48895#Catalysis4165,849
788,3884|7545,3885,2,1,http://www.reactome.org/biopax/96/48895#BiochemicalReaction8018,1,http://www.reactome.org/biopax/96/48895#Control775,850
789,1686|9565,1684|1687|9655,2,3,http://www.reactome.org/biopax/96/48895#BiochemicalReaction3144,1,http://www.reactome.org/biopax/96/48895#Catalysis1486,851
790,5363|7934|9451,8202|8248,3,2,http://www.reactome.org/biopax/96/48895#BiochemicalReaction7475,-1,http://www.reactome.org/biopax/96/48895#Control701,852
791,2785|7237,2787|7635,2,2,http://www.reactome.org/biopax/96/48895#BiochemicalReaction5219,1,http://www.reactome.org/biopax/96/48895#Catalysis2219,853
792,5427|8293|9565,8292|9655,3,2,http://www.reactome.org/biopax/96/48895#BiochemicalReaction7553,1,http://www.reactome.org/biopax/96/48895#Catalysis3609,854
793,675|2525|7305,676|7311,3,2,http://www.reactome.org/biopax/96/48895#BiochemicalReaction1091,1,http://www.reactome.org/biopax/96/48895#Catalysis477,855
794,7189|7191|7554,7190|7555,3,2,http://www.reactome.org/biopax/96/48895#BiochemicalReaction3638,1,http://www.reactome.org/biopax/96/48895#Catalysis1675,856
795,5670|9052,9051,2,1,http://www.reactome.org/biopax/96/48895#BiochemicalReaction8420,1,http://www.reactome.org/biopax/96/48895#Catalysis4421,857
796,874|6077|9070,875|7507,3,2,http://www.reactome.org/biopax/96/48895#BiochemicalReaction1558,1,http://www.reactome.org/biopax/96/48895#Catalysis669,858
797,595|9175|9565,7949|9138,3,2,http://www.reactome.org/biopax/96/48895#BiochemicalReaction938,1,http://www.reactome.org/biopax/96/48895#Catalysis399,859
798,1812|1831|6279,1830,3,1,http://www.reactome.org/biopax/96/48895#BiochemicalReaction3436,-1,http://www.reactome.org/biopax/96/48895#Control314,860
799,613|6128|7508|9429,6130|9430|9517,4,3,http://www.reactome.org/biopax/96/48895#BiochemicalReaction1015,1,http://www.reactome.org/biopax/96/48895#Catalysis440,861
800,6512|9491,9658,2,1,http://www.reactome.org/biopax/96/48895#BiochemicalReaction1887,1,http://www.reactome.org/biopax/96/48895#Catalysis825,862
801,3686|7237|7576,7635|8225,3,2,http://www.reactome.org/biopax/96/48895#BiochemicalReaction7443,1,http://www.reactome.org/biopax/96/48895#Catalysis3500,863
802,3640|7449|8156,8157,3,1,http://www.reactome.org/biopax/96/48895#BiochemicalReaction7364,1,http://www.reactome.org/biopax/96/48895#Catalysis3421,864
803,5621|7949|8218|8880,8228|8881|9517,4,3,http://www.reactome.org/biopax/96/48895#BiochemicalReaction8212,1,http://www.reactome.org/biopax/96/48895#Catalysis4219,865
804,5473|7237|8386,7635|7699,3,2,http://www.reactome.org/biopax/96/48895#BiochemicalReaction7643,1,http://www.reactome.org/biopax/96/48895#Catalysis3694,866
805,1861|4844,4928|4936|4943,2,3,http://www.reactome.org/biopax/96/48895#BiochemicalReaction342,1,http://www.reactome.org/biopax/96/48895#Catalysis114,867
806,876|6078|9070,877|7507,3,2,http://www.reactome.org/biopax/96/48895#BiochemicalReaction1559,1,http://www.reactome.org/biopax/96/48895#Catalysis670,868
807,1147|7237,1131|6666|6668|6669|6670|6671|7635,2,7,http://www.reactome.org/biopax/96/48895#BiochemicalReaction2334,1,http://www.reactome.org/biopax/96/48895#Catalysis1097,869
808,170|7508|9025,9026|9517,3,2,http://www.reactome.org/biopax/96/48895#BiochemicalReaction8390,-1,http://www.reactome.org/biopax/96/48895#Control814,870
809,1337|1387|9546,1388|9550,3,2,http://www.reactome.org/biopax/96/48895#BiochemicalReaction2683,1,http://www.reactome.org/biopax/96/48895#Catalysis1262,871
810,2550|7237|9410,7288|7635,3,2,http://www.reactome.org/biopax/96/48895#BiochemicalReaction4887,1,http://www.reactome.org/biopax/96/48895#Catalysis2077,872
811,2473|2475|7237,2474|7635,3,2,http://www.reactome.org/biopax/96/48895#BiochemicalReaction4790,-1,http://www.reactome.org/biopax/96/48895#Control435,873
812,4323|8428,3770,2,1,http://www.reactome.org/biopax/96/48895#BiochemicalReaction7746,1,http://www.reactome.org/biopax/96/48895#Catalysis3794,874
813,3847|7621|8669,7551|7619|7622,3,3,http://www.reactome.org/biopax/96/48895#BiochemicalReaction7961,1,http://www.reactome.org/biopax/96/48895#Catalysis3989,875
814,207|9083|9086,8463|9087,3,2,http://www.reactome.org/biopax/96/48895#BiochemicalReaction8458,1,http://www.reactome.org/biopax/96/48895#Catalysis4459,878
815,6365|7372|8489,7416|7949,3,2,http://www.reactome.org/biopax/96/48895#BiochemicalReaction2067,1,http://www.reactome.org/biopax/96/48895#Control191,879
816,1983|6949|6950|9070|9565,1984|7507|9655,5,3,http://www.reactome.org/biopax/96/48895#BiochemicalReaction3748,1,http://www.reactome.org/biopax/96/48895#Catalysis1720,880
817,2948|8179,2949|7505,2,2,http://www.reactome.org/biopax/96/48895#BiochemicalReaction5659,1,http://www.reactome.org/biopax/96/48895#Catalysis2323,881
818,2631|7237,2632|7635,2,2,http://www.reactome.org/biopax/96/48895#BiochemicalReaction5006,1,http://www.reactome.org/biopax/96/48895#Catalysis2125,882
819,4810|7389|7772,3938,3,1,http://www.reactome.org/biopax/96/48895#BiochemicalReaction6525,1,http://www.reactome.org/biopax/96/48895#Catalysis2725,883
820,2208|4844,2214,2,1,http://www.reactome.org/biopax/96/48895#BiochemicalReaction417,1,http://www.reactome.org/biopax/96/48895#Catalysis152,884
821,2722|5877|5900,4932|5900,3,2,http://www.reactome.org/biopax/96/48895#BiochemicalReaction6612,1,http://www.reactome.org/biopax/96/48895#Catalysis2806,885
822,530|7237,531|7635,2,2,http://www.reactome.org/biopax/96/48895#BiochemicalReaction815,1,http://www.reactome.org/biopax/96/48895#Catalysis318,886
823,2444|7237,2445|7635,2,2,http://www.reactome.org/biopax/96/48895#BiochemicalReaction4751,1,http://www.reactome.org/biopax/96/48895#Catalysis2019,887
824,902|6425|7318,905|6426,3,2,http://www.reactome.org/biopax/96/48895#BiochemicalReaction1623,1,http://www.reactome.org/biopax/96/48895#Control158,888
825,3628|8595|9565,8618,3,1,http://www.reactome.org/biopax/96/48895#BiochemicalReaction7864,1,http://www.reactome.org/biopax/96/48895#Catalysis3904,889
826,179|7281,7897|8440,2,2,http://www.reactome.org/biopax/96/48895#BiochemicalReaction8403,1,http://www.reactome.org/biopax/96/48895#Catalysis4404,890
827,2867,2868|9655,1,2,http://www.reactome.org/biopax/96/48895#BiochemicalReaction5513,1,http://www.reactome.org/biopax/96/48895#Catalysis2262,891
828,3559|7237|7830,7635|7816,3,2,http://www.reactome.org/biopax/96/48895#BiochemicalReaction6995,1,http://www.reactome.org/biopax/96/48895#Catalysis3074,892
829,3796|8383,7579|8421,2,2,http://www.reactome.org/biopax/96/48895#BiochemicalReaction7821,1,http://www.reactome.org/biopax/96/48895#Catalysis3861,893
830,2655|7508|7949|9500|9644,7436|9521|9565|9633,5,4,http://www.reactome.org/biopax/96/48895#BiochemicalReaction5030,1,http://www.reactome.org/biopax/96/48895#Catalysis2140,894
831,2115|6683|7237,2116|7635,3,2,http://www.reactome.org/biopax/96/48895#BiochemicalReaction4119,1,http://www.reactome.org/biopax/96/48895#Catalysis1829,895
832,6918|7237,6919|7635,2,2,http://www.reactome.org/biopax/96/48895#BiochemicalReaction3099,1,http://www.reactome.org/biopax/96/48895#Catalysis1473,896
833,3602|7938|9565,9553|9655,3,2,http://www.reactome.org/biopax/96/48895#BiochemicalReaction7165,1,http://www.reactome.org/biopax/96/48895#Catalysis3233,897
834,1134|3189|7237,3190|7635,3,2,http://www.reactome.org/biopax/96/48895#BiochemicalReaction6221,1,http://www.reactome.org/biopax/96/48895#Catalysis2555,898
835,6567|7363,7362,2,1,http://www.reactome.org/biopax/96/48895#BiochemicalReaction1996,1,http://www.reactome.org/biopax/96/48895#Catalysis931,899
836,5524|7237|7580|8421,7545|8228|8382,4,3,http://www.reactome.org/biopax/96/48895#BiochemicalReaction7816,1,http://www.reactome.org/biopax/96/48895#Catalysis3856,900
837,5270|7921|9546,7923|9550,3,2,http://www.reactome.org/biopax/96/48895#BiochemicalReaction7148,1,http://www.reactome.org/biopax/96/48895#Catalysis3216,901
838,3640|8151|8172,8142|8153|8173,3,3,http://www.reactome.org/biopax/96/48895#BiochemicalReaction7377,1,http://www.reactome.org/biopax/96/48895#Catalysis3434,902
839,5436|7949|8305|9644,8306|9633,4,2,http://www.reactome.org/biopax/96/48895#BiochemicalReaction7571,1,http://www.reactome.org/biopax/96/48895#Catalysis3626,903
840,1774|6284|7237,1775|7635,3,2,http://www.reactome.org/biopax/96/48895#BiochemicalReaction3321,1,http://www.reactome.org/biopax/96/48895#Catalysis1540,904
841,1961|7213|9565,2967|9655,3,2,http://www.reactome.org/biopax/96/48895#BiochemicalReaction5692,1,http://www.reactome.org/biopax/96/48895#Catalysis2335,905
842,640|6156|9587,642|6154|9596,3,3,http://www.reactome.org/biopax/96/48895#BiochemicalReaction1052,1,http://www.reactome.org/biopax/96/48895#Catalysis458,906
843,90|8734|8909|9444,8907|8910,4,2,http://www.reactome.org/biopax/96/48895#BiochemicalReaction8249,1,http://www.reactome.org/biopax/96/48895#Catalysis4254,907
844,3833|7949|8199|8440,8179|8409,4,2,http://www.reactome.org/biopax/96/48895#BiochemicalReaction7939,1,http://www.reactome.org/biopax/96/48895#Catalysis3969,908
845,5457|8355,3732,2,1,http://www.reactome.org/biopax/96/48895#BiochemicalReaction7602,1,http://www.reactome.org/biopax/96/48895#Catalysis3654,909
846,2241|9546,1276|9550,2,2,http://www.reactome.org/biopax/96/48895#BiochemicalReaction2598,1,http://www.reactome.org/biopax/96/48895#Catalysis1208,911
847,6012|7500,7501,2,1,http://www.reactome.org/biopax/96/48895#BiochemicalReaction772,1,http://www.reactome.org/biopax/96/48895#Catalysis289,912
848,5576|8688|8689,7949|8690|8692,3,3,http://www.reactome.org/biopax/96/48895#BiochemicalReaction8022,1,http://www.reactome.org/biopax/96/48895#Catalysis4032,913
849,744|751,752|9655,2,2,http://www.reactome.org/biopax/96/48895#BiochemicalReaction1206,1,http://www.reactome.org/biopax/96/48895#Control101,914
850,3144|7237,4648|6747|7635,2,3,http://www.reactome.org/biopax/96/48895#BiochemicalReaction6110,1,http://www.reactome.org/biopax/96/48895#Catalysis2508,916
851,4040|5318|9546,5377|9550,3,2,http://www.reactome.org/biopax/96/48895#BiochemicalReaction423,1,http://www.reactome.org/biopax/96/48895#Catalysis156,917
852,2851|3491|5128|9607,3492|5129|7806,4,3,http://www.reactome.org/biopax/96/48895#BiochemicalReaction6916,1,http://www.reactome.org/biopax/96/48895#Control642,918
853,1103|5415|6655|7237,1102,4,1,http://www.reactome.org/biopax/96/48895#BiochemicalReaction2259,1,http://www.reactome.org/biopax/96/48895#Catalysis1075,919
854,1015|6054|7237,1016|7635,3,2,http://www.reactome.org/biopax/96/48895#BiochemicalReaction2031,1,http://www.reactome.org/biopax/96/48895#Catalysis960,920
855,533|7537,7493,2,1,http://www.reactome.org/biopax/96/48895#BiochemicalReaction818,1,http://www.reactome.org/biopax/96/48895#Catalysis319,921
856,65|8873,64|8692,2,2,http://www.reactome.org/biopax/96/48895#BiochemicalReaction8199,1,http://www.reactome.org/biopax/96/48895#Catalysis4207,922
857,6574|7388,7389,2,1,http://www.reactome.org/biopax/96/48895#BiochemicalReaction2015,1,http://www.reactome.org/biopax/96/48895#Catalysis947,923
858,5671|7536|9064,7669|9512,3,2,http://www.reactome.org/biopax/96/48895#BiochemicalReaction8439,1,http://www.reactome.org/biopax/96/48895#Catalysis4440,924
859,5022|5023,5415,2,1,http://www.reactome.org/biopax/96/48895#BiochemicalReaction6737,1,http://www.reactome.org/biopax/96/48895#Catalysis2916,925
860,2722|5974,4910|5900,2,2,http://www.reactome.org/biopax/96/48895#BiochemicalReaction6594,1,http://www.reactome.org/biopax/96/48895#Catalysis2788,926
861,2449|7237,2450|7635,2,2,http://www.reactome.org/biopax/96/48895#BiochemicalReaction4756,1,http://www.reactome.org/biopax/96/48895#Catalysis2022,927
862,2282|6055,2289,2,1,http://www.reactome.org/biopax/96/48895#BiochemicalReaction4460,1,http://www.reactome.org/biopax/96/48895#Catalysis1940,928
863,684|4062|6187,683|6186,3,2,http://www.reactome.org/biopax/96/48895#BiochemicalReaction1104,1,http://www.reactome.org/biopax/96/48895#Control88,929
864,155|2018|4161,155|2019|4218,3,3,http://www.reactome.org/biopax/96/48895#BiochemicalReaction3848,1,http://www.reactome.org/biopax/96/48895#Catalysis1753,930
865,6073|7635|8723,7237|8721,3,2,http://www.reactome.org/biopax/96/48895#BiochemicalReaction8051,1,http://www.reactome.org/biopax/96/48895#Catalysis4059,931
866,949|2421|9070,950|7507,3,2,http://www.reactome.org/biopax/96/48895#BiochemicalReaction4719,1,http://www.reactome.org/biopax/96/48895#Catalysis2003,932
867,3582|5211|7789,5212|7557|9632,3,3,http://www.reactome.org/biopax/96/48895#BiochemicalReaction7059,1,http://www.reactome.org/biopax/96/48895#Catalysis3135,933
868,5869|6285|7237,5870|7635,3,2,http://www.reactome.org/biopax/96/48895#BiochemicalReaction8881,1,http://www.reactome.org/biopax/96/48895#Catalysis4764,934
869,1835|6179,7096|7097,2,2,http://www.reactome.org/biopax/96/48895#BiochemicalReaction3464,1,http://www.reactome.org/biopax/96/48895#Catalysis1595,936
870,4427|6793|7237,2670|7635,3,2,http://www.reactome.org/biopax/96/48895#BiochemicalReaction5079,1,http://www.reactome.org/biopax/96/48895#Catalysis2164,937
871,3502|8691|9444,3501|9446|9558,3,3,http://www.reactome.org/biopax/96/48895#BiochemicalReaction6928,1,http://www.reactome.org/biopax/96/48895#Catalysis3013,938
872,723,724|725,1,2,http://www.reactome.org/biopax/96/48895#BiochemicalReaction1173,1,http://www.reactome.org/biopax/96/48895#Catalysis504,939
873,576|8141|8218,8228|8238,3,2,http://www.reactome.org/biopax/96/48895#BiochemicalReaction889,1,http://www.reactome.org/biopax/96/48895#Catalysis352,940
874,6103|9131,9138,2,1,http://www.reactome.org/biopax/96/48895#BiochemicalReaction930,1,http://www.reactome.org/biopax/96/48895#Catalysis391,941
875,581|3169|9070,807|7507,3,2,http://www.reactome.org/biopax/96/48895#BiochemicalReaction6168,1,http://www.reactome.org/biopax/96/48895#Catalysis2525,942
876,3508|9623,7721,2,1,http://www.reactome.org/biopax/96/48895#BiochemicalReaction6936,1,http://www.reactome.org/biopax/96/48895#Catalysis3018,943
877,3679|8197|9565,7694|9655,3,2,http://www.reactome.org/biopax/96/48895#BiochemicalReaction7424,1,http://www.reactome.org/biopax/96/48895#Catalysis3481,944
878,5462|9545|9565,7574|7949|9548,3,3,http://www.reactome.org/biopax/96/48895#BiochemicalReaction7624,1,http://www.reactome.org/biopax/96/48895#Catalysis3676,945
879,6513|7537|9670,7493|9671,3,2,http://www.reactome.org/biopax/96/48895#BiochemicalReaction1894,1,http://www.reactome.org/biopax/96/48895#Catalysis832,946
880,2153|9451,2154|7589,2,2,http://www.reactome.org/biopax/96/48895#BiochemicalReaction4199,1,http://www.reactome.org/biopax/96/48895#Catalysis1853,947
881,585|8868|9290,8875|9291,3,2,http://www.reactome.org/biopax/96/48895#BiochemicalReaction8627,1,http://www.reactome.org/biopax/96/48895#Catalysis4621,948
882,2151|2396|9546,2391|9550,3,2,http://www.reactome.org/biopax/96/48895#BiochemicalReaction445,1,http://www.reactome.org/biopax/96/48895#Catalysis172,949
883,5793|6052|9546,6053|9550,3,2,http://www.reactome.org/biopax/96/48895#BiochemicalReaction5855,1,http://www.reactome.org/biopax/96/48895#Catalysis2400,950
884,5504|7508|7949|8523|9644,8524|9565|9633,5,3,http://www.reactome.org/biopax/96/48895#BiochemicalReaction7765,1,http://www.reactome.org/biopax/96/48895#Catalysis3809,951
885,2841|7305,2846|7311,2,2,http://www.reactome.org/biopax/96/48895#BiochemicalReaction512,1,http://www.reactome.org/biopax/96/48895#Catalysis199,952
886,3792|8179|8564,7949|8199|8421,3,3,http://www.reactome.org/biopax/96/48895#BiochemicalReaction7815,1,http://www.reactome.org/biopax/96/48895#Catalysis3855,953
887,5340|8125|8691|8708,8127|8715|8719,4,3,http://www.reactome.org/biopax/96/48895#BiochemicalReaction7349,1,http://www.reactome.org/biopax/96/48895#Catalysis3408,954
888,2714|7237,2715|7635,2,2,http://www.reactome.org/biopax/96/48895#BiochemicalReaction5130,1,http://www.reactome.org/biopax/96/48895#Catalysis2186,955
889,5507|7949|9440|9644,9439|9633,4,2,http://www.reactome.org/biopax/96/48895#BiochemicalReaction7784,1,http://www.reactome.org/biopax/96/48895#Control722,956
890,522|2647,2648,2,1,http://www.reactome.org/biopax/96/48895#BiochemicalReaction5024,1,http://www.reactome.org/biopax/96/48895#Catalysis2134,958
891,3308|7744,7745,2,1,http://www.reactome.org/biopax/96/48895#BiochemicalReaction6497,1,http://www.reactome.org/biopax/96/48895#Catalysis2699,959
892,2297|2299|7237,2298|7635,3,2,http://www.reactome.org/biopax/96/48895#BiochemicalReaction4488,-1,http://www.reactome.org/biopax/96/48895#Control415,960
893,6535|7456|7537|7572,7493|8988|9472,4,3,http://www.reactome.org/biopax/96/48895#BiochemicalReaction1930,1,http://www.reactome.org/biopax/96/48895#Catalysis868,961
894,3781|7373|7374|7379|9546,3794,5,1,http://www.reactome.org/biopax/96/48895#BiochemicalReaction632,1,http://www.reactome.org/biopax/96/48895#Control44,962
895,878|9410,9417|9538,2,2,http://www.reactome.org/biopax/96/48895#BiochemicalReaction1564,1,http://www.reactome.org/biopax/96/48895#Control151,963
896,1049|9472|9601,7572|9600,3,2,http://www.reactome.org/biopax/96/48895#BiochemicalReaction2117,1,http://www.reactome.org/biopax/96/48895#Catalysis1021,964
897,4593|5415|7173,4610,3,1,http://www.reactome.org/biopax/96/48895#BiochemicalReaction6000,1,http://www.reactome.org/biopax/96/48895#Catalysis2468,965
898,5988|8054|8136|8167,8138|8139|8168,4,3,http://www.reactome.org/biopax/96/48895#BiochemicalReaction7372,1,http://www.reactome.org/biopax/96/48895#Catalysis3429,966
899,1971|1974|7507|9565,1118|1973|6155|6660|6661|6662|9070,4,7,http://www.reactome.org/biopax/96/48895#BiochemicalReaction3715,1,http://www.reactome.org/biopax/96/48895#Catalysis1711,967
900,3179|7237,4666|6759|7635,2,3,http://www.reactome.org/biopax/96/48895#BiochemicalReaction6192,1,http://www.reactome.org/biopax/96/48895#Catalysis2538,969
901,6315|6318|9433|9434,4292|9435|9436|9513,4,4,http://www.reactome.org/biopax/96/48895#BiochemicalReaction1407,1,http://www.reactome.org/biopax/96/48895#Catalysis597,970
902,1465,427|7516,1,2,http://www.reactome.org/biopax/96/48895#BiochemicalReaction2826,1,http://www.reactome.org/biopax/96/48895#Catalysis1338,971
903,2931|7237,2932|7635,2,2,http://www.reactome.org/biopax/96/48895#BiochemicalReaction5628,1,http://www.reactome.org/biopax/96/48895#Catalysis2316,972
904,3523|7545,3529,2,1,http://www.reactome.org/biopax/96/48895#BiochemicalReaction6949,1,http://www.reactome.org/biopax/96/48895#Catalysis3031,974
905,2799|7237,2800|7635,2,2,http://www.reactome.org/biopax/96/48895#BiochemicalReaction5238,1,http://www.reactome.org/biopax/96/48895#Catalysis2228,975
906,34|8832|9451,7556|8833|9537,3,3,http://www.reactome.org/biopax/96/48895#BiochemicalReaction8145,1,http://www.reactome.org/biopax/96/48895#Catalysis4153,977
907,66|8079|8691|8874,8121|8876|9487|9667,4,4,http://www.reactome.org/biopax/96/48895#BiochemicalReaction8201,1,http://www.reactome.org/biopax/96/48895#Catalysis4209,978
908,2722|3325|4894,4895|5900,3,2,http://www.reactome.org/biopax/96/48895#BiochemicalReaction6583,1,http://www.reactome.org/biopax/96/48895#Catalysis2777,979
909,3664|8452|9481,8454|9480,3,2,http://www.reactome.org/biopax/96/48895#BiochemicalReaction7703,1,http://www.reactome.org/biopax/96/48895#Catalysis3751,980
910,7237|9606|9615,7635|7949|9606,3,3,http://www.reactome.org/biopax/96/48895#BiochemicalReaction6979,1,http://www.reactome.org/biopax/96/48895#Control661,981
911,5175|7839,7837,2,1,http://www.reactome.org/biopax/96/48895#BiochemicalReaction7006,1,http://www.reactome.org/biopax/96/48895#Catalysis3085,982
912,3737|3742|7626,3741|7878,3,2,http://www.reactome.org/biopax/96/48895#BiochemicalReaction7607,1,http://www.reactome.org/biopax/96/48895#Catalysis3659,983
913,6530|7250|7257,7251|7491,3,2,http://www.reactome.org/biopax/96/48895#BiochemicalReaction1919,1,http://www.reactome.org/biopax/96/48895#Catalysis857,984
914,1020|9426|9644,7409|7410|7411,3,3,http://www.reactome.org/biopax/96/48895#BiochemicalReaction2052,1,http://www.reactome.org/biopax/96/48895#Catalysis974,985
915,5312|8611|9633,8613|9644,3,2,http://www.reactome.org/biopax/96/48895#BiochemicalReaction7859,1,http://www.reactome.org/biopax/96/48895#Catalysis3899,986
916,939|2806|4442,2804,3,1,http://www.reactome.org/biopax/96/48895#BiochemicalReaction5246,1,http://www.reactome.org/biopax/96/48895#Control478,987
917,2687|7237,2688|7635,2,2,http://www.reactome.org/biopax/96/48895#BiochemicalReaction5082,1,http://www.reactome.org/biopax/96/48895#Catalysis2165,988
918,1169|6425,906|6426,2,2,http://www.reactome.org/biopax/96/48895#BiochemicalReaction1676,1,http://www.reactome.org/biopax/96/48895#Catalysis713,989
919,2599|7237,2600|7635,2,2,http://www.reactome.org/biopax/96/48895#BiochemicalReaction4962,1,http://www.reactome.org/biopax/96/48895#Catalysis2110,990
920,4090|5912|7305,4091|7311,3,2,http://www.reactome.org/biopax/96/48895#BiochemicalReaction1447,1,http://www.reactome.org/biopax/96/48895#Catalysis630,991
921,4772|7719,7720,2,1,http://www.reactome.org/biopax/96/48895#BiochemicalReaction6476,1,http://www.reactome.org/biopax/96/48895#Catalysis2678,992
922,2238|4357|7604,4358|8228,3,2,http://www.reactome.org/biopax/96/48895#BiochemicalReaction4336,1,http://www.reactome.org/biopax/96/48895#Catalysis1914,993
923,5156|7811|9498,7258|7551|9557,3,3,http://www.reactome.org/biopax/96/48895#BiochemicalReaction6958,1,http://www.reactome.org/biopax/96/48895#Catalysis3039,994
924,5802|7021|9546,7022|9550,3,2,http://www.reactome.org/biopax/96/48895#BiochemicalReaction3375,1,http://www.reactome.org/biopax/96/48895#Catalysis1555,995
925,637|4060|7237,636|7635,3,2,http://www.reactome.org/biopax/96/48895#BiochemicalReaction1049,1,http://www.reactome.org/biopax/96/48895#Catalysis456,997
926,73|7810|8691|8990,8991|9446|9558|9667,4,4,http://www.reactome.org/biopax/96/48895#BiochemicalReaction8348,1,http://www.reactome.org/biopax/96/48895#Catalysis4349,998
927,3344|3483|9559,3487|5941|7365,3,3,http://www.reactome.org/biopax/96/48895#BiochemicalReaction607,1,http://www.reactome.org/biopax/96/48895#Catalysis221,999
928,5490|8482|9485|9662|9667,8484|9444|9486,5,3,http://www.reactome.org/biopax/96/48895#BiochemicalReaction7726,1,http://www.reactome.org/biopax/96/48895#Catalysis3774,1000
929,4461|7637,2855,2,1,http://www.reactome.org/biopax/96/48895#BiochemicalReaction7900,1,http://www.reactome.org/biopax/96/48895#Catalysis3940,1001
930,751,752|9655,1,2,http://www.reactome.org/biopax/96/48895#BiochemicalReaction1206,1,http://www.reactome.org/biopax/96/48895#Catalysis527,1002
931,822|4292|7319,6294|7323,3,2,http://www.reactome.org/biopax/96/48895#BiochemicalReaction1383,1,http://www.reactome.org/biopax/96/48895#Catalysis576,1003
932,379|433|7305,1717|7311,3,2,http://www.reactome.org/biopax/96/48895#BiochemicalReaction672,1,http://www.reactome.org/biopax/96/48895#Catalysis242,1004
933,3558|7237|7828,7635|7829|7949,3,3,http://www.reactome.org/biopax/96/48895#BiochemicalReaction6993,1,http://www.reactome.org/biopax/96/48895#Catalysis3072,1005
934,3834|7811|9667,7551|9512,3,2,http://www.reactome.org/biopax/96/48895#BiochemicalReaction7941,1,http://www.reactome.org/biopax/96/48895#Catalysis3971,1006
935,1857|7151,1858,2,1,http://www.reactome.org/biopax/96/48895#BiochemicalReaction3529,-1,http://www.reactome.org/biopax/96/48895#Control325,1007
936,3886|7237|7334|8695,7635|7949|8696|9655,4,4,http://www.reactome.org/biopax/96/48895#BiochemicalReaction8026,1,http://www.reactome.org/biopax/96/48895#Catalysis4036,1008
937,198|5672|6212,5671|6213|9063,3,3,http://www.reactome.org/biopax/96/48895#BiochemicalReaction8438,1,http://www.reactome.org/biopax/96/48895#Catalysis4439,1009
938,562|7423,7238,2,1,http://www.reactome.org/biopax/96/48895#BiochemicalReaction847,1,http://www.reactome.org/biopax/96/48895#Catalysis339,1010
939,1863|7550,7551|9679,2,2,http://www.reactome.org/biopax/96/48895#BiochemicalReaction3551,1,http://www.reactome.org/biopax/96/48895#Catalysis1632,1011
940,3322|6892|9546,3323|7298|7365,3,3,http://www.reactome.org/biopax/96/48895#BiochemicalReaction6573,1,http://www.reactome.org/biopax/96/48895#Catalysis2767,1012
941,5344|7508|8184|9506,8185|8186|9533|9565,4,4,http://www.reactome.org/biopax/96/48895#BiochemicalReaction7385,1,http://www.reactome.org/biopax/96/48895#Catalysis3442,1013
942,1812|6402,7107|7108,2,2,http://www.reactome.org/biopax/96/48895#BiochemicalReaction3469,1,http://www.reactome.org/biopax/96/48895#Catalysis1600,1014
943,2227|4347|7237,4348|7635,3,2,http://www.reactome.org/biopax/96/48895#BiochemicalReaction4328,1,http://www.reactome.org/biopax/96/48895#Catalysis1908,1015
944,4119|6525|9429,4120|7239,3,2,http://www.reactome.org/biopax/96/48895#BiochemicalReaction1911,1,http://www.reactome.org/biopax/96/48895#Catalysis849,1016
945,3037|7237,3038|7635,2,2,http://www.reactome.org/biopax/96/48895#BiochemicalReaction5854,1,http://www.reactome.org/biopax/96/48895#Catalysis2399,1017
946,641|9538,7920,2,1,http://www.reactome.org/biopax/96/48895#BiochemicalReaction7144,1,http://www.reactome.org/biopax/96/48895#Catalysis3212,1018
947,1607|3346|6897,3347|5900,3,2,http://www.reactome.org/biopax/96/48895#BiochemicalReaction6684,1,http://www.reactome.org/biopax/96/48895#Catalysis2877,1019
948,534|537|8747|8975,557|9071|9158,4,3,http://www.reactome.org/biopax/96/48895#BiochemicalReaction101,1,http://www.reactome.org/biopax/96/48895#Catalysis33,1020
949,232|7291|9141,9142|9143,3,2,http://www.reactome.org/biopax/96/48895#BiochemicalReaction8517,1,http://www.reactome.org/biopax/96/48895#Catalysis4516,1021
950,4082|6298|7305,6309|7311,3,2,http://www.reactome.org/biopax/96/48895#BiochemicalReaction1411,1,http://www.reactome.org/biopax/96/48895#Catalysis601,1022
951,6363|7237|7372,7318|7635|9655,3,3,http://www.reactome.org/biopax/96/48895#BiochemicalReaction8934,1,http://www.reactome.org/biopax/96/48895#Catalysis4789,1023
952,6479|7372|9639,7318|9640,3,2,http://www.reactome.org/biopax/96/48895#BiochemicalReaction1850,1,http://www.reactome.org/biopax/96/48895#Catalysis789,1024
953,823|826|9587,824|7329,3,2,http://www.reactome.org/biopax/96/48895#BiochemicalReaction1387,-1,http://www.reactome.org/biopax/96/48895#Control134,1025
954,5190|5192|7378,5191|7377|9632,3,3,http://www.reactome.org/biopax/96/48895#BiochemicalReaction7042,1,http://www.reactome.org/biopax/96/48895#Catalysis3120,1026
955,501|7621|7906,7622|7913|9667,3,3,http://www.reactome.org/biopax/96/48895#BiochemicalReaction785,1,http://www.reactome.org/biopax/96/48895#Catalysis298,1027
956,1044|7318,7372,2,1,http://www.reactome.org/biopax/96/48895#BiochemicalReaction2105,1,http://www.reactome.org/biopax/96/48895#Control217,1028
957,5655|7277,7897|9000,2,2,http://www.reactome.org/biopax/96/48895#BiochemicalReaction8361,1,http://www.reactome.org/biopax/96/48895#Catalysis4362,1029
958,5417|5420,3711,2,1,http://www.reactome.org/biopax/96/48895#BiochemicalReaction7537,1,http://www.reactome.org/biopax/96/48895#Catalysis3594,1030
959,3764|7700|8388,8228|8389,3,2,http://www.reactome.org/biopax/96/48895#BiochemicalReaction7647,1,http://www.reactome.org/biopax/96/48895#Catalysis3698,1031
960,4801|7756|7757,7758|9508,3,2,http://www.reactome.org/biopax/96/48895#BiochemicalReaction6509,1,http://www.reactome.org/biopax/96/48895#Catalysis2711,1032
961,3640|7449|8453,8455,3,1,http://www.reactome.org/biopax/96/48895#BiochemicalReaction7704,1,http://www.reactome.org/biopax/96/48895#Catalysis3752,1033
962,2483|7237,2485|7635,2,2,http://www.reactome.org/biopax/96/48895#BiochemicalReaction4802,1,http://www.reactome.org/biopax/96/48895#Catalysis2040,1034
963,3817|9577,9597,2,1,http://www.reactome.org/biopax/96/48895#BiochemicalReaction7911,1,http://www.reactome.org/biopax/96/48895#Catalysis3949,1035
964,5644|8937,115,2,1,http://www.reactome.org/biopax/96/48895#BiochemicalReaction8289,1,http://www.reactome.org/biopax/96/48895#Catalysis4290,1036
965,2088|2098|7237,2089|7635,3,2,http://www.reactome.org/biopax/96/48895#BiochemicalReaction4091,1,http://www.reactome.org/biopax/96/48895#Catalysis1814,1037
966,3245|3924|9070,3246,3,1,http://www.reactome.org/biopax/96/48895#BiochemicalReaction6352,1,http://www.reactome.org/biopax/96/48895#Control598,1038
967,1939|9623|9633,7949|9644|9652,3,3,http://www.reactome.org/biopax/96/48895#BiochemicalReaction358,1,http://www.reactome.org/biopax/96/48895#Catalysis123,1039
968,161|5663|8708|9667,5548|9017,4,2,http://www.reactome.org/biopax/96/48895#BiochemicalReaction8379,1,http://www.reactome.org/biopax/96/48895#Catalysis4380,1040
969,6548|7267|7493|7537|7542,7276|7493|7530|7537,5,4,http://www.reactome.org/biopax/96/48895#BiochemicalReaction1954,1,http://www.reactome.org/biopax/96/48895#Catalysis892,1041
970,4406|4407|9551,2509,3,1,http://www.reactome.org/biopax/96/48895#BiochemicalReaction4835,1,http://www.reactome.org/biopax/96/48895#Control443,1042
971,2151|2230|9546,2231|9550,3,2,http://www.reactome.org/biopax/96/48895#BiochemicalReaction4325,1,http://www.reactome.org/biopax/96/48895#Catalysis1905,1043
972,698|700|9401,699|9454|9455,3,3,http://www.reactome.org/biopax/96/48895#BiochemicalReaction1118,-1,http://www.reactome.org/biopax/96/48895#Control92,1044
973,1011|9568,9533,2,1,http://www.reactome.org/biopax/96/48895#BiochemicalReaction2039,1,http://www.reactome.org/biopax/96/48895#Catalysis968,1045
974,1926|2998|5415,2999,3,1,http://www.reactome.org/biopax/96/48895#BiochemicalReaction5757,1,http://www.reactome.org/biopax/96/48895#Catalysis2367,1046
975,4126|6658,4128,2,1,http://www.reactome.org/biopax/96/48895#BiochemicalReaction2272,1,http://www.reactome.org/biopax/96/48895#Catalysis1079,1047
976,2352|7237,2353|7635,2,2,http://www.reactome.org/biopax/96/48895#BiochemicalReaction4588,1,http://www.reactome.org/biopax/96/48895#Catalysis1968,1048
977,4769|7542|9615,7546|7716,3,2,http://www.reactome.org/biopax/96/48895#BiochemicalReaction6471,1,http://www.reactome.org/biopax/96/48895#Catalysis2673,1049
978,194|8945,7949|9059|9062,2,3,http://www.reactome.org/biopax/96/48895#BiochemicalReaction8436,1,http://www.reactome.org/biopax/96/48895#Catalysis4437,1050
979,5224|5230|7391,5227|7390|9632,3,3,http://www.reactome.org/biopax/96/48895#BiochemicalReaction7066,1,http://www.reactome.org/biopax/96/48895#Catalysis3142,1052
980,899|920|7318,903|6424,3,2,http://www.reactome.org/biopax/96/48895#BiochemicalReaction1635,-1,http://www.reactome.org/biopax/96/48895#Control165,1053
981,163|9019|9565,7293|7334|7607,3,3,http://www.reactome.org/biopax/96/48895#BiochemicalReaction8382,1,http://www.reactome.org/biopax/96/48895#Catalysis4383,1054
982,1812|6682,7087,2,1,http://www.reactome.org/biopax/96/48895#BiochemicalReaction3459,1,http://www.reactome.org/biopax/96/48895#Catalysis1591,1055
983,3646|8087|9444,8088,3,1,http://www.reactome.org/biopax/96/48895#BiochemicalReaction7320,1,http://www.reactome.org/biopax/96/48895#Catalysis3379,1056
984,2722|5008|6743,5009|5900,3,2,http://www.reactome.org/biopax/96/48895#BiochemicalReaction6681,1,http://www.reactome.org/biopax/96/48895#Catalysis2874,1057
985,5415|7235,2708,2,1,http://www.reactome.org/biopax/96/48895#BiochemicalReaction5117,1,http://www.reactome.org/biopax/96/48895#Catalysis2181,1058
986,5629|7449|8153,8139|8142|8899,3,3,http://www.reactome.org/biopax/96/48895#BiochemicalReaction8233,1,http://www.reactome.org/biopax/96/48895#Catalysis4240,1059
987,3791|8558|8559,8560|8561,3,2,http://www.reactome.org/biopax/96/48895#BiochemicalReaction7813,1,http://www.reactome.org/biopax/96/48895#Catalysis3853,1060
988,5552|5553|9487,5549,3,1,http://www.reactome.org/biopax/96/48895#BiochemicalReaction7976,1,http://www.reactome.org/biopax/96/48895#Control756,1062
989,50|7508|8863|9565,7897|8861|9660,4,3,http://www.reactome.org/biopax/96/48895#BiochemicalReaction8180,1,http://www.reactome.org/biopax/96/48895#Catalysis4188,1063
990,7237|7281,7322,2,1,http://www.reactome.org/biopax/96/48895#BiochemicalReaction8404,1,http://www.reactome.org/biopax/96/48895#Control816,1064
991,5505|7508|7949|9438|9644,9442|9565|9633,5,3,http://www.reactome.org/biopax/96/48895#BiochemicalReaction7774,1,http://www.reactome.org/biopax/96/48895#Catalysis3818,1065
992,1930|7189|7198,1931,3,1,http://www.reactome.org/biopax/96/48895#BiochemicalReaction3647,-1,http://www.reactome.org/biopax/96/48895#Control340,1066
993,1307|7237,1308|6759|7635,2,3,http://www.reactome.org/biopax/96/48895#BiochemicalReaction2567,1,http://www.reactome.org/biopax/96/48895#Catalysis1189,1067
994,2741|2746|6399|6956,2745,4,1,http://www.reactome.org/biopax/96/48895#BiochemicalReaction5166,-1,http://www.reactome.org/biopax/96/48895#Control471,1068
995,8685|8686|9487,7619|8079,3,2,http://www.reactome.org/biopax/96/48895#BiochemicalReaction8015,1,http://www.reactome.org/biopax/96/48895#Control770,1069
996,2865|7237,2866|7635,2,2,http://www.reactome.org/biopax/96/48895#BiochemicalReaction5510,1,http://www.reactome.org/biopax/96/48895#Catalysis2261,1070
997,1079|7462,7464,2,1,http://www.reactome.org/biopax/96/48895#BiochemicalReaction2221,1,http://www.reactome.org/biopax/96/48895#Catalysis1060,1071
998,672|1087|4844,6649|6650,3,2,http://www.reactome.org/biopax/96/48895#BiochemicalReaction2241,1,http://www.reactome.org/biopax/96/48895#Catalysis1066,1073
999,3410|9587,3411|4033,2,2,http://www.reactome.org/biopax/96/48895#BiochemicalReaction6726,1,http://www.reactome.org/biopax/96/48895#Catalysis2909,1074
1000,6800|6831|7237,6832|7635,3,2,http://www.reactome.org/biopax/96/48895#BiochemicalReaction2704,1,http://www.reactome.org/biopax/96/48895#Catalysis1274,1075
1001,1757|9565,1758|9655,2,2,http://www.reactome.org/biopax/96/48895#BiochemicalReaction3275,1,http://www.reactome.org/biopax/96/48895#Catalysis1528,1076
1002,260|9275|9276,9277|9278,3,2,http://www.reactome.org/biopax/96/48895#BiochemicalReaction8614,1,http://www.reactome.org/biopax/96/48895#Catalysis4610,1077
1003,73|8991|9446|9558|9667,7810|8691|8990,5,3,http://www.reactome.org/biopax/96/48895#BiochemicalReaction8349,1,http://www.reactome.org/biopax/96/48895#Catalysis4350,1078
1004,473|7318,7372,2,1,http://www.reactome.org/biopax/96/48895#BiochemicalReaction740,1,http://www.reactome.org/biopax/96/48895#Catalysis258,1079
1005,5475|8394,8395,2,1,http://www.reactome.org/biopax/96/48895#BiochemicalReaction7654,1,http://www.reactome.org/biopax/96/48895#Catalysis3704,1080
1006,3728|3729|8351,3730,3,1,http://www.reactome.org/biopax/96/48895#BiochemicalReaction7601,1,http://www.reactome.org/biopax/96/48895#Catalysis3653,1081
1007,6591|9472,7572,2,1,http://www.reactome.org/biopax/96/48895#BiochemicalReaction2095,1,http://www.reactome.org/biopax/96/48895#Control207,1082
1008,6|7545|7949|9565,7897|9108,4,2,http://www.reactome.org/biopax/96/48895#BiochemicalReaction8073,1,http://www.reactome.org/biopax/96/48895#Catalysis4081,1083
1009,4009|8026|8489|8747|9184,8027|8467|9185,5,3,http://www.reactome.org/biopax/96/48895#BiochemicalReaction8560,1,http://www.reactome.org/biopax/96/48895#Catalysis4557,1085
1010,3175|9546,4656|4657|9550,2,3,http://www.reactome.org/biopax/96/48895#BiochemicalReaction6180,1,http://www.reactome.org/biopax/96/48895#Catalysis2530,1086
1011,774|6238|7237,6239,3,1,http://www.reactome.org/biopax/96/48895#BiochemicalReaction1251,1,http://www.reactome.org/biopax/96/48895#Control115,1087
1012,1501|1638,1635|1637|4844,2,3,http://www.reactome.org/biopax/96/48895#BiochemicalReaction3058,1,http://www.reactome.org/biopax/96/48895#Catalysis1456,1088
1013,1643|7520,1636|1639|4061|4149|6904|7365,2,6,http://www.reactome.org/biopax/96/48895#BiochemicalReaction3062,1,http://www.reactome.org/biopax/96/48895#Catalysis1458,1089
1014,2722|4972,4973|5900,2,2,http://www.reactome.org/biopax/96/48895#BiochemicalReaction6644,1,http://www.reactome.org/biopax/96/48895#Catalysis2839,1090
1015,767|768|7237,769|7635,3,2,http://www.reactome.org/biopax/96/48895#BiochemicalReaction1242,1,http://www.reactome.org/biopax/96/48895#Catalysis542,1091
1016,174|7621|9032|9444,7622|9033|9667,4,3,http://www.reactome.org/biopax/96/48895#BiochemicalReaction8452,1,http://www.reactome.org/biopax/96/48895#Catalysis4453,1092
1017,903|927,930,2,1,http://www.reactome.org/biopax/96/48895#BiochemicalReaction1670,1,http://www.reactome.org/biopax/96/48895#Catalysis710,1093
1018,286|9517|9565,7949|9600,3,2,http://www.reactome.org/biopax/96/48895#BiochemicalReaction8693,1,http://www.reactome.org/biopax/96/48895#Catalysis4687,1094
1019,405|9565,406|413|9655,2,3,http://www.reactome.org/biopax/96/48895#BiochemicalReaction8917,1,http://www.reactome.org/biopax/96/48895#Catalysis4783,1095
1020,1162|7237,1163|7635,2,2,http://www.reactome.org/biopax/96/48895#BiochemicalReaction2383,1,http://www.reactome.org/biopax/96/48895#Catalysis1112,1096
1021,438|4498|7237,4499|7635,3,2,http://www.reactome.org/biopax/96/48895#BiochemicalReaction5622,1,http://www.reactome.org/biopax/96/48895#Catalysis2313,1097
1022,3652|7622|8112|9667,7621|8113,4,2,http://www.reactome.org/biopax/96/48895#BiochemicalReaction7341,1,http://www.reactome.org/biopax/96/48895#Catalysis3400,1098
1023,5924|8400|8401|8402,8403|8404,4,2,http://www.reactome.org/biopax/96/48895#BiochemicalReaction7657,1,http://www.reactome.org/biopax/96/48895#Catalysis3707,1099
1024,5724|9318,6099|9319,2,2,http://www.reactome.org/biopax/96/48895#BiochemicalReaction8649,1,http://www.reactome.org/biopax/96/48895#Catalysis4643,1100
1025,1127|6665|7237,1122|1124|1128|1129|6663|6664|7635,3,7,http://www.reactome.org/biopax/96/48895#BiochemicalReaction2297,1,http://www.reactome.org/biopax/96/48895#Catalysis1088,1101
1026,5365|8207,7694|9533,2,2,http://www.reactome.org/biopax/96/48895#BiochemicalReaction7417,1,http://www.reactome.org/biopax/96/48895#Catalysis3474,1102
1027,2157|7591|9644,7592|7949|9633,3,3,http://www.reactome.org/biopax/96/48895#BiochemicalReaction4216,1,http://www.reactome.org/biopax/96/48895#Catalysis1855,1103
1028,86|8896,8898,2,1,http://www.reactome.org/biopax/96/48895#BiochemicalReaction8231,1,http://www.reactome.org/biopax/96/48895#Catalysis4238,1104
1029,807|1716|6933|7237,1741|6933|7635,4,3,http://www.reactome.org/biopax/96/48895#BiochemicalReaction3248,1,http://www.reactome.org/biopax/96/48895#Catalysis1516,1105
1030,1045|7318,7372,2,1,http://www.reactome.org/biopax/96/48895#BiochemicalReaction2103,1,http://www.reactome.org/biopax/96/48895#Catalysis1013,1106
1031,3897|5583|8731,5584|8732|9565,3,3,http://www.reactome.org/biopax/96/48895#BiochemicalReaction8058,1,http://www.reactome.org/biopax/96/48895#Catalysis4066,1107
1032,5937|5939|9566,5932|7359|9576,3,3,http://www.reactome.org/biopax/96/48895#BiochemicalReaction569,1,http://www.reactome.org/biopax/96/48895#Catalysis216,1108
1033,3557|7893|8179,7894|7949|8199,3,3,http://www.reactome.org/biopax/96/48895#BiochemicalReaction7112,1,http://www.reactome.org/biopax/96/48895#Catalysis3180,1109
1034,1725|6149|7237,1726|7635,3,2,http://www.reactome.org/biopax/96/48895#BiochemicalReaction3204,1,http://www.reactome.org/biopax/96/48895#Catalysis1501,1110
1035,5282|7961,3612,2,1,http://www.reactome.org/biopax/96/48895#BiochemicalReaction7199,1,http://www.reactome.org/biopax/96/48895#Catalysis3266,1111
1036,5490|8479|9485|9662|9667,8482|9444|9486,5,3,http://www.reactome.org/biopax/96/48895#BiochemicalReaction7724,1,http://www.reactome.org/biopax/96/48895#Catalysis3772,1112
1037,1656|7423,7238,2,1,http://www.reactome.org/biopax/96/48895#BiochemicalReaction3081,1,http://www.reactome.org/biopax/96/48895#Catalysis1466,1113
1038,1787|4308|7319,1788|7323,3,2,http://www.reactome.org/biopax/96/48895#BiochemicalReaction3378,1,http://www.reactome.org/biopax/96/48895#Catalysis1557,1115
1039,5985|8161|8162,8054|8163,3,2,http://www.reactome.org/biopax/96/48895#BiochemicalReaction7367,1,http://www.reactome.org/biopax/96/48895#Catalysis3424,1116
1040,3442|4429,4361|7642,2,2,http://www.reactome.org/biopax/96/48895#BiochemicalReaction48,1,http://www.reactome.org/biopax/96/48895#Catalysis19,1118
1041,1957|9660,1966|9565,2,2,http://www.reactome.org/biopax/96/48895#BiochemicalReaction363,1,http://www.reactome.org/biopax/96/48895#Catalysis128,1119
1042,1549|4319,4986|5900,2,2,http://www.reactome.org/biopax/96/48895#BiochemicalReaction6661,1,http://www.reactome.org/biopax/96/48895#Catalysis2854,1120
1043,3345|4283,4969|5012,2,2,http://www.reactome.org/biopax/96/48895#BiochemicalReaction6683,1,http://www.reactome.org/biopax/96/48895#Catalysis2876,1121
1044,2795|5814|7319,2796|7323,3,2,http://www.reactome.org/biopax/96/48895#BiochemicalReaction5232,1,http://www.reactome.org/biopax/96/48895#Catalysis2225,1122
1045,5391|7934|9451,8202|8249,3,2,http://www.reactome.org/biopax/96/48895#BiochemicalReaction7476,1,http://www.reactome.org/biopax/96/48895#Catalysis3533,1123
1046,1948|7949|8008|9644,7800|9633,4,2,http://www.reactome.org/biopax/96/48895#BiochemicalReaction359,1,http://www.reactome.org/biopax/96/48895#Catalysis124,1124
1047,3547|7716|9565,7897|9615,3,2,http://www.reactome.org/biopax/96/48895#BiochemicalReaction6978,1,http://www.reactome.org/biopax/96/48895#Catalysis3057,1125
1048,2690|4188|7237,4191|7635,3,2,http://www.reactome.org/biopax/96/48895#BiochemicalReaction5091,-1,http://www.reactome.org/biopax/96/48895#Control463,1126
1049,166|7949|8199|9023,8179|9506,4,2,http://www.reactome.org/biopax/96/48895#BiochemicalReaction8386,1,http://www.reactome.org/biopax/96/48895#Catalysis4387,1127
1050,6403|9417,9530|9531,2,2,http://www.reactome.org/biopax/96/48895#BiochemicalReaction1600,1,http://www.reactome.org/biopax/96/48895#Catalysis684,1128
1051,3914|3917|9565,3916|9596,3,2,http://www.reactome.org/biopax/96/48895#BiochemicalReaction5929,1,http://www.reactome.org/biopax/96/48895#Catalysis2428,1129
1052,5044|5046|9677,5045|9676,3,2,http://www.reactome.org/biopax/96/48895#BiochemicalReaction6803,1,http://www.reactome.org/biopax/96/48895#Catalysis2942,1130
1053,4076|6289|7319,4077|7323,3,2,http://www.reactome.org/biopax/96/48895#BiochemicalReaction1380,1,http://www.reactome.org/biopax/96/48895#Catalysis573,1131
1054,250|5704,249,2,1,http://www.reactome.org/biopax/96/48895#BiochemicalReaction8618,1,http://www.reactome.org/biopax/96/48895#Catalysis4614,1132
1055,881|6395|9070,882|7507,3,2,http://www.reactome.org/biopax/96/48895#BiochemicalReaction1573,1,http://www.reactome.org/biopax/96/48895#Catalysis676,1133
1056,2227|6162|7237,6164|7635,3,2,http://www.reactome.org/biopax/96/48895#BiochemicalReaction4323,1,http://www.reactome.org/biopax/96/48895#Catalysis1904,1134
1057,1556|9587,1557|7520,2,2,http://www.reactome.org/biopax/96/48895#BiochemicalReaction2954,1,http://www.reactome.org/biopax/96/48895#Catalysis1409,1135
1058,4080|6290|7305,6296|7311,3,2,http://www.reactome.org/biopax/96/48895#BiochemicalReaction1409,1,http://www.reactome.org/biopax/96/48895#Catalysis599,1136
1059,5416|5428,3719,2,1,http://www.reactome.org/biopax/96/48895#BiochemicalReaction7556,1,http://www.reactome.org/biopax/96/48895#Catalysis3612,1137
1060,5032|5125|7803,5033|7278,3,2,http://www.reactome.org/biopax/96/48895#BiochemicalReaction6902,1,http://www.reactome.org/biopax/96/48895#Catalysis3004,1138
1061,5567|5568,3872,2,1,http://www.reactome.org/biopax/96/48895#BiochemicalReaction7994,1,http://www.reactome.org/biopax/96/48895#Catalysis4010,1139
1062,4052|6106|7237|9565,4053|7635|9655,4,3,http://www.reactome.org/biopax/96/48895#BiochemicalReaction959,1,http://www.reactome.org/biopax/96/48895#Catalysis414,1141
1063,6109|9411,7949|9412,2,2,http://www.reactome.org/biopax/96/48895#BiochemicalReaction965,1,http://www.reactome.org/biopax/96/48895#Catalysis420,1142
1064,475|485|486|6003|6004|6007|6008|6013,487,8,1,http://www.reactome.org/biopax/96/48895#BiochemicalReaction755,1,http://www.reactome.org/biopax/96/48895#Control60,1143
1065,1677|3849|7621,3848|7538|9504,3,3,http://www.reactome.org/biopax/96/48895#BiochemicalReaction7975,1,http://www.reactome.org/biopax/96/48895#Catalysis4003,1144
1066,4161|5031,6640,2,1,http://www.reactome.org/biopax/96/48895#BiochemicalReaction6751,1,http://www.reactome.org/biopax/96/48895#Catalysis2926,1145
1067,2402|2808,2395|2399|7184,2,3,http://www.reactome.org/biopax/96/48895#BiochemicalReaction4676,1,http://www.reactome.org/biopax/96/48895#Catalysis1988,1147
1068,5298|7949|7969|9644,7974|9633,4,2,http://www.reactome.org/biopax/96/48895#BiochemicalReaction7213,1,http://www.reactome.org/biopax/96/48895#Catalysis3279,1148
1069,716|7319,717|7323,2,2,http://www.reactome.org/biopax/96/48895#BiochemicalReaction1153,1,http://www.reactome.org/biopax/96/48895#Catalysis495,1149
1070,2583|4418|9565,2596|9655,3,2,http://www.reactome.org/biopax/96/48895#BiochemicalReaction4952,1,http://www.reactome.org/biopax/96/48895#Catalysis2105,1150
1071,4676|4681|7237,4682|7635,3,2,http://www.reactome.org/biopax/96/48895#BiochemicalReaction6219,1,http://www.reactome.org/biopax/96/48895#Catalysis2554,1151
1072,5442|7237|8317,7635|7949|8318,3,3,http://www.reactome.org/biopax/96/48895#BiochemicalReaction7579,1,http://www.reactome.org/biopax/96/48895#Catalysis3634,1152
1073,3769|7508|7949|8503|9644,8504|9565|9633,5,3,http://www.reactome.org/biopax/96/48895#BiochemicalReaction7743,-1,http://www.reactome.org/biopax/96/48895#Control713,1153
1074,759|6219|9503,6220,3,1,http://www.reactome.org/biopax/96/48895#BiochemicalReaction1222,1,http://www.reactome.org/biopax/96/48895#Catalysis535,1154
1075,3856|8659|9444,7251,3,1,http://www.reactome.org/biopax/96/48895#BiochemicalReaction7970,1,http://www.reactome.org/biopax/96/48895#Catalysis3998,1155
1076,3523|7237|7545,3529,3,1,http://www.reactome.org/biopax/96/48895#BiochemicalReaction6949,-1,http://www.reactome.org/biopax/96/48895#Control648,1156
1077,3786|6639,3787,2,1,http://www.reactome.org/biopax/96/48895#BiochemicalReaction7800,1,http://www.reactome.org/biopax/96/48895#Catalysis3842,1157
1078,3208,3209|7136,1,2,http://www.reactome.org/biopax/96/48895#BiochemicalReaction6252,1,http://www.reactome.org/biopax/96/48895#Catalysis2564,1158
1079,1158|9070,1159|6451|6681|7507|9655,2,5,http://www.reactome.org/biopax/96/48895#BiochemicalReaction2361,1,http://www.reactome.org/biopax/96/48895#Catalysis1105,1159
1080,11|7237|8764,7635|7949|8765,3,3,http://www.reactome.org/biopax/96/48895#BiochemicalReaction8086,1,http://www.reactome.org/biopax/96/48895#Catalysis4094,1160
1081,3640|8151|8455,8142|8153|8457,3,3,http://www.reactome.org/biopax/96/48895#BiochemicalReaction7706,1,http://www.reactome.org/biopax/96/48895#Catalysis3754,1161
1082,5419|8285,3710,2,1,http://www.reactome.org/biopax/96/48895#BiochemicalReaction7536,1,http://www.reactome.org/biopax/96/48895#Catalysis3593,1162
1083,3990|7585|9565,7698|8253,3,2,http://www.reactome.org/biopax/96/48895#BiochemicalReaction7482,1,http://www.reactome.org/biopax/96/48895#Catalysis3539,1163
1084,3385|9587,3386|4033,2,2,http://www.reactome.org/biopax/96/48895#BiochemicalReaction6710,1,http://www.reactome.org/biopax/96/48895#Catalysis2896,1164
1085,4702|7669|9065,8142|9066|9068,3,3,http://www.reactome.org/biopax/96/48895#BiochemicalReaction8442,1,http://www.reactome.org/biopax/96/48895#Catalysis4443,1165
1086,1742|7237,1743|7635,2,2,http://www.reactome.org/biopax/96/48895#BiochemicalReaction3249,1,http://www.reactome.org/biopax/96/48895#Catalysis1517,1166
1087,5632|7949|8745|9644,8692|9633,4,2,http://www.reactome.org/biopax/96/48895#BiochemicalReaction8243,1,http://www.reactome.org/biopax/96/48895#Catalysis4248,1167
1088,1073|4484,6691,2,1,http://www.reactome.org/biopax/96/48895#BiochemicalReaction5561,1,http://www.reactome.org/biopax/96/48895#Catalysis2290,1168
1089,3634|7508|7641,8019,3,1,http://www.reactome.org/biopax/96/48895#BiochemicalReaction7260,1,http://www.reactome.org/biopax/96/48895#Catalysis3319,1169
1090,478|7508|7527|9565,7886|7897|9660,4,3,http://www.reactome.org/biopax/96/48895#BiochemicalReaction784,1,http://www.reactome.org/biopax/96/48895#Catalysis297,1170
1091,1335|1395|7237,1397|7635,3,2,http://www.reactome.org/biopax/96/48895#BiochemicalReaction2690,1,http://www.reactome.org/biopax/96/48895#Catalysis1266,1172
1092,6521|9564,9678,2,1,http://www.reactome.org/biopax/96/48895#BiochemicalReaction1900,1,http://www.reactome.org/biopax/96/48895#Catalysis838,1173
1093,5362|9565|9604,7576|8197,3,2,http://www.reactome.org/biopax/96/48895#BiochemicalReaction7408,1,http://www.reactome.org/biopax/96/48895#Catalysis3465,1174
1094,2878|7237,7971|8228,2,2,http://www.reactome.org/biopax/96/48895#BiochemicalReaction5531,1,http://www.reactome.org/biopax/96/48895#Catalysis2273,1175
1095,1400|7237,1401|7635,2,2,http://www.reactome.org/biopax/96/48895#BiochemicalReaction2694,1,http://www.reactome.org/biopax/96/48895#Catalysis1269,1176
1096,5423|7117|7237,5424|7635|7949,3,3,http://www.reactome.org/biopax/96/48895#BiochemicalReaction7546,1,http://www.reactome.org/biopax/96/48895#Catalysis3603,1177
1097,1806|7133,7137|7138,2,2,http://www.reactome.org/biopax/96/48895#BiochemicalReaction3506,1,http://www.reactome.org/biopax/96/48895#Catalysis1619,1178
1098,5686|7949|9500,9517|9668,3,2,http://www.reactome.org/biopax/96/48895#BiochemicalReaction8490,1,http://www.reactome.org/biopax/96/48895#Catalysis4490,1179
1099,1005|9565,9451,2,1,http://www.reactome.org/biopax/96/48895#BiochemicalReaction2024,1,http://www.reactome.org/biopax/96/48895#Catalysis955,1180
1100,5405|8250|9565,7585|9655,3,2,http://www.reactome.org/biopax/96/48895#BiochemicalReaction7511,1,http://www.reactome.org/biopax/96/48895#Catalysis3568,1181
1101,7426|7427,7372,2,1,http://www.reactome.org/biopax/96/48895#BiochemicalReaction2088,1,http://www.reactome.org/biopax/96/48895#Control203,1182
1102,5479|8423|9633,8424|9517|9644,3,3,http://www.reactome.org/biopax/96/48895#BiochemicalReaction7672,1,http://www.reactome.org/biopax/96/48895#Catalysis3722,1183
1103,943|1165,945,2,1,http://www.reactome.org/biopax/96/48895#BiochemicalReaction1692,1,http://www.reactome.org/biopax/96/48895#Catalysis722,1184
1104,1934|7189|7554,7199|7555,3,2,http://www.reactome.org/biopax/96/48895#BiochemicalReaction3651,1,http://www.reactome.org/biopax/96/48895#Catalysis1684,1185
1105,847|3072|9565,3073|9655,3,2,http://www.reactome.org/biopax/96/48895#BiochemicalReaction5927,1,http://www.reactome.org/biopax/96/48895#Catalysis2426,1186
1106,1634|4844,1638|1640,2,2,http://www.reactome.org/biopax/96/48895#BiochemicalReaction3057,1,http://www.reactome.org/biopax/96/48895#Catalysis1455,1187
1107,4777|7378|7902,7377|7912,3,2,http://www.reactome.org/biopax/96/48895#BiochemicalReaction7127,1,http://www.reactome.org/biopax/96/48895#Catalysis3195,1188
1108,2188|4844,2166|2195,2,2,http://www.reactome.org/biopax/96/48895#BiochemicalReaction411,1,http://www.reactome.org/biopax/96/48895#Catalysis147,1189
1109,1235|6713|9070,1236|6701|7507,3,3,http://www.reactome.org/biopax/96/48895#BiochemicalReaction2434,1,http://www.reactome.org/biopax/96/48895#Catalysis1136,1190
1110,108|8934,109,2,1,http://www.reactome.org/biopax/96/48895#BiochemicalReaction8281,1,http://www.reactome.org/biopax/96/48895#Catalysis4285,1191
1111,7173|9460|9565,7490|9655,3,2,http://www.reactome.org/biopax/96/48895#BiochemicalReaction7530,1,http://www.reactome.org/biopax/96/48895#Catalysis3587,1192
1112,6344|6346|8290,6345|8420,3,2,http://www.reactome.org/biopax/96/48895#BiochemicalReaction1450,1,http://www.reactome.org/biopax/96/48895#Catalysis633,1193
1113,1896|2010|7237,2013|7635,3,2,http://www.reactome.org/biopax/96/48895#BiochemicalReaction3830,1,http://www.reactome.org/biopax/96/48895#Catalysis1743,1194
1114,330|331,332|333|9596,2,3,http://www.reactome.org/biopax/96/48895#BiochemicalReaction8785,1,http://www.reactome.org/biopax/96/48895#Catalysis4731,1195
1115,2422|7237,2423|7635,2,2,http://www.reactome.org/biopax/96/48895#BiochemicalReaction4723,1,http://www.reactome.org/biopax/96/48895#Catalysis2004,1196
1116,3706|7237|9410,7288|7635,3,2,http://www.reactome.org/biopax/96/48895#BiochemicalReaction7526,1,http://www.reactome.org/biopax/96/48895#Catalysis3583,1197
1117,2923|7237,2924|7635,2,2,http://www.reactome.org/biopax/96/48895#BiochemicalReaction5613,1,http://www.reactome.org/biopax/96/48895#Catalysis2310,1198
1118,5390|7459|8247,7580|8244,3,2,http://www.reactome.org/biopax/96/48895#BiochemicalReaction7474,1,http://www.reactome.org/biopax/96/48895#Catalysis3531,1199
1119,596|7237|9253,7635|9264,3,2,http://www.reactome.org/biopax/96/48895#BiochemicalReaction942,1,http://www.reactome.org/biopax/96/48895#Catalysis403,1200
1120,3618|7508|8636|8637,8638|8639|9565,4,3,http://www.reactome.org/biopax/96/48895#BiochemicalReaction7878,1,http://www.reactome.org/biopax/96/48895#Catalysis3918,1201
1121,6088|7508|7949|8626|9644,8627|9565|9633,5,3,http://www.reactome.org/biopax/96/48895#BiochemicalReaction7871,1,http://www.reactome.org/biopax/96/48895#Catalysis3911,1202
1122,5622|7241|7245,7248|9697,3,2,http://www.reactome.org/biopax/96/48895#BiochemicalReaction8215,1,http://www.reactome.org/biopax/96/48895#Catalysis4222,1203
1123,3733|3956|7626,3734|7857,3,2,http://www.reactome.org/biopax/96/48895#BiochemicalReaction7603,1,http://www.reactome.org/biopax/96/48895#Catalysis3655,1204
1124,5518|7508|7949|8549|9644,8550|9565|9633,5,3,http://www.reactome.org/biopax/96/48895#BiochemicalReaction7804,1,http://www.reactome.org/biopax/96/48895#Catalysis3845,1205
1125,3023|7237,5917|5918|7635,2,3,http://www.reactome.org/biopax/96/48895#BiochemicalReaction534,1,http://www.reactome.org/biopax/96/48895#Catalysis208,1206
1126,1645|1666|9546,1661|9550,3,2,http://www.reactome.org/biopax/96/48895#BiochemicalReaction311,1,http://www.reactome.org/biopax/96/48895#Catalysis111,1208
1127,6527|7249|7250,7251|9653,3,2,http://www.reactome.org/biopax/96/48895#BiochemicalReaction1915,1,http://www.reactome.org/biopax/96/48895#Catalysis853,1209
1128,317|5781|5782|5783,318|5748|5753|5758|5768|5774,4,6,http://www.reactome.org/biopax/96/48895#BiochemicalReaction8764,1,http://www.reactome.org/biopax/96/48895#Catalysis4724,1210
1129,4069|7161,4174,2,1,http://www.reactome.org/biopax/96/48895#BiochemicalReaction224,1,http://www.reactome.org/biopax/96/48895#Catalysis72,1211
1130,1787|5940|7013,1790,3,1,http://www.reactome.org/biopax/96/48895#BiochemicalReaction3381,1,http://www.reactome.org/biopax/96/48895#Control300,1212
1131,3628|8614|9565,8616,3,1,http://www.reactome.org/biopax/96/48895#BiochemicalReaction7862,1,http://www.reactome.org/biopax/96/48895#Catalysis3902,1213
1132,3555|7815|9623,7814|7825|7949,3,3,http://www.reactome.org/biopax/96/48895#BiochemicalReaction6986,1,http://www.reactome.org/biopax/96/48895#Catalysis3065,1214
1133,1955|7800|9660,8008|9565,3,2,http://www.reactome.org/biopax/96/48895#BiochemicalReaction360,1,http://www.reactome.org/biopax/96/48895#Catalysis125,1216
1134,6117|6920|7237,6116|7635,3,2,http://www.reactome.org/biopax/96/48895#BiochemicalReaction3102,1,http://www.reactome.org/biopax/96/48895#Control284,1217
1135,1812|6943,7036|7037,2,2,http://www.reactome.org/biopax/96/48895#BiochemicalReaction3398,1,http://www.reactome.org/biopax/96/48895#Catalysis1562,1218
1136,1000|7352|7537,7356|7493,3,2,http://www.reactome.org/biopax/96/48895#BiochemicalReaction8165,1,http://www.reactome.org/biopax/96/48895#Catalysis4173,1219
1137,5422|7237|8294,7635|8295,3,2,http://www.reactome.org/biopax/96/48895#BiochemicalReaction7559,1,http://www.reactome.org/biopax/96/48895#Catalysis3614,1220
1138,3226|7237,3227|7635,2,2,http://www.reactome.org/biopax/96/48895#BiochemicalReaction6308,1,http://www.reactome.org/biopax/96/48895#Catalysis2586,1221
1139,775|6242|7237,776|7635,3,2,http://www.reactome.org/biopax/96/48895#BiochemicalReaction1255,1,http://www.reactome.org/biopax/96/48895#Catalysis548,1223
1140,4798|7754|9510,7755|9508,3,2,http://www.reactome.org/biopax/96/48895#BiochemicalReaction6507,1,http://www.reactome.org/biopax/96/48895#Catalysis2709,1224
1141,133|7331|7619,7279|8969,3,2,http://www.reactome.org/biopax/96/48895#BiochemicalReaction8324,1,http://www.reactome.org/biopax/96/48895#Catalysis4325,1225
1142,2872|2895,2896,2,1,http://www.reactome.org/biopax/96/48895#BiochemicalReaction5558,1,http://www.reactome.org/biopax/96/48895#Catalysis2288,1226
1143,6800|6807|7237,6788|7635,3,2,http://www.reactome.org/biopax/96/48895#BiochemicalReaction2637,1,http://www.reactome.org/biopax/96/48895#Catalysis1234,1227
1144,935,934|1165,1,2,http://www.reactome.org/biopax/96/48895#BiochemicalReaction1681,1,http://www.reactome.org/biopax/96/48895#Catalysis714,1228
1145,3976|7552|9565,8198|8200,3,2,http://www.reactome.org/biopax/96/48895#BiochemicalReaction7405,1,http://www.reactome.org/biopax/96/48895#Catalysis3462,1229
1146,5984|8057|8161,8054|8164,3,2,http://www.reactome.org/biopax/96/48895#BiochemicalReaction7368,1,http://www.reactome.org/biopax/96/48895#Catalysis3425,1230
1147,2478|5415,2479,2,1,http://www.reactome.org/biopax/96/48895#BiochemicalReaction4793,1,http://www.reactome.org/biopax/96/48895#Catalysis2037,1231
1148,3921|7372,3923,2,1,http://www.reactome.org/biopax/96/48895#BiochemicalReaction256,1,http://www.reactome.org/biopax/96/48895#Control14,1232
1149,1696|1697|7237,1698|7635,3,2,http://www.reactome.org/biopax/96/48895#BiochemicalReaction3185,1,http://www.reactome.org/biopax/96/48895#Catalysis1492,1233
1150,5312|8600|9633,8601|9644,3,2,http://www.reactome.org/biopax/96/48895#BiochemicalReaction7851,1,http://www.reactome.org/biopax/96/48895#Catalysis3891,1234
1151,5275|7237|7933,7635|7937,3,2,http://www.reactome.org/biopax/96/48895#BiochemicalReaction7172,1,http://www.reactome.org/biopax/96/48895#Catalysis3240,1235
1152,1979|7545,1947,2,1,http://www.reactome.org/biopax/96/48895#BiochemicalReaction6226,1,http://www.reactome.org/biopax/96/48895#Catalysis2558,1236
1153,5993|8460|8462,8054|8465,3,2,http://www.reactome.org/biopax/96/48895#BiochemicalReaction7712,1,http://www.reactome.org/biopax/96/48895#Catalysis3760,1237
1154,1058|6623,1070|9563|9569,2,3,http://www.reactome.org/biopax/96/48895#BiochemicalReaction2172,-1,http://www.reactome.org/biopax/96/48895#Control225,1238
1155,1857|3552,1858,2,1,http://www.reactome.org/biopax/96/48895#BiochemicalReaction3529,-1,http://www.reactome.org/biopax/96/48895#Control326,1239
1156,471|7423,7423,2,1,http://www.reactome.org/biopax/96/48895#BiochemicalReaction738,1,http://www.reactome.org/biopax/96/48895#Catalysis256,1240
1157,1851|3212,3202|5664,2,2,http://www.reactome.org/biopax/96/48895#BiochemicalReaction6262,1,http://www.reactome.org/biopax/96/48895#Catalysis2568,1241
1158,5088|5090|9451,5089,3,1,http://www.reactome.org/biopax/96/48895#BiochemicalReaction6858,1,http://www.reactome.org/biopax/96/48895#Catalysis2975,1242
1159,5168|7949|9597|9644,7826|9633,4,2,http://www.reactome.org/biopax/96/48895#BiochemicalReaction6991,1,http://www.reactome.org/biopax/96/48895#Catalysis3070,1243
1160,3493|3802|9070,3803|7507,3,2,http://www.reactome.org/biopax/96/48895#BiochemicalReaction7895,1,http://www.reactome.org/biopax/96/48895#Catalysis3935,1244
1161,6574|7392,7393,2,1,http://www.reactome.org/biopax/96/48895#BiochemicalReaction2014,1,http://www.reactome.org/biopax/96/48895#Catalysis946,1246
1162,385|5854,387,2,1,http://www.reactome.org/biopax/96/48895#BiochemicalReaction8854,1,http://www.reactome.org/biopax/96/48895#Control899,1248
1163,550|7238|7318|7537,7372|7423|7493,4,3,http://www.reactome.org/biopax/96/48895#BiochemicalReaction832,1,http://www.reactome.org/biopax/96/48895#Catalysis328,1249
1164,1812|6401,7105|7106,2,2,http://www.reactome.org/biopax/96/48895#BiochemicalReaction3468,1,http://www.reactome.org/biopax/96/48895#Catalysis1599,1250
1165,2656|9466|9644,7949|9468|9633,3,3,http://www.reactome.org/biopax/96/48895#BiochemicalReaction5032,1,http://www.reactome.org/biopax/96/48895#Catalysis2141,1251
1166,2782|2784|7237,2783|7635,3,2,http://www.reactome.org/biopax/96/48895#BiochemicalReaction5216,-1,http://www.reactome.org/biopax/96/48895#Control476,1252
1167,1102|2808,5415,2,1,http://www.reactome.org/biopax/96/48895#BiochemicalReaction2260,1,http://www.reactome.org/biopax/96/48895#Catalysis1076,1253
1168,3993|7237|7490,7635|9460,3,2,http://www.reactome.org/biopax/96/48895#BiochemicalReaction7529,1,http://www.reactome.org/biopax/96/48895#Catalysis3586,1254
1169,6537|7266|7537|7572,7275|7493|9472,4,3,http://www.reactome.org/biopax/96/48895#BiochemicalReaction1932,1,http://www.reactome.org/biopax/96/48895#Catalysis870,1255
1170,819|4292|7319,6288|7323,3,2,http://www.reactome.org/biopax/96/48895#BiochemicalReaction1379,1,http://www.reactome.org/biopax/96/48895#Catalysis572,1256
1171,107|4005|7949|9644,104|9633,4,2,http://www.reactome.org/biopax/96/48895#BiochemicalReaction8279,1,http://www.reactome.org/biopax/96/48895#Catalysis4283,1257
1172,711|5415,712,2,1,http://www.reactome.org/biopax/96/48895#BiochemicalReaction1144,1,http://www.reactome.org/biopax/96/48895#Catalysis490,1258
1173,1012|9533,9568,2,1,http://www.reactome.org/biopax/96/48895#BiochemicalReaction2026,1,http://www.reactome.org/biopax/96/48895#Catalysis957,1259
1174,3776|8516|9485|9662|9667,3778|8517|8520|9444|9486,5,5,http://www.reactome.org/biopax/96/48895#BiochemicalReaction7763,1,http://www.reactome.org/biopax/96/48895#Catalysis3807,1260
1175,411|5875|7237,5885|7635,3,2,http://www.reactome.org/biopax/96/48895#BiochemicalReaction8914,-1,http://www.reactome.org/biopax/96/48895#Control912,1261
1176,3972|8128|9444,8129|8708|9667,3,3,http://www.reactome.org/biopax/96/48895#BiochemicalReaction7350,1,http://www.reactome.org/biopax/96/48895#Catalysis3409,1262
1177,1134|4674|7237,4676|7635,3,2,http://www.reactome.org/biopax/96/48895#BiochemicalReaction6216,1,http://www.reactome.org/biopax/96/48895#Catalysis2551,1263
1178,775|3197|6277,3199,3,1,http://www.reactome.org/biopax/96/48895#BiochemicalReaction6241,-1,http://www.reactome.org/biopax/96/48895#Control581,1264
1179,6467|7237|9565|9608,7635|9609|9655,4,3,http://www.reactome.org/biopax/96/48895#BiochemicalReaction1822,1,http://www.reactome.org/biopax/96/48895#Catalysis766,1265
1180,2706|5415,2707|7235,2,2,http://www.reactome.org/biopax/96/48895#BiochemicalReaction5116,1,http://www.reactome.org/biopax/96/48895#Catalysis2180,1266
1181,949|2716|9070,950|7507,3,2,http://www.reactome.org/biopax/96/48895#BiochemicalReaction5132,1,http://www.reactome.org/biopax/96/48895#Catalysis2187,1267
1182,271|7237|7278|9565,8228|8290|9655,4,3,http://www.reactome.org/biopax/96/48895#BiochemicalReaction8650,1,http://www.reactome.org/biopax/96/48895#Catalysis4644,1268
1183,4027|4028|8619,9284|9397,3,2,http://www.reactome.org/biopax/96/48895#BiochemicalReaction8624,1,http://www.reactome.org/biopax/96/48895#Catalysis4618,1269
1184,4774|7398|7685,7722|8858,3,2,http://www.reactome.org/biopax/96/48895#BiochemicalReaction6479,1,http://www.reactome.org/biopax/96/48895#Catalysis2681,1270
1185,5652|8071|8985,8708|8987,3,2,http://www.reactome.org/biopax/96/48895#BiochemicalReaction8344,1,http://www.reactome.org/biopax/96/48895#Catalysis4345,1271
1186,715|3032,713|4844,2,2,http://www.reactome.org/biopax/96/48895#BiochemicalReaction1151,1,http://www.reactome.org/biopax/96/48895#Catalysis494,1272
1187,870|872|9070,871|7507,3,2,http://www.reactome.org/biopax/96/48895#BiochemicalReaction1557,-1,http://www.reactome.org/biopax/96/48895#Control148,1273
1188,511|512|514|6042|6043|7237,512|513|6045|6046|7635|9655,6,6,http://www.reactome.org/biopax/96/48895#BiochemicalReaction796,1,http://www.reactome.org/biopax/96/48895#Catalysis306,1274
1189,3314|5184|7385,5185|7557|9632,3,3,http://www.reactome.org/biopax/96/48895#BiochemicalReaction7038,1,http://www.reactome.org/biopax/96/48895#Catalysis3116,1275
1190,3814|3816|9070,3815|7507,3,2,http://www.reactome.org/biopax/96/48895#BiochemicalReaction7910,1,http://www.reactome.org/biopax/96/48895#Catalysis3948,1277
1191,4016|8026|8489|8747|9211,8027|8467|9212,5,3,http://www.reactome.org/biopax/96/48895#BiochemicalReaction8573,1,http://www.reactome.org/biopax/96/48895#Catalysis4570,1278
1192,1962|7671|7949|9644,9075|9565|9633,4,3,http://www.reactome.org/biopax/96/48895#BiochemicalReaction8448,1,http://www.reactome.org/biopax/96/48895#Catalysis4449,1279
1193,768|4421,2647,2,1,http://www.reactome.org/biopax/96/48895#BiochemicalReaction7922,1,http://www.reactome.org/biopax/96/48895#Catalysis3954,1280
1194,3952|5181|7626,3953,3,1,http://www.reactome.org/biopax/96/48895#BiochemicalReaction7027,1,http://www.reactome.org/biopax/96/48895#Catalysis3105,1281
1195,6566|7357|7537,7358|7493,3,2,http://www.reactome.org/biopax/96/48895#BiochemicalReaction1993,1,http://www.reactome.org/biopax/96/48895#Catalysis928,1282
1196,1688|9070,1689|7507,2,2,http://www.reactome.org/biopax/96/48895#BiochemicalReaction3146,1,http://www.reactome.org/biopax/96/48895#Catalysis1487,1283
1197,3878|7546|7949|8680,7279|7334|9667,4,3,http://www.reactome.org/biopax/96/48895#BiochemicalReaction7999,1,http://www.reactome.org/biopax/96/48895#Catalysis4014,1284
1198,3418|4160,3419,2,1,http://www.reactome.org/biopax/96/48895#BiochemicalReaction6732,1,http://www.reactome.org/biopax/96/48895#Catalysis2913,1285
1199,560|7238,7423,2,1,http://www.reactome.org/biopax/96/48895#BiochemicalReaction845,1,http://www.reactome.org/biopax/96/48895#Catalysis337,1286
1200,1918|7186|7207,1938,3,1,http://www.reactome.org/biopax/96/48895#BiochemicalReaction3662,-1,http://www.reactome.org/biopax/96/48895#Control344,1287
1201,2782|7237,2783|7635,2,2,http://www.reactome.org/biopax/96/48895#BiochemicalReaction5216,1,http://www.reactome.org/biopax/96/48895#Catalysis2218,1288
1202,5296|7489|7949|7964,7580|7970|9517,4,3,http://www.reactome.org/biopax/96/48895#BiochemicalReaction7211,1,http://www.reactome.org/biopax/96/48895#Catalysis3277,1289
1203,5878|7647|7949|9644,9391|9633,4,2,http://www.reactome.org/biopax/96/48895#BiochemicalReaction8906,1,http://www.reactome.org/biopax/96/48895#Catalysis4775,1290
1204,4202|6689,4203|4208,2,2,http://www.reactome.org/biopax/96/48895#BiochemicalReaction259,1,http://www.reactome.org/biopax/96/48895#Catalysis104,1291
1205,5647|7286|9565,7334|7897,3,2,http://www.reactome.org/biopax/96/48895#BiochemicalReaction8318,1,http://www.reactome.org/biopax/96/48895#Catalysis4319,1292
1206,937|6438|6906,940,3,1,http://www.reactome.org/biopax/96/48895#BiochemicalReaction1686,1,http://www.reactome.org/biopax/96/48895#Catalysis718,1293
1207,6547|7272|7313|7493|7537,7314|7493|7537|8945,5,4,http://www.reactome.org/biopax/96/48895#BiochemicalReaction1951,1,http://www.reactome.org/biopax/96/48895#Catalysis889,1294
1208,6233|6235|9565,6234|9655,3,2,http://www.reactome.org/biopax/96/48895#BiochemicalReaction1248,1,http://www.reactome.org/biopax/96/48895#Catalysis545,1296
1209,5077|5544|8708,5545|7660,3,2,http://www.reactome.org/biopax/96/48895#BiochemicalReaction7945,-1,http://www.reactome.org/biopax/96/48895#Control740,1297
1210,6496|7537|7949|9472|9601,7493|7556|7572|9600,5,4,http://www.reactome.org/biopax/96/48895#BiochemicalReaction1870,1,http://www.reactome.org/biopax/96/48895#Catalysis809,1298
1211,1720|6937|7237,6939|7635,3,2,http://www.reactome.org/biopax/96/48895#BiochemicalReaction3200,1,http://www.reactome.org/biopax/96/48895#Catalysis1498,1299
1212,5071|5076|5077,4535|5067,3,2,http://www.reactome.org/biopax/96/48895#BiochemicalReaction6844,1,http://www.reactome.org/biopax/96/48895#Catalysis2966,1300
1213,8850|9656,8851,2,1,http://www.reactome.org/biopax/96/48895#BiochemicalReaction8159,-1,http://www.reactome.org/biopax/96/48895#Control801,1301
1214,6613|7556|7897,7949|9544,3,2,http://www.reactome.org/biopax/96/48895#BiochemicalReaction2134,1,http://www.reactome.org/biopax/96/48895#Catalysis1034,1302
1215,2581|2585|4369,2588,3,1,http://www.reactome.org/biopax/96/48895#BiochemicalReaction4935,-1,http://www.reactome.org/biopax/96/48895#Control451,1303
1216,5327|8054|8173,8057|8174,3,2,http://www.reactome.org/biopax/96/48895#BiochemicalReaction7379,1,http://www.reactome.org/biopax/96/48895#Catalysis3436,1304
1217,143|145|8691,144|9558|9667,3,3,http://www.reactome.org/biopax/96/48895#BiochemicalReaction8343,1,http://www.reactome.org/biopax/96/48895#Catalysis4344,1305
1218,1768|6977|7237,1768|7635,3,2,http://www.reactome.org/biopax/96/48895#BiochemicalReaction3302,1,http://www.reactome.org/biopax/96/48895#Catalysis1539,1306
1219,2135|7237,2136|7635,2,2,http://www.reactome.org/biopax/96/48895#BiochemicalReaction4152,1,http://www.reactome.org/biopax/96/48895#Catalysis1842,1307
1220,1316|2808,5415,2,1,http://www.reactome.org/biopax/96/48895#BiochemicalReaction2584,1,http://www.reactome.org/biopax/96/48895#Catalysis1200,1308
1221,6633|9456|9616,7455|9457,3,2,http://www.reactome.org/biopax/96/48895#BiochemicalReaction2181,1,http://www.reactome.org/biopax/96/48895#Catalysis1054,1309
1222,6585|7237|7417|9565,7418|7635|9655,4,3,http://www.reactome.org/biopax/96/48895#BiochemicalReaction2076,1,http://www.reactome.org/biopax/96/48895#Catalysis990,1311
1223,2722|5958,5005|5900,2,2,http://www.reactome.org/biopax/96/48895#BiochemicalReaction6679,1,http://www.reactome.org/biopax/96/48895#Catalysis2872,1312
1224,6033|7542,7530,2,1,http://www.reactome.org/biopax/96/48895#BiochemicalReaction788,1,http://www.reactome.org/biopax/96/48895#Catalysis301,1313
1225,2056|3210|4160,3211,3,1,http://www.reactome.org/biopax/96/48895#BiochemicalReaction6255,1,http://www.reactome.org/biopax/96/48895#Catalysis2565,1314
1226,1510|7473,1511|7365,2,2,http://www.reactome.org/biopax/96/48895#BiochemicalReaction2889,1,http://www.reactome.org/biopax/96/48895#Catalysis1375,1315
1227,4804|7769,7767|7768,2,2,http://www.reactome.org/biopax/96/48895#BiochemicalReaction6516,1,http://www.reactome.org/biopax/96/48895#Catalysis2716,1316
1228,6027|7537|7572|7612,7493|7615|9472,4,3,http://www.reactome.org/biopax/96/48895#BiochemicalReaction768,1,http://www.reactome.org/biopax/96/48895#Catalysis285,1317
1229,2216|6382|7237,1777|7635,3,2,http://www.reactome.org/biopax/96/48895#BiochemicalReaction4291,1,http://www.reactome.org/biopax/96/48895#Catalysis1890,1318
1230,1858|7129,7159,2,1,http://www.reactome.org/biopax/96/48895#BiochemicalReaction3539,1,http://www.reactome.org/biopax/96/48895#Control329,1319
1231,3655|8119,8120,2,1,http://www.reactome.org/biopax/96/48895#BiochemicalReaction7346,1,http://www.reactome.org/biopax/96/48895#Catalysis3405,1320
1232,1390|6800|7237,1392|7635,3,2,http://www.reactome.org/biopax/96/48895#BiochemicalReaction2686,1,http://www.reactome.org/biopax/96/48895#Catalysis1264,1321
1233,1744|7237,1745|7635,2,2,http://www.reactome.org/biopax/96/48895#BiochemicalReaction3250,1,http://www.reactome.org/biopax/96/48895#Catalysis1518,1322
1234,5698|8290|9146,7949|8420|9147,3,3,http://www.reactome.org/biopax/96/48895#BiochemicalReaction8528,1,http://www.reactome.org/biopax/96/48895#Catalysis4527,1323
1235,6189|7949|8902,7556|8901,3,2,http://www.reactome.org/biopax/96/48895#BiochemicalReaction8238,1,http://www.reactome.org/biopax/96/48895#Catalysis4244,1324
1236,6961|6965,6963|6964,2,2,http://www.reactome.org/biopax/96/48895#BiochemicalReaction201,1,http://www.reactome.org/biopax/96/48895#Catalysis50,1325
1237,5684|9109|9110,9111|9112,3,2,http://www.reactome.org/biopax/96/48895#BiochemicalReaction8485,1,http://www.reactome.org/biopax/96/48895#Catalysis4485,1326
1238,3968|7237|7579|9600,7635|7949|7964|9655,4,4,http://www.reactome.org/biopax/96/48895#BiochemicalReaction7307,1,http://www.reactome.org/biopax/96/48895#Catalysis3366,1327
1239,843|7318,7372,2,1,http://www.reactome.org/biopax/96/48895#BiochemicalReaction1512,1,http://www.reactome.org/biopax/96/48895#Catalysis648,1328
1240,703|6462|7237,6463|7635,3,2,http://www.reactome.org/biopax/96/48895#BiochemicalReaction1814,1,http://www.reactome.org/biopax/96/48895#Catalysis761,1329
1241,7237|7635|7828,7635|7829|7949,3,3,http://www.reactome.org/biopax/96/48895#BiochemicalReaction6993,-1,http://www.reactome.org/biopax/96/48895#Control672,1330
1242,5671|7536,5672|9512,2,2,http://www.reactome.org/biopax/96/48895#BiochemicalReaction8437,1,http://www.reactome.org/biopax/96/48895#Catalysis4438,1331
1243,2722|4312|6897,4985|5900,3,2,http://www.reactome.org/biopax/96/48895#BiochemicalReaction6660,1,http://www.reactome.org/biopax/96/48895#Catalysis2853,1332
1244,3711|8285|9565,8252|9655,3,2,http://www.reactome.org/biopax/96/48895#BiochemicalReaction7538,1,http://www.reactome.org/biopax/96/48895#Catalysis3595,1333
1245,5491|7237|7580|8510,7545|8228|8511|9565,4,4,http://www.reactome.org/biopax/96/48895#BiochemicalReaction7757,1,http://www.reactome.org/biopax/96/48895#Catalysis3801,1334
1246,2618|5950|7237,2619|7635,3,2,http://www.reactome.org/biopax/96/48895#BiochemicalReaction4992,1,http://www.reactome.org/biopax/96/48895#Catalysis2119,1335
1247,498|7620|7621|9444,7622|7623|9667,4,3,http://www.reactome.org/biopax/96/48895#BiochemicalReaction770,1,http://www.reactome.org/biopax/96/48895#Catalysis287,1336
1248,3360|9587,3361|4844,2,2,http://www.reactome.org/biopax/96/48895#BiochemicalReaction6697,1,http://www.reactome.org/biopax/96/48895#Catalysis2884,1337
1249,775|3197|3201,3199,3,1,http://www.reactome.org/biopax/96/48895#BiochemicalReaction6241,-1,http://www.reactome.org/biopax/96/48895#Control582,1338
1250,4857|4860|7554,4859|7555|8489,3,3,http://www.reactome.org/biopax/96/48895#BiochemicalReaction6556,1,http://www.reactome.org/biopax/96/48895#Catalysis2751,1339
1251,3034|7237,3035|7635,2,2,http://www.reactome.org/biopax/96/48895#BiochemicalReaction5847,1,http://www.reactome.org/biopax/96/48895#Catalysis2397,1340
1252,380|5833,381,2,1,http://www.reactome.org/biopax/96/48895#BiochemicalReaction8851,1,http://www.reactome.org/biopax/96/48895#Control881,1341
1253,3320|4865|7393,4866|7557|9632,3,3,http://www.reactome.org/biopax/96/48895#BiochemicalReaction6563,1,http://www.reactome.org/biopax/96/48895#Catalysis2757,1343
1254,5988|8054|8136|8137,8138|8139|8140,4,3,http://www.reactome.org/biopax/96/48895#BiochemicalReaction7355,1,http://www.reactome.org/biopax/96/48895#Catalysis3412,1344
1255,4006|8026|8489|8747|9182,8027|8467|9183,5,3,http://www.reactome.org/biopax/96/48895#BiochemicalReaction8558,1,http://www.reactome.org/biopax/96/48895#Catalysis4555,1345
1256,6600|7493|9655,7431|7432,3,2,http://www.reactome.org/biopax/96/48895#BiochemicalReaction2099,1,http://www.reactome.org/biopax/96/48895#Catalysis1009,1346
1257,7523|8798|9587,8799|9515|9596,3,3,http://www.reactome.org/biopax/96/48895#BiochemicalReaction8116,1,http://www.reactome.org/biopax/96/48895#Control793,1347
1258,4573|5383|9546,4576|9550,3,2,http://www.reactome.org/biopax/96/48895#BiochemicalReaction5953,1,http://www.reactome.org/biopax/96/48895#Catalysis2440,1348
1259,1762|6913|7237,6915|7635,3,2,http://www.reactome.org/biopax/96/48895#BiochemicalReaction3285,1,http://www.reactome.org/biopax/96/48895#Catalysis1532,1349
1260,35|8834|9451,7556|8835|9537,3,3,http://www.reactome.org/biopax/96/48895#BiochemicalReaction8147,1,http://www.reactome.org/biopax/96/48895#Catalysis4155,1350
1261,1336|4137|7237,1332|7635,3,2,http://www.reactome.org/biopax/96/48895#BiochemicalReaction2616,1,http://www.reactome.org/biopax/96/48895#Catalysis1220,1351
1262,6086|8847|9138,7949|8858|9169|9175,3,4,http://www.reactome.org/biopax/96/48895#BiochemicalReaction933,1,http://www.reactome.org/biopax/96/48895#Catalysis394,1352
1263,4092|5909|7305,4093|7311,3,2,http://www.reactome.org/biopax/96/48895#BiochemicalReaction1448,1,http://www.reactome.org/biopax/96/48895#Catalysis631,1353
1264,2722|4894|4896,4895|5900,3,2,http://www.reactome.org/biopax/96/48895#BiochemicalReaction6582,1,http://www.reactome.org/biopax/96/48895#Catalysis2776,1354
1265,405|9522|9565,9523,3,1,http://www.reactome.org/biopax/96/48895#BiochemicalReaction8908,1,http://www.reactome.org/biopax/96/48895#Catalysis4776,1355
1266,2151|5134|9546,2272|9550,3,2,http://www.reactome.org/biopax/96/48895#BiochemicalReaction427,1,http://www.reactome.org/biopax/96/48895#Catalysis159,1356
1267,433|434|9566,379|7359|9576,3,3,http://www.reactome.org/biopax/96/48895#BiochemicalReaction671,1,http://www.reactome.org/biopax/96/48895#Catalysis241,1357
1268,4025|7995|8026|8489|8747,8027|8467|9228,5,3,http://www.reactome.org/biopax/96/48895#BiochemicalReaction8583,1,http://www.reactome.org/biopax/96/48895#Catalysis4580,1358
1269,1800|1806,1846|7136,2,2,http://www.reactome.org/biopax/96/48895#BiochemicalReaction3505,1,http://www.reactome.org/biopax/96/48895#Catalysis1618,1359
1270,232|9144,7267|9686,2,2,http://www.reactome.org/biopax/96/48895#BiochemicalReaction8522,1,http://www.reactome.org/biopax/96/48895#Catalysis4521,1360
1271,1926|2256|5415,2257,3,1,http://www.reactome.org/biopax/96/48895#BiochemicalReaction4384,1,http://www.reactome.org/biopax/96/48895#Catalysis1927,1362
1272,106|8930|9662,8931|8932,3,2,http://www.reactome.org/biopax/96/48895#BiochemicalReaction8276,1,http://www.reactome.org/biopax/96/48895#Catalysis4280,1363
1273,2626|7319|7339,2633|7323,3,2,http://www.reactome.org/biopax/96/48895#BiochemicalReaction481,1,http://www.reactome.org/biopax/96/48895#Control30,1364
1274,4394|6968,4443|4450,2,2,http://www.reactome.org/biopax/96/48895#BiochemicalReaction5290,1,http://www.reactome.org/biopax/96/48895#Catalysis2243,1365
1275,2622|7237,2623|7635,2,2,http://www.reactome.org/biopax/96/48895#BiochemicalReaction4996,1,http://www.reactome.org/biopax/96/48895#Catalysis2121,1366
1276,5687|9565|9668,9118|9675,3,2,http://www.reactome.org/biopax/96/48895#BiochemicalReaction8491,1,http://www.reactome.org/biopax/96/48895#Catalysis4491,1367
1277,3316|4853|7389,4854|7557|9632,3,3,http://www.reactome.org/biopax/96/48895#BiochemicalReaction6552,1,http://www.reactome.org/biopax/96/48895#Catalysis2747,1368
1278,3024,3025|6251,1,2,http://www.reactome.org/biopax/96/48895#BiochemicalReaction5832,1,http://www.reactome.org/biopax/96/48895#Catalysis2392,1369
1279,1812|7072,7073|7074,2,2,http://www.reactome.org/biopax/96/48895#BiochemicalReaction3451,1,http://www.reactome.org/biopax/96/48895#Catalysis1583,1370
1280,4760|4762|8467,4761|7698,3,2,http://www.reactome.org/biopax/96/48895#BiochemicalReaction6459,1,http://www.reactome.org/biopax/96/48895#Catalysis2661,1371
1281,1134|2047,1989,2,1,http://www.reactome.org/biopax/96/48895#BiochemicalReaction16,1,http://www.reactome.org/biopax/96/48895#Control1,1372
1282,5193|5197|7391,5195|7390,3,2,http://www.reactome.org/biopax/96/48895#BiochemicalReaction7044,1,http://www.reactome.org/biopax/96/48895#Catalysis3122,1373
1283,801|6274,802,2,1,http://www.reactome.org/biopax/96/48895#BiochemicalReaction1310,1,http://www.reactome.org/biopax/96/48895#Control128,1374
1284,5577|7237|7542|8690|9565,7546|7635|7949|8693|9655,5,5,http://www.reactome.org/biopax/96/48895#BiochemicalReaction8023,1,http://www.reactome.org/biopax/96/48895#Catalysis4033,1375
1285,5364|8205|9444,8206|9446,3,2,http://www.reactome.org/biopax/96/48895#BiochemicalReaction7411,1,http://www.reactome.org/biopax/96/48895#Catalysis3468,1376
1286,7251|7621|8659,7551|7622|9512,3,3,http://www.reactome.org/biopax/96/48895#BiochemicalReaction7942,1,http://www.reactome.org/biopax/96/48895#Control738,1377
1287,1029|7372|8489,7416|7949,3,2,http://www.reactome.org/biopax/96/48895#BiochemicalReaction2067,1,http://www.reactome.org/biopax/96/48895#Control190,1378
1288,4209|4212,4210|4211,2,2,http://www.reactome.org/biopax/96/48895#BiochemicalReaction260,1,http://www.reactome.org/biopax/96/48895#Catalysis105,1379
1289,61,5615|5617|8874,1,3,http://www.reactome.org/biopax/96/48895#BiochemicalReaction8200,1,http://www.reactome.org/biopax/96/48895#Catalysis4208,1380
1290,587|8868|9312,8875|9696,3,2,http://www.reactome.org/biopax/96/48895#BiochemicalReaction8642,1,http://www.reactome.org/biopax/96/48895#Catalysis4636,1381
1291,522|2877|4471,2876,3,1,http://www.reactome.org/biopax/96/48895#BiochemicalReaction5528,-1,http://www.reactome.org/biopax/96/48895#Control501,1382
1292,3594|7386|7901,7557|7904,3,2,http://www.reactome.org/biopax/96/48895#BiochemicalReaction7119,1,http://www.reactome.org/biopax/96/48895#Catalysis3187,1383
1293,6312|6313|9433|9434,6310|9435|9436|9513,4,4,http://www.reactome.org/biopax/96/48895#BiochemicalReaction1403,1,http://www.reactome.org/biopax/96/48895#Catalysis593,1384
1294,6584|7237|9540|9565,7635|9542|9655,4,3,http://www.reactome.org/biopax/96/48895#BiochemicalReaction2074,1,http://www.reactome.org/biopax/96/48895#Catalysis988,1385
1295,1111|7484|7485|8691|9498,1112|5957|8715,5,3,http://www.reactome.org/biopax/96/48895#BiochemicalReaction2277,1,http://www.reactome.org/biopax/96/48895#Catalysis1082,1386
1296,2463|7237,2464|7635,2,2,http://www.reactome.org/biopax/96/48895#BiochemicalReaction4774,1,http://www.reactome.org/biopax/96/48895#Catalysis2029,1388
1297,3592|7762|9565,7343|7761,3,2,http://www.reactome.org/biopax/96/48895#BiochemicalReaction7114,1,http://www.reactome.org/biopax/96/48895#Catalysis3182,1389
1298,4539|4541|7662,4540|8420,3,2,http://www.reactome.org/biopax/96/48895#BiochemicalReaction5836,1,http://www.reactome.org/biopax/96/48895#Catalysis2394,1390
1299,5513|8541|9486,8542|9485|9667,3,3,http://www.reactome.org/biopax/96/48895#BiochemicalReaction7792,1,http://www.reactome.org/biopax/96/48895#Catalysis3834,1391
1300,4676|4677|7237,4678|7635,3,2,http://www.reactome.org/biopax/96/48895#BiochemicalReaction6217,1,http://www.reactome.org/biopax/96/48895#Catalysis2552,1392
1301,5467|8375,8211|8376,2,2,http://www.reactome.org/biopax/96/48895#BiochemicalReaction7632,1,http://www.reactome.org/biopax/96/48895#Catalysis3684,1393
1302,4457|5134|9546,5127|9550,3,2,http://www.reactome.org/biopax/96/48895#BiochemicalReaction375,1,http://www.reactome.org/biopax/96/48895#Catalysis134,1394
1303,3519|7398,3520|7387|7949,2,3,http://www.reactome.org/biopax/96/48895#BiochemicalReaction6945,1,http://www.reactome.org/biopax/96/48895#Catalysis3027,1395
1304,1501,6861|6862|6863,1,3,http://www.reactome.org/biopax/96/48895#BiochemicalReaction2882,1,http://www.reactome.org/biopax/96/48895#Catalysis1372,1396
1305,3739|3808|7237,3853|7635,3,2,http://www.reactome.org/biopax/96/48895#BiochemicalReaction56,1,http://www.reactome.org/biopax/96/48895#Catalysis23,1397
1306,3601|7237|7919,7635|7949|9556,3,3,http://www.reactome.org/biopax/96/48895#BiochemicalReaction7143,1,http://www.reactome.org/biopax/96/48895#Catalysis3211,1398
1307,3014|5545|7621,4535|7622|9667,3,3,http://www.reactome.org/biopax/96/48895#BiochemicalReaction7946,1,http://www.reactome.org/biopax/96/48895#Catalysis3976,1399
1308,2722|4294,5900|6349,2,2,http://www.reactome.org/biopax/96/48895#BiochemicalReaction1477,1,http://www.reactome.org/biopax/96/48895#Catalysis636,1400
1309,998|9577,9597,2,1,http://www.reactome.org/biopax/96/48895#BiochemicalReaction1977,1,http://www.reactome.org/biopax/96/48895#Catalysis913,1401
1310,3512|7398,3515|7949|8858,2,3,http://www.reactome.org/biopax/96/48895#BiochemicalReaction6940,1,http://www.reactome.org/biopax/96/48895#Catalysis3022,1402
1311,1254|6720|9565,1255|9655,3,2,http://www.reactome.org/biopax/96/48895#BiochemicalReaction2449,1,http://www.reactome.org/biopax/96/48895#Control249,1403
1312,5412|8284|9565,7465|9655,3,2,http://www.reactome.org/biopax/96/48895#BiochemicalReaction7524,1,http://www.reactome.org/biopax/96/48895#Catalysis3581,1404
1313,641|7935,7936,2,1,http://www.reactome.org/biopax/96/48895#BiochemicalReaction7160,1,http://www.reactome.org/biopax/96/48895#Catalysis3228,1405
1314,1026|7413|9662|9667,7414,4,1,http://www.reactome.org/biopax/96/48895#BiochemicalReaction2064,1,http://www.reactome.org/biopax/96/48895#Catalysis980,1406
1315,7237|7545|9615,7635|7818|7949,3,3,http://www.reactome.org/biopax/96/48895#BiochemicalReaction6981,1,http://www.reactome.org/biopax/96/48895#Control665,1407
1316,5476|7508|7949|8395|9644,8396|8397|9565|9633,5,4,http://www.reactome.org/biopax/96/48895#BiochemicalReaction7655,1,http://www.reactome.org/biopax/96/48895#Catalysis3705,1408
1317,445|1420|7237|9565,1421|7635|9655,4,3,http://www.reactome.org/biopax/96/48895#BiochemicalReaction2731,1,http://www.reactome.org/biopax/96/48895#Catalysis1287,1409
1318,112|5643,113,2,1,http://www.reactome.org/biopax/96/48895#BiochemicalReaction8286,1,http://www.reactome.org/biopax/96/48895#Catalysis4288,1410
1319,265|8868|9302,8875|9303,3,2,http://www.reactome.org/biopax/96/48895#BiochemicalReaction8634,1,http://www.reactome.org/biopax/96/48895#Catalysis4628,1411
1320,4781|4826|7378,4846|7377|9632,3,3,http://www.reactome.org/biopax/96/48895#BiochemicalReaction6547,1,http://www.reactome.org/biopax/96/48895#Catalysis2742,1412
1321,4781|7772|7780,3942,3,1,http://www.reactome.org/biopax/96/48895#BiochemicalReaction6528,1,http://www.reactome.org/biopax/96/48895#Catalysis2728,1413
1322,3647|7621|8097,7622|8098|9667,3,3,http://www.reactome.org/biopax/96/48895#BiochemicalReaction7330,1,http://www.reactome.org/biopax/96/48895#Catalysis3389,1414
1323,1152|1154|7237,695|1151|1153|7635,3,4,http://www.reactome.org/biopax/96/48895#BiochemicalReaction2352,1,http://www.reactome.org/biopax/96/48895#Control240,1415
1324,267|8523|8868,8875|9306,3,2,http://www.reactome.org/biopax/96/48895#BiochemicalReaction8637,1,http://www.reactome.org/biopax/96/48895#Catalysis4631,1416
1325,3451,3452|4446,1,2,http://www.reactome.org/biopax/96/48895#BiochemicalReaction6819,1,http://www.reactome.org/biopax/96/48895#Catalysis2951,1417
1326,5312|7508|8647,8648,3,1,http://www.reactome.org/biopax/96/48895#BiochemicalReaction7886,1,http://www.reactome.org/biopax/96/48895#Catalysis3926,1418
1327,6188|9456|9616,7455|9457,3,2,http://www.reactome.org/biopax/96/48895#BiochemicalReaction2181,1,http://www.reactome.org/biopax/96/48895#Control229,1419
1328,1433|5415,1434,2,1,http://www.reactome.org/biopax/96/48895#BiochemicalReaction2763,1,http://www.reactome.org/biopax/96/48895#Catalysis1303,1420
1329,2217|2245|4255|7237,2246|4334|7219|7222|7545|8228,4,6,http://www.reactome.org/biopax/96/48895#BiochemicalReaction4349,1,http://www.reactome.org/biopax/96/48895#Catalysis1918,1422
1330,5207|5209|9511,5206|7862,3,2,http://www.reactome.org/biopax/96/48895#BiochemicalReaction7057,1,http://www.reactome.org/biopax/96/48895#Catalysis3133,1423
1331,3556|7259|7635|7949,7237|8440,4,2,http://www.reactome.org/biopax/96/48895#BiochemicalReaction6990,1,http://www.reactome.org/biopax/96/48895#Catalysis3069,1424
1332,2435|7237,2436|7635,2,2,http://www.reactome.org/biopax/96/48895#BiochemicalReaction4737,1,http://www.reactome.org/biopax/96/48895#Catalysis2013,1425
1333,3588|5242|7386,5243|7557|9632,3,3,http://www.reactome.org/biopax/96/48895#BiochemicalReaction7087,1,http://www.reactome.org/biopax/96/48895#Catalysis3158,1426
1334,5507|7949|9443|9644,9440|9633,4,2,http://www.reactome.org/biopax/96/48895#BiochemicalReaction7782,1,http://www.reactome.org/biopax/96/48895#Control719,1427
1335,5285|7237|7580|8488,7545|8228|8490|9565,4,4,http://www.reactome.org/biopax/96/48895#BiochemicalReaction7731,1,http://www.reactome.org/biopax/96/48895#Catalysis3779,1428
1336,860|895,1396|6431|6432,2,3,http://www.reactome.org/biopax/96/48895#BiochemicalReaction1636,1,http://www.reactome.org/biopax/96/48895#Catalysis701,1429
1337,1404|4142|9565,1403|9655,3,2,http://www.reactome.org/biopax/96/48895#BiochemicalReaction2699,1,http://www.reactome.org/biopax/96/48895#Catalysis1273,1430
1338,27|8817|9565,7949|8818,3,2,http://www.reactome.org/biopax/96/48895#BiochemicalReaction8132,1,http://www.reactome.org/biopax/96/48895#Catalysis4140,1431
1339,5268|7396|7915,7775|7916,3,2,http://www.reactome.org/biopax/96/48895#BiochemicalReaction7130,1,http://www.reactome.org/biopax/96/48895#Catalysis3198,1432
1340,1272|9546,1267|6745|9550,2,3,http://www.reactome.org/biopax/96/48895#BiochemicalReaction2508,1,http://www.reactome.org/biopax/96/48895#Catalysis1167,1433
1341,1871|7169|9565,1869|9655,3,2,http://www.reactome.org/biopax/96/48895#BiochemicalReaction3561,1,http://www.reactome.org/biopax/96/48895#Catalysis1638,1434
1342,241|7949|9155,9156|9517,3,2,http://www.reactome.org/biopax/96/48895#BiochemicalReaction8534,1,http://www.reactome.org/biopax/96/48895#Catalysis4533,1435
1343,2014|5415,1345|2011,2,2,http://www.reactome.org/biopax/96/48895#BiochemicalReaction3832,1,http://www.reactome.org/biopax/96/48895#Catalysis1744,1436
1344,5312|8599|9633,8602|9644,3,2,http://www.reactome.org/biopax/96/48895#BiochemicalReaction7852,1,http://www.reactome.org/biopax/96/48895#Catalysis3892,1437
1345,870|873|9070,871|7507,3,2,http://www.reactome.org/biopax/96/48895#BiochemicalReaction1557,1,http://www.reactome.org/biopax/96/48895#Control149,1438
1346,3775|8514,8513,2,1,http://www.reactome.org/biopax/96/48895#BiochemicalReaction7760,1,http://www.reactome.org/biopax/96/48895#Catalysis3804,1439
1347,2439|5415,2441,2,1,http://www.reactome.org/biopax/96/48895#BiochemicalReaction4747,1,http://www.reactome.org/biopax/96/48895#Catalysis2017,1440
1348,2431|7237,2432|7635,2,2,http://www.reactome.org/biopax/96/48895#BiochemicalReaction4732,1,http://www.reactome.org/biopax/96/48895#Catalysis2010,1441
1349,5290|7237|7405|7580,7450|7545|8228|9565,4,4,http://www.reactome.org/biopax/96/48895#BiochemicalReaction7208,1,http://www.reactome.org/biopax/96/48895#Catalysis3274,1442
1350,1991|7237,1991|7635,2,2,http://www.reactome.org/biopax/96/48895#BiochemicalReaction3802,1,http://www.reactome.org/biopax/96/48895#Catalysis1730,1443
1351,817|7237,818|7635,2,2,http://www.reactome.org/biopax/96/48895#BiochemicalReaction1367,1,http://www.reactome.org/biopax/96/48895#Catalysis569,1444
1352,6299|6325|7305,6301|7311,3,2,http://www.reactome.org/biopax/96/48895#BiochemicalReaction1421,1,http://www.reactome.org/biopax/96/48895#Catalysis611,1445
1353,3173,949|6966,1,2,http://www.reactome.org/biopax/96/48895#BiochemicalReaction6175,1,http://www.reactome.org/biopax/96/48895#Catalysis2528,1446
1354,69|5618|7237|7354,70|7545|8228,4,3,http://www.reactome.org/biopax/96/48895#BiochemicalReaction8205,1,http://www.reactome.org/biopax/96/48895#Catalysis4213,1447
1355,5459|7626|8362,7255|8361|8363,3,3,http://www.reactome.org/biopax/96/48895#BiochemicalReaction7616,1,http://www.reactome.org/biopax/96/48895#Catalysis3668,1448
1356,5312|7508|8596,8623,3,1,http://www.reactome.org/biopax/96/48895#BiochemicalReaction7868,1,http://www.reactome.org/biopax/96/48895#Catalysis3908,1449
1357,2694|4200,2736,2,1,http://www.reactome.org/biopax/96/48895#BiochemicalReaction31,1,http://www.reactome.org/biopax/96/48895#Control2,1450
1358,6478|7493|9637|9638,7372|7423|9634,4,3,http://www.reactome.org/biopax/96/48895#BiochemicalReaction1849,1,http://www.reactome.org/biopax/96/48895#Catalysis788,1452
1359,6568|9669,9667,2,1,http://www.reactome.org/biopax/96/48895#BiochemicalReaction8008,1,http://www.reactome.org/biopax/96/48895#Catalysis4022,1453
1360,1134|4673|7237,4592|7635,3,2,http://www.reactome.org/biopax/96/48895#BiochemicalReaction6214,1,http://www.reactome.org/biopax/96/48895#Catalysis2549,1454
1361,3746|7626|8358,5457|7878|8357,3,3,http://www.reactome.org/biopax/96/48895#BiochemicalReaction7610,1,http://www.reactome.org/biopax/96/48895#Control707,1455
1362,5590|7545|9565,7360|9655,3,2,http://www.reactome.org/biopax/96/48895#BiochemicalReaction8093,1,http://www.reactome.org/biopax/96/48895#Catalysis4101,1456
1363,79|7237|7542|8882|9565,7545|7546|7949|8179|8228,5,5,http://www.reactome.org/biopax/96/48895#BiochemicalReaction8214,1,http://www.reactome.org/biopax/96/48895#Catalysis4221,1457
1364,6107|9253|9565,7897|9316,3,2,http://www.reactome.org/biopax/96/48895#BiochemicalReaction949,1,http://www.reactome.org/biopax/96/48895#Catalysis410,1458
1365,2148|9451|9470,2147|4178|7588,3,3,http://www.reactome.org/biopax/96/48895#BiochemicalReaction4183,1,http://www.reactome.org/biopax/96/48895#Control386,1459
1366,852|6375|7507,2869|9070,3,2,http://www.reactome.org/biopax/96/48895#BiochemicalReaction5518,1,http://www.reactome.org/biopax/96/48895#Catalysis2264,1460
1367,4401|4402|9551,2507,3,1,http://www.reactome.org/biopax/96/48895#BiochemicalReaction4831,1,http://www.reactome.org/biopax/96/48895#Control442,1461
1368,3281|4742|7508|9429,4743|9430|9517,4,3,http://www.reactome.org/biopax/96/48895#BiochemicalReaction6442,1,http://www.reactome.org/biopax/96/48895#Catalysis2644,1462
1369,7635|8776|9565,8777|9655,3,2,http://www.reactome.org/biopax/96/48895#BiochemicalReaction8094,1,http://www.reactome.org/biopax/96/48895#Control792,1464
1370,3176|7237,4665|6759|7635,2,3,http://www.reactome.org/biopax/96/48895#BiochemicalReaction6188,1,http://www.reactome.org/biopax/96/48895#Catalysis2536,1465
1371,5980|7449|8171,8172,3,1,http://www.reactome.org/biopax/96/48895#BiochemicalReaction7376,1,http://www.reactome.org/biopax/96/48895#Catalysis3433,1466
1372,4788|8369|9565,7256|8370,3,2,http://www.reactome.org/biopax/96/48895#BiochemicalReaction7625,1,http://www.reactome.org/biopax/96/48895#Catalysis3677,1467
1373,4010|8026|8489|8747|9193,8027|8467|9194,5,3,http://www.reactome.org/biopax/96/48895#BiochemicalReaction8564,1,http://www.reactome.org/biopax/96/48895#Catalysis4561,1468
1374,5432|7640|9565,7698|8241,3,2,http://www.reactome.org/biopax/96/48895#BiochemicalReaction7567,1,http://www.reactome.org/biopax/96/48895#Catalysis3622,1469
1375,6748|6804|9546,6806|9550,3,2,http://www.reactome.org/biopax/96/48895#BiochemicalReaction2636,1,http://www.reactome.org/biopax/96/48895#Catalysis1233,1470
1376,1834|6908,7065|7066,2,2,http://www.reactome.org/biopax/96/48895#BiochemicalReaction3448,1,http://www.reactome.org/biopax/96/48895#Catalysis1580,1471
1377,4225|4226|6243|6244,2006,4,1,http://www.reactome.org/biopax/96/48895#BiochemicalReaction3818,1,http://www.reactome.org/biopax/96/48895#Control353,1472
1378,3595|7385|7901,7557|7905,3,2,http://www.reactome.org/biopax/96/48895#BiochemicalReaction7120,1,http://www.reactome.org/biopax/96/48895#Catalysis3188,1473
1379,3673|7582|9451,8202|8204,3,2,http://www.reactome.org/biopax/96/48895#BiochemicalReaction7409,1,http://www.reactome.org/biopax/96/48895#Catalysis3466,1474
1380,4031|7508|7949|9360|9644,9365|9565|9633,5,3,http://www.reactome.org/biopax/96/48895#BiochemicalReaction8681,1,http://www.reactome.org/biopax/96/48895#Catalysis4675,1475
1381,5274|7237|7549,7635|7933,3,2,http://www.reactome.org/biopax/96/48895#BiochemicalReaction7167,1,http://www.reactome.org/biopax/96/48895#Catalysis3235,1476
1382,4816|4820|7781,4818|7782|8489,3,3,http://www.reactome.org/biopax/96/48895#BiochemicalReaction6533,1,http://www.reactome.org/biopax/96/48895#Catalysis2732,1477
1383,5327|8053|8054,8056|8057,3,2,http://www.reactome.org/biopax/96/48895#BiochemicalReaction7291,1,http://www.reactome.org/biopax/96/48895#Catalysis3350,1478
1384,1125|9070,1126|7507,2,2,http://www.reactome.org/biopax/96/48895#BiochemicalReaction2295,1,http://www.reactome.org/biopax/96/48895#Catalysis1087,1479
1385,6593|7428|7949,7409|9472,3,2,http://www.reactome.org/biopax/96/48895#BiochemicalReaction2091,1,http://www.reactome.org/biopax/96/48895#Catalysis1001,1481
1386,1490|9566,1491|9576,2,2,http://www.reactome.org/biopax/96/48895#BiochemicalReaction2868,1,http://www.reactome.org/biopax/96/48895#Catalysis1364,1482
1387,519|7537,7493,2,1,http://www.reactome.org/biopax/96/48895#BiochemicalReaction807,1,http://www.reactome.org/biopax/96/48895#Catalysis312,1483
1388,2635|7237,2636|7635,2,2,http://www.reactome.org/biopax/96/48895#BiochemicalReaction5012,1,http://www.reactome.org/biopax/96/48895#Catalysis2127,1484
1389,1773|1797|9546,1780|9550,3,2,http://www.reactome.org/biopax/96/48895#BiochemicalReaction332,1,http://www.reactome.org/biopax/96/48895#Catalysis113,1485
1390,2855|5096,4463,2,1,http://www.reactome.org/biopax/96/48895#BiochemicalReaction6876,1,http://www.reactome.org/biopax/96/48895#Control634,1486
1391,6100|7237|9031|9565,7635|9042|9655,4,3,http://www.reactome.org/biopax/96/48895#BiochemicalReaction926,1,http://www.reactome.org/biopax/96/48895#Catalysis387,1487
1392,501|7621|8214|9444,7622|8565|9667,4,3,http://www.reactome.org/biopax/96/48895#BiochemicalReaction8599,1,http://www.reactome.org/biopax/96/48895#Catalysis4595,1488
1393,3705|8281|9565,8280|9655,3,2,http://www.reactome.org/biopax/96/48895#BiochemicalReaction7521,1,http://www.reactome.org/biopax/96/48895#Catalysis3578,1489
1394,424|7237,431|7635,2,2,http://www.reactome.org/biopax/96/48895#BiochemicalReaction63,1,http://www.reactome.org/biopax/96/48895#Catalysis25,1490
1395,3643|8076|9487|9667,8078|8079,4,2,http://www.reactome.org/biopax/96/48895#BiochemicalReaction7311,1,http://www.reactome.org/biopax/96/48895#Catalysis3370,1491
1396,76|5618|7237|7354,77|7545|8228,4,3,http://www.reactome.org/biopax/96/48895#BiochemicalReaction8209,1,http://www.reactome.org/biopax/96/48895#Catalysis4216,1492
1397,1012|9568,9533,2,1,http://www.reactome.org/biopax/96/48895#BiochemicalReaction2025,1,http://www.reactome.org/biopax/96/48895#Catalysis956,1493
1398,0|7237,1771|7635,2,2,http://www.reactome.org/biopax/96/48895#BiochemicalReaction1,1,http://www.reactome.org/biopax/96/48895#Catalysis1,1494
1399,2808|3003,3002|4522,2,2,http://www.reactome.org/biopax/96/48895#BiochemicalReaction5764,1,http://www.reactome.org/biopax/96/48895#Catalysis2372,1495
1400,2778|2781|9565,2779|9655,3,2,http://www.reactome.org/biopax/96/48895#BiochemicalReaction5213,-1,http://www.reactome.org/biopax/96/48895#Control475,1496
1401,1870|7167|9565,1869|9655,3,2,http://www.reactome.org/biopax/96/48895#BiochemicalReaction3558,1,http://www.reactome.org/biopax/96/48895#Catalysis1636,1497
1402,344|641|4683,345|5788|5789,3,3,http://www.reactome.org/biopax/96/48895#BiochemicalReaction8793,1,http://www.reactome.org/biopax/96/48895#Control856,1498
1403,324|5951|9546,325|7365,3,2,http://www.reactome.org/biopax/96/48895#BiochemicalReaction8779,1,http://www.reactome.org/biopax/96/48895#Catalysis4728,1499
1404,5511|7508|7949|9440|9644,8397|8539|9565|9633,5,4,http://www.reactome.org/biopax/96/48895#BiochemicalReaction7787,1,http://www.reactome.org/biopax/96/48895#Catalysis3830,1500
1405,673|4844,674,2,1,http://www.reactome.org/biopax/96/48895#BiochemicalReaction1090,1,http://www.reactome.org/biopax/96/48895#Catalysis476,1501
1406,5980|8151|8172,8142|8153|8173,3,3,http://www.reactome.org/biopax/96/48895#BiochemicalReaction7378,1,http://www.reactome.org/biopax/96/48895#Catalysis3435,1504
1407,4272|7237,4273|7635,2,2,http://www.reactome.org/biopax/96/48895#BiochemicalReaction4085,1,http://www.reactome.org/biopax/96/48895#Catalysis1810,1505
1408,3194|3205,1801|3193,2,2,http://www.reactome.org/biopax/96/48895#BiochemicalReaction6242,-1,http://www.reactome.org/biopax/96/48895#Control585,1506
1409,3671|7547|9503,7552|8203,3,2,http://www.reactome.org/biopax/96/48895#BiochemicalReaction7407,1,http://www.reactome.org/biopax/96/48895#Catalysis3464,1507
1410,1868|1869|7237,1870|7635,3,2,http://www.reactome.org/biopax/96/48895#BiochemicalReaction3557,1,http://www.reactome.org/biopax/96/48895#Catalysis1635,1508
1411,3607|7347|7508,7949|9169|9565,3,3,http://www.reactome.org/biopax/96/48895#BiochemicalReaction7191,1,http://www.reactome.org/biopax/96/48895#Catalysis3259,1509
1412,2452|7237,2453|7635,2,2,http://www.reactome.org/biopax/96/48895#BiochemicalReaction4758,1,http://www.reactome.org/biopax/96/48895#Catalysis2023,1510
1413,3537|7813,7814,2,1,http://www.reactome.org/biopax/96/48895#BiochemicalReaction6960,1,http://www.reactome.org/biopax/96/48895#Catalysis3041,1511
1414,3295|7700|7701,7702|8228,3,2,http://www.reactome.org/biopax/96/48895#BiochemicalReaction6462,1,http://www.reactome.org/biopax/96/48895#Catalysis2664,1512
1415,3302|7724|9565,7256|9655,3,2,http://www.reactome.org/biopax/96/48895#BiochemicalReaction6483,1,http://www.reactome.org/biopax/96/48895#Catalysis2685,1513
1416,1160|9070,1161|6451|6681|7507|9655,2,5,http://www.reactome.org/biopax/96/48895#BiochemicalReaction2365,1,http://www.reactome.org/biopax/96/48895#Catalysis1106,1514
1417,3660|8140|8144|9481,8145|8146|8147,4,3,http://www.reactome.org/biopax/96/48895#BiochemicalReaction7357,1,http://www.reactome.org/biopax/96/48895#Catalysis3414,1515
1418,5259|9347|9633,9348|9644,3,2,http://www.reactome.org/biopax/96/48895#BiochemicalReaction8669,1,http://www.reactome.org/biopax/96/48895#Catalysis4663,1516
1419,2219|4336,2221|4334|7222,2,3,http://www.reactome.org/biopax/96/48895#BiochemicalReaction4297,1,http://www.reactome.org/biopax/96/48895#Catalysis1894,1517
1420,6364|7372|7537,7318|7493,3,2,http://www.reactome.org/biopax/96/48895#BiochemicalReaction1516,1,http://www.reactome.org/biopax/96/48895#Catalysis652,1518
1421,3324|4916|6896,4918|5900,3,2,http://www.reactome.org/biopax/96/48895#BiochemicalReaction6600,1,http://www.reactome.org/biopax/96/48895#Catalysis2794,1519
1422,3787|3789,3788,2,1,http://www.reactome.org/biopax/96/48895#BiochemicalReaction7801,1,http://www.reactome.org/biopax/96/48895#Catalysis3843,1520
1423,162|9017|9487|9667,7551|8079|9018,4,3,http://www.reactome.org/biopax/96/48895#BiochemicalReaction8381,1,http://www.reactome.org/biopax/96/48895#Catalysis4382,1521
1424,641|1335|7237,1379|7635,3,2,http://www.reactome.org/biopax/96/48895#BiochemicalReaction2675,1,http://www.reactome.org/biopax/96/48895#Catalysis1255,1522
1425,236|7282|7508|9506,9022|9145,4,2,http://www.reactome.org/biopax/96/48895#BiochemicalReaction8525,1,http://www.reactome.org/biopax/96/48895#Catalysis4524,1523
1426,3301|7388|9565,7711|7949|8858,3,3,http://www.reactome.org/biopax/96/48895#BiochemicalReaction6480,1,http://www.reactome.org/biopax/96/48895#Catalysis2682,1524
1427,777|6242,779,2,1,http://www.reactome.org/biopax/96/48895#BiochemicalReaction1256,1,http://www.reactome.org/biopax/96/48895#Control120,1525
1428,7388|7630|8847,4154|7949|8858,3,3,http://www.reactome.org/biopax/96/48895#BiochemicalReaction7022,1,http://www.reactome.org/biopax/96/48895#Control678,1526
1429,3348|9587,3349|3945,2,2,http://www.reactome.org/biopax/96/48895#BiochemicalReaction6691,1,http://www.reactome.org/biopax/96/48895#Catalysis2878,1527
1430,3475|5088|9451,5089,3,1,http://www.reactome.org/biopax/96/48895#BiochemicalReaction6859,1,http://www.reactome.org/biopax/96/48895#Control623,1528
1431,17|8815|9565,8816|9655,3,2,http://www.reactome.org/biopax/96/48895#BiochemicalReaction8128,1,http://www.reactome.org/biopax/96/48895#Catalysis4136,1529
1432,615|616,617|5996,2,2,http://www.reactome.org/biopax/96/48895#BiochemicalReaction1021,1,http://www.reactome.org/biopax/96/48895#Catalysis444,1530
1433,193|7281|7678,9058|9565,3,2,http://www.reactome.org/biopax/96/48895#BiochemicalReaction8427,1,http://www.reactome.org/biopax/96/48895#Catalysis4428,1531
1434,3376|9587,3377|4034,2,2,http://www.reactome.org/biopax/96/48895#BiochemicalReaction6706,1,http://www.reactome.org/biopax/96/48895#Catalysis2892,1532
1435,7133|7140|7388,7139|8858,3,2,http://www.reactome.org/biopax/96/48895#BiochemicalReaction3511,1,http://www.reactome.org/biopax/96/48895#Catalysis1621,1533
1436,384|5844|5850,3244|5844|5845|5846|5847|5848|5849|5850|5851|6797|6798,3,11,http://www.reactome.org/biopax/96/48895#BiochemicalReaction8853,1,http://www.reactome.org/biopax/96/48895#Catalysis4751,1534
1437,5422|7237|8252,7490|7635,3,2,http://www.reactome.org/biopax/96/48895#BiochemicalReaction7544,1,http://www.reactome.org/biopax/96/48895#Catalysis3601,1535
1438,6515|7537|9672,7493|9673,3,2,http://www.reactome.org/biopax/96/48895#BiochemicalReaction1895,1,http://www.reactome.org/biopax/96/48895#Catalysis833,1536
1439,4733|4734,3279,2,1,http://www.reactome.org/biopax/96/48895#BiochemicalReaction6436,1,http://www.reactome.org/biopax/96/48895#Catalysis2638,1537
1440,1410|6829|6839|7580,1411|6827|6828|6836|6837|6838|7579,4,7,http://www.reactome.org/biopax/96/48895#BiochemicalReaction2714,1,http://www.reactome.org/biopax/96/48895#Catalysis1280,1538
1441,949|2465|9070,950|7507,3,2,http://www.reactome.org/biopax/96/48895#BiochemicalReaction4776,1,http://www.reactome.org/biopax/96/48895#Catalysis2030,1539
1442,863|6377|9070,864|7507,3,2,http://www.reactome.org/biopax/96/48895#BiochemicalReaction1545,1,http://www.reactome.org/biopax/96/48895#Catalysis664,1540
1443,6543|7546|7949,7279|9667,3,2,http://www.reactome.org/biopax/96/48895#BiochemicalReaction1938,1,http://www.reactome.org/biopax/96/48895#Catalysis876,1541
1444,3195|4161,3196,2,1,http://www.reactome.org/biopax/96/48895#BiochemicalReaction6238,1,http://www.reactome.org/biopax/96/48895#Catalysis2561,1542
1445,5294|7949|7964|7972,7580|7973|9517,4,3,http://www.reactome.org/biopax/96/48895#BiochemicalReaction7212,1,http://www.reactome.org/biopax/96/48895#Catalysis3278,1543
1446,3618|7993|7994,7995|7996|8467,3,3,http://www.reactome.org/biopax/96/48895#BiochemicalReaction7231,1,http://www.reactome.org/biopax/96/48895#Catalysis3291,1544
1447,335|641,337|338|641,2,3,http://www.reactome.org/biopax/96/48895#BiochemicalReaction8787,1,http://www.reactome.org/biopax/96/48895#Control850,1545
1448,55|5614,56,2,1,http://www.reactome.org/biopax/96/48895#BiochemicalReaction8188,1,http://www.reactome.org/biopax/96/48895#Catalysis4196,1546
1449,6481|8966,9641,2,1,http://www.reactome.org/biopax/96/48895#BiochemicalReaction1852,1,http://www.reactome.org/biopax/96/48895#Catalysis791,1548
1450,1768|7237,1769|7635,2,2,http://www.reactome.org/biopax/96/48895#BiochemicalReaction3301,1,http://www.reactome.org/biopax/96/48895#Catalysis1538,1549
1451,2937|4844,2938,2,1,http://www.reactome.org/biopax/96/48895#BiochemicalReaction5639,1,http://www.reactome.org/biopax/96/48895#Catalysis2317,1550
1452,6082|9467,718,2,1,http://www.reactome.org/biopax/96/48895#BiochemicalReaction1168,1,http://www.reactome.org/biopax/96/48895#Catalysis502,1551
1453,3601|7237|9554,7635|7949|9556,3,3,http://www.reactome.org/biopax/96/48895#BiochemicalReaction7140,1,http://www.reactome.org/biopax/96/48895#Catalysis3208,1552
1454,599|9253|9287,9298|9309,3,2,http://www.reactome.org/biopax/96/48895#BiochemicalReaction948,1,http://www.reactome.org/biopax/96/48895#Catalysis409,1553
1455,668|2048|2252,670,3,1,http://www.reactome.org/biopax/96/48895#BiochemicalReaction1087,-1,http://www.reactome.org/biopax/96/48895#Control85,1554
1456,1245|1247|9070,1246|6701|7507,3,3,http://www.reactome.org/biopax/96/48895#BiochemicalReaction2440,1,http://www.reactome.org/biopax/96/48895#Catalysis1141,1555
1457,1812|7067,7068|7069,2,2,http://www.reactome.org/biopax/96/48895#BiochemicalReaction3449,1,http://www.reactome.org/biopax/96/48895#Catalysis1581,1556
1458,1464,427|7514,1,2,http://www.reactome.org/biopax/96/48895#BiochemicalReaction2825,1,http://www.reactome.org/biopax/96/48895#Catalysis1337,1557
1459,42|7237|8846,7545|7842,3,2,http://www.reactome.org/biopax/96/48895#BiochemicalReaction8156,1,http://www.reactome.org/biopax/96/48895#Catalysis4164,1558
1460,6108|7949|7997|9644,9633|9692,4,2,http://www.reactome.org/biopax/96/48895#BiochemicalReaction7232,1,http://www.reactome.org/biopax/96/48895#Catalysis3292,1559
1461,2698|7237|9410,7288|7635,3,2,http://www.reactome.org/biopax/96/48895#BiochemicalReaction5103,1,http://www.reactome.org/biopax/96/48895#Catalysis2174,1560
1462,5316|8593|9633,8595|9644,3,2,http://www.reactome.org/biopax/96/48895#BiochemicalReaction7845,1,http://www.reactome.org/biopax/96/48895#Catalysis3885,1561
1463,2995|4523|7237,2996|7635,3,2,http://www.reactome.org/biopax/96/48895#BiochemicalReaction5754,1,http://www.reactome.org/biopax/96/48895#Catalysis2364,1562
1464,7390|9314|9511,7862|9313,3,2,http://www.reactome.org/biopax/96/48895#BiochemicalReaction8645,-1,http://www.reactome.org/biopax/96/48895#Control842,1563
1465,6560|9597,9577,2,1,http://www.reactome.org/biopax/96/48895#BiochemicalReaction1986,1,http://www.reactome.org/biopax/96/48895#Catalysis921,1564
1466,118|8948|9677,8949|9667|9676,3,3,http://www.reactome.org/biopax/96/48895#BiochemicalReaction8299,1,http://www.reactome.org/biopax/96/48895#Catalysis4300,1565
1467,2095|4273|7237,2097|7635,3,2,http://www.reactome.org/biopax/96/48895#BiochemicalReaction4086,1,http://www.reactome.org/biopax/96/48895#Catalysis1811,1566
1468,2535|7237,2537|7635,2,2,http://www.reactome.org/biopax/96/48895#BiochemicalReaction4868,1,http://www.reactome.org/biopax/96/48895#Catalysis2069,1567
1469,4470|7971|9565,7545,3,1,http://www.reactome.org/biopax/96/48895#BiochemicalReaction5501,1,http://www.reactome.org/biopax/96/48895#Catalysis2257,1568
1470,6489|9650,9428,2,1,http://www.reactome.org/biopax/96/48895#BiochemicalReaction1864,1,http://www.reactome.org/biopax/96/48895#Catalysis803,1569
1471,5540|7250|9633,7949|8440|9517|9644,3,4,http://www.reactome.org/biopax/96/48895#BiochemicalReaction7936,-1,http://www.reactome.org/biopax/96/48895#Control733,1570
1472,82|8887|9515|9546,7365|8888,4,2,http://www.reactome.org/biopax/96/48895#BiochemicalReaction8221,1,http://www.reactome.org/biopax/96/48895#Catalysis4228,1571
1473,616|3464|3466,3465|5996,3,2,http://www.reactome.org/biopax/96/48895#BiochemicalReaction6835,-1,http://www.reactome.org/biopax/96/48895#Control612,1572
1474,4855|4858|7784,4857|8489|9397,3,3,http://www.reactome.org/biopax/96/48895#BiochemicalReaction6555,1,http://www.reactome.org/biopax/96/48895#Catalysis2750,1573
1475,2174|2177,2170,2,1,http://www.reactome.org/biopax/96/48895#BiochemicalReaction4243,1,http://www.reactome.org/biopax/96/48895#Catalysis1871,1574
1476,2855|3807|9070,3809|7507,3,2,http://www.reactome.org/biopax/96/48895#BiochemicalReaction7902,1,http://www.reactome.org/biopax/96/48895#Catalysis3941,1575
1477,1649|6912|7237,6914|7635,3,2,http://www.reactome.org/biopax/96/48895#BiochemicalReaction3072,1,http://www.reactome.org/biopax/96/48895#Catalysis1461,1576
1478,630|632,4059,2,1,http://www.reactome.org/biopax/96/48895#BiochemicalReaction1036,1,http://www.reactome.org/biopax/96/48895#Control77,1577
1479,252|8026|8489|8747|9242,8027|8467|9243,5,3,http://www.reactome.org/biopax/96/48895#BiochemicalReaction8593,1,http://www.reactome.org/biopax/96/48895#Catalysis4590,1578
1480,644|4545,4547,2,1,http://www.reactome.org/biopax/96/48895#BiochemicalReaction5857,1,http://www.reactome.org/biopax/96/48895#Control538,1579
1481,6083|7242|9429,7239|7243,3,2,http://www.reactome.org/biopax/96/48895#BiochemicalReaction1912,1,http://www.reactome.org/biopax/96/48895#Catalysis850,1580
1482,3843|8665|9565,7949|8666|8667,3,3,http://www.reactome.org/biopax/96/48895#BiochemicalReaction7958,1,http://www.reactome.org/biopax/96/48895#Catalysis3986,1581
1483,5430|8300|9451,8301|9567,3,2,http://www.reactome.org/biopax/96/48895#BiochemicalReaction7565,1,http://www.reactome.org/biopax/96/48895#Catalysis3620,1582
1484,541,543|9655,1,2,http://www.reactome.org/biopax/96/48895#BiochemicalReaction826,1,http://www.reactome.org/biopax/96/48895#Catalysis323,1583
1485,2722|4538|4908,4913|5900,3,2,http://www.reactome.org/biopax/96/48895#BiochemicalReaction6597,1,http://www.reactome.org/biopax/96/48895#Catalysis2791,1584
1486,5602|7237|7356,7635|7949|8854,3,3,http://www.reactome.org/biopax/96/48895#BiochemicalReaction8166,1,http://www.reactome.org/biopax/96/48895#Catalysis4174,1585
1487,623|4058,622|624|6140|6142,2,4,http://www.reactome.org/biopax/96/48895#BiochemicalReaction1029,1,http://www.reactome.org/biopax/96/48895#Catalysis447,1586
1488,694|2988,627|3027|6144|6146|9550|9596,2,6,http://www.reactome.org/biopax/96/48895#BiochemicalReaction5834,1,http://www.reactome.org/biopax/96/48895#Catalysis2393,1587
1489,461|7237,453|458|463|5997|5998|7635,2,6,http://www.reactome.org/biopax/96/48895#BiochemicalReaction724,1,http://www.reactome.org/biopax/96/48895#Catalysis251,1588
1490,2055|7237,2096|7635,2,2,http://www.reactome.org/biopax/96/48895#BiochemicalReaction20,1,http://www.reactome.org/biopax/96/48895#Catalysis9,1589
1491,6684|7030,6689|7035,2,2,http://www.reactome.org/biopax/96/48895#BiochemicalReaction219,-1,http://www.reactome.org/biopax/96/48895#Control13,1590
1492,957|7269|7537|9500,7268|7493|9499,4,3,http://www.reactome.org/biopax/96/48895#BiochemicalReaction1964,1,http://www.reactome.org/biopax/96/48895#Catalysis902,1591
1493,2850|3491|5128|9607,3492|5129|7806,4,3,http://www.reactome.org/biopax/96/48895#BiochemicalReaction6916,1,http://www.reactome.org/biopax/96/48895#Control641,1592
1494,6512|7244|7537,7246|7493,3,2,http://www.reactome.org/biopax/96/48895#BiochemicalReaction1914,1,http://www.reactome.org/biopax/96/48895#Catalysis852,1593
1495,1561|1564|9587,2303|9596,3,2,http://www.reactome.org/biopax/96/48895#BiochemicalReaction2963,1,http://www.reactome.org/biopax/96/48895#Catalysis1413,1594
1496,5671|9065|9067,9066|9512,3,2,http://www.reactome.org/biopax/96/48895#BiochemicalReaction8441,1,http://www.reactome.org/biopax/96/48895#Catalysis4442,1595
1497,3627|7508|7641,8004,3,1,http://www.reactome.org/biopax/96/48895#BiochemicalReaction7243,1,http://www.reactome.org/biopax/96/48895#Catalysis3303,1596
1498,4226|4227|9565,4225|5415,3,2,http://www.reactome.org/biopax/96/48895#BiochemicalReaction3820,1,http://www.reactome.org/biopax/96/48895#Catalysis1738,1597
1499,979|7237|9565|9619,7635|9620|9655,4,3,http://www.reactome.org/biopax/96/48895#BiochemicalReaction1827,1,http://www.reactome.org/biopax/96/48895#Catalysis770,1598
1500,2042|2052|4161,2053,3,1,http://www.reactome.org/biopax/96/48895#BiochemicalReaction3965,1,http://www.reactome.org/biopax/96/48895#Catalysis1771,1599
1501,5429|8296|9565,8298|9655,3,2,http://www.reactome.org/biopax/96/48895#BiochemicalReaction7562,1,http://www.reactome.org/biopax/96/48895#Catalysis3617,1600
1502,3391|9565,3392|4161,2,2,http://www.reactome.org/biopax/96/48895#BiochemicalReaction6715,1,http://www.reactome.org/biopax/96/48895#Catalysis2899,1601
1503,156|7277|7949,9517|9663,3,2,http://www.reactome.org/biopax/96/48895#BiochemicalReaction8365,1,http://www.reactome.org/biopax/96/48895#Catalysis4366,1602
1504,3565|7816|9615,7840|7843,3,2,http://www.reactome.org/biopax/96/48895#BiochemicalReaction7015,1,http://www.reactome.org/biopax/96/48895#Catalysis3094,1603
1505,3304|7626|7735,7254|7736,3,2,http://www.reactome.org/biopax/96/48895#BiochemicalReaction6490,1,http://www.reactome.org/biopax/96/48895#Catalysis2692,1604
1506,6031|7529|7537,7493|7527,3,2,http://www.reactome.org/biopax/96/48895#BiochemicalReaction1929,1,http://www.reactome.org/biopax/96/48895#Catalysis867,1605
1507,4764|7703|8179,7704|7949|8199,3,3,http://www.reactome.org/biopax/96/48895#BiochemicalReaction6463,1,http://www.reactome.org/biopax/96/48895#Catalysis2665,1606
1508,192|7678|9057,7278|7949,3,2,http://www.reactome.org/biopax/96/48895#BiochemicalReaction8426,1,http://www.reactome.org/biopax/96/48895#Catalysis4427,1607
1509,799|6277|7237,803|6270|6275|7635,3,4,http://www.reactome.org/biopax/96/48895#BiochemicalReaction1312,-1,http://www.reactome.org/biopax/96/48895#Control129,1608
1510,494|6003|6004|6006|6007|6008,495,6,1,http://www.reactome.org/biopax/96/48895#BiochemicalReaction765,1,http://www.reactome.org/biopax/96/48895#Catalysis282,1609
1511,641|7926,7932,2,1,http://www.reactome.org/biopax/96/48895#BiochemicalReaction7158,1,http://www.reactome.org/biopax/96/48895#Catalysis3226,1610
1512,3113|4626|9565,3112|9655,3,2,http://www.reactome.org/biopax/96/48895#BiochemicalReaction6024,1,http://www.reactome.org/biopax/96/48895#Catalysis2481,1611
1513,5316|7508|8591,8593,3,1,http://www.reactome.org/biopax/96/48895#BiochemicalReaction7844,1,http://www.reactome.org/biopax/96/48895#Catalysis3884,1612
1514,2414|6683|7237,2415|7635,3,2,http://www.reactome.org/biopax/96/48895#BiochemicalReaction4709,1,http://www.reactome.org/biopax/96/48895#Catalysis1999,1613
1515,2062|7237,2060|4263|7635,2,3,http://www.reactome.org/biopax/96/48895#BiochemicalReaction4013,1,http://www.reactome.org/biopax/96/48895#Catalysis1781,1614
1516,5625|8179,7621,2,1,http://www.reactome.org/biopax/96/48895#BiochemicalReaction8227,1,http://www.reactome.org/biopax/96/48895#Catalysis4234,1615
1517,594|9101|9108,9119|9130,3,2,http://www.reactome.org/biopax/96/48895#BiochemicalReaction929,1,http://www.reactome.org/biopax/96/48895#Catalysis390,1616
1518,3107|5415,4619|4620,2,2,http://www.reactome.org/biopax/96/48895#BiochemicalReaction6010,1,http://www.reactome.org/biopax/96/48895#Catalysis2475,1617
1519,6476|7493|9635,7949|9636,3,2,http://www.reactome.org/biopax/96/48895#BiochemicalReaction1847,1,http://www.reactome.org/biopax/96/48895#Catalysis786,1618
1520,5265|7385|8332,7557|8333|9632,3,3,http://www.reactome.org/biopax/96/48895#BiochemicalReaction7589,1,http://www.reactome.org/biopax/96/48895#Catalysis3643,1619
1521,3310|4802|9565,3934|7760,3,2,http://www.reactome.org/biopax/96/48895#BiochemicalReaction6513,1,http://www.reactome.org/biopax/96/48895#Catalysis2713,1620
1522,4235|4236|4237|7182,2010,4,1,http://www.reactome.org/biopax/96/48895#BiochemicalReaction3827,-1,http://www.reactome.org/biopax/96/48895#Control356,1621
1523,5392|7490|8244,7934|8250,3,2,http://www.reactome.org/biopax/96/48895#BiochemicalReaction7477,1,http://www.reactome.org/biopax/96/48895#Catalysis3534,1622
1524,2567|7237,2568|7635,2,2,http://www.reactome.org/biopax/96/48895#BiochemicalReaction4909,1,http://www.reactome.org/biopax/96/48895#Catalysis2086,1623
1525,643|4289|9546,6174|9550,3,2,http://www.reactome.org/biopax/96/48895#BiochemicalReaction1065,1,http://www.reactome.org/biopax/96/48895#Catalysis465,1624
1526,3442|3609,3486,2,1,http://www.reactome.org/biopax/96/48895#BiochemicalReaction49,1,http://www.reactome.org/biopax/96/48895#Control5,1625
1527,1814|1825|7237,1812|7635,3,2,http://www.reactome.org/biopax/96/48895#BiochemicalReaction3434,1,http://www.reactome.org/biopax/96/48895#Catalysis1572,1626
1528,1607|4951|6896,4952|5900,3,2,http://www.reactome.org/biopax/96/48895#BiochemicalReaction6628,1,http://www.reactome.org/biopax/96/48895#Catalysis2822,1627
1529,1782|7016|7237,7017|7635,3,2,http://www.reactome.org/biopax/96/48895#BiochemicalReaction3372,-1,http://www.reactome.org/biopax/96/48895#Control295,1628
1530,5489|7949|8496|9644,8499|9633,4,2,http://www.reactome.org/biopax/96/48895#BiochemicalReaction7739,1,http://www.reactome.org/biopax/96/48895#Catalysis3787,1629
1531,1248|9565,1249|9655,2,2,http://www.reactome.org/biopax/96/48895#BiochemicalReaction2441,1,http://www.reactome.org/biopax/96/48895#Catalysis1142,1630
1532,5272|7925|9546,7928|9550,3,2,http://www.reactome.org/biopax/96/48895#BiochemicalReaction7154,1,http://www.reactome.org/biopax/96/48895#Catalysis3222,1631
1533,102|7675|8489,7674,3,1,http://www.reactome.org/biopax/96/48895#BiochemicalReaction8271,1,http://www.reactome.org/biopax/96/48895#Catalysis4275,1632
1534,3051|3053|3910,3052,3,1,http://www.reactome.org/biopax/96/48895#BiochemicalReaction5900,-1,http://www.reactome.org/biopax/96/48895#Control547,1634
1535,5490|8436|9486,8439|9485|9667,3,3,http://www.reactome.org/biopax/96/48895#BiochemicalReaction7692,1,http://www.reactome.org/biopax/96/48895#Catalysis3740,1635
1536,2151|2404|9546,2403|9550,3,2,http://www.reactome.org/biopax/96/48895#BiochemicalReaction448,1,http://www.reactome.org/biopax/96/48895#Catalysis175,1636
1537,777|6228,779,2,1,http://www.reactome.org/biopax/96/48895#BiochemicalReaction1256,1,http://www.reactome.org/biopax/96/48895#Control119,1637
1538,6191|6196|7237,6195|7635,3,2,http://www.reactome.org/biopax/96/48895#BiochemicalReaction1138,1,http://www.reactome.org/biopax/96/48895#Catalysis488,1638
1539,5550|7623|8670,8659|8671,3,2,http://www.reactome.org/biopax/96/48895#BiochemicalReaction7969,-1,http://www.reactome.org/biopax/96/48895#Control753,1639
1540,3723|7281|7459|7949,7580|8305|9517,4,3,http://www.reactome.org/biopax/96/48895#BiochemicalReaction7570,1,http://www.reactome.org/biopax/96/48895#Catalysis3625,1640
1541,3287|4749|9433|9434,4750|9435|9436,4,3,http://www.reactome.org/biopax/96/48895#BiochemicalReaction6447,1,http://www.reactome.org/biopax/96/48895#Catalysis2649,1641
1542,3694|7347|8251,7380|7585,3,2,http://www.reactome.org/biopax/96/48895#BiochemicalReaction7479,1,http://www.reactome.org/biopax/96/48895#Catalysis3536,1642
1543,221|7237|9105,7635|7949|9106,3,3,http://www.reactome.org/biopax/96/48895#BiochemicalReaction8481,1,http://www.reactome.org/biopax/96/48895#Catalysis4481,1643
1544,1100|6648|9546,6654|9550,3,2,http://www.reactome.org/biopax/96/48895#BiochemicalReaction2257,1,http://www.reactome.org/biopax/96/48895#Catalysis1074,1644
1545,4799|7753|9510,7754|9508,3,2,http://www.reactome.org/biopax/96/48895#BiochemicalReaction6506,1,http://www.reactome.org/biopax/96/48895#Catalysis2708,1645
1546,248|7508|7949|8539|9644,9172|9565|9633,5,3,http://www.reactome.org/biopax/96/48895#BiochemicalReaction8553,-1,http://www.reactome.org/biopax/96/48895#Control834,1646
1547,3902|4144,3901,2,1,http://www.reactome.org/biopax/96/48895#BiochemicalReaction236,1,http://www.reactome.org/biopax/96/48895#Catalysis84,1647
1548,2049|6765|9546,1309|9550,3,2,http://www.reactome.org/biopax/96/48895#BiochemicalReaction2568,1,http://www.reactome.org/biopax/96/48895#Control258,1648
1549,157|7508|9004|9565,7897|9005|9660,4,3,http://www.reactome.org/biopax/96/48895#BiochemicalReaction8366,1,http://www.reactome.org/biopax/96/48895#Catalysis4367,1649
1550,2098|4278|7237,4279|7635,3,2,http://www.reactome.org/biopax/96/48895#BiochemicalReaction4115,1,http://www.reactome.org/biopax/96/48895#Catalysis1827,1650
1551,3636|8596|9633,8597|9644,3,2,http://www.reactome.org/biopax/96/48895#BiochemicalReaction7847,1,http://www.reactome.org/biopax/96/48895#Catalysis3887,1651
1552,1836|7130|9444,7131|7132,3,2,http://www.reactome.org/biopax/96/48895#BiochemicalReaction3495,1,http://www.reactome.org/biopax/96/48895#Catalysis1613,1652
1553,7623|8670|8674,8659|8671,3,2,http://www.reactome.org/biopax/96/48895#BiochemicalReaction7969,-1,http://www.reactome.org/biopax/96/48895#Control754,1653
1554,823|825|9587,824|7329,3,2,http://www.reactome.org/biopax/96/48895#BiochemicalReaction1387,1,http://www.reactome.org/biopax/96/48895#Catalysis578,1654
1555,3635|7508|7641,8022,3,1,http://www.reactome.org/biopax/96/48895#BiochemicalReaction7263,1,http://www.reactome.org/biopax/96/48895#Catalysis3322,1655
1556,2861|4472|9070,2862|7507,3,2,http://www.reactome.org/biopax/96/48895#BiochemicalReaction5508,-1,http://www.reactome.org/biopax/96/48895#Control498,1656
1557,19|8794|9565,7949|8228|8795,3,3,http://www.reactome.org/biopax/96/48895#BiochemicalReaction8114,1,http://www.reactome.org/biopax/96/48895#Catalysis4122,1657
1558,5620|8879,7270|7351,2,2,http://www.reactome.org/biopax/96/48895#BiochemicalReaction8211,1,http://www.reactome.org/biopax/96/48895#Catalysis4218,1658
1559,3728|8346,3729,2,1,http://www.reactome.org/biopax/96/48895#BiochemicalReaction7600,1,http://www.reactome.org/biopax/96/48895#Catalysis3652,1659
1560,2098|6389|7237,4270|7635,3,2,http://www.reactome.org/biopax/96/48895#BiochemicalReaction4088,1,http://www.reactome.org/biopax/96/48895#Catalysis1812,1660
1561,4083|6298|7305,6309|7311,3,2,http://www.reactome.org/biopax/96/48895#BiochemicalReaction1411,-1,http://www.reactome.org/biopax/96/48895#Control135,1661
1562,4464|5082|5083,4481|5084,3,2,http://www.reactome.org/biopax/96/48895#BiochemicalReaction6855,-1,http://www.reactome.org/biopax/96/48895#Control618,1662
1563,6516|7537|9672,7493|9673,3,2,http://www.reactome.org/biopax/96/48895#BiochemicalReaction7301,1,http://www.reactome.org/biopax/96/48895#Catalysis3360,1663
1564,264|8868|9300,8875|9301,3,2,http://www.reactome.org/biopax/96/48895#BiochemicalReaction8633,1,http://www.reactome.org/biopax/96/48895#Catalysis4627,1665
1565,8120|8734|9624|9667,7551|8708|9148,4,3,http://www.reactome.org/biopax/96/48895#BiochemicalReaction8529,-1,http://www.reactome.org/biopax/96/48895#Control831,1666
1566,5988|8054|8136|8152,8138|8139|8154,4,3,http://www.reactome.org/biopax/96/48895#BiochemicalReaction7360,1,http://www.reactome.org/biopax/96/48895#Catalysis3417,1667
1567,1821|1829|6279,1832,3,1,http://www.reactome.org/biopax/96/48895#BiochemicalReaction3437,-1,http://www.reactome.org/biopax/96/48895#Control315,1668
1568,2549|7237|9410,7288|7635,3,2,http://www.reactome.org/biopax/96/48895#BiochemicalReaction4884,1,http://www.reactome.org/biopax/96/48895#Catalysis2076,1669
1569,2011|4235|4236|7182,2010,4,1,http://www.reactome.org/biopax/96/48895#BiochemicalReaction3827,-1,http://www.reactome.org/biopax/96/48895#Control357,1670
1570,206|7449|9084|9481,9081|9085|9480,4,3,http://www.reactome.org/biopax/96/48895#BiochemicalReaction8457,1,http://www.reactome.org/biopax/96/48895#Catalysis4458,1671
1571,3608,719,1,1,http://www.reactome.org/biopax/96/48895#BiochemicalReaction7192,1,http://www.reactome.org/biopax/96/48895#Catalysis3260,1672
1572,2525|6302|7305,6304|7311,3,2,http://www.reactome.org/biopax/96/48895#BiochemicalReaction1413,1,http://www.reactome.org/biopax/96/48895#Catalysis603,1673
1573,194|8945|9565,7897|7949|8440|9059,3,4,http://www.reactome.org/biopax/96/48895#BiochemicalReaction8430,1,http://www.reactome.org/biopax/96/48895#Catalysis4431,1674
1574,2722|5895,4905|5900,2,2,http://www.reactome.org/biopax/96/48895#BiochemicalReaction6591,1,http://www.reactome.org/biopax/96/48895#Catalysis2785,1675
1575,1705|3971|9559,3971,3,1,http://www.reactome.org/biopax/96/48895#BiochemicalReaction317,1,http://www.reactome.org/biopax/96/48895#Catalysis112,1676
1576,3366|9565,3368|4160,2,2,http://www.reactome.org/biopax/96/48895#BiochemicalReaction6700,1,http://www.reactome.org/biopax/96/48895#Catalysis2887,1677
1577,5859|7551|8691|9383,9384,4,1,http://www.reactome.org/biopax/96/48895#BiochemicalReaction8857,1,http://www.reactome.org/biopax/96/48895#Catalysis4753,1678
1578,2338|7237,2339|7635,2,2,http://www.reactome.org/biopax/96/48895#BiochemicalReaction4565,1,http://www.reactome.org/biopax/96/48895#Catalysis1961,1679
1579,118|8953|9677,8671|9667|9676,3,3,http://www.reactome.org/biopax/96/48895#BiochemicalReaction8303,1,http://www.reactome.org/biopax/96/48895#Catalysis4304,1680
1580,1977|7573|9565,7558|7561|7562,3,3,http://www.reactome.org/biopax/96/48895#BiochemicalReaction3731,1,http://www.reactome.org/biopax/96/48895#Catalysis1716,1681
1581,4290|9410|9565,9538|9541,3,2,http://www.reactome.org/biopax/96/48895#BiochemicalReaction3105,1,http://www.reactome.org/biopax/96/48895#Catalysis1476,1682
1582,3996|7949|8431|9644,8433|9633,4,2,http://www.reactome.org/biopax/96/48895#BiochemicalReaction7688,1,http://www.reactome.org/biopax/96/48895#Catalysis3736,1683
1583,387|5840,3243,2,1,http://www.reactome.org/biopax/96/48895#BiochemicalReaction8855,1,http://www.reactome.org/biopax/96/48895#Control903,1684
1584,3633|7508|7641,8016,3,1,http://www.reactome.org/biopax/96/48895#BiochemicalReaction7257,1,http://www.reactome.org/biopax/96/48895#Catalysis3316,1685
1585,5874|9389,7654,2,1,http://www.reactome.org/biopax/96/48895#BiochemicalReaction8892,1,http://www.reactome.org/biopax/96/48895#Catalysis4769,1687
1586,4582|4583|7237,4584|7635,3,2,http://www.reactome.org/biopax/96/48895#BiochemicalReaction5965,1,http://www.reactome.org/biopax/96/48895#Catalysis2446,1688
1587,3617|7985|9485|9667,7986|9486,4,2,http://www.reactome.org/biopax/96/48895#BiochemicalReaction7219,1,http://www.reactome.org/biopax/96/48895#Catalysis3285,1689
1588,1259|9565|9612,7497|7498,3,2,http://www.reactome.org/biopax/96/48895#BiochemicalReaction2474,1,http://www.reactome.org/biopax/96/48895#Catalysis1148,1690
1589,139|9039|9429,7546|9040|9565,3,3,http://www.reactome.org/biopax/96/48895#BiochemicalReaction8412,1,http://www.reactome.org/biopax/96/48895#Catalysis4413,1691
1590,2842|4454|9529,2838,3,1,http://www.reactome.org/biopax/96/48895#BiochemicalReaction5385,-1,http://www.reactome.org/biopax/96/48895#Control491,1692
1591,626|631|9546,630|9550,3,2,http://www.reactome.org/biopax/96/48895#BiochemicalReaction1035,1,http://www.reactome.org/biopax/96/48895#Catalysis449,1693
1592,5274|7237|7941,7635|7937,3,2,http://www.reactome.org/biopax/96/48895#BiochemicalReaction7174,1,http://www.reactome.org/biopax/96/48895#Catalysis3242,1694
1593,1347|5415,1345|1348,2,2,http://www.reactome.org/biopax/96/48895#BiochemicalReaction2631,1,http://www.reactome.org/biopax/96/48895#Catalysis1230,1695
1594,5507|8179|8538,7949|8199|9443,3,3,http://www.reactome.org/biopax/96/48895#BiochemicalReaction7779,1,http://www.reactome.org/biopax/96/48895#Control718,1696
1595,6588|7537,7493,2,1,http://www.reactome.org/biopax/96/48895#BiochemicalReaction2081,-1,http://www.reactome.org/biopax/96/48895#Control196,1697
1596,1337|6180|9546,6181|9550,3,2,http://www.reactome.org/biopax/96/48895#BiochemicalReaction2747,1,http://www.reactome.org/biopax/96/48895#Catalysis1295,1698
1597,1604|9546,1605|9550|9596,2,3,http://www.reactome.org/biopax/96/48895#BiochemicalReaction3015,1,http://www.reactome.org/biopax/96/48895#Catalysis1434,1699
1598,3157|7237|9414,7635|7666,3,2,http://www.reactome.org/biopax/96/48895#BiochemicalReaction6150,1,http://www.reactome.org/biopax/96/48895#Catalysis2515,1700
1599,1472,1473|7515,1,2,http://www.reactome.org/biopax/96/48895#BiochemicalReaction2840,1,http://www.reactome.org/biopax/96/48895#Catalysis1352,1702
1600,6901|7165,7216|7221,2,2,http://www.reactome.org/biopax/96/48895#BiochemicalReaction249,1,http://www.reactome.org/biopax/96/48895#Catalysis97,1703
1601,2722|4318,4990|5900,2,2,http://www.reactome.org/biopax/96/48895#BiochemicalReaction6664,1,http://www.reactome.org/biopax/96/48895#Catalysis2857,1704
1602,6074|8782|9565,7949|8781|9655,3,3,http://www.reactome.org/biopax/96/48895#BiochemicalReaction8106,1,http://www.reactome.org/biopax/96/48895#Catalysis4114,1705
1603,4023|7583|8026|8489|8747,8027|8467|9223,5,3,http://www.reactome.org/biopax/96/48895#BiochemicalReaction8580,1,http://www.reactome.org/biopax/96/48895#Catalysis4577,1706
1604,2939|7305,2942|7311,2,2,http://www.reactome.org/biopax/96/48895#BiochemicalReaction519,1,http://www.reactome.org/biopax/96/48895#Catalysis205,1707
1605,3929|4756|9510,7692|7695,3,2,http://www.reactome.org/biopax/96/48895#BiochemicalReaction6455,1,http://www.reactome.org/biopax/96/48895#Catalysis2657,1708
1606,5018|7237,3739|7635,2,2,http://www.reactome.org/biopax/96/48895#BiochemicalReaction53,1,http://www.reactome.org/biopax/96/48895#Catalysis21,1709
1607,3011|7846|8179|9565,7949|8199|9527,4,3,http://www.reactome.org/biopax/96/48895#BiochemicalReaction8602,1,http://www.reactome.org/biopax/96/48895#Catalysis4598,1710
1608,1937|7189|9507,7192,3,1,http://www.reactome.org/biopax/96/48895#BiochemicalReaction3656,1,http://www.reactome.org/biopax/96/48895#Catalysis1687,1711
1609,2455|7237,2457|7635,2,2,http://www.reactome.org/biopax/96/48895#BiochemicalReaction4764,1,http://www.reactome.org/biopax/96/48895#Catalysis2025,1713
1610,5690|7949|8290,9120|9517,3,2,http://www.reactome.org/biopax/96/48895#BiochemicalReaction8494,1,http://www.reactome.org/biopax/96/48895#Catalysis4494,1714
1611,4140|7208,3904,2,1,http://www.reactome.org/biopax/96/48895#BiochemicalReaction238,1,http://www.reactome.org/biopax/96/48895#Catalysis86,1715
1612,3389|9565,3390|4161,2,2,http://www.reactome.org/biopax/96/48895#BiochemicalReaction6714,1,http://www.reactome.org/biopax/96/48895#Catalysis2898,1716
1613,6452|9451|9458,7556|9563|9569,3,3,http://www.reactome.org/biopax/96/48895#BiochemicalReaction1779,1,http://www.reactome.org/biopax/96/48895#Catalysis740,1717
1614,287|7556|9601,7433|9451,3,2,http://www.reactome.org/biopax/96/48895#BiochemicalReaction8696,1,http://www.reactome.org/biopax/96/48895#Catalysis4690,1718
1615,555|7423,7238,2,1,http://www.reactome.org/biopax/96/48895#BiochemicalReaction840,1,http://www.reactome.org/biopax/96/48895#Catalysis333,1719
1616,7619|7810|8691|9512,7811|9446|9558|9667,4,4,http://www.reactome.org/biopax/96/48895#BiochemicalReaction6956,-1,http://www.reactome.org/biopax/96/48895#Control650,1720
1617,4532|8026|8489|8747|9233,8027|8467|9234,5,3,http://www.reactome.org/biopax/96/48895#BiochemicalReaction8586,1,http://www.reactome.org/biopax/96/48895#Catalysis4583,1721
1618,3870|8079,3871|9487,2,2,http://www.reactome.org/biopax/96/48895#BiochemicalReaction7991,1,http://www.reactome.org/biopax/96/48895#Catalysis4007,1722
1619,3170|7237,4654|6759|7635,2,3,http://www.reactome.org/biopax/96/48895#BiochemicalReaction6170,1,http://www.reactome.org/biopax/96/48895#Catalysis2526,1723
1620,140|7279|9512,7541|7619,3,2,http://www.reactome.org/biopax/96/48895#BiochemicalReaction8335,1,http://www.reactome.org/biopax/96/48895#Catalysis4336,1724
1621,3565|7839|7840,7816|7841,3,2,http://www.reactome.org/biopax/96/48895#BiochemicalReaction7010,1,http://www.reactome.org/biopax/96/48895#Catalysis3089,1725
1622,5641|9571,104,2,1,http://www.reactome.org/biopax/96/48895#BiochemicalReaction8274,1,http://www.reactome.org/biopax/96/48895#Catalysis4278,1726
1623,2085|2090|7237,2091|7635,3,2,http://www.reactome.org/biopax/96/48895#BiochemicalReaction4077,1,http://www.reactome.org/biopax/96/48895#Catalysis1806,1727
1624,5400|8259|9444,8260|8262,3,2,http://www.reactome.org/biopax/96/48895#BiochemicalReaction7495,1,http://www.reactome.org/biopax/96/48895#Catalysis3552,1728
1625,3202,3194|3203|5415|7134,1,4,http://www.reactome.org/biopax/96/48895#BiochemicalReaction6266,1,http://www.reactome.org/biopax/96/48895#Catalysis2570,1729
1626,841|6351|9546|9587,841|9515|9550|9596,4,4,http://www.reactome.org/biopax/96/48895#BiochemicalReaction1492,1,http://www.reactome.org/biopax/96/48895#Catalysis639,1730
1627,6803|6804|9587,6805|9596,3,2,http://www.reactome.org/biopax/96/48895#BiochemicalReaction2635,1,http://www.reactome.org/biopax/96/48895#Control261,1731
1628,2872|9410|9565,9538|9541,3,2,http://www.reactome.org/biopax/96/48895#BiochemicalReaction5520,1,http://www.reactome.org/biopax/96/48895#Catalysis2265,1732
1629,1067|1068,6627|6628|7453,2,3,http://www.reactome.org/biopax/96/48895#BiochemicalReaction2166,1,http://www.reactome.org/biopax/96/48895#Control223,1733
1630,3745|3752|7626,3728|7857|8348|8360,3,4,http://www.reactome.org/biopax/96/48895#BiochemicalReaction7617,1,http://www.reactome.org/biopax/96/48895#Catalysis3669,1734
1631,5627|7505|8290,8420|9666,3,2,http://www.reactome.org/biopax/96/48895#BiochemicalReaction8230,1,http://www.reactome.org/biopax/96/48895#Catalysis4237,1735
1632,1819|6167|7237,1820|7046|7635,3,3,http://www.reactome.org/biopax/96/48895#BiochemicalReaction3412,1,http://www.reactome.org/biopax/96/48895#Catalysis1569,1736
1633,6117|6646|7237,6116|7635,3,2,http://www.reactome.org/biopax/96/48895#BiochemicalReaction3102,1,http://www.reactome.org/biopax/96/48895#Catalysis1475,1737
1634,384|5844|5852,3244|5844|5845|5846|5847|5848|5849|5850|5851|6797|6798,3,11,http://www.reactome.org/biopax/96/48895#BiochemicalReaction8853,1,http://www.reactome.org/biopax/96/48895#Control894,1738
1635,2489|7237,2493|7635,2,2,http://www.reactome.org/biopax/96/48895#BiochemicalReaction4809,1,http://www.reactome.org/biopax/96/48895#Catalysis2043,1739
1636,3589|7626|7881,7855|7882,3,2,http://www.reactome.org/biopax/96/48895#BiochemicalReaction7105,1,http://www.reactome.org/biopax/96/48895#Catalysis3173,1741
1637,597|7237|8733,7635|8735,3,2,http://www.reactome.org/biopax/96/48895#BiochemicalReaction8063,1,http://www.reactome.org/biopax/96/48895#Catalysis4071,1742
1638,3004|4525|4526,3005,3,1,http://www.reactome.org/biopax/96/48895#BiochemicalReaction5777,1,http://www.reactome.org/biopax/96/48895#Control527,1743
1639,956|7269|7537|9500,7268|7493|9499,4,3,http://www.reactome.org/biopax/96/48895#BiochemicalReaction1963,1,http://www.reactome.org/biopax/96/48895#Catalysis901,1745
1640,4038|8290|8349,8420|8518,3,2,http://www.reactome.org/biopax/96/48895#BiochemicalReaction97,1,http://www.reactome.org/biopax/96/48895#Catalysis31,1746
1641,831|6336|7305,6337|7311,3,2,http://www.reactome.org/biopax/96/48895#BiochemicalReaction1434,1,http://www.reactome.org/biopax/96/48895#Catalysis622,1747
1642,2424|7237|9410,7288|7635,3,2,http://www.reactome.org/biopax/96/48895#BiochemicalReaction4725,1,http://www.reactome.org/biopax/96/48895#Catalysis2005,1749
1643,6305|6307|9433|9434,6304|9435|9436|9513,4,4,http://www.reactome.org/biopax/96/48895#BiochemicalReaction1399,1,http://www.reactome.org/biopax/96/48895#Catalysis589,1750
1644,4782|7378|7730,7377|7731,3,2,http://www.reactome.org/biopax/96/48895#BiochemicalReaction6487,1,http://www.reactome.org/biopax/96/48895#Catalysis2689,1752
1645,3876|5570|5571|7434,3877,4,1,http://www.reactome.org/biopax/96/48895#BiochemicalReaction7998,1,http://www.reactome.org/biopax/96/48895#Catalysis4013,1753
1646,2151|2400|9546,2398|9550,3,2,http://www.reactome.org/biopax/96/48895#BiochemicalReaction447,1,http://www.reactome.org/biopax/96/48895#Catalysis174,1754
1647,1337|6825|9546,6826|9550,3,2,http://www.reactome.org/biopax/96/48895#BiochemicalReaction2677,1,http://www.reactome.org/biopax/96/48895#Catalysis1257,1755
1648,4194|7237,4195|7635,2,2,http://www.reactome.org/biopax/96/48895#BiochemicalReaction5126,1,http://www.reactome.org/biopax/96/48895#Catalysis2185,1756
1649,2823|7237,2825|7635,2,2,http://www.reactome.org/biopax/96/48895#BiochemicalReaction5272,1,http://www.reactome.org/biopax/96/48895#Catalysis2237,1757
1650,5096|9577,4463,2,1,http://www.reactome.org/biopax/96/48895#BiochemicalReaction6876,1,http://www.reactome.org/biopax/96/48895#Control630,1758
1651,3544|9615,5161|5162,2,2,http://www.reactome.org/biopax/96/48895#BiochemicalReaction6971,-1,http://www.reactome.org/biopax/96/48895#Control658,1759
1652,4123|6579|9431,1024,3,1,http://www.reactome.org/biopax/96/48895#BiochemicalReaction2059,1,http://www.reactome.org/biopax/96/48895#Control188,1760
1653,2319|2323|2324,2325,3,1,http://www.reactome.org/biopax/96/48895#BiochemicalReaction4534,-1,http://www.reactome.org/biopax/96/48895#Control418,1762
1654,3121|4641|9070,3122|7507,3,2,http://www.reactome.org/biopax/96/48895#BiochemicalReaction6064,1,http://www.reactome.org/biopax/96/48895#Catalysis2494,1763
1655,2793|7237,2794|7635,2,2,http://www.reactome.org/biopax/96/48895#BiochemicalReaction5227,1,http://www.reactome.org/biopax/96/48895#Catalysis2223,1766
1656,6485|9643,8966,2,1,http://www.reactome.org/biopax/96/48895#BiochemicalReaction1858,1,http://www.reactome.org/biopax/96/48895#Catalysis797,1767
1657,2722|5196,4971|5900,2,2,http://www.reactome.org/biopax/96/48895#BiochemicalReaction6643,1,http://www.reactome.org/biopax/96/48895#Catalysis2838,1768
1658,2722|4884|6896,4885|5900,3,2,http://www.reactome.org/biopax/96/48895#BiochemicalReaction6577,1,http://www.reactome.org/biopax/96/48895#Catalysis2771,1769
1659,775|3197|3200,3199,3,1,http://www.reactome.org/biopax/96/48895#BiochemicalReaction6241,1,http://www.reactome.org/biopax/96/48895#Control580,1771
1660,1866|9565,4822|4960|5415,2,3,http://www.reactome.org/biopax/96/48895#BiochemicalReaction345,1,http://www.reactome.org/biopax/96/48895#Catalysis115,1772
1661,1882|7237|9410,7288|7635,3,2,http://www.reactome.org/biopax/96/48895#BiochemicalReaction3583,1,http://www.reactome.org/biopax/96/48895#Catalysis1647,1773
1662,3405|9565,3406|3907,2,2,http://www.reactome.org/biopax/96/48895#BiochemicalReaction6723,1,http://www.reactome.org/biopax/96/48895#Catalysis2906,1774
1663,2722|7013,5900|7014,2,2,http://www.reactome.org/biopax/96/48895#BiochemicalReaction3370,1,http://www.reactome.org/biopax/96/48895#Catalysis1551,1775
1664,2648|6141,522|2651,2,2,http://www.reactome.org/biopax/96/48895#BiochemicalReaction5025,1,http://www.reactome.org/biopax/96/48895#Catalysis2135,1776
1665,1563|9546,1560|1562|5588|6750|9550,2,5,http://www.reactome.org/biopax/96/48895#BiochemicalReaction2962,1,http://www.reactome.org/biopax/96/48895#Catalysis1412,1777
1666,1002|6119|7237,397|7635,3,2,http://www.reactome.org/biopax/96/48895#BiochemicalReaction8872,1,http://www.reactome.org/biopax/96/48895#Catalysis4759,1778
1667,5588|6732|9546,6733|9550,3,2,http://www.reactome.org/biopax/96/48895#BiochemicalReaction2497,1,http://www.reactome.org/biopax/96/48895#Catalysis1157,1779
1668,5451|7396|8341,7775|8342|9632,3,3,http://www.reactome.org/biopax/96/48895#BiochemicalReaction7593,1,http://www.reactome.org/biopax/96/48895#Catalysis3647,1780
1669,3798|8120|8567,7623|8108,3,2,http://www.reactome.org/biopax/96/48895#BiochemicalReaction7824,1,http://www.reactome.org/biopax/96/48895#Catalysis3864,1781
1670,3074|5415,3075,2,1,http://www.reactome.org/biopax/96/48895#BiochemicalReaction5932,1,http://www.reactome.org/biopax/96/48895#Catalysis2429,1782
1671,574|7800|8150,8141|8160,3,2,http://www.reactome.org/biopax/96/48895#BiochemicalReaction886,1,http://www.reactome.org/biopax/96/48895#Catalysis349,1783
1672,4551|4553|9565,3907|4552,3,2,http://www.reactome.org/biopax/96/48895#BiochemicalReaction5874,1,http://www.reactome.org/biopax/96/48895#Catalysis2407,1784
1673,3032|6741,4844,2,1,http://www.reactome.org/biopax/96/48895#BiochemicalReaction2505,1,http://www.reactome.org/biopax/96/48895#Catalysis1165,1785
1674,2975|2976|9546,2977|9550,3,2,http://www.reactome.org/biopax/96/48895#BiochemicalReaction5701,1,http://www.reactome.org/biopax/96/48895#Catalysis2340,1786
1675,3467|7554,3468|7555,2,2,http://www.reactome.org/biopax/96/48895#BiochemicalReaction6840,1,http://www.reactome.org/biopax/96/48895#Catalysis2962,1787
1676,3541|7818,7816|7817,2,2,http://www.reactome.org/biopax/96/48895#BiochemicalReaction6982,1,http://www.reactome.org/biopax/96/48895#Catalysis3061,1788
1677,37|8844,38|9432,2,2,http://www.reactome.org/biopax/96/48895#BiochemicalReaction8152,1,http://www.reactome.org/biopax/96/48895#Catalysis4160,1789
1678,4171|4214|7237,4215|7635,3,2,http://www.reactome.org/biopax/96/48895#BiochemicalReaction3783,1,http://www.reactome.org/biopax/96/48895#Catalysis1726,1790
1679,815|3905|9070,1750|7507,3,2,http://www.reactome.org/biopax/96/48895#BiochemicalReaction6289,1,http://www.reactome.org/biopax/96/48895#Catalysis2580,1791
1680,1893|1894|7237,1895|7635,3,2,http://www.reactome.org/biopax/96/48895#BiochemicalReaction3599,1,http://www.reactome.org/biopax/96/48895#Catalysis1655,1792
1681,1871|7237,1872|7635,2,2,http://www.reactome.org/biopax/96/48895#BiochemicalReaction3562,1,http://www.reactome.org/biopax/96/48895#Catalysis1639,1793
1682,1879|7171|7237,1880|7635,3,2,http://www.reactome.org/biopax/96/48895#BiochemicalReaction3574,-1,http://www.reactome.org/biopax/96/48895#Control332,1794
1683,5491|7237|7580|8488,7545|8228|8490|9565,4,4,http://www.reactome.org/biopax/96/48895#BiochemicalReaction7729,1,http://www.reactome.org/biopax/96/48895#Catalysis3777,1795
1684,4048|7237|8897|9565,7635|8904|9655,4,3,http://www.reactome.org/biopax/96/48895#BiochemicalReaction918,1,http://www.reactome.org/biopax/96/48895#Catalysis379,1796
1685,5259|7889|7949|9644,7890|9633,4,2,http://www.reactome.org/biopax/96/48895#BiochemicalReaction7109,1,http://www.reactome.org/biopax/96/48895#Catalysis3177,1797
1686,3859|3872,3862|3873|5567,2,3,http://www.reactome.org/biopax/96/48895#BiochemicalReaction7995,1,http://www.reactome.org/biopax/96/48895#Catalysis4011,1798
1687,3864|3866|5140|5560|8678,3867|3868|5557,5,3,http://www.reactome.org/biopax/96/48895#BiochemicalReaction7981,1,http://www.reactome.org/biopax/96/48895#Control758,1799
1688,91|8912|9446|9558,8691|8907|8911,4,3,http://www.reactome.org/biopax/96/48895#BiochemicalReaction8263,1,http://www.reactome.org/biopax/96/48895#Catalysis4268,1800
1689,4168|6946,6696|7006,2,2,http://www.reactome.org/biopax/96/48895#BiochemicalReaction213,1,http://www.reactome.org/biopax/96/48895#Catalysis62,1801
1690,97|8290|9070|9565,7278|8228|8919|8920,4,4,http://www.reactome.org/biopax/96/48895#BiochemicalReaction8265,1,http://www.reactome.org/biopax/96/48895#Catalysis4270,1802
1691,6296|6297,6290|9513,2,2,http://www.reactome.org/biopax/96/48895#BiochemicalReaction1392,1,http://www.reactome.org/biopax/96/48895#Catalysis582,1803
1692,3289|7401|7685,7507|7686,3,2,http://www.reactome.org/biopax/96/48895#BiochemicalReaction6449,1,http://www.reactome.org/biopax/96/48895#Catalysis2651,1804
1693,3701|5409,3702,2,1,http://www.reactome.org/biopax/96/48895#BiochemicalReaction7516,1,http://www.reactome.org/biopax/96/48895#Catalysis3573,1805
1694,745|7507,747|9070,2,2,http://www.reactome.org/biopax/96/48895#BiochemicalReaction1199,1,http://www.reactome.org/biopax/96/48895#Catalysis524,1806
1695,165|9022,9023|9565,2,2,http://www.reactome.org/biopax/96/48895#BiochemicalReaction8385,1,http://www.reactome.org/biopax/96/48895#Catalysis4386,1807
1696,5488|8179|8427,7949|8199|8429,3,3,http://www.reactome.org/biopax/96/48895#BiochemicalReaction7684,1,http://www.reactome.org/biopax/96/48895#Catalysis3732,1808
1697,1812|7154,7047|7155,2,2,http://www.reactome.org/biopax/96/48895#BiochemicalReaction3532,1,http://www.reactome.org/biopax/96/48895#Catalysis1628,1809
1698,3620|7583|8747,7993,3,1,http://www.reactome.org/biopax/96/48895#BiochemicalReaction7226,1,http://www.reactome.org/biopax/96/48895#Catalysis3288,1810
1699,364|366|9565,365|7545,3,2,http://www.reactome.org/biopax/96/48895#BiochemicalReaction8838,1,http://www.reactome.org/biopax/96/48895#Catalysis4742,1811
1700,5048|6143|8290,5047|8420,3,2,http://www.reactome.org/biopax/96/48895#BiochemicalReaction6804,1,http://www.reactome.org/biopax/96/48895#Catalysis2943,1812
1701,7660|7810|8691|9512,7811|9446|9558|9667,4,4,http://www.reactome.org/biopax/96/48895#BiochemicalReaction6956,1,http://www.reactome.org/biopax/96/48895#Control651,1813
1702,1296|5970|9546,6760|9550,3,2,http://www.reactome.org/biopax/96/48895#BiochemicalReaction2547,-1,http://www.reactome.org/biopax/96/48895#Control257,1814
1703,4026|8026|8489|8747|9238,8027|8467|9239,5,3,http://www.reactome.org/biopax/96/48895#BiochemicalReaction8591,1,http://www.reactome.org/biopax/96/48895#Catalysis4588,1815
1704,5501|7537|9564,7493|9678,3,2,http://www.reactome.org/biopax/96/48895#BiochemicalReaction7755,1,http://www.reactome.org/biopax/96/48895#Catalysis3799,1816
1705,1049|7572|9600,9472|9601,3,2,http://www.reactome.org/biopax/96/48895#BiochemicalReaction2113,1,http://www.reactome.org/biopax/96/48895#Catalysis1019,1817
1706,3314|5189|7385,5190|7557|9632,3,3,http://www.reactome.org/biopax/96/48895#BiochemicalReaction7041,1,http://www.reactome.org/biopax/96/48895#Catalysis3119,1818
1707,2507|7237,2508|7635,2,2,http://www.reactome.org/biopax/96/48895#BiochemicalReaction4832,1,http://www.reactome.org/biopax/96/48895#Catalysis2053,1819
1708,3321|4866|7789,4867|7557|9632,3,3,http://www.reactome.org/biopax/96/48895#BiochemicalReaction6564,1,http://www.reactome.org/biopax/96/48895#Catalysis2758,1820
1709,968|9597,9577,2,1,http://www.reactome.org/biopax/96/48895#BiochemicalReaction1975,1,http://www.reactome.org/biopax/96/48895#Catalysis911,1821
1710,3846|7257,8669,2,1,http://www.reactome.org/biopax/96/48895#BiochemicalReaction7960,-1,http://www.reactome.org/biopax/96/48895#Control744,1822
1711,3344|3487|9559,2400|3357|3367|3490|7365,3,5,http://www.reactome.org/biopax/96/48895#BiochemicalReaction608,1,http://www.reactome.org/biopax/96/48895#Catalysis222,1823
1712,3754|9545|9565,7574|7949|9548,3,3,http://www.reactome.org/biopax/96/48895#BiochemicalReaction7619,1,http://www.reactome.org/biopax/96/48895#Catalysis3671,1824
1713,547|7423,7238,2,1,http://www.reactome.org/biopax/96/48895#BiochemicalReaction829,1,http://www.reactome.org/biopax/96/48895#Catalysis325,1825
1714,1613,1492|1575|1602|1603|1615|4150|6890|6891|6899,1,9,http://www.reactome.org/biopax/96/48895#BiochemicalReaction3024,1,http://www.reactome.org/biopax/96/48895#Catalysis1439,1826
1715,3523|7237|7372,3524|7635|7949,3,3,http://www.reactome.org/biopax/96/48895#BiochemicalReaction6947,1,http://www.reactome.org/biopax/96/48895#Control645,1827
1716,5089|5092|9451,4451,3,1,http://www.reactome.org/biopax/96/48895#BiochemicalReaction6865,1,http://www.reactome.org/biopax/96/48895#Catalysis2982,1828
1717,4804|7770,7767|7768,2,2,http://www.reactome.org/biopax/96/48895#BiochemicalReaction6517,1,http://www.reactome.org/biopax/96/48895#Catalysis2717,1830
1718,3578|7626|7854,7855|7856,3,2,http://www.reactome.org/biopax/96/48895#BiochemicalReaction7047,1,http://www.reactome.org/biopax/96/48895#Catalysis3123,1831
1719,4311|8552,3790,2,1,http://www.reactome.org/biopax/96/48895#BiochemicalReaction7806,1,http://www.reactome.org/biopax/96/48895#Catalysis3847,1832
1720,242|9157|9474|9669,9160|9161|9503,4,3,http://www.reactome.org/biopax/96/48895#BiochemicalReaction8535,1,http://www.reactome.org/biopax/96/48895#Catalysis4534,1833
1721,680|681,682|9655,2,2,http://www.reactome.org/biopax/96/48895#BiochemicalReaction1097,1,http://www.reactome.org/biopax/96/48895#Control87,1834
1722,5316|7508|8579,8580,3,1,http://www.reactome.org/biopax/96/48895#BiochemicalReaction7833,1,http://www.reactome.org/biopax/96/48895#Catalysis3873,1835
1723,1019|7237|7949|9565,7409|7635|9655,4,3,http://www.reactome.org/biopax/96/48895#BiochemicalReaction2050,1,http://www.reactome.org/biopax/96/48895#Catalysis973,1836
1724,6049|7430,7372,2,1,http://www.reactome.org/biopax/96/48895#BiochemicalReaction2098,-1,http://www.reactome.org/biopax/96/48895#Control211,1837
1725,189|7237|9073|9565,8228|9074|9655,4,3,http://www.reactome.org/biopax/96/48895#BiochemicalReaction8446,1,http://www.reactome.org/biopax/96/48895#Catalysis4447,1838
1726,1233|6703|9070,1234|6701|7507,3,3,http://www.reactome.org/biopax/96/48895#BiochemicalReaction2433,1,http://www.reactome.org/biopax/96/48895#Catalysis1135,1839
1727,2950|5415,2951,2,1,http://www.reactome.org/biopax/96/48895#BiochemicalReaction5661,1,http://www.reactome.org/biopax/96/48895#Catalysis2324,1840
1728,6457|9582,9593,2,1,http://www.reactome.org/biopax/96/48895#BiochemicalReaction1796,1,http://www.reactome.org/biopax/96/48895#Catalysis755,1841
1729,2748|7237,2749|7635,2,2,http://www.reactome.org/biopax/96/48895#BiochemicalReaction5170,1,http://www.reactome.org/biopax/96/48895#Catalysis2200,1842
1730,5511|7508|7949|9443|9644,7949|8397|8540|9565|9633,5,5,http://www.reactome.org/biopax/96/48895#BiochemicalReaction7788,1,http://www.reactome.org/biopax/96/48895#Catalysis3831,1843
1731,3913|4562|7237,4565|7635,3,2,http://www.reactome.org/biopax/96/48895#BiochemicalReaction5923,1,http://www.reactome.org/biopax/96/48895#Catalysis2423,1844
1732,3171,1706|4654|9655,1,3,http://www.reactome.org/biopax/96/48895#BiochemicalReaction6172,1,http://www.reactome.org/biopax/96/48895#Catalysis2527,1845
1733,6287|6646|7237,6126|7635,3,2,http://www.reactome.org/biopax/96/48895#BiochemicalReaction2226,1,http://www.reactome.org/biopax/96/48895#Catalysis1065,1846
1734,47|7237|8854|8945,7545|7949|8228|8855,4,4,http://www.reactome.org/biopax/96/48895#BiochemicalReaction8168,1,http://www.reactome.org/biopax/96/48895#Catalysis4176,1847
1735,6308|6309|9433|9434,6298|9435|9436|9513,4,4,http://www.reactome.org/biopax/96/48895#BiochemicalReaction1401,1,http://www.reactome.org/biopax/96/48895#Catalysis591,1849
1736,201|8636|9421,7276|7949|8639|9423,3,4,http://www.reactome.org/biopax/96/48895#BiochemicalReaction8447,1,http://www.reactome.org/biopax/96/48895#Catalysis4448,1850
1737,1978|4165|9565,7558|7561|7562,3,3,http://www.reactome.org/biopax/96/48895#BiochemicalReaction3733,1,http://www.reactome.org/biopax/96/48895#Catalysis1718,1851
1738,5491|7237|7580|8444,7545|8228|8445,4,3,http://www.reactome.org/biopax/96/48895#BiochemicalReaction7698,1,http://www.reactome.org/biopax/96/48895#Catalysis3746,1852
1739,1679|7237,1704|7635,2,2,http://www.reactome.org/biopax/96/48895#BiochemicalReaction14,1,http://www.reactome.org/biopax/96/48895#Catalysis6,1853
1740,2170,1169|2178|4326,1,3,http://www.reactome.org/biopax/96/48895#BiochemicalReaction4245,1,http://www.reactome.org/biopax/96/48895#Catalysis1873,1854
1741,2944|5415,2945,2,1,http://www.reactome.org/biopax/96/48895#BiochemicalReaction5652,1,http://www.reactome.org/biopax/96/48895#Catalysis2319,1855
1742,4054|6106|7237|9565,4053|7635|9655,4,3,http://www.reactome.org/biopax/96/48895#BiochemicalReaction961,1,http://www.reactome.org/biopax/96/48895#Catalysis416,1856
1743,6499|7537|7572,7493|9472,3,2,http://www.reactome.org/biopax/96/48895#BiochemicalReaction1873,1,http://www.reactome.org/biopax/96/48895#Catalysis812,1857
1744,1828|6279|7237,1829|7635,3,2,http://www.reactome.org/biopax/96/48895#BiochemicalReaction3435,-1,http://www.reactome.org/biopax/96/48895#Control313,1858
1745,1967|4164|7237,1968|4163|7545|8228,3,4,http://www.reactome.org/biopax/96/48895#BiochemicalReaction3698,1,http://www.reactome.org/biopax/96/48895#Catalysis1704,1859
1746,2129|2808,2130|5415,2,2,http://www.reactome.org/biopax/96/48895#BiochemicalReaction4143,1,http://www.reactome.org/biopax/96/48895#Catalysis1839,1860
1747,3142|9433|9434,3143|6251|9435|9436|9513,3,5,http://www.reactome.org/biopax/96/48895#BiochemicalReaction6108,1,http://www.reactome.org/biopax/96/48895#Catalysis2507,1861
1748,7659|9483,8660|8661|9667,2,3,http://www.reactome.org/biopax/96/48895#BiochemicalReaction7947,1,http://www.reactome.org/biopax/96/48895#Control741,1862
1749,4598|7237|7490,7635|9410,3,2,http://www.reactome.org/biopax/96/48895#BiochemicalReaction5984,1,http://www.reactome.org/biopax/96/48895#Catalysis2459,1863
1750,5312|8642|9633,8643|9644,3,2,http://www.reactome.org/biopax/96/48895#BiochemicalReaction7882,1,http://www.reactome.org/biopax/96/48895#Catalysis3922,1864
1751,2983|2984|7237,2985|7635,3,2,http://www.reactome.org/biopax/96/48895#BiochemicalReaction5711,1,http://www.reactome.org/biopax/96/48895#Catalysis2348,1865
1752,4789|7401,7741|9565,2,2,http://www.reactome.org/biopax/96/48895#BiochemicalReaction6494,1,http://www.reactome.org/biopax/96/48895#Catalysis2696,1866
1753,4609|5415|7173,4608,3,1,http://www.reactome.org/biopax/96/48895#BiochemicalReaction5999,1,http://www.reactome.org/biopax/96/48895#Catalysis2467,1867
1754,951|6445|7237,952|7635,3,2,http://www.reactome.org/biopax/96/48895#BiochemicalReaction1726,1,http://www.reactome.org/biopax/96/48895#Catalysis727,1868
1755,3891|7334|8703,7949|8704|9655,3,3,http://www.reactome.org/biopax/96/48895#BiochemicalReaction8036,1,http://www.reactome.org/biopax/96/48895#Catalysis4045,1869
1756,15|8811|9451,8812|9537,3,2,http://www.reactome.org/biopax/96/48895#BiochemicalReaction8125,1,http://www.reactome.org/biopax/96/48895#Catalysis4133,1870
1757,916|921,922|6433,2,2,http://www.reactome.org/biopax/96/48895#BiochemicalReaction1638,-1,http://www.reactome.org/biopax/96/48895#Control171,1871
1758,2260|5594|9546,2312|9550,3,2,http://www.reactome.org/biopax/96/48895#BiochemicalReaction432,1,http://www.reactome.org/biopax/96/48895#Catalysis164,1872
1759,893|7237,894|7635,2,2,http://www.reactome.org/biopax/96/48895#BiochemicalReaction1595,1,http://www.reactome.org/biopax/96/48895#Catalysis683,1873
1760,3930|4763|9451,3931|7494,3,2,http://www.reactome.org/biopax/96/48895#BiochemicalReaction6460,1,http://www.reactome.org/biopax/96/48895#Catalysis2662,1874
1761,5415|7218|7237,3433|8228,3,2,http://www.reactome.org/biopax/96/48895#BiochemicalReaction6756,1,http://www.reactome.org/biopax/96/48895#Catalysis2931,1875
1762,4598|7237|9460,7288|7635,3,2,http://www.reactome.org/biopax/96/48895#BiochemicalReaction7527,1,http://www.reactome.org/biopax/96/48895#Catalysis3584,1876
1763,3576|3735|7626,5457|7878|8353,3,3,http://www.reactome.org/biopax/96/48895#BiochemicalReaction7605,1,http://www.reactome.org/biopax/96/48895#Catalysis3657,1877
1764,3576|3954|7626,7851|7852,3,2,http://www.reactome.org/biopax/96/48895#BiochemicalReaction7029,1,http://www.reactome.org/biopax/96/48895#Catalysis3107,1878
1765,655|6165|9546,656|9550,3,2,http://www.reactome.org/biopax/96/48895#BiochemicalReaction1073,1,http://www.reactome.org/biopax/96/48895#Catalysis469,1879
1766,3588|5240|7789,5242|7557|9632,3,3,http://www.reactome.org/biopax/96/48895#BiochemicalReaction7086,1,http://www.reactome.org/biopax/96/48895#Catalysis3157,1880
1767,563|7423,7238,2,1,http://www.reactome.org/biopax/96/48895#BiochemicalReaction848,1,http://www.reactome.org/biopax/96/48895#Catalysis340,1881
1768,1851|3437,5034|5035|5835,2,3,http://www.reactome.org/biopax/96/48895#BiochemicalReaction6766,1,http://www.reactome.org/biopax/96/48895#Catalysis2934,1882
1769,599|8758|9655,7368|8756,3,2,http://www.reactome.org/biopax/96/48895#BiochemicalReaction8097,1,http://www.reactome.org/biopax/96/48895#Catalysis4105,1883
1770,3746|3747|7626,5457|7878|8357,3,3,http://www.reactome.org/biopax/96/48895#BiochemicalReaction7610,1,http://www.reactome.org/biopax/96/48895#Catalysis3662,1884
1771,6246|7176|7237,7177|7635,3,2,http://www.reactome.org/biopax/96/48895#BiochemicalReaction4382,1,http://www.reactome.org/biopax/96/48895#Catalysis1926,1885
1772,1607|4320|4891,4992|5900,3,2,http://www.reactome.org/biopax/96/48895#BiochemicalReaction6666,1,http://www.reactome.org/biopax/96/48895#Catalysis2859,1886
1773,7372|7430,7372,2,1,http://www.reactome.org/biopax/96/48895#BiochemicalReaction2098,1,http://www.reactome.org/biopax/96/48895#Control213,1887
1774,1250|9565,1251|9655,2,2,http://www.reactome.org/biopax/96/48895#BiochemicalReaction2443,1,http://www.reactome.org/biopax/96/48895#Catalysis1143,1888
1775,5238|7626|7873,7852|7874,3,2,http://www.reactome.org/biopax/96/48895#BiochemicalReaction7084,1,http://www.reactome.org/biopax/96/48895#Catalysis3155,1889
1776,1374|9546,1375|9550,2,2,http://www.reactome.org/biopax/96/48895#BiochemicalReaction2670,1,http://www.reactome.org/biopax/96/48895#Catalysis1251,1890
1777,3515|5150,3517,2,1,http://www.reactome.org/biopax/96/48895#BiochemicalReaction6942,1,http://www.reactome.org/biopax/96/48895#Catalysis3024,1891
1778,5042|6763|7237,6764|7635,3,2,http://www.reactome.org/biopax/96/48895#BiochemicalReaction2560,1,http://www.reactome.org/biopax/96/48895#Catalysis1185,1892
1779,149|8984|9487|9667,8079|8993,4,2,http://www.reactome.org/biopax/96/48895#BiochemicalReaction8351,1,http://www.reactome.org/biopax/96/48895#Catalysis4352,1893
1780,5641|7647,107,2,1,http://www.reactome.org/biopax/96/48895#BiochemicalReaction8277,1,http://www.reactome.org/biopax/96/48895#Catalysis4281,1894
1781,49|7237|8862,7635|8863,3,2,http://www.reactome.org/biopax/96/48895#BiochemicalReaction8178,1,http://www.reactome.org/biopax/96/48895#Catalysis4186,1895
1782,4739|5721|7391,5722|7390,3,2,http://www.reactome.org/biopax/96/48895#BiochemicalReaction8644,1,http://www.reactome.org/biopax/96/48895#Catalysis4638,1896
1783,549|7572,9472,2,1,http://www.reactome.org/biopax/96/48895#BiochemicalReaction831,1,http://www.reactome.org/biopax/96/48895#Catalysis327,1897
1784,2921|7305,2928|7311,2,2,http://www.reactome.org/biopax/96/48895#BiochemicalReaction517,1,http://www.reactome.org/biopax/96/48895#Catalysis203,1898
1785,150|7622|8995|9667,7621|8994,4,2,http://www.reactome.org/biopax/96/48895#BiochemicalReaction8353,1,http://www.reactome.org/biopax/96/48895#Catalysis4354,1899
1786,5598|8845,8846,2,1,http://www.reactome.org/biopax/96/48895#BiochemicalReaction8155,1,http://www.reactome.org/biopax/96/48895#Catalysis4163,1900
1787,618|2808,619|5415,2,2,http://www.reactome.org/biopax/96/48895#BiochemicalReaction1024,1,http://www.reactome.org/biopax/96/48895#Catalysis446,1902
1788,2001|5415,4161,2,1,http://www.reactome.org/biopax/96/48895#BiochemicalReaction4231,1,http://www.reactome.org/biopax/96/48895#Catalysis1864,1903
1789,964|9451|9569,7556|9563|9567,3,3,http://www.reactome.org/biopax/96/48895#BiochemicalReaction1778,1,http://www.reactome.org/biopax/96/48895#Catalysis739,1904
1790,5322|7508|7949|8539|9644,9172|9565|9633,5,3,http://www.reactome.org/biopax/96/48895#BiochemicalReaction8553,1,http://www.reactome.org/biopax/96/48895#Catalysis4550,1905
1791,6603|7318,7372,2,1,http://www.reactome.org/biopax/96/48895#BiochemicalReaction2105,1,http://www.reactome.org/biopax/96/48895#Catalysis1014,1906
1792,2227|2233|7237,4344|4345|7635,3,3,http://www.reactome.org/biopax/96/48895#BiochemicalReaction4326,1,http://www.reactome.org/biopax/96/48895#Catalysis1906,1907
1793,909|916,910,2,1,http://www.reactome.org/biopax/96/48895#BiochemicalReaction1628,-1,http://www.reactome.org/biopax/96/48895#Control162,1908
1794,2104|7237,2105|7635,2,2,http://www.reactome.org/biopax/96/48895#BiochemicalReaction4099,1,http://www.reactome.org/biopax/96/48895#Catalysis1819,1909
1795,2859|7237,2860|7635,2,2,http://www.reactome.org/biopax/96/48895#BiochemicalReaction5503,1,http://www.reactome.org/biopax/96/48895#Catalysis2258,1910
1796,943|944,1165|6439,2,2,http://www.reactome.org/biopax/96/48895#BiochemicalReaction1691,1,http://www.reactome.org/biopax/96/48895#Catalysis721,1911
1797,3988|8244|9565,7698|8247,3,2,http://www.reactome.org/biopax/96/48895#BiochemicalReaction7473,1,http://www.reactome.org/biopax/96/48895#Catalysis3530,1912
1798,798|5283|6271,800,3,1,http://www.reactome.org/biopax/96/48895#BiochemicalReaction1308,-1,http://www.reactome.org/biopax/96/48895#Control125,1913
1799,2297|7237,2298|7635,2,2,http://www.reactome.org/biopax/96/48895#BiochemicalReaction4488,1,http://www.reactome.org/biopax/96/48895#Catalysis1944,1914
1800,101|7237|8921|8922|9565,7545|8228|8923,5,3,http://www.reactome.org/biopax/96/48895#BiochemicalReaction8267,1,http://www.reactome.org/biopax/96/48895#Catalysis4272,1915
1801,316|5771|5772|5773|5774|5775|5776|5777|5778|5779|5780|9546,317|5759|5760|5761|5765|5766|5767|5769|9550|9596,12,10,http://www.reactome.org/biopax/96/48895#BiochemicalReaction8763,1,http://www.reactome.org/biopax/96/48895#Catalysis4723,1916
1802,1006|9565,9451,2,1,http://www.reactome.org/biopax/96/48895#BiochemicalReaction2035,1,http://www.reactome.org/biopax/96/48895#Catalysis964,1917
1803,480,475|477|6003|6008|6009|6010|6011|6013|7529,1,9,http://www.reactome.org/biopax/96/48895#BiochemicalReaction748,1,http://www.reactome.org/biopax/96/48895#Catalysis266,1918
1804,3644|8098|8708,7660|8099,3,2,http://www.reactome.org/biopax/96/48895#BiochemicalReaction7331,1,http://www.reactome.org/biopax/96/48895#Catalysis3390,1919
1805,6520|8290|9676,8420|9677,3,2,http://www.reactome.org/biopax/96/48895#BiochemicalReaction1899,1,http://www.reactome.org/biopax/96/48895#Catalysis837,1920
1806,6983|6985,6693|6984,2,2,http://www.reactome.org/biopax/96/48895#BiochemicalReaction207,1,http://www.reactome.org/biopax/96/48895#Catalysis56,1921
1807,4333|7219|7237,2217|7545|8228,3,3,http://www.reactome.org/biopax/96/48895#BiochemicalReaction4293,1,http://www.reactome.org/biopax/96/48895#Catalysis1891,1922
1808,1623|9587,1624|4844,2,2,http://www.reactome.org/biopax/96/48895#BiochemicalReaction3032,1,http://www.reactome.org/biopax/96/48895#Catalysis1443,1923
1809,5692|9120|9664,7949|9050|9665,3,3,http://www.reactome.org/biopax/96/48895#BiochemicalReaction8496,1,http://www.reactome.org/biopax/96/48895#Catalysis4496,1924
1810,949|2540|9070,950|7507,3,2,http://www.reactome.org/biopax/96/48895#BiochemicalReaction4871,1,http://www.reactome.org/biopax/96/48895#Catalysis2071,1925
1811,949|2695|9070,950|7507,3,2,http://www.reactome.org/biopax/96/48895#BiochemicalReaction5096,1,http://www.reactome.org/biopax/96/48895#Catalysis2171,1926
1812,867|869|7237,868|7635,3,2,http://www.reactome.org/biopax/96/48895#BiochemicalReaction1555,-1,http://www.reactome.org/biopax/96/48895#Control147,1927
1813,847|3922|7237,3103|7635,3,2,http://www.reactome.org/biopax/96/48895#BiochemicalReaction5987,1,http://www.reactome.org/biopax/96/48895#Catalysis2462,1928
1814,3927|4733|9519,3928|7677|8489|9516,3,4,http://www.reactome.org/biopax/96/48895#BiochemicalReaction6435,1,http://www.reactome.org/biopax/96/48895#Catalysis2637,1929
1815,6825|7503|9587,7504|9596,3,2,http://www.reactome.org/biopax/96/48895#BiochemicalReaction2679,1,http://www.reactome.org/biopax/96/48895#Catalysis1259,1930
1816,1595|1596|1599|4149,1597|1598,4,2,http://www.reactome.org/biopax/96/48895#BiochemicalReaction3008,1,http://www.reactome.org/biopax/96/48895#Control275,1931
1817,613|6133|7508|9429,6134|9430|9517,4,3,http://www.reactome.org/biopax/96/48895#BiochemicalReaction1016,1,http://www.reactome.org/biopax/96/48895#Catalysis441,1932
1818,98|100|8945,99|7276,3,2,http://www.reactome.org/biopax/96/48895#BiochemicalReaction8266,1,http://www.reactome.org/biopax/96/48895#Catalysis4271,1933
1819,5465|8310|9565,8231|8317,3,2,http://www.reactome.org/biopax/96/48895#BiochemicalReaction7629,1,http://www.reactome.org/biopax/96/48895#Catalysis3681,1934
1820,2808|4166,5415|7558|7559|7561,2,4,http://www.reactome.org/biopax/96/48895#BiochemicalReaction3701,1,http://www.reactome.org/biopax/96/48895#Catalysis1706,1935
1821,804|5415,805,2,1,http://www.reactome.org/biopax/96/48895#BiochemicalReaction1314,1,http://www.reactome.org/biopax/96/48895#Catalysis561,1936
1822,1182|6972,1188|6964,2,2,http://www.reactome.org/biopax/96/48895#BiochemicalReaction202,-1,http://www.reactome.org/biopax/96/48895#Control9,1938
1823,4192|4390|9565,4193|9655,3,2,http://www.reactome.org/biopax/96/48895#BiochemicalReaction5112,1,http://www.reactome.org/biopax/96/48895#Catalysis2178,1939
1824,6474|7493|9630,7949|9631,3,2,http://www.reactome.org/biopax/96/48895#BiochemicalReaction1845,1,http://www.reactome.org/biopax/96/48895#Catalysis784,1940
1825,5793|5932|9546,5936|9550,3,2,http://www.reactome.org/biopax/96/48895#BiochemicalReaction5858,1,http://www.reactome.org/biopax/96/48895#Catalysis2402,1941
1826,5365|7694|8207,7448|9533,3,2,http://www.reactome.org/biopax/96/48895#BiochemicalReaction7418,1,http://www.reactome.org/biopax/96/48895#Catalysis3475,1942
1827,6101|7237|8869|9565,7635|8867|9655,4,3,http://www.reactome.org/biopax/96/48895#BiochemicalReaction8186,1,http://www.reactome.org/biopax/96/48895#Catalysis4194,1943
1828,3871|5566|8670,3870|8671|9667,3,3,http://www.reactome.org/biopax/96/48895#BiochemicalReaction7993,1,http://www.reactome.org/biopax/96/48895#Catalysis4009,1944
1829,4123|6579,1024,2,1,http://www.reactome.org/biopax/96/48895#BiochemicalReaction2059,1,http://www.reactome.org/biopax/96/48895#Catalysis978,1945
1830,2340|7237,2341|7635,2,2,http://www.reactome.org/biopax/96/48895#BiochemicalReaction4572,1,http://www.reactome.org/biopax/96/48895#Catalysis1962,1946
1831,2266|4366|7237,2268|7635,3,2,http://www.reactome.org/biopax/96/48895#BiochemicalReaction4409,1,http://www.reactome.org/biopax/96/48895#Catalysis1931,1947
1832,4508|4509|7237,2974|7635,3,2,http://www.reactome.org/biopax/96/48895#BiochemicalReaction5699,1,http://www.reactome.org/biopax/96/48895#Control513,1948
1833,2786|5415|5907,2803,3,1,http://www.reactome.org/biopax/96/48895#BiochemicalReaction508,1,http://www.reactome.org/biopax/96/48895#Catalysis197,1949
1834,1337|1372|9546,1373|9550,3,2,http://www.reactome.org/biopax/96/48895#BiochemicalReaction2668,1,http://www.reactome.org/biopax/96/48895#Catalysis1250,1950
1835,29|8823|9451,7556|8824|9537,3,3,http://www.reactome.org/biopax/96/48895#BiochemicalReaction8138,1,http://www.reactome.org/biopax/96/48895#Catalysis4146,1951
1836,2694|7237|7585,7614|7635,3,2,http://www.reactome.org/biopax/96/48895#BiochemicalReaction30,1,http://www.reactome.org/biopax/96/48895#Catalysis14,1952
1837,2461|7237,2462|7635,2,2,http://www.reactome.org/biopax/96/48895#BiochemicalReaction4771,1,http://www.reactome.org/biopax/96/48895#Catalysis2028,1953
1838,1551|6879|9566,1552|7359|9576,3,3,http://www.reactome.org/biopax/96/48895#BiochemicalReaction2949,1,http://www.reactome.org/biopax/96/48895#Catalysis1406,1954
1839,3106|7237,4616|4617|7635,2,3,http://www.reactome.org/biopax/96/48895#BiochemicalReaction6006,1,http://www.reactome.org/biopax/96/48895#Catalysis2473,1955
1840,6529|7254|7255,7256|7949,3,2,http://www.reactome.org/biopax/96/48895#BiochemicalReaction1917,1,http://www.reactome.org/biopax/96/48895#Catalysis855,1956
1841,49|7237|8864,7635|8865,3,2,http://www.reactome.org/biopax/96/48895#BiochemicalReaction8179,1,http://www.reactome.org/biopax/96/48895#Catalysis4187,1957
1842,3237|9565,3238|3239|3925|9655,2,4,http://www.reactome.org/biopax/96/48895#BiochemicalReaction6335,1,http://www.reactome.org/biopax/96/48895#Catalysis2596,1958
1843,295|9047,9376|9517,2,2,http://www.reactome.org/biopax/96/48895#BiochemicalReaction8729,1,http://www.reactome.org/biopax/96/48895#Catalysis4708,1959
1844,3420|9565,3421|4160,2,2,http://www.reactome.org/biopax/96/48895#BiochemicalReaction6734,1,http://www.reactome.org/biopax/96/48895#Catalysis2914,1960
1845,3640|8151|8157,8142|8153|8158,3,3,http://www.reactome.org/biopax/96/48895#BiochemicalReaction7365,1,http://www.reactome.org/biopax/96/48895#Catalysis3422,1961
1846,3040|4548|7603,4549|8228,3,2,http://www.reactome.org/biopax/96/48895#BiochemicalReaction5871,-1,http://www.reactome.org/biopax/96/48895#Control540,1962
1847,2389|9565,2390|9655,2,2,http://www.reactome.org/biopax/96/48895#BiochemicalReaction4647,1,http://www.reactome.org/biopax/96/48895#Catalysis1983,1963
1848,4413|6052|9546,6053|9550,3,2,http://www.reactome.org/biopax/96/48895#BiochemicalReaction4917,1,http://www.reactome.org/biopax/96/48895#Catalysis2090,1964
1849,3177|7237,3178|7635,2,2,http://www.reactome.org/biopax/96/48895#BiochemicalReaction6190,1,http://www.reactome.org/biopax/96/48895#Catalysis2537,1965
1850,5059|6049|8290,5058|8420,3,2,http://www.reactome.org/biopax/96/48895#BiochemicalReaction6809,1,http://www.reactome.org/biopax/96/48895#Catalysis2948,1966
1851,6092|8725|8734,8708|8740,3,2,http://www.reactome.org/biopax/96/48895#BiochemicalReaction913,1,http://www.reactome.org/biopax/96/48895#Catalysis375,1967
1852,6298|6308|9433|9434,6296|9435|9436|9513,4,4,http://www.reactome.org/biopax/96/48895#BiochemicalReaction1400,1,http://www.reactome.org/biopax/96/48895#Catalysis590,1968
1853,3145|3147|4073,3146,3,1,http://www.reactome.org/biopax/96/48895#BiochemicalReaction6118,-1,http://www.reactome.org/biopax/96/48895#Control565,1970
1854,5373|8236|9565,7698|8241,3,2,http://www.reactome.org/biopax/96/48895#BiochemicalReaction7466,1,http://www.reactome.org/biopax/96/48895#Catalysis3523,1971
1855,1778|7556,6996|6997,2,2,http://www.reactome.org/biopax/96/48895#BiochemicalReaction3352,1,http://www.reactome.org/biopax/96/48895#Control293,1972
1856,3593|7626|7895,7896|7898,3,2,http://www.reactome.org/biopax/96/48895#BiochemicalReaction7115,1,http://www.reactome.org/biopax/96/48895#Catalysis3183,1973
1857,272|7237|9332|9565,7546|7635|9655,4,3,http://www.reactome.org/biopax/96/48895#BiochemicalReaction8658,1,http://www.reactome.org/biopax/96/48895#Catalysis4652,1974
1858,49|7237|8860,7635|8861,3,2,http://www.reactome.org/biopax/96/48895#BiochemicalReaction8177,1,http://www.reactome.org/biopax/96/48895#Catalysis4185,1975
1859,5444|7237|8320|9565,7634|7635|7949|9655,4,4,http://www.reactome.org/biopax/96/48895#BiochemicalReaction7582,1,http://www.reactome.org/biopax/96/48895#Catalysis3636,1976
1860,4712|4714|7674|8747|9158,4713|7675|8467,5,3,http://www.reactome.org/biopax/96/48895#BiochemicalReaction6404,1,http://www.reactome.org/biopax/96/48895#Catalysis2615,1977
1861,3324|5960,4945|5900,2,2,http://www.reactome.org/biopax/96/48895#BiochemicalReaction6622,1,http://www.reactome.org/biopax/96/48895#Catalysis2816,1978
1862,4225|4227|6243|6244,2006,4,1,http://www.reactome.org/biopax/96/48895#BiochemicalReaction3818,-1,http://www.reactome.org/biopax/96/48895#Control354,1979
1863,3026|4844,2172|5919,2,2,http://www.reactome.org/biopax/96/48895#BiochemicalReaction537,1,http://www.reactome.org/biopax/96/48895#Catalysis209,1980
1864,1309|6732|9587,2049|9596,3,2,http://www.reactome.org/biopax/96/48895#BiochemicalReaction2569,1,http://www.reactome.org/biopax/96/48895#Catalysis1191,1981
1865,6559|9577,9597,2,1,http://www.reactome.org/biopax/96/48895#BiochemicalReaction1985,1,http://www.reactome.org/biopax/96/48895#Catalysis920,1982
1866,5082|5083|6418,4481|5084,3,2,http://www.reactome.org/biopax/96/48895#BiochemicalReaction6855,1,http://www.reactome.org/biopax/96/48895#Control619,1983
1867,6553|7255|7336,7337|7949,3,2,http://www.reactome.org/biopax/96/48895#BiochemicalReaction1969,1,http://www.reactome.org/biopax/96/48895#Catalysis907,1984
1868,808|4638|9565,816|9655,3,2,http://www.reactome.org/biopax/96/48895#BiochemicalReaction6058,1,http://www.reactome.org/biopax/96/48895#Catalysis2491,1985
1869,575|7369|7508|9565,8779|9660,4,2,http://www.reactome.org/biopax/96/48895#BiochemicalReaction8100,1,http://www.reactome.org/biopax/96/48895#Catalysis4108,1986
1870,945|6441|6442,947,3,1,http://www.reactome.org/biopax/96/48895#BiochemicalReaction1695,1,http://www.reactome.org/biopax/96/48895#Catalysis725,1987
1871,1624|9546,1625|9550|9596,2,3,http://www.reactome.org/biopax/96/48895#BiochemicalReaction3033,1,http://www.reactome.org/biopax/96/48895#Catalysis1444,1988
1872,2072|6238|7237,2073|7635,3,2,http://www.reactome.org/biopax/96/48895#BiochemicalReaction4039,1,http://www.reactome.org/biopax/96/48895#Catalysis1790,1989
1873,7322|7444,7897|8440,2,2,http://www.reactome.org/biopax/96/48895#BiochemicalReaction8405,1,http://www.reactome.org/biopax/96/48895#Control817,1990
1874,4106|4107|9451,9573|9574|9575,3,3,http://www.reactome.org/biopax/96/48895#BiochemicalReaction1783,1,http://www.reactome.org/biopax/96/48895#Catalysis744,1991
1875,5321|7508|7949|9360|9644,9362|9565|9633,5,3,http://www.reactome.org/biopax/96/48895#BiochemicalReaction8678,1,http://www.reactome.org/biopax/96/48895#Catalysis4672,1992
1876,1073|5531|7237,5532|7635,3,2,http://www.reactome.org/biopax/96/48895#BiochemicalReaction7899,1,http://www.reactome.org/biopax/96/48895#Catalysis3939,1993
1877,5699|9152,9153|9565,2,2,http://www.reactome.org/biopax/96/48895#BiochemicalReaction8532,1,http://www.reactome.org/biopax/96/48895#Catalysis4531,1994
1878,5603|7237|7356,7635|7949|8854,3,3,http://www.reactome.org/biopax/96/48895#BiochemicalReaction8167,1,http://www.reactome.org/biopax/96/48895#Catalysis4175,1995
1879,6598|9472,7572,2,1,http://www.reactome.org/biopax/96/48895#BiochemicalReaction2096,1,http://www.reactome.org/biopax/96/48895#Catalysis1006,1996
1880,418|9070,8228|9522,2,2,http://www.reactome.org/biopax/96/48895#BiochemicalReaction8919,-1,http://www.reactome.org/biopax/96/48895#Control919,1997
1881,1849|5415,1850,2,1,http://www.reactome.org/biopax/96/48895#BiochemicalReaction3517,1,http://www.reactome.org/biopax/96/48895#Catalysis1622,1998
1882,3517|5151,3519,2,1,http://www.reactome.org/biopax/96/48895#BiochemicalReaction6944,1,http://www.reactome.org/biopax/96/48895#Catalysis3026,1999
1883,641|9556,7922,2,1,http://www.reactome.org/biopax/96/48895#BiochemicalReaction7146,1,http://www.reactome.org/biopax/96/48895#Catalysis3214,2000
1884,289|7433|9451,7556|9601,3,2,http://www.reactome.org/biopax/96/48895#BiochemicalReaction8699,1,http://www.reactome.org/biopax/96/48895#Catalysis4693,2001
1885,5740|9444|9685,8260|8265,3,2,http://www.reactome.org/biopax/96/48895#BiochemicalReaction8716,1,http://www.reactome.org/biopax/96/48895#Catalysis4703,2002
1886,3648|8090|9487|9667,8079|8091,4,2,http://www.reactome.org/biopax/96/48895#BiochemicalReaction7323,1,http://www.reactome.org/biopax/96/48895#Catalysis3382,2003
1887,2575|7237,2576|7635,2,2,http://www.reactome.org/biopax/96/48895#BiochemicalReaction4924,1,http://www.reactome.org/biopax/96/48895#Catalysis2093,2004
1888,2722|6139|6743,4998|5900,3,2,http://www.reactome.org/biopax/96/48895#BiochemicalReaction6672,1,http://www.reactome.org/biopax/96/48895#Catalysis2865,2005
1889,3564|7840,7837,2,1,http://www.reactome.org/biopax/96/48895#BiochemicalReaction7009,1,http://www.reactome.org/biopax/96/48895#Catalysis3088,2006
1890,7279|7328|7660,8708|9092,3,2,http://www.reactome.org/biopax/96/48895#BiochemicalReaction8466,1,http://www.reactome.org/biopax/96/48895#Control823,2008
1891,651|653|9546,650|652|9550,3,3,http://www.reactome.org/biopax/96/48895#BiochemicalReaction1070,1,http://www.reactome.org/biopax/96/48895#Catalysis467,2009
1892,6022|7602,7605,2,1,http://www.reactome.org/biopax/96/48895#BiochemicalReaction764,1,http://www.reactome.org/biopax/96/48895#Catalysis281,2010
1893,4046|8563|8747,8467|8682,3,2,http://www.reactome.org/biopax/96/48895#BiochemicalReaction911,1,http://www.reactome.org/biopax/96/48895#Catalysis373,2011
1894,5085|5096,4463,2,1,http://www.reactome.org/biopax/96/48895#BiochemicalReaction6876,1,http://www.reactome.org/biopax/96/48895#Control635,2012
1895,1337|1385|9546,1386|9550,3,2,http://www.reactome.org/biopax/96/48895#BiochemicalReaction2682,1,http://www.reactome.org/biopax/96/48895#Catalysis1261,2013
1896,6602|7318,7372,2,1,http://www.reactome.org/biopax/96/48895#BiochemicalReaction2101,1,http://www.reactome.org/biopax/96/48895#Catalysis1011,2014
1897,1965|1968|7237,1969|4163|7545|8228,3,4,http://www.reactome.org/biopax/96/48895#BiochemicalReaction3699,1,http://www.reactome.org/biopax/96/48895#Catalysis1705,2015
1898,215|9095,8697|9500,2,2,http://www.reactome.org/biopax/96/48895#BiochemicalReaction8469,1,http://www.reactome.org/biopax/96/48895#Catalysis4470,2016
1899,4594|5793|9546,4595|9550,3,2,http://www.reactome.org/biopax/96/48895#BiochemicalReaction5980,1,http://www.reactome.org/biopax/96/48895#Catalysis2456,2017
1900,1703|2624|6931,1754,3,1,http://www.reactome.org/biopax/96/48895#BiochemicalReaction4999,1,http://www.reactome.org/biopax/96/48895#Control456,2018
1901,3570|7388|8847,4154|7949|8858,3,3,http://www.reactome.org/biopax/96/48895#BiochemicalReaction7022,1,http://www.reactome.org/biopax/96/48895#Catalysis3101,2019
1902,873|2622|7237,2641|7635,3,2,http://www.reactome.org/biopax/96/48895#BiochemicalReaction5017,1,http://www.reactome.org/biopax/96/48895#Catalysis2130,2020
1903,1812|6607,7052|7053,2,2,http://www.reactome.org/biopax/96/48895#BiochemicalReaction3442,1,http://www.reactome.org/biopax/96/48895#Catalysis1574,2021
1904,1418|2722,1419|5900,2,2,http://www.reactome.org/biopax/96/48895#BiochemicalReaction2727,1,http://www.reactome.org/biopax/96/48895#Catalysis1285,2022
1905,284|3779|5503,283|3777|9667,3,3,http://www.reactome.org/biopax/96/48895#BiochemicalReaction8690,1,http://www.reactome.org/biopax/96/48895#Catalysis4684,2023
1906,2459|7237,2460|7635,2,2,http://www.reactome.org/biopax/96/48895#BiochemicalReaction4768,1,http://www.reactome.org/biopax/96/48895#Catalysis2027,2024
1907,1577|9587,1578|7520,2,2,http://www.reactome.org/biopax/96/48895#BiochemicalReaction2989,1,http://www.reactome.org/biopax/96/48895#Catalysis1422,2025
1908,1146|9565,3162|9655,2,2,http://www.reactome.org/biopax/96/48895#BiochemicalReaction6157,1,http://www.reactome.org/biopax/96/48895#Catalysis2520,2026
1909,832|6290|7305,6336|7311,3,2,http://www.reactome.org/biopax/96/48895#BiochemicalReaction1433,1,http://www.reactome.org/biopax/96/48895#Control138,2027
1910,6546|7309|7537|7572,7310|7493|9472,4,3,http://www.reactome.org/biopax/96/48895#BiochemicalReaction1947,1,http://www.reactome.org/biopax/96/48895#Catalysis885,2028
1911,3021|9546,3022|9550,2,2,http://www.reactome.org/biopax/96/48895#BiochemicalReaction5818,1,http://www.reactome.org/biopax/96/48895#Catalysis2391,2029
1912,1025|5415|6580,6581,3,1,http://www.reactome.org/biopax/96/48895#BiochemicalReaction2063,1,http://www.reactome.org/biopax/96/48895#Catalysis979,2030
1913,5729|6732|9546,6735|9550,3,2,http://www.reactome.org/biopax/96/48895#BiochemicalReaction2500,1,http://www.reactome.org/biopax/96/48895#Catalysis1160,2031
1914,1931|5415,1932,2,1,http://www.reactome.org/biopax/96/48895#BiochemicalReaction3648,1,http://www.reactome.org/biopax/96/48895#Catalysis1681,2032
1915,2348|7237,2349|7635,2,2,http://www.reactome.org/biopax/96/48895#BiochemicalReaction4583,1,http://www.reactome.org/biopax/96/48895#Catalysis1966,2033
1916,1549|4322|4908,4983|5900,3,2,http://www.reactome.org/biopax/96/48895#BiochemicalReaction6657,1,http://www.reactome.org/biopax/96/48895#Catalysis2850,2034
1917,1509|6865|6866,1510,3,1,http://www.reactome.org/biopax/96/48895#BiochemicalReaction2888,-1,http://www.reactome.org/biopax/96/48895#Control270,2035
1918,598|8807|9565,7949|8228|8700,3,3,http://www.reactome.org/biopax/96/48895#BiochemicalReaction8122,1,http://www.reactome.org/biopax/96/48895#Catalysis4130,2036
1919,3721|5434|7508|7949|8303,3722|8304|9565,5,3,http://www.reactome.org/biopax/96/48895#BiochemicalReaction7569,1,http://www.reactome.org/biopax/96/48895#Catalysis3624,2037
1920,1822|7049|7051,1823,3,1,http://www.reactome.org/biopax/96/48895#BiochemicalReaction3427,-1,http://www.reactome.org/biopax/96/48895#Control310,2038
1921,4475|6054|7237,4476|7635,3,2,http://www.reactome.org/biopax/96/48895#BiochemicalReaction5534,1,http://www.reactome.org/biopax/96/48895#Catalysis2275,2039
1922,2849|9144,7267|9686,2,2,http://www.reactome.org/biopax/96/48895#BiochemicalReaction8522,1,http://www.reactome.org/biopax/96/48895#Control830,2040
1923,5632|7949|8902|9644,8745|9633,4,2,http://www.reactome.org/biopax/96/48895#BiochemicalReaction8240,1,http://www.reactome.org/biopax/96/48895#Catalysis4246,2041
1924,2350|7237,2351|7635,2,2,http://www.reactome.org/biopax/96/48895#BiochemicalReaction4585,1,http://www.reactome.org/biopax/96/48895#Catalysis1967,2042
1925,3903|7971|9565,7545,3,1,http://www.reactome.org/biopax/96/48895#BiochemicalReaction5497,1,http://www.reactome.org/biopax/96/48895#Catalysis2254,2043
1926,1806|6908,7063|7064,2,2,http://www.reactome.org/biopax/96/48895#BiochemicalReaction3447,1,http://www.reactome.org/biopax/96/48895#Catalysis1579,2044
1927,847|3056|9565,3057|9655,3,2,http://www.reactome.org/biopax/96/48895#BiochemicalReaction5903,1,http://www.reactome.org/biopax/96/48895#Catalysis2417,2045
1928,5967|6736|9546,6737|9550,3,2,http://www.reactome.org/biopax/96/48895#BiochemicalReaction2502,1,http://www.reactome.org/biopax/96/48895#Catalysis1162,2046
1929,5990|9011|9481,8142|9012|9480,3,3,http://www.reactome.org/biopax/96/48895#BiochemicalReaction8372,1,http://www.reactome.org/biopax/96/48895#Catalysis4373,2047
1930,384|5844|6797,3244|5844|5845|5846|5847|5848|5849|5850|5851|6797|6798,3,11,http://www.reactome.org/biopax/96/48895#BiochemicalReaction8853,1,http://www.reactome.org/biopax/96/48895#Control895,2048
1931,2808|4521,5415,2,1,http://www.reactome.org/biopax/96/48895#BiochemicalReaction5744,1,http://www.reactome.org/biopax/96/48895#Catalysis2362,2049
1932,33|8830|9451,7556|8831|9537,3,3,http://www.reactome.org/biopax/96/48895#BiochemicalReaction8144,1,http://www.reactome.org/biopax/96/48895#Catalysis4152,2050
1933,3846|3858,3845|5551|7413,2,3,http://www.reactome.org/biopax/96/48895#BiochemicalReaction7973,1,http://www.reactome.org/biopax/96/48895#Catalysis4001,2051
1934,94|7949|8915|9644,8906|9633,4,2,http://www.reactome.org/biopax/96/48895#BiochemicalReaction8255,1,http://www.reactome.org/biopax/96/48895#Catalysis4260,2053
1935,5516|8548,3786,2,1,http://www.reactome.org/biopax/96/48895#BiochemicalReaction7799,1,http://www.reactome.org/biopax/96/48895#Catalysis3841,2054
1936,3640|8052,8053,2,1,http://www.reactome.org/biopax/96/48895#BiochemicalReaction7289,1,http://www.reactome.org/biopax/96/48895#Catalysis3348,2055
1937,7279|8973|9444|9498,7619|8974|9449|9667,4,4,http://www.reactome.org/biopax/96/48895#BiochemicalReaction8329,-1,http://www.reactome.org/biopax/96/48895#Control810,2056
1938,3840|5540|9565,5539|9655,3,2,http://www.reactome.org/biopax/96/48895#BiochemicalReaction7952,1,http://www.reactome.org/biopax/96/48895#Catalysis3981,2057
1939,949|2458|9070,950|7507,3,2,http://www.reactome.org/biopax/96/48895#BiochemicalReaction4766,1,http://www.reactome.org/biopax/96/48895#Catalysis2026,2058
1940,3921|4201,3923,2,1,http://www.reactome.org/biopax/96/48895#BiochemicalReaction256,-1,http://www.reactome.org/biopax/96/48895#Control15,2059
1941,1590,1591,1,1,http://www.reactome.org/biopax/96/48895#BiochemicalReaction3003,1,http://www.reactome.org/biopax/96/48895#Catalysis1430,2060
1942,4154|6112,3951|4154,2,2,http://www.reactome.org/biopax/96/48895#BiochemicalReaction7024,1,http://www.reactome.org/biopax/96/48895#Catalysis3103,2061
1943,4432|5042|7237,4433|7635,3,2,http://www.reactome.org/biopax/96/48895#BiochemicalReaction5118,1,http://www.reactome.org/biopax/96/48895#Catalysis2182,2062
1944,3351|9565,3352|7791,2,2,http://www.reactome.org/biopax/96/48895#BiochemicalReaction6693,1,http://www.reactome.org/biopax/96/48895#Catalysis2880,2063
1945,4371|4372|6058,2320,3,1,http://www.reactome.org/biopax/96/48895#BiochemicalReaction4531,1,http://www.reactome.org/biopax/96/48895#Catalysis1953,2064
1946,950,949,1,1,http://www.reactome.org/biopax/96/48895#BiochemicalReaction5890,1,http://www.reactome.org/biopax/96/48895#Catalysis2412,2066
1947,792|6818|9510,4852|8489|9508,3,3,http://www.reactome.org/biopax/96/48895#BiochemicalReaction6551,1,http://www.reactome.org/biopax/96/48895#Catalysis2746,2067
1948,179|7281,7322,2,1,http://www.reactome.org/biopax/96/48895#BiochemicalReaction8404,1,http://www.reactome.org/biopax/96/48895#Catalysis4405,2068
1949,3699|8187|9565,9533|9655,3,2,http://www.reactome.org/biopax/96/48895#BiochemicalReaction7509,1,http://www.reactome.org/biopax/96/48895#Catalysis3566,2069
1950,4464|4465,2858,2,1,http://www.reactome.org/biopax/96/48895#BiochemicalReaction5481,1,http://www.reactome.org/biopax/96/48895#Catalysis2253,2071
1951,3128|4644|9070,3127,3,1,http://www.reactome.org/biopax/96/48895#BiochemicalReaction6079,1,http://www.reactome.org/biopax/96/48895#Catalysis2499,2072
1952,643|6157|9546,6158|9550,3,2,http://www.reactome.org/biopax/96/48895#BiochemicalReaction1053,1,http://www.reactome.org/biopax/96/48895#Catalysis459,2074
1953,1865|7162,1867|7163,2,2,http://www.reactome.org/biopax/96/48895#BiochemicalReaction3554,1,http://www.reactome.org/biopax/96/48895#Catalysis1634,2075
1954,5576|7237|8687|8988,7635|7949|8688|9655,4,4,http://www.reactome.org/biopax/96/48895#BiochemicalReaction8021,1,http://www.reactome.org/biopax/96/48895#Catalysis4031,2076
1955,1777|2511|7237,2514|7635,3,2,http://www.reactome.org/biopax/96/48895#BiochemicalReaction4859,1,http://www.reactome.org/biopax/96/48895#Catalysis2065,2077
1956,1875|7169|9565,1873|9655,3,2,http://www.reactome.org/biopax/96/48895#BiochemicalReaction3565,1,http://www.reactome.org/biopax/96/48895#Catalysis1641,2078
1957,3280|4740|7508|9429,4741|9430|9517,4,3,http://www.reactome.org/biopax/96/48895#BiochemicalReaction6441,1,http://www.reactome.org/biopax/96/48895#Catalysis2643,2079
1958,3582|5213|7789,5214|7557|9632,3,3,http://www.reactome.org/biopax/96/48895#BiochemicalReaction7061,1,http://www.reactome.org/biopax/96/48895#Catalysis3137,2080
1959,3637|8036|9565,8040,3,1,http://www.reactome.org/biopax/96/48895#BiochemicalReaction7279,1,http://www.reactome.org/biopax/96/48895#Catalysis3338,2081
1960,217|7328|9444,7331|9096,3,2,http://www.reactome.org/biopax/96/48895#BiochemicalReaction8471,1,http://www.reactome.org/biopax/96/48895#Catalysis4472,2082
1961,1734|2100|9070,2101|7507,3,2,http://www.reactome.org/biopax/96/48895#BiochemicalReaction4094,1,http://www.reactome.org/biopax/96/48895#Catalysis1815,2083
1962,3650|8099|9487|9667,8079|8100,4,2,http://www.reactome.org/biopax/96/48895#BiochemicalReaction7332,1,http://www.reactome.org/biopax/96/48895#Catalysis3391,2084
1963,5351|7961|9565,7949|8190|9617,3,3,http://www.reactome.org/biopax/96/48895#BiochemicalReaction7393,1,http://www.reactome.org/biopax/96/48895#Catalysis3450,2085
1964,3613|7237|7491|7580,7579|7635|7812|9655,4,4,http://www.reactome.org/biopax/96/48895#BiochemicalReaction7200,1,http://www.reactome.org/biopax/96/48895#Catalysis3267,2086
1965,3409|4687|9565,3907|4228,3,2,http://www.reactome.org/biopax/96/48895#BiochemicalReaction6725,1,http://www.reactome.org/biopax/96/48895#Catalysis2908,2087
1966,1482|9587,1483|9596,2,2,http://www.reactome.org/biopax/96/48895#BiochemicalReaction2860,1,http://www.reactome.org/biopax/96/48895#Catalysis1359,2088
1967,6303|6319|9433|9434,4292|9435|9436|9513,4,4,http://www.reactome.org/biopax/96/48895#BiochemicalReaction1408,1,http://www.reactome.org/biopax/96/48895#Catalysis598,2089
1968,2808|6653,5415,2,1,http://www.reactome.org/biopax/96/48895#BiochemicalReaction2256,1,http://www.reactome.org/biopax/96/48895#Catalysis1073,2090
1969,3030|7237,3031|7635,2,2,http://www.reactome.org/biopax/96/48895#BiochemicalReaction5844,1,http://www.reactome.org/biopax/96/48895#Catalysis2396,2091
1970,237|8120|8734|9667,7551|8708|9148,4,3,http://www.reactome.org/biopax/96/48895#BiochemicalReaction8529,1,http://www.reactome.org/biopax/96/48895#Catalysis4528,2092
1971,435|4292|7319,6295|7323,3,2,http://www.reactome.org/biopax/96/48895#BiochemicalReaction1384,1,http://www.reactome.org/biopax/96/48895#Catalysis577,2093
1972,6615|7439|7440,7438|7441,3,2,http://www.reactome.org/biopax/96/48895#BiochemicalReaction2144,1,http://www.reactome.org/biopax/96/48895#Catalysis1042,2094
1973,3544|7821,5161|5162,2,2,http://www.reactome.org/biopax/96/48895#BiochemicalReaction6971,-1,http://www.reactome.org/biopax/96/48895#Control659,2095
1974,714|4844,715,2,1,http://www.reactome.org/biopax/96/48895#BiochemicalReaction1150,1,http://www.reactome.org/biopax/96/48895#Catalysis493,2096
1975,5406|5407,3700,2,1,http://www.reactome.org/biopax/96/48895#BiochemicalReaction7512,1,http://www.reactome.org/biopax/96/48895#Catalysis3569,2097
1976,1966|6206|7237,1957|7635|7949|8228,3,4,http://www.reactome.org/biopax/96/48895#BiochemicalReaction1156,1,http://www.reactome.org/biopax/96/48895#Catalysis497,2099
1977,6082|9452,245,2,1,http://www.reactome.org/biopax/96/48895#BiochemicalReaction8538,1,http://www.reactome.org/biopax/96/48895#Catalysis4537,2100
1978,6315|6316|9433|9434,6314|9435|9436|9513,4,4,http://www.reactome.org/biopax/96/48895#BiochemicalReaction1405,1,http://www.reactome.org/biopax/96/48895#Catalysis595,2101
1979,852|6367|7237,6368|7635,3,2,http://www.reactome.org/biopax/96/48895#BiochemicalReaction1536,1,http://www.reactome.org/biopax/96/48895#Catalysis658,2102
1980,1777|1823|7237,1827|7635,3,2,http://www.reactome.org/biopax/96/48895#BiochemicalReaction3433,1,http://www.reactome.org/biopax/96/48895#Catalysis1571,2103
1981,5446|7391|8323,7390|8325|9632,3,3,http://www.reactome.org/biopax/96/48895#BiochemicalReaction7584,1,http://www.reactome.org/biopax/96/48895#Catalysis3638,2104
1982,459,460|5996,1,2,http://www.reactome.org/biopax/96/48895#BiochemicalReaction722,1,http://www.reactome.org/biopax/96/48895#Catalysis250,2105
1983,1812|6993,7080|7081,2,2,http://www.reactome.org/biopax/96/48895#BiochemicalReaction3454,1,http://www.reactome.org/biopax/96/48895#Catalysis1586,2106
1984,540|7237,7971|8228,2,2,http://www.reactome.org/biopax/96/48895#BiochemicalReaction5525,1,http://www.reactome.org/biopax/96/48895#Catalysis2269,2107
1985,3051|3910|4561,3052,3,1,http://www.reactome.org/biopax/96/48895#BiochemicalReaction5900,1,http://www.reactome.org/biopax/96/48895#Control546,2108
1986,483|7372,475|484|6003|6008|6009|6010|6015|7472,2,8,http://www.reactome.org/biopax/96/48895#BiochemicalReaction752,1,http://www.reactome.org/biopax/96/48895#Control58,2109
1987,3401|9587,3402|4033,2,2,http://www.reactome.org/biopax/96/48895#BiochemicalReaction6721,1,http://www.reactome.org/biopax/96/48895#Catalysis2904,2110
1988,4408|4410|9551,2530,3,1,http://www.reactome.org/biopax/96/48895#BiochemicalReaction4862,1,http://www.reactome.org/biopax/96/48895#Control446,2111
1989,4043|5960,427|7404,2,2,http://www.reactome.org/biopax/96/48895#BiochemicalReaction666,1,http://www.reactome.org/biopax/96/48895#Catalysis239,2112
1990,5718|9285|9444,9286|9288,3,2,http://www.reactome.org/biopax/96/48895#BiochemicalReaction8625,1,http://www.reactome.org/biopax/96/48895#Catalysis4619,2113
1991,5506|8533|9485|9662|9667,8534|9444|9486,5,3,http://www.reactome.org/biopax/96/48895#BiochemicalReaction7775,1,http://www.reactome.org/biopax/96/48895#Catalysis3819,2114
1992,976|7237|9565|9611,7635|9614|9655,4,3,http://www.reactome.org/biopax/96/48895#BiochemicalReaction1824,1,http://www.reactome.org/biopax/96/48895#Catalysis768,2115
1993,4765|7949|9440|9644,9439|9633,4,2,http://www.reactome.org/biopax/96/48895#BiochemicalReaction7786,1,http://www.reactome.org/biopax/96/48895#Catalysis3829,2116
1994,1183|7237|7490,7635|9460,3,2,http://www.reactome.org/biopax/96/48895#BiochemicalReaction2405,1,http://www.reactome.org/biopax/96/48895#Catalysis1117,2117
1995,1054|6624|7442|7443,1059,4,1,http://www.reactome.org/biopax/96/48895#BiochemicalReaction2149,1,http://www.reactome.org/biopax/96/48895#Catalysis1044,2118
1996,3277|4726|7508|7949|8199,4727|8179|9565,5,3,http://www.reactome.org/biopax/96/48895#BiochemicalReaction6432,1,http://www.reactome.org/biopax/96/48895#Catalysis2634,2119
1997,3221|3223|6752,3224,3,1,http://www.reactome.org/biopax/96/48895#BiochemicalReaction6295,1,http://www.reactome.org/biopax/96/48895#Catalysis2583,2120
1998,1091|1094|4125,1093,3,1,http://www.reactome.org/biopax/96/48895#BiochemicalReaction2250,1,http://www.reactome.org/biopax/96/48895#Control238,2121
1999,5032|5036|9492,5033|9493|9565,3,3,http://www.reactome.org/biopax/96/48895#BiochemicalReaction1191,1,http://www.reactome.org/biopax/96/48895#Catalysis520,2122
2000,6577|7410,9431,2,1,http://www.reactome.org/biopax/96/48895#BiochemicalReaction2053,1,http://www.reactome.org/biopax/96/48895#Catalysis975,2123
2001,5173|9565|9652,7836|7949,3,2,http://www.reactome.org/biopax/96/48895#BiochemicalReaction7003,1,http://www.reactome.org/biopax/96/48895#Catalysis3082,2124
2002,611|6124|9565,6125|9655,3,2,http://www.reactome.org/biopax/96/48895#BiochemicalReaction999,1,http://www.reactome.org/biopax/96/48895#Catalysis438,2126
2003,1258|3921,3923,2,1,http://www.reactome.org/biopax/96/48895#BiochemicalReaction256,1,http://www.reactome.org/biopax/96/48895#Catalysis101,2127
2004,387|5855,3243,2,1,http://www.reactome.org/biopax/96/48895#BiochemicalReaction8855,1,http://www.reactome.org/biopax/96/48895#Control901,2128
2005,6365|7430,7372,2,1,http://www.reactome.org/biopax/96/48895#BiochemicalReaction2098,1,http://www.reactome.org/biopax/96/48895#Control214,2129
2006,5986|7449|8459,8054|8461,3,2,http://www.reactome.org/biopax/96/48895#BiochemicalReaction7710,1,http://www.reactome.org/biopax/96/48895#Catalysis3758,2130
2007,5726|8290|9330,8420|9331,3,2,http://www.reactome.org/biopax/96/48895#BiochemicalReaction8657,1,http://www.reactome.org/biopax/96/48895#Catalysis4651,2131
2008,2722|4906|4908,4907|5900,3,2,http://www.reactome.org/biopax/96/48895#BiochemicalReaction6592,1,http://www.reactome.org/biopax/96/48895#Catalysis2786,2132
2009,4527|7646|8179,7647|7949|8199,3,3,http://www.reactome.org/biopax/96/48895#BiochemicalReaction5784,1,http://www.reactome.org/biopax/96/48895#Catalysis2379,2133
2010,5263|7396|7908,7775|7909,3,2,http://www.reactome.org/biopax/96/48895#BiochemicalReaction7124,1,http://www.reactome.org/biopax/96/48895#Catalysis3192,2134
2011,854|9070,856|7507,2,2,http://www.reactome.org/biopax/96/48895#BiochemicalReaction1539,1,http://www.reactome.org/biopax/96/48895#Catalysis659,2135
2012,2321|4373,2323,2,1,http://www.reactome.org/biopax/96/48895#BiochemicalReaction4532,1,http://www.reactome.org/biopax/96/48895#Control417,2136
2013,2808|4613,5415,2,1,http://www.reactome.org/biopax/96/48895#BiochemicalReaction6003,1,http://www.reactome.org/biopax/96/48895#Catalysis2471,2137
2014,610|9375|9565,7513|8349|8440,3,3,http://www.reactome.org/biopax/96/48895#BiochemicalReaction8707,1,http://www.reactome.org/biopax/96/48895#Catalysis4700,2138
2015,6614|7556|7897,7949|9544,3,2,http://www.reactome.org/biopax/96/48895#BiochemicalReaction2137,1,http://www.reactome.org/biopax/96/48895#Catalysis1037,2139
2016,5371|7459|8217,7534|7580,3,2,http://www.reactome.org/biopax/96/48895#BiochemicalReaction7431,1,http://www.reactome.org/biopax/96/48895#Catalysis3488,2140
2017,6437|6439|9470,944,3,1,http://www.reactome.org/biopax/96/48895#BiochemicalReaction1690,1,http://www.reactome.org/biopax/96/48895#Control179,2141
2018,1501|1572|1575|1638|6902|6903,1641,6,1,http://www.reactome.org/biopax/96/48895#BiochemicalReaction3059,-1,http://www.reactome.org/biopax/96/48895#Control276,2142
2019,5278|9538|9565,7952|9655,3,2,http://www.reactome.org/biopax/96/48895#BiochemicalReaction7182,1,http://www.reactome.org/biopax/96/48895#Catalysis3250,2143
2020,2987|4840|7237,4516|7635,3,2,http://www.reactome.org/biopax/96/48895#BiochemicalReaction5729,1,http://www.reactome.org/biopax/96/48895#Catalysis2356,2144
2021,3996|7949|8473|9644,8475|9633,4,2,http://www.reactome.org/biopax/96/48895#BiochemicalReaction7720,1,http://www.reactome.org/biopax/96/48895#Catalysis3768,2145
2022,4848|4851|7378,4850|7377|9632,3,3,http://www.reactome.org/biopax/96/48895#BiochemicalReaction6550,1,http://www.reactome.org/biopax/96/48895#Catalysis2745,2146
2023,734|9401|9488,9451|9489,3,2,http://www.reactome.org/biopax/96/48895#BiochemicalReaction1184,1,http://www.reactome.org/biopax/96/48895#Catalysis514,2147
2024,2773|4432|9565,2772|5415,3,2,http://www.reactome.org/biopax/96/48895#BiochemicalReaction5202,1,http://www.reactome.org/biopax/96/48895#Catalysis2214,2148
2025,6536|7264|7537|7572,7265|7493|9472,4,3,http://www.reactome.org/biopax/96/48895#BiochemicalReaction1931,1,http://www.reactome.org/biopax/96/48895#Catalysis869,2149
2026,5523|7949|8195|9644,8562|9633,4,2,http://www.reactome.org/biopax/96/48895#BiochemicalReaction7814,1,http://www.reactome.org/biopax/96/48895#Catalysis3854,2150
2027,2054|4249|7237,4691|7635,3,2,http://www.reactome.org/biopax/96/48895#BiochemicalReaction6280,1,http://www.reactome.org/biopax/96/48895#Catalysis2579,2151
2028,5236|6435,3585,2,1,http://www.reactome.org/biopax/96/48895#BiochemicalReaction7075,1,http://www.reactome.org/biopax/96/48895#Catalysis3146,2152
2029,6425|7318,906|6426,2,2,http://www.reactome.org/biopax/96/48895#BiochemicalReaction1630,1,http://www.reactome.org/biopax/96/48895#Control163,2153
2030,2996|4496|7237,2997|7635,3,2,http://www.reactome.org/biopax/96/48895#BiochemicalReaction5755,1,http://www.reactome.org/biopax/96/48895#Catalysis2365,2154
2031,2710,4433|5415|7235,1,3,http://www.reactome.org/biopax/96/48895#BiochemicalReaction5120,1,http://www.reactome.org/biopax/96/48895#Catalysis2183,2155
2032,3793|3848|7660,3849|8708|9667,3,3,http://www.reactome.org/biopax/96/48895#BiochemicalReaction7974,1,http://www.reactome.org/biopax/96/48895#Catalysis4002,2156
2033,2447|4395|6951|9551,2449,4,1,http://www.reactome.org/biopax/96/48895#BiochemicalReaction4755,1,http://www.reactome.org/biopax/96/48895#Control431,2157
2034,5317|8019,8021,2,1,http://www.reactome.org/biopax/96/48895#BiochemicalReaction7262,1,http://www.reactome.org/biopax/96/48895#Catalysis3321,2158
2035,2330|7237,2332|7635,2,2,http://www.reactome.org/biopax/96/48895#BiochemicalReaction4542,1,http://www.reactome.org/biopax/96/48895#Catalysis1957,2159
2036,5224|5229|7391,5227|7390|9632,3,3,http://www.reactome.org/biopax/96/48895#BiochemicalReaction7065,1,http://www.reactome.org/biopax/96/48895#Catalysis3141,2161
2037,3521|9565,3522|9655,2,2,http://www.reactome.org/biopax/96/48895#BiochemicalReaction6946,1,http://www.reactome.org/biopax/96/48895#Catalysis3028,2162
2038,775|3197|4686,3199,3,1,http://www.reactome.org/biopax/96/48895#BiochemicalReaction6241,-1,http://www.reactome.org/biopax/96/48895#Control583,2163
2039,15|8891|9451,7556|8771|8892|9537,3,4,http://www.reactome.org/biopax/96/48895#BiochemicalReaction8223,1,http://www.reactome.org/biopax/96/48895#Catalysis4230,2164
2040,4788|7737|9565,7256|7738,3,2,http://www.reactome.org/biopax/96/48895#BiochemicalReaction6492,1,http://www.reactome.org/biopax/96/48895#Catalysis2694,2165
2041,5089|5091|9451,4451,3,1,http://www.reactome.org/biopax/96/48895#BiochemicalReaction6864,1,http://www.reactome.org/biopax/96/48895#Catalysis2981,2166
2042,5636|8916|9444,8912,3,1,http://www.reactome.org/biopax/96/48895#BiochemicalReaction8261,1,http://www.reactome.org/biopax/96/48895#Catalysis4266,2167
2043,1322|1335|7237,1390|7635,3,2,http://www.reactome.org/biopax/96/48895#BiochemicalReaction2685,1,http://www.reactome.org/biopax/96/48895#Catalysis1263,2168
2044,4714|4723|7674|8747|9158,4724|7675|8467,5,3,http://www.reactome.org/biopax/96/48895#BiochemicalReaction6411,1,http://www.reactome.org/biopax/96/48895#Catalysis2622,2169
2045,124|9070|9565,8397|8959,3,2,http://www.reactome.org/biopax/96/48895#BiochemicalReaction8309,-1,http://www.reactome.org/biopax/96/48895#Control808,2170
2046,641|3623|5745|5787,343|3436,4,2,http://www.reactome.org/biopax/96/48895#BiochemicalReaction8791,1,http://www.reactome.org/biopax/96/48895#Control854,2171
2047,6092|8734|9358,8708|9359|9667,3,3,http://www.reactome.org/biopax/96/48895#BiochemicalReaction8676,1,http://www.reactome.org/biopax/96/48895#Catalysis4670,2172
2048,3833|8179|8409,7949|8199|8440,3,3,http://www.reactome.org/biopax/96/48895#BiochemicalReaction7938,1,http://www.reactome.org/biopax/96/48895#Catalysis3968,2173
2049,949|2524|9070,950|7507,3,2,http://www.reactome.org/biopax/96/48895#BiochemicalReaction4852,1,http://www.reactome.org/biopax/96/48895#Catalysis2062,2174
2050,2620|7237,2621|7635,2,2,http://www.reactome.org/biopax/96/48895#BiochemicalReaction4994,1,http://www.reactome.org/biopax/96/48895#Catalysis2120,2175
2051,2445|4391|9565,2444|9655,3,2,http://www.reactome.org/biopax/96/48895#BiochemicalReaction4752,1,http://www.reactome.org/biopax/96/48895#Catalysis2020,2176
2052,970|7237,971|7635,2,2,http://www.reactome.org/biopax/96/48895#BiochemicalReaction1807,1,http://www.reactome.org/biopax/96/48895#Catalysis758,2177
2053,4503|7173|8179,4611|7505,3,2,http://www.reactome.org/biopax/96/48895#BiochemicalReaction6001,1,http://www.reactome.org/biopax/96/48895#Catalysis2469,2178
2054,5398|7459|8258,7580|9605,3,2,http://www.reactome.org/biopax/96/48895#BiochemicalReaction7492,1,http://www.reactome.org/biopax/96/48895#Catalysis3549,2179
2055,1276|6748|9546,6772|9550,3,2,http://www.reactome.org/biopax/96/48895#BiochemicalReaction2599,1,http://www.reactome.org/biopax/96/48895#Catalysis1209,2180
2056,3644|8089|8708,7660|8090,3,2,http://www.reactome.org/biopax/96/48895#BiochemicalReaction7322,1,http://www.reactome.org/biopax/96/48895#Catalysis3381,2181
2057,29|8822|9451,7556|8823|9537,3,3,http://www.reactome.org/biopax/96/48895#BiochemicalReaction8137,1,http://www.reactome.org/biopax/96/48895#Catalysis4145,2182
2058,1837|1839|7237,1838|7635,3,2,http://www.reactome.org/biopax/96/48895#BiochemicalReaction3496,-1,http://www.reactome.org/biopax/96/48895#Control318,2183
2059,3943|4875,6892,2,1,http://www.reactome.org/biopax/96/48895#BiochemicalReaction6570,1,http://www.reactome.org/biopax/96/48895#Catalysis2764,2184
2060,5623|7237|8883,7635|7949|8881,3,3,http://www.reactome.org/biopax/96/48895#BiochemicalReaction8217,1,http://www.reactome.org/biopax/96/48895#Catalysis4224,2185
2061,1812|7120,7121|7122,2,2,http://www.reactome.org/biopax/96/48895#BiochemicalReaction3475,1,http://www.reactome.org/biopax/96/48895#Catalysis1606,2186
2062,3551|7237|9615,7635|7818|7949,3,3,http://www.reactome.org/biopax/96/48895#BiochemicalReaction6981,1,http://www.reactome.org/biopax/96/48895#Catalysis3060,2187
2063,3046|6444|7237,4559|7635,3,2,http://www.reactome.org/biopax/96/48895#BiochemicalReaction5882,1,http://www.reactome.org/biopax/96/48895#Catalysis2411,2188
2064,3632|8014|9451,8015,3,1,http://www.reactome.org/biopax/96/48895#BiochemicalReaction7256,1,http://www.reactome.org/biopax/96/48895#Catalysis3315,2189
2065,5450|7378|8336,7377|8339|9632,3,3,http://www.reactome.org/biopax/96/48895#BiochemicalReaction7592,1,http://www.reactome.org/biopax/96/48895#Catalysis3646,2190
2066,5312|7508|8640,8642,3,1,http://www.reactome.org/biopax/96/48895#BiochemicalReaction7881,1,http://www.reactome.org/biopax/96/48895#Catalysis3921,2191
2067,118|7794|8947|9662|9667,7793|8948|9444,5,3,http://www.reactome.org/biopax/96/48895#BiochemicalReaction8298,1,http://www.reactome.org/biopax/96/48895#Catalysis4299,2192
2068,1393|6829|7580,1394|7579,3,2,http://www.reactome.org/biopax/96/48895#BiochemicalReaction2688,1,http://www.reactome.org/biopax/96/48895#Catalysis1265,2194
2069,842|4196|7237,842|4290|7635,3,3,http://www.reactome.org/biopax/96/48895#BiochemicalReaction1504,1,http://www.reactome.org/biopax/96/48895#Control141,2195
2070,4672|5040|7237,4671|7635,3,2,http://www.reactome.org/biopax/96/48895#BiochemicalReaction6201,1,http://www.reactome.org/biopax/96/48895#Catalysis2545,2196
2071,2237|5884|7603,5879|8228,3,2,http://www.reactome.org/biopax/96/48895#BiochemicalReaction8913,1,http://www.reactome.org/biopax/96/48895#Catalysis4780,2197
2072,1777|3158|7237,3159|7635,3,2,http://www.reactome.org/biopax/96/48895#BiochemicalReaction6151,1,http://www.reactome.org/biopax/96/48895#Catalysis2516,2198
2073,2933|7305,2936|7311,2,2,http://www.reactome.org/biopax/96/48895#BiochemicalReaction518,1,http://www.reactome.org/biopax/96/48895#Catalysis204,2199
2074,2722|3325,3330|5900,2,2,http://www.reactome.org/biopax/96/48895#BiochemicalReaction6636,1,http://www.reactome.org/biopax/96/48895#Catalysis2830,2200
2075,679|6182|9546,6183|9550,3,2,http://www.reactome.org/biopax/96/48895#BiochemicalReaction1093,1,http://www.reactome.org/biopax/96/48895#Catalysis479,2201
2076,1335|5924|7237,6843|7635,3,2,http://www.reactome.org/biopax/96/48895#BiochemicalReaction2720,1,http://www.reactome.org/biopax/96/48895#Catalysis1283,2202
2077,523|7318,7372,2,1,http://www.reactome.org/biopax/96/48895#BiochemicalReaction808,1,http://www.reactome.org/biopax/96/48895#Catalysis313,2203
2078,1777|2535|7237,2538|7635,3,2,http://www.reactome.org/biopax/96/48895#BiochemicalReaction4888,1,http://www.reactome.org/biopax/96/48895#Catalysis2078,2206
2079,609|7237,7971|8228,2,2,http://www.reactome.org/biopax/96/48895#BiochemicalReaction991,1,http://www.reactome.org/biopax/96/48895#Catalysis435,2207
2080,1702|1703|9565,1706|9655,3,2,http://www.reactome.org/biopax/96/48895#BiochemicalReaction3190,1,http://www.reactome.org/biopax/96/48895#Catalysis1494,2208
2081,3505|8691|9444,3504|9446|9558,3,3,http://www.reactome.org/biopax/96/48895#BiochemicalReaction6932,1,http://www.reactome.org/biopax/96/48895#Catalysis3015,2209
2082,1008|9565,9451,2,1,http://www.reactome.org/biopax/96/48895#BiochemicalReaction2036,1,http://www.reactome.org/biopax/96/48895#Catalysis965,2210
2083,2193|7237,2197|7635,2,2,http://www.reactome.org/biopax/96/48895#BiochemicalReaction4260,1,http://www.reactome.org/biopax/96/48895#Catalysis1877,2211
2084,765|2152|7237,766|7635,3,2,http://www.reactome.org/biopax/96/48895#BiochemicalReaction1240,1,http://www.reactome.org/biopax/96/48895#Catalysis540,2212
2085,1777|2073|7237,2074|7635,3,2,http://www.reactome.org/biopax/96/48895#BiochemicalReaction4038,1,http://www.reactome.org/biopax/96/48895#Catalysis1789,2213
2086,3183|6128|7237,4667|7635,3,2,http://www.reactome.org/biopax/96/48895#BiochemicalReaction6196,1,http://www.reactome.org/biopax/96/48895#Catalysis2541,2214
2087,6613|7949|9544,7556|7897,3,2,http://www.reactome.org/biopax/96/48895#BiochemicalReaction2135,1,http://www.reactome.org/biopax/96/48895#Catalysis1035,2215
2088,6547|7267|7313|7493|7537,7276|7314|7493|7537,5,4,http://www.reactome.org/biopax/96/48895#BiochemicalReaction1950,1,http://www.reactome.org/biopax/96/48895#Catalysis888,2216
2089,3506|5148|9503,5149,3,1,http://www.reactome.org/biopax/96/48895#BiochemicalReaction6935,1,http://www.reactome.org/biopax/96/48895#Catalysis3017,2217
2090,3684,3685|5357,1,2,http://www.reactome.org/biopax/96/48895#BiochemicalReaction7441,1,http://www.reactome.org/biopax/96/48895#Catalysis3498,2218
2091,3627|7800|8012,8013,3,1,http://www.reactome.org/biopax/96/48895#BiochemicalReaction7255,1,http://www.reactome.org/biopax/96/48895#Catalysis3314,2219
2092,3286|4747|9433|9434,4748|9435|9436,4,3,http://www.reactome.org/biopax/96/48895#BiochemicalReaction6446,1,http://www.reactome.org/biopax/96/48895#Catalysis2648,2220
2093,5397|7484|7553,8081|8715,3,2,http://www.reactome.org/biopax/96/48895#BiochemicalReaction7487,1,http://www.reactome.org/biopax/96/48895#Catalysis3544,2221
2094,495|7372,484|496|6003|6006|6008|6009|6010|6023|6024|6025|7608,2,11,http://www.reactome.org/biopax/96/48895#BiochemicalReaction766,1,http://www.reactome.org/biopax/96/48895#Catalysis283,2222
2095,5312|7508|7959,8654,3,1,http://www.reactome.org/biopax/96/48895#BiochemicalReaction7892,1,http://www.reactome.org/biopax/96/48895#Catalysis3932,2223
2096,735|6213|9485|9667,6212|9486,4,2,http://www.reactome.org/biopax/96/48895#BiochemicalReaction1186,1,http://www.reactome.org/biopax/96/48895#Catalysis516,2224
2097,3499|8691|9444,3498|9446|9558,3,3,http://www.reactome.org/biopax/96/48895#BiochemicalReaction6926,1,http://www.reactome.org/biopax/96/48895#Catalysis3012,2225
2098,1036|7537,7493,2,1,http://www.reactome.org/biopax/96/48895#BiochemicalReaction2081,1,http://www.reactome.org/biopax/96/48895#Catalysis993,2226
2099,438|4710|7237,4711|7635,3,2,http://www.reactome.org/biopax/96/48895#BiochemicalReaction6398,1,http://www.reactome.org/biopax/96/48895#Catalysis2614,2227
2100,6032|7472,7546,2,1,http://www.reactome.org/biopax/96/48895#BiochemicalReaction786,1,http://www.reactome.org/biopax/96/48895#Catalysis299,2228
2101,6583|7372|8489,7416|7949,3,2,http://www.reactome.org/biopax/96/48895#BiochemicalReaction2067,1,http://www.reactome.org/biopax/96/48895#Catalysis983,2229
2102,380|4747,381,2,1,http://www.reactome.org/biopax/96/48895#BiochemicalReaction8851,1,http://www.reactome.org/biopax/96/48895#Control868,2230
2103,171|7508|9026,7949|9027,3,2,http://www.reactome.org/biopax/96/48895#BiochemicalReaction8391,1,http://www.reactome.org/biopax/96/48895#Catalysis4392,2231
2104,315,316,1,1,http://www.reactome.org/biopax/96/48895#BiochemicalReaction8762,1,http://www.reactome.org/biopax/96/48895#Catalysis4722,2232
2105,4770|7715,7717,2,1,http://www.reactome.org/biopax/96/48895#BiochemicalReaction6473,1,http://www.reactome.org/biopax/96/48895#Catalysis2675,2233
2106,2722|4314|4890,4979|5900,3,2,http://www.reactome.org/biopax/96/48895#BiochemicalReaction6648,1,http://www.reactome.org/biopax/96/48895#Catalysis2843,2234
2107,4786|7378|8337,7377|8338|9632,3,3,http://www.reactome.org/biopax/96/48895#BiochemicalReaction7591,1,http://www.reactome.org/biopax/96/48895#Catalysis3645,2235
2108,1069|9451|9458,7454|9569,3,2,http://www.reactome.org/biopax/96/48895#BiochemicalReaction2171,1,http://www.reactome.org/biopax/96/48895#Catalysis1052,2236
2109,898|899|9540,900|6424,3,2,http://www.reactome.org/biopax/96/48895#BiochemicalReaction1617,1,http://www.reactome.org/biopax/96/48895#Control155,2237
2110,3445|7792,3446|3447|8228,2,3,http://www.reactome.org/biopax/96/48895#BiochemicalReaction6802,1,http://www.reactome.org/biopax/96/48895#Catalysis2941,2238
2111,6002|7495,7496,2,1,http://www.reactome.org/biopax/96/48895#BiochemicalReaction741,1,http://www.reactome.org/biopax/96/48895#Catalysis259,2239
2112,1474,1475|6858|7519,1,3,http://www.reactome.org/biopax/96/48895#BiochemicalReaction2851,1,http://www.reactome.org/biopax/96/48895#Catalysis1354,2240
2113,3989|7585|9565,7698|8253,3,2,http://www.reactome.org/biopax/96/48895#BiochemicalReaction7481,1,http://www.reactome.org/biopax/96/48895#Catalysis3538,2241
2114,3756|3768|3774|7373|7374|7379|9546,3781,7,1,http://www.reactome.org/biopax/96/48895#BiochemicalReaction631,1,http://www.reactome.org/biopax/96/48895#Catalysis229,2242
2115,3598|7918|9565,7694|7949|9538,3,3,http://www.reactome.org/biopax/96/48895#BiochemicalReaction7134,1,http://www.reactome.org/biopax/96/48895#Catalysis3202,2244
2116,2098|2103|7237,2104|7635,3,2,http://www.reactome.org/biopax/96/48895#BiochemicalReaction4098,1,http://www.reactome.org/biopax/96/48895#Catalysis1818,2245
2117,2161|7593|7594|9645,7595|7597,4,2,http://www.reactome.org/biopax/96/48895#BiochemicalReaction4219,1,http://www.reactome.org/biopax/96/48895#Catalysis1858,2246
2118,5319|7583|8026|8489|8747,8027|8030|8467,5,3,http://www.reactome.org/biopax/96/48895#BiochemicalReaction7269,1,http://www.reactome.org/biopax/96/48895#Catalysis3328,2247
2119,886|5950|7237,887|7635,3,2,http://www.reactome.org/biopax/96/48895#BiochemicalReaction1581,1,http://www.reactome.org/biopax/96/48895#Catalysis678,2248
2120,5241|5242|7386,5243|7557|9632,3,3,http://www.reactome.org/biopax/96/48895#BiochemicalReaction7088,1,http://www.reactome.org/biopax/96/48895#Catalysis3159,2250
2121,1607|5877,4935|5900,2,2,http://www.reactome.org/biopax/96/48895#BiochemicalReaction6615,1,http://www.reactome.org/biopax/96/48895#Catalysis2809,2251
2122,4499|6797|7237,4500|7635,3,2,http://www.reactome.org/biopax/96/48895#BiochemicalReaction5623,1,http://www.reactome.org/biopax/96/48895#Catalysis2314,2252
2123,3785,5516|8546,1,2,http://www.reactome.org/biopax/96/48895#BiochemicalReaction7797,1,http://www.reactome.org/biopax/96/48895#Catalysis3839,2253
2124,1547|9546,1267|9550,2,2,http://www.reactome.org/biopax/96/48895#BiochemicalReaction2945,1,http://www.reactome.org/biopax/96/48895#Catalysis1402,2254
2125,585|8838|8868,8875|9289,3,2,http://www.reactome.org/biopax/96/48895#BiochemicalReaction8626,1,http://www.reactome.org/biopax/96/48895#Catalysis4620,2256
2126,592|8981|9565,8988|8999,3,2,http://www.reactome.org/biopax/96/48895#BiochemicalReaction924,1,http://www.reactome.org/biopax/96/48895#Catalysis385,2257
2127,1891|9566,1901|5013|9576,2,3,http://www.reactome.org/biopax/96/48895#BiochemicalReaction351,1,http://www.reactome.org/biopax/96/48895#Catalysis117,2258
2128,6223|6225|7621|9444,6224|9504,4,2,http://www.reactome.org/biopax/96/48895#BiochemicalReaction1232,1,http://www.reactome.org/biopax/96/48895#Catalysis537,2259
2129,980|7237|9565|9621,7635|9622|9655,4,3,http://www.reactome.org/biopax/96/48895#BiochemicalReaction1828,1,http://www.reactome.org/biopax/96/48895#Catalysis771,2260
2130,208|7449|9083|9481,9089|9480,4,2,http://www.reactome.org/biopax/96/48895#BiochemicalReaction8461,1,http://www.reactome.org/biopax/96/48895#Catalysis4462,2261
2131,497|7618|7619,7279|7620,3,2,http://www.reactome.org/biopax/96/48895#BiochemicalReaction769,1,http://www.reactome.org/biopax/96/48895#Catalysis286,2262
2132,1763|6969,6971|6973,2,2,http://www.reactome.org/biopax/96/48895#BiochemicalReaction3288,1,http://www.reactome.org/biopax/96/48895#Catalysis1534,2263
2133,1447|1448|9559,1449,3,1,http://www.reactome.org/biopax/96/48895#BiochemicalReaction2784,1,http://www.reactome.org/biopax/96/48895#Control266,2264
2134,1538|9546,1539|9550,2,2,http://www.reactome.org/biopax/96/48895#BiochemicalReaction2924,1,http://www.reactome.org/biopax/96/48895#Catalysis1393,2265
2135,1710|3905|9070,1711|7507,3,2,http://www.reactome.org/biopax/96/48895#BiochemicalReaction5568,1,http://www.reactome.org/biopax/96/48895#Catalysis2294,2266
2136,2260|5841|7305,2491|7311,3,2,http://www.reactome.org/biopax/96/48895#BiochemicalReaction466,1,http://www.reactome.org/biopax/96/48895#Catalysis183,2268
2137,4046|8563|8747,8467|8677,3,2,http://www.reactome.org/biopax/96/48895#BiochemicalReaction910,1,http://www.reactome.org/biopax/96/48895#Catalysis372,2270
2138,3821|7318,7372,2,1,http://www.reactome.org/biopax/96/48895#BiochemicalReaction7915,1,http://www.reactome.org/biopax/96/48895#Catalysis3951,2271
2139,3430|9565,3431|4161,2,2,http://www.reactome.org/biopax/96/48895#BiochemicalReaction6749,1,http://www.reactome.org/biopax/96/48895#Catalysis2925,2272
2140,2486|7237,2487|7635,2,2,http://www.reactome.org/biopax/96/48895#BiochemicalReaction4805,1,http://www.reactome.org/biopax/96/48895#Catalysis2041,2273
2141,4154|5179,3951|4154,2,2,http://www.reactome.org/biopax/96/48895#BiochemicalReaction7023,1,http://www.reactome.org/biopax/96/48895#Catalysis3102,2274
2142,2722|3326|4797,3327|5900,3,2,http://www.reactome.org/biopax/96/48895#BiochemicalReaction6602,1,http://www.reactome.org/biopax/96/48895#Catalysis2796,2275
2143,3052|3911|7237,3058|7635,3,2,http://www.reactome.org/biopax/96/48895#BiochemicalReaction5905,1,http://www.reactome.org/biopax/96/48895#Catalysis2418,2276
2144,5454|7389|8324,7557|8345|9632,3,3,http://www.reactome.org/biopax/96/48895#BiochemicalReaction7596,1,http://www.reactome.org/biopax/96/48895#Catalysis3650,2277
2145,3943|4876,6893,2,1,http://www.reactome.org/biopax/96/48895#BiochemicalReaction6571,1,http://www.reactome.org/biopax/96/48895#Catalysis2765,2278
2146,1134|4601,4603,2,1,http://www.reactome.org/biopax/96/48895#BiochemicalReaction5994,-1,http://www.reactome.org/biopax/96/48895#Control563,2279
2147,59|4004|7949|8179,60|8199,4,2,http://www.reactome.org/biopax/96/48895#BiochemicalReaction8193,1,http://www.reactome.org/biopax/96/48895#Catalysis4201,2280
2148,5225|5360|9546,6746|9550,3,2,http://www.reactome.org/biopax/96/48895#BiochemicalReaction2511,1,http://www.reactome.org/biopax/96/48895#Catalysis1169,2281
2149,3566|7843|9615,7816|7841,3,2,http://www.reactome.org/biopax/96/48895#BiochemicalReaction7013,1,http://www.reactome.org/biopax/96/48895#Catalysis3092,2282
2150,1781|7013|9546,7019|9550,3,2,http://www.reactome.org/biopax/96/48895#BiochemicalReaction3373,1,http://www.reactome.org/biopax/96/48895#Control297,2283
2151,1363|5415|6815,6816,3,1,http://www.reactome.org/biopax/96/48895#BiochemicalReaction2659,1,http://www.reactome.org/biopax/96/48895#Catalysis1243,2285
2152,2302|6383|6955,1744,3,1,http://www.reactome.org/biopax/96/48895#BiochemicalReaction5946,1,http://www.reactome.org/biopax/96/48895#Control557,2286
2153,2831|5019|7237,4819|7635,3,2,http://www.reactome.org/biopax/96/48895#BiochemicalReaction5286,1,http://www.reactome.org/biopax/96/48895#Catalysis2242,2287
2154,7678,7949|9059|9061,1,3,http://www.reactome.org/biopax/96/48895#BiochemicalReaction8435,1,http://www.reactome.org/biopax/96/48895#Control821,2288
2155,852,855,1,1,http://www.reactome.org/biopax/96/48895#BiochemicalReaction5551,1,http://www.reactome.org/biopax/96/48895#Catalysis2286,2290
2156,6494|7493|9600,7537|9601,3,2,http://www.reactome.org/biopax/96/48895#BiochemicalReaction1869,1,http://www.reactome.org/biopax/96/48895#Catalysis808,2291
2157,3196|4686,3195|5415,2,2,http://www.reactome.org/biopax/96/48895#BiochemicalReaction6257,1,http://www.reactome.org/biopax/96/48895#Catalysis2566,2292
2158,67|5618|7237|7354,68|7545|8228,4,3,http://www.reactome.org/biopax/96/48895#BiochemicalReaction8204,1,http://www.reactome.org/biopax/96/48895#Catalysis4212,2293
2159,6680|7487|7489,7486|7580,3,2,http://www.reactome.org/biopax/96/48895#BiochemicalReaction2349,1,http://www.reactome.org/biopax/96/48895#Catalysis1102,2294
2160,4118|9683,9687,2,1,http://www.reactome.org/biopax/96/48895#BiochemicalReaction1903,1,http://www.reactome.org/biopax/96/48895#Catalysis841,2295
2161,590|7800|8928,8976|9565,3,2,http://www.reactome.org/biopax/96/48895#BiochemicalReaction922,1,http://www.reactome.org/biopax/96/48895#Catalysis383,2296
2162,513|6045|6046|6047|7237|9655,513|6045|6046|7635,6,4,http://www.reactome.org/biopax/96/48895#BiochemicalReaction797,1,http://www.reactome.org/biopax/96/48895#Catalysis307,2297
2163,506|507|510|6034|6035|6036|6037|7237,508|509|6038|6039|6040|6041|7635|9655,8,8,http://www.reactome.org/biopax/96/48895#BiochemicalReaction795,1,http://www.reactome.org/biopax/96/48895#Catalysis305,2298
2164,5289|7967|8691|8708,7968|8715|8719,4,3,http://www.reactome.org/biopax/96/48895#BiochemicalReaction7207,1,http://www.reactome.org/biopax/96/48895#Catalysis3273,2299
2165,6421|7626|8360,7807|8361,3,2,http://www.reactome.org/biopax/96/48895#BiochemicalReaction7615,1,http://www.reactome.org/biopax/96/48895#Control708,2300
2166,5983|8154,8155,2,1,http://www.reactome.org/biopax/96/48895#BiochemicalReaction7361,1,http://www.reactome.org/biopax/96/48895#Catalysis3418,2301
2167,2175,931|2174,1,2,http://www.reactome.org/biopax/96/48895#BiochemicalReaction4240,1,http://www.reactome.org/biopax/96/48895#Catalysis1868,2302
2168,775|2113|7237,1896|7635,3,2,http://www.reactome.org/biopax/96/48895#BiochemicalReaction4114,1,http://www.reactome.org/biopax/96/48895#Catalysis1826,2303
2169,5393|7582|7585,8197|8252,3,2,http://www.reactome.org/biopax/96/48895#BiochemicalReaction7480,1,http://www.reactome.org/biopax/96/48895#Catalysis3537,2304
2170,7621|7622|8669,7551|7619|7622,3,3,http://www.reactome.org/biopax/96/48895#BiochemicalReaction7961,-1,http://www.reactome.org/biopax/96/48895#Control746,2305
2171,5418|6643|7465,3709,3,1,http://www.reactome.org/biopax/96/48895#BiochemicalReaction7535,1,http://www.reactome.org/biopax/96/48895#Catalysis3592,2306
2172,3969|7237|7579|9600,7635|7949|7964|9655,4,4,http://www.reactome.org/biopax/96/48895#BiochemicalReaction7308,1,http://www.reactome.org/biopax/96/48895#Catalysis3367,2307
2173,3554|7815,7824|7949,2,2,http://www.reactome.org/biopax/96/48895#BiochemicalReaction6985,1,http://www.reactome.org/biopax/96/48895#Catalysis3064,2308
2174,3818|6054|7237,3819|3820,3,2,http://www.reactome.org/biopax/96/48895#BiochemicalReaction7912,1,http://www.reactome.org/biopax/96/48895#Control730,2309
2175,4|7237|8746,7635|7949|8749,3,3,http://www.reactome.org/biopax/96/48895#BiochemicalReaction8071,1,http://www.reactome.org/biopax/96/48895#Catalysis4079,2310
2176,3297|7237|7712,7635|7713|7949,3,3,http://www.reactome.org/biopax/96/48895#BiochemicalReaction6469,1,http://www.reactome.org/biopax/96/48895#Catalysis2671,2311
2177,704|706|5415,705,3,1,http://www.reactome.org/biopax/96/48895#BiochemicalReaction1130,-1,http://www.reactome.org/biopax/96/48895#Control93,2312
2178,3380|9565,3381|3382|3907,2,3,http://www.reactome.org/biopax/96/48895#BiochemicalReaction6708,1,http://www.reactome.org/biopax/96/48895#Catalysis2894,2313
2179,5489|7949|8429|9644,8432|9633,4,2,http://www.reactome.org/biopax/96/48895#BiochemicalReaction7687,1,http://www.reactome.org/biopax/96/48895#Catalysis3735,2314
2180,3862|7413,282,2,1,http://www.reactome.org/biopax/96/48895#BiochemicalReaction8688,1,http://www.reactome.org/biopax/96/48895#Catalysis4682,2315
2181,4387|6687|6952,2413,3,1,http://www.reactome.org/biopax/96/48895#BiochemicalReaction4706,-1,http://www.reactome.org/biopax/96/48895#Control426,2316
2182,6067|8133,8141,2,1,http://www.reactome.org/biopax/96/48895#BiochemicalReaction885,1,http://www.reactome.org/biopax/96/48895#Catalysis348,2317
2183,1977|4169|9565,7558|7561|7562,3,3,http://www.reactome.org/biopax/96/48895#BiochemicalReaction3723,1,http://www.reactome.org/biopax/96/48895#Catalysis1713,2318
2184,9275|9276|9279,9277|9278,3,2,http://www.reactome.org/biopax/96/48895#BiochemicalReaction8614,-1,http://www.reactome.org/biopax/96/48895#Control840,2319
2185,880|7237|9410,7288|7635,3,2,http://www.reactome.org/biopax/96/48895#BiochemicalReaction1566,1,http://www.reactome.org/biopax/96/48895#Catalysis674,2320
2186,6996|6998|9451,6999|7000,3,2,http://www.reactome.org/biopax/96/48895#BiochemicalReaction3353,1,http://www.reactome.org/biopax/96/48895#Catalysis1545,2321
2187,4371|6058,2318,2,1,http://www.reactome.org/biopax/96/48895#BiochemicalReaction4529,1,http://www.reactome.org/biopax/96/48895#Catalysis1952,2322
2188,5429|8297|9565,8299|9655,3,2,http://www.reactome.org/biopax/96/48895#BiochemicalReaction7564,1,http://www.reactome.org/biopax/96/48895#Catalysis3619,2323
2189,3644|8078|9444,8080,3,1,http://www.reactome.org/biopax/96/48895#BiochemicalReaction7312,1,http://www.reactome.org/biopax/96/48895#Catalysis3371,2324
2190,2357|7237,2358|7635,2,2,http://www.reactome.org/biopax/96/48895#BiochemicalReaction4598,1,http://www.reactome.org/biopax/96/48895#Catalysis1970,2325
2191,3967|7508|7641|7949|9644,8034|9565|9633,5,3,http://www.reactome.org/biopax/96/48895#BiochemicalReaction7273,1,http://www.reactome.org/biopax/96/48895#Catalysis3332,2326
2192,7259|7635|7949|9546,7237|8440,4,2,http://www.reactome.org/biopax/96/48895#BiochemicalReaction6990,-1,http://www.reactome.org/biopax/96/48895#Control668,2327
2193,664|665|666|6176|6177,667|6178,5,2,http://www.reactome.org/biopax/96/48895#BiochemicalReaction1086,-1,http://www.reactome.org/biopax/96/48895#Control82,2328
2194,795|6268|9511,796|6267,3,2,http://www.reactome.org/biopax/96/48895#BiochemicalReaction1299,1,http://www.reactome.org/biopax/96/48895#Catalysis557,2329
2195,81|7237|8179,7635|7949|9633,3,3,http://www.reactome.org/biopax/96/48895#BiochemicalReaction8218,1,http://www.reactome.org/biopax/96/48895#Catalysis4225,2330
2196,5071|5072|5076,5067|5073,3,2,http://www.reactome.org/biopax/96/48895#BiochemicalReaction6843,1,http://www.reactome.org/biopax/96/48895#Catalysis2965,2331
2197,4087|6209|7305,4088|7311,3,2,http://www.reactome.org/biopax/96/48895#BiochemicalReaction1445,1,http://www.reactome.org/biopax/96/48895#Catalysis628,2332
2198,441|2808,5415,2,1,http://www.reactome.org/biopax/96/48895#BiochemicalReaction1843,1,http://www.reactome.org/biopax/96/48895#Catalysis782,2333
2199,1099|4844|6651,6652,3,1,http://www.reactome.org/biopax/96/48895#BiochemicalReaction2254,1,http://www.reactome.org/biopax/96/48895#Catalysis1072,2334
2200,500|7495|8290,7661|8420,3,2,http://www.reactome.org/biopax/96/48895#BiochemicalReaction775,-1,http://www.reactome.org/biopax/96/48895#Control61,2335
2201,5479|8405|9633,7949|8406|9517|9644,3,4,http://www.reactome.org/biopax/96/48895#BiochemicalReaction7659,1,http://www.reactome.org/biopax/96/48895#Catalysis3709,2336
2202,1334|6789|9565,1335|9655,3,2,http://www.reactome.org/biopax/96/48895#BiochemicalReaction2615,1,http://www.reactome.org/biopax/96/48895#Catalysis1219,2337
2203,5504|7508|7949|9438|9644,8526|9565|9633,5,3,http://www.reactome.org/biopax/96/48895#BiochemicalReaction7780,1,http://www.reactome.org/biopax/96/48895#Catalysis3824,2338
2204,1714|3971|9559,3971,3,1,http://www.reactome.org/biopax/96/48895#BiochemicalReaction317,1,http://www.reactome.org/biopax/96/48895#Control21,2339
2205,2741|4438|9565,2767|9655,3,2,http://www.reactome.org/biopax/96/48895#BiochemicalReaction5196,1,http://www.reactome.org/biopax/96/48895#Catalysis2211,2340
2206,1365|7237,1366|7635,2,2,http://www.reactome.org/biopax/96/48895#BiochemicalReaction2663,1,http://www.reactome.org/biopax/96/48895#Catalysis1246,2341
2207,575|8179|8779|9565,7241|7949|8199,4,3,http://www.reactome.org/biopax/96/48895#BiochemicalReaction8103,1,http://www.reactome.org/biopax/96/48895#Catalysis4111,2342
2208,3015|4535|9512|9667,5544|7551,4,2,http://www.reactome.org/biopax/96/48895#BiochemicalReaction7944,-1,http://www.reactome.org/biopax/96/48895#Control739,2343
2209,5654|7540|7621|8708|9444,7622|7810|8117|9667,5,4,http://www.reactome.org/biopax/96/48895#BiochemicalReaction8360,1,http://www.reactome.org/biopax/96/48895#Catalysis4361,2344
2210,1092|1096|7473|7474|7475|7476,1097,6,1,http://www.reactome.org/biopax/96/48895#BiochemicalReaction2252,1,http://www.reactome.org/biopax/96/48895#Catalysis1070,2345
2211,2227|5198|7237,4343|7635,3,2,http://www.reactome.org/biopax/96/48895#BiochemicalReaction4322,1,http://www.reactome.org/biopax/96/48895#Catalysis1903,2346
2212,4298|6290|6340,834,3,1,http://www.reactome.org/biopax/96/48895#BiochemicalReaction1438,-1,http://www.reactome.org/biopax/96/48895#Control140,2347
2213,1812|7088,7089,2,1,http://www.reactome.org/biopax/96/48895#BiochemicalReaction3460,1,http://www.reactome.org/biopax/96/48895#Catalysis1592,2348
2214,1721|7237,1722|6940|7635,2,3,http://www.reactome.org/biopax/96/48895#BiochemicalReaction3202,1,http://www.reactome.org/biopax/96/48895#Catalysis1499,2349
2215,5610|8856|9565,8859|9655,3,2,http://www.reactome.org/biopax/96/48895#BiochemicalReaction8176,1,http://www.reactome.org/biopax/96/48895#Catalysis4184,2350
2216,4459|7631|9451,7636|9537,3,2,http://www.reactome.org/biopax/96/48895#BiochemicalReaction5452,1,http://www.reactome.org/biopax/96/48895#Catalysis2251,2351
2217,5353|8092|9487,8079|8194,3,2,http://www.reactome.org/biopax/96/48895#BiochemicalReaction7396,1,http://www.reactome.org/biopax/96/48895#Catalysis3453,2352
2218,27|8819|9565,7949|8820,3,2,http://www.reactome.org/biopax/96/48895#BiochemicalReaction8135,1,http://www.reactome.org/biopax/96/48895#Catalysis4143,2353
2219,1037|1039|5415|7237,1038|7425|7635,4,3,http://www.reactome.org/biopax/96/48895#BiochemicalReaction2084,1,http://www.reactome.org/biopax/96/48895#Catalysis995,2354
2220,1684|6678|9070,1685|7507,3,2,http://www.reactome.org/biopax/96/48895#BiochemicalReaction3142,1,http://www.reactome.org/biopax/96/48895#Catalysis1485,2355
2221,581|2573|9070,807|7507,3,2,http://www.reactome.org/biopax/96/48895#BiochemicalReaction4923,1,http://www.reactome.org/biopax/96/48895#Catalysis2092,2356
2222,6835,1408,1,1,http://www.reactome.org/biopax/96/48895#BiochemicalReaction2711,1,http://www.reactome.org/biopax/96/48895#Catalysis1278,2357
2223,2149|7587|9470,2150,3,1,http://www.reactome.org/biopax/96/48895#BiochemicalReaction4184,1,http://www.reactome.org/biopax/96/48895#Control387,2358
2224,438|1403|7237,1404|7635,3,2,http://www.reactome.org/biopax/96/48895#BiochemicalReaction2698,1,http://www.reactome.org/biopax/96/48895#Catalysis1272,2359
2225,4112|6012,4113,2,1,http://www.reactome.org/biopax/96/48895#BiochemicalReaction1890,1,http://www.reactome.org/biopax/96/48895#Catalysis828,2360
2226,2722|5370,4899|5900,2,2,http://www.reactome.org/biopax/96/48895#BiochemicalReaction6586,1,http://www.reactome.org/biopax/96/48895#Catalysis2780,2361
2227,208|9088|9481,9083|9480,3,2,http://www.reactome.org/biopax/96/48895#BiochemicalReaction8460,1,http://www.reactome.org/biopax/96/48895#Catalysis4461,2362
2228,949|2743|9070,950|7507,3,2,http://www.reactome.org/biopax/96/48895#BiochemicalReaction5164,1,http://www.reactome.org/biopax/96/48895#Catalysis2198,2363
2229,4259|4260,2058,2,1,http://www.reactome.org/biopax/96/48895#BiochemicalReaction4006,1,http://www.reactome.org/biopax/96/48895#Control380,2364
2230,3687|7707|8225,8226|8228,3,2,http://www.reactome.org/biopax/96/48895#BiochemicalReaction7445,1,http://www.reactome.org/biopax/96/48895#Catalysis3502,2365
2231,3350|3946|9587,4078|4844,3,2,http://www.reactome.org/biopax/96/48895#BiochemicalReaction6692,1,http://www.reactome.org/biopax/96/48895#Catalysis2879,2367
2232,188|7508|9054,7949|8397|9055,3,3,http://www.reactome.org/biopax/96/48895#BiochemicalReaction8422,1,http://www.reactome.org/biopax/96/48895#Catalysis4423,2369
2233,1876|6389|7237,7170|7635,3,2,http://www.reactome.org/biopax/96/48895#BiochemicalReaction3567,1,http://www.reactome.org/biopax/96/48895#Catalysis1643,2370
2234,5479|8418|9633,8419|9517|9644,3,3,http://www.reactome.org/biopax/96/48895#BiochemicalReaction7670,1,http://www.reactome.org/biopax/96/48895#Catalysis3720,2371
2235,823|4305|9587,824|7329,3,2,http://www.reactome.org/biopax/96/48895#BiochemicalReaction1391,1,http://www.reactome.org/biopax/96/48895#Catalysis581,2372
2236,985|7238,7423,2,1,http://www.reactome.org/biopax/96/48895#BiochemicalReaction1839,1,http://www.reactome.org/biopax/96/48895#Catalysis780,2373
2237,1536|9546,1537|9550,2,2,http://www.reactome.org/biopax/96/48895#BiochemicalReaction2922,1,http://www.reactome.org/biopax/96/48895#Catalysis1392,2374
2238,2769|5415,2770,2,1,http://www.reactome.org/biopax/96/48895#BiochemicalReaction5199,1,http://www.reactome.org/biopax/96/48895#Catalysis2213,2375
2239,2808|3083,3081,2,1,http://www.reactome.org/biopax/96/48895#BiochemicalReaction5942,1,http://www.reactome.org/biopax/96/48895#Catalysis2435,2376
2240,3542|7829,7817|7830,2,2,http://www.reactome.org/biopax/96/48895#BiochemicalReaction6994,1,http://www.reactome.org/biopax/96/48895#Catalysis3073,2377
2241,229|9145,7527|9517,2,2,http://www.reactome.org/biopax/96/48895#BiochemicalReaction8526,1,http://www.reactome.org/biopax/96/48895#Catalysis4525,2378
2242,5089|6929|9451,4451,3,1,http://www.reactome.org/biopax/96/48895#BiochemicalReaction6863,1,http://www.reactome.org/biopax/96/48895#Catalysis2980,2379
2243,3695|8122|8265,8708|9685,3,2,http://www.reactome.org/biopax/96/48895#BiochemicalReaction7503,1,http://www.reactome.org/biopax/96/48895#Catalysis3560,2380
2244,2219|4338,2223|4334|7222,2,3,http://www.reactome.org/biopax/96/48895#BiochemicalReaction4299,1,http://www.reactome.org/biopax/96/48895#Catalysis1896,2381
2245,796|797,798,2,1,http://www.reactome.org/biopax/96/48895#BiochemicalReaction1301,1,http://www.reactome.org/biopax/96/48895#Control124,2383
2246,882|4217,881|8228,2,2,http://www.reactome.org/biopax/96/48895#BiochemicalReaction3786,1,http://www.reactome.org/biopax/96/48895#Catalysis1727,2384
2247,3769|7508|7949|8494|9644,8495|9565|9633,5,3,http://www.reactome.org/biopax/96/48895#BiochemicalReaction7735,-1,http://www.reactome.org/biopax/96/48895#Control712,2385
2248,7145|7150,7148|7149,2,2,http://www.reactome.org/biopax/96/48895#BiochemicalReaction3524,1,http://www.reactome.org/biopax/96/48895#Catalysis1626,2386
2249,641|1549|4933,5001|5900,3,2,http://www.reactome.org/biopax/96/48895#BiochemicalReaction6675,1,http://www.reactome.org/biopax/96/48895#Catalysis2868,2387
2250,6104|9681,9682,2,1,http://www.reactome.org/biopax/96/48895#BiochemicalReaction1902,1,http://www.reactome.org/biopax/96/48895#Catalysis840,2389
2251,78|7237|7949|8885,8179|8228,4,2,http://www.reactome.org/biopax/96/48895#BiochemicalReaction8220,1,http://www.reactome.org/biopax/96/48895#Catalysis4227,2390
2252,4426|7237|8317,7635|7949|8318,3,3,http://www.reactome.org/biopax/96/48895#BiochemicalReaction7578,1,http://www.reactome.org/biopax/96/48895#Catalysis3633,2391
2253,2722|5960,4944|5900,2,2,http://www.reactome.org/biopax/96/48895#BiochemicalReaction6621,1,http://www.reactome.org/biopax/96/48895#Catalysis2815,2392
2254,6725|6726|7237,6357|7635,3,2,http://www.reactome.org/biopax/96/48895#BiochemicalReaction2479,1,http://www.reactome.org/biopax/96/48895#Catalysis1151,2393
2255,4754|7688|7689,7580|7690,3,2,http://www.reactome.org/biopax/96/48895#BiochemicalReaction6452,1,http://www.reactome.org/biopax/96/48895#Catalysis2654,2394
2256,1192|9565,1193|9655,2,2,http://www.reactome.org/biopax/96/48895#BiochemicalReaction2409,1,http://www.reactome.org/biopax/96/48895#Catalysis1118,2395
2257,6556|9577,9597,2,1,http://www.reactome.org/biopax/96/48895#BiochemicalReaction1979,1,http://www.reactome.org/biopax/96/48895#Catalysis915,2396
2258,2737|9587,5901|5902|9596,2,3,http://www.reactome.org/biopax/96/48895#BiochemicalReaction497,1,http://www.reactome.org/biopax/96/48895#Catalysis195,2397
2259,5386|8239|9565,8185|8240,3,2,http://www.reactome.org/biopax/96/48895#BiochemicalReaction7462,1,http://www.reactome.org/biopax/96/48895#Catalysis3519,2398
2260,1054|6616|7442|7443,1053,4,1,http://www.reactome.org/biopax/96/48895#BiochemicalReaction2145,1,http://www.reactome.org/biopax/96/48895#Catalysis1043,2399
2261,3963|7800|8022,8008|8023|9565,3,3,http://www.reactome.org/biopax/96/48895#BiochemicalReaction7264,1,http://www.reactome.org/biopax/96/48895#Catalysis3323,2400
2262,3484|5096,4463,2,1,http://www.reactome.org/biopax/96/48895#BiochemicalReaction6876,1,http://www.reactome.org/biopax/96/48895#Control633,2401
2263,4714|4717|7674|8747|9158,4718|7675|8467,5,3,http://www.reactome.org/biopax/96/48895#BiochemicalReaction6407,1,http://www.reactome.org/biopax/96/48895#Catalysis2618,2402
2264,4798|7752|9510,7753|9508,3,2,http://www.reactome.org/biopax/96/48895#BiochemicalReaction6505,1,http://www.reactome.org/biopax/96/48895#Catalysis2707,2403
2265,6528|7252|7537,7253|7493,3,2,http://www.reactome.org/biopax/96/48895#BiochemicalReaction1916,1,http://www.reactome.org/biopax/96/48895#Catalysis854,2404
2266,2697|7237|9410,7288|7635,3,2,http://www.reactome.org/biopax/96/48895#BiochemicalReaction5100,1,http://www.reactome.org/biopax/96/48895#Catalysis2173,2405
2267,5668|9037|9565,7897|9420,3,2,http://www.reactome.org/biopax/96/48895#BiochemicalReaction8407,1,http://www.reactome.org/biopax/96/48895#Catalysis4408,2406
2268,7422|7537,7493,2,1,http://www.reactome.org/biopax/96/48895#BiochemicalReaction2081,-1,http://www.reactome.org/biopax/96/48895#Control194,2407
2269,4258|5415|6202,2063,3,1,http://www.reactome.org/biopax/96/48895#BiochemicalReaction4024,1,http://www.reactome.org/biopax/96/48895#Catalysis1782,2408
2270,1674|7619|8680,7279|7811,3,2,http://www.reactome.org/biopax/96/48895#BiochemicalReaction8315,1,http://www.reactome.org/biopax/96/48895#Catalysis4316,2409
2271,222|7237|9105,7635|7949|9106,3,3,http://www.reactome.org/biopax/96/48895#BiochemicalReaction8482,1,http://www.reactome.org/biopax/96/48895#Catalysis4482,2410
2272,64|7678,65|7278,2,2,http://www.reactome.org/biopax/96/48895#BiochemicalReaction8198,1,http://www.reactome.org/biopax/96/48895#Catalysis4206,2411
2273,4231|4276|7237,6170|7635,3,2,http://www.reactome.org/biopax/96/48895#BiochemicalReaction4097,1,http://www.reactome.org/biopax/96/48895#Catalysis1817,2412
2274,3317|4854|7389,6819|7557|9632,3,3,http://www.reactome.org/biopax/96/48895#BiochemicalReaction6553,1,http://www.reactome.org/biopax/96/48895#Catalysis2748,2413
2275,3460|5415|6754,5064,3,1,http://www.reactome.org/biopax/96/48895#BiochemicalReaction6830,1,http://www.reactome.org/biopax/96/48895#Catalysis2957,2414
2276,5310|7508|7949|8496|9644,8497|9565|9633,5,3,http://www.reactome.org/biopax/96/48895#BiochemicalReaction7737,1,http://www.reactome.org/biopax/96/48895#Catalysis3785,2416
2277,121|8143|8958,8142|8144|8147|9482,3,4,http://www.reactome.org/biopax/96/48895#BiochemicalReaction8307,1,http://www.reactome.org/biopax/96/48895#Catalysis4308,2417
2278,949|2087|9070,950|7507,3,2,http://www.reactome.org/biopax/96/48895#BiochemicalReaction4074,1,http://www.reactome.org/biopax/96/48895#Catalysis1804,2418
2279,152|7540|7622|9667,7621|8998,4,2,http://www.reactome.org/biopax/96/48895#BiochemicalReaction8359,1,http://www.reactome.org/biopax/96/48895#Catalysis4360,2419
2280,3688|8226|8227,7380|7486,3,2,http://www.reactome.org/biopax/96/48895#BiochemicalReaction7447,1,http://www.reactome.org/biopax/96/48895#Catalysis3504,2420
2281,964|9451|9458,7556|9563|9569,3,3,http://www.reactome.org/biopax/96/48895#BiochemicalReaction1777,1,http://www.reactome.org/biopax/96/48895#Catalysis738,2421
2282,111|4103|6622,112,3,1,http://www.reactome.org/biopax/96/48895#BiochemicalReaction8285,1,http://www.reactome.org/biopax/96/48895#Catalysis4287,2422
2283,577|8179|9108|9565,7949|8199|8700,4,3,http://www.reactome.org/biopax/96/48895#BiochemicalReaction8030,1,http://www.reactome.org/biopax/96/48895#Catalysis4040,2423
2284,1715|2644|7237,2643|6936|7635,3,3,http://www.reactome.org/biopax/96/48895#BiochemicalReaction5022,1,http://www.reactome.org/biopax/96/48895#Catalysis2132,2425
2285,5667|7281,9036,2,1,http://www.reactome.org/biopax/96/48895#BiochemicalReaction8401,1,http://www.reactome.org/biopax/96/48895#Catalysis4402,2426
2286,600|4050|7237|9565,4051|7635|9655,4,3,http://www.reactome.org/biopax/96/48895#BiochemicalReaction951,-1,http://www.reactome.org/biopax/96/48895#Control67,2427
2287,3603|7933|9565,7549|9655,3,2,http://www.reactome.org/biopax/96/48895#BiochemicalReaction7168,1,http://www.reactome.org/biopax/96/48895#Catalysis3236,2428
2288,990|8966,9469,2,1,http://www.reactome.org/biopax/96/48895#BiochemicalReaction1854,1,http://www.reactome.org/biopax/96/48895#Catalysis793,2429
2289,6031|7529|7537|7572,7493|7527|9472,4,3,http://www.reactome.org/biopax/96/48895#BiochemicalReaction782,1,http://www.reactome.org/biopax/96/48895#Catalysis296,2430
2290,5363|7582|9451,8202|8204,3,2,http://www.reactome.org/biopax/96/48895#BiochemicalReaction7409,-1,http://www.reactome.org/biopax/96/48895#Control698,2431
2291,2336|7237,2337|7635,2,2,http://www.reactome.org/biopax/96/48895#BiochemicalReaction4550,1,http://www.reactome.org/biopax/96/48895#Catalysis1960,2432
2292,5303|7626|7983,7255|7638|7984,3,3,http://www.reactome.org/biopax/96/48895#BiochemicalReaction7218,1,http://www.reactome.org/biopax/96/48895#Catalysis3284,2433
2293,736|6058|9490,6216|8467,3,2,http://www.reactome.org/biopax/96/48895#BiochemicalReaction1189,1,http://www.reactome.org/biopax/96/48895#Catalysis518,2434
2294,1504|7476,1505,2,1,http://www.reactome.org/biopax/96/48895#BiochemicalReaction2884,1,http://www.reactome.org/biopax/96/48895#Catalysis1373,2435
2295,322|6898,323,2,1,http://www.reactome.org/biopax/96/48895#BiochemicalReaction8778,1,http://www.reactome.org/biopax/96/48895#Catalysis4727,2436
2296,726|7556|9468,9401|9466,3,2,http://www.reactome.org/biopax/96/48895#BiochemicalReaction1179,1,http://www.reactome.org/biopax/96/48895#Catalysis509,2437
2297,3744|3745|7626,3740|7857,3,2,http://www.reactome.org/biopax/96/48895#BiochemicalReaction7609,1,http://www.reactome.org/biopax/96/48895#Catalysis3661,2438
2298,5381|8229|9565,8230|8231,3,2,http://www.reactome.org/biopax/96/48895#BiochemicalReaction7448,1,http://www.reactome.org/biopax/96/48895#Catalysis3505,2439
2299,123|125,124,2,1,http://www.reactome.org/biopax/96/48895#BiochemicalReaction8314,1,http://www.reactome.org/biopax/96/48895#Catalysis4315,2441
2300,5646|8954,8956,2,1,http://www.reactome.org/biopax/96/48895#BiochemicalReaction8305,1,http://www.reactome.org/biopax/96/48895#Catalysis4306,2442
2301,239|9150,7949|9151|9565,2,3,http://www.reactome.org/biopax/96/48895#BiochemicalReaction8530,-1,http://www.reactome.org/biopax/96/48895#Control832,2443
2302,4473|4827|7237,6370|7635,3,2,http://www.reactome.org/biopax/96/48895#BiochemicalReaction5522,1,http://www.reactome.org/biopax/96/48895#Catalysis2266,2444
2303,3571|3572|9565,3574|3951,3,2,http://www.reactome.org/biopax/96/48895#BiochemicalReaction7026,1,http://www.reactome.org/biopax/96/48895#Control682,2445
2304,3014|5544|8708,5545|7660,3,2,http://www.reactome.org/biopax/96/48895#BiochemicalReaction7945,1,http://www.reactome.org/biopax/96/48895#Catalysis3975,2446
2305,2532|7237,2534|7635,2,2,http://www.reactome.org/biopax/96/48895#BiochemicalReaction4865,1,http://www.reactome.org/biopax/96/48895#Catalysis2068,2447
2306,5274|7237|7933,7635|7943,3,2,http://www.reactome.org/biopax/96/48895#BiochemicalReaction7171,1,http://www.reactome.org/biopax/96/48895#Catalysis3239,2448
2307,3262|3263,3264|3265|9655,2,3,http://www.reactome.org/biopax/96/48895#BiochemicalReaction6384,1,http://www.reactome.org/biopax/96/48895#Catalysis2608,2450
2308,5932|5938|7319,5937|7323,3,2,http://www.reactome.org/biopax/96/48895#BiochemicalReaction568,1,http://www.reactome.org/biopax/96/48895#Catalysis215,2451
2309,5675|7237|9423|9565,7545|7949|9076|9655,4,4,http://www.reactome.org/biopax/96/48895#BiochemicalReaction8450,1,http://www.reactome.org/biopax/96/48895#Catalysis4451,2452
2310,2440|5415,2433,2,1,http://www.reactome.org/biopax/96/48895#BiochemicalReaction4746,1,http://www.reactome.org/biopax/96/48895#Catalysis2016,2453
2311,3880|7812|7949|8199,7250|8179,4,2,http://www.reactome.org/biopax/96/48895#BiochemicalReaction8001,1,http://www.reactome.org/biopax/96/48895#Catalysis4016,2455
2312,3829|6273,3830,2,1,http://www.reactome.org/biopax/96/48895#BiochemicalReaction7933,1,http://www.reactome.org/biopax/96/48895#Catalysis3964,2456
2313,5341|8130|9565,7580|7949|8132,3,3,http://www.reactome.org/biopax/96/48895#BiochemicalReaction7351,1,http://www.reactome.org/biopax/96/48895#Control696,2457
2314,1327|1694|9546,1328|9550,3,2,http://www.reactome.org/biopax/96/48895#BiochemicalReaction2595,1,http://www.reactome.org/biopax/96/48895#Catalysis1205,2458
2315,1335|6786|7237,6787|7635,3,2,http://www.reactome.org/biopax/96/48895#BiochemicalReaction2626,1,http://www.reactome.org/biopax/96/48895#Catalysis1227,2459
2316,3702|7237|8234,7465|7635,3,2,http://www.reactome.org/biopax/96/48895#BiochemicalReaction7517,1,http://www.reactome.org/biopax/96/48895#Catalysis3574,2460
2317,5578|7635|8711,7237|8710,3,2,http://www.reactome.org/biopax/96/48895#BiochemicalReaction8043,1,http://www.reactome.org/biopax/96/48895#Catalysis4051,2461
2318,4108|6454|9451,9583|9584,3,2,http://www.reactome.org/biopax/96/48895#BiochemicalReaction1790,1,http://www.reactome.org/biopax/96/48895#Catalysis751,2462
2319,3603|7936|9565,7933|9655,3,2,http://www.reactome.org/biopax/96/48895#BiochemicalReaction7173,1,http://www.reactome.org/biopax/96/48895#Catalysis3241,2463
2320,1734|1756|9070,807|7507,3,2,http://www.reactome.org/biopax/96/48895#BiochemicalReaction3273,1,http://www.reactome.org/biopax/96/48895#Catalysis1527,2464
2321,1618|7526,1619|7365,2,2,http://www.reactome.org/biopax/96/48895#BiochemicalReaction3027,1,http://www.reactome.org/biopax/96/48895#Catalysis1441,2465
2322,229|9132,7495|9517,2,2,http://www.reactome.org/biopax/96/48895#BiochemicalReaction8511,1,http://www.reactome.org/biopax/96/48895#Catalysis4510,2466
2323,2722|6743|6873,4929|5900,3,2,http://www.reactome.org/biopax/96/48895#BiochemicalReaction6609,1,http://www.reactome.org/biopax/96/48895#Catalysis2803,2468
2324,5306|7997,9691,2,1,http://www.reactome.org/biopax/96/48895#BiochemicalReaction7234,1,http://www.reactome.org/biopax/96/48895#Catalysis3294,2469
2325,3956|7626|7885,7857|7888,3,2,http://www.reactome.org/biopax/96/48895#BiochemicalReaction7108,1,http://www.reactome.org/biopax/96/48895#Catalysis3176,2470
2326,3537|7814,7813,2,1,http://www.reactome.org/biopax/96/48895#BiochemicalReaction6988,1,http://www.reactome.org/biopax/96/48895#Catalysis3067,2471
2327,3845|7257,8669,2,1,http://www.reactome.org/biopax/96/48895#BiochemicalReaction7960,1,http://www.reactome.org/biopax/96/48895#Catalysis3988,2472
2328,155|1991|4161,155|1992|4218,3,3,http://www.reactome.org/biopax/96/48895#BiochemicalReaction3803,1,http://www.reactome.org/biopax/96/48895#Catalysis1731,2473
2329,2380|9546,2385|9550,2,2,http://www.reactome.org/biopax/96/48895#BiochemicalReaction444,1,http://www.reactome.org/biopax/96/48895#Catalysis171,2474
2330,2791|7237,2792|7635,2,2,http://www.reactome.org/biopax/96/48895#BiochemicalReaction5225,1,http://www.reactome.org/biopax/96/48895#Catalysis2222,2475
2331,6088|7508|7949|8838|9644,8928|9565|9633,5,3,http://www.reactome.org/biopax/96/48895#BiochemicalReaction920,1,http://www.reactome.org/biopax/96/48895#Catalysis381,2476
2332,954|7949|8409,7556|8356,3,2,http://www.reactome.org/biopax/96/48895#BiochemicalReaction1923,1,http://www.reactome.org/biopax/96/48895#Catalysis861,2477
2333,599|8755|9655,7369|8756,3,2,http://www.reactome.org/biopax/96/48895#BiochemicalReaction8098,1,http://www.reactome.org/biopax/96/48895#Catalysis4106,2478
2334,6645|7468,7469,2,1,http://www.reactome.org/biopax/96/48895#BiochemicalReaction2224,1,http://www.reactome.org/biopax/96/48895#Catalysis1063,2479
2335,3973|8130|9565,7580|7949|8132,3,3,http://www.reactome.org/biopax/96/48895#BiochemicalReaction7351,1,http://www.reactome.org/biopax/96/48895#Catalysis3410,2480
2336,3587|7626|7876,7855|7877,3,2,http://www.reactome.org/biopax/96/48895#BiochemicalReaction7101,1,http://www.reactome.org/biopax/96/48895#Catalysis3169,2481
2337,4714|4715|7674|8747|9158,4716|7675|8467,5,3,http://www.reactome.org/biopax/96/48895#BiochemicalReaction6405,1,http://www.reactome.org/biopax/96/48895#Catalysis2616,2482
2338,1910|1912|7237,1911|7635,3,2,http://www.reactome.org/biopax/96/48895#BiochemicalReaction3613,-1,http://www.reactome.org/biopax/96/48895#Control335,2483
2339,197|7508|7949|9450|9644,7312|9565|9633,5,3,http://www.reactome.org/biopax/96/48895#BiochemicalReaction8434,1,http://www.reactome.org/biopax/96/48895#Catalysis4435,2484
2340,93|8915|8988,7281|8905,3,2,http://www.reactome.org/biopax/96/48895#BiochemicalReaction8256,1,http://www.reactome.org/biopax/96/48895#Catalysis4261,2485
2341,5243|5249|7391,5248|7390|9632,3,3,http://www.reactome.org/biopax/96/48895#BiochemicalReaction7091,1,http://www.reactome.org/biopax/96/48895#Catalysis3162,2486
2342,5608|5609|7580,5287|8875,3,2,http://www.reactome.org/biopax/96/48895#BiochemicalReaction8175,1,http://www.reactome.org/biopax/96/48895#Catalysis4183,2487
2343,1401|7237,6800|6830|7635,2,3,http://www.reactome.org/biopax/96/48895#BiochemicalReaction2697,1,http://www.reactome.org/biopax/96/48895#Catalysis1271,2488
2344,1837|1838|7237,1840|7635,3,2,http://www.reactome.org/biopax/96/48895#BiochemicalReaction3497,1,http://www.reactome.org/biopax/96/48895#Catalysis1615,2489
2345,1806|4685,4688|4689,2,2,http://www.reactome.org/biopax/96/48895#BiochemicalReaction6250,1,http://www.reactome.org/biopax/96/48895#Catalysis2563,2490
2346,5320|8026|8489|8747|9176,8027|8467|9177,5,3,http://www.reactome.org/biopax/96/48895#BiochemicalReaction8555,1,http://www.reactome.org/biopax/96/48895#Catalysis4552,2491
2347,321|9587,322|9596,2,2,http://www.reactome.org/biopax/96/48895#BiochemicalReaction8777,1,http://www.reactome.org/biopax/96/48895#Catalysis4726,2492
2348,6166|6170|7237,6168|7635,3,2,http://www.reactome.org/biopax/96/48895#BiochemicalReaction1062,1,http://www.reactome.org/biopax/96/48895#Catalysis463,2493
2349,969|6460|6461|9070|9565,975|7507|9655,5,3,http://www.reactome.org/biopax/96/48895#BiochemicalReaction1810,1,http://www.reactome.org/biopax/96/48895#Catalysis760,2494
2350,6526|8409|9697,7241|8356,3,2,http://www.reactome.org/biopax/96/48895#BiochemicalReaction1913,1,http://www.reactome.org/biopax/96/48895#Catalysis851,2495
2351,3072|4565|9565,3073|9655,3,2,http://www.reactome.org/biopax/96/48895#BiochemicalReaction5927,1,http://www.reactome.org/biopax/96/48895#Control555,2496
2352,902|6425,905|6426,2,2,http://www.reactome.org/biopax/96/48895#BiochemicalReaction1623,1,http://www.reactome.org/biopax/96/48895#Catalysis695,2497
2353,3158|4234|7237,3159|7635,3,2,http://www.reactome.org/biopax/96/48895#BiochemicalReaction6152,1,http://www.reactome.org/biopax/96/48895#Catalysis2517,2498
2354,643|6941|9546,6942|9550,3,2,http://www.reactome.org/biopax/96/48895#BiochemicalReaction3216,1,http://www.reactome.org/biopax/96/48895#Catalysis1504,2499
2355,860|6376,6377|6378,2,2,http://www.reactome.org/biopax/96/48895#BiochemicalReaction1541,1,http://www.reactome.org/biopax/96/48895#Catalysis661,2500
2356,1871|1884|7237,1885|7635,3,2,http://www.reactome.org/biopax/96/48895#BiochemicalReaction3588,1,http://www.reactome.org/biopax/96/48895#Catalysis1650,2501
2357,4579|4585|7237,4586|7635,3,2,http://www.reactome.org/biopax/96/48895#BiochemicalReaction5968,1,http://www.reactome.org/biopax/96/48895#Catalysis2448,2502
2358,3647|7621|8093,7622|8094|9667,3,3,http://www.reactome.org/biopax/96/48895#BiochemicalReaction7326,1,http://www.reactome.org/biopax/96/48895#Catalysis3385,2503
2359,6599|7430,7372,2,1,http://www.reactome.org/biopax/96/48895#BiochemicalReaction2098,-1,http://www.reactome.org/biopax/96/48895#Control212,2504
2360,641|7923,9553,2,1,http://www.reactome.org/biopax/96/48895#BiochemicalReaction7157,1,http://www.reactome.org/biopax/96/48895#Catalysis3225,2505
2361,375|377,378,2,1,http://www.reactome.org/biopax/96/48895#BiochemicalReaction8850,1,http://www.reactome.org/biopax/96/48895#Control865,2506
2362,1549|5926|6896,4948|5900,3,2,http://www.reactome.org/biopax/96/48895#BiochemicalReaction6625,1,http://www.reactome.org/biopax/96/48895#Catalysis2819,2508
2363,2139|6935|7237,2140|7635,3,2,http://www.reactome.org/biopax/96/48895#BiochemicalReaction4157,1,http://www.reactome.org/biopax/96/48895#Catalysis1844,2509
2364,3620|7993|7994,7995|7996|8467,3,3,http://www.reactome.org/biopax/96/48895#BiochemicalReaction7230,1,http://www.reactome.org/biopax/96/48895#Catalysis3290,2510
2365,6466|7237|9565|9603,7635|9607|9655,4,3,http://www.reactome.org/biopax/96/48895#BiochemicalReaction1820,1,http://www.reactome.org/biopax/96/48895#Catalysis764,2511
2366,6090|8691|8701|8708,8715|8719|8725,4,3,http://www.reactome.org/biopax/96/48895#BiochemicalReaction912,1,http://www.reactome.org/biopax/96/48895#Catalysis374,2512
2367,4517|4520|7643,4519|7644,3,2,http://www.reactome.org/biopax/96/48895#BiochemicalReaction5735,1,http://www.reactome.org/biopax/96/48895#Catalysis2358,2513
2368,402|5369|7450,404|7580,3,2,http://www.reactome.org/biopax/96/48895#BiochemicalReaction8899,1,http://www.reactome.org/biopax/96/48895#Catalysis4773,2514
2369,5293|7450|7949|7964,7580|7969|9517,4,3,http://www.reactome.org/biopax/96/48895#BiochemicalReaction7210,1,http://www.reactome.org/biopax/96/48895#Catalysis3276,2515
2370,3028|4543|7450,4187|4542|7580,3,3,http://www.reactome.org/biopax/96/48895#BiochemicalReaction5838,1,http://www.reactome.org/biopax/96/48895#Catalysis2395,2516
2371,4648|4649|7237,4650|7635,3,2,http://www.reactome.org/biopax/96/48895#BiochemicalReaction6111,1,http://www.reactome.org/biopax/96/48895#Catalysis2509,2517
2372,2261|6167|7237,6169|7635,3,2,http://www.reactome.org/biopax/96/48895#BiochemicalReaction4400,-1,http://www.reactome.org/biopax/96/48895#Control414,2518
2373,6320|6322|8290,6321|8420,3,2,http://www.reactome.org/biopax/96/48895#BiochemicalReaction1414,1,http://www.reactome.org/biopax/96/48895#Catalysis604,2519
2374,6189|9459,9461,2,1,http://www.reactome.org/biopax/96/48895#BiochemicalReaction1124,1,http://www.reactome.org/biopax/96/48895#Catalysis483,2520
2375,5234|5913,3584,2,1,http://www.reactome.org/biopax/96/48895#BiochemicalReaction7072,1,http://www.reactome.org/biopax/96/48895#Catalysis3144,2521
2376,2039|2040|7026|7027,1803,4,1,http://www.reactome.org/biopax/96/48895#BiochemicalReaction3894,-1,http://www.reactome.org/biopax/96/48895#Control374,2522
2377,175|7814|8179,7949|8199|9034,3,3,http://www.reactome.org/biopax/96/48895#BiochemicalReaction8398,1,http://www.reactome.org/biopax/96/48895#Catalysis4399,2523
2378,7566|7666|9644,7571|7949|9633,3,3,http://www.reactome.org/biopax/96/48895#BiochemicalReaction6145,1,http://www.reactome.org/biopax/96/48895#Control570,2525
2379,375|5822,378,2,1,http://www.reactome.org/biopax/96/48895#BiochemicalReaction8850,1,http://www.reactome.org/biopax/96/48895#Catalysis4749,2526
2380,949|2519|9070,950|7507,3,2,http://www.reactome.org/biopax/96/48895#BiochemicalReaction4845,1,http://www.reactome.org/biopax/96/48895#Control445,2527
2381,1896|2025,2024|4245,2,2,http://www.reactome.org/biopax/96/48895#BiochemicalReaction3860,1,http://www.reactome.org/biopax/96/48895#Catalysis1756,2528
2382,359|4233|7237,361|7635,3,2,http://www.reactome.org/biopax/96/48895#BiochemicalReaction8820,1,http://www.reactome.org/biopax/96/48895#Catalysis4737,2529
2383,1134,1989|9655,1,2,http://www.reactome.org/biopax/96/48895#BiochemicalReaction366,1,http://www.reactome.org/biopax/96/48895#Catalysis130,2530
2384,3663|8155|9481,8156|9480,3,2,http://www.reactome.org/biopax/96/48895#BiochemicalReaction7362,1,http://www.reactome.org/biopax/96/48895#Catalysis3419,2531
2385,5469|7634|9451,8379|9537,3,2,http://www.reactome.org/biopax/96/48895#BiochemicalReaction7634,1,http://www.reactome.org/biopax/96/48895#Catalysis3686,2532
2386,3011|7830|8179|9565,7831|7949|8199,4,3,http://www.reactome.org/biopax/96/48895#BiochemicalReaction6996,1,http://www.reactome.org/biopax/96/48895#Catalysis3075,2533
2387,3132|7237,3133|6911|7635,2,3,http://www.reactome.org/biopax/96/48895#BiochemicalReaction6095,1,http://www.reactome.org/biopax/96/48895#Catalysis2502,2534
2388,869|879|6386,878,3,1,http://www.reactome.org/biopax/96/48895#BiochemicalReaction1571,-1,http://www.reactome.org/biopax/96/48895#Control152,2535
2389,4392|4393|9551,2446,3,1,http://www.reactome.org/biopax/96/48895#BiochemicalReaction4753,1,http://www.reactome.org/biopax/96/48895#Control430,2536
2390,6352|9470,8966,2,1,http://www.reactome.org/biopax/96/48895#BiochemicalReaction1497,1,http://www.reactome.org/biopax/96/48895#Catalysis640,2537
2391,860|3485,5104|5114|5117|5118|6417,2,5,http://www.reactome.org/biopax/96/48895#BiochemicalReaction6898,1,http://www.reactome.org/biopax/96/48895#Catalysis3000,2538
2392,2172|4844,2200,2,1,http://www.reactome.org/biopax/96/48895#BiochemicalReaction413,1,http://www.reactome.org/biopax/96/48895#Catalysis148,2539
2393,1240|1242|9070,1241|6701|7507,3,3,http://www.reactome.org/biopax/96/48895#BiochemicalReaction2438,1,http://www.reactome.org/biopax/96/48895#Catalysis1139,2540
2394,522|6909|6910,1649,3,1,http://www.reactome.org/biopax/96/48895#BiochemicalReaction3071,-1,http://www.reactome.org/biopax/96/48895#Control277,2541
2395,1337|1422|9546,1423|9550,3,2,http://www.reactome.org/biopax/96/48895#BiochemicalReaction2742,1,http://www.reactome.org/biopax/96/48895#Catalysis1291,2542
2396,1608|1609|4841,1271|1610|1611,3,3,http://www.reactome.org/biopax/96/48895#BiochemicalReaction3017,1,http://www.reactome.org/biopax/96/48895#Catalysis1436,2543
2397,5688,225,1,1,http://www.reactome.org/biopax/96/48895#BiochemicalReaction8492,1,http://www.reactome.org/biopax/96/48895#Catalysis4492,2545
2398,2722|5959,5004|5900,2,2,http://www.reactome.org/biopax/96/48895#BiochemicalReaction6678,1,http://www.reactome.org/biopax/96/48895#Catalysis2871,2546
2399,4116|6518|7556,4117|7949,3,2,http://www.reactome.org/biopax/96/48895#BiochemicalReaction1897,1,http://www.reactome.org/biopax/96/48895#Catalysis835,2548
2400,812|7237,813|7635,2,2,http://www.reactome.org/biopax/96/48895#BiochemicalReaction1335,1,http://www.reactome.org/biopax/96/48895#Catalysis565,2549
2401,5497|7465|8505,8250|8507,3,2,http://www.reactome.org/biopax/96/48895#BiochemicalReaction7745,1,http://www.reactome.org/biopax/96/48895#Catalysis3793,2550
2402,5665|8679|8971,8970|9029|9667,3,3,http://www.reactome.org/biopax/96/48895#BiochemicalReaction8394,1,http://www.reactome.org/biopax/96/48895#Catalysis4395,2551
2403,2364|7237,2365|7635,2,2,http://www.reactome.org/biopax/96/48895#BiochemicalReaction4605,1,http://www.reactome.org/biopax/96/48895#Catalysis1973,2552
2404,939|5915,5916,2,1,http://www.reactome.org/biopax/96/48895#BiochemicalReaction532,1,http://www.reactome.org/biopax/96/48895#Control38,2553
2405,5181|7626|7883,7884,3,1,http://www.reactome.org/biopax/96/48895#BiochemicalReaction7106,1,http://www.reactome.org/biopax/96/48895#Catalysis3174,2554
2406,6901|7223,7216|7221,2,2,http://www.reactome.org/biopax/96/48895#BiochemicalReaction248,1,http://www.reactome.org/biopax/96/48895#Catalysis96,2555
2407,1869|7237,1871|7635,2,2,http://www.reactome.org/biopax/96/48895#BiochemicalReaction3559,1,http://www.reactome.org/biopax/96/48895#Catalysis1637,2556
2408,1083|1084|6648,1085,3,1,http://www.reactome.org/biopax/96/48895#BiochemicalReaction2238,1,http://www.reactome.org/biopax/96/48895#Control236,2557
2409,2911|7237,2442|4492|7635,2,3,http://www.reactome.org/biopax/96/48895#BiochemicalReaction5591,1,http://www.reactome.org/biopax/96/48895#Catalysis2303,2558
2410,2316|7237,2317|7635,2,2,http://www.reactome.org/biopax/96/48895#BiochemicalReaction4524,1,http://www.reactome.org/biopax/96/48895#Catalysis1951,2559
2411,852|4482,855,2,1,http://www.reactome.org/biopax/96/48895#BiochemicalReaction5551,1,http://www.reactome.org/biopax/96/48895#Control503,2560
2412,3015|3838|9444,3014|9446,3,2,http://www.reactome.org/biopax/96/48895#BiochemicalReaction7949,1,http://www.reactome.org/biopax/96/48895#Catalysis3978,2561
2413,2359|7237,2361|7635,2,2,http://www.reactome.org/biopax/96/48895#BiochemicalReaction4600,1,http://www.reactome.org/biopax/96/48895#Catalysis1971,2562
2414,178|7287,7897|9420,2,2,http://www.reactome.org/biopax/96/48895#BiochemicalReaction8406,1,http://www.reactome.org/biopax/96/48895#Catalysis4407,2563
2415,5489|7949|8471|9644,8474|9633,4,2,http://www.reactome.org/biopax/96/48895#BiochemicalReaction7719,1,http://www.reactome.org/biopax/96/48895#Catalysis3767,2564
2416,5586|8691|8739,8741|9558,3,2,http://www.reactome.org/biopax/96/48895#BiochemicalReaction8067,1,http://www.reactome.org/biopax/96/48895#Catalysis4075,2565
2417,2691|7237,2692|7635,2,2,http://www.reactome.org/biopax/96/48895#BiochemicalReaction5092,1,http://www.reactome.org/biopax/96/48895#Catalysis2169,2566
2418,14|8768|9565,8769|9655,3,2,http://www.reactome.org/biopax/96/48895#BiochemicalReaction8090,1,http://www.reactome.org/biopax/96/48895#Catalysis4098,2567
2419,2732|7237,2733|7635,2,2,http://www.reactome.org/biopax/96/48895#BiochemicalReaction5157,1,http://www.reactome.org/biopax/96/48895#Catalysis2194,2569
2420,481|7546,482,2,1,http://www.reactome.org/biopax/96/48895#BiochemicalReaction750,1,http://www.reactome.org/biopax/96/48895#Catalysis268,2570
2421,3467|3469|7554,3468|7555,3,2,http://www.reactome.org/biopax/96/48895#BiochemicalReaction6840,1,http://www.reactome.org/biopax/96/48895#Control614,2571
2422,6389|6391|7237,6390|7635,3,2,http://www.reactome.org/biopax/96/48895#BiochemicalReaction1560,1,http://www.reactome.org/biopax/96/48895#Catalysis671,2573
2423,25|8813|9565,8814|9655,3,2,http://www.reactome.org/biopax/96/48895#BiochemicalReaction8126,1,http://www.reactome.org/biopax/96/48895#Catalysis4134,2574
2424,164|7293|7508|9506,7294|9022,4,2,http://www.reactome.org/biopax/96/48895#BiochemicalReaction8384,1,http://www.reactome.org/biopax/96/48895#Catalysis4385,2575
2425,1617|7237,8126,2,1,http://www.reactome.org/biopax/96/48895#BiochemicalReaction8874,1,http://www.reactome.org/biopax/96/48895#Catalysis4760,2576
2426,5402|8269|9685,8265|9679,3,2,http://www.reactome.org/biopax/96/48895#BiochemicalReaction7502,1,http://www.reactome.org/biopax/96/48895#Catalysis3559,2577
2427,2580|7237,2581|7635,2,2,http://www.reactome.org/biopax/96/48895#BiochemicalReaction4929,1,http://www.reactome.org/biopax/96/48895#Catalysis2095,2578
2428,7436|8440,8658,2,1,http://www.reactome.org/biopax/96/48895#BiochemicalReaction7940,-1,http://www.reactome.org/biopax/96/48895#Control736,2580
2429,1815|1816|9565,1980|7043|9655,3,3,http://www.reactome.org/biopax/96/48895#BiochemicalReaction3407,1,http://www.reactome.org/biopax/96/48895#Catalysis1567,2581
2430,3985|9565|9604,7698|8236,3,2,http://www.reactome.org/biopax/96/48895#BiochemicalReaction7457,1,http://www.reactome.org/biopax/96/48895#Catalysis3514,2582
2431,2808|3465,3463|5415,2,2,http://www.reactome.org/biopax/96/48895#BiochemicalReaction6836,1,http://www.reactome.org/biopax/96/48895#Catalysis2961,2583
2432,2219|4248,2224|4334|7222,2,3,http://www.reactome.org/biopax/96/48895#BiochemicalReaction4300,1,http://www.reactome.org/biopax/96/48895#Catalysis1897,2584
2433,8|7949|9523|9644,7897|9108|9633,4,3,http://www.reactome.org/biopax/96/48895#BiochemicalReaction8080,1,http://www.reactome.org/biopax/96/48895#Catalysis4088,2585
2434,601|7949|9403|9644,9404|9633,4,2,http://www.reactome.org/biopax/96/48895#BiochemicalReaction958,1,http://www.reactome.org/biopax/96/48895#Catalysis413,2586
2435,3780|8179|8523,7949|8199|8532,3,3,http://www.reactome.org/biopax/96/48895#BiochemicalReaction7772,1,http://www.reactome.org/biopax/96/48895#Catalysis3816,2587
2436,299|608|9546,607|9550,3,2,http://www.reactome.org/biopax/96/48895#BiochemicalReaction8739,1,http://www.reactome.org/biopax/96/48895#Catalysis4711,2588
2437,1013|9674,9675,2,1,http://www.reactome.org/biopax/96/48895#BiochemicalReaction2027,1,http://www.reactome.org/biopax/96/48895#Catalysis958,2589
2438,2163|7600|9401,7601|9451,3,2,http://www.reactome.org/biopax/96/48895#BiochemicalReaction4223,1,http://www.reactome.org/biopax/96/48895#Catalysis1861,2590
2439,5480|7949|8424|9644,8425|9633,4,2,http://www.reactome.org/biopax/96/48895#BiochemicalReaction7673,1,http://www.reactome.org/biopax/96/48895#Catalysis3723,2591
2440,3636|7508|8632,8634,3,1,http://www.reactome.org/biopax/96/48895#BiochemicalReaction7877,1,http://www.reactome.org/biopax/96/48895#Catalysis3917,2592
2441,3835|7251|7621,7551|7622|9512,3,3,http://www.reactome.org/biopax/96/48895#BiochemicalReaction7942,1,http://www.reactome.org/biopax/96/48895#Catalysis3972,2593
2442,2151|2273|9546,2272|9550,3,2,http://www.reactome.org/biopax/96/48895#BiochemicalReaction428,1,http://www.reactome.org/biopax/96/48895#Catalysis160,2594
2443,4395|6951|9551,2449,3,1,http://www.reactome.org/biopax/96/48895#BiochemicalReaction4755,1,http://www.reactome.org/biopax/96/48895#Control432,2595
2444,5279|7956|9565,7957|9655,3,2,http://www.reactome.org/biopax/96/48895#BiochemicalReaction7188,1,http://www.reactome.org/biopax/96/48895#Catalysis3256,2596
2445,3041|4550|8290,4554|8420,3,2,http://www.reactome.org/biopax/96/48895#BiochemicalReaction5875,1,http://www.reactome.org/biopax/96/48895#Catalysis2408,2597
2446,1825|1828|7237,1829|7635,3,2,http://www.reactome.org/biopax/96/48895#BiochemicalReaction3435,1,http://www.reactome.org/biopax/96/48895#Catalysis1573,2598
2447,1525|9587,1526|6868|6870,2,3,http://www.reactome.org/biopax/96/48895#BiochemicalReaction2907,1,http://www.reactome.org/biopax/96/48895#Catalysis1385,2599
2448,3129|7319,3135|7323,2,2,http://www.reactome.org/biopax/96/48895#BiochemicalReaction548,1,http://www.reactome.org/biopax/96/48895#Catalysis212,2600
2449,949|2517|9070,950|7507,3,2,http://www.reactome.org/biopax/96/48895#BiochemicalReaction4842,1,http://www.reactome.org/biopax/96/48895#Catalysis2058,2601
2450,6958|6960|9565,6959|7405,3,2,http://www.reactome.org/biopax/96/48895#BiochemicalReaction3255,1,http://www.reactome.org/biopax/96/48895#Catalysis1520,2602
2451,3601|9556|9565,7919|9655,3,2,http://www.reactome.org/biopax/96/48895#BiochemicalReaction7142,1,http://www.reactome.org/biopax/96/48895#Catalysis3210,2603
2452,6561|7537|9577,7493|9597,3,2,http://www.reactome.org/biopax/96/48895#BiochemicalReaction1987,1,http://www.reactome.org/biopax/96/48895#Catalysis922,2605
2453,6909|6910|7237,4646|7635,3,2,http://www.reactome.org/biopax/96/48895#BiochemicalReaction6093,1,http://www.reactome.org/biopax/96/48895#Catalysis2501,2606
2454,2685|7237,2686|7635,2,2,http://www.reactome.org/biopax/96/48895#BiochemicalReaction5076,1,http://www.reactome.org/biopax/96/48895#Catalysis2163,2607
2455,6700|7490|9565,8252|9655,3,2,http://www.reactome.org/biopax/96/48895#BiochemicalReaction7545,1,http://www.reactome.org/biopax/96/48895#Catalysis3602,2608
2456,1867|5734|9070,1865|7507,3,2,http://www.reactome.org/biopax/96/48895#BiochemicalReaction8703,1,http://www.reactome.org/biopax/96/48895#Catalysis4697,2609
2457,1855|7145,7048|7146,2,2,http://www.reactome.org/biopax/96/48895#BiochemicalReaction3523,1,http://www.reactome.org/biopax/96/48895#Catalysis1625,2610
2458,6449|7237|9554,7635|9555,3,2,http://www.reactome.org/biopax/96/48895#BiochemicalReaction1748,1,http://www.reactome.org/biopax/96/48895#Catalysis729,2611
2459,1276|6768|9546,6784|9550,3,2,http://www.reactome.org/biopax/96/48895#BiochemicalReaction2606,1,http://www.reactome.org/biopax/96/48895#Catalysis1216,2612
2460,3307|7741,7743,2,1,http://www.reactome.org/biopax/96/48895#BiochemicalReaction6495,1,http://www.reactome.org/biopax/96/48895#Catalysis2697,2613
2461,1558|1568|9070,1565|7507,3,2,http://www.reactome.org/biopax/96/48895#BiochemicalReaction303,1,http://www.reactome.org/biopax/96/48895#Catalysis109,2614
2462,1631|2303,1632,2,1,http://www.reactome.org/biopax/96/48895#BiochemicalReaction3049,1,http://www.reactome.org/biopax/96/48895#Catalysis1451,2615
2463,912|921,922|6433,2,2,http://www.reactome.org/biopax/96/48895#BiochemicalReaction1638,-1,http://www.reactome.org/biopax/96/48895#Control169,2616
2464,707|5415|6193,6194,3,1,http://www.reactome.org/biopax/96/48895#BiochemicalReaction1135,1,http://www.reactome.org/biopax/96/48895#Catalysis486,2617
2465,6290|6324|7305,6311|7311,3,2,http://www.reactome.org/biopax/96/48895#BiochemicalReaction1417,1,http://www.reactome.org/biopax/96/48895#Catalysis607,2618
2466,5410|7465,8234|9655,2,2,http://www.reactome.org/biopax/96/48895#BiochemicalReaction7518,1,http://www.reactome.org/biopax/96/48895#Catalysis3575,2619
2467,5027|9565|9606,9615|9655,3,2,http://www.reactome.org/biopax/96/48895#BiochemicalReaction356,1,http://www.reactome.org/biopax/96/48895#Catalysis121,2620
2468,5161|5162|9615,3544,3,1,http://www.reactome.org/biopax/96/48895#BiochemicalReaction6970,1,http://www.reactome.org/biopax/96/48895#Control654,2621
2469,2131|4285,4286|7157,2,2,http://www.reactome.org/biopax/96/48895#BiochemicalReaction4147,1,http://www.reactome.org/biopax/96/48895#Catalysis1840,2622
2470,6207|7355,6208,2,1,http://www.reactome.org/biopax/96/48895#BiochemicalReaction1158,1,http://www.reactome.org/biopax/96/48895#Control98,2623
2471,3984|9565|9604,7698|8235,3,2,http://www.reactome.org/biopax/96/48895#BiochemicalReaction7455,1,http://www.reactome.org/biopax/96/48895#Catalysis3512,2624
2472,1164|1167|4131,1166,3,1,http://www.reactome.org/biopax/96/48895#BiochemicalReaction2384,-1,http://www.reactome.org/biopax/96/48895#Control242,2625
2473,1046|7433|9451,7556|9601,3,2,http://www.reactome.org/biopax/96/48895#BiochemicalReaction2108,1,http://www.reactome.org/biopax/96/48895#Catalysis1015,2626
2474,6068|9244,9253,2,1,http://www.reactome.org/biopax/96/48895#BiochemicalReaction941,1,http://www.reactome.org/biopax/96/48895#Catalysis402,2627
2475,5043|5794|7237,5795|7635,3,2,http://www.reactome.org/biopax/96/48895#BiochemicalReaction8829,1,http://www.reactome.org/biopax/96/48895#Catalysis4739,2628
2476,415|9070,8228|9522,2,2,http://www.reactome.org/biopax/96/48895#BiochemicalReaction8919,-1,http://www.reactome.org/biopax/96/48895#Control920,2629
2477,4807|7389|7773,7557|7774,3,2,http://www.reactome.org/biopax/96/48895#BiochemicalReaction6521,1,http://www.reactome.org/biopax/96/48895#Catalysis2721,2630
2478,1195|7435,9500,2,1,http://www.reactome.org/biopax/96/48895#BiochemicalReaction6208,1,http://www.reactome.org/biopax/96/48895#Catalysis2547,2631
2479,6572|7381|7388,7387|7389,3,2,http://www.reactome.org/biopax/96/48895#BiochemicalReaction2012,1,http://www.reactome.org/biopax/96/48895#Catalysis944,2632
2480,3278|6677,3748,2,1,http://www.reactome.org/biopax/96/48895#BiochemicalReaction7613,1,http://www.reactome.org/biopax/96/48895#Catalysis3665,2633
2481,5453|7386|8343,7557|8344|9632,3,3,http://www.reactome.org/biopax/96/48895#BiochemicalReaction7595,1,http://www.reactome.org/biopax/96/48895#Catalysis3649,2634
2482,6370|7372|9604,2873,3,1,http://www.reactome.org/biopax/96/48895#BiochemicalReaction5523,1,http://www.reactome.org/biopax/96/48895#Catalysis2267,2635
2483,2247|7237,2248|7635,2,2,http://www.reactome.org/biopax/96/48895#BiochemicalReaction4365,1,http://www.reactome.org/biopax/96/48895#Catalysis1921,2636
2484,6217|9444|9496,9497|9498,3,2,http://www.reactome.org/biopax/96/48895#BiochemicalReaction1193,1,http://www.reactome.org/biopax/96/48895#Catalysis522,2637
2485,5312|7508|8609,8610,3,1,http://www.reactome.org/biopax/96/48895#BiochemicalReaction7857,1,http://www.reactome.org/biopax/96/48895#Catalysis3897,2638
2486,1781|7013|9546,7011|9550,3,2,http://www.reactome.org/biopax/96/48895#BiochemicalReaction3367,1,http://www.reactome.org/biopax/96/48895#Control294,2639
2487,2848|7949|9443|9644,9440|9633,4,2,http://www.reactome.org/biopax/96/48895#BiochemicalReaction7782,1,http://www.reactome.org/biopax/96/48895#Control720,2640
2488,949|2897|9070,950|7507,3,2,http://www.reactome.org/biopax/96/48895#BiochemicalReaction5564,1,http://www.reactome.org/biopax/96/48895#Catalysis2291,2641
2489,831|6290|7305,6336|7311,3,2,http://www.reactome.org/biopax/96/48895#BiochemicalReaction1433,1,http://www.reactome.org/biopax/96/48895#Catalysis621,2642
2490,5225|5588|9546,6746|9550,3,2,http://www.reactome.org/biopax/96/48895#BiochemicalReaction2522,1,http://www.reactome.org/biopax/96/48895#Catalysis1174,2643
2491,2888|2891|9070,2890|7507,3,2,http://www.reactome.org/biopax/96/48895#BiochemicalReaction5547,1,http://www.reactome.org/biopax/96/48895#Catalysis2285,2644
2492,1615|7520,1616|7365,2,2,http://www.reactome.org/biopax/96/48895#BiochemicalReaction3025,1,http://www.reactome.org/biopax/96/48895#Catalysis1440,2645
2493,6986,6693|6988,1,2,http://www.reactome.org/biopax/96/48895#BiochemicalReaction209,1,http://www.reactome.org/biopax/96/48895#Catalysis58,2646
2494,6359|7508|9500|9644,7436|9521|9633,4,3,http://www.reactome.org/biopax/96/48895#BiochemicalReaction1507,1,http://www.reactome.org/biopax/96/48895#Catalysis644,2647
2495,1454|6854|9546|9587,1455|9515|9550|9596,4,4,http://www.reactome.org/biopax/96/48895#BiochemicalReaction2793,1,http://www.reactome.org/biopax/96/48895#Catalysis1318,2648
2496,454|3260,3261|5996,2,2,http://www.reactome.org/biopax/96/48895#BiochemicalReaction6381,1,http://www.reactome.org/biopax/96/48895#Catalysis2607,2649
2497,393|641,394|395|5867,2,3,http://www.reactome.org/biopax/96/48895#BiochemicalReaction8861,1,http://www.reactome.org/biopax/96/48895#Control907,2650
2498,1644|1646,1647|9655,2,2,http://www.reactome.org/biopax/96/48895#BiochemicalReaction3066,1,http://www.reactome.org/biopax/96/48895#Catalysis1460,2651
2499,5872|8938|9565,7653|7949|9388,3,3,http://www.reactome.org/biopax/96/48895#BiochemicalReaction8888,1,http://www.reactome.org/biopax/96/48895#Control909,2652
2500,6509|7537|9537,7493|9655,3,2,http://www.reactome.org/biopax/96/48895#BiochemicalReaction1884,1,http://www.reactome.org/biopax/96/48895#Catalysis822,2654
2501,1117,1114|1116|1118|9655,1,4,http://www.reactome.org/biopax/96/48895#BiochemicalReaction2291,1,http://www.reactome.org/biopax/96/48895#Catalysis1085,2655
2502,3628|8582|9565,8584,3,1,http://www.reactome.org/biopax/96/48895#BiochemicalReaction7836,1,http://www.reactome.org/biopax/96/48895#Catalysis3876,2656
2503,6052|6183|9546,6053|9550,3,2,http://www.reactome.org/biopax/96/48895#BiochemicalReaction3838,1,http://www.reactome.org/biopax/96/48895#Catalysis1749,2657
2504,1661|1672|1680,1675,3,1,http://www.reactome.org/biopax/96/48895#BiochemicalReaction313,1,http://www.reactome.org/biopax/96/48895#Control20,2658
2505,1223|6709|9070,1225|6701|7507,3,3,http://www.reactome.org/biopax/96/48895#BiochemicalReaction2429,1,http://www.reactome.org/biopax/96/48895#Catalysis1131,2659
2506,949|2460|9070,950|7507,3,2,http://www.reactome.org/biopax/96/48895#BiochemicalReaction4769,1,http://www.reactome.org/biopax/96/48895#Control434,2660
2507,5324|8062|8747|9516,8063|8467|9519,4,3,http://www.reactome.org/biopax/96/48895#BiochemicalReaction7296,1,http://www.reactome.org/biopax/96/48895#Catalysis3355,2661
2508,251|8179|9224,7949|8199|9225,3,3,http://www.reactome.org/biopax/96/48895#BiochemicalReaction8581,1,http://www.reactome.org/biopax/96/48895#Catalysis4578,2662
2509,5492|7237|8466|9565,7635|8468|9655,4,3,http://www.reactome.org/biopax/96/48895#BiochemicalReaction7713,1,http://www.reactome.org/biopax/96/48895#Catalysis3761,2663
2510,2169,931|4180,1,2,http://www.reactome.org/biopax/96/48895#BiochemicalReaction4235,1,http://www.reactome.org/biopax/96/48895#Catalysis1866,2664
2511,1947|1972|7237,1975|7635,3,2,http://www.reactome.org/biopax/96/48895#BiochemicalReaction365,1,http://www.reactome.org/biopax/96/48895#Catalysis129,2665
2512,1620|4844,1621,2,1,http://www.reactome.org/biopax/96/48895#BiochemicalReaction3030,1,http://www.reactome.org/biopax/96/48895#Catalysis1442,2666
2513,3120|4640|9565,3119|9655,3,2,http://www.reactome.org/biopax/96/48895#BiochemicalReaction6063,1,http://www.reactome.org/biopax/96/48895#Catalysis2493,2667
2514,5543|8179|8409,7949|8199|8440,3,3,http://www.reactome.org/biopax/96/48895#BiochemicalReaction7938,-1,http://www.reactome.org/biopax/96/48895#Control734,2668
2515,281|7949|9373|9644,9374|9633,4,2,http://www.reactome.org/biopax/96/48895#BiochemicalReaction8687,1,http://www.reactome.org/biopax/96/48895#Catalysis4681,2669
2516,2046|5176,2048,2,1,http://www.reactome.org/biopax/96/48895#BiochemicalReaction384,1,http://www.reactome.org/biopax/96/48895#Catalysis137,2670
2517,6092|8734|9350,8708|9351,3,2,http://www.reactome.org/biopax/96/48895#BiochemicalReaction8671,1,http://www.reactome.org/biopax/96/48895#Catalysis4665,2671
2518,2722|5900,5003|5900,2,2,http://www.reactome.org/biopax/96/48895#BiochemicalReaction6677,1,http://www.reactome.org/biopax/96/48895#Catalysis2870,2672
2519,907|6427,860|6428,2,2,http://www.reactome.org/biopax/96/48895#BiochemicalReaction1625,-1,http://www.reactome.org/biopax/96/48895#Control159,2673
2520,139|7542|8440,7276|8977,3,2,http://www.reactome.org/biopax/96/48895#BiochemicalReaction8331,1,http://www.reactome.org/biopax/96/48895#Catalysis4332,2674
2521,949|2418|9070,950|7507,3,2,http://www.reactome.org/biopax/96/48895#BiochemicalReaction4715,1,http://www.reactome.org/biopax/96/48895#Catalysis2001,2675
2522,2260|2553|5793|5877,2559,4,1,http://www.reactome.org/biopax/96/48895#BiochemicalReaction472,-1,http://www.reactome.org/biopax/96/48895#Control29,2676
2523,2175,2176,1,1,http://www.reactome.org/biopax/96/48895#BiochemicalReaction4241,1,http://www.reactome.org/biopax/96/48895#Catalysis1869,2677
2524,2217|7222,2218|7219,2,2,http://www.reactome.org/biopax/96/48895#BiochemicalReaction4294,1,http://www.reactome.org/biopax/96/48895#Catalysis1892,2678
2525,1542|2722,1543|5900,2,2,http://www.reactome.org/biopax/96/48895#BiochemicalReaction2930,1,http://www.reactome.org/biopax/96/48895#Catalysis1396,2679
2526,1303|9546,1304|9550,2,2,http://www.reactome.org/biopax/96/48895#BiochemicalReaction2561,1,http://www.reactome.org/biopax/96/48895#Catalysis1186,2680
2527,3638|7577|7644|8059,8042|8044|8060,4,3,http://www.reactome.org/biopax/96/48895#BiochemicalReaction7293,1,http://www.reactome.org/biopax/96/48895#Catalysis3352,2681
2528,885|6235|9565,886|9655,3,2,http://www.reactome.org/biopax/96/48895#BiochemicalReaction1580,1,http://www.reactome.org/biopax/96/48895#Catalysis677,2682
2529,587|8508|8868,8875|9311,3,2,http://www.reactome.org/biopax/96/48895#BiochemicalReaction8641,1,http://www.reactome.org/biopax/96/48895#Catalysis4635,2683
2530,1027|7237|9428|9565,7635|7949|9650|9655,4,4,http://www.reactome.org/biopax/96/48895#BiochemicalReaction2065,1,http://www.reactome.org/biopax/96/48895#Catalysis981,2684
2531,3799|8179|8584,8199|8585,3,2,http://www.reactome.org/biopax/96/48895#BiochemicalReaction7837,1,http://www.reactome.org/biopax/96/48895#Catalysis3877,2685
2532,5572|7290|7403,8683|9451,3,2,http://www.reactome.org/biopax/96/48895#BiochemicalReaction8013,1,http://www.reactome.org/biopax/96/48895#Catalysis4025,2686
2533,1763|2910,4490,2,1,http://www.reactome.org/biopax/96/48895#BiochemicalReaction5589,1,http://www.reactome.org/biopax/96/48895#Catalysis2302,2687
2534,1438|1440|1441|6852,1442,4,1,http://www.reactome.org/biopax/96/48895#BiochemicalReaction2776,1,http://www.reactome.org/biopax/96/48895#Control264,2688
2535,2099|7237|7288,2100|7635,3,2,http://www.reactome.org/biopax/96/48895#BiochemicalReaction4093,1,http://www.reactome.org/biopax/96/48895#Control384,2689
2536,6300|6301|9433|9434,6299|9435|9436|9513,4,4,http://www.reactome.org/biopax/96/48895#BiochemicalReaction1395,1,http://www.reactome.org/biopax/96/48895#Catalysis585,2690
2537,5336|8118,8119,2,1,http://www.reactome.org/biopax/96/48895#BiochemicalReaction7345,1,http://www.reactome.org/biopax/96/48895#Catalysis3404,2691
2538,227|7449|9122|9481,9123|9124|9480,4,3,http://www.reactome.org/biopax/96/48895#BiochemicalReaction8498,1,http://www.reactome.org/biopax/96/48895#Catalysis4498,2693
2539,4766|7706|7707,7685|7708|7949,3,3,http://www.reactome.org/biopax/96/48895#BiochemicalReaction6466,1,http://www.reactome.org/biopax/96/48895#Catalysis2668,2694
2540,1703|6947|9565,1706|9655,3,2,http://www.reactome.org/biopax/96/48895#BiochemicalReaction3231,1,http://www.reactome.org/biopax/96/48895#Catalysis1511,2695
2541,2886,2887|9655,1,2,http://www.reactome.org/biopax/96/48895#BiochemicalReaction5545,1,http://www.reactome.org/biopax/96/48895#Catalysis2284,2696
2542,4771|9615,7719,2,1,http://www.reactome.org/biopax/96/48895#BiochemicalReaction6475,1,http://www.reactome.org/biopax/96/48895#Catalysis2677,2697
2543,6996|7001|9451,7002|7003,3,2,http://www.reactome.org/biopax/96/48895#BiochemicalReaction3354,1,http://www.reactome.org/biopax/96/48895#Catalysis1546,2699
2544,1256|6721|9565,1257|9655,3,2,http://www.reactome.org/biopax/96/48895#BiochemicalReaction2452,1,http://www.reactome.org/biopax/96/48895#Control250,2700
2545,6477|7372|7423|7537,7238|7318|7493,4,3,http://www.reactome.org/biopax/96/48895#BiochemicalReaction1848,1,http://www.reactome.org/biopax/96/48895#Catalysis787,2701
2546,2085|6389|7237,4270|7635,3,2,http://www.reactome.org/biopax/96/48895#BiochemicalReaction4070,1,http://www.reactome.org/biopax/96/48895#Catalysis1803,2702
2547,3784|8467|8543,8544|8545,3,2,http://www.reactome.org/biopax/96/48895#BiochemicalReaction7795,1,http://www.reactome.org/biopax/96/48895#Catalysis3837,2703
2548,223|9114|9115|9487|9667,8079|9116|9117,5,3,http://www.reactome.org/biopax/96/48895#BiochemicalReaction8488,1,http://www.reactome.org/biopax/96/48895#Catalysis4488,2704
2549,1193|9565,1194|9655,2,2,http://www.reactome.org/biopax/96/48895#BiochemicalReaction2410,1,http://www.reactome.org/biopax/96/48895#Catalysis1119,2705
2550,2137|7237,2138|7635,2,2,http://www.reactome.org/biopax/96/48895#BiochemicalReaction4153,1,http://www.reactome.org/biopax/96/48895#Catalysis1843,2706
2551,4159|6983,6986|6987,2,2,http://www.reactome.org/biopax/96/48895#BiochemicalReaction208,1,http://www.reactome.org/biopax/96/48895#Catalysis57,2707
2552,4251|6164|7237,4253|7635,3,2,http://www.reactome.org/biopax/96/48895#BiochemicalReaction3973,1,http://www.reactome.org/biopax/96/48895#Catalysis1776,2708
2553,4778|7772|7780,3942,3,1,http://www.reactome.org/biopax/96/48895#BiochemicalReaction6530,1,http://www.reactome.org/biopax/96/48895#Catalysis2730,2709
2554,2278|7237,2279|7635,2,2,http://www.reactome.org/biopax/96/48895#BiochemicalReaction4428,1,http://www.reactome.org/biopax/96/48895#Catalysis1935,2710
2555,745,747|9655,1,2,http://www.reactome.org/biopax/96/48895#BiochemicalReaction1200,1,http://www.reactome.org/biopax/96/48895#Catalysis525,2711
2556,1425|5415,1426,2,1,http://www.reactome.org/biopax/96/48895#BiochemicalReaction2745,1,http://www.reactome.org/biopax/96/48895#Catalysis1293,2712
2557,1148|1211|9070,1212|6701|7507,3,3,http://www.reactome.org/biopax/96/48895#BiochemicalReaction2423,1,http://www.reactome.org/biopax/96/48895#Catalysis1125,2713
2558,3202|4691,3194|3203|5415|7134,2,4,http://www.reactome.org/biopax/96/48895#BiochemicalReaction6265,-1,http://www.reactome.org/biopax/96/48895#Control592,2714
2559,3893|8218|8706,8228|8709,3,2,http://www.reactome.org/biopax/96/48895#BiochemicalReaction8040,1,http://www.reactome.org/biopax/96/48895#Catalysis4048,2715
2560,19|8789|9565,7949|8228|8790,3,3,http://www.reactome.org/biopax/96/48895#BiochemicalReaction8111,1,http://www.reactome.org/biopax/96/48895#Catalysis4119,2716
2561,2808|2945,2943|5415,2,2,http://www.reactome.org/biopax/96/48895#BiochemicalReaction5653,1,http://www.reactome.org/biopax/96/48895#Catalysis2320,2717
2562,3070|3913,3914,2,1,http://www.reactome.org/biopax/96/48895#BiochemicalReaction5919,-1,http://www.reactome.org/biopax/96/48895#Control554,2719
2563,3644|8086|8708,7660|8077,3,2,http://www.reactome.org/biopax/96/48895#BiochemicalReaction7318,1,http://www.reactome.org/biopax/96/48895#Catalysis3377,2721
2564,4020|7583|8026|8489|8747,8027|8467|9219,5,3,http://www.reactome.org/biopax/96/48895#BiochemicalReaction8577,1,http://www.reactome.org/biopax/96/48895#Catalysis4574,2722
2565,158|7621|9008|9444,7279|7622|9448|9667,4,4,http://www.reactome.org/biopax/96/48895#BiochemicalReaction8370,1,http://www.reactome.org/biopax/96/48895#Catalysis4371,2723
2566,4481|6081,5086,2,1,http://www.reactome.org/biopax/96/48895#BiochemicalReaction6856,1,http://www.reactome.org/biopax/96/48895#Catalysis2973,2724
2567,5174|7237|7838,7635|7839|7949,3,3,http://www.reactome.org/biopax/96/48895#BiochemicalReaction7005,1,http://www.reactome.org/biopax/96/48895#Catalysis3084,2725
2568,5134|5591|9546,5594|9550,3,2,http://www.reactome.org/biopax/96/48895#BiochemicalReaction431,1,http://www.reactome.org/biopax/96/48895#Catalysis163,2726
2569,2321|4373,2323,2,1,http://www.reactome.org/biopax/96/48895#BiochemicalReaction4532,-1,http://www.reactome.org/biopax/96/48895#Control416,2727
2570,375|5753,378,2,1,http://www.reactome.org/biopax/96/48895#BiochemicalReaction8850,1,http://www.reactome.org/biopax/96/48895#Control863,2728
2571,3703|7237|8299,7635|8297,3,2,http://www.reactome.org/biopax/96/48895#BiochemicalReaction7563,1,http://www.reactome.org/biopax/96/48895#Catalysis3618,2729
2572,4818|4824|9400,4821|9397,3,2,http://www.reactome.org/biopax/96/48895#BiochemicalReaction6534,1,http://www.reactome.org/biopax/96/48895#Catalysis2733,2730
2573,1351|6804|9587,6805|9596,3,2,http://www.reactome.org/biopax/96/48895#BiochemicalReaction2635,1,http://www.reactome.org/biopax/96/48895#Catalysis1232,2731
2574,1217|7227,1224|1232,2,2,http://www.reactome.org/biopax/96/48895#BiochemicalReaction251,1,http://www.reactome.org/biopax/96/48895#Catalysis99,2732
2575,191|7617|7678,7278|9056,3,2,http://www.reactome.org/biopax/96/48895#BiochemicalReaction8425,1,http://www.reactome.org/biopax/96/48895#Catalysis4426,2733
2576,3976|9565|9605,7698|8257,3,2,http://www.reactome.org/biopax/96/48895#BiochemicalReaction7488,1,http://www.reactome.org/biopax/96/48895#Catalysis3545,2734
2577,2803|2808,5415,2,1,http://www.reactome.org/biopax/96/48895#BiochemicalReaction509,1,http://www.reactome.org/biopax/96/48895#Catalysis198,2735
2578,910|6413|9549,929,3,1,http://www.reactome.org/biopax/96/48895#BiochemicalReaction1664,1,http://www.reactome.org/biopax/96/48895#Control177,2736
2579,1009|9565,9451,2,1,http://www.reactome.org/biopax/96/48895#BiochemicalReaction2037,1,http://www.reactome.org/biopax/96/48895#Catalysis966,2737
2580,2992|7237|9565,2990|4521|6472|7635|7645,3,5,http://www.reactome.org/biopax/96/48895#BiochemicalReaction5743,1,http://www.reactome.org/biopax/96/48895#Catalysis2361,2738
2581,5042|6714|7237,6715|7635,3,2,http://www.reactome.org/biopax/96/48895#BiochemicalReaction2435,1,http://www.reactome.org/biopax/96/48895#Catalysis1137,2739
2582,4161|5029|9565,4161|6640,3,2,http://www.reactome.org/biopax/96/48895#BiochemicalReaction6740,1,http://www.reactome.org/biopax/96/48895#Catalysis2919,2740
2583,4606|5367|9587,4607|4844,3,2,http://www.reactome.org/biopax/96/48895#BiochemicalReaction5997,1,http://www.reactome.org/biopax/96/48895#Catalysis2466,2742
2584,1499|4844,1494|1497|1500,2,3,http://www.reactome.org/biopax/96/48895#BiochemicalReaction2879,1,http://www.reactome.org/biopax/96/48895#Catalysis1370,2743
2585,6733|6739|9546,6738|9550,3,2,http://www.reactome.org/biopax/96/48895#BiochemicalReaction2503,1,http://www.reactome.org/biopax/96/48895#Catalysis1163,2744
2586,4794|7401|7749,7507|7750,3,2,http://www.reactome.org/biopax/96/48895#BiochemicalReaction6503,1,http://www.reactome.org/biopax/96/48895#Catalysis2705,2745
2587,2004|2054|7237,2003|4223|7635,3,3,http://www.reactome.org/biopax/96/48895#BiochemicalReaction3995,1,http://www.reactome.org/biopax/96/48895#Catalysis1778,2746
2588,3765|7700|8387,8228|8388,3,2,http://www.reactome.org/biopax/96/48895#BiochemicalReaction7646,1,http://www.reactome.org/biopax/96/48895#Catalysis3697,2747
2589,1607|4292,4959|5900,2,2,http://www.reactome.org/biopax/96/48895#BiochemicalReaction6635,1,http://www.reactome.org/biopax/96/48895#Catalysis2829,2748
2590,4079|6304|9433|9434,6302|9435|9436|9513,4,4,http://www.reactome.org/biopax/96/48895#BiochemicalReaction1397,1,http://www.reactome.org/biopax/96/48895#Catalysis587,2749
2591,5177|7845,7816|7846,2,2,http://www.reactome.org/biopax/96/48895#BiochemicalReaction7018,1,http://www.reactome.org/biopax/96/48895#Catalysis3097,2750
2592,3324|4299|4883,4882|5900,3,2,http://www.reactome.org/biopax/96/48895#BiochemicalReaction6576,1,http://www.reactome.org/biopax/96/48895#Catalysis2770,2751
2593,2808|7573,7558|7559,2,2,http://www.reactome.org/biopax/96/48895#BiochemicalReaction3730,1,http://www.reactome.org/biopax/96/48895#Catalysis1715,2752
2594,5967|7011|9546,7012|9550,3,2,http://www.reactome.org/biopax/96/48895#BiochemicalReaction3366,1,http://www.reactome.org/biopax/96/48895#Catalysis1549,2753
2595,2606|7237|9410,7288|7635,3,2,http://www.reactome.org/biopax/96/48895#BiochemicalReaction4966,1,http://www.reactome.org/biopax/96/48895#Catalysis2113,2754
2596,6406|7237|9417,7635|9535,3,2,http://www.reactome.org/biopax/96/48895#BiochemicalReaction1603,1,http://www.reactome.org/biopax/96/48895#Catalysis687,2755
2597,2878,2879|9655,1,2,http://www.reactome.org/biopax/96/48895#BiochemicalReaction5532,1,http://www.reactome.org/biopax/96/48895#Catalysis2274,2756
2598,5599|7842,8849,2,1,http://www.reactome.org/biopax/96/48895#BiochemicalReaction8158,1,http://www.reactome.org/biopax/96/48895#Catalysis4166,2757
2599,3703|7237|8234,7635|8280,3,2,http://www.reactome.org/biopax/96/48895#BiochemicalReaction7519,1,http://www.reactome.org/biopax/96/48895#Catalysis3576,2758
2600,7293|9039|9429,7546|9040|9565,3,3,http://www.reactome.org/biopax/96/48895#BiochemicalReaction8412,-1,http://www.reactome.org/biopax/96/48895#Control819,2759
2601,234|7949|9644|9689,9491|9633|9688,4,3,http://www.reactome.org/biopax/96/48895#BiochemicalReaction8523,1,http://www.reactome.org/biopax/96/48895#Catalysis4522,2760
2602,1812|6459,7054|7055,2,2,http://www.reactome.org/biopax/96/48895#BiochemicalReaction3443,1,http://www.reactome.org/biopax/96/48895#Catalysis1575,2761
2603,3399|9587,3400|4033,2,2,http://www.reactome.org/biopax/96/48895#BiochemicalReaction6720,1,http://www.reactome.org/biopax/96/48895#Catalysis2903,2762
2604,923|1493,924|9544,2,2,http://www.reactome.org/biopax/96/48895#BiochemicalReaction1641,1,http://www.reactome.org/biopax/96/48895#Catalysis704,2763
2605,5357|5379|9604,3684,3,1,http://www.reactome.org/biopax/96/48895#BiochemicalReaction7440,1,http://www.reactome.org/biopax/96/48895#Catalysis3497,2764
2606,5678|7810|8691|9449,9093|9446|9558,4,3,http://www.reactome.org/biopax/96/48895#BiochemicalReaction8467,1,http://www.reactome.org/biopax/96/48895#Catalysis4468,2765
2607,290|8228|9565,9655,3,1,http://www.reactome.org/biopax/96/48895#BiochemicalReaction8701,1,http://www.reactome.org/biopax/96/48895#Catalysis4695,2766
2608,5619|8877,7330|8878,2,2,http://www.reactome.org/biopax/96/48895#BiochemicalReaction8210,1,http://www.reactome.org/biopax/96/48895#Catalysis4217,2768
2609,3811|7416,7372,2,1,http://www.reactome.org/biopax/96/48895#BiochemicalReaction8926,1,http://www.reactome.org/biopax/96/48895#Catalysis4785,2769
2610,599|7368|8756,8758|9655,3,2,http://www.reactome.org/biopax/96/48895#BiochemicalReaction8078,1,http://www.reactome.org/biopax/96/48895#Catalysis4086,2770
2611,3875|5066|8670|8671|9667,5062|8670|8671|9669,5,4,http://www.reactome.org/biopax/96/48895#BiochemicalReaction7997,1,http://www.reactome.org/biopax/96/48895#Catalysis4012,2771
2612,1763|4696,4698|4699,2,2,http://www.reactome.org/biopax/96/48895#BiochemicalReaction6319,1,http://www.reactome.org/biopax/96/48895#Catalysis2590,2772
2613,3693|7707|8197,8228|8251,3,2,http://www.reactome.org/biopax/96/48895#BiochemicalReaction7478,1,http://www.reactome.org/biopax/96/48895#Catalysis3535,2773
2614,5700|8673|8941|9444,8715|9165,4,2,http://www.reactome.org/biopax/96/48895#BiochemicalReaction8539,1,http://www.reactome.org/biopax/96/48895#Catalysis4538,2774
2615,3247|7237,3247|7635|9655,2,3,http://www.reactome.org/biopax/96/48895#BiochemicalReaction6358,1,http://www.reactome.org/biopax/96/48895#Control599,2775
2616,3891|7949|8704,8705|9565,3,2,http://www.reactome.org/biopax/96/48895#BiochemicalReaction8037,1,http://www.reactome.org/biopax/96/48895#Catalysis4046,2776
2617,6016|7423|7472|7537|7556,7238|7493|7546|7949,5,4,http://www.reactome.org/biopax/96/48895#BiochemicalReaction753,1,http://www.reactome.org/biopax/96/48895#Catalysis271,2777
2618,1812|7145,7152|7153,2,2,http://www.reactome.org/biopax/96/48895#BiochemicalReaction3531,1,http://www.reactome.org/biopax/96/48895#Catalysis1627,2778
2619,6522|9681,9682,2,1,http://www.reactome.org/biopax/96/48895#BiochemicalReaction1901,1,http://www.reactome.org/biopax/96/48895#Catalysis839,2779
2620,7172|9410|9565,9538|9541,3,2,http://www.reactome.org/biopax/96/48895#BiochemicalReaction3578,1,http://www.reactome.org/biopax/96/48895#Catalysis1646,2780
2621,5309|7995,8000,2,1,http://www.reactome.org/biopax/96/48895#BiochemicalReaction7239,1,http://www.reactome.org/biopax/96/48895#Catalysis3299,2783
2622,5593|8782|9565,7949|8781|9655,3,3,http://www.reactome.org/biopax/96/48895#BiochemicalReaction8107,1,http://www.reactome.org/biopax/96/48895#Catalysis4115,2784
2623,597|7237|9274,7635|9281,3,2,http://www.reactome.org/biopax/96/48895#BiochemicalReaction944,1,http://www.reactome.org/biopax/96/48895#Catalysis405,2786
2624,1979|4684|9565,3192|9655,3,2,http://www.reactome.org/biopax/96/48895#BiochemicalReaction6225,1,http://www.reactome.org/biopax/96/48895#Catalysis2557,2787
2625,1135|7237,6667|6668|6669|6670|6671|6672|9655,2,7,http://www.reactome.org/biopax/96/48895#BiochemicalReaction2314,1,http://www.reactome.org/biopax/96/48895#Catalysis1093,2788
2626,2819|2820,4367|4446|4447,2,3,http://www.reactome.org/biopax/96/48895#BiochemicalReaction5265,1,http://www.reactome.org/biopax/96/48895#Catalysis2236,2789
2627,5874|9391,9392,2,1,http://www.reactome.org/biopax/96/48895#BiochemicalReaction8897,1,http://www.reactome.org/biopax/96/48895#Catalysis4772,2790
2628,6098|7579,5723|7580,2,2,http://www.reactome.org/biopax/96/48895#BiochemicalReaction8646,1,http://www.reactome.org/biopax/96/48895#Catalysis4640,2791
2629,2669|2673|7237,1781|7635,3,2,http://www.reactome.org/biopax/96/48895#BiochemicalReaction5057,-1,http://www.reactome.org/biopax/96/48895#Control461,2792
2630,2555|7237,2556|7635,2,2,http://www.reactome.org/biopax/96/48895#BiochemicalReaction4900,1,http://www.reactome.org/biopax/96/48895#Catalysis2082,2794
2631,276|8467|9336,9337|9338,3,2,http://www.reactome.org/biopax/96/48895#BiochemicalReaction8665,1,http://www.reactome.org/biopax/96/48895#Catalysis4659,2795
2632,733|7800|9660,8008|9565,3,2,http://www.reactome.org/biopax/96/48895#BiochemicalReaction1183,1,http://www.reactome.org/biopax/96/48895#Catalysis513,2797
2633,568|7423,7238,2,1,http://www.reactome.org/biopax/96/48895#BiochemicalReaction852,1,http://www.reactome.org/biopax/96/48895#Catalysis344,2798
2634,1219|6705|9070,1220|6701|7507,3,3,http://www.reactome.org/biopax/96/48895#BiochemicalReaction2426,1,http://www.reactome.org/biopax/96/48895#Catalysis1128,2799
2635,2722|4974,4975|5900,2,2,http://www.reactome.org/biopax/96/48895#BiochemicalReaction6645,1,http://www.reactome.org/biopax/96/48895#Catalysis2840,2801
2636,1852,1853|5664|5907,1,3,http://www.reactome.org/biopax/96/48895#BiochemicalReaction3520,1,http://www.reactome.org/biopax/96/48895#Catalysis1623,2802
2637,3417|9565,3418|4161,2,2,http://www.reactome.org/biopax/96/48895#BiochemicalReaction6731,1,http://www.reactome.org/biopax/96/48895#Catalysis2912,2803
2638,4096|4179,4176,2,1,http://www.reactome.org/biopax/96/48895#BiochemicalReaction227,1,http://www.reactome.org/biopax/96/48895#Catalysis75,2804
2639,3565|7840|7843,7816|9615,3,2,http://www.reactome.org/biopax/96/48895#BiochemicalReaction7014,1,http://www.reactome.org/biopax/96/48895#Catalysis3093,2805
2640,3636|7508|8569|9565,8570,4,1,http://www.reactome.org/biopax/96/48895#BiochemicalReaction7826,1,http://www.reactome.org/biopax/96/48895#Catalysis3866,2806
2641,5272|7930|9515|9546,7931|9550,4,2,http://www.reactome.org/biopax/96/48895#BiochemicalReaction7156,1,http://www.reactome.org/biopax/96/48895#Catalysis3224,2807
2642,5271|7923|9546,7925|9515|9550,3,3,http://www.reactome.org/biopax/96/48895#BiochemicalReaction7151,1,http://www.reactome.org/biopax/96/48895#Catalysis3219,2808
2643,240|9151|9565,7897|9152,3,2,http://www.reactome.org/biopax/96/48895#BiochemicalReaction8531,1,http://www.reactome.org/biopax/96/48895#Catalysis4530,2809
2644,6475|7493|9632,7949|9634,3,2,http://www.reactome.org/biopax/96/48895#BiochemicalReaction1846,1,http://www.reactome.org/biopax/96/48895#Catalysis785,2811
2645,3769|7458|7508|7949|9644,8427|9565|9633,5,3,http://www.reactome.org/biopax/96/48895#BiochemicalReaction7683,-1,http://www.reactome.org/biopax/96/48895#Control711,2812
2646,659|9546,660|5134|9550,2,3,http://www.reactome.org/biopax/96/48895#BiochemicalReaction1080,1,http://www.reactome.org/biopax/96/48895#Catalysis472,2813
2647,2717|7237|9410,7288|7635,3,2,http://www.reactome.org/biopax/96/48895#BiochemicalReaction5134,1,http://www.reactome.org/biopax/96/48895#Catalysis2188,2814
2648,696|9587,627|697|6144|6146|9550|9596,2,6,http://www.reactome.org/biopax/96/48895#BiochemicalReaction1117,1,http://www.reactome.org/biopax/96/48895#Catalysis482,2815
2649,3727|7386|8329,7557|8330|9632,3,3,http://www.reactome.org/biopax/96/48895#BiochemicalReaction7588,1,http://www.reactome.org/biopax/96/48895#Catalysis3642,2816
2650,1104|1105,1106,2,1,http://www.reactome.org/biopax/96/48895#BiochemicalReaction2266,1,http://www.reactome.org/biopax/96/48895#Catalysis1077,2817
2651,3141|9433|9434,3142|9435|9436|9513,3,4,http://www.reactome.org/biopax/96/48895#BiochemicalReaction6107,1,http://www.reactome.org/biopax/96/48895#Catalysis2506,2818
2652,6755|6800|9565,6753|9655,3,2,http://www.reactome.org/biopax/96/48895#BiochemicalReaction2696,1,http://www.reactome.org/biopax/96/48895#Catalysis1270,2819
2653,41|7800|9329,8008|9330|9565,3,3,http://www.reactome.org/biopax/96/48895#BiochemicalReaction8656,1,http://www.reactome.org/biopax/96/48895#Catalysis4650,2820
2654,3296|7710,7712,2,1,http://www.reactome.org/biopax/96/48895#BiochemicalReaction6468,1,http://www.reactome.org/biopax/96/48895#Catalysis2670,2821
2655,5421|7237|8285,7635|8286,3,2,http://www.reactome.org/biopax/96/48895#BiochemicalReaction7540,1,http://www.reactome.org/biopax/96/48895#Catalysis3597,2822
2656,6487|9645|9646,7949|9647,3,2,http://www.reactome.org/biopax/96/48895#BiochemicalReaction1860,1,http://www.reactome.org/biopax/96/48895#Catalysis799,2823
2657,5575|7620|8685,7619|8672,3,2,http://www.reactome.org/biopax/96/48895#BiochemicalReaction8016,1,http://www.reactome.org/biopax/96/48895#Catalysis4028,2824
2658,577|8179|8238|9565,7949|8199|8256,4,3,http://www.reactome.org/biopax/96/48895#BiochemicalReaction891,1,http://www.reactome.org/biopax/96/48895#Catalysis354,2825
2659,2526|7237|9410,7288|7635,3,2,http://www.reactome.org/biopax/96/48895#BiochemicalReaction4855,1,http://www.reactome.org/biopax/96/48895#Catalysis2063,2826
2660,3403|9565,3404|3947,2,2,http://www.reactome.org/biopax/96/48895#BiochemicalReaction6722,1,http://www.reactome.org/biopax/96/48895#Catalysis2905,2827
2661,3823|7508|9644,7949|9471|9633,3,3,http://www.reactome.org/biopax/96/48895#BiochemicalReaction7926,1,http://www.reactome.org/biopax/96/48895#Catalysis3958,2828
2662,1237|6625,6188,2,1,http://www.reactome.org/biopax/96/48895#BiochemicalReaction2154,-1,http://www.reactome.org/biopax/96/48895#Control221,2829
2663,2161|7593|7598|9645,7595|7599,4,2,http://www.reactome.org/biopax/96/48895#BiochemicalReaction4220,1,http://www.reactome.org/biopax/96/48895#Catalysis1859,2830
2664,5587|8691|8759,8760|9558|9667,3,3,http://www.reactome.org/biopax/96/48895#BiochemicalReaction8081,1,http://www.reactome.org/biopax/96/48895#Catalysis4089,2831
2665,6017|7423|7472|7537|7556,7238|7493|7546|7949,5,4,http://www.reactome.org/biopax/96/48895#BiochemicalReaction753,-1,http://www.reactome.org/biopax/96/48895#Control59,2832
2666,352|353|9587,356|9514,3,2,http://www.reactome.org/biopax/96/48895#BiochemicalReaction8811,1,http://www.reactome.org/biopax/96/48895#Catalysis4733,2833
2667,1699|1700,1701|9655,2,2,http://www.reactome.org/biopax/96/48895#BiochemicalReaction3188,1,http://www.reactome.org/biopax/96/48895#Catalysis1493,2834
2668,5413|7288|9565,9460|9655,3,2,http://www.reactome.org/biopax/96/48895#BiochemicalReaction7528,1,http://www.reactome.org/biopax/96/48895#Catalysis3585,2835
2669,1659|1951,1663|7372,2,2,http://www.reactome.org/biopax/96/48895#BiochemicalReaction3678,1,http://www.reactome.org/biopax/96/48895#Catalysis1696,2836
2670,1364|7237,6796|6817|7635,2,3,http://www.reactome.org/biopax/96/48895#BiochemicalReaction2662,1,http://www.reactome.org/biopax/96/48895#Catalysis1245,2837
2671,1980|1988|5041,1986,3,1,http://www.reactome.org/biopax/96/48895#BiochemicalReaction370,-1,http://www.reactome.org/biopax/96/48895#Control24,2838
2672,5032|7848|8731,5033|8732|9565,3,3,http://www.reactome.org/biopax/96/48895#BiochemicalReaction8061,-1,http://www.reactome.org/biopax/96/48895#Control790,2839
2673,5262|7396|7900,7775|7901,3,2,http://www.reactome.org/biopax/96/48895#BiochemicalReaction7117,1,http://www.reactome.org/biopax/96/48895#Catalysis3185,2840
2674,2892,2893|9655,1,2,http://www.reactome.org/biopax/96/48895#BiochemicalReaction5556,1,http://www.reactome.org/biopax/96/48895#Catalysis2287,2841
2675,3045|4557|9565,4558|7663,3,2,http://www.reactome.org/biopax/96/48895#BiochemicalReaction5878,-1,http://www.reactome.org/biopax/96/48895#Control542,2842
2676,5311|7995,8002|8003,2,2,http://www.reactome.org/biopax/96/48895#BiochemicalReaction7241,1,http://www.reactome.org/biopax/96/48895#Catalysis3301,2843
2677,1349|6800|7237,1350|6802|7635,3,3,http://www.reactome.org/biopax/96/48895#BiochemicalReaction2632,1,http://www.reactome.org/biopax/96/48895#Catalysis1231,2845
2678,5463|7574|9565,7610|8231,3,2,http://www.reactome.org/biopax/96/48895#BiochemicalReaction7627,1,http://www.reactome.org/biopax/96/48895#Catalysis3679,2846
2679,380|5834,381,2,1,http://www.reactome.org/biopax/96/48895#BiochemicalReaction8851,1,http://www.reactome.org/biopax/96/48895#Control883,2847
2680,4735|7237|7681,7635|7682,3,2,http://www.reactome.org/biopax/96/48895#BiochemicalReaction6438,1,http://www.reactome.org/biopax/96/48895#Catalysis2640,2848
2681,1164|1176|1179|1181|6694|6695,1180,6,1,http://www.reactome.org/biopax/96/48895#BiochemicalReaction2400,1,http://www.reactome.org/biopax/96/48895#Control244,2849
2682,4514|6237|7237,6236|7635,3,2,http://www.reactome.org/biopax/96/48895#BiochemicalReaction5722,1,http://www.reactome.org/biopax/96/48895#Control514,2850
2683,385|388,387,2,1,http://www.reactome.org/biopax/96/48895#BiochemicalReaction8854,1,http://www.reactome.org/biopax/96/48895#Control898,2851
2684,581|4627|9070,807|7507,3,2,http://www.reactome.org/biopax/96/48895#BiochemicalReaction6029,1,http://www.reactome.org/biopax/96/48895#Catalysis2482,2852
2685,3907|5334,5030,2,1,http://www.reactome.org/biopax/96/48895#BiochemicalReaction6743,1,http://www.reactome.org/biopax/96/48895#Catalysis2920,2853
2686,845|7237,846|7635,2,2,http://www.reactome.org/biopax/96/48895#BiochemicalReaction1519,1,http://www.reactome.org/biopax/96/48895#Catalysis653,2854
2687,475|482|6003|6004|6005|6007|6008,483,7,1,http://www.reactome.org/biopax/96/48895#BiochemicalReaction751,1,http://www.reactome.org/biopax/96/48895#Control57,2855
2688,775|1895|7237,1896|7635,3,2,http://www.reactome.org/biopax/96/48895#BiochemicalReaction3600,1,http://www.reactome.org/biopax/96/48895#Catalysis1656,2856
2689,5691|9118|9120,7949|9050|9664,3,3,http://www.reactome.org/biopax/96/48895#BiochemicalReaction8495,1,http://www.reactome.org/biopax/96/48895#Catalysis4495,2858
2690,475|486|6003|6004|6007|6008|6013,487,7,1,http://www.reactome.org/biopax/96/48895#BiochemicalReaction755,1,http://www.reactome.org/biopax/96/48895#Catalysis272,2859
2691,521|8747|8975,532|9071|9158,3,3,http://www.reactome.org/biopax/96/48895#BiochemicalReaction100,1,http://www.reactome.org/biopax/96/48895#Catalysis32,2860
2692,380|5827,381,2,1,http://www.reactome.org/biopax/96/48895#BiochemicalReaction8851,1,http://www.reactome.org/biopax/96/48895#Control872,2861
2693,2590|7237|9410,7288|7635,3,2,http://www.reactome.org/biopax/96/48895#BiochemicalReaction4939,1,http://www.reactome.org/biopax/96/48895#Catalysis2098,2862
2694,7621|8669|9558,7551|7619|7622,3,3,http://www.reactome.org/biopax/96/48895#BiochemicalReaction7961,1,http://www.reactome.org/biopax/96/48895#Control747,2863
2695,7475|8837|9587,8839|8840|9515,3,3,http://www.reactome.org/biopax/96/48895#BiochemicalReaction8149,1,http://www.reactome.org/biopax/96/48895#Control799,2864
2696,6189|7556|8901,7949|8902,3,2,http://www.reactome.org/biopax/96/48895#BiochemicalReaction8237,1,http://www.reactome.org/biopax/96/48895#Catalysis4243,2865
2697,3250|3251|9070,3252|3253,3,2,http://www.reactome.org/biopax/96/48895#BiochemicalReaction6368,1,http://www.reactome.org/biopax/96/48895#Catalysis2604,2866
2698,3503|8691|9444,3501|9446|9558,3,3,http://www.reactome.org/biopax/96/48895#BiochemicalReaction6930,1,http://www.reactome.org/biopax/96/48895#Catalysis3014,2867
2699,2237|4548|7603,4549|8228,3,2,http://www.reactome.org/biopax/96/48895#BiochemicalReaction5871,1,http://www.reactome.org/biopax/96/48895#Catalysis2405,2868
2700,5154|7808|7949|9644,7809|9633,4,2,http://www.reactome.org/biopax/96/48895#BiochemicalReaction6955,1,http://www.reactome.org/biopax/96/48895#Catalysis3036,2869
2701,3014|8691|9512,3015|9558|9667,3,3,http://www.reactome.org/biopax/96/48895#BiochemicalReaction5802,-1,http://www.reactome.org/biopax/96/48895#Control528,2870
2702,5183|7237|7949|9653,7853|8228,4,2,http://www.reactome.org/biopax/96/48895#BiochemicalReaction7036,1,http://www.reactome.org/biopax/96/48895#Catalysis3114,2871
2703,1165|4102,4104,2,1,http://www.reactome.org/biopax/96/48895#BiochemicalReaction1682,1,http://www.reactome.org/biopax/96/48895#Catalysis715,2872
2704,6140|6149|7237,6148|7635,3,2,http://www.reactome.org/biopax/96/48895#BiochemicalReaction1042,1,http://www.reactome.org/biopax/96/48895#Catalysis452,2873
2705,2109|3756|3768|3774|7373|7374|7379|9546,3781,8,1,http://www.reactome.org/biopax/96/48895#BiochemicalReaction631,1,http://www.reactome.org/biopax/96/48895#Control43,2874
2706,2719|2721,2720,2,1,http://www.reactome.org/biopax/96/48895#BiochemicalReaction5136,-1,http://www.reactome.org/biopax/96/48895#Control464,2875
2707,3577|7626|7859,7852|7860,3,2,http://www.reactome.org/biopax/96/48895#BiochemicalReaction7051,1,http://www.reactome.org/biopax/96/48895#Catalysis3127,2876
2708,910|6425,906|6426,2,2,http://www.reactome.org/biopax/96/48895#BiochemicalReaction1630,1,http://www.reactome.org/biopax/96/48895#Catalysis699,2877
2709,962|7499|9565,9560|9562,3,2,http://www.reactome.org/biopax/96/48895#BiochemicalReaction2487,1,http://www.reactome.org/biopax/96/48895#Catalysis1153,2878
2710,26|7370|7949|9644,8819|9633,4,2,http://www.reactome.org/biopax/96/48895#BiochemicalReaction8134,1,http://www.reactome.org/biopax/96/48895#Catalysis4142,2879
2711,1145|7237,1131|6666|6673|6674|6675|6676|7635,2,7,http://www.reactome.org/biopax/96/48895#BiochemicalReaction2323,1,http://www.reactome.org/biopax/96/48895#Catalysis1095,2880
2712,52|1076,53,2,1,http://www.reactome.org/biopax/96/48895#BiochemicalReaction8184,1,http://www.reactome.org/biopax/96/48895#Catalysis4192,2881
2713,4811|7389|7772,3939,3,1,http://www.reactome.org/biopax/96/48895#BiochemicalReaction6526,1,http://www.reactome.org/biopax/96/48895#Catalysis2726,2882
2714,3064|3066|7237,3067|7635,3,2,http://www.reactome.org/biopax/96/48895#BiochemicalReaction5912,-1,http://www.reactome.org/biopax/96/48895#Control551,2883
2715,760|6219|9503,6220,3,1,http://www.reactome.org/biopax/96/48895#BiochemicalReaction1222,-1,http://www.reactome.org/biopax/96/48895#Control107,2884
2716,3983|9565|9604,7698|8235,3,2,http://www.reactome.org/biopax/96/48895#BiochemicalReaction7454,1,http://www.reactome.org/biopax/96/48895#Catalysis3511,2885
2717,1907|6445|7181|7237,1908|7635,4,2,http://www.reactome.org/biopax/96/48895#BiochemicalReaction3608,1,http://www.reactome.org/biopax/96/48895#Catalysis1661,2886
2718,3736|3956|7626,3737|7857,3,2,http://www.reactome.org/biopax/96/48895#BiochemicalReaction7604,1,http://www.reactome.org/biopax/96/48895#Catalysis3656,2887
2719,1276|6776|9546,6777|9550,3,2,http://www.reactome.org/biopax/96/48895#BiochemicalReaction2602,1,http://www.reactome.org/biopax/96/48895#Catalysis1212,2888
2720,1520|7520,1521|7365,2,2,http://www.reactome.org/biopax/96/48895#BiochemicalReaction2900,1,http://www.reactome.org/biopax/96/48895#Catalysis1381,2889
2721,6093|8734|8985,8708|8989|9667,3,3,http://www.reactome.org/biopax/96/48895#BiochemicalReaction8345,1,http://www.reactome.org/biopax/96/48895#Catalysis4346,2890
2722,3761|7949|8383|9644,7580|8384|9633,4,3,http://www.reactome.org/biopax/96/48895#BiochemicalReaction7640,1,http://www.reactome.org/biopax/96/48895#Catalysis3692,2891
2723,5983|8491,8455,2,1,http://www.reactome.org/biopax/96/48895#BiochemicalReaction7732,1,http://www.reactome.org/biopax/96/48895#Catalysis3780,2892
2724,347|641,348,2,1,http://www.reactome.org/biopax/96/48895#BiochemicalReaction8795,1,http://www.reactome.org/biopax/96/48895#Control858,2893
2725,16|8813|9565,8814|9655,3,2,http://www.reactome.org/biopax/96/48895#BiochemicalReaction8127,1,http://www.reactome.org/biopax/96/48895#Catalysis4135,2894
2726,1755|7237,1756|7635,2,2,http://www.reactome.org/biopax/96/48895#BiochemicalReaction3272,1,http://www.reactome.org/biopax/96/48895#Catalysis1526,2895
2727,3987|8244|9565,7698|8246,3,2,http://www.reactome.org/biopax/96/48895#BiochemicalReaction7470,1,http://www.reactome.org/biopax/96/48895#Catalysis3527,2896
2728,681,682|9655,1,2,http://www.reactome.org/biopax/96/48895#BiochemicalReaction1097,1,http://www.reactome.org/biopax/96/48895#Catalysis481,2897
2729,2674|7237|9410,7288|7635,3,2,http://www.reactome.org/biopax/96/48895#BiochemicalReaction5059,1,http://www.reactome.org/biopax/96/48895#Catalysis2155,2898
2730,2505|5415,2506,2,1,http://www.reactome.org/biopax/96/48895#BiochemicalReaction4830,1,http://www.reactome.org/biopax/96/48895#Catalysis2052,2899
2731,235|7949|9644|9689,9491|9633|9688,4,3,http://www.reactome.org/biopax/96/48895#BiochemicalReaction8524,1,http://www.reactome.org/biopax/96/48895#Catalysis4523,2900
2732,3309|7388|7747,7748|8858,3,2,http://www.reactome.org/biopax/96/48895#BiochemicalReaction6501,1,http://www.reactome.org/biopax/96/48895#Catalysis2703,2903
2733,1814|6279|7237,1812|7635,3,2,http://www.reactome.org/biopax/96/48895#BiochemicalReaction3434,-1,http://www.reactome.org/biopax/96/48895#Control312,2904
2734,2260|4844|5448,2264,3,1,http://www.reactome.org/biopax/96/48895#BiochemicalReaction426,1,http://www.reactome.org/biopax/96/48895#Catalysis158,2905
2735,5710|8565|8691|8708,7660|8715|8719,4,3,http://www.reactome.org/biopax/96/48895#BiochemicalReaction8601,1,http://www.reactome.org/biopax/96/48895#Catalysis4597,2906
2736,6050|6052|9546,6053|9550,3,2,http://www.reactome.org/biopax/96/48895#BiochemicalReaction810,1,http://www.reactome.org/biopax/96/48895#Catalysis314,2907
2737,614|6135|9433|9434,6136|9435|9436,4,3,http://www.reactome.org/biopax/96/48895#BiochemicalReaction1017,1,http://www.reactome.org/biopax/96/48895#Catalysis442,2908
2738,4239|6942|9546,4240|9550,3,2,http://www.reactome.org/biopax/96/48895#BiochemicalReaction3837,1,http://www.reactome.org/biopax/96/48895#Catalysis1748,2909
2739,4413|4414|9546,4415|9550,3,2,http://www.reactome.org/biopax/96/48895#BiochemicalReaction4918,1,http://www.reactome.org/biopax/96/48895#Catalysis2091,2910
2740,1109|7480|7481|7482|7483,1110|8715,5,2,http://www.reactome.org/biopax/96/48895#BiochemicalReaction2274,1,http://www.reactome.org/biopax/96/48895#Catalysis1081,2911
2741,408|522|7372,419,3,1,http://www.reactome.org/biopax/96/48895#BiochemicalReaction8921,1,http://www.reactome.org/biopax/96/48895#Control921,2912
2742,3639|8170|9481,8171|9480,3,2,http://www.reactome.org/biopax/96/48895#BiochemicalReaction7374,1,http://www.reactome.org/biopax/96/48895#Catalysis3431,2913
2743,781|7416,7372,2,1,http://www.reactome.org/biopax/96/48895#BiochemicalReaction2803,1,http://www.reactome.org/biopax/96/48895#Catalysis1323,2914
2744,3629|7625|9451,7472|7627,3,2,http://www.reactome.org/biopax/96/48895#BiochemicalReaction7252,1,http://www.reactome.org/biopax/96/48895#Catalysis3311,2915
2745,5491|7237|7580|8486,7545|8228|8487|9565,4,4,http://www.reactome.org/biopax/96/48895#BiochemicalReaction7728,1,http://www.reactome.org/biopax/96/48895#Catalysis3776,2917
2746,3513|7398,3514|7949|8858,2,3,http://www.reactome.org/biopax/96/48895#BiochemicalReaction6939,1,http://www.reactome.org/biopax/96/48895#Catalysis3021,2918
2747,773|6236|9565,6237|9655,3,2,http://www.reactome.org/biopax/96/48895#BiochemicalReaction1250,1,http://www.reactome.org/biopax/96/48895#Catalysis546,2919
2748,202|9030|9077,9032|9078|9667,3,3,http://www.reactome.org/biopax/96/48895#BiochemicalReaction8451,1,http://www.reactome.org/biopax/96/48895#Catalysis4452,2921
2749,1435|4844,1436,2,1,http://www.reactome.org/biopax/96/48895#BiochemicalReaction2766,1,http://www.reactome.org/biopax/96/48895#Catalysis1305,2922
2750,468|6358|7237,400|7635,3,2,http://www.reactome.org/biopax/96/48895#BiochemicalReaction8880,1,http://www.reactome.org/biopax/96/48895#Catalysis4763,2923
2751,6060|6167|7237,6169|7635,3,2,http://www.reactome.org/biopax/96/48895#BiochemicalReaction4400,1,http://www.reactome.org/biopax/96/48895#Control413,2924
2752,5512|8539|9633,7949|8540|9644,3,3,http://www.reactome.org/biopax/96/48895#BiochemicalReaction7791,1,http://www.reactome.org/biopax/96/48895#Catalysis3833,2925
2753,5983|8456,8456,2,1,http://www.reactome.org/biopax/96/48895#BiochemicalReaction7733,1,http://www.reactome.org/biopax/96/48895#Catalysis3781,2926
2754,551|7238|7318|7537,7372|7423|7493,4,3,http://www.reactome.org/biopax/96/48895#BiochemicalReaction834,1,http://www.reactome.org/biopax/96/48895#Catalysis329,2927
2755,1048|7238|7318,7372|7423,3,2,http://www.reactome.org/biopax/96/48895#BiochemicalReaction11,1,http://www.reactome.org/biopax/96/48895#Catalysis5,2928
2756,5032|5124|7802,5033|7278,3,2,http://www.reactome.org/biopax/96/48895#BiochemicalReaction6901,1,http://www.reactome.org/biopax/96/48895#Catalysis3003,2929
2757,2151|2406|9546,2272|9550,3,2,http://www.reactome.org/biopax/96/48895#BiochemicalReaction449,1,http://www.reactome.org/biopax/96/48895#Catalysis176,2930
2758,4469|7971|9565,7545,3,1,http://www.reactome.org/biopax/96/48895#BiochemicalReaction5500,1,http://www.reactome.org/biopax/96/48895#Catalysis2256,2931
2759,226|2808,5689,2,1,http://www.reactome.org/biopax/96/48895#BiochemicalReaction8503,1,http://www.reactome.org/biopax/96/48895#Catalysis4503,2932
2760,1896|2010|7237,2012|7635,3,2,http://www.reactome.org/biopax/96/48895#BiochemicalReaction3828,1,http://www.reactome.org/biopax/96/48895#Catalysis1742,2934
2761,4055|4057|8847,4056|7949|8858,3,3,http://www.reactome.org/biopax/96/48895#BiochemicalReaction964,1,http://www.reactome.org/biopax/96/48895#Catalysis419,2935
2762,709|5415,710,2,1,http://www.reactome.org/biopax/96/48895#BiochemicalReaction1142,1,http://www.reactome.org/biopax/96/48895#Catalysis489,2936
2763,385|386,387,2,1,http://www.reactome.org/biopax/96/48895#BiochemicalReaction8854,1,http://www.reactome.org/biopax/96/48895#Control896,2937
2764,3032|5920,5415,2,1,http://www.reactome.org/biopax/96/48895#BiochemicalReaction539,1,http://www.reactome.org/biopax/96/48895#Catalysis210,2938
2765,730|9480,7449|9481,2,2,http://www.reactome.org/biopax/96/48895#BiochemicalReaction1180,1,http://www.reactome.org/biopax/96/48895#Catalysis510,2939
2766,3224|5914,3225,2,1,http://www.reactome.org/biopax/96/48895#BiochemicalReaction6296,1,http://www.reactome.org/biopax/96/48895#Catalysis2584,2940
2767,15|8770|9451,8772|9537,3,2,http://www.reactome.org/biopax/96/48895#BiochemicalReaction8091,1,http://www.reactome.org/biopax/96/48895#Catalysis4099,2941
2768,591|9368|9451,7472|9369,3,2,http://www.reactome.org/biopax/96/48895#BiochemicalReaction8683,1,http://www.reactome.org/biopax/96/48895#Catalysis4677,2942
2769,741|751,752|9655,2,2,http://www.reactome.org/biopax/96/48895#BiochemicalReaction1206,1,http://www.reactome.org/biopax/96/48895#Control105,2943
2770,2972|7237,522|2973|7635,2,3,http://www.reactome.org/biopax/96/48895#BiochemicalReaction5697,1,http://www.reactome.org/biopax/96/48895#Catalysis2338,2944
2771,3656|8121,3655,2,1,http://www.reactome.org/biopax/96/48895#BiochemicalReaction8202,1,http://www.reactome.org/biopax/96/48895#Catalysis4210,2945
2772,3557|7826|8179,7827|7949|8199,3,3,http://www.reactome.org/biopax/96/48895#BiochemicalReaction6992,1,http://www.reactome.org/biopax/96/48895#Catalysis3071,2946
2773,982|8691|9444|9624,9446|9462|9558,4,3,http://www.reactome.org/biopax/96/48895#BiochemicalReaction1830,1,http://www.reactome.org/biopax/96/48895#Catalysis773,2947
2774,2665|5950|7237,2666|7635,3,2,http://www.reactome.org/biopax/96/48895#BiochemicalReaction5044,1,http://www.reactome.org/biopax/96/48895#Catalysis2148,2948
2775,3093|4587|7237,4588|7635,3,2,http://www.reactome.org/biopax/96/48895#BiochemicalReaction5971,1,http://www.reactome.org/biopax/96/48895#Catalysis2449,2949
2776,177|9035|9565,7281|9655,3,2,http://www.reactome.org/biopax/96/48895#BiochemicalReaction8400,1,http://www.reactome.org/biopax/96/48895#Catalysis4401,2950
2777,5272|7928|9546,7929|9550,3,2,http://www.reactome.org/biopax/96/48895#BiochemicalReaction7155,1,http://www.reactome.org/biopax/96/48895#Catalysis3223,2951
2778,2125|7237,2127|7635,2,2,http://www.reactome.org/biopax/96/48895#BiochemicalReaction4140,1,http://www.reactome.org/biopax/96/48895#Catalysis1837,2952
2779,2918|7237,2919|7635,2,2,http://www.reactome.org/biopax/96/48895#BiochemicalReaction5610,1,http://www.reactome.org/biopax/96/48895#Catalysis2307,2953
2780,5639|8925|8926,7674|8927,3,2,http://www.reactome.org/biopax/96/48895#BiochemicalReaction8269,1,http://www.reactome.org/biopax/96/48895#Catalysis4274,2954
2781,5329|7450|8069,7580|8070,3,2,http://www.reactome.org/biopax/96/48895#BiochemicalReaction7303,1,http://www.reactome.org/biopax/96/48895#Catalysis3362,2955
2782,1704|1947|7237,1772|7635,3,2,http://www.reactome.org/biopax/96/48895#BiochemicalReaction15,1,http://www.reactome.org/biopax/96/48895#Catalysis7,2956
2783,6533|7463|7537,7491|7493,3,2,http://www.reactome.org/biopax/96/48895#BiochemicalReaction1927,1,http://www.reactome.org/biopax/96/48895#Catalysis865,2957
2784,5261|7899,7852|7896,2,2,http://www.reactome.org/biopax/96/48895#BiochemicalReaction7116,1,http://www.reactome.org/biopax/96/48895#Catalysis3184,2958
2785,1654|7423,7238,2,1,http://www.reactome.org/biopax/96/48895#BiochemicalReaction3078,1,http://www.reactome.org/biopax/96/48895#Catalysis1464,2959
2786,1851|3202|3212,3202|5664,3,2,http://www.reactome.org/biopax/96/48895#BiochemicalReaction6262,-1,http://www.reactome.org/biopax/96/48895#Control591,2960
2787,3324|4896|6877,4926|5900,3,2,http://www.reactome.org/biopax/96/48895#BiochemicalReaction6606,1,http://www.reactome.org/biopax/96/48895#Catalysis2800,2961
2788,2227|4257|7237,4342|7635,3,2,http://www.reactome.org/biopax/96/48895#BiochemicalReaction4321,1,http://www.reactome.org/biopax/96/48895#Catalysis1902,2962
2789,5341|9613,3683,2,1,http://www.reactome.org/biopax/96/48895#BiochemicalReaction7438,1,http://www.reactome.org/biopax/96/48895#Catalysis3495,2963
2790,258|9263|9451|9466,7556|9261|9265|9401,4,4,http://www.reactome.org/biopax/96/48895#BiochemicalReaction8609,1,http://www.reactome.org/biopax/96/48895#Catalysis4605,2964
2791,1674|7535|7619,7279|7536,3,2,http://www.reactome.org/biopax/96/48895#BiochemicalReaction3127,1,http://www.reactome.org/biopax/96/48895#Catalysis1480,2965
2792,116|8940|8941,8715|8942,3,2,http://www.reactome.org/biopax/96/48895#BiochemicalReaction8295,1,http://www.reactome.org/biopax/96/48895#Catalysis4296,2966
2793,5237|7626|7870,7866|7871,3,2,http://www.reactome.org/biopax/96/48895#BiochemicalReaction7081,1,http://www.reactome.org/biopax/96/48895#Catalysis3152,2967
2794,768|3044|9565,3824|7405|7949,3,3,http://www.reactome.org/biopax/96/48895#BiochemicalReaction7927,1,http://www.reactome.org/biopax/96/48895#Catalysis3959,2968
2795,3780|8179|8538,7949|8199|9443,3,3,http://www.reactome.org/biopax/96/48895#BiochemicalReaction7779,1,http://www.reactome.org/biopax/96/48895#Catalysis3823,2969
2796,176|7546|9034,9035|9429,3,2,http://www.reactome.org/biopax/96/48895#BiochemicalReaction8399,1,http://www.reactome.org/biopax/96/48895#Catalysis4400,2970
2797,5874|9393,9394,2,1,http://www.reactome.org/biopax/96/48895#BiochemicalReaction8900,1,http://www.reactome.org/biopax/96/48895#Catalysis4774,2972
2798,520|7537,7493,2,1,http://www.reactome.org/biopax/96/48895#BiochemicalReaction807,1,http://www.reactome.org/biopax/96/48895#Control63,2973
2799,3586|7626|7871,7855|7872,3,2,http://www.reactome.org/biopax/96/48895#BiochemicalReaction7082,1,http://www.reactome.org/biopax/96/48895#Catalysis3153,2974
2800,5671|7536|9065,9066|9512,3,2,http://www.reactome.org/biopax/96/48895#BiochemicalReaction8440,1,http://www.reactome.org/biopax/96/48895#Catalysis4441,2975
2801,828|6335|7305,829|7311,3,2,http://www.reactome.org/biopax/96/48895#BiochemicalReaction1430,1,http://www.reactome.org/biopax/96/48895#Catalysis619,2976
2802,2032|5415,2033,2,1,http://www.reactome.org/biopax/96/48895#BiochemicalReaction3879,1,http://www.reactome.org/biopax/96/48895#Catalysis1757,2977
2803,6108|7949|9644|9690,7999|9633,4,2,http://www.reactome.org/biopax/96/48895#BiochemicalReaction7238,1,http://www.reactome.org/biopax/96/48895#Catalysis3298,2978
2804,213|7279|7660,8708|9092,3,2,http://www.reactome.org/biopax/96/48895#BiochemicalReaction8466,1,http://www.reactome.org/biopax/96/48895#Catalysis4467,2979
2805,3636|7508|8569|9565,8571,4,1,http://www.reactome.org/biopax/96/48895#BiochemicalReaction7827,1,http://www.reactome.org/biopax/96/48895#Catalysis3867,2980
2806,5161|5162|7821,3544,3,1,http://www.reactome.org/biopax/96/48895#BiochemicalReaction6970,1,http://www.reactome.org/biopax/96/48895#Control655,2982
2807,4861|7786|7787,7708|7788,3,2,http://www.reactome.org/biopax/96/48895#BiochemicalReaction6559,1,http://www.reactome.org/biopax/96/48895#Catalysis2753,2983
2808,1381|1384|9546,1385|6823|9550,3,3,http://www.reactome.org/biopax/96/48895#BiochemicalReaction2681,1,http://www.reactome.org/biopax/96/48895#Catalysis1260,2984
2809,5593|8785|9565,7949|8786|9655,3,3,http://www.reactome.org/biopax/96/48895#BiochemicalReaction8109,1,http://www.reactome.org/biopax/96/48895#Catalysis4117,2985
2810,6250|6286|9565,6278|9655,3,2,http://www.reactome.org/biopax/96/48895#BiochemicalReaction9,1,http://www.reactome.org/biopax/96/48895#Catalysis4,2986
2811,7444|8808|9565,7949|8228|8774,3,3,http://www.reactome.org/biopax/96/48895#BiochemicalReaction8123,1,http://www.reactome.org/biopax/96/48895#Control797,2987
2812,823|827|9587,824|7329,3,2,http://www.reactome.org/biopax/96/48895#BiochemicalReaction1389,1,http://www.reactome.org/biopax/96/48895#Catalysis579,2988
2813,23|8803|9565,7545|7839|7949,3,3,http://www.reactome.org/biopax/96/48895#BiochemicalReaction8120,1,http://www.reactome.org/biopax/96/48895#Catalysis4128,2989
2814,2854|2863|9070,2864|7507,3,2,http://www.reactome.org/biopax/96/48895#BiochemicalReaction5509,1,http://www.reactome.org/biopax/96/48895#Catalysis2260,2990
2815,2437|5415,2435|2438,2,2,http://www.reactome.org/biopax/96/48895#BiochemicalReaction4743,1,http://www.reactome.org/biopax/96/48895#Catalysis2015,2991
2816,6464|7237|9472|9565,7572|7635|9655,4,3,http://www.reactome.org/biopax/96/48895#BiochemicalReaction1835,1,http://www.reactome.org/biopax/96/48895#Catalysis777,2992
2817,2978|7237,2979|7635,2,2,http://www.reactome.org/biopax/96/48895#BiochemicalReaction5702,1,http://www.reactome.org/biopax/96/48895#Catalysis2341,2993
2818,224|9114|9117|9487|9667,8079|8734|9116,5,3,http://www.reactome.org/biopax/96/48895#BiochemicalReaction8489,1,http://www.reactome.org/biopax/96/48895#Catalysis4489,2994
2819,5312|7508|8586,8588,3,1,http://www.reactome.org/biopax/96/48895#BiochemicalReaction7840,1,http://www.reactome.org/biopax/96/48895#Catalysis3880,2995
2820,3530|5152,3531,2,1,http://www.reactome.org/biopax/96/48895#BiochemicalReaction6951,1,http://www.reactome.org/biopax/96/48895#Catalysis3032,2996
2821,2622|2628|7237,2629|7635,3,2,http://www.reactome.org/biopax/96/48895#BiochemicalReaction5003,1,http://www.reactome.org/biopax/96/48895#Catalysis2123,2999
2822,343|641,344,2,1,http://www.reactome.org/biopax/96/48895#BiochemicalReaction8792,1,http://www.reactome.org/biopax/96/48895#Control855,3000
2823,5653|8997|9444,8708|8998|9667,3,3,http://www.reactome.org/biopax/96/48895#BiochemicalReaction8357,1,http://www.reactome.org/biopax/96/48895#Catalysis4358,3002
2824,6101|9465,9467,2,1,http://www.reactome.org/biopax/96/48895#BiochemicalReaction1167,1,http://www.reactome.org/biopax/96/48895#Catalysis501,3003
2825,5477|7949|8396|9644,8399|9633,4,2,http://www.reactome.org/biopax/96/48895#BiochemicalReaction7656,1,http://www.reactome.org/biopax/96/48895#Catalysis3706,3004
2826,3898|5032|8731,5033|8732|9565,3,3,http://www.reactome.org/biopax/96/48895#BiochemicalReaction8061,1,http://www.reactome.org/biopax/96/48895#Catalysis4069,3005
2827,634|5940|6152,635,3,1,http://www.reactome.org/biopax/96/48895#BiochemicalReaction1046,1,http://www.reactome.org/biopax/96/48895#Control78,3006
2828,989|8966|9632,7949|9469,3,2,http://www.reactome.org/biopax/96/48895#BiochemicalReaction1853,1,http://www.reactome.org/biopax/96/48895#Catalysis792,3007
2829,1262|7423,7238,2,1,http://www.reactome.org/biopax/96/48895#BiochemicalReaction3975,1,http://www.reactome.org/biopax/96/48895#Catalysis1777,3009
2830,5276|7947|8467,7431|7948,3,2,http://www.reactome.org/biopax/96/48895#BiochemicalReaction7179,1,http://www.reactome.org/biopax/96/48895#Catalysis3247,3010
2831,3063|3064|7237,3067|7635,3,2,http://www.reactome.org/biopax/96/48895#BiochemicalReaction5912,-1,http://www.reactome.org/biopax/96/48895#Control553,3011
2832,847|5042|9565,6728|9655,3,2,http://www.reactome.org/biopax/96/48895#BiochemicalReaction3629,1,http://www.reactome.org/biopax/96/48895#Catalysis1670,3012
2833,1449|7473|7474|7475|7476,1450,5,1,http://www.reactome.org/biopax/96/48895#BiochemicalReaction2785,1,http://www.reactome.org/biopax/96/48895#Catalysis1315,3013
2834,6051|7013|9546,7019|9550,3,2,http://www.reactome.org/biopax/96/48895#BiochemicalReaction3373,1,http://www.reactome.org/biopax/96/48895#Catalysis1553,3015
2835,3994|7237|8285,7635|9460,3,2,http://www.reactome.org/biopax/96/48895#BiochemicalReaction7531,1,http://www.reactome.org/biopax/96/48895#Catalysis3588,3016
2836,4146|6860|9444,4146|7522,3,2,http://www.reactome.org/biopax/96/48895#BiochemicalReaction2873,1,http://www.reactome.org/biopax/96/48895#Catalysis1367,3018
2837,2484|4397|4398|9551,2483,4,1,http://www.reactome.org/biopax/96/48895#BiochemicalReaction4801,1,http://www.reactome.org/biopax/96/48895#Control438,3019
2838,1674|7279|7811,7619|8680,3,2,http://www.reactome.org/biopax/96/48895#BiochemicalReaction8002,1,http://www.reactome.org/biopax/96/48895#Catalysis4017,3020
2839,598|9281|9565,8228|9264,3,2,http://www.reactome.org/biopax/96/48895#BiochemicalReaction946,1,http://www.reactome.org/biopax/96/48895#Catalysis407,3021
2840,1851|3197,3200|5664,2,2,http://www.reactome.org/biopax/96/48895#BiochemicalReaction6259,1,http://www.reactome.org/biopax/96/48895#Catalysis2567,3022
2841,5464|8321|9565,8231|8317,3,2,http://www.reactome.org/biopax/96/48895#BiochemicalReaction7628,1,http://www.reactome.org/biopax/96/48895#Catalysis3680,3023
2842,5495|7508|7949|8494|9644,8495|9565|9633,5,3,http://www.reactome.org/biopax/96/48895#BiochemicalReaction7735,1,http://www.reactome.org/biopax/96/48895#Catalysis3783,3024
2843,1399|1408,1409,2,1,http://www.reactome.org/biopax/96/48895#BiochemicalReaction2712,1,http://www.reactome.org/biopax/96/48895#Catalysis1279,3025
2844,3307|7743|7949|9644,7395|9633,4,2,http://www.reactome.org/biopax/96/48895#BiochemicalReaction6496,1,http://www.reactome.org/biopax/96/48895#Catalysis2698,3026
2845,1549|4965,4967|5900,2,2,http://www.reactome.org/biopax/96/48895#BiochemicalReaction6641,1,http://www.reactome.org/biopax/96/48895#Catalysis2835,3027
2846,3086|9587,3087|9596,2,2,http://www.reactome.org/biopax/96/48895#BiochemicalReaction5955,1,http://www.reactome.org/biopax/96/48895#Catalysis2441,3028
2847,3890|7334|9070|9108,7507|7949|8702|9655,4,4,http://www.reactome.org/biopax/96/48895#BiochemicalReaction8033,1,http://www.reactome.org/biopax/96/48895#Catalysis4042,3029
2848,3078|7237,3079|7635,2,2,http://www.reactome.org/biopax/96/48895#BiochemicalReaction5937,1,http://www.reactome.org/biopax/96/48895#Catalysis2432,3032
2849,118|8951|9677,8952|9667|9676,3,3,http://www.reactome.org/biopax/96/48895#BiochemicalReaction8301,1,http://www.reactome.org/biopax/96/48895#Catalysis4302,3033
2850,5359|7459|8198,7552|7580,3,2,http://www.reactome.org/biopax/96/48895#BiochemicalReaction7404,1,http://www.reactome.org/biopax/96/48895#Catalysis3461,3034
2851,5238|7626|7868,7852|7869,3,2,http://www.reactome.org/biopax/96/48895#BiochemicalReaction7079,1,http://www.reactome.org/biopax/96/48895#Catalysis3150,3035
2852,5373|9565|9604,7698|8236,3,2,http://www.reactome.org/biopax/96/48895#BiochemicalReaction7458,1,http://www.reactome.org/biopax/96/48895#Catalysis3515,3036
2853,544|3029|6398,3030,3,1,http://www.reactome.org/biopax/96/48895#BiochemicalReaction5843,1,http://www.reactome.org/biopax/96/48895#Control533,3037
2854,5583|7237|8731,5584|8732|9565,3,3,http://www.reactome.org/biopax/96/48895#BiochemicalReaction8058,1,http://www.reactome.org/biopax/96/48895#Control783,3038
2855,387|5753,3243,2,1,http://www.reactome.org/biopax/96/48895#BiochemicalReaction8855,1,http://www.reactome.org/biopax/96/48895#Control902,3039
2856,641|7928,7933,2,1,http://www.reactome.org/biopax/96/48895#BiochemicalReaction7159,1,http://www.reactome.org/biopax/96/48895#Catalysis3227,3040
2857,2722|5013|6743,4930|5900,3,2,http://www.reactome.org/biopax/96/48895#BiochemicalReaction6610,1,http://www.reactome.org/biopax/96/48895#Catalysis2804,3041
2858,19|8796|9565,7949|8228|8797,3,3,http://www.reactome.org/biopax/96/48895#BiochemicalReaction8115,1,http://www.reactome.org/biopax/96/48895#Catalysis4123,3042
2859,7545|7818|9565,9615|9655,3,2,http://www.reactome.org/biopax/96/48895#BiochemicalReaction6965,-1,http://www.reactome.org/biopax/96/48895#Control653,3043
2860,2262|7237,2263|7635,2,2,http://www.reactome.org/biopax/96/48895#BiochemicalReaction4405,1,http://www.reactome.org/biopax/96/48895#Catalysis1929,3045
2861,793|6263|7237,6264|7635,3,2,http://www.reactome.org/biopax/96/48895#BiochemicalReaction1296,1,http://www.reactome.org/biopax/96/48895#Catalysis556,3046
2862,909|911,910,2,1,http://www.reactome.org/biopax/96/48895#BiochemicalReaction1628,-1,http://www.reactome.org/biopax/96/48895#Control160,3047
2863,2082|7237|7288,2083|7635,3,2,http://www.reactome.org/biopax/96/48895#BiochemicalReaction4052,1,http://www.reactome.org/biopax/96/48895#Catalysis1796,3048
2864,32|8827|9511,7862|8828|9632,3,3,http://www.reactome.org/biopax/96/48895#BiochemicalReaction8142,1,http://www.reactome.org/biopax/96/48895#Catalysis4150,3049
2865,455,456|5996,1,2,http://www.reactome.org/biopax/96/48895#BiochemicalReaction717,1,http://www.reactome.org/biopax/96/48895#Catalysis249,3050
2866,6592|7426,7372,2,1,http://www.reactome.org/biopax/96/48895#BiochemicalReaction2088,1,http://www.reactome.org/biopax/96/48895#Catalysis998,3051
2867,2812|7237,2813|7635,2,2,http://www.reactome.org/biopax/96/48895#BiochemicalReaction5250,1,http://www.reactome.org/biopax/96/48895#Catalysis2232,3052
2868,387|5857,3243,2,1,http://www.reactome.org/biopax/96/48895#BiochemicalReaction8855,1,http://www.reactome.org/biopax/96/48895#Control906,3054
2869,3488|5121,5119|5120|6417,2,3,http://www.reactome.org/biopax/96/48895#BiochemicalReaction6899,1,http://www.reactome.org/biopax/96/48895#Catalysis3001,3055
2870,2187|2191|7237,2190|7635,3,2,http://www.reactome.org/biopax/96/48895#BiochemicalReaction4257,-1,http://www.reactome.org/biopax/96/48895#Control396,3056
2871,581|973|9070,807|7507,3,2,http://www.reactome.org/biopax/96/48895#BiochemicalReaction2478,1,http://www.reactome.org/biopax/96/48895#Catalysis1150,3057
2872,1007|9451,9565,2,1,http://www.reactome.org/biopax/96/48895#BiochemicalReaction2034,1,http://www.reactome.org/biopax/96/48895#Catalysis963,3058
2873,2182|2184|4181,2183,3,1,http://www.reactome.org/biopax/96/48895#BiochemicalReaction4252,-1,http://www.reactome.org/biopax/96/48895#Control393,3059
2874,5274|7237|7939,7635|7940,3,2,http://www.reactome.org/biopax/96/48895#BiochemicalReaction7166,1,http://www.reactome.org/biopax/96/48895#Catalysis3234,3060
2875,3898|5583|8731,5584|8732|9565,3,3,http://www.reactome.org/biopax/96/48895#BiochemicalReaction8060,1,http://www.reactome.org/biopax/96/48895#Catalysis4068,3061
2876,1199|1201|7237,1200|4563|4632|4645|4675|4703|7635|9655,3,8,http://www.reactome.org/biopax/96/48895#BiochemicalReaction2419,1,http://www.reactome.org/biopax/96/48895#Catalysis1121,3062
2877,1279|2277,1280,2,1,http://www.reactome.org/biopax/96/48895#BiochemicalReaction2519,1,http://www.reactome.org/biopax/96/48895#Catalysis1172,3063
2878,6530|7258|9627,7259|7260,3,2,http://www.reactome.org/biopax/96/48895#BiochemicalReaction1920,1,http://www.reactome.org/biopax/96/48895#Catalysis858,3064
2879,7259|7579|7635|7949,7237|8440,4,2,http://www.reactome.org/biopax/96/48895#BiochemicalReaction6990,-1,http://www.reactome.org/biopax/96/48895#Control669,3065
2880,5137|7660|8108,8566|8708,3,2,http://www.reactome.org/biopax/96/48895#BiochemicalReaction7819,1,http://www.reactome.org/biopax/96/48895#Catalysis3859,3067
2881,1811|3415|5253|5942|5943|5944|5945|5947|9546,3436|3561|9550,9,3,http://www.reactome.org/biopax/96/48895#BiochemicalReaction619,1,http://www.reactome.org/biopax/96/48895#Catalysis227,3068
2882,962|7461|9565,7670|9562,3,2,http://www.reactome.org/biopax/96/48895#BiochemicalReaction6338,1,http://www.reactome.org/biopax/96/48895#Catalysis2598,3069
2883,3033|7610,7611,2,1,http://www.reactome.org/biopax/96/48895#BiochemicalReaction5860,1,http://www.reactome.org/biopax/96/48895#Control539,3070
2884,4310|4429,4361,2,1,http://www.reactome.org/biopax/96/48895#BiochemicalReaction42,1,http://www.reactome.org/biopax/96/48895#Catalysis16,3071
2885,1283|2808,5415|6751,2,2,http://www.reactome.org/biopax/96/48895#BiochemicalReaction2525,1,http://www.reactome.org/biopax/96/48895#Catalysis1175,3072
2886,3156|9466|9644,7949|9468|9633,3,3,http://www.reactome.org/biopax/96/48895#BiochemicalReaction6149,1,http://www.reactome.org/biopax/96/48895#Catalysis2514,3073
2887,5378|8671,8954,2,1,http://www.reactome.org/biopax/96/48895#BiochemicalReaction8304,1,http://www.reactome.org/biopax/96/48895#Catalysis4305,3074
2888,3577|3954|7626,7851|7852,3,2,http://www.reactome.org/biopax/96/48895#BiochemicalReaction7030,1,http://www.reactome.org/biopax/96/48895#Catalysis3108,3077
2889,6465|7237|9456|9565,7635|9602|9655,4,3,http://www.reactome.org/biopax/96/48895#BiochemicalReaction1821,1,http://www.reactome.org/biopax/96/48895#Catalysis765,3078
2890,1457|5542,1458,2,1,http://www.reactome.org/biopax/96/48895#BiochemicalReaction2797,1,http://www.reactome.org/biopax/96/48895#Control267,3079
2891,63|8290|9644,64|7949|8420|9633,3,4,http://www.reactome.org/biopax/96/48895#BiochemicalReaction8197,1,http://www.reactome.org/biopax/96/48895#Catalysis4205,3080
2892,5635|7279|8691|8907,8908|9446|9558,4,3,http://www.reactome.org/biopax/96/48895#BiochemicalReaction8248,1,http://www.reactome.org/biopax/96/48895#Catalysis4253,3081
2893,583|3948|8467,3949|7801|8489,3,3,http://www.reactome.org/biopax/96/48895#BiochemicalReaction6873,1,http://www.reactome.org/biopax/96/48895#Catalysis2990,3082
2894,278|7800|9342,9343,3,1,http://www.reactome.org/biopax/96/48895#BiochemicalReaction8667,1,http://www.reactome.org/biopax/96/48895#Catalysis4661,3083
2895,2980|7237,2981|7635,2,2,http://www.reactome.org/biopax/96/48895#BiochemicalReaction5703,1,http://www.reactome.org/biopax/96/48895#Catalysis2342,3084
2896,833|6338|7305,6339|7311,3,2,http://www.reactome.org/biopax/96/48895#BiochemicalReaction1436,1,http://www.reactome.org/biopax/96/48895#Catalysis623,3085
2897,380|5828,381,2,1,http://www.reactome.org/biopax/96/48895#BiochemicalReaction8851,1,http://www.reactome.org/biopax/96/48895#Control874,3086
2898,4775|7259|7723|9565,7724|9655,4,2,http://www.reactome.org/biopax/96/48895#BiochemicalReaction6482,1,http://www.reactome.org/biopax/96/48895#Catalysis2684,3087
2899,2228|9587,2229|4844|5367|5370,2,4,http://www.reactome.org/biopax/96/48895#BiochemicalReaction419,1,http://www.reactome.org/biopax/96/48895#Catalysis153,3088
2900,669|6804,669,2,1,http://www.reactome.org/biopax/96/48895#BiochemicalReaction2748,1,http://www.reactome.org/biopax/96/48895#Catalysis1296,3089
2901,7237|7491|7579|9600,7635|7949|7964|9655,4,4,http://www.reactome.org/biopax/96/48895#BiochemicalReaction7203,1,http://www.reactome.org/biopax/96/48895#Control686,3090
2902,6576|7381|7388,7387|7389,3,2,http://www.reactome.org/biopax/96/48895#BiochemicalReaction2018,1,http://www.reactome.org/biopax/96/48895#Catalysis950,3091
2903,3961|7508|7949|8009|9644,8010|9565|9633,5,3,http://www.reactome.org/biopax/96/48895#BiochemicalReaction7249,1,http://www.reactome.org/biopax/96/48895#Catalysis3308,3092
2904,5311|7995,8001,2,1,http://www.reactome.org/biopax/96/48895#BiochemicalReaction7240,1,http://www.reactome.org/biopax/96/48895#Catalysis3300,3093
2905,1456,1457|2303|5521|7298|7477|7478|7479,1,7,http://www.reactome.org/biopax/96/48895#BiochemicalReaction2796,1,http://www.reactome.org/biopax/96/48895#Catalysis1319,3094
2906,2912|5415,2913,2,1,http://www.reactome.org/biopax/96/48895#BiochemicalReaction5593,1,http://www.reactome.org/biopax/96/48895#Catalysis2304,3095
2907,987|5415,988,2,1,http://www.reactome.org/biopax/96/48895#BiochemicalReaction1841,1,http://www.reactome.org/biopax/96/48895#Catalysis781,3096
2908,4202|6938,4203|4204|4205,2,3,http://www.reactome.org/biopax/96/48895#BiochemicalReaction257,1,http://www.reactome.org/biopax/96/48895#Catalysis102,3097
2909,253|8026|8489|8747|9245,8027|8467|9246,5,3,http://www.reactome.org/biopax/96/48895#BiochemicalReaction8594,1,http://www.reactome.org/biopax/96/48895#Catalysis4591,3098
2910,1734|1767|9070,807|7507,3,2,http://www.reactome.org/biopax/96/48895#BiochemicalReaction3293,1,http://www.reactome.org/biopax/96/48895#Catalysis1537,3099
2911,5582|7635|8726,7237|8724,3,2,http://www.reactome.org/biopax/96/48895#BiochemicalReaction8053,1,http://www.reactome.org/biopax/96/48895#Catalysis4061,3100
2912,2272|5360|9546,2260|9550,3,2,http://www.reactome.org/biopax/96/48895#BiochemicalReaction429,1,http://www.reactome.org/biopax/96/48895#Catalysis161,3102
2913,2081|7237|9410,7288|7635,3,2,http://www.reactome.org/biopax/96/48895#BiochemicalReaction4050,1,http://www.reactome.org/biopax/96/48895#Catalysis1795,3103
2914,2669|2671|7237,1781|7635,3,2,http://www.reactome.org/biopax/96/48895#BiochemicalReaction5057,-1,http://www.reactome.org/biopax/96/48895#Control459,3104
2915,5279|8288|9565,8287|9655,3,2,http://www.reactome.org/biopax/96/48895#BiochemicalReaction7550,1,http://www.reactome.org/biopax/96/48895#Catalysis3606,3105
2916,5484|7949|8414|9644,7458|9633,4,2,http://www.reactome.org/biopax/96/48895#BiochemicalReaction7667,1,http://www.reactome.org/biopax/96/48895#Catalysis3717,3107
2917,1792|7027|7028,1793,3,1,http://www.reactome.org/biopax/96/48895#BiochemicalReaction3390,-1,http://www.reactome.org/biopax/96/48895#Control301,3108
2918,6387|6392|7237,6393|7635,3,2,http://www.reactome.org/biopax/96/48895#BiochemicalReaction1561,1,http://www.reactome.org/biopax/96/48895#Catalysis672,3109
2919,2151|2374|9546,2367|9550,3,2,http://www.reactome.org/biopax/96/48895#BiochemicalReaction440,1,http://www.reactome.org/biopax/96/48895#Catalysis169,3110
2920,1429|5415,1430,2,1,http://www.reactome.org/biopax/96/48895#BiochemicalReaction2754,1,http://www.reactome.org/biopax/96/48895#Catalysis1300,3111
2921,3883|9669,9667,2,1,http://www.reactome.org/biopax/96/48895#BiochemicalReaction8007,1,http://www.reactome.org/biopax/96/48895#Catalysis4021,3112
2922,2669|7237,1781|7635,2,2,http://www.reactome.org/biopax/96/48895#BiochemicalReaction5057,1,http://www.reactome.org/biopax/96/48895#Catalysis2154,3114
2923,1483|7520,1484|7365,2,2,http://www.reactome.org/biopax/96/48895#BiochemicalReaction2861,1,http://www.reactome.org/biopax/96/48895#Catalysis1360,3115
2924,5292|7237|7580|7641,7489|7545|8228|9565,4,4,http://www.reactome.org/biopax/96/48895#BiochemicalReaction7209,1,http://www.reactome.org/biopax/96/48895#Catalysis3275,3116
2925,3818|7237|9597,3819|3820,3,2,http://www.reactome.org/biopax/96/48895#BiochemicalReaction7912,1,http://www.reactome.org/biopax/96/48895#Control728,3117
2926,565|9339,569|9397,2,2,http://www.reactome.org/biopax/96/48895#BiochemicalReaction102,1,http://www.reactome.org/biopax/96/48895#Catalysis34,3118
2927,823|4307|9587,824|7329,3,2,http://www.reactome.org/biopax/96/48895#BiochemicalReaction1390,1,http://www.reactome.org/biopax/96/48895#Catalysis580,3119
2928,3651|8113,8091,2,1,http://www.reactome.org/biopax/96/48895#BiochemicalReaction7342,1,http://www.reactome.org/biopax/96/48895#Catalysis3401,3120
2929,2503|7237|9410,7288|7635,3,2,http://www.reactome.org/biopax/96/48895#BiochemicalReaction4824,1,http://www.reactome.org/biopax/96/48895#Catalysis2049,3121
2930,4032|5735|7237,5736|7635,3,2,http://www.reactome.org/biopax/96/48895#BiochemicalReaction8705,1,http://www.reactome.org/biopax/96/48895#Catalysis4699,3123
2931,3550|9565|9606,9615|9655,3,2,http://www.reactome.org/biopax/96/48895#BiochemicalReaction6980,1,http://www.reactome.org/biopax/96/48895#Catalysis3059,3124
2932,592|9335|9565,8945|8988,3,2,http://www.reactome.org/biopax/96/48895#BiochemicalReaction8663,1,http://www.reactome.org/biopax/96/48895#Catalysis4657,3125
2933,2722|3340,3341|5900,2,2,http://www.reactome.org/biopax/96/48895#BiochemicalReaction6654,1,http://www.reactome.org/biopax/96/48895#Catalysis2847,3127
2934,3485|5111,5104|5109|5110|6417,2,4,http://www.reactome.org/biopax/96/48895#BiochemicalReaction6895,1,http://www.reactome.org/biopax/96/48895#Catalysis2997,3128
2935,128|6360|7237,3822|7635,3,2,http://www.reactome.org/biopax/96/48895#BiochemicalReaction8312,1,http://www.reactome.org/biopax/96/48895#Catalysis4313,3129
2936,6495|7493|9600,7537|9601,3,2,http://www.reactome.org/biopax/96/48895#BiochemicalReaction1869,1,http://www.reactome.org/biopax/96/48895#Control184,3130
2937,1101|1293|5970,1294,3,1,http://www.reactome.org/biopax/96/48895#BiochemicalReaction2546,-1,http://www.reactome.org/biopax/96/48895#Control255,3131
2938,1958|2808,1959|5415,2,2,http://www.reactome.org/biopax/96/48895#BiochemicalReaction3686,1,http://www.reactome.org/biopax/96/48895#Catalysis1699,3133
2939,5384|7459|8235,7580|9604,3,2,http://www.reactome.org/biopax/96/48895#BiochemicalReaction7456,1,http://www.reactome.org/biopax/96/48895#Catalysis3513,3134
2940,311|3548,310,2,1,http://www.reactome.org/biopax/96/48895#BiochemicalReaction8759,1,http://www.reactome.org/biopax/96/48895#Catalysis4720,3135
2941,4779|7378|8326,7377|8327|9632,3,3,http://www.reactome.org/biopax/96/48895#BiochemicalReaction7585,1,http://www.reactome.org/biopax/96/48895#Catalysis3639,3136
2942,5505|7508|7949|8526|9644,8527|9565|9633,5,3,http://www.reactome.org/biopax/96/48895#BiochemicalReaction7768,1,http://www.reactome.org/biopax/96/48895#Catalysis3812,3137
2943,5342|7449|8178,8054|8142|8180,3,3,http://www.reactome.org/biopax/96/48895#BiochemicalReaction7382,1,http://www.reactome.org/biopax/96/48895#Catalysis3439,3138
2944,6123|7237|9424,8228|9425,3,2,http://www.reactome.org/biopax/96/48895#BiochemicalReaction996,1,http://www.reactome.org/biopax/96/48895#Catalysis437,3139
2945,291|7237,7971|8228,2,2,http://www.reactome.org/biopax/96/48895#BiochemicalReaction8704,1,http://www.reactome.org/biopax/96/48895#Catalysis4698,3140
2946,3850|7621|9485|9669,7622|9486|9667,4,3,http://www.reactome.org/biopax/96/48895#BiochemicalReaction7963,1,http://www.reactome.org/biopax/96/48895#Catalysis3991,3142
2947,1274|1276|9546,1275|9550,3,2,http://www.reactome.org/biopax/96/48895#BiochemicalReaction2514,-1,http://www.reactome.org/biopax/96/48895#Control252,3143
2948,3670|8244|9565,7698|8246,3,2,http://www.reactome.org/biopax/96/48895#BiochemicalReaction7471,1,http://www.reactome.org/biopax/96/48895#Catalysis3528,3144
2949,2981|4513|7237,4512|7635,3,2,http://www.reactome.org/biopax/96/48895#BiochemicalReaction5714,1,http://www.reactome.org/biopax/96/48895#Catalysis2351,3145
2950,5319|7583|8026|8489|8747,8027|8029|8467,5,3,http://www.reactome.org/biopax/96/48895#BiochemicalReaction7268,1,http://www.reactome.org/biopax/96/48895#Catalysis3327,3146
2951,2414|7237,2415|7635,2,2,http://www.reactome.org/biopax/96/48895#BiochemicalReaction4708,1,http://www.reactome.org/biopax/96/48895#Catalysis1998,3147
2952,4462|5098,5101,2,1,http://www.reactome.org/biopax/96/48895#BiochemicalReaction6882,1,http://www.reactome.org/biopax/96/48895#Catalysis2993,3148
2953,5425|8287,3712,2,1,http://www.reactome.org/biopax/96/48895#BiochemicalReaction7548,1,http://www.reactome.org/biopax/96/48895#Catalysis3604,3149
2954,3254|4706|9565,7672|7673,3,2,http://www.reactome.org/biopax/96/48895#BiochemicalReaction6370,1,http://www.reactome.org/biopax/96/48895#Catalysis2605,3150
2955,518|7537,7493,2,1,http://www.reactome.org/biopax/96/48895#BiochemicalReaction801,1,http://www.reactome.org/biopax/96/48895#Catalysis310,3151
2956,1750|6167|7237,6169|7635,3,2,http://www.reactome.org/biopax/96/48895#BiochemicalReaction6290,1,http://www.reactome.org/biopax/96/48895#Control595,3152
2957,2906|2909,2907|4489,2,2,http://www.reactome.org/biopax/96/48895#BiochemicalReaction5586,1,http://www.reactome.org/biopax/96/48895#Catalysis2300,3153
2958,5889|9070,8228|9522,2,2,http://www.reactome.org/biopax/96/48895#BiochemicalReaction8919,1,http://www.reactome.org/biopax/96/48895#Control917,3154
2959,5580|8691|8716,8717|9558,3,2,http://www.reactome.org/biopax/96/48895#BiochemicalReaction8048,1,http://www.reactome.org/biopax/96/48895#Catalysis4056,3155
2960,6857|7511|9565,7360|7512,3,2,http://www.reactome.org/biopax/96/48895#BiochemicalReaction2810,1,http://www.reactome.org/biopax/96/48895#Catalysis1326,3156
2961,5385|9451|9570,9571|9572,3,2,http://www.reactome.org/biopax/96/48895#BiochemicalReaction8273,1,http://www.reactome.org/biopax/96/48895#Catalysis4277,3157
2962,5398|7459|8257,7580|9605,3,2,http://www.reactome.org/biopax/96/48895#BiochemicalReaction7490,1,http://www.reactome.org/biopax/96/48895#Catalysis3547,3158
2963,3888|8699,9108|9565,2,2,http://www.reactome.org/biopax/96/48895#BiochemicalReaction8029,1,http://www.reactome.org/biopax/96/48895#Catalysis4039,3159
2964,1972|4672|7237,3185|7635,3,2,http://www.reactome.org/biopax/96/48895#BiochemicalReaction6202,1,http://www.reactome.org/biopax/96/48895#Catalysis2546,3160
2965,2323|2324|4370,2325,3,1,http://www.reactome.org/biopax/96/48895#BiochemicalReaction4534,-1,http://www.reactome.org/biopax/96/48895#Control419,3161
2966,4871|4874|7781,4872|7790|8489,3,3,http://www.reactome.org/biopax/96/48895#BiochemicalReaction6569,1,http://www.reactome.org/biopax/96/48895#Catalysis2763,3162
2967,2808|6194,5415,2,1,http://www.reactome.org/biopax/96/48895#BiochemicalReaction1136,1,http://www.reactome.org/biopax/96/48895#Catalysis487,3163
2968,2293|7237,2294|7635,2,2,http://www.reactome.org/biopax/96/48895#BiochemicalReaction4470,1,http://www.reactome.org/biopax/96/48895#Catalysis1942,3164
2969,6638|7461|9565,9617|9621,3,2,http://www.reactome.org/biopax/96/48895#BiochemicalReaction2200,1,http://www.reactome.org/biopax/96/48895#Catalysis1058,3165
2970,3630|7627|9451,7456|7628,3,2,http://www.reactome.org/biopax/96/48895#BiochemicalReaction7253,1,http://www.reactome.org/biopax/96/48895#Catalysis3312,3166
2971,6490|9453,7444,2,1,http://www.reactome.org/biopax/96/48895#BiochemicalReaction1865,1,http://www.reactome.org/biopax/96/48895#Catalysis804,3167
2972,1718|1723|6934|7237,1727|7635,4,2,http://www.reactome.org/biopax/96/48895#BiochemicalReaction3205,1,http://www.reactome.org/biopax/96/48895#Catalysis1502,3168
2973,5679|7321|9094|9667,7331|7949|9521,4,3,http://www.reactome.org/biopax/96/48895#BiochemicalReaction8472,1,http://www.reactome.org/biopax/96/48895#Catalysis4473,3169
2974,3852|8120|9446|9558,7623|8691|8708,4,3,http://www.reactome.org/biopax/96/48895#BiochemicalReaction7967,1,http://www.reactome.org/biopax/96/48895#Catalysis3995,3170
2975,704|5415,705,2,1,http://www.reactome.org/biopax/96/48895#BiochemicalReaction1130,1,http://www.reactome.org/biopax/96/48895#Catalysis484,3171
2976,5986|7449|8056,8054|8058,3,2,http://www.reactome.org/biopax/96/48895#BiochemicalReaction7292,1,http://www.reactome.org/biopax/96/48895#Catalysis3351,3172
2977,641|2722|4306,4954|5900,3,2,http://www.reactome.org/biopax/96/48895#BiochemicalReaction6630,1,http://www.reactome.org/biopax/96/48895#Catalysis2824,3173
2978,92|7237|8397|8905,7635|8913|9655,4,3,http://www.reactome.org/biopax/96/48895#BiochemicalReaction8251,1,http://www.reactome.org/biopax/96/48895#Catalysis4256,3174
2979,8945,7949|9059|9062,1,3,http://www.reactome.org/biopax/96/48895#BiochemicalReaction8436,1,http://www.reactome.org/biopax/96/48895#Control822,3175
2980,2840|4455|9529,2843,3,1,http://www.reactome.org/biopax/96/48895#BiochemicalReaction5386,1,http://www.reactome.org/biopax/96/48895#Control492,3176
2981,505|7318,7372,2,1,http://www.reactome.org/biopax/96/48895#BiochemicalReaction794,1,http://www.reactome.org/biopax/96/48895#Catalysis304,3177
2982,898|899,900|6424,2,2,http://www.reactome.org/biopax/96/48895#BiochemicalReaction1617,1,http://www.reactome.org/biopax/96/48895#Catalysis691,3178
2983,3059|3060|7237,3064|7635,3,2,http://www.reactome.org/biopax/96/48895#BiochemicalReaction5909,-1,http://www.reactome.org/biopax/96/48895#Control549,3179
2984,5490|8435|9485|9662|9667,8436|9444|9486,5,3,http://www.reactome.org/biopax/96/48895#BiochemicalReaction7690,1,http://www.reactome.org/biopax/96/48895#Catalysis3738,3181
2985,643|6184|9546,6185|9550,3,2,http://www.reactome.org/biopax/96/48895#BiochemicalReaction1094,1,http://www.reactome.org/biopax/96/48895#Catalysis480,3182
2986,3324|3332|6897,3333|4969,3,2,http://www.reactome.org/biopax/96/48895#BiochemicalReaction6642,1,http://www.reactome.org/biopax/96/48895#Catalysis2836,3183
2987,2740|7237,2741|7635,2,2,http://www.reactome.org/biopax/96/48895#BiochemicalReaction5162,1,http://www.reactome.org/biopax/96/48895#Catalysis2197,3184
2988,1010|9533,9568,2,1,http://www.reactome.org/biopax/96/48895#BiochemicalReaction2038,1,http://www.reactome.org/biopax/96/48895#Catalysis967,3185
2989,3324|3335|4306,3336|5900,3,2,http://www.reactome.org/biopax/96/48895#BiochemicalReaction6650,1,http://www.reactome.org/biopax/96/48895#Catalysis2845,3186
2990,7237|9606|9615,7635|7818|7949,3,3,http://www.reactome.org/biopax/96/48895#BiochemicalReaction6981,1,http://www.reactome.org/biopax/96/48895#Control663,3187
2991,204|7541|9080,8734|9512,3,2,http://www.reactome.org/biopax/96/48895#BiochemicalReaction8455,1,http://www.reactome.org/biopax/96/48895#Catalysis4456,3188
2992,5693|7579|9664,7580|7949|9121,3,3,http://www.reactome.org/biopax/96/48895#BiochemicalReaction8497,1,http://www.reactome.org/biopax/96/48895#Catalysis4497,3189
2993,3832|7812|7949,8440|9517,3,2,http://www.reactome.org/biopax/96/48895#BiochemicalReaction7937,1,http://www.reactome.org/biopax/96/48895#Catalysis3967,3190
2994,1607|4321|6896,4994|5900,3,2,http://www.reactome.org/biopax/96/48895#BiochemicalReaction6668,1,http://www.reactome.org/biopax/96/48895#Catalysis2861,3191
2995,1006|9517,7433,2,1,http://www.reactome.org/biopax/96/48895#BiochemicalReaction2119,1,http://www.reactome.org/biopax/96/48895#Catalysis1023,3192
2996,8179|8700|9108|9565,7949|8199|8700,4,3,http://www.reactome.org/biopax/96/48895#BiochemicalReaction8030,-1,http://www.reactome.org/biopax/96/48895#Control777,3193
2997,1928|2808,1926|5415,2,2,http://www.reactome.org/biopax/96/48895#BiochemicalReaction3643,1,http://www.reactome.org/biopax/96/48895#Catalysis1678,3194
2998,1081|6647|9546,1082,3,1,http://www.reactome.org/biopax/96/48895#BiochemicalReaction2234,1,http://www.reactome.org/biopax/96/48895#Control235,3195
2999,3126|4643|9565,3125|9655,3,2,http://www.reactome.org/biopax/96/48895#BiochemicalReaction6075,1,http://www.reactome.org/biopax/96/48895#Catalysis2498,3196
3000,1149|9070,1150|7507,2,2,http://www.reactome.org/biopax/96/48895#BiochemicalReaction2341,1,http://www.reactome.org/biopax/96/48895#Catalysis1099,3197
3001,5243|5245|7391,5244|7390|9632,3,3,http://www.reactome.org/biopax/96/48895#BiochemicalReaction7089,1,http://www.reactome.org/biopax/96/48895#Catalysis3160,3198
3002,6598|9600,9601,2,1,http://www.reactome.org/biopax/96/48895#BiochemicalReaction2097,1,http://www.reactome.org/biopax/96/48895#Catalysis1007,3199
3003,1731|1732|9070,1733|7507,3,2,http://www.reactome.org/biopax/96/48895#BiochemicalReaction3224,1,http://www.reactome.org/biopax/96/48895#Catalysis1508,3200
3004,2362|7237,2363|7635,2,2,http://www.reactome.org/biopax/96/48895#BiochemicalReaction4603,1,http://www.reactome.org/biopax/96/48895#Catalysis1972,3201
3005,5486|7458,9622,2,1,http://www.reactome.org/biopax/96/48895#BiochemicalReaction7677,1,http://www.reactome.org/biopax/96/48895#Catalysis3727,3203
3006,3628|8602|9565,8607,3,1,http://www.reactome.org/biopax/96/48895#BiochemicalReaction7854,1,http://www.reactome.org/biopax/96/48895#Catalysis3894,3204
3007,1926|1927|5415,1928,3,1,http://www.reactome.org/biopax/96/48895#BiochemicalReaction3641,1,http://www.reactome.org/biopax/96/48895#Catalysis1676,3205
3008,1694|2747|2771,2777,3,1,http://www.reactome.org/biopax/96/48895#BiochemicalReaction503,1,http://www.reactome.org/biopax/96/48895#Control34,3206
3009,3438|3439,1271|1498|3440|5037,2,4,http://www.reactome.org/biopax/96/48895#BiochemicalReaction6774,1,http://www.reactome.org/biopax/96/48895#Catalysis2938,3207
3010,3590|7890|8179,7891|7949|8199,3,3,http://www.reactome.org/biopax/96/48895#BiochemicalReaction7110,1,http://www.reactome.org/biopax/96/48895#Catalysis3178,3208
3011,362|4233|7237,363|7635,3,2,http://www.reactome.org/biopax/96/48895#BiochemicalReaction8825,1,http://www.reactome.org/biopax/96/48895#Catalysis4738,3209
3012,1104|1632|7473|7474|7475|7476,2303|4152,6,2,http://www.reactome.org/biopax/96/48895#BiochemicalReaction3050,1,http://www.reactome.org/biopax/96/48895#Catalysis1452,3210
3013,3836|7251|9486,7551|9485|9512,3,3,http://www.reactome.org/biopax/96/48895#BiochemicalReaction7943,1,http://www.reactome.org/biopax/96/48895#Catalysis3973,3211
3014,1812|7145,7048|7146,2,2,http://www.reactome.org/biopax/96/48895#BiochemicalReaction3523,-1,http://www.reactome.org/biopax/96/48895#Control322,3212
3015,6086|8619|9166,9167|9397,3,2,http://www.reactome.org/biopax/96/48895#BiochemicalReaction8548,1,http://www.reactome.org/biopax/96/48895#Catalysis4545,3213
3016,1549|4884|6896,4886|5900,3,2,http://www.reactome.org/biopax/96/48895#BiochemicalReaction6578,1,http://www.reactome.org/biopax/96/48895#Catalysis2772,3214
3017,4049|7579|8999,7580|9021,3,2,http://www.reactome.org/biopax/96/48895#BiochemicalReaction925,1,http://www.reactome.org/biopax/96/48895#Catalysis386,3216
3018,1896|2004|7237,2003|4223|7635,3,3,http://www.reactome.org/biopax/96/48895#BiochemicalReaction3814,1,http://www.reactome.org/biopax/96/48895#Catalysis1736,3217
3019,2147|2148|9451,2147|4178|7588,3,3,http://www.reactome.org/biopax/96/48895#BiochemicalReaction4183,1,http://www.reactome.org/biopax/96/48895#Catalysis1851,3218
3020,904|6423|7318,902,3,1,http://www.reactome.org/biopax/96/48895#BiochemicalReaction1622,1,http://www.reactome.org/biopax/96/48895#Control157,3219
3021,6571|7381|7382,7384|7387,3,2,http://www.reactome.org/biopax/96/48895#BiochemicalReaction2011,1,http://www.reactome.org/biopax/96/48895#Catalysis943,3220
3022,380|6344,381,2,1,http://www.reactome.org/biopax/96/48895#BiochemicalReaction8851,1,http://www.reactome.org/biopax/96/48895#Control873,3221
3023,2764|2765,2741,2,1,http://www.reactome.org/biopax/96/48895#BiochemicalReaction5194,1,http://www.reactome.org/biopax/96/48895#Control473,3222
3024,6090|8691|8708|9354,8715|8719|9355,4,3,http://www.reactome.org/biopax/96/48895#BiochemicalReaction8673,1,http://www.reactome.org/biopax/96/48895#Catalysis4667,3223
3025,5494|7508|7949|8469|9644,8470|9565|9633,5,3,http://www.reactome.org/biopax/96/48895#BiochemicalReaction7715,1,http://www.reactome.org/biopax/96/48895#Catalysis3763,3224
3026,1288|4136|9546,1299|6762|9550,3,3,http://www.reactome.org/biopax/96/48895#BiochemicalReaction2550,1,http://www.reactome.org/biopax/96/48895#Catalysis1182,3225
3027,48|7949|8855,8856|9517,3,2,http://www.reactome.org/biopax/96/48895#BiochemicalReaction8169,1,http://www.reactome.org/biopax/96/48895#Catalysis4177,3226
3028,103|7675|8489,7674,3,1,http://www.reactome.org/biopax/96/48895#BiochemicalReaction8271,-1,http://www.reactome.org/biopax/96/48895#Control804,3227
3029,838|4096|9401,4110,3,1,http://www.reactome.org/biopax/96/48895#BiochemicalReaction138,1,http://www.reactome.org/biopax/96/48895#Catalysis42,3228
3030,3509|7718|7721|7949,7398|8228,4,2,http://www.reactome.org/biopax/96/48895#BiochemicalReaction6937,1,http://www.reactome.org/biopax/96/48895#Catalysis3019,3229
3031,2077|2079|7237|9460,2080|9655,4,2,http://www.reactome.org/biopax/96/48895#BiochemicalReaction4047,1,http://www.reactome.org/biopax/96/48895#Catalysis1794,3230
3032,2253|7237,2254|7635,2,2,http://www.reactome.org/biopax/96/48895#BiochemicalReaction4377,1,http://www.reactome.org/biopax/96/48895#Catalysis1924,3231
3033,2797|7237,2798|7635,2,2,http://www.reactome.org/biopax/96/48895#BiochemicalReaction5235,1,http://www.reactome.org/biopax/96/48895#Catalysis2227,3232
3034,5696|7501|8290,7949|8420|9661,3,3,http://www.reactome.org/biopax/96/48895#BiochemicalReaction8513,1,http://www.reactome.org/biopax/96/48895#Catalysis4512,3233
3035,6529|7255|7850,7949|9169,3,2,http://www.reactome.org/biopax/96/48895#BiochemicalReaction7032,1,http://www.reactome.org/biopax/96/48895#Catalysis3110,3234
3036,7372|9472,7572,2,1,http://www.reactome.org/biopax/96/48895#BiochemicalReaction2086,1,http://www.reactome.org/biopax/96/48895#Control201,3235
3037,6200|6204,6198,2,1,http://www.reactome.org/biopax/96/48895#BiochemicalReaction1155,-1,http://www.reactome.org/biopax/96/48895#Control97,3236
3038,2326|7237,2327|7635,2,2,http://www.reactome.org/biopax/96/48895#BiochemicalReaction4538,1,http://www.reactome.org/biopax/96/48895#Catalysis1955,3237
3039,4796|7754|9510,7755|9508,3,2,http://www.reactome.org/biopax/96/48895#BiochemicalReaction6507,1,http://www.reactome.org/biopax/96/48895#Control606,3238
3040,6468|7237|9565|9610,7635|9602|9655,4,3,http://www.reactome.org/biopax/96/48895#BiochemicalReaction1823,1,http://www.reactome.org/biopax/96/48895#Catalysis767,3239
3041,3006|3032,3004|4844,2,2,http://www.reactome.org/biopax/96/48895#BiochemicalReaction5779,1,http://www.reactome.org/biopax/96/48895#Catalysis2375,3240
3042,7189|7195,7193,2,1,http://www.reactome.org/biopax/96/48895#BiochemicalReaction3644,1,http://www.reactome.org/biopax/96/48895#Catalysis1679,3241
3043,3887|8702,7545|8697,2,2,http://www.reactome.org/biopax/96/48895#BiochemicalReaction8034,1,http://www.reactome.org/biopax/96/48895#Catalysis4043,3242
3044,1801|4686|7026,1800,3,1,http://www.reactome.org/biopax/96/48895#BiochemicalReaction6243,1,http://www.reactome.org/biopax/96/48895#Control588,3243
3045,5669|7508|7949|9039|9644,9043|9565|9633,5,3,http://www.reactome.org/biopax/96/48895#BiochemicalReaction8413,1,http://www.reactome.org/biopax/96/48895#Catalysis4414,3244
3046,87|7556|8900|9466,8891|9401,4,2,http://www.reactome.org/biopax/96/48895#BiochemicalReaction8234,1,http://www.reactome.org/biopax/96/48895#Catalysis4241,3245
3047,2368|7237,2369|7635,2,2,http://www.reactome.org/biopax/96/48895#BiochemicalReaction4612,1,http://www.reactome.org/biopax/96/48895#Catalysis1975,3246
3048,5378|9604,8224,2,1,http://www.reactome.org/biopax/96/48895#BiochemicalReaction7439,1,http://www.reactome.org/biopax/96/48895#Catalysis3496,3247
3049,2914|4493,4309,2,1,http://www.reactome.org/biopax/96/48895#BiochemicalReaction5594,-1,http://www.reactome.org/biopax/96/48895#Control505,3248
3050,3214|3271,3270|5743|7229,2,3,http://www.reactome.org/biopax/96/48895#BiochemicalReaction6390,1,http://www.reactome.org/biopax/96/48895#Catalysis2611,3249
3051,1121,1119|1120|1123|6620|9655,1,5,http://www.reactome.org/biopax/96/48895#BiochemicalReaction2293,1,http://www.reactome.org/biopax/96/48895#Catalysis1086,3250
3052,3884|7542|8218|9565,7546|8228|8687,4,3,http://www.reactome.org/biopax/96/48895#BiochemicalReaction8020,1,http://www.reactome.org/biopax/96/48895#Catalysis4030,3251
3053,3966|7508|7641|7949|9644,8033|9565|9633,5,3,http://www.reactome.org/biopax/96/48895#BiochemicalReaction7272,1,http://www.reactome.org/biopax/96/48895#Catalysis3331,3252
3054,2689|4188|7237,4191|7635,3,2,http://www.reactome.org/biopax/96/48895#BiochemicalReaction5091,-1,http://www.reactome.org/biopax/96/48895#Control462,3253
3055,1812|6989,7086,2,1,http://www.reactome.org/biopax/96/48895#BiochemicalReaction3458,1,http://www.reactome.org/biopax/96/48895#Catalysis1590,3254
3056,566|7423,7238,2,1,http://www.reactome.org/biopax/96/48895#BiochemicalReaction850,1,http://www.reactome.org/biopax/96/48895#Catalysis342,3255
3057,306,307,1,1,http://www.reactome.org/biopax/96/48895#BiochemicalReaction8754,1,http://www.reactome.org/biopax/96/48895#Catalysis4718,3256
3058,6609|7444,7434,2,1,http://www.reactome.org/biopax/96/48895#BiochemicalReaction2126,1,http://www.reactome.org/biopax/96/48895#Catalysis1027,3257
3059,2722|4322|4908,4982|5900,3,2,http://www.reactome.org/biopax/96/48895#BiochemicalReaction6656,1,http://www.reactome.org/biopax/96/48895#Catalysis2849,3258
3060,1000|7350|7537,7353|7493,3,2,http://www.reactome.org/biopax/96/48895#BiochemicalReaction1992,1,http://www.reactome.org/biopax/96/48895#Catalysis927,3259
3061,2810|7237,2811|7635,2,2,http://www.reactome.org/biopax/96/48895#BiochemicalReaction5248,1,http://www.reactome.org/biopax/96/48895#Catalysis2231,3260
3062,491|7546|7949,7602|9517,3,2,http://www.reactome.org/biopax/96/48895#BiochemicalReaction762,1,http://www.reactome.org/biopax/96/48895#Catalysis279,3261
3063,5634|8692,8907,2,1,http://www.reactome.org/biopax/96/48895#BiochemicalReaction8246,1,http://www.reactome.org/biopax/96/48895#Catalysis4251,3262
3064,2877|4471|7237,4474|7635,3,2,http://www.reactome.org/biopax/96/48895#BiochemicalReaction5529,1,http://www.reactome.org/biopax/96/48895#Catalysis2271,3263
3065,1593|7520,1594|7365,2,2,http://www.reactome.org/biopax/96/48895#BiochemicalReaction3006,1,http://www.reactome.org/biopax/96/48895#Catalysis1432,3264
3066,3353|9565,3354|5014,2,2,http://www.reactome.org/biopax/96/48895#BiochemicalReaction6694,1,http://www.reactome.org/biopax/96/48895#Catalysis2881,3265
3067,3882|9669,1678|8691|9667,2,3,http://www.reactome.org/biopax/96/48895#BiochemicalReaction8006,1,http://www.reactome.org/biopax/96/48895#Catalysis4020,3266
3068,2206|7237,2209|7635,2,2,http://www.reactome.org/biopax/96/48895#BiochemicalReaction4278,1,http://www.reactome.org/biopax/96/48895#Catalysis1884,3267
3069,3303|7373|7725,7365|7726,3,2,http://www.reactome.org/biopax/96/48895#BiochemicalReaction6484,1,http://www.reactome.org/biopax/96/48895#Catalysis2686,3268
3070,1924|3255|7305,1924|7311,3,2,http://www.reactome.org/biopax/96/48895#BiochemicalReaction3637,1,http://www.reactome.org/biopax/96/48895#Catalysis1674,3269
3071,232|7556|9139|9401|9658,9140|9141|9451,5,3,http://www.reactome.org/biopax/96/48895#BiochemicalReaction8516,1,http://www.reactome.org/biopax/96/48895#Catalysis4515,3270
3072,3100|5042|9565,4597|9655,3,2,http://www.reactome.org/biopax/96/48895#BiochemicalReaction5983,1,http://www.reactome.org/biopax/96/48895#Catalysis2458,3271
3073,1361|5415,1362,2,1,http://www.reactome.org/biopax/96/48895#BiochemicalReaction2657,1,http://www.reactome.org/biopax/96/48895#Catalysis1241,3272
3074,2053|4249,2052|4161,2,2,http://www.reactome.org/biopax/96/48895#BiochemicalReaction3966,1,http://www.reactome.org/biopax/96/48895#Catalysis1772,3274
3075,3780|8525,8526,2,1,http://www.reactome.org/biopax/96/48895#BiochemicalReaction7767,1,http://www.reactome.org/biopax/96/48895#Catalysis3811,3275
3076,5441|7574|9629,8312|9417,3,2,http://www.reactome.org/biopax/96/48895#BiochemicalReaction7576,1,http://www.reactome.org/biopax/96/48895#Catalysis3631,3276
3077,5992|7449|8181,8142|8182|8183,3,3,http://www.reactome.org/biopax/96/48895#BiochemicalReaction7384,1,http://www.reactome.org/biopax/96/48895#Catalysis3441,3277
3078,2219|4335,2220|4334|7222,2,3,http://www.reactome.org/biopax/96/48895#BiochemicalReaction4296,1,http://www.reactome.org/biopax/96/48895#Catalysis1893,3278
3079,2919|2922|7237,2920|7635,3,2,http://www.reactome.org/biopax/96/48895#BiochemicalReaction5611,-1,http://www.reactome.org/biopax/96/48895#Control507,3279
3080,38|39|7949|8199,37|8179,4,2,http://www.reactome.org/biopax/96/48895#BiochemicalReaction8153,1,http://www.reactome.org/biopax/96/48895#Catalysis4161,3280
3081,189|7237|7278|9565,8228|8290|9655,4,3,http://www.reactome.org/biopax/96/48895#BiochemicalReaction8423,1,http://www.reactome.org/biopax/96/48895#Catalysis4424,3281
3082,3248|3249|9070,3245|3248|7507,3,3,http://www.reactome.org/biopax/96/48895#BiochemicalReaction6363,1,http://www.reactome.org/biopax/96/48895#Catalysis2603,3282
3083,1047|9517|9565,7949|9600,3,2,http://www.reactome.org/biopax/96/48895#BiochemicalReaction2111,1,http://www.reactome.org/biopax/96/48895#Catalysis1018,3283
3084,155|1896|1999|5415,155|1897,4,2,http://www.reactome.org/biopax/96/48895#BiochemicalReaction3812,1,http://www.reactome.org/biopax/96/48895#Catalysis1735,3284
3085,3601|7237|9554,7635|7949|9555,3,3,http://www.reactome.org/biopax/96/48895#BiochemicalReaction7139,1,http://www.reactome.org/biopax/96/48895#Catalysis3207,3285
3086,925|9542,9540,2,1,http://www.reactome.org/biopax/96/48895#BiochemicalReaction1642,1,http://www.reactome.org/biopax/96/48895#Catalysis705,3286
3087,6368|6369|7237,6370|7635,3,2,http://www.reactome.org/biopax/96/48895#BiochemicalReaction1521,1,http://www.reactome.org/biopax/96/48895#Catalysis655,3287
3088,5078|6216,5079|6058,2,2,http://www.reactome.org/biopax/96/48895#BiochemicalReaction6845,1,http://www.reactome.org/biopax/96/48895#Catalysis2967,3288
3089,3793|7660,8108|8708,2,2,http://www.reactome.org/biopax/96/48895#BiochemicalReaction7818,1,http://www.reactome.org/biopax/96/48895#Catalysis3858,3289
3090,5337|5793|9546,5792|9550,3,2,http://www.reactome.org/biopax/96/48895#BiochemicalReaction458,1,http://www.reactome.org/biopax/96/48895#Catalysis178,3291
3091,588|7237|9462|9565,7635|7949|9452|9655,4,4,http://www.reactome.org/biopax/96/48895#BiochemicalReaction2044,1,http://www.reactome.org/biopax/96/48895#Catalysis972,3292
3092,5474|8391|9565,7949|8392|9655,3,3,http://www.reactome.org/biopax/96/48895#BiochemicalReaction7651,1,http://www.reactome.org/biopax/96/48895#Catalysis3701,3293
3093,2574|2597|9587,2582|7329,3,2,http://www.reactome.org/biopax/96/48895#BiochemicalReaction475,1,http://www.reactome.org/biopax/96/48895#Catalysis189,3294
3094,6315|6317|9433|9434,6318|9435|9436|9513,4,4,http://www.reactome.org/biopax/96/48895#BiochemicalReaction1406,1,http://www.reactome.org/biopax/96/48895#Catalysis596,3295
3095,3624|7997,9690,2,1,http://www.reactome.org/biopax/96/48895#BiochemicalReaction7237,1,http://www.reactome.org/biopax/96/48895#Catalysis3297,3296
3096,3894|7237|8727,7635|8730,3,2,http://www.reactome.org/biopax/96/48895#BiochemicalReaction8054,1,http://www.reactome.org/biopax/96/48895#Catalysis4062,3298
3097,5390|7459|8246,7580|8244,3,2,http://www.reactome.org/biopax/96/48895#BiochemicalReaction7472,1,http://www.reactome.org/biopax/96/48895#Catalysis3529,3299
3098,4021|8026|8489|8747|9220,8027|8467|9221,5,3,http://www.reactome.org/biopax/96/48895#BiochemicalReaction8578,1,http://www.reactome.org/biopax/96/48895#Catalysis4575,3300
3099,374|5807,336|1412|4681|4704|5806|5808|5809|5810,2,8,http://www.reactome.org/biopax/96/48895#BiochemicalReaction8848,1,http://www.reactome.org/biopax/96/48895#Control861,3301
3100,2908|7305,2915|7311,2,2,http://www.reactome.org/biopax/96/48895#BiochemicalReaction516,1,http://www.reactome.org/biopax/96/48895#Catalysis202,3302
3101,6310|6324|7305,6313|7311,3,2,http://www.reactome.org/biopax/96/48895#BiochemicalReaction1419,1,http://www.reactome.org/biopax/96/48895#Catalysis609,3303
3102,5575|7619|8672,7620|8685,3,2,http://www.reactome.org/biopax/96/48895#BiochemicalReaction8017,1,http://www.reactome.org/biopax/96/48895#Catalysis4029,3304
3103,3565|7816|7841,7839|7840,3,2,http://www.reactome.org/biopax/96/48895#BiochemicalReaction7011,1,http://www.reactome.org/biopax/96/48895#Catalysis3090,3305
3104,567|7423,7238,2,1,http://www.reactome.org/biopax/96/48895#BiochemicalReaction851,1,http://www.reactome.org/biopax/96/48895#Catalysis343,3306
3105,6089|7508|7949|9138|9644,9149|9565|9633,5,3,http://www.reactome.org/biopax/96/48895#BiochemicalReaction931,1,http://www.reactome.org/biopax/96/48895#Catalysis392,3307
3106,5507|7508|7949|8524|9644,7846|8538|9565|9633,5,4,http://www.reactome.org/biopax/96/48895#BiochemicalReaction7778,1,http://www.reactome.org/biopax/96/48895#Control717,3308
3107,4808|7396|7772,3936|7775,3,2,http://www.reactome.org/biopax/96/48895#BiochemicalReaction6522,1,http://www.reactome.org/biopax/96/48895#Catalysis2722,3309
3108,168|7546|9025,7294|9429,3,2,http://www.reactome.org/biopax/96/48895#BiochemicalReaction8389,1,http://www.reactome.org/biopax/96/48895#Catalysis4390,3310
3109,6963,6938|6974,1,2,http://www.reactome.org/biopax/96/48895#BiochemicalReaction203,1,http://www.reactome.org/biopax/96/48895#Catalysis52,3311
3110,3109|3145|3148|4651,3149,4,1,http://www.reactome.org/biopax/96/48895#BiochemicalReaction6120,-1,http://www.reactome.org/biopax/96/48895#Control566,3312
3111,832|6338|7305,6339|7311,3,2,http://www.reactome.org/biopax/96/48895#BiochemicalReaction1436,1,http://www.reactome.org/biopax/96/48895#Control139,3313
3112,5986|7449|8057,8054|8142|8165,3,3,http://www.reactome.org/biopax/96/48895#BiochemicalReaction7369,1,http://www.reactome.org/biopax/96/48895#Catalysis3426,3314
3113,416|423|7305,421|7311,3,2,http://www.reactome.org/biopax/96/48895#BiochemicalReaction662,-1,http://www.reactome.org/biopax/96/48895#Control48,3315
3114,2722|4902,4903|5900,2,2,http://www.reactome.org/biopax/96/48895#BiochemicalReaction6589,1,http://www.reactome.org/biopax/96/48895#Catalysis2783,3316
3115,865|7237,866|7635,2,2,http://www.reactome.org/biopax/96/48895#BiochemicalReaction1553,1,http://www.reactome.org/biopax/96/48895#Catalysis666,3317
3116,5296|8026|8046|8061,7644|8027|8062|8467|9158,4,5,http://www.reactome.org/biopax/96/48895#BiochemicalReaction7295,1,http://www.reactome.org/biopax/96/48895#Catalysis3354,3319
3117,3560|9597,7765,2,1,http://www.reactome.org/biopax/96/48895#BiochemicalReaction6998,1,http://www.reactome.org/biopax/96/48895#Catalysis3077,3320
3118,5281|7961,3611,2,1,http://www.reactome.org/biopax/96/48895#BiochemicalReaction7198,1,http://www.reactome.org/biopax/96/48895#Catalysis3265,3321
3119,7237|7491|9615,7635|7818|7949,3,3,http://www.reactome.org/biopax/96/48895#BiochemicalReaction6981,-1,http://www.reactome.org/biopax/96/48895#Control664,3322
3120,5042|7182|7237,7183|7635,3,2,http://www.reactome.org/biopax/96/48895#BiochemicalReaction3615,1,http://www.reactome.org/biopax/96/48895#Catalysis1664,3323
3121,2164|7237,2165|7635,2,2,http://www.reactome.org/biopax/96/48895#BiochemicalReaction4226,1,http://www.reactome.org/biopax/96/48895#Catalysis1862,3325
3122,1719|7237,1720|7635,2,2,http://www.reactome.org/biopax/96/48895#BiochemicalReaction3199,1,http://www.reactome.org/biopax/96/48895#Catalysis1497,3326
3123,3080|3084|5415,3083,3,1,http://www.reactome.org/biopax/96/48895#BiochemicalReaction5941,1,http://www.reactome.org/biopax/96/48895#Catalysis2434,3327
3124,2260|2356|9546,2360|9550,3,2,http://www.reactome.org/biopax/96/48895#BiochemicalReaction439,1,http://www.reactome.org/biopax/96/48895#Catalysis168,3328
3125,1058|1067,1070|9563|9569,2,3,http://www.reactome.org/biopax/96/48895#BiochemicalReaction2172,1,http://www.reactome.org/biopax/96/48895#Catalysis1053,3329
3126,3832|7250|9633,7949|8440|9517|9644,3,4,http://www.reactome.org/biopax/96/48895#BiochemicalReaction7936,1,http://www.reactome.org/biopax/96/48895#Catalysis3966,3330
3127,7635|9669,9667,2,1,http://www.reactome.org/biopax/96/48895#BiochemicalReaction8008,-1,http://www.reactome.org/biopax/96/48895#Control768,3331
3128,3616|5302|7626,7255|7638|7982,3,3,http://www.reactome.org/biopax/96/48895#BiochemicalReaction7217,1,http://www.reactome.org/biopax/96/48895#Catalysis3283,3333
3129,1648|3940|4291,1645,3,1,http://www.reactome.org/biopax/96/48895#BiochemicalReaction310,-1,http://www.reactome.org/biopax/96/48895#Control18,3334
3130,5579|7237|7545,7635,3,1,http://www.reactome.org/biopax/96/48895#BiochemicalReaction8044,1,http://www.reactome.org/biopax/96/48895#Catalysis4052,3335
3131,5062|5106|9662|9667,5066|9444|9669,4,3,http://www.reactome.org/biopax/96/48895#BiochemicalReaction372,1,http://www.reactome.org/biopax/96/48895#Control26,3336
3132,2059|7237,2060|4244|7635,2,3,http://www.reactome.org/biopax/96/48895#BiochemicalReaction4010,1,http://www.reactome.org/biopax/96/48895#Catalysis1780,3338
3133,5504|7508|7949|8526|9644,7846|9443|9565|9633,5,4,http://www.reactome.org/biopax/96/48895#BiochemicalReaction7781,1,http://www.reactome.org/biopax/96/48895#Catalysis3825,3339
3134,3776|8513|9485|9662|9667,8515|9444|9486,5,3,http://www.reactome.org/biopax/96/48895#BiochemicalReaction7761,1,http://www.reactome.org/biopax/96/48895#Catalysis3805,3340
3135,4079|6302|9433|9434,6290|9435|9436|9513,4,4,http://www.reactome.org/biopax/96/48895#BiochemicalReaction1396,1,http://www.reactome.org/biopax/96/48895#Catalysis586,3341
3136,1523|9587,1524|4844|6867|6869,2,4,http://www.reactome.org/biopax/96/48895#BiochemicalReaction2905,1,http://www.reactome.org/biopax/96/48895#Catalysis1384,3344
3137,5328|7450|8069,7580|8070,3,2,http://www.reactome.org/biopax/96/48895#BiochemicalReaction7302,1,http://www.reactome.org/biopax/96/48895#Catalysis3361,3345
3138,701|4219|7237,6371|7635,3,2,http://www.reactome.org/biopax/96/48895#BiochemicalReaction1522,1,http://www.reactome.org/biopax/96/48895#Control144,3346
3139,3119|4639|9070,3120|7507,3,2,http://www.reactome.org/biopax/96/48895#BiochemicalReaction6062,1,http://www.reactome.org/biopax/96/48895#Catalysis2492,3347
3140,3703|7237|8294,7635|8287,3,2,http://www.reactome.org/biopax/96/48895#BiochemicalReaction7554,1,http://www.reactome.org/biopax/96/48895#Catalysis3610,3348
3141,5715|9269|9565,7240|7280,3,2,http://www.reactome.org/biopax/96/48895#BiochemicalReaction8611,1,http://www.reactome.org/biopax/96/48895#Catalysis4607,3349
3142,5375|8220|9565,8221|8222,3,2,http://www.reactome.org/biopax/96/48895#BiochemicalReaction7434,1,http://www.reactome.org/biopax/96/48895#Catalysis3491,3350
3143,5519|9231|9485|9662|9667,9232|9444|9486,5,3,http://www.reactome.org/biopax/96/48895#BiochemicalReaction8585,1,http://www.reactome.org/biopax/96/48895#Catalysis4582,3351
3144,4220|4221|7175,1998,3,1,http://www.reactome.org/biopax/96/48895#BiochemicalReaction3810,1,http://www.reactome.org/biopax/96/48895#Control349,3352
3145,380|5811,381,2,1,http://www.reactome.org/biopax/96/48895#BiochemicalReaction8851,1,http://www.reactome.org/biopax/96/48895#Control884,3353
3146,3014|3017|8691,3015|9558|9667,3,3,http://www.reactome.org/biopax/96/48895#BiochemicalReaction5802,-1,http://www.reactome.org/biopax/96/48895#Control529,3354
3147,662|9546,663|5134|9550,2,3,http://www.reactome.org/biopax/96/48895#BiochemicalReaction1083,1,http://www.reactome.org/biopax/96/48895#Catalysis474,3355
3148,1397|6800|7237,1398|7635,3,2,http://www.reactome.org/biopax/96/48895#BiochemicalReaction2691,1,http://www.reactome.org/biopax/96/48895#Catalysis1267,3356
3149,1028|1664|7237,1029|7635,3,2,http://www.reactome.org/biopax/96/48895#BiochemicalReaction3088,1,http://www.reactome.org/biopax/96/48895#Control282,3357
3150,4728|4730|8290,4729|8420,3,2,http://www.reactome.org/biopax/96/48895#BiochemicalReaction6433,1,http://www.reactome.org/biopax/96/48895#Catalysis2635,3358
3151,6328|6329|7305,6330|7311,3,2,http://www.reactome.org/biopax/96/48895#BiochemicalReaction1425,1,http://www.reactome.org/biopax/96/48895#Catalysis614,3359
3152,1751|7237,1752|7635,2,2,http://www.reactome.org/biopax/96/48895#BiochemicalReaction3267,1,http://www.reactome.org/biopax/96/48895#Catalysis1524,3360
3153,7626|7884|7887,7850|7885,3,2,http://www.reactome.org/biopax/96/48895#BiochemicalReaction7107,-1,http://www.reactome.org/biopax/96/48895#Control684,3361
3154,6508|7537|9537,7493|9655,3,2,http://www.reactome.org/biopax/96/48895#BiochemicalReaction1883,1,http://www.reactome.org/biopax/96/48895#Catalysis821,3362
3155,3291|7691|9510,7692|7693,3,2,http://www.reactome.org/biopax/96/48895#BiochemicalReaction6453,1,http://www.reactome.org/biopax/96/48895#Catalysis2655,3363
3156,1548|1549,1550|5900,2,2,http://www.reactome.org/biopax/96/48895#BiochemicalReaction2948,1,http://www.reactome.org/biopax/96/48895#Catalysis1405,3364
3157,5490|8441|9485|9662|9667,8443|9444|9486,5,3,http://www.reactome.org/biopax/96/48895#BiochemicalReaction7695,1,http://www.reactome.org/biopax/96/48895#Catalysis3743,3365
3158,1263|7237,1864|7635,2,2,http://www.reactome.org/biopax/96/48895#BiochemicalReaction3552,1,http://www.reactome.org/biopax/96/48895#Catalysis1633,3366
3159,2106|9410|9565,9538|9541,3,2,http://www.reactome.org/biopax/96/48895#BiochemicalReaction4100,1,http://www.reactome.org/biopax/96/48895#Catalysis1820,3367
3160,1909|7237|9410,7288|7635,3,2,http://www.reactome.org/biopax/96/48895#BiochemicalReaction3611,1,http://www.reactome.org/biopax/96/48895#Catalysis1662,3368
3161,5605|7237|8857,7580|7635|7949,3,3,http://www.reactome.org/biopax/96/48895#BiochemicalReaction8172,1,http://www.reactome.org/biopax/96/48895#Catalysis4180,3369
3162,2091|2093|7237,2092|7635,3,2,http://www.reactome.org/biopax/96/48895#BiochemicalReaction4078,1,http://www.reactome.org/biopax/96/48895#Catalysis1807,3370
3163,6480|7556|8966,7949|9470,3,2,http://www.reactome.org/biopax/96/48895#BiochemicalReaction1851,1,http://www.reactome.org/biopax/96/48895#Catalysis790,3371
3164,554|7423,7238,2,1,http://www.reactome.org/biopax/96/48895#BiochemicalReaction838,1,http://www.reactome.org/biopax/96/48895#Catalysis332,3372
3165,2273|9546,1560|9550,2,2,http://www.reactome.org/biopax/96/48895#BiochemicalReaction2960,1,http://www.reactome.org/biopax/96/48895#Catalysis1411,3373
3166,147|8986|9487|9667,8079|8990,4,2,http://www.reactome.org/biopax/96/48895#BiochemicalReaction8347,1,http://www.reactome.org/biopax/96/48895#Catalysis4348,3374
3167,3187|4591|7237,4673|7635,3,2,http://www.reactome.org/biopax/96/48895#BiochemicalReaction6215,1,http://www.reactome.org/biopax/96/48895#Catalysis2550,3375
3168,3721|5439|7508|7949|8307,3722|8309|9565,5,3,http://www.reactome.org/biopax/96/48895#BiochemicalReaction7574,1,http://www.reactome.org/biopax/96/48895#Catalysis3629,3376
3169,2722|3325|6253,4897|5900,3,2,http://www.reactome.org/biopax/96/48895#BiochemicalReaction6584,1,http://www.reactome.org/biopax/96/48895#Catalysis2778,3377
3170,2416|7237,2417|7635,2,2,http://www.reactome.org/biopax/96/48895#BiochemicalReaction4711,1,http://www.reactome.org/biopax/96/48895#Catalysis2000,3378
3171,153|9000|9565,9001,3,1,http://www.reactome.org/biopax/96/48895#BiochemicalReaction8362,1,http://www.reactome.org/biopax/96/48895#Catalysis4363,3379
3172,3397|9587,3398|4033,2,2,http://www.reactome.org/biopax/96/48895#BiochemicalReaction6719,1,http://www.reactome.org/biopax/96/48895#Catalysis2902,3380
3173,5312|7508|8588,8589,3,1,http://www.reactome.org/biopax/96/48895#BiochemicalReaction7841,1,http://www.reactome.org/biopax/96/48895#Catalysis3881,3381
3174,934|6438|6906,941,3,1,http://www.reactome.org/biopax/96/48895#BiochemicalReaction1687,1,http://www.reactome.org/biopax/96/48895#Catalysis719,3382
3175,3682|7575|9451,8202|8219,3,2,http://www.reactome.org/biopax/96/48895#BiochemicalReaction7432,1,http://www.reactome.org/biopax/96/48895#Catalysis3489,3384
3176,3526|3528|7237,3527|7635|7949,3,3,http://www.reactome.org/biopax/96/48895#BiochemicalReaction6948,1,http://www.reactome.org/biopax/96/48895#Catalysis3030,3385
3177,6491|7318|9010,7372|9402,3,2,http://www.reactome.org/biopax/96/48895#BiochemicalReaction1866,1,http://www.reactome.org/biopax/96/48895#Catalysis805,3386
3178,134|7279|8691|9485|9667,8969|9446|9486|9558,5,4,http://www.reactome.org/biopax/96/48895#BiochemicalReaction8325,1,http://www.reactome.org/biopax/96/48895#Catalysis4326,3387
3179,5082|5083|9577,4481|5084,3,2,http://www.reactome.org/biopax/96/48895#BiochemicalReaction6855,-1,http://www.reactome.org/biopax/96/48895#Control621,3388
3180,5316|7508|8593,8617,3,1,http://www.reactome.org/biopax/96/48895#BiochemicalReaction7863,1,http://www.reactome.org/biopax/96/48895#Catalysis3903,3389
3181,3123|9070,3124|7507,2,2,http://www.reactome.org/biopax/96/48895#BiochemicalReaction6069,1,http://www.reactome.org/biopax/96/48895#Catalysis2496,3390
3182,3996|7949|8432|9644,8434|9633,4,2,http://www.reactome.org/biopax/96/48895#BiochemicalReaction7689,1,http://www.reactome.org/biopax/96/48895#Catalysis3737,3392
3183,541,542|9655,1,2,http://www.reactome.org/biopax/96/48895#BiochemicalReaction825,1,http://www.reactome.org/biopax/96/48895#Catalysis322,3393
3184,895|912,1396|6431|6432,2,3,http://www.reactome.org/biopax/96/48895#BiochemicalReaction1636,-1,http://www.reactome.org/biopax/96/48895#Control166,3394
3185,732|9484|9485|9667,9483|9486,4,2,http://www.reactome.org/biopax/96/48895#BiochemicalReaction1182,1,http://www.reactome.org/biopax/96/48895#Catalysis512,3395
3186,20|8800|9587,8801|9515|9596,3,3,http://www.reactome.org/biopax/96/48895#BiochemicalReaction8117,1,http://www.reactome.org/biopax/96/48895#Catalysis4125,3396
3187,6081|8385|9451,7556|8390|8519,3,3,http://www.reactome.org/biopax/96/48895#BiochemicalReaction904,1,http://www.reactome.org/biopax/96/48895#Catalysis367,3397
3188,4172|4242|9546,6289|9550,3,2,http://www.reactome.org/biopax/96/48895#BiochemicalReaction3840,1,http://www.reactome.org/biopax/96/48895#Catalysis1751,3398
3189,908|9542,9540,2,1,http://www.reactome.org/biopax/96/48895#BiochemicalReaction1626,1,http://www.reactome.org/biopax/96/48895#Catalysis697,3399
3190,5489|7949|8497|9644,8498|9633,4,2,http://www.reactome.org/biopax/96/48895#BiochemicalReaction7738,1,http://www.reactome.org/biopax/96/48895#Catalysis3786,3400
3191,896|2739|6930,2738,3,1,http://www.reactome.org/biopax/96/48895#BiochemicalReaction5160,-1,http://www.reactome.org/biopax/96/48895#Control468,3401
3192,3780|8179|8524,7949|8199|8525,3,3,http://www.reactome.org/biopax/96/48895#BiochemicalReaction7766,1,http://www.reactome.org/biopax/96/48895#Catalysis3810,3402
3193,2192|2196|4327,2193,3,1,http://www.reactome.org/biopax/96/48895#BiochemicalReaction4259,-1,http://www.reactome.org/biopax/96/48895#Control397,3403
3194,182|7282|7508,9038,3,1,http://www.reactome.org/biopax/96/48895#BiochemicalReaction8411,1,http://www.reactome.org/biopax/96/48895#Catalysis4412,3404
3195,4002|7635|8714,7237|8712,3,2,http://www.reactome.org/biopax/96/48895#BiochemicalReaction8047,1,http://www.reactome.org/biopax/96/48895#Catalysis4055,3405
3196,5170|7833,7834,2,1,http://www.reactome.org/biopax/96/48895#BiochemicalReaction6999,1,http://www.reactome.org/biopax/96/48895#Catalysis3078,3406
3197,3700|8278|9565,8279|9655,3,2,http://www.reactome.org/biopax/96/48895#BiochemicalReaction7514,1,http://www.reactome.org/biopax/96/48895#Catalysis3571,3407
3198,6584|7237|9542|9565,7635|9540|9655,4,3,http://www.reactome.org/biopax/96/48895#BiochemicalReaction2075,1,http://www.reactome.org/biopax/96/48895#Catalysis989,3408
3199,5657|7237|7277|8605,7635|7949|9006|9655,4,4,http://www.reactome.org/biopax/96/48895#BiochemicalReaction8367,1,http://www.reactome.org/biopax/96/48895#Catalysis4368,3409
3200,3500|9546,3510|9550,2,2,http://www.reactome.org/biopax/96/48895#BiochemicalReaction612,1,http://www.reactome.org/biopax/96/48895#Catalysis225,3410
3201,3007|5415,3008,2,1,http://www.reactome.org/biopax/96/48895#BiochemicalReaction5781,1,http://www.reactome.org/biopax/96/48895#Catalysis2376,3411
3202,785|7305,786|7311,2,2,http://www.reactome.org/biopax/96/48895#BiochemicalReaction1282,1,http://www.reactome.org/biopax/96/48895#Catalysis549,3412
3203,2239|4354|7237,4362|7635,3,2,http://www.reactome.org/biopax/96/48895#BiochemicalReaction4345,-1,http://www.reactome.org/biopax/96/48895#Control402,3413
3204,5376|7534|8290,8420|9604,3,2,http://www.reactome.org/biopax/96/48895#BiochemicalReaction7437,1,http://www.reactome.org/biopax/96/48895#Catalysis3494,3414
3205,3854|8120|9446|9557,7623|8708|9498,4,3,http://www.reactome.org/biopax/96/48895#BiochemicalReaction7968,1,http://www.reactome.org/biopax/96/48895#Catalysis3996,3415
3206,5630|8901,88,2,1,http://www.reactome.org/biopax/96/48895#BiochemicalReaction8235,1,http://www.reactome.org/biopax/96/48895#Catalysis4242,3416
3207,575|8141|8179|9565,7949|8188|8199,4,3,http://www.reactome.org/biopax/96/48895#BiochemicalReaction888,1,http://www.reactome.org/biopax/96/48895#Catalysis351,3417
3208,205|7449|8463|9481,9081|9083|9480,4,3,http://www.reactome.org/biopax/96/48895#BiochemicalReaction8456,1,http://www.reactome.org/biopax/96/48895#Catalysis4457,3418
3209,2230|4351|9546,4352|9550,3,2,http://www.reactome.org/biopax/96/48895#BiochemicalReaction4331,1,http://www.reactome.org/biopax/96/48895#Catalysis1910,3419
3210,6374|9526|9565,9527|9528,3,2,http://www.reactome.org/biopax/96/48895#BiochemicalReaction1526,1,http://www.reactome.org/biopax/96/48895#Catalysis656,3420
3211,1838|1839|7237,1840|7635,3,2,http://www.reactome.org/biopax/96/48895#BiochemicalReaction3497,-1,http://www.reactome.org/biopax/96/48895#Control319,3421
3212,3956|7626|7856,7857|7858,3,2,http://www.reactome.org/biopax/96/48895#BiochemicalReaction7048,1,http://www.reactome.org/biopax/96/48895#Catalysis3124,3422
3213,1796|7026|7034,1795,3,1,http://www.reactome.org/biopax/96/48895#BiochemicalReaction6286,-1,http://www.reactome.org/biopax/96/48895#Control594,3423
3214,136|7949|8972|9644,7265|9633,4,2,http://www.reactome.org/biopax/96/48895#BiochemicalReaction8327,1,http://www.reactome.org/biopax/96/48895#Catalysis4328,3424
3215,1694|2049|9546,1101|9550,3,2,http://www.reactome.org/biopax/96/48895#BiochemicalReaction2570,1,http://www.reactome.org/biopax/96/48895#Catalysis1192,3425
3216,1763|2718,2719,2,1,http://www.reactome.org/biopax/96/48895#BiochemicalReaction5135,1,http://www.reactome.org/biopax/96/48895#Catalysis2189,3426
3217,1812|7109,7110|7111,2,2,http://www.reactome.org/biopax/96/48895#BiochemicalReaction3470,1,http://www.reactome.org/biopax/96/48895#Catalysis1601,3427
3218,3621|7508|8591,8650,3,1,http://www.reactome.org/biopax/96/48895#BiochemicalReaction7888,1,http://www.reactome.org/biopax/96/48895#Catalysis3928,3428
3219,2840|4454|9529,2838,3,1,http://www.reactome.org/biopax/96/48895#BiochemicalReaction5385,1,http://www.reactome.org/biopax/96/48895#Control490,3429
3220,1165|3485,5104|5112|5113|5114|6417,2,5,http://www.reactome.org/biopax/96/48895#BiochemicalReaction6896,1,http://www.reactome.org/biopax/96/48895#Catalysis2998,3430
3221,155|2111|4161|7237,155|2112|7545|8228,4,4,http://www.reactome.org/biopax/96/48895#BiochemicalReaction4111,1,http://www.reactome.org/biopax/96/48895#Catalysis1824,3431
3222,594|9264|9565,9253|9287,3,2,http://www.reactome.org/biopax/96/48895#BiochemicalReaction947,1,http://www.reactome.org/biopax/96/48895#Catalysis408,3432
3223,4493|5043|7237,4494|7635,3,2,http://www.reactome.org/biopax/96/48895#BiochemicalReaction5595,1,http://www.reactome.org/biopax/96/48895#Catalysis2305,3433
3224,3491|5128|5131|9607,3492|5129|7806,4,3,http://www.reactome.org/biopax/96/48895#BiochemicalReaction6916,-1,http://www.reactome.org/biopax/96/48895#Control643,3434
3225,6072|7237|7542|8700|9565,7545|7546|7949|8228|9523,5,5,http://www.reactome.org/biopax/96/48895#BiochemicalReaction8032,1,http://www.reactome.org/biopax/96/48895#Catalysis4041,3435
3226,6545|7307|7537|7949,7308|7493|7556,4,3,http://www.reactome.org/biopax/96/48895#BiochemicalReaction1944,1,http://www.reactome.org/biopax/96/48895#Catalysis882,3436
3227,3544|7822,5161|5162,2,2,http://www.reactome.org/biopax/96/48895#BiochemicalReaction6971,1,http://www.reactome.org/biopax/96/48895#Control657,3437
3228,5415|7217|7237|7444,1964|7444|7545|8228,4,4,http://www.reactome.org/biopax/96/48895#BiochemicalReaction3695,1,http://www.reactome.org/biopax/96/48895#Catalysis1702,3438
3229,3151|9565,1734|3114|3150|4629|9655,2,5,http://www.reactome.org/biopax/96/48895#BiochemicalReaction6126,1,http://www.reactome.org/biopax/96/48895#Catalysis2510,3439
3230,1693|3548|5257,1693|3429,3,2,http://www.reactome.org/biopax/96/48895#BiochemicalReaction616,1,http://www.reactome.org/biopax/96/48895#Catalysis226,3440
3231,1243|6716|9070,1244|6701|7507,3,3,http://www.reactome.org/biopax/96/48895#BiochemicalReaction2439,1,http://www.reactome.org/biopax/96/48895#Catalysis1140,3441
3232,1486|7520,1487|7365,2,2,http://www.reactome.org/biopax/96/48895#BiochemicalReaction2865,1,http://www.reactome.org/biopax/96/48895#Catalysis1362,3442
3233,1086|1089|9546,1090|9550,3,2,http://www.reactome.org/biopax/96/48895#BiochemicalReaction2247,1,http://www.reactome.org/biopax/96/48895#Catalysis1068,3443
3234,2768|7237,2769|7635,2,2,http://www.reactome.org/biopax/96/48895#BiochemicalReaction5198,1,http://www.reactome.org/biopax/96/48895#Catalysis2212,3444
3235,5042|6244|7237,4590|7635,3,2,http://www.reactome.org/biopax/96/48895#BiochemicalReaction5977,1,http://www.reactome.org/biopax/96/48895#Catalysis2453,3445
3236,5191|5194|7391,5193|7390|9632,3,3,http://www.reactome.org/biopax/96/48895#BiochemicalReaction7043,1,http://www.reactome.org/biopax/96/48895#Catalysis3121,3446
3237,212|8290|8988,7949|8420|9091,3,3,http://www.reactome.org/biopax/96/48895#BiochemicalReaction8465,1,http://www.reactome.org/biopax/96/48895#Catalysis4466,3447
3238,16|8776|9565,8777|9655,3,2,http://www.reactome.org/biopax/96/48895#BiochemicalReaction8094,1,http://www.reactome.org/biopax/96/48895#Catalysis4102,3448
3239,3957|7579|7867,7255|7580|7868,3,3,http://www.reactome.org/biopax/96/48895#BiochemicalReaction7078,1,http://www.reactome.org/biopax/96/48895#Catalysis3149,3449
3240,7444|8228|9565,9655,3,1,http://www.reactome.org/biopax/96/48895#BiochemicalReaction6347,1,http://www.reactome.org/biopax/96/48895#Control596,3450
3241,2530|7237,2531|7635,2,2,http://www.reactome.org/biopax/96/48895#BiochemicalReaction4863,1,http://www.reactome.org/biopax/96/48895#Catalysis2067,3451
3242,6014|7302|7537,7303|7493,3,2,http://www.reactome.org/biopax/96/48895#BiochemicalReaction1941,1,http://www.reactome.org/biopax/96/48895#Catalysis879,3452
3243,1723|1724|7237,1725|7635,3,2,http://www.reactome.org/biopax/96/48895#BiochemicalReaction3203,1,http://www.reactome.org/biopax/96/48895#Catalysis1500,3453
3244,5053|5055|7305,5054|7311,3,2,http://www.reactome.org/biopax/96/48895#BiochemicalReaction6807,1,http://www.reactome.org/biopax/96/48895#Catalysis2946,3454
3245,4113|6012,4112,2,1,http://www.reactome.org/biopax/96/48895#BiochemicalReaction1891,1,http://www.reactome.org/biopax/96/48895#Catalysis829,3455
3246,594|9108|9253,9130|9264,3,2,http://www.reactome.org/biopax/96/48895#BiochemicalReaction943,1,http://www.reactome.org/biopax/96/48895#Catalysis404,3456
3247,962|9560|9565,9561|9562,3,2,http://www.reactome.org/biopax/96/48895#BiochemicalReaction1773,1,http://www.reactome.org/biopax/96/48895#Catalysis734,3457
3248,1333|1694|9546,1274|9550,3,2,http://www.reactome.org/biopax/96/48895#BiochemicalReaction2612,1,http://www.reactome.org/biopax/96/48895#Catalysis1218,3458
3249,3640|7449|8051,8052,3,1,http://www.reactome.org/biopax/96/48895#BiochemicalReaction7288,1,http://www.reactome.org/biopax/96/48895#Catalysis3347,3459
3250,3089|9546,3090|9550,2,2,http://www.reactome.org/biopax/96/48895#BiochemicalReaction5960,1,http://www.reactome.org/biopax/96/48895#Catalysis2443,3460
3251,457|5987|7742,462,3,1,http://www.reactome.org/biopax/96/48895#BiochemicalReaction83,1,http://www.reactome.org/biopax/96/48895#Control6,3461
3252,119|7794|8947|9662|9667,7793|8948|9444,5,3,http://www.reactome.org/biopax/96/48895#BiochemicalReaction8298,1,http://www.reactome.org/biopax/96/48895#Control805,3462
3253,2152|5295|7237,5300|7635,3,2,http://www.reactome.org/biopax/96/48895#BiochemicalReaction405,1,http://www.reactome.org/biopax/96/48895#Catalysis144,3463
3254,7189|7200|9507,7192,3,1,http://www.reactome.org/biopax/96/48895#BiochemicalReaction3656,1,http://www.reactome.org/biopax/96/48895#Control343,3464
3255,143|5650|8708,5651|8983,3,2,http://www.reactome.org/biopax/96/48895#BiochemicalReaction8341,1,http://www.reactome.org/biopax/96/48895#Catalysis4342,3465
3256,3955|6071,4154,2,1,http://www.reactome.org/biopax/96/48895#BiochemicalReaction7034,1,http://www.reactome.org/biopax/96/48895#Catalysis3112,3466
3257,4302|8179|8377|9565,7405|7949|8199,4,3,http://www.reactome.org/biopax/96/48895#BiochemicalReaction7636,1,http://www.reactome.org/biopax/96/48895#Catalysis3688,3467
3258,3523|3525|7237,3524|7635|7949,3,3,http://www.reactome.org/biopax/96/48895#BiochemicalReaction6947,1,http://www.reactome.org/biopax/96/48895#Catalysis3029,3468
3259,3765|7700|8388,8228|8389,3,2,http://www.reactome.org/biopax/96/48895#BiochemicalReaction7648,1,http://www.reactome.org/biopax/96/48895#Catalysis3699,3469
3260,1896|1954|7237,1956|7635,3,2,http://www.reactome.org/biopax/96/48895#BiochemicalReaction3683,1,http://www.reactome.org/biopax/96/48895#Catalysis1698,3470
3261,3992|9410|9565,7490|9655,3,2,http://www.reactome.org/biopax/96/48895#BiochemicalReaction7525,1,http://www.reactome.org/biopax/96/48895#Catalysis3582,3471
3262,2929|7237|7490,7635|9410,3,2,http://www.reactome.org/biopax/96/48895#BiochemicalReaction5625,1,http://www.reactome.org/biopax/96/48895#Catalysis2315,3472
3263,2816|5415,2817|7141,2,2,http://www.reactome.org/biopax/96/48895#BiochemicalReaction5259,1,http://www.reactome.org/biopax/96/48895#Catalysis2234,3473
3264,6506|7556|9651,7949|9653,3,2,http://www.reactome.org/biopax/96/48895#BiochemicalReaction7035,1,http://www.reactome.org/biopax/96/48895#Catalysis3113,3474
3265,150|7621|8994,7622|8995|9667,3,3,http://www.reactome.org/biopax/96/48895#BiochemicalReaction8352,1,http://www.reactome.org/biopax/96/48895#Catalysis4353,3475
3266,173|9028|9565,7949|8421|8697,3,3,http://www.reactome.org/biopax/96/48895#BiochemicalReaction8393,1,http://www.reactome.org/biopax/96/48895#Catalysis4394,3476
3267,305|7374,306|9377,2,2,http://www.reactome.org/biopax/96/48895#BiochemicalReaction8753,1,http://www.reactome.org/biopax/96/48895#Catalysis4717,3477
3268,1869|7167|7237,1870|7635,3,2,http://www.reactome.org/biopax/96/48895#BiochemicalReaction3557,-1,http://www.reactome.org/biopax/96/48895#Control331,3478
3269,2645|6936|7237,2646|7635,3,2,http://www.reactome.org/biopax/96/48895#BiochemicalReaction5023,1,http://www.reactome.org/biopax/96/48895#Catalysis2133,3479
3270,6527|7251|9655,7250|9446,3,2,http://www.reactome.org/biopax/96/48895#BiochemicalReaction1918,1,http://www.reactome.org/biopax/96/48895#Catalysis856,3480
3271,3682|9451|9629,8202|8237,3,2,http://www.reactome.org/biopax/96/48895#BiochemicalReaction7460,1,http://www.reactome.org/biopax/96/48895#Catalysis3517,3481
3272,961|9409,9450|9517,2,2,http://www.reactome.org/biopax/96/48895#BiochemicalReaction7,1,http://www.reactome.org/biopax/96/48895#Catalysis2,3482
3273,3461|5415|6754,5064,3,1,http://www.reactome.org/biopax/96/48895#BiochemicalReaction6830,-1,http://www.reactome.org/biopax/96/48895#Control611,3483
3274,1276|6782|9546,6783|9550,3,2,http://www.reactome.org/biopax/96/48895#BiochemicalReaction2605,1,http://www.reactome.org/biopax/96/48895#Catalysis1215,3484
3275,2612|4390|9565,2613|9655,3,2,http://www.reactome.org/biopax/96/48895#BiochemicalReaction4981,1,http://www.reactome.org/biopax/96/48895#Catalysis2117,3485
3276,6564|7348|7537,7349|7493,3,2,http://www.reactome.org/biopax/96/48895#BiochemicalReaction1990,1,http://www.reactome.org/biopax/96/48895#Catalysis925,3486
3277,2008|4231|7237,6170|7635,3,2,http://www.reactome.org/biopax/96/48895#BiochemicalReaction3824,1,http://www.reactome.org/biopax/96/48895#Catalysis1740,3487
3278,1221|6706|9070,1222|6701|7507,3,3,http://www.reactome.org/biopax/96/48895#BiochemicalReaction2427,1,http://www.reactome.org/biopax/96/48895#Catalysis1129,3488
3279,789|790|8467,6261|6262|9509,3,3,http://www.reactome.org/biopax/96/48895#BiochemicalReaction1294,1,http://www.reactome.org/biopax/96/48895#Catalysis554,3489
3280,6171|6172|9546,6173|9550,3,2,http://www.reactome.org/biopax/96/48895#BiochemicalReaction1064,1,http://www.reactome.org/biopax/96/48895#Catalysis464,3490
3281,248|9254|9565|9633,7949|9255|9644,4,3,http://www.reactome.org/biopax/96/48895#BiochemicalReaction8605,-1,http://www.reactome.org/biopax/96/48895#Control838,3491
3282,3822|7949|8656|9644,8186|9633,4,2,http://www.reactome.org/biopax/96/48895#BiochemicalReaction7923,1,http://www.reactome.org/biopax/96/48895#Catalysis3955,3492
3283,2730|7237,2731|7635,2,2,http://www.reactome.org/biopax/96/48895#BiochemicalReaction5152,1,http://www.reactome.org/biopax/96/48895#Catalysis2193,3493
3284,789|6258|8467,6260|9509,3,2,http://www.reactome.org/biopax/96/48895#BiochemicalReaction1292,1,http://www.reactome.org/biopax/96/48895#Catalysis553,3494
3285,1559|9587,2280|7520,2,2,http://www.reactome.org/biopax/96/48895#BiochemicalReaction2956,1,http://www.reactome.org/biopax/96/48895#Catalysis1410,3495
3286,5982|8142|8176|9482,8143|8177,4,2,http://www.reactome.org/biopax/96/48895#BiochemicalReaction7381,1,http://www.reactome.org/biopax/96/48895#Catalysis3438,3497
3287,5932|7319|7355,5937|7323,3,2,http://www.reactome.org/biopax/96/48895#BiochemicalReaction568,1,http://www.reactome.org/biopax/96/48895#Control42,3498
3288,1042|7429|7949,7255|9472,3,2,http://www.reactome.org/biopax/96/48895#BiochemicalReaction2092,1,http://www.reactome.org/biopax/96/48895#Catalysis1002,3500
3289,1062|6626|7450,1063|7580,3,2,http://www.reactome.org/biopax/96/48895#BiochemicalReaction2155,1,http://www.reactome.org/biopax/96/48895#Catalysis1046,3502
3290,78|7237|7949|8881,8228|8882,4,2,http://www.reactome.org/biopax/96/48895#BiochemicalReaction8213,1,http://www.reactome.org/biopax/96/48895#Catalysis4220,3503
3291,3897|5032|8731,5033|8732|9565,3,3,http://www.reactome.org/biopax/96/48895#BiochemicalReaction8059,1,http://www.reactome.org/biopax/96/48895#Catalysis4067,3504
3292,4071|5917|7237,4072|7635,3,2,http://www.reactome.org/biopax/96/48895#BiochemicalReaction1337,1,http://www.reactome.org/biopax/96/48895#Catalysis566,3505
3293,2754|7237,2756|7635,2,2,http://www.reactome.org/biopax/96/48895#BiochemicalReaction5180,1,http://www.reactome.org/biopax/96/48895#Catalysis2204,3506
3294,6108|7647|7949|9644,7646|9633,4,2,http://www.reactome.org/biopax/96/48895#BiochemicalReaction5787,1,http://www.reactome.org/biopax/96/48895#Catalysis2382,3507
3295,5363|8263|9451,8202|8264,3,2,http://www.reactome.org/biopax/96/48895#BiochemicalReaction7497,-1,http://www.reactome.org/biopax/96/48895#Control703,3508
3296,4423|5315|7237,4424|7635,3,2,http://www.reactome.org/biopax/96/48895#BiochemicalReaction5046,1,http://www.reactome.org/biopax/96/48895#Catalysis2149,3509
3297,3665|8155|9481,8156|9480,3,2,http://www.reactome.org/biopax/96/48895#BiochemicalReaction7363,1,http://www.reactome.org/biopax/96/48895#Catalysis3420,3510
3298,2436|5415,1168,2,1,http://www.reactome.org/biopax/96/48895#BiochemicalReaction4738,1,http://www.reactome.org/biopax/96/48895#Catalysis2014,3512
3299,1301|4844,1300|1302,2,2,http://www.reactome.org/biopax/96/48895#BiochemicalReaction2553,1,http://www.reactome.org/biopax/96/48895#Catalysis1184,3513
3300,159|7621|9444|9448,7622|9014|9667,4,3,http://www.reactome.org/biopax/96/48895#BiochemicalReaction8374,1,http://www.reactome.org/biopax/96/48895#Catalysis4375,3514
3301,3725|7237|8317,7635|7949|8318,3,3,http://www.reactome.org/biopax/96/48895#BiochemicalReaction7579,-1,http://www.reactome.org/biopax/96/48895#Control706,3516
3302,1044|1845|7548,1843,3,1,http://www.reactome.org/biopax/96/48895#BiochemicalReaction3501,-1,http://www.reactome.org/biopax/96/48895#Control321,3517
3303,5981|8054|8458,8055|8460,3,2,http://www.reactome.org/biopax/96/48895#BiochemicalReaction7709,1,http://www.reactome.org/biopax/96/48895#Catalysis3757,3518
3304,5573|8684|9487,7619|8079,3,2,http://www.reactome.org/biopax/96/48895#BiochemicalReaction8014,1,http://www.reactome.org/biopax/96/48895#Catalysis4026,3519
3305,2159|5300|7237,5313|7635,3,2,http://www.reactome.org/biopax/96/48895#BiochemicalReaction406,1,http://www.reactome.org/biopax/96/48895#Catalysis145,3520
3306,5484|7949|8411|9644,8425|9633,4,2,http://www.reactome.org/biopax/96/48895#BiochemicalReaction7674,1,http://www.reactome.org/biopax/96/48895#Catalysis3724,3521
3307,5160|7819|8467,7431|7820,3,2,http://www.reactome.org/biopax/96/48895#BiochemicalReaction6969,1,http://www.reactome.org/biopax/96/48895#Catalysis3050,3522
3308,1804|2031|7175,2043,3,1,http://www.reactome.org/biopax/96/48895#BiochemicalReaction3896,-1,http://www.reactome.org/biopax/96/48895#Control375,3524
3309,2722|4321|6896,4993|5900,3,2,http://www.reactome.org/biopax/96/48895#BiochemicalReaction6667,1,http://www.reactome.org/biopax/96/48895#Catalysis2860,3525
3310,3614|7579|7949|7964|9644,7405|7580|9517|9565|9633,5,5,http://www.reactome.org/biopax/96/48895#BiochemicalReaction7205,1,http://www.reactome.org/biopax/96/48895#Catalysis3271,3526
3311,7434|8715|9444,9446,3,1,http://www.reactome.org/biopax/96/48895#BiochemicalReaction6348,1,http://www.reactome.org/biopax/96/48895#Control597,3527
3312,3720|8296|9565,8297|9655,3,2,http://www.reactome.org/biopax/96/48895#BiochemicalReaction7561,1,http://www.reactome.org/biopax/96/48895#Catalysis3616,3528
3313,5251|5252|7391,5254|7390|9632,3,3,http://www.reactome.org/biopax/96/48895#BiochemicalReaction7095,1,http://www.reactome.org/biopax/96/48895#Catalysis3165,3530
3314,1416|6844|9070,340|7507,3,2,http://www.reactome.org/biopax/96/48895#BiochemicalReaction2722,1,http://www.reactome.org/biopax/96/48895#Catalysis1284,3531
3315,2722|4880|6897,4881|5900,3,2,http://www.reactome.org/biopax/96/48895#BiochemicalReaction6575,1,http://www.reactome.org/biopax/96/48895#Catalysis2769,3532
3316,269|8538|8868,8875|9308,3,2,http://www.reactome.org/biopax/96/48895#BiochemicalReaction8639,1,http://www.reactome.org/biopax/96/48895#Catalysis4633,3533
3317,450|1648|7305,449|7311,3,2,http://www.reactome.org/biopax/96/48895#BiochemicalReaction708,1,http://www.reactome.org/biopax/96/48895#Catalysis246,3534
3318,536|7572,9472,2,1,http://www.reactome.org/biopax/96/48895#BiochemicalReaction822,1,http://www.reactome.org/biopax/96/48895#Catalysis321,3535
3319,641|2722|4961,4962|5900,3,2,http://www.reactome.org/biopax/96/48895#BiochemicalReaction6638,1,http://www.reactome.org/biopax/96/48895#Catalysis2832,3536
3320,7508|7609|7949|9500|9644,7436|9521|9565|9633,5,4,http://www.reactome.org/biopax/96/48895#BiochemicalReaction5030,-1,http://www.reactome.org/biopax/96/48895#Control457,3537
3321,226|5688,225,2,1,http://www.reactome.org/biopax/96/48895#BiochemicalReaction8492,-1,http://www.reactome.org/biopax/96/48895#Control825,3538
3322,2722|5814,4904|5900,2,2,http://www.reactome.org/biopax/96/48895#BiochemicalReaction6590,1,http://www.reactome.org/biopax/96/48895#Catalysis2784,3539
3323,1266|4844|6740,6741,3,1,http://www.reactome.org/biopax/96/48895#BiochemicalReaction2504,1,http://www.reactome.org/biopax/96/48895#Catalysis1164,3541
3324,3797|7622|8567|9667,7621|8568,4,2,http://www.reactome.org/biopax/96/48895#BiochemicalReaction7822,1,http://www.reactome.org/biopax/96/48895#Catalysis3862,3542
3325,5661|7621|9111|9444,7622|9113|9667,4,3,http://www.reactome.org/biopax/96/48895#BiochemicalReaction8486,1,http://www.reactome.org/biopax/96/48895#Catalysis4486,3543
3326,1731|1734|9070,1735|7507,3,2,http://www.reactome.org/biopax/96/48895#BiochemicalReaction3225,1,http://www.reactome.org/biopax/96/48895#Catalysis1509,3544
3327,2160|7949,9645,2,1,http://www.reactome.org/biopax/96/48895#BiochemicalReaction4218,1,http://www.reactome.org/biopax/96/48895#Catalysis1857,3545
3328,7334|9070|9108|9523,7507|7949|8702|9655,4,4,http://www.reactome.org/biopax/96/48895#BiochemicalReaction8033,-1,http://www.reactome.org/biopax/96/48895#Control779,3546
3329,469|7423,7423,2,1,http://www.reactome.org/biopax/96/48895#BiochemicalReaction736,1,http://www.reactome.org/biopax/96/48895#Catalysis254,3547
3330,6534|7500|7537|7572,7493|7501|9472,4,3,http://www.reactome.org/biopax/96/48895#BiochemicalReaction1928,1,http://www.reactome.org/biopax/96/48895#Catalysis866,3548
3331,389|391|5860|5861|5862|5863|5864|5865|5866|8290,390,10,1,http://www.reactome.org/biopax/96/48895#BiochemicalReaction8858,1,http://www.reactome.org/biopax/96/48895#Catalysis4754,3549
3332,5285|7237|7580|7962,7545|7963|8228,4,3,http://www.reactome.org/biopax/96/48895#BiochemicalReaction7201,1,http://www.reactome.org/biopax/96/48895#Catalysis3268,3550
3333,2477|6373,2474|6283,2,2,http://www.reactome.org/biopax/96/48895#BiochemicalReaction4798,1,http://www.reactome.org/biopax/96/48895#Catalysis2039,3551
3334,7202|7204|7389,7203|7557,3,2,http://www.reactome.org/biopax/96/48895#BiochemicalReaction3659,1,http://www.reactome.org/biopax/96/48895#Catalysis1689,3553
3335,7720|7949|9070,7401|8228,3,2,http://www.reactome.org/biopax/96/48895#BiochemicalReaction6477,1,http://www.reactome.org/biopax/96/48895#Control602,3554
3336,1453|7473|7474|7475|7476,1454,5,1,http://www.reactome.org/biopax/96/48895#BiochemicalReaction2792,1,http://www.reactome.org/biopax/96/48895#Catalysis1317,3555
3337,6397|7971,3813,2,1,http://www.reactome.org/biopax/96/48895#BiochemicalReaction7909,1,http://www.reactome.org/biopax/96/48895#Catalysis3947,3556
3338,2722|3944|4892,4893|5900,3,2,http://www.reactome.org/biopax/96/48895#BiochemicalReaction6581,1,http://www.reactome.org/biopax/96/48895#Catalysis2775,3557
3339,5693|7579|9665,7580|7949|9125,3,3,http://www.reactome.org/biopax/96/48895#BiochemicalReaction8499,1,http://www.reactome.org/biopax/96/48895#Catalysis4499,3558
3340,1653|7318,7372,2,1,http://www.reactome.org/biopax/96/48895#BiochemicalReaction3077,-1,http://www.reactome.org/biopax/96/48895#Control280,3559
3341,478|7508|7661|9565,7513|7664|9660,4,3,http://www.reactome.org/biopax/96/48895#BiochemicalReaction778,1,http://www.reactome.org/biopax/96/48895#Catalysis293,3560
3342,1484,1485,1,1,http://www.reactome.org/biopax/96/48895#BiochemicalReaction2862,1,http://www.reactome.org/biopax/96/48895#Catalysis1361,3561
3343,3010|7647|8179|9565,7652|7949|8199,4,3,http://www.reactome.org/biopax/96/48895#BiochemicalReaction5788,1,http://www.reactome.org/biopax/96/48895#Catalysis2383,3562
3344,4101|9522,9523,2,1,http://www.reactome.org/biopax/96/48895#BiochemicalReaction1508,1,http://www.reactome.org/biopax/96/48895#Catalysis645,3563
3345,2544|7237,2545|7635,2,2,http://www.reactome.org/biopax/96/48895#BiochemicalReaction4876,1,http://www.reactome.org/biopax/96/48895#Catalysis2073,3564
3346,380|5813,381,2,1,http://www.reactome.org/biopax/96/48895#BiochemicalReaction8851,1,http://www.reactome.org/biopax/96/48895#Control880,3565
3347,2654|9506,2655,2,1,http://www.reactome.org/biopax/96/48895#BiochemicalReaction5029,1,http://www.reactome.org/biopax/96/48895#Catalysis2139,3566
3348,2518|7237,2519|7635,2,2,http://www.reactome.org/biopax/96/48895#BiochemicalReaction4844,1,http://www.reactome.org/biopax/96/48895#Catalysis2059,3567
3349,6290|6329|7305,6328|7311,3,2,http://www.reactome.org/biopax/96/48895#BiochemicalReaction1424,1,http://www.reactome.org/biopax/96/48895#Catalysis613,3568
3350,850|9070,851|7507,2,2,http://www.reactome.org/biopax/96/48895#BiochemicalReaction1533,1,http://www.reactome.org/biopax/96/48895#Catalysis657,3569
3351,2004|4224|7237,2003|4223|7635,3,3,http://www.reactome.org/biopax/96/48895#BiochemicalReaction3814,-1,http://www.reactome.org/biopax/96/48895#Control351,3570
3352,4785|7378|7732,7377|7733,3,2,http://www.reactome.org/biopax/96/48895#BiochemicalReaction6488,1,http://www.reactome.org/biopax/96/48895#Catalysis2690,3571
3353,5279|9554|9565,7955|9655,3,2,http://www.reactome.org/biopax/96/48895#BiochemicalReaction7186,1,http://www.reactome.org/biopax/96/48895#Catalysis3254,3572
3354,1706|4485,1703,2,1,http://www.reactome.org/biopax/96/48895#BiochemicalReaction6316,1,http://www.reactome.org/biopax/96/48895#Catalysis2588,3573
3355,2008|6161|7237,6163|7635,3,2,http://www.reactome.org/biopax/96/48895#BiochemicalReaction3825,1,http://www.reactome.org/biopax/96/48895#Catalysis1741,3574
3356,643|3018|9546,3039|3906|4536|6144|9550|9596,3,6,http://www.reactome.org/biopax/96/48895#BiochemicalReaction5862,1,http://www.reactome.org/biopax/96/48895#Catalysis2404,3575
3357,387|5838,3243,2,1,http://www.reactome.org/biopax/96/48895#BiochemicalReaction8855,1,http://www.reactome.org/biopax/96/48895#Control900,3576
3358,7145|7147,7048|7146,2,2,http://www.reactome.org/biopax/96/48895#BiochemicalReaction3523,-1,http://www.reactome.org/biopax/96/48895#Control323,3577
3359,3981|7534|9565,7698|8217,3,2,http://www.reactome.org/biopax/96/48895#BiochemicalReaction7429,1,http://www.reactome.org/biopax/96/48895#Catalysis3486,3578
3360,3621|7508|8637,8652,3,1,http://www.reactome.org/biopax/96/48895#BiochemicalReaction7890,1,http://www.reactome.org/biopax/96/48895#Catalysis3930,3579
3361,1461,1462|7514,1,2,http://www.reactome.org/biopax/96/48895#BiochemicalReaction2823,1,http://www.reactome.org/biopax/96/48895#Catalysis1335,3581
3362,594|8773|9565,8775|9655,3,2,http://www.reactome.org/biopax/96/48895#BiochemicalReaction8092,1,http://www.reactome.org/biopax/96/48895#Catalysis4100,3582
3363,1995|6162|7237,6164|7635,3,2,http://www.reactome.org/biopax/96/48895#BiochemicalReaction3971,1,http://www.reactome.org/biopax/96/48895#Catalysis1775,3583
3364,777|1897|7237,1898|7635,3,2,http://www.reactome.org/biopax/96/48895#BiochemicalReaction3602,1,http://www.reactome.org/biopax/96/48895#Catalysis1658,3584
3365,3290|7388|7585,7687|7949|8858,3,3,http://www.reactome.org/biopax/96/48895#BiochemicalReaction6450,1,http://www.reactome.org/biopax/96/48895#Catalysis2652,3585
3366,3896|7237|7542|7718|9565,7546|7635|7707|7949|9655,5,5,http://www.reactome.org/biopax/96/48895#BiochemicalReaction8057,1,http://www.reactome.org/biopax/96/48895#Catalysis4065,3586
3367,806|4070|5415,809,3,1,http://www.reactome.org/biopax/96/48895#BiochemicalReaction1325,1,http://www.reactome.org/biopax/96/48895#Catalysis564,3587
3368,5285|7237|7580|8486,7545|8228|8487|9565,4,4,http://www.reactome.org/biopax/96/48895#BiochemicalReaction7730,1,http://www.reactome.org/biopax/96/48895#Catalysis3778,3588
3369,375|5823,378,2,1,http://www.reactome.org/biopax/96/48895#BiochemicalReaction8850,1,http://www.reactome.org/biopax/96/48895#Control864,3589
3370,656|9546,2404|9550,2,2,http://www.reactome.org/biopax/96/48895#BiochemicalReaction1074,1,http://www.reactome.org/biopax/96/48895#Catalysis470,3590
3371,379|392|420,416,3,1,http://www.reactome.org/biopax/96/48895#BiochemicalReaction661,-1,http://www.reactome.org/biopax/96/48895#Control47,3591
3372,1706|4621|9070,1703|7507,3,2,http://www.reactome.org/biopax/96/48895#BiochemicalReaction6011,1,http://www.reactome.org/biopax/96/48895#Catalysis2476,3592
3373,1929|1930|7189,1931,3,1,http://www.reactome.org/biopax/96/48895#BiochemicalReaction3647,-1,http://www.reactome.org/biopax/96/48895#Control341,3593
3374,5543|7949|8199|8440,8179|8409,4,2,http://www.reactome.org/biopax/96/48895#BiochemicalReaction7939,-1,http://www.reactome.org/biopax/96/48895#Control735,3594
3375,130|8962|9565,7334|9527,3,2,http://www.reactome.org/biopax/96/48895#BiochemicalReaction8319,1,http://www.reactome.org/biopax/96/48895#Catalysis4320,3595
3376,1443|7473|7474|7475|7476,1444,5,1,http://www.reactome.org/biopax/96/48895#BiochemicalReaction2778,1,http://www.reactome.org/biopax/96/48895#Catalysis1311,3596
3377,1003|7635|8691,7237|9558,3,2,http://www.reactome.org/biopax/96/48895#BiochemicalReaction2008,1,http://www.reactome.org/biopax/96/48895#Catalysis940,3597
3378,3977|7459|7694,7448|7580,3,2,http://www.reactome.org/biopax/96/48895#BiochemicalReaction7414,1,http://www.reactome.org/biopax/96/48895#Catalysis3471,3598
3379,4708|5339|8124,5338|8708,3,2,http://www.reactome.org/biopax/96/48895#BiochemicalReaction7348,1,http://www.reactome.org/biopax/96/48895#Catalysis3407,3600
3380,3980|7534|9565,7698|8216,3,2,http://www.reactome.org/biopax/96/48895#BiochemicalReaction7427,1,http://www.reactome.org/biopax/96/48895#Catalysis3484,3601
3381,3324|5526,4924|5900,2,2,http://www.reactome.org/biopax/96/48895#BiochemicalReaction6604,1,http://www.reactome.org/biopax/96/48895#Catalysis2798,3602
3382,1402|6800|9565,6753|9655,3,2,http://www.reactome.org/biopax/96/48895#BiochemicalReaction2696,-1,http://www.reactome.org/biopax/96/48895#Control263,3603
3383,1052|7438,7439,2,1,http://www.reactome.org/biopax/96/48895#BiochemicalReaction2143,1,http://www.reactome.org/biopax/96/48895#Catalysis1041,3604
3384,2166|4844|5591,5597,3,1,http://www.reactome.org/biopax/96/48895#BiochemicalReaction433,1,http://www.reactome.org/biopax/96/48895#Catalysis165,3605
3385,3324|6896|7126,4950|5900,3,2,http://www.reactome.org/biopax/96/48895#BiochemicalReaction6627,1,http://www.reactome.org/biopax/96/48895#Catalysis2821,3606
3386,2304|6742|9546,5588|9550,3,2,http://www.reactome.org/biopax/96/48895#BiochemicalReaction2506,1,http://www.reactome.org/biopax/96/48895#Catalysis1166,3607
3387,5394|7459|8253,7580|7585,3,2,http://www.reactome.org/biopax/96/48895#BiochemicalReaction7483,1,http://www.reactome.org/biopax/96/48895#Catalysis3540,3609
3388,238|9150,7949|9151|9565,2,3,http://www.reactome.org/biopax/96/48895#BiochemicalReaction8530,1,http://www.reactome.org/biopax/96/48895#Catalysis4529,3610
3389,1788|5940|9566|9587,1787|7359|9576,4,3,http://www.reactome.org/biopax/96/48895#BiochemicalReaction3379,1,http://www.reactome.org/biopax/96/48895#Catalysis1558,3611
3390,5645|8942|8946,8715|8947,3,2,http://www.reactome.org/biopax/96/48895#BiochemicalReaction8297,1,http://www.reactome.org/biopax/96/48895#Catalysis4298,3612
3391,381|5842,382,2,1,http://www.reactome.org/biopax/96/48895#BiochemicalReaction8852,1,http://www.reactome.org/biopax/96/48895#Control891,3613
3392,3826,3827,1,1,http://www.reactome.org/biopax/96/48895#BiochemicalReaction7931,1,http://www.reactome.org/biopax/96/48895#Catalysis3962,3614
3393,1732|1914|9070,808|7507,3,2,http://www.reactome.org/biopax/96/48895#BiochemicalReaction3621,1,http://www.reactome.org/biopax/96/48895#Catalysis1668,3615
3394,1941|1944|7237,1945|7635,3,2,http://www.reactome.org/biopax/96/48895#BiochemicalReaction3669,1,http://www.reactome.org/biopax/96/48895#Catalysis1692,3616
3395,138|7619|8974|9449|9667,7279|8973|9444,5,3,http://www.reactome.org/biopax/96/48895#BiochemicalReaction8330,1,http://www.reactome.org/biopax/96/48895#Catalysis4331,3617
3396,4010|8026|8489|8747|9187,8027|8467|9188,5,3,http://www.reactome.org/biopax/96/48895#BiochemicalReaction8561,1,http://www.reactome.org/biopax/96/48895#Catalysis4558,3618
3397,5126|7804|8290,7805|8420,3,2,http://www.reactome.org/biopax/96/48895#BiochemicalReaction6903,1,http://www.reactome.org/biopax/96/48895#Catalysis3005,3619
3398,5604|7237|8857,7580|7635|7949,3,3,http://www.reactome.org/biopax/96/48895#BiochemicalReaction8171,1,http://www.reactome.org/biopax/96/48895#Catalysis4179,3620
3399,646|6165|9546,647|9550,3,2,http://www.reactome.org/biopax/96/48895#BiochemicalReaction1060,1,http://www.reactome.org/biopax/96/48895#Catalysis461,3621
3400,614|6137|9433|9434,6138|9435|9436,4,3,http://www.reactome.org/biopax/96/48895#BiochemicalReaction1018,1,http://www.reactome.org/biopax/96/48895#Catalysis443,3622
3401,1091|1092|1093,1095,3,1,http://www.reactome.org/biopax/96/48895#BiochemicalReaction2249,1,http://www.reactome.org/biopax/96/48895#Control237,3623
3402,6488|7556|9649,7949|9431,3,2,http://www.reactome.org/biopax/96/48895#BiochemicalReaction1861,1,http://www.reactome.org/biopax/96/48895#Catalysis800,3624
3403,5312|8610|9633,8614|9644,3,2,http://www.reactome.org/biopax/96/48895#BiochemicalReaction7860,1,http://www.reactome.org/biopax/96/48895#Catalysis3900,3625
3404,984|4109|7237|9565,4111|7635|9655,4,3,http://www.reactome.org/biopax/96/48895#BiochemicalReaction1837,1,http://www.reactome.org/biopax/96/48895#Catalysis779,3626
3405,3247|3926|7237,3247|7635|9655,3,3,http://www.reactome.org/biopax/96/48895#BiochemicalReaction6358,1,http://www.reactome.org/biopax/96/48895#Catalysis2601,3627
3406,5157|7431|9623,7819|9655,3,2,http://www.reactome.org/biopax/96/48895#BiochemicalReaction6966,1,http://www.reactome.org/biopax/96/48895#Catalysis3047,3628
3407,2722|6881,4937|5900,2,2,http://www.reactome.org/biopax/96/48895#BiochemicalReaction6616,1,http://www.reactome.org/biopax/96/48895#Catalysis2810,3629
3408,1783|7016|7237,7017|7635,3,2,http://www.reactome.org/biopax/96/48895#BiochemicalReaction3372,-1,http://www.reactome.org/biopax/96/48895#Control296,3630
3409,5592|8722|9565,7368|8778,3,2,http://www.reactome.org/biopax/96/48895#BiochemicalReaction8096,1,http://www.reactome.org/biopax/96/48895#Catalysis4104,3631
3410,4081|6296|7305,6298|7311,3,2,http://www.reactome.org/biopax/96/48895#BiochemicalReaction1410,1,http://www.reactome.org/biopax/96/48895#Catalysis600,3632
3411,5404|7237|7585,7635|8250,3,2,http://www.reactome.org/biopax/96/48895#BiochemicalReaction7510,1,http://www.reactome.org/biopax/96/48895#Catalysis3567,3635
3412,2661|7237,2662|7635,2,2,http://www.reactome.org/biopax/96/48895#BiochemicalReaction5040,1,http://www.reactome.org/biopax/96/48895#Catalysis2145,3636
3413,1554|9546,1555|9550,2,2,http://www.reactome.org/biopax/96/48895#BiochemicalReaction2952,1,http://www.reactome.org/biopax/96/48895#Catalysis1408,3637
3414,4544|5535|7450,5536|7580,3,2,http://www.reactome.org/biopax/96/48895#BiochemicalReaction7920,1,http://www.reactome.org/biopax/96/48895#Catalysis3953,3638
3415,2979|4513|7237,4512|7635,3,2,http://www.reactome.org/biopax/96/48895#BiochemicalReaction5712,1,http://www.reactome.org/biopax/96/48895#Catalysis2349,3641
3416,2046|6765|9546,1314|9550,3,2,http://www.reactome.org/biopax/96/48895#BiochemicalReaction2577,1,http://www.reactome.org/biopax/96/48895#Control259,3642
3417,3674|7582|9565,8202|8204,3,2,http://www.reactome.org/biopax/96/48895#BiochemicalReaction7410,1,http://www.reactome.org/biopax/96/48895#Catalysis3467,3643
3418,572|7318|7537,7372|7493,3,2,http://www.reactome.org/biopax/96/48895#BiochemicalReaction1374,1,http://www.reactome.org/biopax/96/48895#Catalysis571,3644
3419,1534|6872|9587,1535|9596,3,2,http://www.reactome.org/biopax/96/48895#BiochemicalReaction2921,1,http://www.reactome.org/biopax/96/48895#Catalysis1391,3645
3420,3646|8091|9444,8093,3,1,http://www.reactome.org/biopax/96/48895#BiochemicalReaction7325,1,http://www.reactome.org/biopax/96/48895#Catalysis3384,3646
3421,3837|7659|9483,8660|8661|9667,3,3,http://www.reactome.org/biopax/96/48895#BiochemicalReaction7947,1,http://www.reactome.org/biopax/96/48895#Catalysis3977,3647
3422,1290|6758|7237,1291|7635,3,2,http://www.reactome.org/biopax/96/48895#BiochemicalReaction2542,1,http://www.reactome.org/biopax/96/48895#Catalysis1177,3648
3423,3538|7635|7815,7237|7814,3,2,http://www.reactome.org/biopax/96/48895#BiochemicalReaction6987,1,http://www.reactome.org/biopax/96/48895#Catalysis3066,3649
3424,5705|7508|7949|9173|9644,9174|9565|9633,5,3,http://www.reactome.org/biopax/96/48895#BiochemicalReaction8554,1,http://www.reactome.org/biopax/96/48895#Catalysis4551,3651
3425,1022|6578,1023|9426,2,2,http://www.reactome.org/biopax/96/48895#BiochemicalReaction2058,1,http://www.reactome.org/biopax/96/48895#Catalysis977,3652
3426,2804|2806|2809,2810|7214,3,2,http://www.reactome.org/biopax/96/48895#BiochemicalReaction5247,1,http://www.reactome.org/biopax/96/48895#Control479,3655
3427,1879|1881|7237,1880|7635,3,2,http://www.reactome.org/biopax/96/48895#BiochemicalReaction3574,1,http://www.reactome.org/biopax/96/48895#Catalysis1645,3656
3428,80|7237|7248|8218|9565,7635|8228|8881|9655,5,4,http://www.reactome.org/biopax/96/48895#BiochemicalReaction8216,1,http://www.reactome.org/biopax/96/48895#Catalysis4223,3658
3429,3621|7508|7641|7949|9644,8018|9565|9633,5,3,http://www.reactome.org/biopax/96/48895#BiochemicalReaction7259,1,http://www.reactome.org/biopax/96/48895#Catalysis3318,3659
3430,3644|7621|8080,7622|8082|9667,3,3,http://www.reactome.org/biopax/96/48895#BiochemicalReaction7313,1,http://www.reactome.org/biopax/96/48895#Catalysis3372,3661
3431,1285|1427|5415,1428,3,1,http://www.reactome.org/biopax/96/48895#BiochemicalReaction2751,1,http://www.reactome.org/biopax/96/48895#Catalysis1298,3662
3432,2044|7237,2045|7635,2,2,http://www.reactome.org/biopax/96/48895#BiochemicalReaction3899,1,http://www.reactome.org/biopax/96/48895#Catalysis1760,3663
3433,2723|5415,2724,2,1,http://www.reactome.org/biopax/96/48895#BiochemicalReaction5145,1,http://www.reactome.org/biopax/96/48895#Catalysis2190,3664
3434,5228|6732|9546,6736|9550,3,2,http://www.reactome.org/biopax/96/48895#BiochemicalReaction2501,1,http://www.reactome.org/biopax/96/48895#Catalysis1161,3665
3435,3539|7815|7949|8199,7816|8179|9655,4,3,http://www.reactome.org/biopax/96/48895#BiochemicalReaction6962,1,http://www.reactome.org/biopax/96/48895#Catalysis3043,3666
3436,861|6377|9070,862|7507,3,2,http://www.reactome.org/biopax/96/48895#BiochemicalReaction1544,1,http://www.reactome.org/biopax/96/48895#Catalysis663,3667
3437,1463,1462|7515,1,2,http://www.reactome.org/biopax/96/48895#BiochemicalReaction2824,1,http://www.reactome.org/biopax/96/48895#Catalysis1336,3668
3438,3234|7237|9410,7288|7635,3,2,http://www.reactome.org/biopax/96/48895#BiochemicalReaction6328,1,http://www.reactome.org/biopax/96/48895#Catalysis2593,3669
3439,3482|5089|9451,5093,3,1,http://www.reactome.org/biopax/96/48895#BiochemicalReaction6872,1,http://www.reactome.org/biopax/96/48895#Catalysis2989,3670
3440,2940|4501|9546,2941|9550,3,2,http://www.reactome.org/biopax/96/48895#BiochemicalReaction5644,1,http://www.reactome.org/biopax/96/48895#Catalysis2318,3671
3441,6986|9427,6693|6988,2,2,http://www.reactome.org/biopax/96/48895#BiochemicalReaction209,1,http://www.reactome.org/biopax/96/48895#Control11,3672
3442,6547|7284|7313|7493|7537,7287|7314|7493|7537,5,4,http://www.reactome.org/biopax/96/48895#BiochemicalReaction1953,1,http://www.reactome.org/biopax/96/48895#Catalysis891,3673
3443,1078|5433|7436|7508,3825|9502,4,2,http://www.reactome.org/biopax/96/48895#BiochemicalReaction7929,1,http://www.reactome.org/biopax/96/48895#Control732,3674
3444,5582|7237|8724,7635|8726,3,2,http://www.reactome.org/biopax/96/48895#BiochemicalReaction8052,1,http://www.reactome.org/biopax/96/48895#Catalysis4060,3675
3445,3191|3192|7237,1979|7635,3,2,http://www.reactome.org/biopax/96/48895#BiochemicalReaction6224,1,http://www.reactome.org/biopax/96/48895#Catalysis2556,3676
3446,5373|8216|9565,7698|8223,3,2,http://www.reactome.org/biopax/96/48895#BiochemicalReaction7435,1,http://www.reactome.org/biopax/96/48895#Catalysis3492,3677
3447,5279|9460|9565,8285|9655,3,2,http://www.reactome.org/biopax/96/48895#BiochemicalReaction7532,1,http://www.reactome.org/biopax/96/48895#Catalysis3589,3678
3448,4844|5916|5922,5921,3,1,http://www.reactome.org/biopax/96/48895#BiochemicalReaction540,1,http://www.reactome.org/biopax/96/48895#Catalysis211,3679
3449,5564|5565|8673,5062,3,1,http://www.reactome.org/biopax/96/48895#BiochemicalReaction7992,1,http://www.reactome.org/biopax/96/48895#Catalysis4008,3680
3450,3996|7949|8474|9644,8476|9633,4,2,http://www.reactome.org/biopax/96/48895#BiochemicalReaction7721,1,http://www.reactome.org/biopax/96/48895#Catalysis3769,3681
3451,5506|8534|9485|9662|9667,8535|9444|9486,5,3,http://www.reactome.org/biopax/96/48895#BiochemicalReaction7776,1,http://www.reactome.org/biopax/96/48895#Catalysis3820,3682
3452,107|4529|7949|9644,104|9633,4,2,http://www.reactome.org/biopax/96/48895#BiochemicalReaction8278,1,http://www.reactome.org/biopax/96/48895#Catalysis4282,3683
3453,5321|8026|8489|8747|9320,8027|8467|9180|9321,5,4,http://www.reactome.org/biopax/96/48895#BiochemicalReaction8651,1,http://www.reactome.org/biopax/96/48895#Catalysis4645,3684
3454,219|8179|9102|9565,7949|8199|9103,4,3,http://www.reactome.org/biopax/96/48895#BiochemicalReaction8477,1,http://www.reactome.org/biopax/96/48895#Catalysis4477,3685
3455,1328|6748|9546,1329|9550,3,2,http://www.reactome.org/biopax/96/48895#BiochemicalReaction2596,1,http://www.reactome.org/biopax/96/48895#Catalysis1206,3686
3456,4468|7971|9565,7545,3,1,http://www.reactome.org/biopax/96/48895#BiochemicalReaction5498,1,http://www.reactome.org/biopax/96/48895#Catalysis2255,3687
3457,218|7619|9098|9662,7551|7623|9099,4,3,http://www.reactome.org/biopax/96/48895#BiochemicalReaction8475,1,http://www.reactome.org/biopax/96/48895#Catalysis4475,3688
3458,696|4062|9587,627|697|6144|6146|9550|9596,3,6,http://www.reactome.org/biopax/96/48895#BiochemicalReaction1117,1,http://www.reactome.org/biopax/96/48895#Control91,3689
3459,3276|4725|8179|9664,4726|7676|7949|8199,4,4,http://www.reactome.org/biopax/96/48895#BiochemicalReaction6430,1,http://www.reactome.org/biopax/96/48895#Catalysis2632,3690
3460,888|7237,889|7635,2,2,http://www.reactome.org/biopax/96/48895#BiochemicalReaction1583,1,http://www.reactome.org/biopax/96/48895#Catalysis679,3691
3461,5793|5930|9546,5934|9550,3,2,http://www.reactome.org/biopax/96/48895#BiochemicalReaction563,1,http://www.reactome.org/biopax/96/48895#Catalysis214,3692
3462,4292|5843|7305,6319|7311,3,2,http://www.reactome.org/biopax/96/48895#BiochemicalReaction1427,1,http://www.reactome.org/biopax/96/48895#Catalysis616,3693
3463,4394|6944,4443|4450,2,2,http://www.reactome.org/biopax/96/48895#BiochemicalReaction5290,-1,http://www.reactome.org/biopax/96/48895#Control482,3694
3464,4705|5052|8290,5051|8420,3,2,http://www.reactome.org/biopax/96/48895#BiochemicalReaction6806,1,http://www.reactome.org/biopax/96/48895#Catalysis2945,3695
3465,3591|7892|7949|9644,7893|9633,4,2,http://www.reactome.org/biopax/96/48895#BiochemicalReaction7111,1,http://www.reactome.org/biopax/96/48895#Catalysis3179,3696
3466,2898|9070,2899|7507,2,2,http://www.reactome.org/biopax/96/48895#BiochemicalReaction5565,1,http://www.reactome.org/biopax/96/48895#Catalysis2292,3697
3467,5275|7237|7549,7635|7941,3,2,http://www.reactome.org/biopax/96/48895#BiochemicalReaction7169,1,http://www.reactome.org/biopax/96/48895#Catalysis3237,3699
3468,6635|6640|6642,6641,3,1,http://www.reactome.org/biopax/96/48895#BiochemicalReaction2211,1,http://www.reactome.org/biopax/96/48895#Control233,3701
3469,380|5815,381,2,1,http://www.reactome.org/biopax/96/48895#BiochemicalReaction8851,1,http://www.reactome.org/biopax/96/48895#Control889,3702
3470,89|7949|8902|9644,8745|9633,4,2,http://www.reactome.org/biopax/96/48895#BiochemicalReaction8241,1,http://www.reactome.org/biopax/96/48895#Catalysis4247,3703
3471,385|5853,387,2,1,http://www.reactome.org/biopax/96/48895#BiochemicalReaction8854,1,http://www.reactome.org/biopax/96/48895#Control897,3704
3472,3645|8077|9487|9667,8079|8087,4,2,http://www.reactome.org/biopax/96/48895#BiochemicalReaction7319,1,http://www.reactome.org/biopax/96/48895#Catalysis3378,3705
3473,1900|2808,778,2,1,http://www.reactome.org/biopax/96/48895#BiochemicalReaction3604,1,http://www.reactome.org/biopax/96/48895#Catalysis1660,3706
3474,1676|4535|7621|9444,5077|7538|8662,4,3,http://www.reactome.org/biopax/96/48895#BiochemicalReaction7950,1,http://www.reactome.org/biopax/96/48895#Catalysis3979,3707
3475,84|8891|9451,7556|8894|8895,3,3,http://www.reactome.org/biopax/96/48895#BiochemicalReaction8225,1,http://www.reactome.org/biopax/96/48895#Catalysis4232,3708
3476,3647|7621|8101,7622|8102|9667,3,3,http://www.reactome.org/biopax/96/48895#BiochemicalReaction7334,1,http://www.reactome.org/biopax/96/48895#Catalysis3393,3710
3477,6505|7572|9491,9472|9658,3,2,http://www.reactome.org/biopax/96/48895#BiochemicalReaction1880,1,http://www.reactome.org/biopax/96/48895#Catalysis818,3711
3478,194|7678|9565,7897|7949|9059|9420,3,4,http://www.reactome.org/biopax/96/48895#BiochemicalReaction8429,1,http://www.reactome.org/biopax/96/48895#Catalysis4430,3712
3479,2727|7237,2728|7635,2,2,http://www.reactome.org/biopax/96/48895#BiochemicalReaction5150,1,http://www.reactome.org/biopax/96/48895#Catalysis2192,3713
3480,899|902|7318|9540,901|6424,4,2,http://www.reactome.org/biopax/96/48895#BiochemicalReaction1620,1,http://www.reactome.org/biopax/96/48895#Control156,3714
3481,3844|7660|7811|9444,7257|8708|9667,4,3,http://www.reactome.org/biopax/96/48895#BiochemicalReaction7959,1,http://www.reactome.org/biopax/96/48895#Catalysis3987,3715
3482,2333|7237,2334|7635,2,2,http://www.reactome.org/biopax/96/48895#BiochemicalReaction4547,1,http://www.reactome.org/biopax/96/48895#Catalysis1958,3716
3483,4007|8026|8489|8747|9182,8027|8467|9183,5,3,http://www.reactome.org/biopax/96/48895#BiochemicalReaction8559,1,http://www.reactome.org/biopax/96/48895#Catalysis4556,3717
3484,6458|7537|9594,7493|9595,3,2,http://www.reactome.org/biopax/96/48895#BiochemicalReaction1797,1,http://www.reactome.org/biopax/96/48895#Catalysis756,3718
3485,3818|7237|9470,3819|3820,3,2,http://www.reactome.org/biopax/96/48895#BiochemicalReaction7912,-1,http://www.reactome.org/biopax/96/48895#Control727,3719
3486,1940|1942|7237,1941|7635,3,2,http://www.reactome.org/biopax/96/48895#BiochemicalReaction3668,-1,http://www.reactome.org/biopax/96/48895#Control345,3720
3487,911|921,922|6433,2,2,http://www.reactome.org/biopax/96/48895#BiochemicalReaction1638,-1,http://www.reactome.org/biopax/96/48895#Control168,3721
3488,7237|9577,9597,2,1,http://www.reactome.org/biopax/96/48895#BiochemicalReaction1971,-1,http://www.reactome.org/biopax/96/48895#Control187,3722
3489,3673|7934|9451,8202|8248,3,2,http://www.reactome.org/biopax/96/48895#BiochemicalReaction7475,1,http://www.reactome.org/biopax/96/48895#Catalysis3532,3723
3490,425|7305,426|7311,2,2,http://www.reactome.org/biopax/96/48895#BiochemicalReaction664,1,http://www.reactome.org/biopax/96/48895#Catalysis237,3724
3491,3869|7622|8670|9667,7621|8671|9669,4,3,http://www.reactome.org/biopax/96/48895#BiochemicalReaction7990,1,http://www.reactome.org/biopax/96/48895#Catalysis4006,3725
3492,6226|7237|7372,6227|7635,3,2,http://www.reactome.org/biopax/96/48895#BiochemicalReaction1238,1,http://www.reactome.org/biopax/96/48895#Control111,3726
3493,6121|7237|9416,7635|9418,3,2,http://www.reactome.org/biopax/96/48895#BiochemicalReaction988,1,http://www.reactome.org/biopax/96/48895#Catalysis434,3727
3494,1761|7237,1762|7635,2,2,http://www.reactome.org/biopax/96/48895#BiochemicalReaction3284,1,http://www.reactome.org/biopax/96/48895#Catalysis1531,3728
3495,4197|7558,7559|7561,2,2,http://www.reactome.org/biopax/96/48895#BiochemicalReaction3702,1,http://www.reactome.org/biopax/96/48895#Catalysis1707,3729
3496,4047|8838|8847,8635|8858,3,2,http://www.reactome.org/biopax/96/48895#BiochemicalReaction916,1,http://www.reactome.org/biopax/96/48895#Catalysis377,3730
3497,4050|6471|7237|9565,4051|7635|9655,4,3,http://www.reactome.org/biopax/96/48895#BiochemicalReaction1836,1,http://www.reactome.org/biopax/96/48895#Catalysis778,3731
3498,3757|7626|8361,8367|8368,3,2,http://www.reactome.org/biopax/96/48895#BiochemicalReaction7623,1,http://www.reactome.org/biopax/96/48895#Catalysis3675,3732
3499,6396|7971,3812,2,1,http://www.reactome.org/biopax/96/48895#BiochemicalReaction7908,1,http://www.reactome.org/biopax/96/48895#Catalysis3946,3733
3500,995|7326|9499,7269|7327,3,2,http://www.reactome.org/biopax/96/48895#BiochemicalReaction1965,1,http://www.reactome.org/biopax/96/48895#Catalysis903,3734
3501,6407|7372|7934|9417,514,4,1,http://www.reactome.org/biopax/96/48895#BiochemicalReaction1604,1,http://www.reactome.org/biopax/96/48895#Control153,3735
3502,1539|7305,1540|7311,2,2,http://www.reactome.org/biopax/96/48895#BiochemicalReaction2925,1,http://www.reactome.org/biopax/96/48895#Catalysis1394,3736
3503,3628|8613|9565,8615,3,1,http://www.reactome.org/biopax/96/48895#BiochemicalReaction7861,1,http://www.reactome.org/biopax/96/48895#Catalysis3901,3737
3504,358|2808,5415,2,1,http://www.reactome.org/biopax/96/48895#BiochemicalReaction8816,1,http://www.reactome.org/biopax/96/48895#Catalysis4735,3738
3505,5737|5739|7237,5738|7635,3,2,http://www.reactome.org/biopax/96/48895#BiochemicalReaction8714,1,http://www.reactome.org/biopax/96/48895#Catalysis4702,3739
3506,2968|9522|9565,9523,3,1,http://www.reactome.org/biopax/96/48895#BiochemicalReaction5694,1,http://www.reactome.org/biopax/96/48895#Catalysis2336,3740
3507,4371|4374|6058,2329,3,1,http://www.reactome.org/biopax/96/48895#BiochemicalReaction4539,1,http://www.reactome.org/biopax/96/48895#Catalysis1956,3741
3508,5615|7949|8871|9644,60|8872|9633,4,3,http://www.reactome.org/biopax/96/48895#BiochemicalReaction8194,1,http://www.reactome.org/biopax/96/48895#Catalysis4202,3742
3509,7839|7848|9655,7849|7949|8218,3,3,http://www.reactome.org/biopax/96/48895#BiochemicalReaction7020,1,http://www.reactome.org/biopax/96/48895#Control675,3743
3510,5343|8178,3666,2,1,http://www.reactome.org/biopax/96/48895#BiochemicalReaction7383,1,http://www.reactome.org/biopax/96/48895#Catalysis3440,3744
3511,254|7508|9247|9565,7513|9248|9660,4,3,http://www.reactome.org/biopax/96/48895#BiochemicalReaction8595,1,http://www.reactome.org/biopax/96/48895#Catalysis4592,3745
3512,4571|6936|7237,4572|7635,3,2,http://www.reactome.org/biopax/96/48895#BiochemicalReaction5949,1,http://www.reactome.org/biopax/96/48895#Catalysis2438,3746
3513,1182|6968,1188|6964,2,2,http://www.reactome.org/biopax/96/48895#BiochemicalReaction202,1,http://www.reactome.org/biopax/96/48895#Catalysis51,3747
3514,719|720|4066,722|6210|6211,3,3,http://www.reactome.org/biopax/96/48895#BiochemicalReaction1170,1,http://www.reactome.org/biopax/96/48895#Catalysis503,3748
3515,815|1759|9070,1760|7992,3,2,http://www.reactome.org/biopax/96/48895#BiochemicalReaction3282,1,http://www.reactome.org/biopax/96/48895#Catalysis1530,3749
3516,2577|7237,2578|7635,2,2,http://www.reactome.org/biopax/96/48895#BiochemicalReaction4927,1,http://www.reactome.org/biopax/96/48895#Catalysis2094,3750
3517,3651|8109,8110,2,1,http://www.reactome.org/biopax/96/48895#BiochemicalReaction7339,1,http://www.reactome.org/biopax/96/48895#Catalysis3398,3751
3518,3186|3189|7237,3190|7635,3,2,http://www.reactome.org/biopax/96/48895#BiochemicalReaction6221,-1,http://www.reactome.org/biopax/96/48895#Control575,3752
3519,3964|7583|8026|8489|8747,8027|8031|8467,5,3,http://www.reactome.org/biopax/96/48895#BiochemicalReaction7270,1,http://www.reactome.org/biopax/96/48895#Catalysis3329,3753
3520,3314|7385|7772,3941,3,1,http://www.reactome.org/biopax/96/48895#BiochemicalReaction6527,1,http://www.reactome.org/biopax/96/48895#Catalysis2727,3754
3521,1694|4135|9546,4136|9550,3,2,http://www.reactome.org/biopax/96/48895#BiochemicalReaction2544,1,http://www.reactome.org/biopax/96/48895#Catalysis1178,3755
3522,6558|7341|7537,7342|7493,3,2,http://www.reactome.org/biopax/96/48895#BiochemicalReaction1984,1,http://www.reactome.org/biopax/96/48895#Catalysis919,3756
3523,3298|7579|7716,7580|7715|7949,3,3,http://www.reactome.org/biopax/96/48895#BiochemicalReaction6472,1,http://www.reactome.org/biopax/96/48895#Catalysis2674,3757
3524,3801|7800|8601,8631,3,1,http://www.reactome.org/biopax/96/48895#BiochemicalReaction7875,1,http://www.reactome.org/biopax/96/48895#Catalysis3915,3758
3525,5134|6729|9546,6730|9550,3,2,http://www.reactome.org/biopax/96/48895#BiochemicalReaction2492,1,http://www.reactome.org/biopax/96/48895#Catalysis1154,3759
3526,3078|9565,4252|4569|9655,2,3,http://www.reactome.org/biopax/96/48895#BiochemicalReaction5936,1,http://www.reactome.org/biopax/96/48895#Catalysis2431,3760
3527,2722|4977,4978|5900,2,2,http://www.reactome.org/biopax/96/48895#BiochemicalReaction6647,1,http://www.reactome.org/biopax/96/48895#Catalysis2842,3761
3528,768|5538,3826,2,1,http://www.reactome.org/biopax/96/48895#BiochemicalReaction7930,1,http://www.reactome.org/biopax/96/48895#Catalysis3961,3762
3529,3799|8179|8570,7949|8199|8575,3,3,http://www.reactome.org/biopax/96/48895#BiochemicalReaction7830,1,http://www.reactome.org/biopax/96/48895#Catalysis3870,3763
3530,3316|3319|4862|4863,3320,4,1,http://www.reactome.org/biopax/96/48895#BiochemicalReaction6560,1,http://www.reactome.org/biopax/96/48895#Catalysis2754,3764
3531,2497|7237,2498|7635,2,2,http://www.reactome.org/biopax/96/48895#BiochemicalReaction4816,1,http://www.reactome.org/biopax/96/48895#Catalysis2046,3765
3532,518|7318,7372,2,1,http://www.reactome.org/biopax/96/48895#BiochemicalReaction800,1,http://www.reactome.org/biopax/96/48895#Catalysis309,3766
3533,5627|8290|9324,8420|9325,3,2,http://www.reactome.org/biopax/96/48895#BiochemicalReaction8653,1,http://www.reactome.org/biopax/96/48895#Catalysis4647,3767
3534,243|9161|9474,9162|9475,3,2,http://www.reactome.org/biopax/96/48895#BiochemicalReaction8536,1,http://www.reactome.org/biopax/96/48895#Catalysis4535,3768
3535,1581|9566,1492|1579|1582|9576,2,4,http://www.reactome.org/biopax/96/48895#BiochemicalReaction2992,1,http://www.reactome.org/biopax/96/48895#Catalysis1424,3769
3536,1517|7520,1518|7365,2,2,http://www.reactome.org/biopax/96/48895#BiochemicalReaction2897,1,http://www.reactome.org/biopax/96/48895#Catalysis1379,3770
3537,2880|4479|4480,2880,3,1,http://www.reactome.org/biopax/96/48895#BiochemicalReaction5538,1,http://www.reactome.org/biopax/96/48895#Catalysis2279,3771
3538,3344|3490|9559,3494|7365,3,2,http://www.reactome.org/biopax/96/48895#BiochemicalReaction609,1,http://www.reactome.org/biopax/96/48895#Catalysis223,3772
3539,3422|9565,3421|4161,2,2,http://www.reactome.org/biopax/96/48895#BiochemicalReaction6735,1,http://www.reactome.org/biopax/96/48895#Catalysis2915,3774
3540,626|629|9546,628|9550,3,2,http://www.reactome.org/biopax/96/48895#BiochemicalReaction1034,1,http://www.reactome.org/biopax/96/48895#Catalysis448,3775
3541,200|7667|9444|9662,7249|9478,4,2,http://www.reactome.org/biopax/96/48895#BiochemicalReaction8445,1,http://www.reactome.org/biopax/96/48895#Catalysis4446,3776
3542,5552|9487,5549,2,1,http://www.reactome.org/biopax/96/48895#BiochemicalReaction7976,1,http://www.reactome.org/biopax/96/48895#Catalysis4004,3779
3543,1858|7156,7158,2,1,http://www.reactome.org/biopax/96/48895#BiochemicalReaction3538,1,http://www.reactome.org/biopax/96/48895#Control327,3780
3544,3362|9587,3363|4844,2,2,http://www.reactome.org/biopax/96/48895#BiochemicalReaction6698,1,http://www.reactome.org/biopax/96/48895#Catalysis2885,3781
3545,4013|8026|8489|8747|9204,8027|8467|9205,5,3,http://www.reactome.org/biopax/96/48895#BiochemicalReaction8569,1,http://www.reactome.org/biopax/96/48895#Catalysis4566,3782
3546,6304|6323|7305,6307|7311,3,2,http://www.reactome.org/biopax/96/48895#BiochemicalReaction1415,1,http://www.reactome.org/biopax/96/48895#Catalysis605,3783
3547,416|7305,421|7311,2,2,http://www.reactome.org/biopax/96/48895#BiochemicalReaction662,1,http://www.reactome.org/biopax/96/48895#Catalysis236,3784
3548,4477|6055,2881,2,1,http://www.reactome.org/biopax/96/48895#BiochemicalReaction5540,1,http://www.reactome.org/biopax/96/48895#Catalysis2281,3785
3549,5360|5805|9546,5812|9550,3,2,http://www.reactome.org/biopax/96/48895#BiochemicalReaction460,1,http://www.reactome.org/biopax/96/48895#Catalysis180,3786
3550,2274|7237,2275|7635,2,2,http://www.reactome.org/biopax/96/48895#BiochemicalReaction4426,1,http://www.reactome.org/biopax/96/48895#Catalysis1934,3787
3551,1580|7520,1581|7365,2,2,http://www.reactome.org/biopax/96/48895#BiochemicalReaction2991,1,http://www.reactome.org/biopax/96/48895#Catalysis1423,3788
3552,1739|4827|7237,1740|7635,3,2,http://www.reactome.org/biopax/96/48895#BiochemicalReaction3239,1,http://www.reactome.org/biopax/96/48895#Catalysis1514,3789
3553,478|7501|7508|9565,7513|7517|9660,4,3,http://www.reactome.org/biopax/96/48895#BiochemicalReaction744,1,http://www.reactome.org/biopax/96/48895#Catalysis262,3791
3554,2197|4328|7237,2199|7635,3,2,http://www.reactome.org/biopax/96/48895#BiochemicalReaction4263,1,http://www.reactome.org/biopax/96/48895#Catalysis1878,3792
3555,6470|7237|9565|9629,7635|9616|9655,4,3,http://www.reactome.org/biopax/96/48895#BiochemicalReaction1833,1,http://www.reactome.org/biopax/96/48895#Catalysis776,3793
3556,581|6075|8335,581|7507,3,2,http://www.reactome.org/biopax/96/48895#BiochemicalReaction900,1,http://www.reactome.org/biopax/96/48895#Catalysis363,3795
3557,123|9070|9565,8397|8959,3,2,http://www.reactome.org/biopax/96/48895#BiochemicalReaction8309,1,http://www.reactome.org/biopax/96/48895#Catalysis4310,3796
3558,249|8026|8489|8747|9176,8027|8467|9177,5,3,http://www.reactome.org/biopax/96/48895#BiochemicalReaction8555,1,http://www.reactome.org/biopax/96/48895#Control837,3798
3559,963|9451|9458,7556|9563|9569,3,3,http://www.reactome.org/biopax/96/48895#BiochemicalReaction1776,1,http://www.reactome.org/biopax/96/48895#Catalysis737,3799
3560,1657|7423,7238,2,1,http://www.reactome.org/biopax/96/48895#BiochemicalReaction3081,-1,http://www.reactome.org/biopax/96/48895#Control281,3800
3561,5714|9266|9565,9267|9268,3,2,http://www.reactome.org/biopax/96/48895#BiochemicalReaction8610,1,http://www.reactome.org/biopax/96/48895#Catalysis4606,3801
3562,2123|7184|7237,2124|7635,3,2,http://www.reactome.org/biopax/96/48895#BiochemicalReaction4138,1,http://www.reactome.org/biopax/96/48895#Catalysis1836,3802
3563,1180|7237,1174|7635,2,2,http://www.reactome.org/biopax/96/48895#BiochemicalReaction2402,1,http://www.reactome.org/biopax/96/48895#Catalysis1116,3803
3564,897|6423|7318,898,3,1,http://www.reactome.org/biopax/96/48895#BiochemicalReaction1616,1,http://www.reactome.org/biopax/96/48895#Control154,3804
3565,4591|5042|7237,4592|7635,3,2,http://www.reactome.org/biopax/96/48895#BiochemicalReaction5978,1,http://www.reactome.org/biopax/96/48895#Catalysis2454,3805
3566,6069|8141|8290,7949|8169|8420,3,3,http://www.reactome.org/biopax/96/48895#BiochemicalReaction887,1,http://www.reactome.org/biopax/96/48895#Catalysis350,3806
3567,5527|7800|8578,8008|8586|9565,3,3,http://www.reactome.org/biopax/96/48895#BiochemicalReaction7838,1,http://www.reactome.org/biopax/96/48895#Catalysis3878,3807
3568,1041|7537,7493,2,1,http://www.reactome.org/biopax/96/48895#BiochemicalReaction2089,1,http://www.reactome.org/biopax/96/48895#Catalysis999,3808
3569,2022|5062|9662|9667,5066|9444|9669,4,3,http://www.reactome.org/biopax/96/48895#BiochemicalReaction372,-1,http://www.reactome.org/biopax/96/48895#Control25,3809
3570,628|632,4059,2,1,http://www.reactome.org/biopax/96/48895#BiochemicalReaction1036,1,http://www.reactome.org/biopax/96/48895#Control76,3810
3571,15|8892|9451,8893|9537,3,2,http://www.reactome.org/biopax/96/48895#BiochemicalReaction8224,1,http://www.reactome.org/biopax/96/48895#Catalysis4231,3812
3572,3649|8091|9485|9667,8090|9486,4,2,http://www.reactome.org/biopax/96/48895#BiochemicalReaction7324,1,http://www.reactome.org/biopax/96/48895#Catalysis3383,3813
3573,5312|7508|8598,8599,3,1,http://www.reactome.org/biopax/96/48895#BiochemicalReaction7849,1,http://www.reactome.org/biopax/96/48895#Catalysis3889,3814
3574,2346|7237,2347|7635,2,2,http://www.reactome.org/biopax/96/48895#BiochemicalReaction4579,1,http://www.reactome.org/biopax/96/48895#Catalysis1965,3815
3575,1072|9451|9458,9563|9569,3,2,http://www.reactome.org/biopax/96/48895#BiochemicalReaction2185,1,http://www.reactome.org/biopax/96/48895#Catalysis1055,3816
3576,1306|3032,1100|1300|4844,2,3,http://www.reactome.org/biopax/96/48895#BiochemicalReaction2565,1,http://www.reactome.org/biopax/96/48895#Catalysis1188,3817
3577,7189|7201|7554,7200|7555,3,2,http://www.reactome.org/biopax/96/48895#BiochemicalReaction3657,1,http://www.reactome.org/biopax/96/48895#Catalysis1688,3818
3578,3894|7635|8730,7237|8727,3,2,http://www.reactome.org/biopax/96/48895#BiochemicalReaction8055,1,http://www.reactome.org/biopax/96/48895#Catalysis4063,3819
3579,3753|7626|8359,7807|8361,3,2,http://www.reactome.org/biopax/96/48895#BiochemicalReaction7618,1,http://www.reactome.org/biopax/96/48895#Catalysis3670,3820
3580,992|9431,9649,2,1,http://www.reactome.org/biopax/96/48895#BiochemicalReaction1863,1,http://www.reactome.org/biopax/96/48895#Catalysis802,3821
3581,3719|8287|9565,8294|9655,3,2,http://www.reactome.org/biopax/96/48895#BiochemicalReaction7557,1,http://www.reactome.org/biopax/96/48895#Catalysis3613,3822
3582,6722|6724|7237,6723|7635,3,2,http://www.reactome.org/biopax/96/48895#BiochemicalReaction2473,1,http://www.reactome.org/biopax/96/48895#Catalysis1147,3823
3583,2722|4896|6877,4925|5900,3,2,http://www.reactome.org/biopax/96/48895#BiochemicalReaction6605,1,http://www.reactome.org/biopax/96/48895#Catalysis2799,3824
3584,6601|7241,9697,2,1,http://www.reactome.org/biopax/96/48895#BiochemicalReaction2100,1,http://www.reactome.org/biopax/96/48895#Catalysis1010,3825
3585,5983|8448,8449,2,1,http://www.reactome.org/biopax/96/48895#BiochemicalReaction7700,1,http://www.reactome.org/biopax/96/48895#Catalysis3748,3826
3586,4292|6341|7305,6318|7311,3,2,http://www.reactome.org/biopax/96/48895#BiochemicalReaction1442,1,http://www.reactome.org/biopax/96/48895#Catalysis625,3827
3587,6447|7231|9551,953,3,1,http://www.reactome.org/biopax/96/48895#BiochemicalReaction1732,1,http://www.reactome.org/biopax/96/48895#Control180,3828
3588,3281|4677|7508|9429,4744|9430|9517,4,3,http://www.reactome.org/biopax/96/48895#BiochemicalReaction6443,1,http://www.reactome.org/biopax/96/48895#Catalysis2645,3829
3589,241|7949|9153,9154|9517,3,2,http://www.reactome.org/biopax/96/48895#BiochemicalReaction8533,1,http://www.reactome.org/biopax/96/48895#Catalysis4532,3830
3590,286|7949|9600,9517|9565,3,2,http://www.reactome.org/biopax/96/48895#BiochemicalReaction8694,1,http://www.reactome.org/biopax/96/48895#Catalysis4688,3831
3591,438|7173|7237,4618|7635,3,2,http://www.reactome.org/biopax/96/48895#BiochemicalReaction6007,1,http://www.reactome.org/biopax/96/48895#Catalysis2474,3832
3592,5020|7372,7438,2,1,http://www.reactome.org/biopax/96/48895#BiochemicalReaction8883,1,http://www.reactome.org/biopax/96/48895#Catalysis4765,3833
3593,596|7237|8754,7635|7949|8710,3,3,http://www.reactome.org/biopax/96/48895#BiochemicalReaction8076,1,http://www.reactome.org/biopax/96/48895#Catalysis4084,3834
3594,4606|5877|9587,4607|4844,3,2,http://www.reactome.org/biopax/96/48895#BiochemicalReaction5997,-1,http://www.reactome.org/biopax/96/48895#Control564,3835
3595,3288|4751|9433|9434,4752|9435|9436,4,3,http://www.reactome.org/biopax/96/48895#BiochemicalReaction6448,1,http://www.reactome.org/biopax/96/48895#Catalysis2650,3836
3596,4036|5801|9565,4037|9378,3,2,http://www.reactome.org/biopax/96/48895#BiochemicalReaction8840,1,http://www.reactome.org/biopax/96/48895#Catalysis4744,3837
3597,4796|7751|9510,7752|9508,3,2,http://www.reactome.org/biopax/96/48895#BiochemicalReaction6504,1,http://www.reactome.org/biopax/96/48895#Control603,3838
3598,3577|7626|7877,7878|7879,3,2,http://www.reactome.org/biopax/96/48895#BiochemicalReaction7103,1,http://www.reactome.org/biopax/96/48895#Catalysis3171,3839
3599,4475|4477|7237,4476|7635,3,2,http://www.reactome.org/biopax/96/48895#BiochemicalReaction5534,-1,http://www.reactome.org/biopax/96/48895#Control502,3840
3600,3064|3065|7237,3067|7635,3,2,http://www.reactome.org/biopax/96/48895#BiochemicalReaction5912,-1,http://www.reactome.org/biopax/96/48895#Control552,3841
3601,7237|7800|8988|9333,7635|7800|9655,4,3,http://www.reactome.org/biopax/96/48895#BiochemicalReaction8661,-1,http://www.reactome.org/biopax/96/48895#Control843,3842
3602,707|3463|6193,3466,3,1,http://www.reactome.org/biopax/96/48895#BiochemicalReaction6837,-1,http://www.reactome.org/biopax/96/48895#Control613,3843
3603,6420|8242,9617,2,1,http://www.reactome.org/biopax/96/48895#BiochemicalReaction7903,1,http://www.reactome.org/biopax/96/48895#Catalysis3942,3844
3604,3677|8212|9444,8213|8214|9446,3,3,http://www.reactome.org/biopax/96/48895#BiochemicalReaction7422,1,http://www.reactome.org/biopax/96/48895#Catalysis3479,3845
3605,775|2244|6186,2243,3,1,http://www.reactome.org/biopax/96/48895#BiochemicalReaction4347,-1,http://www.reactome.org/biopax/96/48895#Control403,3846
3606,3549|7237|9615,7635|7949|9606,3,3,http://www.reactome.org/biopax/96/48895#BiochemicalReaction6979,1,http://www.reactome.org/biopax/96/48895#Catalysis3058,3847
3607,6069|8290|9322,7949|8420|9323,3,3,http://www.reactome.org/biopax/96/48895#BiochemicalReaction8652,1,http://www.reactome.org/biopax/96/48895#Catalysis4646,3848
3608,5316|8592|9633,8621|9644,3,2,http://www.reactome.org/biopax/96/48895#BiochemicalReaction7866,1,http://www.reactome.org/biopax/96/48895#Catalysis3906,3849
3609,46|9505|9565,8851|9655,3,2,http://www.reactome.org/biopax/96/48895#BiochemicalReaction8163,1,http://www.reactome.org/biopax/96/48895#Catalysis4171,3850
3610,5694|7449|9128|9481,9127|9129|9480,4,3,http://www.reactome.org/biopax/96/48895#BiochemicalReaction8501,1,http://www.reactome.org/biopax/96/48895#Catalysis4501,3851
3611,1226|6710|9070,1227|6701|7507,3,3,http://www.reactome.org/biopax/96/48895#BiochemicalReaction2430,1,http://www.reactome.org/biopax/96/48895#Catalysis1132,3852
3612,6097|7237|8897|9565,7635|8904|9655,4,3,http://www.reactome.org/biopax/96/48895#BiochemicalReaction919,1,http://www.reactome.org/biopax/96/48895#Catalysis380,3853
3613,5276|7950|8467,7431|7951,3,2,http://www.reactome.org/biopax/96/48895#BiochemicalReaction7180,1,http://www.reactome.org/biopax/96/48895#Catalysis3248,3854
3614,5283|5313|7237,5291|7635,3,2,http://www.reactome.org/biopax/96/48895#BiochemicalReaction407,1,http://www.reactome.org/biopax/96/48895#Catalysis146,3855
3615,1001|7635|8691,7237|9558,3,2,http://www.reactome.org/biopax/96/48895#BiochemicalReaction2007,1,http://www.reactome.org/biopax/96/48895#Catalysis939,3856
3616,7237|7356|7580,7635|7949|8854,3,3,http://www.reactome.org/biopax/96/48895#BiochemicalReaction8166,-1,http://www.reactome.org/biopax/96/48895#Control802,3857
3617,3104|7237,1777|3105|4599|4600|7635,2,5,http://www.reactome.org/biopax/96/48895#BiochemicalReaction5989,1,http://www.reactome.org/biopax/96/48895#Catalysis2463,3858
3618,1803,1806|1807,1,2,http://www.reactome.org/biopax/96/48895#BiochemicalReaction3393,1,http://www.reactome.org/biopax/96/48895#Catalysis1560,3859
3619,1821|1825|6279,1826,3,1,http://www.reactome.org/biopax/96/48895#BiochemicalReaction3430,-1,http://www.reactome.org/biopax/96/48895#Control311,3860
3620,93|7281|8905,8915|8988,3,2,http://www.reactome.org/biopax/96/48895#BiochemicalReaction8254,1,http://www.reactome.org/biopax/96/48895#Catalysis4259,3861
3621,5323|7583|8026|8489|8747,8027|8467|9235,5,3,http://www.reactome.org/biopax/96/48895#BiochemicalReaction8588,1,http://www.reactome.org/biopax/96/48895#Catalysis4585,3862
3622,5050|6145|7305,5049|7311,3,2,http://www.reactome.org/biopax/96/48895#BiochemicalReaction6805,1,http://www.reactome.org/biopax/96/48895#Catalysis2944,3863
3623,1013|9675,9674,2,1,http://www.reactome.org/biopax/96/48895#BiochemicalReaction2028,1,http://www.reactome.org/biopax/96/48895#Catalysis959,3864
3624,341|641|4683,342|5788|5789,3,3,http://www.reactome.org/biopax/96/48895#BiochemicalReaction8790,1,http://www.reactome.org/biopax/96/48895#Control853,3865
3625,1034|7237|7238|7949|9565,7423|7556|7635|9655,5,4,http://www.reactome.org/biopax/96/48895#BiochemicalReaction2071,1,http://www.reactome.org/biopax/96/48895#Catalysis986,3866
3626,6498|7537|9651,7493|9653,3,2,http://www.reactome.org/biopax/96/48895#BiochemicalReaction1872,1,http://www.reactome.org/biopax/96/48895#Catalysis811,3867
3627,1995|3197|4686,3198,3,1,http://www.reactome.org/biopax/96/48895#BiochemicalReaction6240,-1,http://www.reactome.org/biopax/96/48895#Control579,3868
3628,5914|6201,708,2,1,http://www.reactome.org/biopax/96/48895#BiochemicalReaction1140,-1,http://www.reactome.org/biopax/96/48895#Control96,3869
3629,3791|8556|8557,8054|8558,3,2,http://www.reactome.org/biopax/96/48895#BiochemicalReaction7812,1,http://www.reactome.org/biopax/96/48895#Catalysis3852,3870
3630,7259|7635|7949|7971,7237|8440,4,2,http://www.reactome.org/biopax/96/48895#BiochemicalReaction6990,-1,http://www.reactome.org/biopax/96/48895#Control667,3871
3631,1580|6883|7520,1581|7365,3,2,http://www.reactome.org/biopax/96/48895#BiochemicalReaction2991,-1,http://www.reactome.org/biopax/96/48895#Control273,3872
3632,5130|9529,3493,2,1,http://www.reactome.org/biopax/96/48895#BiochemicalReaction7894,1,http://www.reactome.org/biopax/96/48895#Catalysis3934,3874
3633,968|9598,9599,2,1,http://www.reactome.org/biopax/96/48895#BiochemicalReaction1798,1,http://www.reactome.org/biopax/96/48895#Catalysis757,3875
3634,2162|7593|7594|9645,7595|7597,4,2,http://www.reactome.org/biopax/96/48895#BiochemicalReaction4222,1,http://www.reactome.org/biopax/96/48895#Catalysis1860,3876
3635,3637|8035|9565,8039,3,1,http://www.reactome.org/biopax/96/48895#BiochemicalReaction7278,1,http://www.reactome.org/biopax/96/48895#Catalysis3337,3877
3636,3567|9298,7839,2,1,http://www.reactome.org/biopax/96/48895#BiochemicalReaction7016,1,http://www.reactome.org/biopax/96/48895#Catalysis3095,3878
3637,1747|4212,6962|6969|6970,2,3,http://www.reactome.org/biopax/96/48895#BiochemicalReaction3287,1,http://www.reactome.org/biopax/96/48895#Catalysis1533,3879
3638,6079|8385,8451,2,1,http://www.reactome.org/biopax/96/48895#BiochemicalReaction902,1,http://www.reactome.org/biopax/96/48895#Catalysis365,3880
3639,5276|7945|8467,7431|7946,3,2,http://www.reactome.org/biopax/96/48895#BiochemicalReaction7178,1,http://www.reactome.org/biopax/96/48895#Catalysis3246,3881
3640,3117|4634|9565,3116|9655,3,2,http://www.reactome.org/biopax/96/48895#BiochemicalReaction6046,1,http://www.reactome.org/biopax/96/48895#Catalysis2487,3883
3641,1651|7423,7238,2,1,http://www.reactome.org/biopax/96/48895#BiochemicalReaction3076,1,http://www.reactome.org/biopax/96/48895#Catalysis1462,3884
3642,6056|6727|7360,1263,3,1,http://www.reactome.org/biopax/96/48895#BiochemicalReaction2480,1,http://www.reactome.org/biopax/96/48895#Catalysis1152,3885
3643,1667|5089|9451,5094,3,1,http://www.reactome.org/biopax/96/48895#BiochemicalReaction6869,1,http://www.reactome.org/biopax/96/48895#Catalysis2986,3886
3644,564|7423,7238,2,1,http://www.reactome.org/biopax/96/48895#BiochemicalReaction849,1,http://www.reactome.org/biopax/96/48895#Catalysis341,3887
3645,3628|8601|9565,8603,3,1,http://www.reactome.org/biopax/96/48895#BiochemicalReaction7853,1,http://www.reactome.org/biopax/96/48895#Catalysis3893,3888
3646,380|5831,381,2,1,http://www.reactome.org/biopax/96/48895#BiochemicalReaction8851,1,http://www.reactome.org/biopax/96/48895#Control878,3889
3647,263|8868|9688,8875|9297,3,2,http://www.reactome.org/biopax/96/48895#BiochemicalReaction8631,1,http://www.reactome.org/biopax/96/48895#Catalysis4625,3890
3648,2190|7237,2192|7635,2,2,http://www.reactome.org/biopax/96/48895#BiochemicalReaction4258,1,http://www.reactome.org/biopax/96/48895#Catalysis1876,3891
3649,3636|7508|7641,8025,3,1,http://www.reactome.org/biopax/96/48895#BiochemicalReaction7266,1,http://www.reactome.org/biopax/96/48895#Catalysis3325,3892
3650,1228|6711|9070,1229|6701|7507,3,3,http://www.reactome.org/biopax/96/48895#BiochemicalReaction2431,1,http://www.reactome.org/biopax/96/48895#Catalysis1133,3893
3651,2979|2984|7237,2985|7635,3,2,http://www.reactome.org/biopax/96/48895#BiochemicalReaction5708,1,http://www.reactome.org/biopax/96/48895#Catalysis2345,3894
3652,993|7250|7619,7251|9429,3,2,http://www.reactome.org/biopax/96/48895#BiochemicalReaction8003,1,http://www.reactome.org/biopax/96/48895#Catalysis4018,3895
3653,1431|5415,1432,2,1,http://www.reactome.org/biopax/96/48895#BiochemicalReaction2757,1,http://www.reactome.org/biopax/96/48895#Catalysis1301,3896
3654,3958|5255|7391,3959|7390|9632,3,3,http://www.reactome.org/biopax/96/48895#BiochemicalReaction7096,1,http://www.reactome.org/biopax/96/48895#Catalysis3166,3897
3655,2946|5415,2947,2,1,http://www.reactome.org/biopax/96/48895#BiochemicalReaction5655,1,http://www.reactome.org/biopax/96/48895#Catalysis2321,3898
3656,5496|8505,8506,2,1,http://www.reactome.org/biopax/96/48895#BiochemicalReaction7744,1,http://www.reactome.org/biopax/96/48895#Catalysis3792,3899
3657,5588|5925|9546,5929|9550,3,2,http://www.reactome.org/biopax/96/48895#BiochemicalReaction562,1,http://www.reactome.org/biopax/96/48895#Catalysis213,3900
3658,2442|4390|9565,2443|9655,3,2,http://www.reactome.org/biopax/96/48895#BiochemicalReaction4749,1,http://www.reactome.org/biopax/96/48895#Catalysis2018,3902
3659,6539|7289|7537,7292|7493,3,2,http://www.reactome.org/biopax/96/48895#BiochemicalReaction1934,1,http://www.reactome.org/biopax/96/48895#Catalysis872,3903
3660,5401|8122|8262,8259|8708,3,2,http://www.reactome.org/biopax/96/48895#BiochemicalReaction7496,1,http://www.reactome.org/biopax/96/48895#Catalysis3553,3904
3661,1742|6954|7237,1743|7635,3,2,http://www.reactome.org/biopax/96/48895#BiochemicalReaction3249,-1,http://www.reactome.org/biopax/96/48895#Control292,3905
3662,2252|6769|9546,6770|9550,3,2,http://www.reactome.org/biopax/96/48895#BiochemicalReaction2581,1,http://www.reactome.org/biopax/96/48895#Catalysis1199,3906
3663,3748|7626|8357,7855|8354,3,2,http://www.reactome.org/biopax/96/48895#BiochemicalReaction7611,1,http://www.reactome.org/biopax/96/48895#Catalysis3663,3907
3664,2669|2672|7237,1781|7635,3,2,http://www.reactome.org/biopax/96/48895#BiochemicalReaction5057,-1,http://www.reactome.org/biopax/96/48895#Control460,3908
3665,2588|7237,2589|7635,2,2,http://www.reactome.org/biopax/96/48895#BiochemicalReaction4936,1,http://www.reactome.org/biopax/96/48895#Catalysis2097,3909
3666,32|8828|9511,7862|8829|9632,3,3,http://www.reactome.org/biopax/96/48895#BiochemicalReaction8143,1,http://www.reactome.org/biopax/96/48895#Catalysis4151,3910
3667,1693|3444|9546,3443|9550|9596,3,3,http://www.reactome.org/biopax/96/48895#BiochemicalReaction600,1,http://www.reactome.org/biopax/96/48895#Catalysis217,3911
3668,259|7949|8199|9273,8179|9500|9565,4,3,http://www.reactome.org/biopax/96/48895#BiochemicalReaction8613,1,http://www.reactome.org/biopax/96/48895#Catalysis4609,3912
3669,3636|7508|8637,8644,3,1,http://www.reactome.org/biopax/96/48895#BiochemicalReaction7883,1,http://www.reactome.org/biopax/96/48895#Catalysis3923,3913
3670,504|7537,7493,2,1,http://www.reactome.org/biopax/96/48895#BiochemicalReaction792,1,http://www.reactome.org/biopax/96/48895#Catalysis303,3914
3671,1835|7126,7127|7128,2,2,http://www.reactome.org/biopax/96/48895#BiochemicalReaction3479,1,http://www.reactome.org/biopax/96/48895#Catalysis1609,3915
3672,2653|7237,2654|7635|7949,2,3,http://www.reactome.org/biopax/96/48895#BiochemicalReaction5028,1,http://www.reactome.org/biopax/96/48895#Catalysis2138,3916
3673,3043|4555|7450,4556|7580,3,2,http://www.reactome.org/biopax/96/48895#BiochemicalReaction5876,1,http://www.reactome.org/biopax/96/48895#Catalysis2409,3917
3674,5588|6734|9546,6733|9550,3,2,http://www.reactome.org/biopax/96/48895#BiochemicalReaction2499,1,http://www.reactome.org/biopax/96/48895#Catalysis1159,3918
3675,1660|6054,3810,2,1,http://www.reactome.org/biopax/96/48895#BiochemicalReaction7907,1,http://www.reactome.org/biopax/96/48895#Catalysis3945,3919
3676,5325|8026|8046|8048,7644|8027|8049|8467|9158,4,5,http://www.reactome.org/biopax/96/48895#BiochemicalReaction7284,1,http://www.reactome.org/biopax/96/48895#Catalysis3343,3920
3677,3636|7508|8591,8596,3,1,http://www.reactome.org/biopax/96/48895#BiochemicalReaction7846,1,http://www.reactome.org/biopax/96/48895#Catalysis3886,3921
3678,194|9058|9565,7897|8945|9420,3,3,http://www.reactome.org/biopax/96/48895#BiochemicalReaction8428,1,http://www.reactome.org/biopax/96/48895#Catalysis4429,3922
3679,3097|4636|9565,3118|9655,3,2,http://www.reactome.org/biopax/96/48895#BiochemicalReaction6052,1,http://www.reactome.org/biopax/96/48895#Catalysis2489,3923
3680,3769|7537|9564,7493|9678,3,2,http://www.reactome.org/biopax/96/48895#BiochemicalReaction7748,1,http://www.reactome.org/biopax/96/48895#Control714,3924
3681,5882|5883|9396,5880|7580,3,2,http://www.reactome.org/biopax/96/48895#BiochemicalReaction8912,1,http://www.reactome.org/biopax/96/48895#Catalysis4779,3925
3682,1935|9615,9623,2,1,http://www.reactome.org/biopax/96/48895#BiochemicalReaction357,1,http://www.reactome.org/biopax/96/48895#Catalysis122,3926
3683,6105|9467,9465,2,1,http://www.reactome.org/biopax/96/48895#BiochemicalReaction8543,1,http://www.reactome.org/biopax/96/48895#Catalysis4541,3927
3684,2412|2414|7237,2415|7635,3,2,http://www.reactome.org/biopax/96/48895#BiochemicalReaction4708,1,http://www.reactome.org/biopax/96/48895#Control428,3928
3685,548|7572,9472,2,1,http://www.reactome.org/biopax/96/48895#BiochemicalReaction830,1,http://www.reactome.org/biopax/96/48895#Catalysis326,3929
3686,2848|8532,9438,2,1,http://www.reactome.org/biopax/96/48895#BiochemicalReaction7773,1,http://www.reactome.org/biopax/96/48895#Control716,3930
3687,6575|7394|7395,7396|9523,3,2,http://www.reactome.org/biopax/96/48895#BiochemicalReaction2016,1,http://www.reactome.org/biopax/96/48895#Catalysis948,3931
3688,472|7423,7423,2,1,http://www.reactome.org/biopax/96/48895#BiochemicalReaction739,1,http://www.reactome.org/biopax/96/48895#Catalysis257,3932
3689,5354|7459|8187,7580|8196,3,2,http://www.reactome.org/biopax/96/48895#BiochemicalReaction7399,1,http://www.reactome.org/biopax/96/48895#Catalysis3456,3933
3690,5674|7669|9483|9667,7667|9069|9667,4,3,http://www.reactome.org/biopax/96/48895#BiochemicalReaction8444,1,http://www.reactome.org/biopax/96/48895#Catalysis4445,3934
3691,5363|8252|9451,8202|8255,3,2,http://www.reactome.org/biopax/96/48895#BiochemicalReaction7486,-1,http://www.reactome.org/biopax/96/48895#Control702,3935
3692,9|8763|9655,8757|8762,3,2,http://www.reactome.org/biopax/96/48895#BiochemicalReaction8130,1,http://www.reactome.org/biopax/96/48895#Catalysis4138,3936
3693,3481|4451|9451,5095,3,1,http://www.reactome.org/biopax/96/48895#BiochemicalReaction6870,1,http://www.reactome.org/biopax/96/48895#Catalysis2987,3937
3694,4269|7582|9565,9541|9655,3,2,http://www.reactome.org/biopax/96/48895#BiochemicalReaction4056,1,http://www.reactome.org/biopax/96/48895#Catalysis1799,3938
3695,6215|9401|9488,9451|9489,3,2,http://www.reactome.org/biopax/96/48895#BiochemicalReaction1188,1,http://www.reactome.org/biopax/96/48895#Catalysis517,3939
3696,6596|9472,7572,2,1,http://www.reactome.org/biopax/96/48895#BiochemicalReaction2094,1,http://www.reactome.org/biopax/96/48895#Catalysis1004,3940
3697,1573|1580|7520,1581|7365,3,2,http://www.reactome.org/biopax/96/48895#BiochemicalReaction2991,-1,http://www.reactome.org/biopax/96/48895#Control274,3941
3698,3976|8197|9565,7698|8196,3,2,http://www.reactome.org/biopax/96/48895#BiochemicalReaction7401,1,http://www.reactome.org/biopax/96/48895#Catalysis3458,3942
3699,7016|7018|7237,7017|7635,3,2,http://www.reactome.org/biopax/96/48895#BiochemicalReaction3372,1,http://www.reactome.org/biopax/96/48895#Catalysis1552,3943
3700,5890|9070,8228|9522,2,2,http://www.reactome.org/biopax/96/48895#BiochemicalReaction8919,1,http://www.reactome.org/biopax/96/48895#Control918,3944
3701,293|294,1259,2,1,http://www.reactome.org/biopax/96/48895#BiochemicalReaction8727,1,http://www.reactome.org/biopax/96/48895#Catalysis4707,3945
3702,900,901,1,1,http://www.reactome.org/biopax/96/48895#BiochemicalReaction1618,1,http://www.reactome.org/biopax/96/48895#Catalysis692,3946
3703,949|2745|9070,950|7507,3,2,http://www.reactome.org/biopax/96/48895#BiochemicalReaction5167,1,http://www.reactome.org/biopax/96/48895#Catalysis2199,3947
3704,1936|2808,5415,2,1,http://www.reactome.org/biopax/96/48895#BiochemicalReaction3655,1,http://www.reactome.org/biopax/96/48895#Catalysis1686,3948
3705,5640|7675|8489,7674,3,1,http://www.reactome.org/biopax/96/48895#BiochemicalReaction8272,1,http://www.reactome.org/biopax/96/48895#Catalysis4276,3949
3706,2187|7237,2190|7635,2,2,http://www.reactome.org/biopax/96/48895#BiochemicalReaction4257,1,http://www.reactome.org/biopax/96/48895#Catalysis1875,3950
3707,5490|8492|9485|9662|9667,8493|9444|9486,5,3,http://www.reactome.org/biopax/96/48895#BiochemicalReaction7734,1,http://www.reactome.org/biopax/96/48895#Catalysis3782,3951
3708,816|4637|9070,808|7507,3,2,http://www.reactome.org/biopax/96/48895#BiochemicalReaction6057,1,http://www.reactome.org/biopax/96/48895#Catalysis2490,3952
3709,2568|2569|9070,2570|7507,3,2,http://www.reactome.org/biopax/96/48895#BiochemicalReaction4911,1,http://www.reactome.org/biopax/96/48895#Catalysis2087,3953
3710,249|7508|7949|8539|9644,9172|9565|9633,5,3,http://www.reactome.org/biopax/96/48895#BiochemicalReaction8553,1,http://www.reactome.org/biopax/96/48895#Control835,3954
3711,402|5873|9633,403|7949|9644,3,3,http://www.reactome.org/biopax/96/48895#BiochemicalReaction8890,1,http://www.reactome.org/biopax/96/48895#Catalysis4768,3955
3712,968|9577,9597,2,1,http://www.reactome.org/biopax/96/48895#BiochemicalReaction1974,1,http://www.reactome.org/biopax/96/48895#Catalysis910,3956
3713,4813|4815|7385,4814|7557,3,2,http://www.reactome.org/biopax/96/48895#BiochemicalReaction6532,1,http://www.reactome.org/biopax/96/48895#Catalysis2731,3957
3714,6570|7376|7377,7378|7380,3,2,http://www.reactome.org/biopax/96/48895#BiochemicalReaction2010,1,http://www.reactome.org/biopax/96/48895#Catalysis942,3958
3715,1763|3222,3220|3221|6752,2,3,http://www.reactome.org/biopax/96/48895#BiochemicalReaction6294,1,http://www.reactome.org/biopax/96/48895#Catalysis2582,3959
3716,4829|4849|7378,4848|7377|9632,3,3,http://www.reactome.org/biopax/96/48895#BiochemicalReaction6549,1,http://www.reactome.org/biopax/96/48895#Catalysis2744,3960
3717,1155|9070,1154|7507,2,2,http://www.reactome.org/biopax/96/48895#BiochemicalReaction2354,1,http://www.reactome.org/biopax/96/48895#Catalysis1103,3961
3718,2875|7971|9565,7545|7949,3,2,http://www.reactome.org/biopax/96/48895#BiochemicalReaction5527,1,http://www.reactome.org/biopax/96/48895#Catalysis2270,3962
3719,949|2750|9070,950|7507,3,2,http://www.reactome.org/biopax/96/48895#BiochemicalReaction5172,1,http://www.reactome.org/biopax/96/48895#Catalysis2201,3963
3720,2383|7237,2387|7635,2,2,http://www.reactome.org/biopax/96/48895#BiochemicalReaction4643,1,http://www.reactome.org/biopax/96/48895#Catalysis1981,3965
3721,5471|8179|8380|9565,7949|8199|8381,4,3,http://www.reactome.org/biopax/96/48895#BiochemicalReaction7637,1,http://www.reactome.org/biopax/96/48895#Catalysis3689,3966
3722,2038|7237,2037|4243|7635,2,3,http://www.reactome.org/biopax/96/48895#BiochemicalReaction3887,1,http://www.reactome.org/biopax/96/48895#Catalysis1758,3967
3723,4731|4732|7237|7897,4705|7545|8228,4,3,http://www.reactome.org/biopax/96/48895#BiochemicalReaction6434,1,http://www.reactome.org/biopax/96/48895#Catalysis2636,3968
3724,2722|3342|4890,3343|5900,3,2,http://www.reactome.org/biopax/96/48895#BiochemicalReaction6658,1,http://www.reactome.org/biopax/96/48895#Catalysis2851,3969
3725,2370|7237,2371|7635,2,2,http://www.reactome.org/biopax/96/48895#BiochemicalReaction4615,1,http://www.reactome.org/biopax/96/48895#Catalysis1976,3970
3726,6001|7577|8066,7578|8067|8068,3,3,http://www.reactome.org/biopax/96/48895#BiochemicalReaction7300,1,http://www.reactome.org/biopax/96/48895#Catalysis3359,3971
3727,762|6222|7237,763|7635,3,2,http://www.reactome.org/biopax/96/48895#BiochemicalReaction1230,1,http://www.reactome.org/biopax/96/48895#Catalysis536,3972
3728,815|1749|9070,1750|7992,3,2,http://www.reactome.org/biopax/96/48895#BiochemicalReaction3265,1,http://www.reactome.org/biopax/96/48895#Catalysis1523,3973
3729,1736|6945|7237,1737|7635,3,2,http://www.reactome.org/biopax/96/48895#BiochemicalReaction3227,1,http://www.reactome.org/biopax/96/48895#Catalysis1510,3974
3730,3425|9587,3426|4844,2,2,http://www.reactome.org/biopax/96/48895#BiochemicalReaction6746,1,http://www.reactome.org/biopax/96/48895#Catalysis2922,3975
3731,6605|9517,7433,2,1,http://www.reactome.org/biopax/96/48895#BiochemicalReaction2120,1,http://www.reactome.org/biopax/96/48895#Catalysis1024,3976
3732,3516|5150,3518,2,1,http://www.reactome.org/biopax/96/48895#BiochemicalReaction6943,1,http://www.reactome.org/biopax/96/48895#Catalysis3025,3977
3733,1598|4844,1600,2,1,http://www.reactome.org/biopax/96/48895#BiochemicalReaction3009,1,http://www.reactome.org/biopax/96/48895#Catalysis1433,3978
3734,4017|8026|8489|8747|9213,8027|8467|9214,5,3,http://www.reactome.org/biopax/96/48895#BiochemicalReaction8574,1,http://www.reactome.org/biopax/96/48895#Catalysis4571,3979
3735,6237|6239,6240,2,1,http://www.reactome.org/biopax/96/48895#BiochemicalReaction1252,1,http://www.reactome.org/biopax/96/48895#Catalysis547,3980
3736,5310|7508|7949|8429|9644,8430|9565|9633,5,3,http://www.reactome.org/biopax/96/48895#BiochemicalReaction7685,1,http://www.reactome.org/biopax/96/48895#Catalysis3733,3981
3737,7508|7949|8838|8935|9644,8928|9565|9633,5,3,http://www.reactome.org/biopax/96/48895#BiochemicalReaction920,1,http://www.reactome.org/biopax/96/48895#Control66,3982
3738,766|6230|7237,767|7635,3,2,http://www.reactome.org/biopax/96/48895#BiochemicalReaction1241,1,http://www.reactome.org/biopax/96/48895#Catalysis541,3983
3739,798|5283|6272,800,3,1,http://www.reactome.org/biopax/96/48895#BiochemicalReaction1308,1,http://www.reactome.org/biopax/96/48895#Control126,3984
3740,3372|9565,3373|5415,2,2,http://www.reactome.org/biopax/96/48895#BiochemicalReaction6704,1,http://www.reactome.org/biopax/96/48895#Catalysis2890,3985
3741,731|9478|9483,9444|9484,3,2,http://www.reactome.org/biopax/96/48895#BiochemicalReaction1181,1,http://www.reactome.org/biopax/96/48895#Catalysis511,3986
3742,6550|7317|7556,7320|7949,3,2,http://www.reactome.org/biopax/96/48895#BiochemicalReaction1957,1,http://www.reactome.org/biopax/96/48895#Catalysis895,3987
3743,283|5503|9485|9667,284|9486,4,2,http://www.reactome.org/biopax/96/48895#BiochemicalReaction8689,1,http://www.reactome.org/biopax/96/48895#Catalysis4683,3988
3744,2046|6748|9546,1314|9550,3,2,http://www.reactome.org/biopax/96/48895#BiochemicalReaction2577,1,http://www.reactome.org/biopax/96/48895#Catalysis1195,3989
3745,2232|9587,2208|4033|5372,2,3,http://www.reactome.org/biopax/96/48895#BiochemicalReaction422,1,http://www.reactome.org/biopax/96/48895#Catalysis155,3990
3746,2322|9546,2328|9550,2,2,http://www.reactome.org/biopax/96/48895#BiochemicalReaction436,1,http://www.reactome.org/biopax/96/48895#Catalysis166,3991
3747,3130|6911|7237,3131|7635,3,2,http://www.reactome.org/biopax/96/48895#BiochemicalReaction6092,1,http://www.reactome.org/biopax/96/48895#Catalysis2500,3992
3748,409|5881,5882|7278,2,2,http://www.reactome.org/biopax/96/48895#BiochemicalReaction8911,1,http://www.reactome.org/biopax/96/48895#Catalysis4778,3993
3749,28|7949|8820|9565,7897|8821|9517,4,3,http://www.reactome.org/biopax/96/48895#BiochemicalReaction8136,1,http://www.reactome.org/biopax/96/48895#Catalysis4144,3994
3750,6637|7458|7459,7460|7580,3,2,http://www.reactome.org/biopax/96/48895#BiochemicalReaction2199,1,http://www.reactome.org/biopax/96/48895#Catalysis1057,3995
3751,2344|7237,2345|7635,2,2,http://www.reactome.org/biopax/96/48895#BiochemicalReaction4577,1,http://www.reactome.org/biopax/96/48895#Catalysis1964,3996
3752,1804|2031|4246,2032,3,1,http://www.reactome.org/biopax/96/48895#BiochemicalReaction3878,-1,http://www.reactome.org/biopax/96/48895#Control369,3997
3753,2957|5415,2958,2,1,http://www.reactome.org/biopax/96/48895#BiochemicalReaction5670,1,http://www.reactome.org/biopax/96/48895#Catalysis2330,3998
3754,2086|7237|9410,7288|7635,3,2,http://www.reactome.org/biopax/96/48895#BiochemicalReaction4069,1,http://www.reactome.org/biopax/96/48895#Catalysis1802,3999
3755,3321|4868|7789,4869|7557|9632,3,3,http://www.reactome.org/biopax/96/48895#BiochemicalReaction6566,1,http://www.reactome.org/biopax/96/48895#Catalysis2760,4000
3756,2219|4337,2222|4334|7222,2,3,http://www.reactome.org/biopax/96/48895#BiochemicalReaction4298,1,http://www.reactome.org/biopax/96/48895#Catalysis1895,4001
3757,3014|7660|8691,3015|9558|9667,3,3,http://www.reactome.org/biopax/96/48895#BiochemicalReaction5802,1,http://www.reactome.org/biopax/96/48895#Control531,4002
3758,3932|4787|9565,7256|7734,3,2,http://www.reactome.org/biopax/96/48895#BiochemicalReaction6489,1,http://www.reactome.org/biopax/96/48895#Catalysis2691,4003
3759,802|2808,5283|5415,2,2,http://www.reactome.org/biopax/96/48895#BiochemicalReaction1311,1,http://www.reactome.org/biopax/96/48895#Catalysis559,4004
3760,2751|7237,2752|7635,2,2,http://www.reactome.org/biopax/96/48895#BiochemicalReaction5175,1,http://www.reactome.org/biopax/96/48895#Catalysis2202,4005
3761,755|756|7237,757|7635,3,2,http://www.reactome.org/biopax/96/48895#BiochemicalReaction1213,1,http://www.reactome.org/biopax/96/48895#Catalysis530,4007
3762,3920|6190,3919,2,1,http://www.reactome.org/biopax/96/48895#BiochemicalReaction5951,1,http://www.reactome.org/biopax/96/48895#Control558,4009
3763,3669|7817|7949|8199,8179|8187,4,2,http://www.reactome.org/biopax/96/48895#BiochemicalReaction7397,1,http://www.reactome.org/biopax/96/48895#Catalysis3454,4010
3764,2425|9565,2427|9655,2,2,http://www.reactome.org/biopax/96/48895#BiochemicalReaction4728,1,http://www.reactome.org/biopax/96/48895#Catalysis2007,4011
3765,2722|4921|4923,4922|5900,3,2,http://www.reactome.org/biopax/96/48895#BiochemicalReaction6603,1,http://www.reactome.org/biopax/96/48895#Catalysis2797,4012
3766,949|1960|9070,950|7507,3,2,http://www.reactome.org/biopax/96/48895#BiochemicalReaction3688,1,http://www.reactome.org/biopax/96/48895#Catalysis1700,4013
3767,2993|7237,7971|8228,2,2,http://www.reactome.org/biopax/96/48895#BiochemicalReaction5752,1,http://www.reactome.org/biopax/96/48895#Control524,4014
3768,1824,1825|7635,1,2,http://www.reactome.org/biopax/96/48895#BiochemicalReaction3429,1,http://www.reactome.org/biopax/96/48895#Catalysis1570,4015
3769,4757|7695|9510,7692|7696,3,2,http://www.reactome.org/biopax/96/48895#BiochemicalReaction6456,1,http://www.reactome.org/biopax/96/48895#Catalysis2658,4016
3770,6510|7537|9537,7493|9655,3,2,http://www.reactome.org/biopax/96/48895#BiochemicalReaction1885,1,http://www.reactome.org/biopax/96/48895#Catalysis823,4017
3771,5649|7237|7546|8962,7635|7949|8968|9655,4,4,http://www.reactome.org/biopax/96/48895#BiochemicalReaction8332,1,http://www.reactome.org/biopax/96/48895#Catalysis4333,4018
3772,4656|4660|9546,4661|9550,3,2,http://www.reactome.org/biopax/96/48895#BiochemicalReaction6183,1,http://www.reactome.org/biopax/96/48895#Catalysis2532,4019
3773,1981|6699|9070,1982|6699|7507|9655,3,4,http://www.reactome.org/biopax/96/48895#BiochemicalReaction3743,1,http://www.reactome.org/biopax/96/48895#Catalysis1719,4021
3774,4755|7534|7693,3929|7694,3,2,http://www.reactome.org/biopax/96/48895#BiochemicalReaction6454,1,http://www.reactome.org/biopax/96/48895#Catalysis2656,4022
3775,161|5548|7621,5074|7622|9667,3,3,http://www.reactome.org/biopax/96/48895#BiochemicalReaction8380,1,http://www.reactome.org/biopax/96/48895#Catalysis4381,4023
3776,949|2548|9070,950|7507,3,2,http://www.reactome.org/biopax/96/48895#BiochemicalReaction4881,1,http://www.reactome.org/biopax/96/48895#Catalysis2075,4024
3777,6301|6327|7305,6326|7311,3,2,http://www.reactome.org/biopax/96/48895#BiochemicalReaction1422,1,http://www.reactome.org/biopax/96/48895#Catalysis612,4025
3778,5613|8867,55,2,1,http://www.reactome.org/biopax/96/48895#BiochemicalReaction8187,1,http://www.reactome.org/biopax/96/48895#Catalysis4195,4026
3779,2263|7237,2265|7635,2,2,http://www.reactome.org/biopax/96/48895#BiochemicalReaction4406,1,http://www.reactome.org/biopax/96/48895#Catalysis1930,4027
3780,4792|7388|7685,7387|7747,3,2,http://www.reactome.org/biopax/96/48895#BiochemicalReaction6500,1,http://www.reactome.org/biopax/96/48895#Catalysis2702,4028
3781,350|5791|9587,351|9514,3,2,http://www.reactome.org/biopax/96/48895#BiochemicalReaction8806,1,http://www.reactome.org/biopax/96/48895#Catalysis4732,4029
3782,1046|7556|9601,7433|9451,3,2,http://www.reactome.org/biopax/96/48895#BiochemicalReaction2121,1,http://www.reactome.org/biopax/96/48895#Catalysis1025,4030
3783,5680|6927|7621|9444,5678|7538|9097,4,3,http://www.reactome.org/biopax/96/48895#BiochemicalReaction8473,1,http://www.reactome.org/biopax/96/48895#Catalysis4474,4031
3784,2584|7237,2586|7635,2,2,http://www.reactome.org/biopax/96/48895#BiochemicalReaction4932,1,http://www.reactome.org/biopax/96/48895#Catalysis2096,4032
3785,3879|7546|7812,7334|9429,3,2,http://www.reactome.org/biopax/96/48895#BiochemicalReaction8316,1,http://www.reactome.org/biopax/96/48895#Catalysis4317,4033
3786,4780|7378|7727,7377|7729,3,2,http://www.reactome.org/biopax/96/48895#BiochemicalReaction6486,1,http://www.reactome.org/biopax/96/48895#Catalysis2688,4034
3787,3496|8691|9444,3495|9446|9558,3,3,http://www.reactome.org/biopax/96/48895#BiochemicalReaction6922,1,http://www.reactome.org/biopax/96/48895#Catalysis3010,4035
3788,2121|7237,2122|7635,2,2,http://www.reactome.org/biopax/96/48895#BiochemicalReaction4135,1,http://www.reactome.org/biopax/96/48895#Catalysis1834,4036
3789,2561|3058|3061|3912|6382,3060,5,1,http://www.reactome.org/biopax/96/48895#BiochemicalReaction5907,-1,http://www.reactome.org/biopax/96/48895#Control548,4037
3790,2528|5415,2529,2,1,http://www.reactome.org/biopax/96/48895#BiochemicalReaction4861,1,http://www.reactome.org/biopax/96/48895#Catalysis2066,4038
3791,769|6230|7237,770|7635,3,2,http://www.reactome.org/biopax/96/48895#BiochemicalReaction1243,1,http://www.reactome.org/biopax/96/48895#Catalysis543,4039
3792,2601|2603|7237,2602|7635,3,2,http://www.reactome.org/biopax/96/48895#BiochemicalReaction4963,-1,http://www.reactome.org/biopax/96/48895#Control454,4041
3793,5346|9535|9565,8190|9655,3,2,http://www.reactome.org/biopax/96/48895#BiochemicalReaction7388,1,http://www.reactome.org/biopax/96/48895#Catalysis3445,4042
3794,4529|7653|8179,7654|7949|8199,3,3,http://www.reactome.org/biopax/96/48895#BiochemicalReaction5789,1,http://www.reactome.org/biopax/96/48895#Catalysis2384,4043
3795,141|8978|9429,7546|8979,3,2,http://www.reactome.org/biopax/96/48895#BiochemicalReaction8336,1,http://www.reactome.org/biopax/96/48895#Catalysis4337,4044
3796,1254|9565,1255|9655,2,2,http://www.reactome.org/biopax/96/48895#BiochemicalReaction2449,1,http://www.reactome.org/biopax/96/48895#Catalysis1145,4045
3797,1558|1622|9070,1565|7507,3,2,http://www.reactome.org/biopax/96/48895#BiochemicalReaction306,1,http://www.reactome.org/biopax/96/48895#Catalysis110,4046
3798,5270|7924|9546,7923|9515|9550,3,3,http://www.reactome.org/biopax/96/48895#BiochemicalReaction7150,1,http://www.reactome.org/biopax/96/48895#Catalysis3218,4047
3799,3766|8389,8228|8391,2,2,http://www.reactome.org/biopax/96/48895#BiochemicalReaction7650,1,http://www.reactome.org/biopax/96/48895#Catalysis3700,4048
3800,5403|7372|7452,3697,3,1,http://www.reactome.org/biopax/96/48895#BiochemicalReaction7507,1,http://www.reactome.org/biopax/96/48895#Control704,4049
3801,3644|8102|8708,7660|8105,3,2,http://www.reactome.org/biopax/96/48895#BiochemicalReaction7335,1,http://www.reactome.org/biopax/96/48895#Catalysis3394,4050
3802,6484|9470,8966,2,1,http://www.reactome.org/biopax/96/48895#BiochemicalReaction1857,1,http://www.reactome.org/biopax/96/48895#Catalysis796,4051
3803,5634|8907,8692,2,1,http://www.reactome.org/biopax/96/48895#BiochemicalReaction8247,1,http://www.reactome.org/biopax/96/48895#Catalysis4252,4052
3804,5301|7949|7977|9644,7978|9633,4,2,http://www.reactome.org/biopax/96/48895#BiochemicalReaction7215,1,http://www.reactome.org/biopax/96/48895#Catalysis3281,4053
3805,447|7305,448|7311,2,2,http://www.reactome.org/biopax/96/48895#BiochemicalReaction706,1,http://www.reactome.org/biopax/96/48895#Catalysis245,4054
3806,1763|4489,4490|4491,2,2,http://www.reactome.org/biopax/96/48895#BiochemicalReaction5587,1,http://www.reactome.org/biopax/96/48895#Catalysis2301,4055
3807,3581|5210|7389,5211|7557|9632,3,3,http://www.reactome.org/biopax/96/48895#BiochemicalReaction7058,1,http://www.reactome.org/biopax/96/48895#Catalysis3134,4056
3808,582|7556|8352,7949|8398,3,2,http://www.reactome.org/biopax/96/48895#BiochemicalReaction901,1,http://www.reactome.org/biopax/96/48895#Catalysis364,4057
3809,5314|7508|7949|9229|9644,9230|9565|9633,5,3,http://www.reactome.org/biopax/96/48895#BiochemicalReaction8584,1,http://www.reactome.org/biopax/96/48895#Catalysis4581,4058
3810,1276|6773|9546,6774|7635,3,2,http://www.reactome.org/biopax/96/48895#BiochemicalReaction2600,1,http://www.reactome.org/biopax/96/48895#Catalysis1210,4059
3811,2473|4396|7237,2475|7635,3,2,http://www.reactome.org/biopax/96/48895#BiochemicalReaction4795,1,http://www.reactome.org/biopax/96/48895#Catalysis2038,4060
3812,2176,931|2170,1,2,http://www.reactome.org/biopax/96/48895#BiochemicalReaction4244,1,http://www.reactome.org/biopax/96/48895#Catalysis1872,4061
3813,3772|9678,9564,2,1,http://www.reactome.org/biopax/96/48895#BiochemicalReaction7752,1,http://www.reactome.org/biopax/96/48895#Catalysis3798,4062
3814,3321|4867|7393,4868|7557|9632,3,3,http://www.reactome.org/biopax/96/48895#BiochemicalReaction6565,1,http://www.reactome.org/biopax/96/48895#Catalysis2759,4063
3815,3780|8532,9438,2,1,http://www.reactome.org/biopax/96/48895#BiochemicalReaction7773,1,http://www.reactome.org/biopax/96/48895#Catalysis3817,4064
3816,3358|9587,3359|4033,2,2,http://www.reactome.org/biopax/96/48895#BiochemicalReaction6696,1,http://www.reactome.org/biopax/96/48895#Catalysis2883,4065
3817,1156|6678|9070,1157|7507,3,2,http://www.reactome.org/biopax/96/48895#BiochemicalReaction2355,1,http://www.reactome.org/biopax/96/48895#Catalysis1104,4066
3818,3279|3927|9519,3928|7677|8489|9516,3,4,http://www.reactome.org/biopax/96/48895#BiochemicalReaction6435,-1,http://www.reactome.org/biopax/96/48895#Control600,4067
3819,6065|7364|7537,7366|7493,3,2,http://www.reactome.org/biopax/96/48895#BiochemicalReaction1995,1,http://www.reactome.org/biopax/96/48895#Catalysis930,4068
3820,3960|9555|9565,9554|9655,3,2,http://www.reactome.org/biopax/96/48895#BiochemicalReaction7137,1,http://www.reactome.org/biopax/96/48895#Catalysis3205,4069
3821,131|7949|8965,9450|9517,3,2,http://www.reactome.org/biopax/96/48895#BiochemicalReaction8433,1,http://www.reactome.org/biopax/96/48895#Catalysis4434,4070
3822,5681|8290|9104,7949|8420|9105,3,3,http://www.reactome.org/biopax/96/48895#BiochemicalReaction8480,1,http://www.reactome.org/biopax/96/48895#Catalysis4480,4072
3823,7237|7444|7839,7545|7949|8218,3,3,http://www.reactome.org/biopax/96/48895#BiochemicalReaction7021,1,http://www.reactome.org/biopax/96/48895#Control676,4073
3824,5|7367|8218,7545|8228,3,2,http://www.reactome.org/biopax/96/48895#BiochemicalReaction8072,1,http://www.reactome.org/biopax/96/48895#Catalysis4080,4074
3825,1371|9433|9434,1370|9435|9436|9513,3,4,http://www.reactome.org/biopax/96/48895#BiochemicalReaction2666,1,http://www.reactome.org/biopax/96/48895#Catalysis1249,4075
3826,3664|8449|9481,8453|9480,3,2,http://www.reactome.org/biopax/96/48895#BiochemicalReaction7702,1,http://www.reactome.org/biopax/96/48895#Catalysis3750,4076
3827,4852|4856|7397,4855|8489|9397,3,3,http://www.reactome.org/biopax/96/48895#BiochemicalReaction6554,1,http://www.reactome.org/biopax/96/48895#Catalysis2749,4077
3828,2295|7237,2296|7635,2,2,http://www.reactome.org/biopax/96/48895#BiochemicalReaction4481,1,http://www.reactome.org/biopax/96/48895#Catalysis1943,4078
3829,2961|4506|5415,4507,3,1,http://www.reactome.org/biopax/96/48895#BiochemicalReaction5682,1,http://www.reactome.org/biopax/96/48895#Catalysis2331,4079
3830,2861|9070,2862|7507,2,2,http://www.reactome.org/biopax/96/48895#BiochemicalReaction5508,1,http://www.reactome.org/biopax/96/48895#Catalysis2259,4081
3831,2565|3913|7237,3071|7635,3,2,http://www.reactome.org/biopax/96/48895#BiochemicalReaction5922,1,http://www.reactome.org/biopax/96/48895#Catalysis2422,4082
3832,3759|8179|8378|9565,7405|7949|8199,4,3,http://www.reactome.org/biopax/96/48895#BiochemicalReaction7635,1,http://www.reactome.org/biopax/96/48895#Catalysis3687,4083
3833,1426|2808,1346|5415|6849,2,3,http://www.reactome.org/biopax/96/48895#BiochemicalReaction2746,1,http://www.reactome.org/biopax/96/48895#Catalysis1294,4084
3834,1970|7237|7561|9565,7563|7635|9655,4,3,http://www.reactome.org/biopax/96/48895#BiochemicalReaction3707,1,http://www.reactome.org/biopax/96/48895#Catalysis1709,4085
3835,1871|1873|7237,1875|7635,3,2,http://www.reactome.org/biopax/96/48895#BiochemicalReaction3564,1,http://www.reactome.org/biopax/96/48895#Catalysis1640,4086
3836,3563|7836|9633,7837|9517|9644,3,3,http://www.reactome.org/biopax/96/48895#BiochemicalReaction7004,1,http://www.reactome.org/biopax/96/48895#Catalysis3083,4087
3837,3899|7237|8731,7635|8738,3,2,http://www.reactome.org/biopax/96/48895#BiochemicalReaction8066,1,http://www.reactome.org/biopax/96/48895#Catalysis4074,4088
3838,2133|4287|7237,2134|7635,3,2,http://www.reactome.org/biopax/96/48895#BiochemicalReaction4150,1,http://www.reactome.org/biopax/96/48895#Catalysis1841,4089
3839,1833|7123,7124|7125,2,2,http://www.reactome.org/biopax/96/48895#BiochemicalReaction3476,1,http://www.reactome.org/biopax/96/48895#Catalysis1607,4090
3840,375|376,378,2,1,http://www.reactome.org/biopax/96/48895#BiochemicalReaction8850,1,http://www.reactome.org/biopax/96/48895#Control867,4091
3841,3305|7626|7735,7254|7736,3,2,http://www.reactome.org/biopax/96/48895#BiochemicalReaction6491,1,http://www.reactome.org/biopax/96/48895#Catalysis2693,4092
3842,7444|8807|9565,7949|8228|8700,3,3,http://www.reactome.org/biopax/96/48895#BiochemicalReaction8122,1,http://www.reactome.org/biopax/96/48895#Control796,4093
3843,6257|6259|8467,6258|9509,3,2,http://www.reactome.org/biopax/96/48895#BiochemicalReaction1291,1,http://www.reactome.org/biopax/96/48895#Catalysis552,4094
3844,6001|7577|9520,7578|7585|8050,3,3,http://www.reactome.org/biopax/96/48895#BiochemicalReaction7286,1,http://www.reactome.org/biopax/96/48895#Catalysis3345,4096
3845,8685|9479|9487,7619|8079,3,2,http://www.reactome.org/biopax/96/48895#BiochemicalReaction8015,1,http://www.reactome.org/biopax/96/48895#Control771,4097
3846,2432|5415,2434,2,1,http://www.reactome.org/biopax/96/48895#BiochemicalReaction4734,1,http://www.reactome.org/biopax/96/48895#Catalysis2012,4098
3847,2834|4451|6692,2833,3,1,http://www.reactome.org/biopax/96/48895#BiochemicalReaction5302,-1,http://www.reactome.org/biopax/96/48895#Control486,4099
3848,26|7371|7949|9644,8817|9633,4,2,http://www.reactome.org/biopax/96/48895#BiochemicalReaction8131,1,http://www.reactome.org/biopax/96/48895#Catalysis4139,4100
3849,3831|7546|8440,7276|9429,3,2,http://www.reactome.org/biopax/96/48895#BiochemicalReaction8334,1,http://www.reactome.org/biopax/96/48895#Catalysis4335,4101
3850,645|6160|7742,5033|6159,3,2,http://www.reactome.org/biopax/96/48895#BiochemicalReaction1057,1,http://www.reactome.org/biopax/96/48895#Control80,4102
3851,1625|9546,1626|9550|9596,2,3,http://www.reactome.org/biopax/96/48895#BiochemicalReaction3034,1,http://www.reactome.org/biopax/96/48895#Catalysis1445,4103
3852,3891|7237|7542|9565|9600,7546|7635|7949|8703|9655,5,5,http://www.reactome.org/biopax/96/48895#BiochemicalReaction8035,1,http://www.reactome.org/biopax/96/48895#Catalysis4044,4104
3853,4044|8467|8553,8489|8509|8563,3,3,http://www.reactome.org/biopax/96/48895#BiochemicalReaction907,1,http://www.reactome.org/biopax/96/48895#Catalysis369,4105
3854,1949|9410,7288,2,1,http://www.reactome.org/biopax/96/48895#BiochemicalReaction3675,1,http://www.reactome.org/biopax/96/48895#Catalysis1693,4106
3855,4050|6106|7237|9565,4051|7635|9655,4,3,http://www.reactome.org/biopax/96/48895#BiochemicalReaction951,1,http://www.reactome.org/biopax/96/48895#Catalysis412,4107
3856,5272|7926|9546,7927|9550,3,2,http://www.reactome.org/biopax/96/48895#BiochemicalReaction7153,1,http://www.reactome.org/biopax/96/48895#Catalysis3221,4108
3857,1317|6771|7319,1319|7323,3,2,http://www.reactome.org/biopax/96/48895#BiochemicalReaction2585,1,http://www.reactome.org/biopax/96/48895#Catalysis1201,4109
3858,3477|5093|9451,5094,3,1,http://www.reactome.org/biopax/96/48895#BiochemicalReaction6867,1,http://www.reactome.org/biopax/96/48895#Catalysis2984,4110
3859,203|9079,9080|9512,2,2,http://www.reactome.org/biopax/96/48895#BiochemicalReaction8454,1,http://www.reactome.org/biopax/96/48895#Catalysis4455,4111
3860,7251|7810|8691|9512,7811|9446|9558|9667,4,4,http://www.reactome.org/biopax/96/48895#BiochemicalReaction6956,-1,http://www.reactome.org/biopax/96/48895#Control652,4112
3861,2373|7237,2375|7635,2,2,http://www.reactome.org/biopax/96/48895#BiochemicalReaction4620,1,http://www.reactome.org/biopax/96/48895#Catalysis1978,4113
3862,3229|7237,3230|7635,2,2,http://www.reactome.org/biopax/96/48895#BiochemicalReaction6323,1,http://www.reactome.org/biopax/96/48895#Catalysis2591,4114
3863,7173|7288|9565,9410|9655,3,2,http://www.reactome.org/biopax/96/48895#BiochemicalReaction3585,1,http://www.reactome.org/biopax/96/48895#Catalysis1649,4115
3864,2203|5360|9546,2208|9550,3,2,http://www.reactome.org/biopax/96/48895#BiochemicalReaction416,1,http://www.reactome.org/biopax/96/48895#Catalysis151,4116
3865,3575|7626|7884,7850|7885,3,2,http://www.reactome.org/biopax/96/48895#BiochemicalReaction7107,1,http://www.reactome.org/biopax/96/48895#Catalysis3175,4117
3866,3776|8515|9485|9662|9667,8516|9444|9486,5,3,http://www.reactome.org/biopax/96/48895#BiochemicalReaction7762,1,http://www.reactome.org/biopax/96/48895#Catalysis3806,4118
3867,233|9139|9143,7291|9140|9658,3,3,http://www.reactome.org/biopax/96/48895#BiochemicalReaction8518,1,http://www.reactome.org/biopax/96/48895#Catalysis4517,4119
3868,4064|7143,4170,2,1,http://www.reactome.org/biopax/96/48895#BiochemicalReaction223,1,http://www.reactome.org/biopax/96/48895#Catalysis71,4120
3869,3292|7697,7697,2,1,http://www.reactome.org/biopax/96/48895#BiochemicalReaction6457,1,http://www.reactome.org/biopax/96/48895#Catalysis2659,4121
3870,7444|7839|7848,7849|7949|8218,3,3,http://www.reactome.org/biopax/96/48895#BiochemicalReaction7020,1,http://www.reactome.org/biopax/96/48895#Control674,4122
3871,4161|5908,6640,2,1,http://www.reactome.org/biopax/96/48895#BiochemicalReaction6747,1,http://www.reactome.org/biopax/96/48895#Catalysis2923,4123
3872,5263|7396|7902,7775|7903,3,2,http://www.reactome.org/biopax/96/48895#BiochemicalReaction7118,1,http://www.reactome.org/biopax/96/48895#Catalysis3186,4124
3873,1553|9546,1554|2252|9550,2,3,http://www.reactome.org/biopax/96/48895#BiochemicalReaction2951,1,http://www.reactome.org/biopax/96/48895#Catalysis1407,4125
3874,445|5060|7237|7546,3448|7635|9655,4,3,http://www.reactome.org/biopax/96/48895#BiochemicalReaction6810,1,http://www.reactome.org/biopax/96/48895#Catalysis2949,4126
3875,5396|7585|9565,7698|8254,3,2,http://www.reactome.org/biopax/96/48895#BiochemicalReaction7484,1,http://www.reactome.org/biopax/96/48895#Catalysis3541,4127
3876,3640|7449|8454,8456,3,1,http://www.reactome.org/biopax/96/48895#BiochemicalReaction7705,1,http://www.reactome.org/biopax/96/48895#Catalysis3753,4128
3877,438|5927|7237,5933|7635,3,2,http://www.reactome.org/biopax/96/48895#BiochemicalReaction66,1,http://www.reactome.org/biopax/96/48895#Catalysis26,4129
3878,1994|5415,4161,2,1,http://www.reactome.org/biopax/96/48895#BiochemicalReaction3807,1,http://www.reactome.org/biopax/96/48895#Catalysis1733,4130
3879,5365|7448|9565,7694|7698,3,2,http://www.reactome.org/biopax/96/48895#BiochemicalReaction7412,1,http://www.reactome.org/biopax/96/48895#Catalysis3469,4131
3880,4069|7165,4174,2,1,http://www.reactome.org/biopax/96/48895#BiochemicalReaction225,1,http://www.reactome.org/biopax/96/48895#Catalysis73,4132
3881,1549|4311|6743,4995|5900,3,2,http://www.reactome.org/biopax/96/48895#BiochemicalReaction6669,1,http://www.reactome.org/biopax/96/48895#Catalysis2862,4133
3882,3115|4630|9070,3096|7507,3,2,http://www.reactome.org/biopax/96/48895#BiochemicalReaction6035,1,http://www.reactome.org/biopax/96/48895#Catalysis2484,4134
3883,687|689|9447,688,3,1,http://www.reactome.org/biopax/96/48895#BiochemicalReaction1111,1,http://www.reactome.org/biopax/96/48895#Control89,4135
3884,3258,3256|3257|3259|4707|9446,1,5,http://www.reactome.org/biopax/96/48895#BiochemicalReaction6377,1,http://www.reactome.org/biopax/96/48895#Catalysis2606,4136
3885,74|5618|7237|7354,75|7545|8228,4,3,http://www.reactome.org/biopax/96/48895#BiochemicalReaction8208,1,http://www.reactome.org/biopax/96/48895#Catalysis4215,4137
3886,5981|8054|8457,8055|8459,3,2,http://www.reactome.org/biopax/96/48895#BiochemicalReaction7708,1,http://www.reactome.org/biopax/96/48895#Catalysis3756,4138
3887,835|4099|9565,4100|7513,3,2,http://www.reactome.org/biopax/96/48895#BiochemicalReaction1452,1,http://www.reactome.org/biopax/96/48895#Catalysis635,4139
3888,2960|7305,2964|7311,2,2,http://www.reactome.org/biopax/96/48895#BiochemicalReaction521,1,http://www.reactome.org/biopax/96/48895#Catalysis207,4140
3889,3644|7621|8085,7622|8086|9667,3,3,http://www.reactome.org/biopax/96/48895#BiochemicalReaction7317,1,http://www.reactome.org/biopax/96/48895#Catalysis3376,4141
3890,5950|6448|7237,6948|7635,3,2,http://www.reactome.org/biopax/96/48895#BiochemicalReaction3232,1,http://www.reactome.org/biopax/96/48895#Catalysis1512,4142
3891,2676|7237,2678|7635,2,2,http://www.reactome.org/biopax/96/48895#BiochemicalReaction5062,1,http://www.reactome.org/biopax/96/48895#Catalysis2158,4143
3892,1833|6908,7061|7062,2,2,http://www.reactome.org/biopax/96/48895#BiochemicalReaction3446,1,http://www.reactome.org/biopax/96/48895#Catalysis1578,4144
3893,2394|4160,2402,2,1,http://www.reactome.org/biopax/96/48895#BiochemicalReaction4675,1,http://www.reactome.org/biopax/96/48895#Catalysis1987,4145
3894,6394|9410,9417|9538,2,2,http://www.reactome.org/biopax/96/48895#BiochemicalReaction1564,1,http://www.reactome.org/biopax/96/48895#Catalysis673,4146
3895,5485|7949|8395|9644,8415|9633,4,2,http://www.reactome.org/biopax/96/48895#BiochemicalReaction7668,1,http://www.reactome.org/biopax/96/48895#Control710,4147
3896,5504|7508|7949|8524|9644,7846|8538|9565|9633,5,4,http://www.reactome.org/biopax/96/48895#BiochemicalReaction7778,1,http://www.reactome.org/biopax/96/48895#Catalysis3822,4148
3897,944|945,1165|6439,2,2,http://www.reactome.org/biopax/96/48895#BiochemicalReaction1693,1,http://www.reactome.org/biopax/96/48895#Catalysis723,4149
3898,1080|7470,7471,2,1,http://www.reactome.org/biopax/96/48895#BiochemicalReaction2225,1,http://www.reactome.org/biopax/96/48895#Catalysis1064,4150
3899,578|7237|7542|8256|9565,7545|7546|7949|8228|8275,5,5,http://www.reactome.org/biopax/96/48895#BiochemicalReaction894,1,http://www.reactome.org/biopax/96/48895#Catalysis357,4151
3900,5458|7626|8360,7807|8361,3,2,http://www.reactome.org/biopax/96/48895#BiochemicalReaction7615,1,http://www.reactome.org/biopax/96/48895#Catalysis3667,4152
3901,1202|1205|9070,1203|6701|7507,3,3,http://www.reactome.org/biopax/96/48895#BiochemicalReaction2420,1,http://www.reactome.org/biopax/96/48895#Catalysis1122,4153
3902,6029|7495|8290,7661|8420,3,2,http://www.reactome.org/biopax/96/48895#BiochemicalReaction775,1,http://www.reactome.org/biopax/96/48895#Catalysis291,4154
3903,5304|7987|7988,7644|7989,3,2,http://www.reactome.org/biopax/96/48895#BiochemicalReaction7220,1,http://www.reactome.org/biopax/96/48895#Catalysis3286,4155
3904,6567|7362,7363,2,1,http://www.reactome.org/biopax/96/48895#BiochemicalReaction1998,1,http://www.reactome.org/biopax/96/48895#Catalysis933,4157
3905,3661|8146,8148|8149,2,2,http://www.reactome.org/biopax/96/48895#BiochemicalReaction7358,1,http://www.reactome.org/biopax/96/48895#Catalysis3415,4159
3906,1406|5415,1407,2,1,http://www.reactome.org/biopax/96/48895#BiochemicalReaction2708,1,http://www.reactome.org/biopax/96/48895#Catalysis1276,4160
3907,4029|7508|7949|9360|9644,9361|9565|9633,5,3,http://www.reactome.org/biopax/96/48895#BiochemicalReaction8677,1,http://www.reactome.org/biopax/96/48895#Catalysis4671,4161
3908,749|6218|9070,750|7507,3,2,http://www.reactome.org/biopax/96/48895#BiochemicalReaction1202,-1,http://www.reactome.org/biopax/96/48895#Control100,4162
3909,4121|6552|7556,4122|7949,3,2,http://www.reactome.org/biopax/96/48895#BiochemicalReaction1968,1,http://www.reactome.org/biopax/96/48895#Catalysis906,4163
3910,7619|8974|9449|9558|9667,7279|8973|9444,5,3,http://www.reactome.org/biopax/96/48895#BiochemicalReaction8330,1,http://www.reactome.org/biopax/96/48895#Control813,4164
3911,3637|8034|9565,8038,3,1,http://www.reactome.org/biopax/96/48895#BiochemicalReaction7277,1,http://www.reactome.org/biopax/96/48895#Catalysis3336,4165
3912,2215|7237,2216|7635,2,2,http://www.reactome.org/biopax/96/48895#BiochemicalReaction4290,1,http://www.reactome.org/biopax/96/48895#Catalysis1889,4167
3913,7279|8973|9444|9558,7619|8974|9449|9667,4,4,http://www.reactome.org/biopax/96/48895#BiochemicalReaction8329,1,http://www.reactome.org/biopax/96/48895#Control811,4168
3914,934|1165,937,2,1,http://www.reactome.org/biopax/96/48895#BiochemicalReaction1683,1,http://www.reactome.org/biopax/96/48895#Catalysis716,4169
3915,5400|8259|9444,8260|8261,3,2,http://www.reactome.org/biopax/96/48895#BiochemicalReaction7493,1,http://www.reactome.org/biopax/96/48895#Catalysis3550,4170
3916,1662|7318,7372,2,1,http://www.reactome.org/biopax/96/48895#BiochemicalReaction3086,1,http://www.reactome.org/biopax/96/48895#Catalysis1468,4171
3917,3864|3866|5558,3865|5557,3,2,http://www.reactome.org/biopax/96/48895#BiochemicalReaction7980,1,http://www.reactome.org/biopax/96/48895#Control757,4172
3918,860|909,910,2,1,http://www.reactome.org/biopax/96/48895#BiochemicalReaction1628,1,http://www.reactome.org/biopax/96/48895#Catalysis698,4173
3919,5688|5689,226,2,1,http://www.reactome.org/biopax/96/48895#BiochemicalReaction8502,1,http://www.reactome.org/biopax/96/48895#Catalysis4502,4174
3920,387|5856,3243,2,1,http://www.reactome.org/biopax/96/48895#BiochemicalReaction8855,1,http://www.reactome.org/biopax/96/48895#Control904,4175
3921,3812|3818|7237,3819|3820,3,2,http://www.reactome.org/biopax/96/48895#BiochemicalReaction7912,1,http://www.reactome.org/biopax/96/48895#Control729,4176
3922,3691,3692,1,1,http://www.reactome.org/biopax/96/48895#BiochemicalReaction7452,1,http://www.reactome.org/biopax/96/48895#Catalysis3509,4177
3923,190|8420|9565,7360|7678,3,2,http://www.reactome.org/biopax/96/48895#BiochemicalReaction8424,1,http://www.reactome.org/biopax/96/48895#Catalysis4425,4178
3924,5701|9110|9165|9444,9112|9694,4,2,http://www.reactome.org/biopax/96/48895#BiochemicalReaction8540,1,http://www.reactome.org/biopax/96/48895#Catalysis4539,4179
3925,1711|1713|6931,1712,3,1,http://www.reactome.org/biopax/96/48895#BiochemicalReaction3194,-1,http://www.reactome.org/biopax/96/48895#Control291,4180
3926,935|936,934|1165,2,2,http://www.reactome.org/biopax/96/48895#BiochemicalReaction1681,1,http://www.reactome.org/biopax/96/48895#Control178,4181
3927,4158|6975,6976|6978,2,2,http://www.reactome.org/biopax/96/48895#BiochemicalReaction205,1,http://www.reactome.org/biopax/96/48895#Catalysis54,4182
3928,4354|4363|7237,4362|7635,3,2,http://www.reactome.org/biopax/96/48895#BiochemicalReaction4345,1,http://www.reactome.org/biopax/96/48895#Catalysis1917,4183
3929,3692|7585,3689|9604,2,2,http://www.reactome.org/biopax/96/48895#BiochemicalReaction7453,1,http://www.reactome.org/biopax/96/48895#Catalysis3510,4185
3930,7372|7423,7238,2,1,http://www.reactome.org/biopax/96/48895#BiochemicalReaction3115,1,http://www.reactome.org/biopax/96/48895#Control286,4186
3931,2873|7639|9565,7640|7641|7949,3,3,http://www.reactome.org/biopax/96/48895#BiochemicalReaction5524,1,http://www.reactome.org/biopax/96/48895#Catalysis2268,4187
3932,776|777,779,2,1,http://www.reactome.org/biopax/96/48895#BiochemicalReaction1256,1,http://www.reactome.org/biopax/96/48895#Control118,4188
3933,6804|6845|9546,6846|9550,3,2,http://www.reactome.org/biopax/96/48895#BiochemicalReaction2733,1,http://www.reactome.org/biopax/96/48895#Catalysis1288,4189
3934,2824|2828|4448|4449,2829,4,1,http://www.reactome.org/biopax/96/48895#BiochemicalReaction5284,-1,http://www.reactome.org/biopax/96/48895#Control481,4190
3935,4013|8026|8489|8747|9201,8027|8467|9202|9203,5,4,http://www.reactome.org/biopax/96/48895#BiochemicalReaction8568,1,http://www.reactome.org/biopax/96/48895#Catalysis4565,4191
3936,2680|7237,2675|7635,2,2,http://www.reactome.org/biopax/96/48895#BiochemicalReaction5065,1,http://www.reactome.org/biopax/96/48895#Catalysis2159,4192
3937,777|3227|7237,778|7177|7635,3,3,http://www.reactome.org/biopax/96/48895#BiochemicalReaction6309,1,http://www.reactome.org/biopax/96/48895#Catalysis2587,4193
3938,5172|7398|7835,7383|7721,3,2,http://www.reactome.org/biopax/96/48895#BiochemicalReaction7001,1,http://www.reactome.org/biopax/96/48895#Catalysis3080,4194
3939,1777|1784|7237,1785|1786|7635,3,3,http://www.reactome.org/biopax/96/48895#BiochemicalReaction3376,1,http://www.reactome.org/biopax/96/48895#Catalysis1556,4196
3940,6068|9253,9244,2,1,http://www.reactome.org/biopax/96/48895#BiochemicalReaction945,1,http://www.reactome.org/biopax/96/48895#Catalysis406,4199
3941,1109|8691,1109|9446|9558,2,3,http://www.reactome.org/biopax/96/48895#BiochemicalReaction2273,1,http://www.reactome.org/biopax/96/48895#Catalysis1080,4200
3942,559|7423,7238,2,1,http://www.reactome.org/biopax/96/48895#BiochemicalReaction844,1,http://www.reactome.org/biopax/96/48895#Catalysis336,4201
3943,3698|8274|9501,8276|8277,3,2,http://www.reactome.org/biopax/96/48895#BiochemicalReaction7508,1,http://www.reactome.org/biopax/96/48895#Catalysis3565,4202
3944,210|5071|8734|9667,209|7551,4,2,http://www.reactome.org/biopax/96/48895#BiochemicalReaction8462,1,http://www.reactome.org/biopax/96/48895#Catalysis4463,4203
3945,977|7237|9565|9617,7635|9618|9655,4,3,http://www.reactome.org/biopax/96/48895#BiochemicalReaction1826,1,http://www.reactome.org/biopax/96/48895#Catalysis769,4205
3946,3965|7583|8026|8489|8747,8027|8032|8467,5,3,http://www.reactome.org/biopax/96/48895#BiochemicalReaction7271,1,http://www.reactome.org/biopax/96/48895#Catalysis3330,4206
3947,4787|8371|9565,7256|8372,3,2,http://www.reactome.org/biopax/96/48895#BiochemicalReaction7626,1,http://www.reactome.org/biopax/96/48895#Catalysis3678,4207
3948,1812|7114,7115|7116,2,2,http://www.reactome.org/biopax/96/48895#BiochemicalReaction3472,1,http://www.reactome.org/biopax/96/48895#Catalysis1603,4208
3949,334|641,335,2,1,http://www.reactome.org/biopax/96/48895#BiochemicalReaction8786,1,http://www.reactome.org/biopax/96/48895#Control849,4209
3950,3646|8106|9444,8107,3,1,http://www.reactome.org/biopax/96/48895#BiochemicalReaction7337,1,http://www.reactome.org/biopax/96/48895#Catalysis3396,4210
3951,1293|4136|5970,1294,3,1,http://www.reactome.org/biopax/96/48895#BiochemicalReaction2546,-1,http://www.reactome.org/biopax/96/48895#Control254,4211
3952,5659|8142|9009|9482,8143|9011,4,2,http://www.reactome.org/biopax/96/48895#BiochemicalReaction8371,1,http://www.reactome.org/biopax/96/48895#Catalysis4372,4212
3953,1438|2252|9546,1439|9550,3,2,http://www.reactome.org/biopax/96/48895#BiochemicalReaction2774,1,http://www.reactome.org/biopax/96/48895#Catalysis1309,4213
3954,1134|4601|7237,4602|7635,3,2,http://www.reactome.org/biopax/96/48895#BiochemicalReaction5993,1,http://www.reactome.org/biopax/96/48895#Catalysis2464,4214
3955,965|9451|9573,9577,3,1,http://www.reactome.org/biopax/96/48895#BiochemicalReaction1786,1,http://www.reactome.org/biopax/96/48895#Catalysis747,4215
3956,3511|7398,3512|7949|8858,2,3,http://www.reactome.org/biopax/96/48895#BiochemicalReaction6938,1,http://www.reactome.org/biopax/96/48895#Catalysis3020,4216
3957,604|7318,7372,2,1,http://www.reactome.org/biopax/96/48895#BiochemicalReaction976,1,http://www.reactome.org/biopax/96/48895#Catalysis425,4217
3958,2198|6373|9565,2202|9655,3,2,http://www.reactome.org/biopax/96/48895#BiochemicalReaction4271,1,http://www.reactome.org/biopax/96/48895#Catalysis1881,4218
3959,3841|5415|5541,5543,3,1,http://www.reactome.org/biopax/96/48895#BiochemicalReaction7954,1,http://www.reactome.org/biopax/96/48895#Catalysis3982,4219
3960,1789|9515|9546,7365|7544,3,2,http://www.reactome.org/biopax/96/48895#BiochemicalReaction3380,1,http://www.reactome.org/biopax/96/48895#Catalysis1559,4220
3961,5225|5228|9546,5226|9550,3,2,http://www.reactome.org/biopax/96/48895#BiochemicalReaction397,1,http://www.reactome.org/biopax/96/48895#Catalysis141,4221
3962,1217|6696,1224|1232,2,2,http://www.reactome.org/biopax/96/48895#BiochemicalReaction250,1,http://www.reactome.org/biopax/96/48895#Catalysis98,4222
3963,2169|9470,931|4180,2,2,http://www.reactome.org/biopax/96/48895#BiochemicalReaction4235,1,http://www.reactome.org/biopax/96/48895#Control389,4223
3964,3713|9546,3731|9550,2,2,http://www.reactome.org/biopax/96/48895#BiochemicalReaction629,1,http://www.reactome.org/biopax/96/48895#Catalysis228,4224
3965,4268|9565|9629,7576|7582,3,2,http://www.reactome.org/biopax/96/48895#BiochemicalReaction4055,1,http://www.reactome.org/biopax/96/48895#Catalysis1798,4225
3966,3913|4568|9565,3915|9655,3,2,http://www.reactome.org/biopax/96/48895#BiochemicalReaction5928,1,http://www.reactome.org/biopax/96/48895#Catalysis2427,4226
3967,1006|7433,9517,2,1,http://www.reactome.org/biopax/96/48895#BiochemicalReaction2109,1,http://www.reactome.org/biopax/96/48895#Catalysis1016,4227
3968,1770|2741|2744,2743,3,1,http://www.reactome.org/biopax/96/48895#BiochemicalReaction5163,-1,http://www.reactome.org/biopax/96/48895#Control470,4228
3969,1330|6786|7237,6787|7635,3,2,http://www.reactome.org/biopax/96/48895#BiochemicalReaction2608,1,http://www.reactome.org/biopax/96/48895#Catalysis1217,4229
3970,3172|3173,949|6966,2,2,http://www.reactome.org/biopax/96/48895#BiochemicalReaction6175,-1,http://www.reactome.org/biopax/96/48895#Control572,4230
3971,6094|7237|8748|9565,7635|8802|9655,4,3,http://www.reactome.org/biopax/96/48895#BiochemicalReaction914,1,http://www.reactome.org/biopax/96/48895#Catalysis376,4231
3972,3491|3493|5128|9607,3492|5129|7806,4,3,http://www.reactome.org/biopax/96/48895#BiochemicalReaction6916,1,http://www.reactome.org/biopax/96/48895#Control640,4232
3973,6091|8691|8708|9349,8715|8719|9350,4,3,http://www.reactome.org/biopax/96/48895#BiochemicalReaction8670,1,http://www.reactome.org/biopax/96/48895#Catalysis4664,4233
3974,3628|8621|9565,8622,3,1,http://www.reactome.org/biopax/96/48895#BiochemicalReaction7867,1,http://www.reactome.org/biopax/96/48895#Catalysis3907,4235
3975,3293|4758|7697,4759|4760,3,2,http://www.reactome.org/biopax/96/48895#BiochemicalReaction6458,1,http://www.reactome.org/biopax/96/48895#Catalysis2660,4236
3976,616|3464,3465|5996,2,2,http://www.reactome.org/biopax/96/48895#BiochemicalReaction6835,1,http://www.reactome.org/biopax/96/48895#Catalysis2960,4237
3977,289|7556|9601,7433|9451,3,2,http://www.reactome.org/biopax/96/48895#BiochemicalReaction8700,1,http://www.reactome.org/biopax/96/48895#Catalysis4694,4238
3978,380|5836,381,2,1,http://www.reactome.org/biopax/96/48895#BiochemicalReaction8851,1,http://www.reactome.org/biopax/96/48895#Control885,4239
3979,5585|8736|9444,8737|9558|9667,3,3,http://www.reactome.org/biopax/96/48895#BiochemicalReaction8065,1,http://www.reactome.org/biopax/96/48895#Catalysis4073,4240
3980,3793|8108|8708,7660,3,1,http://www.reactome.org/biopax/96/48895#BiochemicalReaction7825,1,http://www.reactome.org/biopax/96/48895#Catalysis3865,4241
3981,5994|7449,5999|6000,2,2,http://www.reactome.org/biopax/96/48895#BiochemicalReaction727,1,http://www.reactome.org/biopax/96/48895#Catalysis253,4242
3982,7038|7040,7039,2,1,http://www.reactome.org/biopax/96/48895#BiochemicalReaction3403,1,http://www.reactome.org/biopax/96/48895#Catalysis1565,4243
3983,3771|7508|7949|9602|9644,8503|9565|9633,5,3,http://www.reactome.org/biopax/96/48895#BiochemicalReaction7742,1,http://www.reactome.org/biopax/96/48895#Catalysis3790,4244
3984,2541|7237,2543|7635,2,2,http://www.reactome.org/biopax/96/48895#BiochemicalReaction4873,1,http://www.reactome.org/biopax/96/48895#Catalysis2072,4245
3985,2140|4287|7237,2141|7635,3,2,http://www.reactome.org/biopax/96/48895#BiochemicalReaction4158,1,http://www.reactome.org/biopax/96/48895#Catalysis1845,4246
3986,2639|7237|9410,7288|7635,3,2,http://www.reactome.org/biopax/96/48895#BiochemicalReaction5016,1,http://www.reactome.org/biopax/96/48895#Catalysis2129,4247
3987,3383|9565,3384|3907,2,2,http://www.reactome.org/biopax/96/48895#BiochemicalReaction6709,1,http://www.reactome.org/biopax/96/48895#Catalysis2895,4248
3988,7237|7423,7238,2,1,http://www.reactome.org/biopax/96/48895#BiochemicalReaction843,-1,http://www.reactome.org/biopax/96/48895#Control65,4250
3989,5244|5247|7391,5246|7390|9632,3,3,http://www.reactome.org/biopax/96/48895#BiochemicalReaction7090,1,http://www.reactome.org/biopax/96/48895#Catalysis3161,4251
3990,4167|6946,6994|6995,2,2,http://www.reactome.org/biopax/96/48895#BiochemicalReaction211,1,http://www.reactome.org/biopax/96/48895#Catalysis60,4252
3991,2794|6372|9565,2793|9655,3,2,http://www.reactome.org/biopax/96/48895#BiochemicalReaction5228,1,http://www.reactome.org/biopax/96/48895#Catalysis2224,4253
3992,882|1987,881|8228,2,2,http://www.reactome.org/biopax/96/48895#BiochemicalReaction3786,-1,http://www.reactome.org/biopax/96/48895#Control347,4254
3993,2842|4455|9529,2843,3,1,http://www.reactome.org/biopax/96/48895#BiochemicalReaction5386,-1,http://www.reactome.org/biopax/96/48895#Control493,4255
3994,5307|7949|9644|9691,9633|9692,4,2,http://www.reactome.org/biopax/96/48895#BiochemicalReaction7235,1,http://www.reactome.org/biopax/96/48895#Catalysis3295,4256
3995,3014|7622|8691,3015|9558|9667,3,3,http://www.reactome.org/biopax/96/48895#BiochemicalReaction5802,1,http://www.reactome.org/biopax/96/48895#Control530,4257
3996,4|7237|8766,7635|7949|8767,3,3,http://www.reactome.org/biopax/96/48895#BiochemicalReaction8088,1,http://www.reactome.org/biopax/96/48895#Catalysis4096,4258
3997,2722|4920|5006,5007|5900,3,2,http://www.reactome.org/biopax/96/48895#BiochemicalReaction6680,1,http://www.reactome.org/biopax/96/48895#Catalysis2873,4259
3998,584|8838|8868,8875|8886,3,2,http://www.reactome.org/biopax/96/48895#BiochemicalReaction917,1,http://www.reactome.org/biopax/96/48895#Catalysis378,4260
3999,1925|9587,4823|5015|5017|9596,2,4,http://www.reactome.org/biopax/96/48895#BiochemicalReaction353,1,http://www.reactome.org/biopax/96/48895#Catalysis118,4261
4000,6405|9534|9565,7949|9532|9533,3,3,http://www.reactome.org/biopax/96/48895#BiochemicalReaction1602,1,http://www.reactome.org/biopax/96/48895#Catalysis686,4262
4001,2818|9565,4445|5019|9655,2,3,http://www.reactome.org/biopax/96/48895#BiochemicalReaction5263,1,http://www.reactome.org/biopax/96/48895#Catalysis2235,4264
4002,445|6928|7579,1692|7580,3,2,http://www.reactome.org/biopax/96/48895#BiochemicalReaction3167,1,http://www.reactome.org/biopax/96/48895#Catalysis1490,4265
4003,4188|7237,4191|7635,2,2,http://www.reactome.org/biopax/96/48895#BiochemicalReaction5091,1,http://www.reactome.org/biopax/96/48895#Catalysis2168,4266
4004,5688|5689|5695,226,3,1,http://www.reactome.org/biopax/96/48895#BiochemicalReaction8502,-1,http://www.reactome.org/biopax/96/48895#Control826,4267
4005,55|3789,58,2,1,http://www.reactome.org/biopax/96/48895#BiochemicalReaction8190,1,http://www.reactome.org/biopax/96/48895#Catalysis4198,4268
4006,3986|8236|9565,7698|8241,3,2,http://www.reactome.org/biopax/96/48895#BiochemicalReaction7465,1,http://www.reactome.org/biopax/96/48895#Catalysis3522,4269
4007,470|7423,7423,2,1,http://www.reactome.org/biopax/96/48895#BiochemicalReaction737,1,http://www.reactome.org/biopax/96/48895#Catalysis255,4270
4008,1298|6794|7305,1339|7311,3,2,http://www.reactome.org/biopax/96/48895#BiochemicalReaction2622,1,http://www.reactome.org/biopax/96/48895#Catalysis1224,4271
4009,5478|7508|7949|8399|9644,8405|9565|9633,5,3,http://www.reactome.org/biopax/96/48895#BiochemicalReaction7658,1,http://www.reactome.org/biopax/96/48895#Catalysis3708,4272
4010,6014|7530|7537,7493|7542,3,2,http://www.reactome.org/biopax/96/48895#BiochemicalReaction749,1,http://www.reactome.org/biopax/96/48895#Catalysis267,4273
4011,174|7621|8969|9444,7279|7622|9667,4,3,http://www.reactome.org/biopax/96/48895#BiochemicalReaction8397,1,http://www.reactome.org/biopax/96/48895#Catalysis4398,4274
4012,129|7237|7334|7542|9565,7286|7545|7546|7949|8228,5,5,http://www.reactome.org/biopax/96/48895#BiochemicalReaction8317,1,http://www.reactome.org/biopax/96/48895#Catalysis4318,4275
4013,1067|6630,6627|6628|7453,2,3,http://www.reactome.org/biopax/96/48895#BiochemicalReaction2167,1,http://www.reactome.org/biopax/96/48895#Control224,4276
4014,6551|7274,7282,2,1,http://www.reactome.org/biopax/96/48895#BiochemicalReaction8408,1,http://www.reactome.org/biopax/96/48895#Catalysis4409,4277
4015,6096|7237|9678,7635|9564|9655,3,3,http://www.reactome.org/biopax/96/48895#BiochemicalReaction7751,1,http://www.reactome.org/biopax/96/48895#Catalysis3797,4278
4016,96|8917|9444|9486,7551|8908|9485|9667,4,4,http://www.reactome.org/biopax/96/48895#BiochemicalReaction8262,1,http://www.reactome.org/biopax/96/48895#Catalysis4267,4279
4017,3800|7800|8597,8630,3,1,http://www.reactome.org/biopax/96/48895#BiochemicalReaction7873,1,http://www.reactome.org/biopax/96/48895#Catalysis3913,4280
4018,3662|7449|8149|8151,8142|8152|8153,4,3,http://www.reactome.org/biopax/96/48895#BiochemicalReaction7359,1,http://www.reactome.org/biopax/96/48895#Catalysis3416,4281
4019,2856|4463,2857,2,1,http://www.reactome.org/biopax/96/48895#BiochemicalReaction5480,1,http://www.reactome.org/biopax/96/48895#Catalysis2252,4282
4020,3644|8084|9444,8085,3,1,http://www.reactome.org/biopax/96/48895#BiochemicalReaction7316,1,http://www.reactome.org/biopax/96/48895#Catalysis3375,4283
4021,3110|4623|9070,3111|7507,3,2,http://www.reactome.org/biopax/96/48895#BiochemicalReaction6017,1,http://www.reactome.org/biopax/96/48895#Catalysis2478,4284
4022,3689,3690,1,1,http://www.reactome.org/biopax/96/48895#BiochemicalReaction7450,1,http://www.reactome.org/biopax/96/48895#Catalysis3507,4285
4023,1305|4844,1306,2,1,http://www.reactome.org/biopax/96/48895#BiochemicalReaction2564,1,http://www.reactome.org/biopax/96/48895#Catalysis1187,4287
4024,5793|5931|9546,5935|9550,3,2,http://www.reactome.org/biopax/96/48895#BiochemicalReaction3334,1,http://www.reactome.org/biopax/96/48895#Catalysis1543,4288
4025,1597|3458,3462|5065,2,2,http://www.reactome.org/biopax/96/48895#BiochemicalReaction6832,1,http://www.reactome.org/biopax/96/48895#Catalysis2959,4289
4026,51|7508|8860|9565,8866|9660,4,2,http://www.reactome.org/biopax/96/48895#BiochemicalReaction8182,1,http://www.reactome.org/biopax/96/48895#Catalysis4190,4290
4027,31|8823|9451,7556|8824|9537,3,3,http://www.reactome.org/biopax/96/48895#BiochemicalReaction8141,1,http://www.reactome.org/biopax/96/48895#Catalysis4149,4291
4028,6506|9651,9653,2,1,http://www.reactome.org/biopax/96/48895#BiochemicalReaction1881,1,http://www.reactome.org/biopax/96/48895#Catalysis819,4292
4029,430|1648|7319,432|7323,3,2,http://www.reactome.org/biopax/96/48895#BiochemicalReaction669,1,http://www.reactome.org/biopax/96/48895#Catalysis240,4293
4030,1356|4139|7237,1355|6814|7635,3,3,http://www.reactome.org/biopax/96/48895#BiochemicalReaction2649,1,http://www.reactome.org/biopax/96/48895#Catalysis1238,4295
4031,576|8218|8750,8228|8751,3,2,http://www.reactome.org/biopax/96/48895#BiochemicalReaction8074,1,http://www.reactome.org/biopax/96/48895#Catalysis4082,4296
4032,2735|4435|9451,896,3,1,http://www.reactome.org/biopax/96/48895#BiochemicalReaction5159,1,http://www.reactome.org/biopax/96/48895#Catalysis2196,4297
4033,24|8809|9444,8810|9446,3,2,http://www.reactome.org/biopax/96/48895#BiochemicalReaction8124,1,http://www.reactome.org/biopax/96/48895#Catalysis4132,4298
4034,1777|2454|7237,2468|7635,3,2,http://www.reactome.org/biopax/96/48895#BiochemicalReaction4785,1,http://www.reactome.org/biopax/96/48895#Catalysis2033,4299
4035,2808|5741,5415,2,1,http://www.reactome.org/biopax/96/48895#BiochemicalReaction8720,1,http://www.reactome.org/biopax/96/48895#Catalysis4704,4300
4036,3996|7949|8498|9644,8501|9633,4,2,http://www.reactome.org/biopax/96/48895#BiochemicalReaction7740,1,http://www.reactome.org/biopax/96/48895#Catalysis3788,4301
4037,3681|7694|8226,7380|9604,3,2,http://www.reactome.org/biopax/96/48895#BiochemicalReaction7446,1,http://www.reactome.org/biopax/96/48895#Catalysis3503,4302
4038,2722|4997|5280,4996|5900,3,2,http://www.reactome.org/biopax/96/48895#BiochemicalReaction6670,1,http://www.reactome.org/biopax/96/48895#Catalysis2863,4303
4039,641|1549|5877,4934|5900,3,2,http://www.reactome.org/biopax/96/48895#BiochemicalReaction6614,1,http://www.reactome.org/biopax/96/48895#Catalysis2808,4304
4040,965|9451|9578,9577,3,1,http://www.reactome.org/biopax/96/48895#BiochemicalReaction1787,1,http://www.reactome.org/biopax/96/48895#Catalysis748,4305
4041,2334|7237,2335|7635,2,2,http://www.reactome.org/biopax/96/48895#BiochemicalReaction4548,1,http://www.reactome.org/biopax/96/48895#Catalysis1959,4306
4042,5287,3614,1,1,http://www.reactome.org/biopax/96/48895#BiochemicalReaction7204,1,http://www.reactome.org/biopax/96/48895#Catalysis3270,4307
4043,1886|1887|7237,1888|7635,3,2,http://www.reactome.org/biopax/96/48895#BiochemicalReaction3591,1,http://www.reactome.org/biopax/96/48895#Catalysis1652,4308
4044,6104|9467,9465,2,1,http://www.reactome.org/biopax/96/48895#BiochemicalReaction8542,1,http://www.reactome.org/biopax/96/48895#Catalysis4540,4309
4045,7005|9451|9458,7543|9569,3,2,http://www.reactome.org/biopax/96/48895#BiochemicalReaction3359,1,http://www.reactome.org/biopax/96/48895#Catalysis1547,4310
4046,561|7423,7238,2,1,http://www.reactome.org/biopax/96/48895#BiochemicalReaction846,1,http://www.reactome.org/biopax/96/48895#Catalysis338,4312
4047,2272|5588|9546,2260|9550,3,2,http://www.reactome.org/biopax/96/48895#BiochemicalReaction430,1,http://www.reactome.org/biopax/96/48895#Catalysis162,4313
4048,3760|7579,7580|8382|9565,2,3,http://www.reactome.org/biopax/96/48895#BiochemicalReaction7638,1,http://www.reactome.org/biopax/96/48895#Catalysis3690,4314
4049,6446|7288|9565,9460|9655,3,2,http://www.reactome.org/biopax/96/48895#BiochemicalReaction3584,1,http://www.reactome.org/biopax/96/48895#Catalysis1648,4315
4050,417|9070,8228|9522,2,2,http://www.reactome.org/biopax/96/48895#BiochemicalReaction8919,-1,http://www.reactome.org/biopax/96/48895#Control916,4316
4051,5709|8026|8489|8747|9236,8027|8467|9237,5,3,http://www.reactome.org/biopax/96/48895#BiochemicalReaction8589,1,http://www.reactome.org/biopax/96/48895#Catalysis4586,4317
4052,255|7533|8179,7846|7949|8199,3,3,http://www.reactome.org/biopax/96/48895#BiochemicalReaction8598,1,http://www.reactome.org/biopax/96/48895#Catalysis4594,4318
4053,3423|9565,3424|3907,2,2,http://www.reactome.org/biopax/96/48895#BiochemicalReaction6745,1,http://www.reactome.org/biopax/96/48895#Catalysis2921,4319
4054,3881,3882|9444,1,2,http://www.reactome.org/biopax/96/48895#BiochemicalReaction8005,1,http://www.reactome.org/biopax/96/48895#Catalysis4019,4320
4055,4386|4478,4477,2,1,http://www.reactome.org/biopax/96/48895#BiochemicalReaction5539,1,http://www.reactome.org/biopax/96/48895#Catalysis2280,4321
4056,1854,5664|7142|7144,1,3,http://www.reactome.org/biopax/96/48895#BiochemicalReaction3522,1,http://www.reactome.org/biopax/96/48895#Catalysis1624,4322
4057,2020|5415,2021,2,1,http://www.reactome.org/biopax/96/48895#BiochemicalReaction3851,1,http://www.reactome.org/biopax/96/48895#Catalysis1754,4323
4058,19|8791|9565,7949|8228|8786,3,3,http://www.reactome.org/biopax/96/48895#BiochemicalReaction8112,1,http://www.reactome.org/biopax/96/48895#Catalysis4120,4324
4059,6353|6355|7237,6354|7635,3,2,http://www.reactome.org/biopax/96/48895#BiochemicalReaction1498,1,http://www.reactome.org/biopax/96/48895#Catalysis641,4326
4060,4844|5814|5916,5921,3,1,http://www.reactome.org/biopax/96/48895#BiochemicalReaction540,-1,http://www.reactome.org/biopax/96/48895#Control39,4327
4061,5984|8055|8161,8054|8166,3,2,http://www.reactome.org/biopax/96/48895#BiochemicalReaction7370,1,http://www.reactome.org/biopax/96/48895#Catalysis3427,4328
4062,3839|5539|7237,5540|7635|7949,3,3,http://www.reactome.org/biopax/96/48895#BiochemicalReaction7951,1,http://www.reactome.org/biopax/96/48895#Catalysis3980,4329
4063,1037|5415|6589|7237,1038|7425|7635,4,3,http://www.reactome.org/biopax/96/48895#BiochemicalReaction2084,1,http://www.reactome.org/biopax/96/48895#Control198,4330
4064,1047|7949|9600,9517|9565,3,2,http://www.reactome.org/biopax/96/48895#BiochemicalReaction2118,1,http://www.reactome.org/biopax/96/48895#Catalysis1022,4331
4065,3438|3441,1271|1498|3440|5039,2,4,http://www.reactome.org/biopax/96/48895#BiochemicalReaction6776,1,http://www.reactome.org/biopax/96/48895#Catalysis2939,4332
4066,155|1893|1896|4161,155|1897,4,2,http://www.reactome.org/biopax/96/48895#BiochemicalReaction3601,1,http://www.reactome.org/biopax/96/48895#Catalysis1657,4333
4067,1806|6282,7070|7071,2,2,http://www.reactome.org/biopax/96/48895#BiochemicalReaction3450,1,http://www.reactome.org/biopax/96/48895#Catalysis1582,4334
4068,589|9371|9565,8955|9372,3,2,http://www.reactome.org/biopax/96/48895#BiochemicalReaction8685,1,http://www.reactome.org/biopax/96/48895#Catalysis4679,4335
4069,1005|9451,9565,2,1,http://www.reactome.org/biopax/96/48895#BiochemicalReaction2023,1,http://www.reactome.org/biopax/96/48895#Catalysis954,4336
4070,5490|8477|9485|9662|9667,8479|9444|9486,5,3,http://www.reactome.org/biopax/96/48895#BiochemicalReaction7722,1,http://www.reactome.org/biopax/96/48895#Catalysis3770,4337
4071,1043|7430,7372,2,1,http://www.reactome.org/biopax/96/48895#BiochemicalReaction2098,1,http://www.reactome.org/biopax/96/48895#Catalysis1008,4338
4072,3324|4974|6743,4976|5900,3,2,http://www.reactome.org/biopax/96/48895#BiochemicalReaction6646,1,http://www.reactome.org/biopax/96/48895#Catalysis2841,4339
4073,1801|4233|7237,3206|7635,3,2,http://www.reactome.org/biopax/96/48895#BiochemicalReaction6275,1,http://www.reactome.org/biopax/96/48895#Catalysis2575,4340
4074,1962|7949|9075|9644,8349|9565|9633,4,3,http://www.reactome.org/biopax/96/48895#BiochemicalReaction8449,1,http://www.reactome.org/biopax/96/48895#Catalysis4450,4341
4075,244|7413|9163,8673|9667,3,2,http://www.reactome.org/biopax/96/48895#BiochemicalReaction8537,1,http://www.reactome.org/biopax/96/48895#Catalysis4536,4342
4076,1066|7237|7451|9565,7452|7635|9655,4,3,http://www.reactome.org/biopax/96/48895#BiochemicalReaction2160,1,http://www.reactome.org/biopax/96/48895#Catalysis1049,4343
4077,1801|3207|7026,1800,3,1,http://www.reactome.org/biopax/96/48895#BiochemicalReaction6243,-1,http://www.reactome.org/biopax/96/48895#Control587,4344
4078,2006|4228|5415,4227|6243|6244,3,3,http://www.reactome.org/biopax/96/48895#BiochemicalReaction3819,1,http://www.reactome.org/biopax/96/48895#Catalysis1737,4345
4079,5509|7949|9440|9644,9439|9633,4,2,http://www.reactome.org/biopax/96/48895#BiochemicalReaction7783,1,http://www.reactome.org/biopax/96/48895#Catalysis3827,4346
4080,639|641,640,2,1,http://www.reactome.org/biopax/96/48895#BiochemicalReaction1051,1,http://www.reactome.org/biopax/96/48895#Catalysis457,4347
4081,6089|7508|7949|9138|9644,9159|9565|9633,5,3,http://www.reactome.org/biopax/96/48895#BiochemicalReaction932,1,http://www.reactome.org/biopax/96/48895#Catalysis393,4348
4082,3767|7508|7949|8393|9644,8394|9565|9633,5,3,http://www.reactome.org/biopax/96/48895#BiochemicalReaction7653,1,http://www.reactome.org/biopax/96/48895#Catalysis3703,4349
4083,214|7331|9093,9094|9446,3,2,http://www.reactome.org/biopax/96/48895#BiochemicalReaction8468,1,http://www.reactome.org/biopax/96/48895#Catalysis4469,4350
4084,3165|7237,3166|7635,2,2,http://www.reactome.org/biopax/96/48895#BiochemicalReaction6162,1,http://www.reactome.org/biopax/96/48895#Catalysis2522,4351
4085,2522|7237,2523|7635,2,2,http://www.reactome.org/biopax/96/48895#BiochemicalReaction4850,1,http://www.reactome.org/biopax/96/48895#Catalysis2061,4352
4086,2790|7237|9410,7288|7635,3,2,http://www.reactome.org/biopax/96/48895#BiochemicalReaction5223,1,http://www.reactome.org/biopax/96/48895#Catalysis2221,4353
4087,2821|2822|2824,2823,3,1,http://www.reactome.org/biopax/96/48895#BiochemicalReaction5271,-1,http://www.reactome.org/biopax/96/48895#Control480,4354
4088,1298|6761|9587,4878|9596,3,2,http://www.reactome.org/biopax/96/48895#BiochemicalReaction2549,1,http://www.reactome.org/biopax/96/48895#Catalysis1181,4355
4089,5237|7626|7864,7865|7866,3,2,http://www.reactome.org/biopax/96/48895#BiochemicalReaction7076,1,http://www.reactome.org/biopax/96/48895#Catalysis3147,4356
4090,7237|7322,7897|8440,2,2,http://www.reactome.org/biopax/96/48895#BiochemicalReaction8405,1,http://www.reactome.org/biopax/96/48895#Control818,4357
4091,2722|6889,4947|5900,2,2,http://www.reactome.org/biopax/96/48895#BiochemicalReaction6624,1,http://www.reactome.org/biopax/96/48895#Catalysis2818,4358
4092,4013|8027|8583|8747|9195,8026|8467|9196,5,3,http://www.reactome.org/biopax/96/48895#BiochemicalReaction8565,1,http://www.reactome.org/biopax/96/48895#Catalysis4562,4359
4093,2238|4355|7604,4356|8228,3,2,http://www.reactome.org/biopax/96/48895#BiochemicalReaction4335,1,http://www.reactome.org/biopax/96/48895#Catalysis1913,4360
4094,2159|2591|7237,2592|7635,3,2,http://www.reactome.org/biopax/96/48895#BiochemicalReaction4942,1,http://www.reactome.org/biopax/96/48895#Catalysis2099,4361
4095,3638|7577|7644|8041,8042|8043|8044,4,3,http://www.reactome.org/biopax/96/48895#BiochemicalReaction7280,1,http://www.reactome.org/biopax/96/48895#Catalysis3339,4362
4096,5074|7619|7622|9667,5547|7551,4,2,http://www.reactome.org/biopax/96/48895#BiochemicalReaction7964,1,http://www.reactome.org/biopax/96/48895#Control751,4363
4097,5484|7949|8395|9644,8415|9633,4,2,http://www.reactome.org/biopax/96/48895#BiochemicalReaction7668,1,http://www.reactome.org/biopax/96/48895#Catalysis3718,4364
4098,1058|6621,1070|9563|9569,2,3,http://www.reactome.org/biopax/96/48895#BiochemicalReaction2172,1,http://www.reactome.org/biopax/96/48895#Control226,4365
4099,6095|7237|9170|9565,7635|9171|9655,4,3,http://www.reactome.org/biopax/96/48895#BiochemicalReaction8551,1,http://www.reactome.org/biopax/96/48895#Catalysis4548,4366
4100,1318|2722|3329,3328|5900,3,2,http://www.reactome.org/biopax/96/48895#BiochemicalReaction6608,1,http://www.reactome.org/biopax/96/48895#Catalysis2802,4367
4101,5410|8280|9565,8234|9655,3,2,http://www.reactome.org/biopax/96/48895#BiochemicalReaction7520,1,http://www.reactome.org/biopax/96/48895#Catalysis3577,4368
4102,4188|4428|7237,4189|7635,3,2,http://www.reactome.org/biopax/96/48895#BiochemicalReaction5089,1,http://www.reactome.org/biopax/96/48895#Catalysis2166,4369
4103,1413|1414|9565,1415|9655,3,2,http://www.reactome.org/biopax/96/48895#BiochemicalReaction2718,1,http://www.reactome.org/biopax/96/48895#Catalysis1282,4370
4104,1628|7520,1629|7365,2,2,http://www.reactome.org/biopax/96/48895#BiochemicalReaction3040,1,http://www.reactome.org/biopax/96/48895#Catalysis1448,4371
4105,945|6440|6906,946,3,1,http://www.reactome.org/biopax/96/48895#BiochemicalReaction1694,1,http://www.reactome.org/biopax/96/48895#Catalysis724,4372
4106,7659|8661|9483,8660|8661|9667,3,3,http://www.reactome.org/biopax/96/48895#BiochemicalReaction7947,-1,http://www.reactome.org/biopax/96/48895#Control742,4373
4107,2805|4394|4444,2807,3,1,http://www.reactome.org/biopax/96/48895#BiochemicalReaction5291,-1,http://www.reactome.org/biopax/96/48895#Control484,4374
4108,3895|7237|7542|7718|9565,7546|7635|7707|7949|9655,5,5,http://www.reactome.org/biopax/96/48895#BiochemicalReaction8056,1,http://www.reactome.org/biopax/96/48895#Catalysis4064,4375
4109,2806|2810|7237,2832|7635,3,2,http://www.reactome.org/biopax/96/48895#BiochemicalReaction5293,1,http://www.reactome.org/biopax/96/48895#Catalysis2245,4376
4110,3434|5415|7237,3435|8228,3,2,http://www.reactome.org/biopax/96/48895#BiochemicalReaction6758,1,http://www.reactome.org/biopax/96/48895#Catalysis2933,4377
4111,3700|7614|9565,7585|9655,3,2,http://www.reactome.org/biopax/96/48895#BiochemicalReaction7513,1,http://www.reactome.org/biopax/96/48895#Catalysis3570,4378
4112,3627|8004,8005|9565,2,2,http://www.reactome.org/biopax/96/48895#BiochemicalReaction7245,1,http://www.reactome.org/biopax/96/48895#Catalysis3304,4379
4113,83|8691|8889|9667,8715|8890,4,2,http://www.reactome.org/biopax/96/48895#BiochemicalReaction8222,1,http://www.reactome.org/biopax/96/48895#Catalysis4229,4380
4114,10|7237|7361,7635|7949|8729,3,3,http://www.reactome.org/biopax/96/48895#BiochemicalReaction8084,1,http://www.reactome.org/biopax/96/48895#Catalysis4092,4382
4115,7189|7193|7554,7190|7555,3,2,http://www.reactome.org/biopax/96/48895#BiochemicalReaction3638,-1,http://www.reactome.org/biopax/96/48895#Control339,4383
4116,3672|7547|9503,7552|8203,3,2,http://www.reactome.org/biopax/96/48895#BiochemicalReaction7407,1,http://www.reactome.org/biopax/96/48895#Control697,4384
4117,1006|9451,9565,2,1,http://www.reactome.org/biopax/96/48895#BiochemicalReaction2033,1,http://www.reactome.org/biopax/96/48895#Catalysis962,4385
4118,778|806,811,2,1,http://www.reactome.org/biopax/96/48895#BiochemicalReaction1326,1,http://www.reactome.org/biopax/96/48895#Control131,4386
4119,3414|9587,3416|4034,2,2,http://www.reactome.org/biopax/96/48895#BiochemicalReaction6728,1,http://www.reactome.org/biopax/96/48895#Catalysis2911,4387
4120,280|9371|9565,8955|9372,3,2,http://www.reactome.org/biopax/96/48895#BiochemicalReaction8686,1,http://www.reactome.org/biopax/96/48895#Catalysis4680,4388
4121,2808|2999,4522|4524,2,2,http://www.reactome.org/biopax/96/48895#BiochemicalReaction5758,1,http://www.reactome.org/biopax/96/48895#Catalysis2368,4389
4122,5399|9565|9605,7698|8258,3,2,http://www.reactome.org/biopax/96/48895#BiochemicalReaction7491,1,http://www.reactome.org/biopax/96/48895#Catalysis3548,4390
4123,4508|7237,2974|7635,2,2,http://www.reactome.org/biopax/96/48895#BiochemicalReaction5699,1,http://www.reactome.org/biopax/96/48895#Catalysis2339,4391
4124,3678|7707|8211,8215|8228,3,2,http://www.reactome.org/biopax/96/48895#BiochemicalReaction7423,1,http://www.reactome.org/biopax/96/48895#Catalysis3480,4392
4125,4549|4551,4550,2,1,http://www.reactome.org/biopax/96/48895#BiochemicalReaction5873,1,http://www.reactome.org/biopax/96/48895#Catalysis2406,4393
4126,729|9477|9667,9478|9662,3,2,http://www.reactome.org/biopax/96/48895#BiochemicalReaction1178,1,http://www.reactome.org/biopax/96/48895#Catalysis508,4394
4127,5321|8026|8489|8747|9178,8027|8467|9179|9180,5,4,http://www.reactome.org/biopax/96/48895#BiochemicalReaction8556,1,http://www.reactome.org/biopax/96/48895#Catalysis4553,4395
4128,5713|9259|9565,9260,3,1,http://www.reactome.org/biopax/96/48895#BiochemicalReaction8607,1,http://www.reactome.org/biopax/96/48895#Catalysis4603,4396
4129,5703|5704,248,2,1,http://www.reactome.org/biopax/96/48895#BiochemicalReaction8619,1,http://www.reactome.org/biopax/96/48895#Catalysis4615,4397
4130,938,937|1165,1,2,http://www.reactome.org/biopax/96/48895#BiochemicalReaction1685,1,http://www.reactome.org/biopax/96/48895#Catalysis717,4398
4131,318|5784|5785|5786|6350|9546,319|320|4537|5744|5747|5750|5755|5756|5770|5771|5772|5773|5775|5776|5777|5778|5779|5780|5781|5782|5783|5955|9550|9596,6,24,http://www.reactome.org/biopax/96/48895#BiochemicalReaction8765,1,http://www.reactome.org/biopax/96/48895#Catalysis4725,4399
4132,764|6226|7237,6227|7635,3,2,http://www.reactome.org/biopax/96/48895#BiochemicalReaction1238,1,http://www.reactome.org/biopax/96/48895#Control109,4400
4133,2683|7237,2684|7635,2,2,http://www.reactome.org/biopax/96/48895#BiochemicalReaction5074,1,http://www.reactome.org/biopax/96/48895#Catalysis2162,4401
4134,6089|7508|7949|9175|9644,9186|9565|9633,5,3,http://www.reactome.org/biopax/96/48895#BiochemicalReaction936,1,http://www.reactome.org/biopax/96/48895#Catalysis397,4402
4135,6113|7237|7742,6114|7635,3,2,http://www.reactome.org/biopax/96/48895#BiochemicalReaction983,1,http://www.reactome.org/biopax/96/48895#Control68,4403
4136,867|7237,868|7635,2,2,http://www.reactome.org/biopax/96/48895#BiochemicalReaction1555,1,http://www.reactome.org/biopax/96/48895#Catalysis667,4404
4137,5993|8459|8462,8054|8464,3,2,http://www.reactome.org/biopax/96/48895#BiochemicalReaction7711,1,http://www.reactome.org/biopax/96/48895#Catalysis3759,4405
4138,4136|5970|9546,6760|9550,3,2,http://www.reactome.org/biopax/96/48895#BiochemicalReaction2547,1,http://www.reactome.org/biopax/96/48895#Catalysis1179,4406
4139,5708|8026|8489|8747|9217,8027|8467|9218,5,3,http://www.reactome.org/biopax/96/48895#BiochemicalReaction8590,1,http://www.reactome.org/biopax/96/48895#Catalysis4587,4407
4140,380|5829,381,2,1,http://www.reactome.org/biopax/96/48895#BiochemicalReaction8851,1,http://www.reactome.org/biopax/96/48895#Control875,4408
4141,5316|7508|8637,8640,3,1,http://www.reactome.org/biopax/96/48895#BiochemicalReaction7879,1,http://www.reactome.org/biopax/96/48895#Catalysis3919,4409
4142,2934|2935,847|2930|4495|4496|4497|6265,2,6,http://www.reactome.org/biopax/96/48895#BiochemicalReaction5630,1,http://www.reactome.org/biopax/96/48895#Control510,4410
4143,6576|7394|7401,7402|9523,3,2,http://www.reactome.org/biopax/96/48895#BiochemicalReaction2020,1,http://www.reactome.org/biopax/96/48895#Catalysis952,4411
4144,6055|6907|7237,6917|7635,3,2,http://www.reactome.org/biopax/96/48895#BiochemicalReaction3089,1,http://www.reactome.org/biopax/96/48895#Catalysis1470,4412
4145,3047|3049|9565,3048|9655,3,2,http://www.reactome.org/biopax/96/48895#BiochemicalReaction5897,1,http://www.reactome.org/biopax/96/48895#Catalysis2415,4413
4146,3174|7237,4655|6759|7635,2,3,http://www.reactome.org/biopax/96/48895#BiochemicalReaction6177,1,http://www.reactome.org/biopax/96/48895#Catalysis2529,4414
4147,5074|7619|8691|9667,5547|7551,4,2,http://www.reactome.org/biopax/96/48895#BiochemicalReaction7964,1,http://www.reactome.org/biopax/96/48895#Control752,4415
4148,2681|7237,2682|7635,2,2,http://www.reactome.org/biopax/96/48895#BiochemicalReaction5068,1,http://www.reactome.org/biopax/96/48895#Catalysis2160,4416
4149,3647|7621|8088,7622|8089|9667,3,3,http://www.reactome.org/biopax/96/48895#BiochemicalReaction7321,1,http://www.reactome.org/biopax/96/48895#Catalysis3380,4417
4150,6069|8238|8290,7949|8245|8420,3,3,http://www.reactome.org/biopax/96/48895#BiochemicalReaction890,1,http://www.reactome.org/biopax/96/48895#Catalysis353,4418
4151,141|7546|8979,8978|9429,3,2,http://www.reactome.org/biopax/96/48895#BiochemicalReaction8337,1,http://www.reactome.org/biopax/96/48895#Catalysis4338,4419
4152,6597|9472,7572,2,1,http://www.reactome.org/biopax/96/48895#BiochemicalReaction2095,1,http://www.reactome.org/biopax/96/48895#Catalysis1005,4420
4153,949|3909|9070,950|7507,3,2,http://www.reactome.org/biopax/96/48895#BiochemicalReaction5892,1,http://www.reactome.org/biopax/96/48895#Catalysis2413,4421
4154,3604|7952|9565,7953|9655,3,2,http://www.reactome.org/biopax/96/48895#BiochemicalReaction7183,1,http://www.reactome.org/biopax/96/48895#Catalysis3251,4422
4155,4452|5096,4463,2,1,http://www.reactome.org/biopax/96/48895#BiochemicalReaction6876,1,http://www.reactome.org/biopax/96/48895#Control631,4423
4156,5636|7621|8909,7622|8916,3,2,http://www.reactome.org/biopax/96/48895#BiochemicalReaction8260,1,http://www.reactome.org/biopax/96/48895#Catalysis4265,4424
4157,1855|4353,4359|4360,2,2,http://www.reactome.org/biopax/96/48895#BiochemicalReaction4344,1,http://www.reactome.org/biopax/96/48895#Catalysis1916,4425
4158,160|7279|9015,7619|9014,3,2,http://www.reactome.org/biopax/96/48895#BiochemicalReaction8376,1,http://www.reactome.org/biopax/96/48895#Catalysis4377,4426
4159,5136|5956|8691,5135|9558,3,2,http://www.reactome.org/biopax/96/48895#BiochemicalReaction6920,1,http://www.reactome.org/biopax/96/48895#Catalysis3009,4427
4160,3642|3969|7237,3970|7635|7949,3,3,http://www.reactome.org/biopax/96/48895#BiochemicalReaction7309,1,http://www.reactome.org/biopax/96/48895#Catalysis3368,4429
4161,2305|7237,2307|7635,2,2,http://www.reactome.org/biopax/96/48895#BiochemicalReaction4512,1,http://www.reactome.org/biopax/96/48895#Catalysis1946,4430
4162,138|7279|8973|9444,7619|8974|9449|9667,4,4,http://www.reactome.org/biopax/96/48895#BiochemicalReaction8329,1,http://www.reactome.org/biopax/96/48895#Catalysis4330,4431
4163,965|9451|9581,9577|9582,3,2,http://www.reactome.org/biopax/96/48895#BiochemicalReaction1789,1,http://www.reactome.org/biopax/96/48895#Catalysis750,4432
4164,197|8026|8489|8747|9240,8027|8467|9241,5,3,http://www.reactome.org/biopax/96/48895#BiochemicalReaction8592,1,http://www.reactome.org/biopax/96/48895#Catalysis4589,4433
4165,2640|5896|9546,2650|9550,3,2,http://www.reactome.org/biopax/96/48895#BiochemicalReaction482,1,http://www.reactome.org/biopax/96/48895#Catalysis193,4434
4166,4803|7763,7764|7765,2,2,http://www.reactome.org/biopax/96/48895#BiochemicalReaction6514,1,http://www.reactome.org/biopax/96/48895#Catalysis2714,4435
4167,1468,1469|7514,1,2,http://www.reactome.org/biopax/96/48895#BiochemicalReaction2832,1,http://www.reactome.org/biopax/96/48895#Catalysis1344,4436
4168,3851|5548|7621,5074|7622|9667,3,3,http://www.reactome.org/biopax/96/48895#BiochemicalReaction7966,1,http://www.reactome.org/biopax/96/48895#Catalysis3994,4438
4169,2722|4317|6743,4984|5900,3,2,http://www.reactome.org/biopax/96/48895#BiochemicalReaction6659,1,http://www.reactome.org/biopax/96/48895#Catalysis2852,4439
4170,991|7556|9466|9649,7407|9451,4,2,http://www.reactome.org/biopax/96/48895#BiochemicalReaction2042,1,http://www.reactome.org/biopax/96/48895#Catalysis971,4440
4171,4154|5180|7230,3571,3,1,http://www.reactome.org/biopax/96/48895#BiochemicalReaction7033,1,http://www.reactome.org/biopax/96/48895#Catalysis3111,4441
4172,1338|6792|9587,6791|9596,3,2,http://www.reactome.org/biopax/96/48895#BiochemicalReaction2621,1,http://www.reactome.org/biopax/96/48895#Catalysis1223,4443
4173,580|8350|9565,8228|8340,3,2,http://www.reactome.org/biopax/96/48895#BiochemicalReaction899,1,http://www.reactome.org/biopax/96/48895#Catalysis362,4444
4174,2227|4349|7237,4350|7635,3,2,http://www.reactome.org/biopax/96/48895#BiochemicalReaction4330,1,http://www.reactome.org/biopax/96/48895#Catalysis1909,4445
4175,931|2174,2170,2,1,http://www.reactome.org/biopax/96/48895#BiochemicalReaction4242,1,http://www.reactome.org/biopax/96/48895#Catalysis1870,4446
4176,3625|4233|7237,3626|7635|7949,3,3,http://www.reactome.org/biopax/96/48895#BiochemicalReaction7242,1,http://www.reactome.org/biopax/96/48895#Catalysis3302,4447
4177,3763|7700,8387,2,1,http://www.reactome.org/biopax/96/48895#BiochemicalReaction7644,1,http://www.reactome.org/biopax/96/48895#Catalysis3695,4449
4178,3636|7641,8024,2,1,http://www.reactome.org/biopax/96/48895#BiochemicalReaction7265,1,http://www.reactome.org/biopax/96/48895#Catalysis3324,4450
4179,371|7237,372|7635,2,2,http://www.reactome.org/biopax/96/48895#BiochemicalReaction8845,1,http://www.reactome.org/biopax/96/48895#Catalysis4747,4452
4180,2179|5134|9546,2203|9550,3,2,http://www.reactome.org/biopax/96/48895#BiochemicalReaction415,1,http://www.reactome.org/biopax/96/48895#Catalysis150,4454
4181,2826|7237,2827|7635,2,2,http://www.reactome.org/biopax/96/48895#BiochemicalReaction5275,1,http://www.reactome.org/biopax/96/48895#Catalysis2239,4455
4182,6563|7346|7537,7347|7493,3,2,http://www.reactome.org/biopax/96/48895#BiochemicalReaction1989,1,http://www.reactome.org/biopax/96/48895#Catalysis924,4456
4183,5519|7508|7949|8550|9644,8551|9565|9633,5,3,http://www.reactome.org/biopax/96/48895#BiochemicalReaction7805,1,http://www.reactome.org/biopax/96/48895#Catalysis3846,4457
4184,910|6419|9549,928,3,1,http://www.reactome.org/biopax/96/48895#BiochemicalReaction1663,1,http://www.reactome.org/biopax/96/48895#Control176,4458
4185,1781|1784|7237,1785|1786|7635,3,3,http://www.reactome.org/biopax/96/48895#BiochemicalReaction3376,1,http://www.reactome.org/biopax/96/48895#Control298,4459
4186,3738|3995|7626,3740|7254,3,2,http://www.reactome.org/biopax/96/48895#BiochemicalReaction7606,1,http://www.reactome.org/biopax/96/48895#Catalysis3658,4460
4187,5506|8535|9485|9662|9667,8536|9444|9486,5,3,http://www.reactome.org/biopax/96/48895#BiochemicalReaction7777,1,http://www.reactome.org/biopax/96/48895#Catalysis3821,4461
4188,2722|4292,4958|5900,2,2,http://www.reactome.org/biopax/96/48895#BiochemicalReaction6634,1,http://www.reactome.org/biopax/96/48895#Catalysis2828,4462
4189,5169|7237|7831,7635|7832|7949,3,3,http://www.reactome.org/biopax/96/48895#BiochemicalReaction6997,1,http://www.reactome.org/biopax/96/48895#Catalysis3076,4463
4190,1530|1532|9546,1531|9550,3,2,http://www.reactome.org/biopax/96/48895#BiochemicalReaction2916,1,http://www.reactome.org/biopax/96/48895#Catalysis1388,4464
4191,3235|3236|9070,958|7507,3,2,http://www.reactome.org/biopax/96/48895#BiochemicalReaction6332,1,http://www.reactome.org/biopax/96/48895#Catalysis2594,4465
4192,3312|7771,7767|7773,2,2,http://www.reactome.org/biopax/96/48895#BiochemicalReaction6520,1,http://www.reactome.org/biopax/96/48895#Catalysis2720,4466
4193,860|6429|9543,913,3,1,http://www.reactome.org/biopax/96/48895#BiochemicalReaction1656,1,http://www.reactome.org/biopax/96/48895#Control174,4467
4194,3320|6819|7788,4864|7377|9632,3,3,http://www.reactome.org/biopax/96/48895#BiochemicalReaction6561,1,http://www.reactome.org/biopax/96/48895#Catalysis2755,4468
4195,3101|7237|7665,7635|9410,3,2,http://www.reactome.org/biopax/96/48895#BiochemicalReaction5985,1,http://www.reactome.org/biopax/96/48895#Catalysis2460,4469
4196,277|9338|9340,9341,3,1,http://www.reactome.org/biopax/96/48895#BiochemicalReaction8666,1,http://www.reactome.org/biopax/96/48895#Catalysis4660,4470
4197,19|8780|9565,7949|8228|8781,3,3,http://www.reactome.org/biopax/96/48895#BiochemicalReaction8104,1,http://www.reactome.org/biopax/96/48895#Catalysis4112,4471
4198,4300|8852,7352|8853,2,2,http://www.reactome.org/biopax/96/48895#BiochemicalReaction8164,1,http://www.reactome.org/biopax/96/48895#Catalysis4172,4472
4199,304,305|9596,1,2,http://www.reactome.org/biopax/96/48895#BiochemicalReaction8752,1,http://www.reactome.org/biopax/96/48895#Catalysis4716,4473
4200,5472|7579|8382|9565,7580|7949|8383,4,3,http://www.reactome.org/biopax/96/48895#BiochemicalReaction7639,1,http://www.reactome.org/biopax/96/48895#Catalysis3691,4474
4201,7508|7949|8549|9593|9644,8550|9565|9633,5,3,http://www.reactome.org/biopax/96/48895#BiochemicalReaction7804,-1,http://www.reactome.org/biopax/96/48895#Control724,4475
4202,538|545|546,547,3,1,http://www.reactome.org/biopax/96/48895#BiochemicalReaction828,1,http://www.reactome.org/biopax/96/48895#Catalysis324,4476
4203,2669|2670|7237,1781|7635,3,2,http://www.reactome.org/biopax/96/48895#BiochemicalReaction5057,-1,http://www.reactome.org/biopax/96/48895#Control458,4477
4204,5042|7049|7237,4589|7635,3,2,http://www.reactome.org/biopax/96/48895#BiochemicalReaction5976,1,http://www.reactome.org/biopax/96/48895#Catalysis2452,4478
4205,1806|4229|6245,2007,3,1,http://www.reactome.org/biopax/96/48895#BiochemicalReaction3822,-1,http://www.reactome.org/biopax/96/48895#Control355,4479
4206,7238|7318,7372,2,1,http://www.reactome.org/biopax/96/48895#BiochemicalReaction740,-1,http://www.reactome.org/biopax/96/48895#Control56,4480
4207,884|6241|7237,6242|7635,3,2,http://www.reactome.org/biopax/96/48895#BiochemicalReaction1254,1,http://www.reactome.org/biopax/96/48895#Control117,4481
4208,3228|4693,4696|4697,2,2,http://www.reactome.org/biopax/96/48895#BiochemicalReaction6317,1,http://www.reactome.org/biopax/96/48895#Catalysis2589,4482
4209,3583|5222|7391,5224|7390|9632,3,3,http://www.reactome.org/biopax/96/48895#BiochemicalReaction7064,1,http://www.reactome.org/biopax/96/48895#Catalysis3140,4484
4210,775|2122|7237,1896|7635,3,2,http://www.reactome.org/biopax/96/48895#BiochemicalReaction4136,1,http://www.reactome.org/biopax/96/48895#Catalysis1835,4485
4211,373,374,1,1,http://www.reactome.org/biopax/96/48895#BiochemicalReaction8847,1,http://www.reactome.org/biopax/96/48895#Catalysis4748,4486
4212,437|439|5970,440,3,1,http://www.reactome.org/biopax/96/48895#BiochemicalReaction700,1,http://www.reactome.org/biopax/96/48895#Control50,4487
4213,5552|8659|9487,5549,3,1,http://www.reactome.org/biopax/96/48895#BiochemicalReaction7976,1,http://www.reactome.org/biopax/96/48895#Control755,4488
4214,2342|7237,2343|7635,2,2,http://www.reactome.org/biopax/96/48895#BiochemicalReaction4573,1,http://www.reactome.org/biopax/96/48895#Catalysis1963,4489
4215,2734|4439|9451,2774,3,1,http://www.reactome.org/biopax/96/48895#BiochemicalReaction5206,1,http://www.reactome.org/biopax/96/48895#Catalysis2215,4490
4216,6968|7007,7024|7025,2,2,http://www.reactome.org/biopax/96/48895#BiochemicalReaction218,1,http://www.reactome.org/biopax/96/48895#Catalysis67,4491
4217,7424|7537,7493,2,1,http://www.reactome.org/biopax/96/48895#BiochemicalReaction2083,-1,http://www.reactome.org/biopax/96/48895#Control197,4493
4218,6820|6822|9546,6821|9550,3,2,http://www.reactome.org/biopax/96/48895#BiochemicalReaction2672,1,http://www.reactome.org/biopax/96/48895#Catalysis1252,4494
4219,2084|7237,2085|7635,2,2,http://www.reactome.org/biopax/96/48895#BiochemicalReaction4067,1,http://www.reactome.org/biopax/96/48895#Catalysis1801,4495
4220,585|8868|9292,8875|9293,3,2,http://www.reactome.org/biopax/96/48895#BiochemicalReaction8628,1,http://www.reactome.org/biopax/96/48895#Catalysis4622,4496
4221,6514|7537|9670,7493|9671,3,2,http://www.reactome.org/biopax/96/48895#BiochemicalReaction1894,-1,http://www.reactome.org/biopax/96/48895#Control185,4497
4222,5875|7237|7372,5885|7635,3,2,http://www.reactome.org/biopax/96/48895#BiochemicalReaction8914,-1,http://www.reactome.org/biopax/96/48895#Control911,4498
4223,105|7508|8929,7647,3,1,http://www.reactome.org/biopax/96/48895#BiochemicalReaction8275,1,http://www.reactome.org/biopax/96/48895#Catalysis4279,4499
4224,5727|5931|9546,4580|9550,3,2,http://www.reactome.org/biopax/96/48895#BiochemicalReaction5962,1,http://www.reactome.org/biopax/96/48895#Catalysis2444,4500
4225,3096|4631|9565,3115|9655,3,2,http://www.reactome.org/biopax/96/48895#BiochemicalReaction6036,1,http://www.reactome.org/biopax/96/48895#Catalysis2485,4501
4226,3122|4642|9565,3121|9655,3,2,http://www.reactome.org/biopax/96/48895#BiochemicalReaction6065,1,http://www.reactome.org/biopax/96/48895#Catalysis2495,4502
4227,811|4177|9546,2142|9550,3,2,http://www.reactome.org/biopax/96/48895#BiochemicalReaction4159,1,http://www.reactome.org/biopax/96/48895#Catalysis1846,4503
4228,288|7551|9444,7810|9667,3,2,http://www.reactome.org/biopax/96/48895#BiochemicalReaction8697,1,http://www.reactome.org/biopax/96/48895#Catalysis4691,4504
4229,1777|4329|7237,4330|7635,3,2,http://www.reactome.org/biopax/96/48895#BiochemicalReaction4279,1,http://www.reactome.org/biopax/96/48895#Catalysis1885,4505
4230,5489|7949|8430|9644,8431|9633,4,2,http://www.reactome.org/biopax/96/48895#BiochemicalReaction7686,1,http://www.reactome.org/biopax/96/48895#Catalysis3734,4507
4231,1812|7117,7118|7119,2,2,http://www.reactome.org/biopax/96/48895#BiochemicalReaction3474,1,http://www.reactome.org/biopax/96/48895#Catalysis1605,4508
4232,3622|7997,9691,2,1,http://www.reactome.org/biopax/96/48895#BiochemicalReaction7233,1,http://www.reactome.org/biopax/96/48895#Catalysis3293,4509
4233,2722|4890|6887,4946|5900,3,2,http://www.reactome.org/biopax/96/48895#BiochemicalReaction6623,1,http://www.reactome.org/biopax/96/48895#Catalysis2817,4511
4234,4044|8467|9256,8489|9257|9258,3,3,http://www.reactome.org/biopax/96/48895#BiochemicalReaction8606,1,http://www.reactome.org/biopax/96/48895#Catalysis4602,4512
4235,2658|6977|7237,2659|7635,3,2,http://www.reactome.org/biopax/96/48895#BiochemicalReaction5036,1,http://www.reactome.org/biopax/96/48895#Catalysis2143,4513
4236,2952|7305,2959|7311,2,2,http://www.reactome.org/biopax/96/48895#BiochemicalReaction520,1,http://www.reactome.org/biopax/96/48895#Catalysis206,4514
4237,669|1337,669,2,1,http://www.reactome.org/biopax/96/48895#BiochemicalReaction2749,1,http://www.reactome.org/biopax/96/48895#Catalysis1297,4515
4238,6365|7372|7537,7318|7493,3,2,http://www.reactome.org/biopax/96/48895#BiochemicalReaction1516,1,http://www.reactome.org/biopax/96/48895#Control143,4517
4239,5516|8546,3785,2,1,http://www.reactome.org/biopax/96/48895#BiochemicalReaction7796,1,http://www.reactome.org/biopax/96/48895#Catalysis3838,4518
4240,3764|7700|8387,8228|8388,3,2,http://www.reactome.org/biopax/96/48895#BiochemicalReaction7645,1,http://www.reactome.org/biopax/96/48895#Catalysis3696,4519
4241,3183|4667|7237,4668|7635,3,2,http://www.reactome.org/biopax/96/48895#BiochemicalReaction6197,1,http://www.reactome.org/biopax/96/48895#Catalysis2542,4520
4242,3648|8095|9487|9667,8079|8096,4,2,http://www.reactome.org/biopax/96/48895#BiochemicalReaction7328,1,http://www.reactome.org/biopax/96/48895#Catalysis3387,4521
4243,820|6290|7319,6291|7323,3,2,http://www.reactome.org/biopax/96/48895#BiochemicalReaction1381,1,http://www.reactome.org/biopax/96/48895#Catalysis574,4522
4244,50|7508|8865,8861|9660,3,2,http://www.reactome.org/biopax/96/48895#BiochemicalReaction8181,1,http://www.reactome.org/biopax/96/48895#Catalysis4189,4523
4245,3168|7237,4420|6759|7635,2,3,http://www.reactome.org/biopax/96/48895#BiochemicalReaction6167,1,http://www.reactome.org/biopax/96/48895#Catalysis2524,4524
4246,4018|8026|8489|8747|9215,8027|8467|9216,5,3,http://www.reactome.org/biopax/96/48895#BiochemicalReaction8575,1,http://www.reactome.org/biopax/96/48895#Catalysis4572,4525
4247,3188|4674|7237,4676|7635,3,2,http://www.reactome.org/biopax/96/48895#BiochemicalReaction6216,-1,http://www.reactome.org/biopax/96/48895#Control574,4526
4248,4676|4679|7237,4680|7635,3,2,http://www.reactome.org/biopax/96/48895#BiochemicalReaction6218,1,http://www.reactome.org/biopax/96/48895#Catalysis2553,4527
4249,2182|2185|4181,2183,3,1,http://www.reactome.org/biopax/96/48895#BiochemicalReaction4252,1,http://www.reactome.org/biopax/96/48895#Control394,4528
4250,3996|7949|8499|9644,8502|9633,4,2,http://www.reactome.org/biopax/96/48895#BiochemicalReaction7741,1,http://www.reactome.org/biopax/96/48895#Catalysis3789,4529
4251,1134|1947|7237,1791|7635,3,2,http://www.reactome.org/biopax/96/48895#BiochemicalReaction6227,1,http://www.reactome.org/biopax/96/48895#Catalysis2559,4530
4252,6700|8286|9565,8285|9655,3,2,http://www.reactome.org/biopax/96/48895#BiochemicalReaction7541,1,http://www.reactome.org/biopax/96/48895#Catalysis3598,4531
4253,1033|7237|7238|7493|9565,7423|7537|7635|9655,5,4,http://www.reactome.org/biopax/96/48895#BiochemicalReaction2069,-1,http://www.reactome.org/biopax/96/48895#Control193,4532
4254,2614|2616|4419,2615,3,1,http://www.reactome.org/biopax/96/48895#BiochemicalReaction4988,-1,http://www.reactome.org/biopax/96/48895#Control455,4533
4255,6684|6946,6696|7006,2,2,http://www.reactome.org/biopax/96/48895#BiochemicalReaction213,-1,http://www.reactome.org/biopax/96/48895#Control12,4534
4256,2328|9546,2331|5611|5616|9550,2,4,http://www.reactome.org/biopax/96/48895#BiochemicalReaction437,1,http://www.reactome.org/biopax/96/48895#Catalysis167,4535
4257,4114|6517|7949,4115|7556,3,2,http://www.reactome.org/biopax/96/48895#BiochemicalReaction1896,1,http://www.reactome.org/biopax/96/48895#Catalysis834,4536
4258,3019,3020|3906|4536|6144|9550|9596,1,6,http://www.reactome.org/biopax/96/48895#BiochemicalReaction5808,1,http://www.reactome.org/biopax/96/48895#Catalysis2389,4538
4259,5363|9451|9629,8202|8237,3,2,http://www.reactome.org/biopax/96/48895#BiochemicalReaction7460,-1,http://www.reactome.org/biopax/96/48895#Control700,4539
4260,5414|8285|9565,8252|9655,3,2,http://www.reactome.org/biopax/96/48895#BiochemicalReaction7533,1,http://www.reactome.org/biopax/96/48895#Catalysis3590,4540
4261,1383|6826|9587,6825|9596,3,2,http://www.reactome.org/biopax/96/48895#BiochemicalReaction2678,1,http://www.reactome.org/biopax/96/48895#Catalysis1258,4541
4262,4199|7563,7564|7565,2,2,http://www.reactome.org/biopax/96/48895#BiochemicalReaction3708,1,http://www.reactome.org/biopax/96/48895#Catalysis1710,4542
4263,1996|7237,1997|7635,2,2,http://www.reactome.org/biopax/96/48895#BiochemicalReaction3809,1,http://www.reactome.org/biopax/96/48895#Catalysis1734,4543
4264,2302|6384|6953,1742,3,1,http://www.reactome.org/biopax/96/48895#BiochemicalReaction5944,1,http://www.reactome.org/biopax/96/48895#Control556,4544
4265,2066|4264|7237,2067|7635,3,2,http://www.reactome.org/biopax/96/48895#BiochemicalReaction4031,1,http://www.reactome.org/biopax/96/48895#Catalysis1785,4545
4266,6612|9453,7444,2,1,http://www.reactome.org/biopax/96/48895#BiochemicalReaction2129,1,http://www.reactome.org/biopax/96/48895#Catalysis1030,4546
4267,3118|4635|9070,3097|7507,3,2,http://www.reactome.org/biopax/96/48895#BiochemicalReaction6051,1,http://www.reactome.org/biopax/96/48895#Catalysis2488,4547
4268,437|439|5940,440,3,1,http://www.reactome.org/biopax/96/48895#BiochemicalReaction700,1,http://www.reactome.org/biopax/96/48895#Control52,4548
4269,3393|9565,3394|3907,2,2,http://www.reactome.org/biopax/96/48895#BiochemicalReaction6717,1,http://www.reactome.org/biopax/96/48895#Catalysis2900,4549
4270,3690|7486,3691|8234,2,2,http://www.reactome.org/biopax/96/48895#BiochemicalReaction7451,1,http://www.reactome.org/biopax/96/48895#Catalysis3508,4550
4271,3601|9556|9565,9554|9655,3,2,http://www.reactome.org/biopax/96/48895#BiochemicalReaction7141,1,http://www.reactome.org/biopax/96/48895#Catalysis3209,4551
4272,1507|7520,1506|1508|7365,2,3,http://www.reactome.org/biopax/96/48895#BiochemicalReaction2887,1,http://www.reactome.org/biopax/96/48895#Catalysis1374,4552
4273,1492|6859|9587,1488|7521,3,2,http://www.reactome.org/biopax/96/48895#BiochemicalReaction2870,1,http://www.reactome.org/biopax/96/48895#Catalysis1365,4553
4274,1812|6932,7112|7113,2,2,http://www.reactome.org/biopax/96/48895#BiochemicalReaction3471,1,http://www.reactome.org/biopax/96/48895#Catalysis1602,4554
4275,4476|7971|9565,7545,3,1,http://www.reactome.org/biopax/96/48895#BiochemicalReaction5535,1,http://www.reactome.org/biopax/96/48895#Catalysis2276,4555
4276,641|1549|4940,4942|5900,3,2,http://www.reactome.org/biopax/96/48895#BiochemicalReaction6620,1,http://www.reactome.org/biopax/96/48895#Catalysis2814,4556
4277,3344|3494|9559,3500|7365,3,2,http://www.reactome.org/biopax/96/48895#BiochemicalReaction610,1,http://www.reactome.org/biopax/96/48895#Catalysis224,4557
4278,5563|7622|8670|9667,7621|8671|9669,4,3,http://www.reactome.org/biopax/96/48895#BiochemicalReaction7990,1,http://www.reactome.org/biopax/96/48895#Control762,4558
4279,5264|7385|7907,7557|7902,3,2,http://www.reactome.org/biopax/96/48895#BiochemicalReaction7123,1,http://www.reactome.org/biopax/96/48895#Catalysis3191,4559
4280,1884|2097|7237,1885|7635,3,2,http://www.reactome.org/biopax/96/48895#BiochemicalReaction4104,1,http://www.reactome.org/biopax/96/48895#Catalysis1822,4560
4281,249|9254|9565|9633,7949|9255|9644,4,3,http://www.reactome.org/biopax/96/48895#BiochemicalReaction8605,1,http://www.reactome.org/biopax/96/48895#Control839,4561
4282,3627|7508|8018,8573,3,1,http://www.reactome.org/biopax/96/48895#BiochemicalReaction7829,1,http://www.reactome.org/biopax/96/48895#Catalysis3869,4562
4283,227|7449|9126|9481,9124|9127|9480,4,3,http://www.reactome.org/biopax/96/48895#BiochemicalReaction8500,1,http://www.reactome.org/biopax/96/48895#Catalysis4500,4563
4284,6159|6161|7237,6163|7635,3,2,http://www.reactome.org/biopax/96/48895#BiochemicalReaction1058,1,http://www.reactome.org/biopax/96/48895#Catalysis460,4564
4285,3885|8218,3884,2,1,http://www.reactome.org/biopax/96/48895#BiochemicalReaction8019,1,http://www.reactome.org/biopax/96/48895#Control776,4565
4286,3184|9565,4431|6235|9655,2,3,http://www.reactome.org/biopax/96/48895#BiochemicalReaction6200,1,http://www.reactome.org/biopax/96/48895#Catalysis2544,4566
4287,625|1985,626,2,1,http://www.reactome.org/biopax/96/48895#BiochemicalReaction1031,-1,http://www.reactome.org/biopax/96/48895#Control75,4567
4288,4144|7165,3901,2,1,http://www.reactome.org/biopax/96/48895#BiochemicalReaction237,1,http://www.reactome.org/biopax/96/48895#Catalysis85,4568
4289,5581|8718|9546,8720|9550,3,2,http://www.reactome.org/biopax/96/48895#BiochemicalReaction8049,1,http://www.reactome.org/biopax/96/48895#Catalysis4057,4569
4290,5288|7237|7580|7965,7545|7966|8228,4,3,http://www.reactome.org/biopax/96/48895#BiochemicalReaction7206,1,http://www.reactome.org/biopax/96/48895#Catalysis3272,4570
4291,31|8822|9451,7556|8823|9537,3,3,http://www.reactome.org/biopax/96/48895#BiochemicalReaction8140,1,http://www.reactome.org/biopax/96/48895#Catalysis4148,4571
4292,897|903,904,2,1,http://www.reactome.org/biopax/96/48895#BiochemicalReaction1621,1,http://www.reactome.org/biopax/96/48895#Catalysis694,4572
4293,7237|7430,7372,2,1,http://www.reactome.org/biopax/96/48895#BiochemicalReaction2098,1,http://www.reactome.org/biopax/96/48895#Control210,4573
4294,1812|2981,2983|4511,2,2,http://www.reactome.org/biopax/96/48895#BiochemicalReaction5705,1,http://www.reactome.org/biopax/96/48895#Catalysis2344,4575
4295,3644|8082|8708,7660|8083,3,2,http://www.reactome.org/biopax/96/48895#BiochemicalReaction7314,1,http://www.reactome.org/biopax/96/48895#Catalysis3373,4576
4296,285|3861,3860|5730,2,2,http://www.reactome.org/biopax/96/48895#BiochemicalReaction8692,1,http://www.reactome.org/biopax/96/48895#Catalysis4686,4577
4297,649|3255|7305,650|7311,3,2,http://www.reactome.org/biopax/96/48895#BiochemicalReaction1068,1,http://www.reactome.org/biopax/96/48895#Catalysis466,4578
4298,8681|9669,9667,2,1,http://www.reactome.org/biopax/96/48895#BiochemicalReaction8007,-1,http://www.reactome.org/biopax/96/48895#Control766,4579
4299,3758|8373|9565,8231|8374,3,2,http://www.reactome.org/biopax/96/48895#BiochemicalReaction7630,1,http://www.reactome.org/biopax/96/48895#Catalysis3682,4580
4300,1800|7027|7031|7032,1808,4,1,http://www.reactome.org/biopax/96/48895#BiochemicalReaction3394,-1,http://www.reactome.org/biopax/96/48895#Control304,4581
4301,5717|9395|9644,9280|9633,3,2,http://www.reactome.org/biopax/96/48895#BiochemicalReaction8615,1,http://www.reactome.org/biopax/96/48895#Catalysis4611,4582
4302,6482|8966|9642,7949|9641,3,2,http://www.reactome.org/biopax/96/48895#BiochemicalReaction1855,1,http://www.reactome.org/biopax/96/48895#Catalysis794,4583
4303,1706|1748|9070,1703|7507,3,2,http://www.reactome.org/biopax/96/48895#BiochemicalReaction3261,1,http://www.reactome.org/biopax/96/48895#Catalysis1522,4584
4304,5796|5800|9546,5799|9550,3,2,http://www.reactome.org/biopax/96/48895#BiochemicalReaction8832,1,http://www.reactome.org/biopax/96/48895#Catalysis4741,4585
4305,5584|7800,5583|8008,2,2,http://www.reactome.org/biopax/96/48895#BiochemicalReaction8062,1,http://www.reactome.org/biopax/96/48895#Catalysis4070,4586
4306,3315|4826|7385,4829|7557|9632,3,3,http://www.reactome.org/biopax/96/48895#BiochemicalReaction6536,1,http://www.reactome.org/biopax/96/48895#Catalysis2735,4588
4307,1444|7473|7474|7475|7476,1445,5,1,http://www.reactome.org/biopax/96/48895#BiochemicalReaction2780,1,http://www.reactome.org/biopax/96/48895#Catalysis1312,4589
4308,6329|6330|7305,6331|7311,3,2,http://www.reactome.org/biopax/96/48895#BiochemicalReaction1426,1,http://www.reactome.org/biopax/96/48895#Catalysis615,4590
4309,2059|2061|7237,2060|4244|7635,3,3,http://www.reactome.org/biopax/96/48895#BiochemicalReaction4010,-1,http://www.reactome.org/biopax/96/48895#Control381,4591
4310,115|5642|9629,5644|8933|8938,3,3,http://www.reactome.org/biopax/96/48895#BiochemicalReaction8290,1,http://www.reactome.org/biopax/96/48895#Catalysis4291,4592
4311,6084|8619|9166,9167|9397,3,2,http://www.reactome.org/biopax/96/48895#BiochemicalReaction8547,1,http://www.reactome.org/biopax/96/48895#Catalysis4544,4593
4312,5325|8026|8046|8063,7644|8064|8467|9158,4,4,http://www.reactome.org/biopax/96/48895#BiochemicalReaction7297,1,http://www.reactome.org/biopax/96/48895#Catalysis3356,4594
4313,6532|7262|7537,7493|9430,3,2,http://www.reactome.org/biopax/96/48895#BiochemicalReaction1926,1,http://www.reactome.org/biopax/96/48895#Catalysis864,4595
4314,4784|7378|7912,7377|7914,3,2,http://www.reactome.org/biopax/96/48895#BiochemicalReaction7128,1,http://www.reactome.org/biopax/96/48895#Catalysis3196,4596
4315,637|638|7237,636|7635,3,2,http://www.reactome.org/biopax/96/48895#BiochemicalReaction1049,-1,http://www.reactome.org/biopax/96/48895#Control79,4597
4316,5480|7949|8406|9644,8407|9633,4,2,http://www.reactome.org/biopax/96/48895#BiochemicalReaction7660,1,http://www.reactome.org/biopax/96/48895#Catalysis3710,4598
4317,4154|9659,3951|4154,2,2,http://www.reactome.org/biopax/96/48895#BiochemicalReaction7023,1,http://www.reactome.org/biopax/96/48895#Control680,4599
4318,4069|7143,4174,2,1,http://www.reactome.org/biopax/96/48895#BiochemicalReaction226,1,http://www.reactome.org/biopax/96/48895#Catalysis74,4600
4319,5488|8179|8470,7949|8199|8471,3,3,http://www.reactome.org/biopax/96/48895#BiochemicalReaction7716,1,http://www.reactome.org/biopax/96/48895#Catalysis3764,4601
4320,522|7237,7971|8228,2,2,http://www.reactome.org/biopax/96/48895#BiochemicalReaction5525,1,http://www.reactome.org/biopax/96/48895#Control499,4602
4321,4504|4611|5415,4612,3,1,http://www.reactome.org/biopax/96/48895#BiochemicalReaction6002,1,http://www.reactome.org/biopax/96/48895#Catalysis2470,4603
4322,3567|7844,7845,2,1,http://www.reactome.org/biopax/96/48895#BiochemicalReaction7017,1,http://www.reactome.org/biopax/96/48895#Catalysis3096,4604
4323,6074|8780|9565,7949|8228|8781,3,3,http://www.reactome.org/biopax/96/48895#BiochemicalReaction8105,1,http://www.reactome.org/biopax/96/48895#Catalysis4113,4605
4324,228|7294|7508|9506,9022|9132,4,2,http://www.reactome.org/biopax/96/48895#BiochemicalReaction8510,1,http://www.reactome.org/biopax/96/48895#Catalysis4509,4606
4325,5662|7619|9016,9015|9429,3,2,http://www.reactome.org/biopax/96/48895#BiochemicalReaction8377,1,http://www.reactome.org/biopax/96/48895#Catalysis4378,4607
4326,4570|6785|7237,6954|7635,3,2,http://www.reactome.org/biopax/96/48895#BiochemicalReaction5943,1,http://www.reactome.org/biopax/96/48895#Catalysis2436,4608
4327,3605|7954|9565,7347|9655,3,2,http://www.reactome.org/biopax/96/48895#BiochemicalReaction7185,1,http://www.reactome.org/biopax/96/48895#Catalysis3253,4609
4328,6812,6813|6818,1,2,http://www.reactome.org/biopax/96/48895#BiochemicalReaction174,1,http://www.reactome.org/biopax/96/48895#Catalysis46,4610
4329,398|4039|7237,399|7635,3,2,http://www.reactome.org/biopax/96/48895#BiochemicalReaction8876,1,http://www.reactome.org/biopax/96/48895#Catalysis4761,4611
4330,2267|7237,2269|7635,2,2,http://www.reactome.org/biopax/96/48895#BiochemicalReaction4410,1,http://www.reactome.org/biopax/96/48895#Catalysis1932,4612
4331,4042|5960,427|7399,2,2,http://www.reactome.org/biopax/96/48895#BiochemicalReaction665,1,http://www.reactome.org/biopax/96/48895#Catalysis238,4613
4332,2919|7237,2920|7635,2,2,http://www.reactome.org/biopax/96/48895#BiochemicalReaction5611,1,http://www.reactome.org/biopax/96/48895#Catalysis2308,4614
4333,232|7291|7556|9139|9401|9658,9140|9144|9451,6,3,http://www.reactome.org/biopax/96/48895#BiochemicalReaction8519,1,http://www.reactome.org/biopax/96/48895#Catalysis4518,4615
4334,7237|7248|7444|8218|9565,7635|8228|8881|9655,5,4,http://www.reactome.org/biopax/96/48895#BiochemicalReaction8216,1,http://www.reactome.org/biopax/96/48895#Control803,4616
4335,3194|3204,1801|3193,2,2,http://www.reactome.org/biopax/96/48895#BiochemicalReaction6242,-1,http://www.reactome.org/biopax/96/48895#Control584,4617
4336,5874|9390,9386,2,1,http://www.reactome.org/biopax/96/48895#BiochemicalReaction8896,1,http://www.reactome.org/biopax/96/48895#Catalysis4771,4618
4337,5373|8235|9565,7698|8241,3,2,http://www.reactome.org/biopax/96/48895#BiochemicalReaction7464,1,http://www.reactome.org/biopax/96/48895#Catalysis3521,4619
4338,5490|8438|9486,8441|9485|9667,3,3,http://www.reactome.org/biopax/96/48895#BiochemicalReaction7693,1,http://www.reactome.org/biopax/96/48895#Catalysis3741,4620
4339,5332|5333,3641,2,1,http://www.reactome.org/biopax/96/48895#BiochemicalReaction7306,1,http://www.reactome.org/biopax/96/48895#Catalysis3365,4621
4340,2722|6743|6875,4887|5900,3,2,http://www.reactome.org/biopax/96/48895#BiochemicalReaction6579,1,http://www.reactome.org/biopax/96/48895#Catalysis2773,4622
4341,5658|8290|9006,7949|8420|9007,3,3,http://www.reactome.org/biopax/96/48895#BiochemicalReaction8368,1,http://www.reactome.org/biopax/96/48895#Catalysis4369,4624
4342,1495|7520,1496|7365,2,2,http://www.reactome.org/biopax/96/48895#BiochemicalReaction2875,1,http://www.reactome.org/biopax/96/48895#Catalysis1368,4625
4343,288|7810|9667,7551|9444,3,2,http://www.reactome.org/biopax/96/48895#BiochemicalReaction8698,1,http://www.reactome.org/biopax/96/48895#Catalysis4692,4626
4344,753|7237,754|7635,2,2,http://www.reactome.org/biopax/96/48895#BiochemicalReaction1211,1,http://www.reactome.org/biopax/96/48895#Catalysis529,4628
4345,2128|4284|7178|7220,1899|2124|2129|4284|7220,4,5,http://www.reactome.org/biopax/96/48895#BiochemicalReaction4142,1,http://www.reactome.org/biopax/96/48895#Catalysis1838,4629
4346,1765|7237,1766|7635,2,2,http://www.reactome.org/biopax/96/48895#BiochemicalReaction3290,1,http://www.reactome.org/biopax/96/48895#Catalysis1535,4630
4347,225|7321|7949,9118|9517,3,2,http://www.reactome.org/biopax/96/48895#BiochemicalReaction8493,1,http://www.reactome.org/biopax/96/48895#Catalysis4493,4631
4348,154|8692|9002,7546|9003,3,2,http://www.reactome.org/biopax/96/48895#BiochemicalReaction8364,1,http://www.reactome.org/biopax/96/48895#Catalysis4365,4632
4349,476,475|477|6003|6008|6009|6010|6011|7500,1,8,http://www.reactome.org/biopax/96/48895#BiochemicalReaction743,1,http://www.reactome.org/biopax/96/48895#Catalysis261,4633
4350,2722|4891|4914,4915|5900,3,2,http://www.reactome.org/biopax/96/48895#BiochemicalReaction6598,1,http://www.reactome.org/biopax/96/48895#Catalysis2792,4635
4351,2157|7566|9644,7571|7949|9633,3,3,http://www.reactome.org/biopax/96/48895#BiochemicalReaction6145,1,http://www.reactome.org/biopax/96/48895#Catalysis2512,4636
4352,1267|5360|9546,1548|9550,3,2,http://www.reactome.org/biopax/96/48895#BiochemicalReaction2946,1,http://www.reactome.org/biopax/96/48895#Catalysis1403,4637
4353,3457,3458|5063,1,2,http://www.reactome.org/biopax/96/48895#BiochemicalReaction6825,1,http://www.reactome.org/biopax/96/48895#Catalysis2954,4638
4354,155|1892|4161,155|1893,3,2,http://www.reactome.org/biopax/96/48895#BiochemicalReaction3598,1,http://www.reactome.org/biopax/96/48895#Catalysis1654,4639
4355,1734|6077|9070,807|7507,3,2,http://www.reactome.org/biopax/96/48895#BiochemicalReaction3247,1,http://www.reactome.org/biopax/96/48895#Catalysis1515,4640
4356,273|7237|7546|8945,7635|9333|9655,4,3,http://www.reactome.org/biopax/96/48895#BiochemicalReaction8659,1,http://www.reactome.org/biopax/96/48895#Catalysis4653,4641
4357,118|7622|8952|9662|9667,7621|8953|9444,5,3,http://www.reactome.org/biopax/96/48895#BiochemicalReaction8302,1,http://www.reactome.org/biopax/96/48895#Catalysis4303,4642
4358,5415|6731,1265,2,1,http://www.reactome.org/biopax/96/48895#BiochemicalReaction2495,1,http://www.reactome.org/biopax/96/48895#Catalysis1155,4644
4359,4795|7751|9510,7752|9508,3,2,http://www.reactome.org/biopax/96/48895#BiochemicalReaction6504,1,http://www.reactome.org/biopax/96/48895#Catalysis2706,4645
4360,899|919|7318,903|6424,3,2,http://www.reactome.org/biopax/96/48895#BiochemicalReaction1635,1,http://www.reactome.org/biopax/96/48895#Catalysis700,4646
4361,4830|4834|7391,4833|7390|9632,3,3,http://www.reactome.org/biopax/96/48895#BiochemicalReaction6538,1,http://www.reactome.org/biopax/96/48895#Catalysis2737,4647
4362,4796|7752|9510,7753|9508,3,2,http://www.reactome.org/biopax/96/48895#BiochemicalReaction6505,1,http://www.reactome.org/biopax/96/48895#Control604,4648
4363,650|654|9433,649|9436,3,2,http://www.reactome.org/biopax/96/48895#BiochemicalReaction1072,1,http://www.reactome.org/biopax/96/48895#Catalysis468,4649
4364,5312|7508|8591,8651,3,1,http://www.reactome.org/biopax/96/48895#BiochemicalReaction7889,1,http://www.reactome.org/biopax/96/48895#Catalysis3929,4650
4365,2829|7237,2830|7635,2,2,http://www.reactome.org/biopax/96/48895#BiochemicalReaction5285,1,http://www.reactome.org/biopax/96/48895#Catalysis2241,4651
4366,4714|4719|7674|8747|9158,4720|7675|8467,5,3,http://www.reactome.org/biopax/96/48895#BiochemicalReaction6409,1,http://www.reactome.org/biopax/96/48895#Catalysis2620,4653
4367,6092|8734|9353,8708|9357|9667,3,3,http://www.reactome.org/biopax/96/48895#BiochemicalReaction8675,1,http://www.reactome.org/biopax/96/48895#Catalysis4669,4654
4368,2982|4513|7237,4512|7635,3,2,http://www.reactome.org/biopax/96/48895#BiochemicalReaction5713,1,http://www.reactome.org/biopax/96/48895#Catalysis2350,4655
4369,2194|7237,2276|7635,2,2,http://www.reactome.org/biopax/96/48895#BiochemicalReaction22,1,http://www.reactome.org/biopax/96/48895#Catalysis11,4656
4370,7237|7635|9615,7635|7818|7949,3,3,http://www.reactome.org/biopax/96/48895#BiochemicalReaction6981,1,http://www.reactome.org/biopax/96/48895#Control662,4657
4371,6231|7372,6232,2,1,http://www.reactome.org/biopax/96/48895#BiochemicalReaction1244,1,http://www.reactome.org/biopax/96/48895#Control113,4658
4372,3324|3332|3334,3333|4969,3,2,http://www.reactome.org/biopax/96/48895#BiochemicalReaction6642,1,http://www.reactome.org/biopax/96/48895#Catalysis2837,4660
4373,2314|7237,2315|7635,2,2,http://www.reactome.org/biopax/96/48895#BiochemicalReaction4522,1,http://www.reactome.org/biopax/96/48895#Catalysis1950,4661
4374,5666|8679|9030,9029|9032|9444,3,3,http://www.reactome.org/biopax/96/48895#BiochemicalReaction8395,1,http://www.reactome.org/biopax/96/48895#Catalysis4396,4662
4375,1112|7480|7481|7482|7483,1113|8715,5,2,http://www.reactome.org/biopax/96/48895#BiochemicalReaction2278,1,http://www.reactome.org/biopax/96/48895#Catalysis1083,4663
4376,522|2874,2875,2,1,http://www.reactome.org/biopax/96/48895#BiochemicalReaction5526,1,http://www.reactome.org/biopax/96/48895#Control500,4664
4377,5479|8179|8408,7949|8199|8410|9517,3,4,http://www.reactome.org/biopax/96/48895#BiochemicalReaction7662,1,http://www.reactome.org/biopax/96/48895#Catalysis3712,4665
4378,1673|5734|9070,292|7507,3,2,http://www.reactome.org/biopax/96/48895#BiochemicalReaction8726,1,http://www.reactome.org/biopax/96/48895#Catalysis4706,4666
4379,5155|7812|9070,7259|7507|9517,3,3,http://www.reactome.org/biopax/96/48895#BiochemicalReaction6957,1,http://www.reactome.org/biopax/96/48895#Catalysis3038,4667
4380,148|8991|9444,8992,3,1,http://www.reactome.org/biopax/96/48895#BiochemicalReaction8350,1,http://www.reactome.org/biopax/96/48895#Catalysis4351,4668
4381,7810|8691|9092|9449,9093|9446|9558,4,3,http://www.reactome.org/biopax/96/48895#BiochemicalReaction8467,1,http://www.reactome.org/biopax/96/48895#Control824,4669
4382,1478,1479,1,1,http://www.reactome.org/biopax/96/48895#BiochemicalReaction2854,1,http://www.reactome.org/biopax/96/48895#Catalysis1356,4670
4383,4140|7165,3904,2,1,http://www.reactome.org/biopax/96/48895#BiochemicalReaction240,1,http://www.reactome.org/biopax/96/48895#Catalysis88,4671
4384,375|5818,378,2,1,http://www.reactome.org/biopax/96/48895#BiochemicalReaction8850,1,http://www.reactome.org/biopax/96/48895#Control862,4672
4385,5414|8286|9565,7665|9655,3,2,http://www.reactome.org/biopax/96/48895#BiochemicalReaction7542,1,http://www.reactome.org/biopax/96/48895#Catalysis3599,4673
4386,2753|7237|9410,7288|7635,3,2,http://www.reactome.org/biopax/96/48895#BiochemicalReaction5177,1,http://www.reactome.org/biopax/96/48895#Catalysis2203,4674
4387,3579|7626|7858,7855|7859,3,2,http://www.reactome.org/biopax/96/48895#BiochemicalReaction7049,1,http://www.reactome.org/biopax/96/48895#Catalysis3125,4675
4388,1487|1488|6657|6859,1489|6858,4,2,http://www.reactome.org/biopax/96/48895#BiochemicalReaction2866,1,http://www.reactome.org/biopax/96/48895#Control269,4676
4389,3650|8105|9487|9667,8079|8106,4,2,http://www.reactome.org/biopax/96/48895#BiochemicalReaction7336,1,http://www.reactome.org/biopax/96/48895#Catalysis3395,4677
4390,1040|9472,7572,2,1,http://www.reactome.org/biopax/96/48895#BiochemicalReaction2086,1,http://www.reactome.org/biopax/96/48895#Catalysis997,4678
4391,921|1391,922|6433,2,2,http://www.reactome.org/biopax/96/48895#BiochemicalReaction1638,1,http://www.reactome.org/biopax/96/48895#Control170,4679
4392,4736|7237|7683,7635|7684,3,2,http://www.reactome.org/biopax/96/48895#BiochemicalReaction6439,1,http://www.reactome.org/biopax/96/48895#Catalysis2641,4681
4393,4700|4702|7667,4701|7669,3,2,http://www.reactome.org/biopax/96/48895#BiochemicalReaction6334,1,http://www.reactome.org/biopax/96/48895#Catalysis2595,4682
4394,579|7237|8331,7635|8335,3,2,http://www.reactome.org/biopax/96/48895#BiochemicalReaction896,1,http://www.reactome.org/biopax/96/48895#Catalysis359,4683
4395,3586|7626|7865,7855|7867,3,2,http://www.reactome.org/biopax/96/48895#BiochemicalReaction7077,1,http://www.reactome.org/biopax/96/48895#Catalysis3148,4684
4396,665|666|5970|6176|6177,667|6178,5,2,http://www.reactome.org/biopax/96/48895#BiochemicalReaction1086,1,http://www.reactome.org/biopax/96/48895#Control81,4685
4397,610|9419|9565,7513|9420|9421,3,3,http://www.reactome.org/biopax/96/48895#BiochemicalReaction993,1,http://www.reactome.org/biopax/96/48895#Catalysis436,4686
4398,5648|7660|8680,8708|8963|9667,3,3,http://www.reactome.org/biopax/96/48895#BiochemicalReaction8320,1,http://www.reactome.org/biopax/96/48895#Catalysis4321,4687
4399,1935|9623,9615,2,1,http://www.reactome.org/biopax/96/48895#BiochemicalReaction6977,1,http://www.reactome.org/biopax/96/48895#Catalysis3056,4689
4400,5089|7572|9451,4451,3,1,http://www.reactome.org/biopax/96/48895#BiochemicalReaction6861,1,http://www.reactome.org/biopax/96/48895#Control626,4691
4401,380|5820,381,2,1,http://www.reactome.org/biopax/96/48895#BiochemicalReaction8851,1,http://www.reactome.org/biopax/96/48895#Control888,4692
4402,5178|7237|7847,7635|7841|7949,3,3,http://www.reactome.org/biopax/96/48895#BiochemicalReaction7019,1,http://www.reactome.org/biopax/96/48895#Catalysis3098,4693
4403,7251|7621|8691,7551|7622|9512,3,3,http://www.reactome.org/biopax/96/48895#BiochemicalReaction7942,-1,http://www.reactome.org/biopax/96/48895#Control737,4694
4404,1238|4133|9070,1239|6701|7507,3,3,http://www.reactome.org/biopax/96/48895#BiochemicalReaction2437,1,http://www.reactome.org/biopax/96/48895#Catalysis1138,4695
4405,5707|8026|8489|8747|9233,8027|8467|9234,5,3,http://www.reactome.org/biopax/96/48895#BiochemicalReaction8587,1,http://www.reactome.org/biopax/96/48895#Catalysis4584,4696
4406,774|6241|7237,6242|7635,3,2,http://www.reactome.org/biopax/96/48895#BiochemicalReaction1254,1,http://www.reactome.org/biopax/96/48895#Control116,4697
4407,3538|7237|7814,7635|7815,3,2,http://www.reactome.org/biopax/96/48895#BiochemicalReaction6961,1,http://www.reactome.org/biopax/96/48895#Catalysis3042,4698
4408,2626|7319,2633|7323,2,2,http://www.reactome.org/biopax/96/48895#BiochemicalReaction481,1,http://www.reactome.org/biopax/96/48895#Catalysis192,4699
4409,4528|7647|7949|9644,7646|9633,4,2,http://www.reactome.org/biopax/96/48895#BiochemicalReaction5785,1,http://www.reactome.org/biopax/96/48895#Catalysis2380,4700
4410,949|2494|9070,950|7507,3,2,http://www.reactome.org/biopax/96/48895#BiochemicalReaction4811,1,http://www.reactome.org/biopax/96/48895#Catalysis2044,4701
4411,5382|7537|8232,7493|8233,3,2,http://www.reactome.org/biopax/96/48895#BiochemicalReaction7449,1,http://www.reactome.org/biopax/96/48895#Catalysis3506,4702
4412,4157|6922|7237,6967|7635,3,2,http://www.reactome.org/biopax/96/48895#BiochemicalReaction3276,1,http://www.reactome.org/biopax/96/48895#Catalysis1529,4703
4413,5297|8026|8046|8049,7644|8027|8467|9158|9518,4,5,http://www.reactome.org/biopax/96/48895#BiochemicalReaction7285,1,http://www.reactome.org/biopax/96/48895#Catalysis3344,4704
4414,5683|7576|9667,7949|9109,3,2,http://www.reactome.org/biopax/96/48895#BiochemicalReaction8484,1,http://www.reactome.org/biopax/96/48895#Catalysis4484,4705
4415,157|9451|9466|9659,7556|9261|9262|9401,4,4,http://www.reactome.org/biopax/96/48895#BiochemicalReaction8608,1,http://www.reactome.org/biopax/96/48895#Catalysis4604,4706
4416,3543|7818|9565,9615|9655,3,2,http://www.reactome.org/biopax/96/48895#BiochemicalReaction6965,1,http://www.reactome.org/biopax/96/48895#Catalysis3046,4707
4417,5480|7949|8419|9644,8422|9633,4,2,http://www.reactome.org/biopax/96/48895#BiochemicalReaction7671,1,http://www.reactome.org/biopax/96/48895#Catalysis3721,4708
4418,2313|7237,2314|7635,2,2,http://www.reactome.org/biopax/96/48895#BiochemicalReaction4521,1,http://www.reactome.org/biopax/96/48895#Catalysis1949,4709
4419,1074|6636|7626,1075|7457|9610,3,3,http://www.reactome.org/biopax/96/48895#BiochemicalReaction2195,1,http://www.reactome.org/biopax/96/48895#Catalysis1056,4710
4420,5731|5733|9546,5732|9550,3,2,http://www.reactome.org/biopax/96/48895#BiochemicalReaction8702,1,http://www.reactome.org/biopax/96/48895#Catalysis4696,4711
4421,2722|4315|4908,4980|5900,3,2,http://www.reactome.org/biopax/96/48895#BiochemicalReaction6649,1,http://www.reactome.org/biopax/96/48895#Catalysis2844,4712
4422,737|7800|9660,8008|9565,3,2,http://www.reactome.org/biopax/96/48895#BiochemicalReaction1190,1,http://www.reactome.org/biopax/96/48895#Catalysis519,4713
4423,6644|7466,7467,2,1,http://www.reactome.org/biopax/96/48895#BiochemicalReaction2222,1,http://www.reactome.org/biopax/96/48895#Catalysis1061,4714
4424,3005|4844,3006,2,1,http://www.reactome.org/biopax/96/48895#BiochemicalReaction5778,1,http://www.reactome.org/biopax/96/48895#Catalysis2374,4715
4425,1078|7436|7508|9432,3825|9502,4,2,http://www.reactome.org/biopax/96/48895#BiochemicalReaction7929,1,http://www.reactome.org/biopax/96/48895#Control731,4716
4426,3639|8050|9481,8051|9480,3,2,http://www.reactome.org/biopax/96/48895#BiochemicalReaction7287,1,http://www.reactome.org/biopax/96/48895#Catalysis3346,4717
4427,903|6427,860|6428,2,2,http://www.reactome.org/biopax/96/48895#BiochemicalReaction1625,1,http://www.reactome.org/biopax/96/48895#Catalysis696,4718
4428,1859|7129,7159,2,1,http://www.reactome.org/biopax/96/48895#BiochemicalReaction3539,1,http://www.reactome.org/biopax/96/48895#Control328,4719
4429,2986|6237|7237,4515|7635,3,2,http://www.reactome.org/biopax/96/48895#BiochemicalReaction5721,1,http://www.reactome.org/biopax/96/48895#Catalysis2353,4720
4430,581|2762|9070,807|7507,3,2,http://www.reactome.org/biopax/96/48895#BiochemicalReaction5190,1,http://www.reactome.org/biopax/96/48895#Catalysis2208,4721
4431,4514|4840|7237,4516|7635,3,2,http://www.reactome.org/biopax/96/48895#BiochemicalReaction5729,1,http://www.reactome.org/biopax/96/48895#Control515,4722
4432,6169|7043|7044|7237,4694|4695|7635,4,3,http://www.reactome.org/biopax/96/48895#BiochemicalReaction6291,1,http://www.reactome.org/biopax/96/48895#Catalysis2581,4723
4433,599|7369|8756,8755|9655,3,2,http://www.reactome.org/biopax/96/48895#BiochemicalReaction8079,1,http://www.reactome.org/biopax/96/48895#Catalysis4087,4724
4434,261|7398|8179|9565,7949|8199|8847,4,3,http://www.reactome.org/biopax/96/48895#BiochemicalReaction8622,1,http://www.reactome.org/biopax/96/48895#Catalysis4616,4725
4435,1694|2046|9546,2252|9550,3,2,http://www.reactome.org/biopax/96/48895#BiochemicalReaction2579,1,http://www.reactome.org/biopax/96/48895#Catalysis1197,4726
4436,3704|7237|8295,7635|8288,3,2,http://www.reactome.org/biopax/96/48895#BiochemicalReaction7560,1,http://www.reactome.org/biopax/96/48895#Catalysis3615,4727
4437,3013|7450|8069,7580|8070,3,2,http://www.reactome.org/biopax/96/48895#BiochemicalReaction7302,1,http://www.reactome.org/biopax/96/48895#Control689,4728
4438,4805|7389|7768,7557|7771,3,2,http://www.reactome.org/biopax/96/48895#BiochemicalReaction6518,1,http://www.reactome.org/biopax/96/48895#Catalysis2718,4729
4439,3818|7237,3819|3820,2,2,http://www.reactome.org/biopax/96/48895#BiochemicalReaction7912,1,http://www.reactome.org/biopax/96/48895#Catalysis3950,4730
4440,5796|5798|9546,5797|9550,3,2,http://www.reactome.org/biopax/96/48895#BiochemicalReaction8831,1,http://www.reactome.org/biopax/96/48895#Catalysis4740,4731
4441,438|6448|7237,1746|7635,3,2,http://www.reactome.org/biopax/96/48895#BiochemicalReaction3251,1,http://www.reactome.org/biopax/96/48895#Catalysis1519,4732
4442,6502|9651|9654,9653|9657,3,2,http://www.reactome.org/biopax/96/48895#BiochemicalReaction1877,1,http://www.reactome.org/biopax/96/48895#Catalysis815,4733
4443,4825|4828|7783,4826|7557|9632,3,3,http://www.reactome.org/biopax/96/48895#BiochemicalReaction6535,1,http://www.reactome.org/biopax/96/48895#Catalysis2734,4734
4444,5387|7492|9451,8242|8243,3,2,http://www.reactome.org/biopax/96/48895#BiochemicalReaction7467,1,http://www.reactome.org/biopax/96/48895#Catalysis3524,4735
4445,1|3853,4129|4145|5366,2,3,http://www.reactome.org/biopax/96/48895#BiochemicalReaction57,1,http://www.reactome.org/biopax/96/48895#Catalysis24,4736
4446,983|7237|9565|9625,7635|9626|9655,4,3,http://www.reactome.org/biopax/96/48895#BiochemicalReaction1831,1,http://www.reactome.org/biopax/96/48895#Catalysis774,4737
4447,179|7322,7897|8440,2,2,http://www.reactome.org/biopax/96/48895#BiochemicalReaction8405,1,http://www.reactome.org/biopax/96/48895#Catalysis4406,4738
4448,1764|1777,1773,2,1,http://www.reactome.org/biopax/96/48895#BiochemicalReaction331,-1,http://www.reactome.org/biopax/96/48895#Control22,4739
4449,2696|7237|9410,7288|7635,3,2,http://www.reactome.org/biopax/96/48895#BiochemicalReaction5098,1,http://www.reactome.org/biopax/96/48895#Catalysis2172,4740
4450,3603|7936|9565,7942|9655,3,2,http://www.reactome.org/biopax/96/48895#BiochemicalReaction7175,1,http://www.reactome.org/biopax/96/48895#Catalysis3243,4741
4451,296|7163|7237,297|7635,3,2,http://www.reactome.org/biopax/96/48895#BiochemicalReaction8731,1,http://www.reactome.org/biopax/96/48895#Catalysis4709,4742
4452,6483|9470,8966,2,1,http://www.reactome.org/biopax/96/48895#BiochemicalReaction1856,1,http://www.reactome.org/biopax/96/48895#Catalysis795,4743
4453,1804|7029|7133,2039,3,1,http://www.reactome.org/biopax/96/48895#BiochemicalReaction3891,-1,http://www.reactome.org/biopax/96/48895#Control373,4744
4454,5237|7626|7879,7866|7880,3,2,http://www.reactome.org/biopax/96/48895#BiochemicalReaction7104,1,http://www.reactome.org/biopax/96/48895#Catalysis3172,4745
4455,5607|7580|9558,7635|8708,3,2,http://www.reactome.org/biopax/96/48895#BiochemicalReaction8174,1,http://www.reactome.org/biopax/96/48895#Catalysis4182,4746
4456,195|7508|8945,7949|9409,3,2,http://www.reactome.org/biopax/96/48895#BiochemicalReaction8431,1,http://www.reactome.org/biopax/96/48895#Catalysis4432,4747
4457,137|7949|8972|9644,7265|9633,4,2,http://www.reactome.org/biopax/96/48895#BiochemicalReaction8328,1,http://www.reactome.org/biopax/96/48895#Catalysis4329,4748
4458,2664|4232|7237,4073|4422|7635,3,3,http://www.reactome.org/biopax/96/48895#BiochemicalReaction5042,1,http://www.reactome.org/biopax/96/48895#Catalysis2147,4749
4459,5702|9465,246,2,1,http://www.reactome.org/biopax/96/48895#BiochemicalReaction8545,1,http://www.reactome.org/biopax/96/48895#Catalysis4543,4750
4460,1812|7225,7075|7076,2,2,http://www.reactome.org/biopax/96/48895#BiochemicalReaction3452,1,http://www.reactome.org/biopax/96/48895#Catalysis1584,4751
4461,1281|2304|9546,1282|9550,3,2,http://www.reactome.org/biopax/96/48895#BiochemicalReaction2521,1,http://www.reactome.org/biopax/96/48895#Catalysis1173,4752
4462,5452|7385|8324,7557|8343|9632,3,3,http://www.reactome.org/biopax/96/48895#BiochemicalReaction7594,1,http://www.reactome.org/biopax/96/48895#Catalysis3648,4753
4463,2902|7237|9410,7288|7635,3,2,http://www.reactome.org/biopax/96/48895#BiochemicalReaction5575,1,http://www.reactome.org/biopax/96/48895#Catalysis2296,4754
4464,787|6254,6255|6256,2,2,http://www.reactome.org/biopax/96/48895#BiochemicalReaction1289,1,http://www.reactome.org/biopax/96/48895#Catalysis550,4755
4465,6113|6115|7237,6114|7635,3,2,http://www.reactome.org/biopax/96/48895#BiochemicalReaction983,1,http://www.reactome.org/biopax/96/48895#Catalysis429,4756
4466,6029|7668|8290,7664|7678,3,2,http://www.reactome.org/biopax/96/48895#BiochemicalReaction780,1,http://www.reactome.org/biopax/96/48895#Catalysis295,4757
4467,6569|7579,7375,2,1,http://www.reactome.org/biopax/96/48895#BiochemicalReaction2009,1,http://www.reactome.org/biopax/96/48895#Catalysis941,4758
4468,3621|7508|7959,8576,3,1,http://www.reactome.org/biopax/96/48895#BiochemicalReaction7831,1,http://www.reactome.org/biopax/96/48895#Catalysis3871,4759
4469,1671|7423,7238,2,1,http://www.reactome.org/biopax/96/48895#BiochemicalReaction3115,1,http://www.reactome.org/biopax/96/48895#Catalysis1479,4760
4470,6227|6229|7237,6230|7635,3,2,http://www.reactome.org/biopax/96/48895#BiochemicalReaction1239,1,http://www.reactome.org/biopax/96/48895#Catalysis539,4761
4471,2965|9070,2966|7507,2,2,http://www.reactome.org/biopax/96/48895#BiochemicalReaction5691,1,http://www.reactome.org/biopax/96/48895#Catalysis2334,4762
4472,513|516|6045|6046|7237|9655,513|6045|6046|7635,6,4,http://www.reactome.org/biopax/96/48895#BiochemicalReaction797,-1,http://www.reactome.org/biopax/96/48895#Control62,4764
4473,4793|7401|7748,7507|7749,3,2,http://www.reactome.org/biopax/96/48895#BiochemicalReaction6502,1,http://www.reactome.org/biopax/96/48895#Catalysis2704,4765
4474,2652|5043,2653,2,1,http://www.reactome.org/biopax/96/48895#BiochemicalReaction5027,1,http://www.reactome.org/biopax/96/48895#Catalysis2137,4766
4475,339|641,341,2,1,http://www.reactome.org/biopax/96/48895#BiochemicalReaction8789,1,http://www.reactome.org/biopax/96/48895#Control852,4767
4476,4426|7610,7611,2,1,http://www.reactome.org/biopax/96/48895#BiochemicalReaction5860,1,http://www.reactome.org/biopax/96/48895#Catalysis2403,4768
4477,939|2805|4442,2804,3,1,http://www.reactome.org/biopax/96/48895#BiochemicalReaction5246,-1,http://www.reactome.org/biopax/96/48895#Control477,4770
4478,1804|2031|7029,2039,3,1,http://www.reactome.org/biopax/96/48895#BiochemicalReaction3891,-1,http://www.reactome.org/biopax/96/48895#Control372,4771
4479,3314|5187|7385,5189|7557|9632,3,3,http://www.reactome.org/biopax/96/48895#BiochemicalReaction7040,1,http://www.reactome.org/biopax/96/48895#Catalysis3118,4772
4480,3640|8151|8456,8142|8153|8458,3,3,http://www.reactome.org/biopax/96/48895#BiochemicalReaction7707,1,http://www.reactome.org/biopax/96/48895#Catalysis3755,4773
4481,3601|7237|9552,7635|9553,3,2,http://www.reactome.org/biopax/96/48895#BiochemicalReaction7162,1,http://www.reactome.org/biopax/96/48895#Catalysis3230,4774
4482,5676|8142|9083|9482,8143|9088,4,2,http://www.reactome.org/biopax/96/48895#BiochemicalReaction8459,1,http://www.reactome.org/biopax/96/48895#Catalysis4460,4775
4483,2700|2722,2729|5900,2,2,http://www.reactome.org/biopax/96/48895#BiochemicalReaction495,1,http://www.reactome.org/biopax/96/48895#Catalysis194,4776
4484,1274|6748|9546,1275|9550,3,2,http://www.reactome.org/biopax/96/48895#BiochemicalReaction2514,1,http://www.reactome.org/biopax/96/48895#Catalysis1170,4777
4485,7334|7507|9070|9108,7507|7949|8702|9655,4,4,http://www.reactome.org/biopax/96/48895#BiochemicalReaction8033,-1,http://www.reactome.org/biopax/96/48895#Control780,4778
4486,2983|4513|7237,4512|7635,3,2,http://www.reactome.org/biopax/96/48895#BiochemicalReaction5715,1,http://www.reactome.org/biopax/96/48895#Catalysis2352,4779
4487,478|7495|7508|9565,7513|7668|9660,4,3,http://www.reactome.org/biopax/96/48895#BiochemicalReaction779,1,http://www.reactome.org/biopax/96/48895#Catalysis294,4780
4488,1918|7186|7187,1917,3,1,http://www.reactome.org/biopax/96/48895#BiochemicalReaction3630,-1,http://www.reactome.org/biopax/96/48895#Control337,4781
4489,2223|4222,4183|4338,2,2,http://www.reactome.org/biopax/96/48895#BiochemicalReaction4301,1,http://www.reactome.org/biopax/96/48895#Catalysis1898,4782
4490,939|3129|7319,3135|7323,3,2,http://www.reactome.org/biopax/96/48895#BiochemicalReaction548,1,http://www.reactome.org/biopax/96/48895#Control41,4783
4491,5623|7237|8884,7635|7949|8885,3,3,http://www.reactome.org/biopax/96/48895#BiochemicalReaction8219,1,http://www.reactome.org/biopax/96/48895#Catalysis4226,4784
4492,3893|7949|8709,7387|9517,3,2,http://www.reactome.org/biopax/96/48895#BiochemicalReaction8041,1,http://www.reactome.org/biopax/96/48895#Catalysis4049,4786
4493,7040|7154,7047|7155,2,2,http://www.reactome.org/biopax/96/48895#BiochemicalReaction3533,1,http://www.reactome.org/biopax/96/48895#Catalysis1629,4787
4494,2557|7237,2560|7635,2,2,http://www.reactome.org/biopax/96/48895#BiochemicalReaction4902,1,http://www.reactome.org/biopax/96/48895#Catalysis2083,4788
4495,374|1412,336|1412|4681|4704|5806|5808|5809|5810,2,8,http://www.reactome.org/biopax/96/48895#BiochemicalReaction8848,1,http://www.reactome.org/biopax/96/48895#Control860,4789
4496,5706|7508|7949|9362|9644,9363|9565|9633,5,3,http://www.reactome.org/biopax/96/48895#BiochemicalReaction8679,1,http://www.reactome.org/biopax/96/48895#Catalysis4673,4790
4497,2075|4265|7237,2076|7635,3,2,http://www.reactome.org/biopax/96/48895#BiochemicalReaction4040,1,http://www.reactome.org/biopax/96/48895#Catalysis1791,4791
4498,5742|7237|7372,7318|7635|9655,3,3,http://www.reactome.org/biopax/96/48895#BiochemicalReaction8733,1,http://www.reactome.org/biopax/96/48895#Catalysis4710,4792
4499,1188,1191|6974,1,2,http://www.reactome.org/biopax/96/48895#BiochemicalReaction204,1,http://www.reactome.org/biopax/96/48895#Catalysis53,4793
4500,3680|7694|8215,7380|7534,3,2,http://www.reactome.org/biopax/96/48895#BiochemicalReaction7425,1,http://www.reactome.org/biopax/96/48895#Catalysis3482,4794
4501,2997|6149|7237,2998|7635,3,2,http://www.reactome.org/biopax/96/48895#BiochemicalReaction5756,1,http://www.reactome.org/biopax/96/48895#Catalysis2366,4795
4502,3646|8100|9444,8101,3,1,http://www.reactome.org/biopax/96/48895#BiochemicalReaction7333,1,http://www.reactome.org/biopax/96/48895#Catalysis3392,4796
4503,5285|7237|7580|8446,7545|8228|8447,4,3,http://www.reactome.org/biopax/96/48895#BiochemicalReaction7697,1,http://www.reactome.org/biopax/96/48895#Catalysis3745,4797
4504,428|1670|1690|1691|3940|5899|5961|5962|5963|5964|5966|5967,429|5965,12,2,http://www.reactome.org/biopax/96/48895#BiochemicalReaction667,1,http://www.reactome.org/biopax/96/48895#Control49,4798
4505,2722|4652,4909|5900,2,2,http://www.reactome.org/biopax/96/48895#BiochemicalReaction6593,1,http://www.reactome.org/biopax/96/48895#Catalysis2787,4799
4506,184|9043|9565,7276|7949|9046,3,3,http://www.reactome.org/biopax/96/48895#BiochemicalReaction8415,1,http://www.reactome.org/biopax/96/48895#Catalysis4416,4800
4507,1252|6719|9565,1253|9655,3,2,http://www.reactome.org/biopax/96/48895#BiochemicalReaction2448,1,http://www.reactome.org/biopax/96/48895#Control248,4801
4508,1779|6249|9546,7010|9550,3,2,http://www.reactome.org/biopax/96/48895#BiochemicalReaction3365,1,http://www.reactome.org/biopax/96/48895#Catalysis1548,4802
4509,2151|2252|9546,2367|9550,3,2,http://www.reactome.org/biopax/96/48895#BiochemicalReaction441,1,http://www.reactome.org/biopax/96/48895#Catalysis170,4803
4510,3597|9410|9565,7949|9417|9538,3,3,http://www.reactome.org/biopax/96/48895#BiochemicalReaction7133,1,http://www.reactome.org/biopax/96/48895#Catalysis3201,4804
4511,4266|7237|9417,4267|7635,3,2,http://www.reactome.org/biopax/96/48895#BiochemicalReaction4054,1,http://www.reactome.org/biopax/96/48895#Control383,4805
4512,4000|7508|7949|8591|9644,8625|9565|9633,5,3,http://www.reactome.org/biopax/96/48895#BiochemicalReaction7870,1,http://www.reactome.org/biopax/96/48895#Catalysis3910,4806
4513,955|7324|7546,7325|7472,3,2,http://www.reactome.org/biopax/96/48895#BiochemicalReaction1962,1,http://www.reactome.org/biopax/96/48895#Catalysis900,4807
4514,348|641|4683,349|5788|5789,3,3,http://www.reactome.org/biopax/96/48895#BiochemicalReaction8796,1,http://www.reactome.org/biopax/96/48895#Control859,4808
4515,3536|7813,7259|9565,2,2,http://www.reactome.org/biopax/96/48895#BiochemicalReaction6989,1,http://www.reactome.org/biopax/96/48895#Catalysis3068,4809
4516,4065|9463|9644,9465|9633,3,2,http://www.reactome.org/biopax/96/48895#BiochemicalReaction1163,1,http://www.reactome.org/biopax/96/48895#Catalysis500,4810
4517,950|3050|4560,3051,3,1,http://www.reactome.org/biopax/96/48895#BiochemicalReaction5899,1,http://www.reactome.org/biopax/96/48895#Control545,4811
4518,964|9451|9570,7556|9571|9572,3,3,http://www.reactome.org/biopax/96/48895#BiochemicalReaction1780,1,http://www.reactome.org/biopax/96/48895#Catalysis741,4812
4519,2901|7305,2903|7311,2,2,http://www.reactome.org/biopax/96/48895#BiochemicalReaction515,1,http://www.reactome.org/biopax/96/48895#Catalysis201,4813
4520,1323|9546,1324|9550,2,2,http://www.reactome.org/biopax/96/48895#BiochemicalReaction2590,1,http://www.reactome.org/biopax/96/48895#Catalysis1203,4814
4521,5719|9299|9565,7247|9300,3,2,http://www.reactome.org/biopax/96/48895#BiochemicalReaction8632,1,http://www.reactome.org/biopax/96/48895#Catalysis4626,4815
4522,3913|4564|7237,4566|7635,3,2,http://www.reactome.org/biopax/96/48895#BiochemicalReaction5924,1,http://www.reactome.org/biopax/96/48895#Catalysis2424,4816
4523,5161|5162|7822,3544,3,1,http://www.reactome.org/biopax/96/48895#BiochemicalReaction6970,-1,http://www.reactome.org/biopax/96/48895#Control656,4817
4524,1667|5093|9451,5094,3,1,http://www.reactome.org/biopax/96/48895#BiochemicalReaction6868,1,http://www.reactome.org/biopax/96/48895#Catalysis2985,4818
4525,488|6020|7581|7586,489|7949,4,2,http://www.reactome.org/biopax/96/48895#BiochemicalReaction759,1,http://www.reactome.org/biopax/96/48895#Catalysis276,4819
4526,2411|2413,2414,2,1,http://www.reactome.org/biopax/96/48895#BiochemicalReaction4707,1,http://www.reactome.org/biopax/96/48895#Control427,4820
4527,4765|7704|7949|9644,7705|9633,4,2,http://www.reactome.org/biopax/96/48895#BiochemicalReaction6464,1,http://www.reactome.org/biopax/96/48895#Catalysis2666,4821
4528,1641,1572|1575|1642|6902|6903,1,5,http://www.reactome.org/biopax/96/48895#BiochemicalReaction3060,1,http://www.reactome.org/biopax/96/48895#Catalysis1457,4822
4529,4809|4869|7391,4870|7390|9632,3,3,http://www.reactome.org/biopax/96/48895#BiochemicalReaction6567,1,http://www.reactome.org/biopax/96/48895#Catalysis2761,4823
4530,1862|7318,7372,2,1,http://www.reactome.org/biopax/96/48895#BiochemicalReaction3547,1,http://www.reactome.org/biopax/96/48895#Catalysis1631,4825
4531,4094|5912|7305,4095|7311,3,2,http://www.reactome.org/biopax/96/48895#BiochemicalReaction1449,1,http://www.reactome.org/biopax/96/48895#Catalysis632,4826
4532,1451|2051|9546|9587,1452|9550|9596,4,3,http://www.reactome.org/biopax/96/48895#BiochemicalReaction2789,1,http://www.reactome.org/biopax/96/48895#Catalysis1316,4827
4533,5460|7464|9565,7574|9597,3,2,http://www.reactome.org/biopax/96/48895#BiochemicalReaction7621,1,http://www.reactome.org/biopax/96/48895#Catalysis3673,4828
4534,931|932,933,2,1,http://www.reactome.org/biopax/96/48895#BiochemicalReaction1675,1,http://www.reactome.org/biopax/96/48895#Catalysis712,4829
4535,5927|5953|7237,5954|7635,3,2,http://www.reactome.org/biopax/96/48895#BiochemicalReaction70,1,http://www.reactome.org/biopax/96/48895#Catalysis29,4830
4536,598|8808|9565,7949|8228|8774,3,3,http://www.reactome.org/biopax/96/48895#BiochemicalReaction8123,1,http://www.reactome.org/biopax/96/48895#Catalysis4131,4831
4537,5533|7237|7580|9617,7545|8131|8228,4,3,http://www.reactome.org/biopax/96/48895#BiochemicalReaction7904,1,http://www.reactome.org/biopax/96/48895#Catalysis3943,4834
4538,641|9555,7921,2,1,http://www.reactome.org/biopax/96/48895#BiochemicalReaction7145,1,http://www.reactome.org/biopax/96/48895#Catalysis3213,4835
4539,411|5887|9565,4460|9655,3,2,http://www.reactome.org/biopax/96/48895#BiochemicalReaction8916,-1,http://www.reactome.org/biopax/96/48895#Control914,4836
4540,5096|7596,4463,2,1,http://www.reactome.org/biopax/96/48895#BiochemicalReaction6876,1,http://www.reactome.org/biopax/96/48895#Control632,4837
4541,6071|7237|8315|9565,7635|8322|9655,4,3,http://www.reactome.org/biopax/96/48895#BiochemicalReaction893,1,http://www.reactome.org/biopax/96/48895#Catalysis356,4838
4542,1067|6629,6627|6628|7453,2,3,http://www.reactome.org/biopax/96/48895#BiochemicalReaction2166,1,http://www.reactome.org/biopax/96/48895#Catalysis1050,4839
4543,3599|7237|9538,7635|7949|9555,3,3,http://www.reactome.org/biopax/96/48895#BiochemicalReaction7135,1,http://www.reactome.org/biopax/96/48895#Catalysis3203,4840
4544,830,831,1,1,http://www.reactome.org/biopax/96/48895#BiochemicalReaction1432,1,http://www.reactome.org/biopax/96/48895#Catalysis620,4842
4545,3654|7810|8117|8691,8118|9446|9558|9667,4,4,http://www.reactome.org/biopax/96/48895#BiochemicalReaction7344,1,http://www.reactome.org/biopax/96/48895#Catalysis3403,4843
4546,4539|7616|7662,4540|8420,3,2,http://www.reactome.org/biopax/96/48895#BiochemicalReaction5836,1,http://www.reactome.org/biopax/96/48895#Control532,4844
4547,1734|1766|9070,807|7507,3,2,http://www.reactome.org/biopax/96/48895#BiochemicalReaction3291,1,http://www.reactome.org/biopax/96/48895#Catalysis1536,4845
4548,133|7279|8969,7331|7619,3,2,http://www.reactome.org/biopax/96/48895#BiochemicalReaction8323,1,http://www.reactome.org/biopax/96/48895#Catalysis4324,4846
4549,6541|7295|7296,7297|7949,3,2,http://www.reactome.org/biopax/96/48895#BiochemicalReaction1936,1,http://www.reactome.org/biopax/96/48895#Catalysis874,4847
4550,5274|7237|9553,7635|7932,3,2,http://www.reactome.org/biopax/96/48895#BiochemicalReaction7164,1,http://www.reactome.org/biopax/96/48895#Catalysis3232,4848
4551,1584,657|1476|1552|4148,1,4,http://www.reactome.org/biopax/96/48895#BiochemicalReaction2995,1,http://www.reactome.org/biopax/96/48895#Catalysis1426,4849
4552,6310|6312|9433|9434,6311|9435|9436|9513,4,4,http://www.reactome.org/biopax/96/48895#BiochemicalReaction1402,1,http://www.reactome.org/biopax/96/48895#Catalysis592,4850
4553,6519|9674,9675,2,1,http://www.reactome.org/biopax/96/48895#BiochemicalReaction1898,1,http://www.reactome.org/biopax/96/48895#Catalysis836,4852
4554,3762|7237|8384,7635|7949|8386,3,3,http://www.reactome.org/biopax/96/48895#BiochemicalReaction7642,1,http://www.reactome.org/biopax/96/48895#Catalysis3693,4853
4555,167|7290|9451|9466,9024|9401|9544,4,3,http://www.reactome.org/biopax/96/48895#BiochemicalReaction8387,1,http://www.reactome.org/biopax/96/48895#Catalysis4388,4854
4556,2206|4329|7237,4330|7635,3,2,http://www.reactome.org/biopax/96/48895#BiochemicalReaction4279,1,http://www.reactome.org/biopax/96/48895#Control400,4855
4557,5447|7400|8328,7462|7557|9632,3,3,http://www.reactome.org/biopax/96/48895#BiochemicalReaction7586,1,http://www.reactome.org/biopax/96/48895#Catalysis3640,4856
4558,2447|4392|4393|9551,2446,4,1,http://www.reactome.org/biopax/96/48895#BiochemicalReaction4753,1,http://www.reactome.org/biopax/96/48895#Control429,4857
4559,2425|2428|9565,2429|7166|9655,3,3,http://www.reactome.org/biopax/96/48895#BiochemicalReaction4730,1,http://www.reactome.org/biopax/96/48895#Catalysis2009,4858
4560,3721|5438|7508|7949|8307,3722|8308|9565,5,3,http://www.reactome.org/biopax/96/48895#BiochemicalReaction7573,1,http://www.reactome.org/biopax/96/48895#Catalysis3628,4859
4561,2166|4844|5816,5819,3,1,http://www.reactome.org/biopax/96/48895#BiochemicalReaction463,1,http://www.reactome.org/biopax/96/48895#Catalysis181,4860
4562,1576,1561|1574|1575|2277|2281|2283|2292|2300|2304|2306|4127|4147|5134|5470|5498|5515|5561|6111|6658,1,19,http://www.reactome.org/biopax/96/48895#BiochemicalReaction2987,1,http://www.reactome.org/biopax/96/48895#Catalysis1421,4861
4563,5517|7508|7510|7949|9644,8547|9565|9633,5,3,http://www.reactome.org/biopax/96/48895#BiochemicalReaction7798,1,http://www.reactome.org/biopax/96/48895#Catalysis3840,4862
4564,3082,949|3918,1,2,http://www.reactome.org/biopax/96/48895#BiochemicalReaction5939,1,http://www.reactome.org/biopax/96/48895#Catalysis2433,4863
4565,5626|7505|7949|8218,8228|8881,4,2,http://www.reactome.org/biopax/96/48895#BiochemicalReaction8229,1,http://www.reactome.org/biopax/96/48895#Catalysis4236,4864
4566,3889|8179|9108|9565,7949|8199|8700,4,3,http://www.reactome.org/biopax/96/48895#BiochemicalReaction8030,-1,http://www.reactome.org/biopax/96/48895#Control778,4865
4567,5134|5138|9546,5139|9550,3,2,http://www.reactome.org/biopax/96/48895#BiochemicalReaction377,1,http://www.reactome.org/biopax/96/48895#Catalysis135,4866
4568,6522|9467,9465,2,1,http://www.reactome.org/biopax/96/48895#BiochemicalReaction8544,1,http://www.reactome.org/biopax/96/48895#Catalysis4542,4867
4569,4767|7709|9565,7685|7949|9655,3,3,http://www.reactome.org/biopax/96/48895#BiochemicalReaction6467,1,http://www.reactome.org/biopax/96/48895#Catalysis2669,4868
4570,2627|2629|7237,2630|7635,3,2,http://www.reactome.org/biopax/96/48895#BiochemicalReaction5004,1,http://www.reactome.org/biopax/96/48895#Catalysis2124,4869
4571,1872|1920,1921|8228,2,2,http://www.reactome.org/biopax/96/48895#BiochemicalReaction3634,1,http://www.reactome.org/biopax/96/48895#Catalysis1672,4870
4572,575|7508|8779|9565,7241|9660,4,2,http://www.reactome.org/biopax/96/48895#BiochemicalReaction8102,1,http://www.reactome.org/biopax/96/48895#Catalysis4110,4871
4573,5477|7949|8416|9644,8417|9633,4,2,http://www.reactome.org/biopax/96/48895#BiochemicalReaction7669,1,http://www.reactome.org/biopax/96/48895#Catalysis3719,4872
4574,490,475|477|6003|6008|6009|6010|6021|7596,1,8,http://www.reactome.org/biopax/96/48895#BiochemicalReaction761,1,http://www.reactome.org/biopax/96/48895#Catalysis278,4873
4575,4189|7237,4190|7635,2,2,http://www.reactome.org/biopax/96/48895#BiochemicalReaction5090,1,http://www.reactome.org/biopax/96/48895#Catalysis2167,4874
4576,3576|7626|7877,7878|7879,3,2,http://www.reactome.org/biopax/96/48895#BiochemicalReaction7102,1,http://www.reactome.org/biopax/96/48895#Catalysis3170,4875
4577,3535|7810|8691|9512,7811|9446|9558|9667,4,4,http://www.reactome.org/biopax/96/48895#BiochemicalReaction6956,1,http://www.reactome.org/biopax/96/48895#Catalysis3037,4876
4578,1256|9565,1257|9655,2,2,http://www.reactome.org/biopax/96/48895#BiochemicalReaction2452,1,http://www.reactome.org/biopax/96/48895#Catalysis1146,4877
4579,377|380,381,2,1,http://www.reactome.org/biopax/96/48895#BiochemicalReaction8851,1,http://www.reactome.org/biopax/96/48895#Control877,4878
4580,2048|9546,1315|9550,2,2,http://www.reactome.org/biopax/96/48895#BiochemicalReaction2580,1,http://www.reactome.org/biopax/96/48895#Catalysis1198,4879
4581,5490|8437|9485|9662|9667,8438|9444|9486,5,3,http://www.reactome.org/biopax/96/48895#BiochemicalReaction7691,1,http://www.reactome.org/biopax/96/48895#Catalysis3739,4880
4582,5537|7609|9565,8657|9521,3,2,http://www.reactome.org/biopax/96/48895#BiochemicalReaction7925,1,http://www.reactome.org/biopax/96/48895#Catalysis3957,4881
4583,442|443|5972|5973|5976|5977,444,6,1,http://www.reactome.org/biopax/96/48895#BiochemicalReaction703,1,http://www.reactome.org/biopax/96/48895#Control54,4882
4584,5299|7975,7976|9565,2,2,http://www.reactome.org/biopax/96/48895#BiochemicalReaction7214,1,http://www.reactome.org/biopax/96/48895#Catalysis3280,4883
4585,18|7368|7949|9565,7897|8779,4,2,http://www.reactome.org/biopax/96/48895#BiochemicalReaction8099,1,http://www.reactome.org/biopax/96/48895#Catalysis4107,4884
4586,6092|8734|9355,8708|9356,3,2,http://www.reactome.org/biopax/96/48895#BiochemicalReaction8674,1,http://www.reactome.org/biopax/96/48895#Catalysis4668,4885
4587,1292|7196|7237,7197|7635,3,2,http://www.reactome.org/biopax/96/48895#BiochemicalReaction3645,1,http://www.reactome.org/biopax/96/48895#Catalysis1680,4886
4588,3803|5529,771|3804,2,2,http://www.reactome.org/biopax/96/48895#BiochemicalReaction7896,1,http://www.reactome.org/biopax/96/48895#Catalysis3936,4887
4589,1932|2808,1930|5415,2,2,http://www.reactome.org/biopax/96/48895#BiochemicalReaction3649,1,http://www.reactome.org/biopax/96/48895#Catalysis1682,4888
4590,3628|8589|9565,8590,3,1,http://www.reactome.org/biopax/96/48895#BiochemicalReaction7842,1,http://www.reactome.org/biopax/96/48895#Catalysis3882,4890
4591,6073|7237|8721,7635|8723,3,2,http://www.reactome.org/biopax/96/48895#BiochemicalReaction8050,1,http://www.reactome.org/biopax/96/48895#Catalysis4058,4891
4592,3272|4714|7674|8747|9158,3273|7675|8467,5,3,http://www.reactome.org/biopax/96/48895#BiochemicalReaction6406,1,http://www.reactome.org/biopax/96/48895#Catalysis2617,4892
4593,2722|5010,5011|5900,2,2,http://www.reactome.org/biopax/96/48895#BiochemicalReaction6682,1,http://www.reactome.org/biopax/96/48895#Catalysis2875,4893
4594,3967|7508|7641|7949|9644,8035|9565|9633,5,3,http://www.reactome.org/biopax/96/48895#BiochemicalReaction7274,1,http://www.reactome.org/biopax/96/48895#Catalysis3333,4894
4595,2722|5898,4911|5900,2,2,http://www.reactome.org/biopax/96/48895#BiochemicalReaction6595,1,http://www.reactome.org/biopax/96/48895#Catalysis2789,4895
4596,71|5618|7237|7354,72|7545|8228,4,3,http://www.reactome.org/biopax/96/48895#BiochemicalReaction8206,1,http://www.reactome.org/biopax/96/48895#Catalysis4214,4896
4597,4002|7237|8712,7635|8714,3,2,http://www.reactome.org/biopax/96/48895#BiochemicalReaction8046,1,http://www.reactome.org/biopax/96/48895#Catalysis4054,4897
4598,6453|9451|9458,7556|9563|9569,3,3,http://www.reactome.org/biopax/96/48895#BiochemicalReaction1781,1,http://www.reactome.org/biopax/96/48895#Catalysis742,4898
4599,1004|7388|8847,7397|8619,3,2,http://www.reactome.org/biopax/96/48895#BiochemicalReaction2017,1,http://www.reactome.org/biopax/96/48895#Catalysis949,4899
4600,3645|8083|9487|9667,8079|8084,4,2,http://www.reactome.org/biopax/96/48895#BiochemicalReaction7315,1,http://www.reactome.org/biopax/96/48895#Catalysis3374,4900
4601,6091|8691|8708|9352,8715|8719|9353,4,3,http://www.reactome.org/biopax/96/48895#BiochemicalReaction8672,1,http://www.reactome.org/biopax/96/48895#Catalysis4666,4901
4602,3888|8689|8698,8692|8699,3,2,http://www.reactome.org/biopax/96/48895#BiochemicalReaction8028,1,http://www.reactome.org/biopax/96/48895#Catalysis4038,4902
4603,4214|4215|4216,1987,3,1,http://www.reactome.org/biopax/96/48895#BiochemicalReaction3784,-1,http://www.reactome.org/biopax/96/48895#Control346,4903
4604,6412|7237|7635|9565,7949|9536|9655,4,3,http://www.reactome.org/biopax/96/48895#BiochemicalReaction1607,1,http://www.reactome.org/biopax/96/48895#Catalysis690,4904
4605,2259|2808,778|5415,2,2,http://www.reactome.org/biopax/96/48895#BiochemicalReaction4385,1,http://www.reactome.org/biopax/96/48895#Catalysis1928,4905
4606,2108|4277|7237,2110|7635,3,2,http://www.reactome.org/biopax/96/48895#BiochemicalReaction4106,1,http://www.reactome.org/biopax/96/48895#Catalysis1823,4906
4607,1152|7237|7487,695|1151|1153|7635,3,4,http://www.reactome.org/biopax/96/48895#BiochemicalReaction2352,1,http://www.reactome.org/biopax/96/48895#Control241,4907
4608,704|5415|7742,705,3,1,http://www.reactome.org/biopax/96/48895#BiochemicalReaction1130,-1,http://www.reactome.org/biopax/96/48895#Control94,4908
4609,3596|9410|9565,7949|9417|9538,3,3,http://www.reactome.org/biopax/96/48895#BiochemicalReaction7132,1,http://www.reactome.org/biopax/96/48895#Catalysis3200,4909
4610,5490|8439|9485|9662|9667,8442|9444|9486,5,3,http://www.reactome.org/biopax/96/48895#BiochemicalReaction7694,1,http://www.reactome.org/biopax/96/48895#Catalysis3742,4910
4611,1734|2094|9070,807|7507,3,2,http://www.reactome.org/biopax/96/48895#BiochemicalReaction4081,1,http://www.reactome.org/biopax/96/48895#Catalysis1809,4911
4612,1407|2808,1405|5415,2,2,http://www.reactome.org/biopax/96/48895#BiochemicalReaction2709,1,http://www.reactome.org/biopax/96/48895#Catalysis1277,4912
4613,8850|9505,8851,2,1,http://www.reactome.org/biopax/96/48895#BiochemicalReaction8159,-1,http://www.reactome.org/biopax/96/48895#Control800,4914
4614,256|7621|8214|9444,7622|8565|9667,4,3,http://www.reactome.org/biopax/96/48895#BiochemicalReaction8600,1,http://www.reactome.org/biopax/96/48895#Catalysis4596,4915
4615,1466,1467|7514,1,2,http://www.reactome.org/biopax/96/48895#BiochemicalReaction2827,1,http://www.reactome.org/biopax/96/48895#Catalysis1339,4916
4616,3478|5089|9451,4451,3,1,http://www.reactome.org/biopax/96/48895#BiochemicalReaction6862,1,http://www.reactome.org/biopax/96/48895#Catalysis2979,4917
4617,3068|7237,3069|7635,2,2,http://www.reactome.org/biopax/96/48895#BiochemicalReaction5918,1,http://www.reactome.org/biopax/96/48895#Catalysis2421,4918
4618,2615|4419|7237,2617|7635,3,2,http://www.reactome.org/biopax/96/48895#BiochemicalReaction4990,1,http://www.reactome.org/biopax/96/48895#Catalysis2118,4919
4619,2808|3001,4522,2,1,http://www.reactome.org/biopax/96/48895#BiochemicalReaction5761,1,http://www.reactome.org/biopax/96/48895#Catalysis2370,4920
4620,2699|7237,4192|6759|7635,2,3,http://www.reactome.org/biopax/96/48895#BiochemicalReaction5108,1,http://www.reactome.org/biopax/96/48895#Catalysis2175,4921
4621,6290|6325|7305,6299|7311,3,2,http://www.reactome.org/biopax/96/48895#BiochemicalReaction1420,1,http://www.reactome.org/biopax/96/48895#Catalysis610,4922
4622,6531|7261|7537,7263|7493,3,2,http://www.reactome.org/biopax/96/48895#BiochemicalReaction1925,1,http://www.reactome.org/biopax/96/48895#Catalysis863,4923
4623,5876|7647|7949|9644,9390|9633,4,2,http://www.reactome.org/biopax/96/48895#BiochemicalReaction8895,1,http://www.reactome.org/biopax/96/48895#Catalysis4770,4924
4624,5601|7237|7949|9505,8228|9656,4,2,http://www.reactome.org/biopax/96/48895#BiochemicalReaction8161,1,http://www.reactome.org/biopax/96/48895#Catalysis4169,4925
4625,1706|1753|9070,1703|7507,3,2,http://www.reactome.org/biopax/96/48895#BiochemicalReaction3269,1,http://www.reactome.org/biopax/96/48895#Catalysis1525,4926
4626,2117|4281|7237,4282|7635,3,2,http://www.reactome.org/biopax/96/48895#BiochemicalReaction4124,1,http://www.reactome.org/biopax/96/48895#Catalysis1831,4927
4627,3526|7237|7372,3527|7635|7949,3,3,http://www.reactome.org/biopax/96/48895#BiochemicalReaction6948,1,http://www.reactome.org/biopax/96/48895#Control646,4928
4628,53,54|1076,1,2,http://www.reactome.org/biopax/96/48895#BiochemicalReaction8185,1,http://www.reactome.org/biopax/96/48895#Catalysis4193,4929
4629,4280|9410|9565,9538|9541,3,2,http://www.reactome.org/biopax/96/48895#BiochemicalReaction4121,1,http://www.reactome.org/biopax/96/48895#Catalysis1830,4930
4630,1276|6778|9546,6779|9550,3,2,http://www.reactome.org/biopax/96/48895#BiochemicalReaction2603,1,http://www.reactome.org/biopax/96/48895#Catalysis1213,4931
4631,1777|5019|7237,5021|7635,3,2,http://www.reactome.org/biopax/96/48895#BiochemicalReaction355,1,http://www.reactome.org/biopax/96/48895#Catalysis120,4932
4632,5074|7619|9558|9667,5547|7551,4,2,http://www.reactome.org/biopax/96/48895#BiochemicalReaction7964,-1,http://www.reactome.org/biopax/96/48895#Control749,4933
4633,368|370|9565,369|9380,3,2,http://www.reactome.org/biopax/96/48895#BiochemicalReaction8843,1,http://www.reactome.org/biopax/96/48895#Catalysis4746,4934
4634,1276|6180|9546,6775|7635,3,2,http://www.reactome.org/biopax/96/48895#BiochemicalReaction2601,1,http://www.reactome.org/biopax/96/48895#Catalysis1211,4935
4635,5660|9013|9498,9445|9557|9667,3,3,http://www.reactome.org/biopax/96/48895#BiochemicalReaction8373,1,http://www.reactome.org/biopax/96/48895#Catalysis4374,4936
4636,1518|7520,1506|1519|6864|7365,2,4,http://www.reactome.org/biopax/96/48895#BiochemicalReaction2898,1,http://www.reactome.org/biopax/96/48895#Catalysis1380,4937
4637,996|9577,9597,2,1,http://www.reactome.org/biopax/96/48895#BiochemicalReaction1971,1,http://www.reactome.org/biopax/96/48895#Catalysis909,4939
4638,40|7800|8842,8008|9432,3,2,http://www.reactome.org/biopax/96/48895#BiochemicalReaction8154,1,http://www.reactome.org/biopax/96/48895#Catalysis4162,4940
4639,2801|7237,2802|7635,2,2,http://www.reactome.org/biopax/96/48895#BiochemicalReaction5241,1,http://www.reactome.org/biopax/96/48895#Catalysis2229,4941
4640,5894|7335|9587,7339|9596,3,2,http://www.reactome.org/biopax/96/48895#BiochemicalReaction477,1,http://www.reactome.org/biopax/96/48895#Catalysis190,4942
4641,6073|7237|8340,7635|8347,3,2,http://www.reactome.org/biopax/96/48895#BiochemicalReaction897,1,http://www.reactome.org/biopax/96/48895#Catalysis360,4943
4642,1077|6635|6640,6641,3,1,http://www.reactome.org/biopax/96/48895#BiochemicalReaction2211,1,http://www.reactome.org/biopax/96/48895#Catalysis1059,4944
4643,2419|7237,2420|7635,2,2,http://www.reactome.org/biopax/96/48895#BiochemicalReaction4717,1,http://www.reactome.org/biopax/96/48895#Catalysis2002,4945
4644,3300|7720|7949|9070,7401|8228,4,2,http://www.reactome.org/biopax/96/48895#BiochemicalReaction6477,1,http://www.reactome.org/biopax/96/48895#Catalysis2679,4946
4645,178|7281,7897|8440,2,2,http://www.reactome.org/biopax/96/48895#BiochemicalReaction8402,1,http://www.reactome.org/biopax/96/48895#Catalysis4403,4947
4646,2760|5902|5903,2747,3,1,http://www.reactome.org/biopax/96/48895#BiochemicalReaction501,-1,http://www.reactome.org/biopax/96/48895#Control33,4948
4647,503|7318,7372,2,1,http://www.reactome.org/biopax/96/48895#BiochemicalReaction790,1,http://www.reactome.org/biopax/96/48895#Catalysis302,4949
4648,2509|7237,2510|7635,2,2,http://www.reactome.org/biopax/96/48895#BiochemicalReaction4836,1,http://www.reactome.org/biopax/96/48895#Catalysis2055,4950
4649,220|7508|9103|9429,9430|9517|9673,4,3,http://www.reactome.org/biopax/96/48895#BiochemicalReaction8478,1,http://www.reactome.org/biopax/96/48895#Catalysis4478,4951
4650,5215|5219|7237,5217|7635,3,2,http://www.reactome.org/biopax/96/48895#BiochemicalReaction395,1,http://www.reactome.org/biopax/96/48895#Catalysis139,4952
4651,1088|2252|9546,1098|6651|9550,3,3,http://www.reactome.org/biopax/96/48895#BiochemicalReaction2253,1,http://www.reactome.org/biopax/96/48895#Catalysis1071,4953
4652,6464|7237|9565|9600,7635|9601|9655,4,3,http://www.reactome.org/biopax/96/48895#BiochemicalReaction1818,1,http://www.reactome.org/biopax/96/48895#Catalysis762,4954
4653,641|2722|5877,4932|5900,3,2,http://www.reactome.org/biopax/96/48895#BiochemicalReaction6613,1,http://www.reactome.org/biopax/96/48895#Catalysis2807,4955
4654,3497|8691|9444,3495|9446|9558,3,3,http://www.reactome.org/biopax/96/48895#BiochemicalReaction6924,1,http://www.reactome.org/biopax/96/48895#Catalysis3011,4956
4655,4003|8761|9655,7371|8756,3,2,http://www.reactome.org/biopax/96/48895#BiochemicalReaction8129,1,http://www.reactome.org/biopax/96/48895#Catalysis4137,4957
4656,2778|4440|9565,2779|9655,3,2,http://www.reactome.org/biopax/96/48895#BiochemicalReaction5213,1,http://www.reactome.org/biopax/96/48895#Catalysis2217,4959
4657,4162|7007,7008|7009,2,2,http://www.reactome.org/biopax/96/48895#BiochemicalReaction216,1,http://www.reactome.org/biopax/96/48895#Catalysis65,4960
4658,3675|8207|9565,8210|9533,3,2,http://www.reactome.org/biopax/96/48895#BiochemicalReaction7419,1,http://www.reactome.org/biopax/96/48895#Catalysis3476,4961
4659,2467|7237|9410,7288|7635,3,2,http://www.reactome.org/biopax/96/48895#BiochemicalReaction4783,1,http://www.reactome.org/biopax/96/48895#Catalysis2032,4962
4660,553|570|9339,571|9397,3,2,http://www.reactome.org/biopax/96/48895#BiochemicalReaction103,1,http://www.reactome.org/biopax/96/48895#Catalysis35,4963
4661,20|8798|9587,8799|9515|9596,3,3,http://www.reactome.org/biopax/96/48895#BiochemicalReaction8116,1,http://www.reactome.org/biopax/96/48895#Catalysis4124,4964
4662,5514|8539|9633,7949|8540|9644,3,3,http://www.reactome.org/biopax/96/48895#BiochemicalReaction7794,1,http://www.reactome.org/biopax/96/48895#Catalysis3836,4965
4663,6028|7537|7560|7572,7493|7495|9472,4,3,http://www.reactome.org/biopax/96/48895#BiochemicalReaction773,1,http://www.reactome.org/biopax/96/48895#Catalysis290,4966
4664,727|7508|9644,7949|9471|9633,3,3,http://www.reactome.org/biopax/96/48895#BiochemicalReaction1175,1,http://www.reactome.org/biopax/96/48895#Catalysis505,4967
4665,743|751,752|9655,2,2,http://www.reactome.org/biopax/96/48895#BiochemicalReaction1206,1,http://www.reactome.org/biopax/96/48895#Control104,4968
4666,5305|7990|9565,7641|7991,3,2,http://www.reactome.org/biopax/96/48895#BiochemicalReaction7221,1,http://www.reactome.org/biopax/96/48895#Catalysis3287,4969
4667,5915|5917,5916,2,1,http://www.reactome.org/biopax/96/48895#BiochemicalReaction532,-1,http://www.reactome.org/biopax/96/48895#Control37,4970
4668,1812|2979,2982|4510,2,2,http://www.reactome.org/biopax/96/48895#BiochemicalReaction5704,1,http://www.reactome.org/biopax/96/48895#Catalysis2343,4972
4669,4013|8026|8489|8747|9198,8027|8467|8612,5,3,http://www.reactome.org/biopax/96/48895#BiochemicalReaction8566,1,http://www.reactome.org/biopax/96/48895#Catalysis4563,4973
4670,266|8868|9602,8875|9304,3,2,http://www.reactome.org/biopax/96/48895#BiochemicalReaction8635,1,http://www.reactome.org/biopax/96/48895#Catalysis4629,4974
4671,2432|4389|5415,2433,3,1,http://www.reactome.org/biopax/96/48895#BiochemicalReaction4733,1,http://www.reactome.org/biopax/96/48895#Catalysis2011,4975
4672,1489|7520,1490|7365,2,2,http://www.reactome.org/biopax/96/48895#BiochemicalReaction2867,1,http://www.reactome.org/biopax/96/48895#Catalysis1363,4976
4673,2282|2288|7237,2287|7635,3,2,http://www.reactome.org/biopax/96/48895#BiochemicalReaction4450,1,http://www.reactome.org/biopax/96/48895#Catalysis1938,4977
4674,5527|7800|8593,8008|8598|9565,3,3,http://www.reactome.org/biopax/96/48895#BiochemicalReaction7848,1,http://www.reactome.org/biopax/96/48895#Catalysis3888,4978
4675,3186|4672|7237,1134|4673|7635,3,3,http://www.reactome.org/biopax/96/48895#BiochemicalReaction6212,1,http://www.reactome.org/biopax/96/48895#Catalysis2548,4979
4676,4130|7486|9565,7487|7488,3,2,http://www.reactome.org/biopax/96/48895#BiochemicalReaction2348,1,http://www.reactome.org/biopax/96/48895#Catalysis1101,4980
4677,3813|3818|7237,3819|3820,3,2,http://www.reactome.org/biopax/96/48895#BiochemicalReaction7912,1,http://www.reactome.org/biopax/96/48895#Control726,4981
4678,806|810|5415,809,3,1,http://www.reactome.org/biopax/96/48895#BiochemicalReaction1325,-1,http://www.reactome.org/biopax/96/48895#Control130,4982
4679,7|8691|8752,8753|9558|9667,3,3,http://www.reactome.org/biopax/96/48895#BiochemicalReaction8075,1,http://www.reactome.org/biopax/96/48895#Catalysis4083,4983
4680,3433,3434|7545,1,2,http://www.reactome.org/biopax/96/48895#BiochemicalReaction6757,1,http://www.reactome.org/biopax/96/48895#Catalysis2932,4984
4681,5373|7534|9565,7698|8217,3,2,http://www.reactome.org/biopax/96/48895#BiochemicalReaction7430,1,http://www.reactome.org/biopax/96/48895#Catalysis3487,4986
4682,2282|7237,2284|7635,2,2,http://www.reactome.org/biopax/96/48895#BiochemicalReaction4446,1,http://www.reactome.org/biopax/96/48895#Catalysis1936,4987
4683,436|9546,5968|5969|9550,2,3,http://www.reactome.org/biopax/96/48895#BiochemicalReaction699,1,http://www.reactome.org/biopax/96/48895#Catalysis244,4988
4684,4463|5098,5097,2,1,http://www.reactome.org/biopax/96/48895#BiochemicalReaction6877,1,http://www.reactome.org/biopax/96/48895#Catalysis2991,4989
4685,5466|8318|9565,8317|9655,3,2,http://www.reactome.org/biopax/96/48895#BiochemicalReaction7631,1,http://www.reactome.org/biopax/96/48895#Catalysis3683,4990
4686,3094|7237,3095|7635,2,2,http://www.reactome.org/biopax/96/48895#BiochemicalReaction5973,1,http://www.reactome.org/biopax/96/48895#Catalysis2450,4991
4687,4368|5415,4664,2,1,http://www.reactome.org/biopax/96/48895#BiochemicalReaction6186,1,http://www.reactome.org/biopax/96/48895#Catalysis2535,4992
4688,2722|4296,4957|5900,2,2,http://www.reactome.org/biopax/96/48895#BiochemicalReaction6633,1,http://www.reactome.org/biopax/96/48895#Catalysis2827,4994
4689,231|7556|9139|9466,9140|9401,4,2,http://www.reactome.org/biopax/96/48895#BiochemicalReaction8515,1,http://www.reactome.org/biopax/96/48895#Catalysis4514,4995
4690,6523|7537|9695,7493|9696,3,2,http://www.reactome.org/biopax/96/48895#BiochemicalReaction1909,1,http://www.reactome.org/biopax/96/48895#Catalysis847,4996
4691,3797|7621|8568,7622|8567|9667,3,3,http://www.reactome.org/biopax/96/48895#BiochemicalReaction7823,1,http://www.reactome.org/biopax/96/48895#Catalysis3863,4997
4692,4185|4256|4339,2225,3,1,http://www.reactome.org/biopax/96/48895#BiochemicalReaction4306,1,http://www.reactome.org/biopax/96/48895#Control401,4998
4693,2425|9565,2426|9655,2,2,http://www.reactome.org/biopax/96/48895#BiochemicalReaction4727,1,http://www.reactome.org/biopax/96/48895#Catalysis2006,4999
4694,180|7282|7508,9038,3,1,http://www.reactome.org/biopax/96/48895#BiochemicalReaction8409,1,http://www.reactome.org/biopax/96/48895#Catalysis4410,5000
4695,5043|7665|9565,6221|9655,3,2,http://www.reactome.org/biopax/96/48895#BiochemicalReaction5986,-1,http://www.reactome.org/biopax/96/48895#Control561,5001
4696,6605|7433,9517,2,1,http://www.reactome.org/biopax/96/48895#BiochemicalReaction2110,1,http://www.reactome.org/biopax/96/48895#Catalysis1017,5002
4697,6332|6333|7305,6334|7311,3,2,http://www.reactome.org/biopax/96/48895#BiochemicalReaction1429,1,http://www.reactome.org/biopax/96/48895#Catalysis618,5003
4698,3783|8539|9633,7949|8540|9644,3,3,http://www.reactome.org/biopax/96/48895#BiochemicalReaction7793,1,http://www.reactome.org/biopax/96/48895#Catalysis3835,5004
4699,3116|4633|9070,3117|7507,3,2,http://www.reactome.org/biopax/96/48895#BiochemicalReaction6045,1,http://www.reactome.org/biopax/96/48895#Catalysis2486,5005
4700,5216|5218|7391,5220|7390|9632,3,3,http://www.reactome.org/biopax/96/48895#BiochemicalReaction7063,1,http://www.reactome.org/biopax/96/48895#Catalysis3139,5006
4701,3062|4567|9565,3072|9655,3,2,http://www.reactome.org/biopax/96/48895#BiochemicalReaction5926,1,http://www.reactome.org/biopax/96/48895#Catalysis2425,5007
4702,4052|6089|7508,7949|9407|9565,3,3,http://www.reactome.org/biopax/96/48895#BiochemicalReaction962,1,http://www.reactome.org/biopax/96/48895#Catalysis417,5008
4703,1213|1215|9070,1214|6701|7507,3,3,http://www.reactome.org/biopax/96/48895#BiochemicalReaction2424,1,http://www.reactome.org/biopax/96/48895#Catalysis1126,5009
4704,4812|7772|7780,3942,3,1,http://www.reactome.org/biopax/96/48895#BiochemicalReaction6529,1,http://www.reactome.org/biopax/96/48895#Catalysis2729,5010
4705,3455,3456|4446,1,2,http://www.reactome.org/biopax/96/48895#BiochemicalReaction6823,1,http://www.reactome.org/biopax/96/48895#Catalysis2953,5011
4706,3432|4161,6640,2,1,http://www.reactome.org/biopax/96/48895#BiochemicalReaction6751,1,http://www.reactome.org/biopax/96/48895#Control608,5012
4707,5239|5241|7386,5240|7557|9632,3,3,http://www.reactome.org/biopax/96/48895#BiochemicalReaction7085,1,http://www.reactome.org/biopax/96/48895#Catalysis3156,5014
4708,4266|7237,4267|7635,2,2,http://www.reactome.org/biopax/96/48895#BiochemicalReaction4054,1,http://www.reactome.org/biopax/96/48895#Catalysis1797,5015
4709,2049|5176,2050,2,1,http://www.reactome.org/biopax/96/48895#BiochemicalReaction385,1,http://www.reactome.org/biopax/96/48895#Catalysis138,5016
4710,2227|2235|7237,2236|7635,3,2,http://www.reactome.org/biopax/96/48895#BiochemicalReaction4333,1,http://www.reactome.org/biopax/96/48895#Catalysis1911,5018
4711,3155|9466|9644,7949|9468|9633,3,3,http://www.reactome.org/biopax/96/48895#BiochemicalReaction6147,1,http://www.reactome.org/biopax/96/48895#Catalysis2513,5019
4712,3427|9587,3428|4034,2,2,http://www.reactome.org/biopax/96/48895#BiochemicalReaction6748,1,http://www.reactome.org/biopax/96/48895#Catalysis2924,5020
4713,3755|8364|8467,7949|8321|8365,3,3,http://www.reactome.org/biopax/96/48895#BiochemicalReaction7620,1,http://www.reactome.org/biopax/96/48895#Catalysis3672,5021
4714,3627|7800|8005,8011,3,1,http://www.reactome.org/biopax/96/48895#BiochemicalReaction7250,1,http://www.reactome.org/biopax/96/48895#Catalysis3309,5022
4715,3160|4424|7237,3161|7635,3,2,http://www.reactome.org/biopax/96/48895#BiochemicalReaction6154,1,http://www.reactome.org/biopax/96/48895#Catalysis2519,5023
4716,1963|7215|7237,1943|7635,3,2,http://www.reactome.org/biopax/96/48895#BiochemicalReaction3693,1,http://www.reactome.org/biopax/96/48895#Catalysis1701,5024
4717,3264,3266|3267|4709|9655,1,4,http://www.reactome.org/biopax/96/48895#BiochemicalReaction6385,1,http://www.reactome.org/biopax/96/48895#Catalysis2609,5025
4718,6449|7237|9552,7635|9553,3,2,http://www.reactome.org/biopax/96/48895#BiochemicalReaction1747,1,http://www.reactome.org/biopax/96/48895#Catalysis728,5026
4719,3294|7237|7699,7635|7700|9655,3,3,http://www.reactome.org/biopax/96/48895#BiochemicalReaction6461,1,http://www.reactome.org/biopax/96/48895#Catalysis2663,5027
4720,3387|9565,3388|3907,2,2,http://www.reactome.org/biopax/96/48895#BiochemicalReaction6711,1,http://www.reactome.org/biopax/96/48895#Catalysis2897,5028
4721,3831|7276|9429,7546|8440,3,2,http://www.reactome.org/biopax/96/48895#BiochemicalReaction7935,1,http://www.reactome.org/biopax/96/48895#Catalysis3965,5029
4722,2808|4575,5415,2,1,http://www.reactome.org/biopax/96/48895#BiochemicalReaction5952,1,http://www.reactome.org/biopax/96/48895#Catalysis2439,5030
4723,1883|1885|7237,1886|7635,3,2,http://www.reactome.org/biopax/96/48895#BiochemicalReaction3589,1,http://www.reactome.org/biopax/96/48895#Catalysis1651,5031
4724,5427|8287|9565,8294|9655,3,2,http://www.reactome.org/biopax/96/48895#BiochemicalReaction7555,1,http://www.reactome.org/biopax/96/48895#Catalysis3611,5032
4725,3215,4692|5995|7224,1,3,http://www.reactome.org/biopax/96/48895#BiochemicalReaction6272,1,http://www.reactome.org/biopax/96/48895#Catalysis2573,5033
4726,3841|5166|5415,5167,3,1,http://www.reactome.org/biopax/96/48895#BiochemicalReaction7955,1,http://www.reactome.org/biopax/96/48895#Catalysis3983,5034
4727,194|7678,7949|9059|9061,2,3,http://www.reactome.org/biopax/96/48895#BiochemicalReaction8435,1,http://www.reactome.org/biopax/96/48895#Catalysis4436,5035
4728,926|6434|9565,6422|9547|9548,3,3,http://www.reactome.org/biopax/96/48895#BiochemicalReaction1644,1,http://www.reactome.org/biopax/96/48895#Catalysis706,5036
4729,5388|7281|9604,7576|8244,3,2,http://www.reactome.org/biopax/96/48895#BiochemicalReaction7468,1,http://www.reactome.org/biopax/96/48895#Catalysis3525,5037
4730,6614|7949|9544,7556|7897,3,2,http://www.reactome.org/biopax/96/48895#BiochemicalReaction2136,1,http://www.reactome.org/biopax/96/48895#Catalysis1036,5038
4731,492|9565,466|5415,2,2,http://www.reactome.org/biopax/96/48895#BiochemicalReaction87,1,http://www.reactome.org/biopax/96/48895#Catalysis30,5039
4732,3000|3002,3003,2,1,http://www.reactome.org/biopax/96/48895#BiochemicalReaction5763,1,http://www.reactome.org/biopax/96/48895#Catalysis2371,5040
4733,999|9577,9597,2,1,http://www.reactome.org/biopax/96/48895#BiochemicalReaction1981,1,http://www.reactome.org/biopax/96/48895#Catalysis917,5041
4734,1545|4844,1269|6874,2,2,http://www.reactome.org/biopax/96/48895#BiochemicalReaction2934,1,http://www.reactome.org/biopax/96/48895#Catalysis1398,5042
4735,4085|6209|7305,4086|7311,3,2,http://www.reactome.org/biopax/96/48895#BiochemicalReaction1444,1,http://www.reactome.org/biopax/96/48895#Catalysis627,5043
4736,3470|3471|5069|9667|9677,3472|3473|5071|7795|7796|7797|7798,5,7,http://www.reactome.org/biopax/96/48895#BiochemicalReaction6842,1,http://www.reactome.org/biopax/96/48895#Catalysis2964,5044
4737,451|1648|7305,449|7311,3,2,http://www.reactome.org/biopax/96/48895#BiochemicalReaction710,1,http://www.reactome.org/biopax/96/48895#Catalysis247,5045
4738,445|1284|3153,1389,3,1,http://www.reactome.org/biopax/96/48895#BiochemicalReaction6141,1,http://www.reactome.org/biopax/96/48895#Control569,5046
4739,4367|6759|7237,4368|7635,3,2,http://www.reactome.org/biopax/96/48895#BiochemicalReaction6185,1,http://www.reactome.org/biopax/96/48895#Catalysis2534,5047
4740,1874|4844,4823|4968|4970,2,3,http://www.reactome.org/biopax/96/48895#BiochemicalReaction347,1,http://www.reactome.org/biopax/96/48895#Catalysis116,5048
4741,132|8968|9565,7546|8962,3,2,http://www.reactome.org/biopax/96/48895#BiochemicalReaction8322,1,http://www.reactome.org/biopax/96/48895#Catalysis4323,5049
4742,963|9451|9457,7556|9456|9563,3,3,http://www.reactome.org/biopax/96/48895#BiochemicalReaction1774,1,http://www.reactome.org/biopax/96/48895#Catalysis735,5050
4743,5330|8071|8072,8069|8073,3,2,http://www.reactome.org/biopax/96/48895#BiochemicalReaction7304,1,http://www.reactome.org/biopax/96/48895#Catalysis3363,5051
4744,5345|7689|8187,7580|8189,3,2,http://www.reactome.org/biopax/96/48895#BiochemicalReaction7387,1,http://www.reactome.org/biopax/96/48895#Catalysis3444,5052
4745,1252|9565,1253|9655,2,2,http://www.reactome.org/biopax/96/48895#BiochemicalReaction2448,1,http://www.reactome.org/biopax/96/48895#Catalysis1144,5053
4746,788|6256|9507,6257|9508,3,2,http://www.reactome.org/biopax/96/48895#BiochemicalReaction1290,1,http://www.reactome.org/biopax/96/48895#Catalysis551,5054
4747,742|746|4134,6684|6685|6686|6688,3,4,http://www.reactome.org/biopax/96/48895#BiochemicalReaction142,1,http://www.reactome.org/biopax/96/48895#Catalysis43,5055
4748,5171|7237|7834,7635|7835|7949,3,3,http://www.reactome.org/biopax/96/48895#BiochemicalReaction7000,1,http://www.reactome.org/biopax/96/48895#Catalysis3079,5056
4749,6311|6324|7305,6310|7311,3,2,http://www.reactome.org/biopax/96/48895#BiochemicalReaction1418,1,http://www.reactome.org/biopax/96/48895#Catalysis608,5057
4750,5546|7622|9512|9667,7621|8663,4,2,http://www.reactome.org/biopax/96/48895#BiochemicalReaction7956,1,http://www.reactome.org/biopax/96/48895#Catalysis3984,5058
4751,3859|3866|3872,3862|3873|5567,3,3,http://www.reactome.org/biopax/96/48895#BiochemicalReaction7995,1,http://www.reactome.org/biopax/96/48895#Control763,5059
4752,909|912,910,2,1,http://www.reactome.org/biopax/96/48895#BiochemicalReaction1628,-1,http://www.reactome.org/biopax/96/48895#Control161,5060
4753,2027|2028|2030,2029,3,1,http://www.reactome.org/biopax/96/48895#BiochemicalReaction3871,-1,http://www.reactome.org/biopax/96/48895#Control364,5061
4754,2535|2538|7237,2537|7635,3,2,http://www.reactome.org/biopax/96/48895#BiochemicalReaction4868,-1,http://www.reactome.org/biopax/96/48895#Control448,5062
4755,6554|7255|7338,7325|7949,3,2,http://www.reactome.org/biopax/96/48895#BiochemicalReaction1970,1,http://www.reactome.org/biopax/96/48895#Catalysis908,5063
4756,605|7423,7238,2,1,http://www.reactome.org/biopax/96/48895#BiochemicalReaction977,1,http://www.reactome.org/biopax/96/48895#Catalysis426,5064
4757,21|8803|9565,7545|7839|7949,3,3,http://www.reactome.org/biopax/96/48895#BiochemicalReaction8118,1,http://www.reactome.org/biopax/96/48895#Catalysis4126,5065
4758,4530|7648|7649|9669,7650|7651,4,2,http://www.reactome.org/biopax/96/48895#BiochemicalReaction5786,1,http://www.reactome.org/biopax/96/48895#Catalysis2381,5066
4759,142|7279|8982,7619|8980,3,2,http://www.reactome.org/biopax/96/48895#BiochemicalReaction8339,1,http://www.reactome.org/biopax/96/48895#Catalysis4340,5068
4760,5712|9254|9565|9633,7949|9255|9644,4,3,http://www.reactome.org/biopax/96/48895#BiochemicalReaction8605,1,http://www.reactome.org/biopax/96/48895#Catalysis4601,5069
4761,2722|4537,4900|5900,2,2,http://www.reactome.org/biopax/96/48895#BiochemicalReaction6587,1,http://www.reactome.org/biopax/96/48895#Catalysis2781,5070
4762,4416|7971|9565,7545,3,1,http://www.reactome.org/biopax/96/48895#BiochemicalReaction4943,1,http://www.reactome.org/biopax/96/48895#Catalysis2100,5071
4763,5384|7459|8236,7580|9604,3,2,http://www.reactome.org/biopax/96/48895#BiochemicalReaction7459,1,http://www.reactome.org/biopax/96/48895#Catalysis3516,5072
4764,2167|5415,2001,2,1,http://www.reactome.org/biopax/96/48895#BiochemicalReaction4230,1,http://www.reactome.org/biopax/96/48895#Catalysis1863,5073
4765,658|7319,659|7323,2,2,http://www.reactome.org/biopax/96/48895#BiochemicalReaction1079,1,http://www.reactome.org/biopax/96/48895#Catalysis471,5074
4766,1549|3325|4963,4964|5900,3,2,http://www.reactome.org/biopax/96/48895#BiochemicalReaction6639,1,http://www.reactome.org/biopax/96/48895#Catalysis2833,5075
4767,524,525|6054,1,2,http://www.reactome.org/biopax/96/48895#BiochemicalReaction812,1,http://www.reactome.org/biopax/96/48895#Catalysis315,5076
4768,5443|8318,8319,2,1,http://www.reactome.org/biopax/96/48895#BiochemicalReaction7581,1,http://www.reactome.org/biopax/96/48895#Catalysis3635,5077
4769,5983|8450,8452,2,1,http://www.reactome.org/biopax/96/48895#BiochemicalReaction7701,1,http://www.reactome.org/biopax/96/48895#Catalysis3749,5078
4770,3627|7508|8016,8572,3,1,http://www.reactome.org/biopax/96/48895#BiochemicalReaction7828,1,http://www.reactome.org/biopax/96/48895#Catalysis3868,5079
4771,2662|2663|7237,2554|7635,3,2,http://www.reactome.org/biopax/96/48895#BiochemicalReaction5041,1,http://www.reactome.org/biopax/96/48895#Catalysis2146,5080
4772,641|2722|4940,4941|5900,3,2,http://www.reactome.org/biopax/96/48895#BiochemicalReaction6619,1,http://www.reactome.org/biopax/96/48895#Catalysis2813,5081
4773,93|9100,8988|9102,2,2,http://www.reactome.org/biopax/96/48895#BiochemicalReaction8476,1,http://www.reactome.org/biopax/96/48895#Catalysis4476,5082
4774,354|355|9587,357|9514,3,2,http://www.reactome.org/biopax/96/48895#BiochemicalReaction8812,1,http://www.reactome.org/biopax/96/48895#Catalysis4734,5083
4775,3615|7508|7949|7978|7979,7980|7981|9565,5,3,http://www.reactome.org/biopax/96/48895#BiochemicalReaction7216,1,http://www.reactome.org/biopax/96/48895#Catalysis3282,5084
4776,1703|4622|9565,1706|9655,3,2,http://www.reactome.org/biopax/96/48895#BiochemicalReaction6012,1,http://www.reactome.org/biopax/96/48895#Catalysis2477,5085
4777,1822|7049|7050,1823,3,1,http://www.reactome.org/biopax/96/48895#BiochemicalReaction3427,-1,http://www.reactome.org/biopax/96/48895#Control309,5086
4778,2559|7319,2564|7323,2,2,http://www.reactome.org/biopax/96/48895#BiochemicalReaction473,1,http://www.reactome.org/biopax/96/48895#Catalysis187,5087
4779,2512|7237,2515|7635,2,2,http://www.reactome.org/biopax/96/48895#BiochemicalReaction4840,1,http://www.reactome.org/biopax/96/48895#Catalysis2057,5088
4780,1928|7194,1927|5415,2,2,http://www.reactome.org/biopax/96/48895#BiochemicalReaction3642,1,http://www.reactome.org/biopax/96/48895#Catalysis1677,5089
4781,5578|7237|8710,7635|8711,3,2,http://www.reactome.org/biopax/96/48895#BiochemicalReaction8042,1,http://www.reactome.org/biopax/96/48895#Catalysis4050,5090
4782,2655|8186,3823|9506,2,2,http://www.reactome.org/biopax/96/48895#BiochemicalReaction7924,1,http://www.reactome.org/biopax/96/48895#Catalysis3956,5091
4783,1054|1055|6617|6618|6619|7445|7446|7447,1056,8,1,http://www.reactome.org/biopax/96/48895#BiochemicalReaction2146,1,http://www.reactome.org/biopax/96/48895#Control218,5092
4784,168|7294|9429,7546|9025,3,2,http://www.reactome.org/biopax/96/48895#BiochemicalReaction8388,1,http://www.reactome.org/biopax/96/48895#Catalysis4389,5093
4785,765|6228|7237,766|7635,3,2,http://www.reactome.org/biopax/96/48895#BiochemicalReaction1240,1,http://www.reactome.org/biopax/96/48895#Control112,5094
4786,1380|6824|9546,1381|1382|4141|9550,3,4,http://www.reactome.org/biopax/96/48895#BiochemicalReaction2676,1,http://www.reactome.org/biopax/96/48895#Catalysis1256,5095
4787,6140|6151|7237,6150|7635,3,2,http://www.reactome.org/biopax/96/48895#BiochemicalReaction1044,1,http://www.reactome.org/biopax/96/48895#Catalysis453,5096
4788,2511|2514|7237,2513|7635,3,2,http://www.reactome.org/biopax/96/48895#BiochemicalReaction4839,-1,http://www.reactome.org/biopax/96/48895#Control444,5097
4789,2410|7949|8103|9644,7800|9422|9633,4,3,http://www.reactome.org/biopax/96/48895#BiochemicalReaction4703,1,http://www.reactome.org/biopax/96/48895#Catalysis1997,5098
4790,972|974|7237,973|7635,3,2,http://www.reactome.org/biopax/96/48895#BiochemicalReaction1808,1,http://www.reactome.org/biopax/96/48895#Catalysis759,5099
4791,3782|7949|8540|9644,8539|9633,4,2,http://www.reactome.org/biopax/96/48895#BiochemicalReaction7790,1,http://www.reactome.org/biopax/96/48895#Catalysis3832,5100
4792,3371|9565,4161|5016,2,2,http://www.reactome.org/biopax/96/48895#BiochemicalReaction6703,1,http://www.reactome.org/biopax/96/48895#Catalysis2889,5101
4793,1812|4375,4376|4377,2,2,http://www.reactome.org/biopax/96/48895#BiochemicalReaction4624,1,http://www.reactome.org/biopax/96/48895#Catalysis1980,5102
4794,1422|6804|9546,1424|9550,3,2,http://www.reactome.org/biopax/96/48895#BiochemicalReaction2743,1,http://www.reactome.org/biopax/96/48895#Catalysis1292,5103
4795,1262|7318|7537,7372|7493,3,2,http://www.reactome.org/biopax/96/48895#BiochemicalReaction3101,1,http://www.reactome.org/biopax/96/48895#Catalysis1474,5104
4796,4313|5793|9546,4596|9550,3,2,http://www.reactome.org/biopax/96/48895#BiochemicalReaction5981,1,http://www.reactome.org/biopax/96/48895#Catalysis2457,5106
4797,6605|7897,9544,2,1,http://www.reactome.org/biopax/96/48895#BiochemicalReaction2133,1,http://www.reactome.org/biopax/96/48895#Catalysis1033,5107
4798,1460|6855|7237,6856|7635,3,2,http://www.reactome.org/biopax/96/48895#BiochemicalReaction2808,1,http://www.reactome.org/biopax/96/48895#Catalysis1324,5109
4799,6547|7273|7313|7493|7537,7281|7314|7493|7537,5,4,http://www.reactome.org/biopax/96/48895#BiochemicalReaction1952,1,http://www.reactome.org/biopax/96/48895#Catalysis890,5110
4800,6019|7576|7579,7580|7581,3,2,http://www.reactome.org/biopax/96/48895#BiochemicalReaction758,1,http://www.reactome.org/biopax/96/48895#Catalysis275,5111
4801,1273|9546,5360|9550,2,2,http://www.reactome.org/biopax/96/48895#BiochemicalReaction2510,1,http://www.reactome.org/biopax/96/48895#Catalysis1168,5112
4802,5042|7236|7237,4593|7635,3,2,http://www.reactome.org/biopax/96/48895#BiochemicalReaction5979,1,http://www.reactome.org/biopax/96/48895#Catalysis2455,5114
4803,9039|9041|9429,7546|9040|9565,3,3,http://www.reactome.org/biopax/96/48895#BiochemicalReaction8412,-1,http://www.reactome.org/biopax/96/48895#Control820,5115
4804,92|8914|9565,8913,3,1,http://www.reactome.org/biopax/96/48895#BiochemicalReaction8258,1,http://www.reactome.org/biopax/96/48895#Catalysis4263,5116
4805,384|5844|6798,3244|5844|5845|5846|5847|5848|5849|5850|5851|6797|6798,3,11,http://www.reactome.org/biopax/96/48895#BiochemicalReaction8853,1,http://www.reactome.org/biopax/96/48895#Control893,5117
4806,2372|7237,2373|7635,2,2,http://www.reactome.org/biopax/96/48895#BiochemicalReaction4619,1,http://www.reactome.org/biopax/96/48895#Catalysis1977,5118
4807,118|8949|9667,7551|8950,3,2,http://www.reactome.org/biopax/96/48895#BiochemicalReaction8300,1,http://www.reactome.org/biopax/96/48895#Catalysis4301,5119
4808,2151|2525|7305,2516|7311,3,2,http://www.reactome.org/biopax/96/48895#BiochemicalReaction469,1,http://www.reactome.org/biopax/96/48895#Catalysis185,5120
4809,3364|9565,3365|5415,2,2,http://www.reactome.org/biopax/96/48895#BiochemicalReaction6699,1,http://www.reactome.org/biopax/96/48895#Catalysis2886,5121
4810,598|8806|9565,7949|8228|9108,3,3,http://www.reactome.org/biopax/96/48895#BiochemicalReaction8121,1,http://www.reactome.org/biopax/96/48895#Catalysis4129,5122
4811,4573|4577|5904,3088,3,1,http://www.reactome.org/biopax/96/48895#BiochemicalReaction5956,1,http://www.reactome.org/biopax/96/48895#Control559,5123
4812,6233|7372|9565,6234|9655,3,2,http://www.reactome.org/biopax/96/48895#BiochemicalReaction1248,1,http://www.reactome.org/biopax/96/48895#Control114,5124
4813,3884|9108,3885,2,1,http://www.reactome.org/biopax/96/48895#BiochemicalReaction8018,1,http://www.reactome.org/biopax/96/48895#Control773,5125
4814,5572|8683|9451,7290|7403,3,2,http://www.reactome.org/biopax/96/48895#BiochemicalReaction8012,1,http://www.reactome.org/biopax/96/48895#Catalysis4024,5126
4815,3962|7800|8016,8008|8017|9565,3,3,http://www.reactome.org/biopax/96/48895#BiochemicalReaction7258,1,http://www.reactome.org/biopax/96/48895#Catalysis3317,5127
4816,3961|7508|7949|8007|9644,8009|9565|9633,5,3,http://www.reactome.org/biopax/96/48895#BiochemicalReaction7248,1,http://www.reactome.org/biopax/96/48895#Catalysis3307,5129
4817,2210|7237,2211|7635,2,2,http://www.reactome.org/biopax/96/48895#BiochemicalReaction4282,1,http://www.reactome.org/biopax/96/48895#Catalysis1886,5130
4818,4533|7508|7657|7949|9644,7658|9565|9633,5,3,http://www.reactome.org/biopax/96/48895#BiochemicalReaction5793,1,http://www.reactome.org/biopax/96/48895#Catalysis2387,5131
4819,2657|7237,2658|7635,2,2,http://www.reactome.org/biopax/96/48895#BiochemicalReaction5035,1,http://www.reactome.org/biopax/96/48895#Catalysis2142,5132
4820,1812|7090,7091|7092,2,2,http://www.reactome.org/biopax/96/48895#BiochemicalReaction3461,1,http://www.reactome.org/biopax/96/48895#Catalysis1593,5133
4821,3474|5102,5103,2,1,http://www.reactome.org/biopax/96/48895#BiochemicalReaction6884,1,http://www.reactome.org/biopax/96/48895#Catalysis2995,5135
4822,1677|6925|7621,6926|7538|9504,3,3,http://www.reactome.org/biopax/96/48895#BiochemicalReaction3130,1,http://www.reactome.org/biopax/96/48895#Catalysis1482,5136
4823,6549|7315|7556,7316|7949,3,2,http://www.reactome.org/biopax/96/48895#BiochemicalReaction1956,1,http://www.reactome.org/biopax/96/48895#Catalysis894,5137
4824,3714|3715|3716|5425,3717,4,1,http://www.reactome.org/biopax/96/48895#BiochemicalReaction7549,1,http://www.reactome.org/biopax/96/48895#Catalysis3605,5138
4825,4067|4317|4318,721,3,1,http://www.reactome.org/biopax/96/48895#BiochemicalReaction7193,1,http://www.reactome.org/biopax/96/48895#Catalysis3261,5139
4826,268|8868|9307,8875|9693,3,2,http://www.reactome.org/biopax/96/48895#BiochemicalReaction8638,1,http://www.reactome.org/biopax/96/48895#Catalysis4632,5140
4827,3991|7237|7465,7635|8283,3,2,http://www.reactome.org/biopax/96/48895#BiochemicalReaction7522,1,http://www.reactome.org/biopax/96/48895#Catalysis3579,5143
4828,3801|7800|8597,8630,3,1,http://www.reactome.org/biopax/96/48895#BiochemicalReaction7874,1,http://www.reactome.org/biopax/96/48895#Catalysis3914,5145
4829,3012|4532|7508|7949|9644,4531|7655|9565|9633,5,4,http://www.reactome.org/biopax/96/48895#BiochemicalReaction5791,1,http://www.reactome.org/biopax/96/48895#Catalysis2385,5146
4830,857|9070,858|7507,2,2,http://www.reactome.org/biopax/96/48895#BiochemicalReaction1540,1,http://www.reactome.org/biopax/96/48895#Catalysis660,5147
4831,2955|5415,2956,2,1,http://www.reactome.org/biopax/96/48895#BiochemicalReaction5667,1,http://www.reactome.org/biopax/96/48895#Catalysis2329,5148
4832,3795|8566,7660|8567,2,2,http://www.reactome.org/biopax/96/48895#BiochemicalReaction7820,1,http://www.reactome.org/biopax/96/48895#Catalysis3860,5149
4833,2991|5415,2992,2,1,http://www.reactome.org/biopax/96/48895#BiochemicalReaction5742,1,http://www.reactome.org/biopax/96/48895#Catalysis2360,5150
4834,4019|8026|8489|8747|9217,8027|8467|9218,5,3,http://www.reactome.org/biopax/96/48895#BiochemicalReaction8576,1,http://www.reactome.org/biopax/96/48895#Catalysis4573,5151
4835,949|2543|9070,950|7507,3,2,http://www.reactome.org/biopax/96/48895#BiochemicalReaction4874,1,http://www.reactome.org/biopax/96/48895#Control449,5152
4836,783|6251|6252,784,3,1,http://www.reactome.org/biopax/96/48895#BiochemicalReaction1281,1,http://www.reactome.org/biopax/96/48895#Control122,5153
4837,2847|7305,2884|7311,2,2,http://www.reactome.org/biopax/96/48895#BiochemicalReaction513,1,http://www.reactome.org/biopax/96/48895#Catalysis200,5154
4838,6544|7304|7537|7949,7306|7493|7556,4,3,http://www.reactome.org/biopax/96/48895#BiochemicalReaction1942,1,http://www.reactome.org/biopax/96/48895#Catalysis880,5155
4839,5312|7508|8637,8653,3,1,http://www.reactome.org/biopax/96/48895#BiochemicalReaction7891,1,http://www.reactome.org/biopax/96/48895#Catalysis3931,5156
4840,5402|8265|9679,8269|9685,3,2,http://www.reactome.org/biopax/96/48895#BiochemicalReaction7501,1,http://www.reactome.org/biopax/96/48895#Catalysis3558,5157
4841,670|2048|9546,671|9550,3,2,http://www.reactome.org/biopax/96/48895#BiochemicalReaction1088,-1,http://www.reactome.org/biopax/96/48895#Control86,5158
4842,2026|7271|9444,7279|9449,3,2,http://www.reactome.org/biopax/96/48895#BiochemicalReaction373,1,http://www.reactome.org/biopax/96/48895#Catalysis133,5159
4843,581|2070|9070,807|7507,3,2,http://www.reactome.org/biopax/96/48895#BiochemicalReaction4035,1,http://www.reactome.org/biopax/96/48895#Catalysis1787,5160
4844,593|8179|9082,7949|8199|9090,3,3,http://www.reactome.org/biopax/96/48895#BiochemicalReaction928,1,http://www.reactome.org/biopax/96/48895#Catalysis389,5161
4845,3306|7739,7740|8440,2,2,http://www.reactome.org/biopax/96/48895#BiochemicalReaction6493,1,http://www.reactome.org/biopax/96/48895#Catalysis2695,5162
4846,2211|4182|7237,2212|7635,3,2,http://www.reactome.org/biopax/96/48895#BiochemicalReaction4283,1,http://www.reactome.org/biopax/96/48895#Catalysis1887,5163
4847,275|7237|8988|9333,7635|7800|9655,4,3,http://www.reactome.org/biopax/96/48895#BiochemicalReaction8661,1,http://www.reactome.org/biopax/96/48895#Catalysis4655,5164
4848,3154|7566|9644,7571|7949|9633,3,3,http://www.reactome.org/biopax/96/48895#BiochemicalReaction6145,1,http://www.reactome.org/biopax/96/48895#Control571,5166
4849,5803|9378|9565,9379|9655,3,2,http://www.reactome.org/biopax/96/48895#BiochemicalReaction8841,1,http://www.reactome.org/biopax/96/48895#Catalysis4745,5167
4850,5408|7237|8234,7465|7635,3,2,http://www.reactome.org/biopax/96/48895#BiochemicalReaction7515,1,http://www.reactome.org/biopax/96/48895#Catalysis3572,5168
4851,728|9473|9669,9474|9475,3,2,http://www.reactome.org/biopax/96/48895#BiochemicalReaction1177,1,http://www.reactome.org/biopax/96/48895#Catalysis507,5169
4852,3589|7626|7875,7855|7876,3,2,http://www.reactome.org/biopax/96/48895#BiochemicalReaction7100,1,http://www.reactome.org/biopax/96/48895#Catalysis3168,5170
4853,1438|1441|2252|6852,1442,4,1,http://www.reactome.org/biopax/96/48895#BiochemicalReaction2776,-1,http://www.reactome.org/biopax/96/48895#Control265,5171
4854,3485|5091,5104|5105|5107|5108|6417,2,5,http://www.reactome.org/biopax/96/48895#BiochemicalReaction6894,1,http://www.reactome.org/biopax/96/48895#Catalysis2996,5172
4855,3098|7237|9410,7288|7635,3,2,http://www.reactome.org/biopax/96/48895#BiochemicalReaction5975,1,http://www.reactome.org/biopax/96/48895#Catalysis2451,5173
4856,412|5887|9565,4460|9655,3,2,http://www.reactome.org/biopax/96/48895#BiochemicalReaction8916,1,http://www.reactome.org/biopax/96/48895#Catalysis4782,5174
4857,5214|5218|9511,5216|7863,3,2,http://www.reactome.org/biopax/96/48895#BiochemicalReaction7062,1,http://www.reactome.org/biopax/96/48895#Catalysis3138,5175
4858,3|8728|8744,8729|8745,3,2,http://www.reactome.org/biopax/96/48895#BiochemicalReaction8070,1,http://www.reactome.org/biopax/96/48895#Catalysis4078,5176
4859,1480,1481|7519,1,2,http://www.reactome.org/biopax/96/48895#BiochemicalReaction2858,1,http://www.reactome.org/biopax/96/48895#Catalysis1358,5177
4860,3085|7237,1915|6936|7635,2,3,http://www.reactome.org/biopax/96/48895#BiochemicalReaction5948,1,http://www.reactome.org/biopax/96/48895#Catalysis2437,5178
4861,1734|1914|9070,807|7507,3,2,http://www.reactome.org/biopax/96/48895#BiochemicalReaction3620,1,http://www.reactome.org/biopax/96/48895#Catalysis1667,5179
4862,3167|7237,3166|6281|7635,2,3,http://www.reactome.org/biopax/96/48895#BiochemicalReaction6164,1,http://www.reactome.org/biopax/96/48895#Catalysis2523,5180
4863,5440|7486|8310,8227|8311,3,2,http://www.reactome.org/biopax/96/48895#BiochemicalReaction7575,1,http://www.reactome.org/biopax/96/48895#Catalysis3630,5181
4864,965|9451|9575,9573|9574|9577,3,3,http://www.reactome.org/biopax/96/48895#BiochemicalReaction1784,1,http://www.reactome.org/biopax/96/48895#Catalysis745,5182
4865,6057|7423,7238,2,1,http://www.reactome.org/biopax/96/48895#BiochemicalReaction837,1,http://www.reactome.org/biopax/96/48895#Catalysis331,5183
4866,5595|8841,8842,2,1,http://www.reactome.org/biopax/96/48895#BiochemicalReaction8150,1,http://www.reactome.org/biopax/96/48895#Catalysis4158,5184
4867,209|5677|8907,211|8909|9449,3,3,http://www.reactome.org/biopax/96/48895#BiochemicalReaction8463,1,http://www.reactome.org/biopax/96/48895#Catalysis4464,5185
4868,6486|9470|9601,8966|9600,3,2,http://www.reactome.org/biopax/96/48895#BiochemicalReaction1859,1,http://www.reactome.org/biopax/96/48895#Catalysis798,5187
4869,1358|7237,1359|7635,2,2,http://www.reactome.org/biopax/96/48895#BiochemicalReaction2654,1,http://www.reactome.org/biopax/96/48895#Catalysis1240,5189
4870,4435|4436|9451,896,3,1,http://www.reactome.org/biopax/96/48895#BiochemicalReaction5158,-1,http://www.reactome.org/biopax/96/48895#Control466,5190
4871,2145|7587|9648,2146,3,1,http://www.reactome.org/biopax/96/48895#BiochemicalReaction4181,1,http://www.reactome.org/biopax/96/48895#Control385,5191
4872,3564|7837,7840,2,1,http://www.reactome.org/biopax/96/48895#BiochemicalReaction7008,1,http://www.reactome.org/biopax/96/48895#Catalysis3087,5192
4873,4670|6759|7237,4669|7635,3,2,http://www.reactome.org/biopax/96/48895#BiochemicalReaction6198,1,http://www.reactome.org/biopax/96/48895#Catalysis2543,5193
4874,2562|7237,2563|7635,2,2,http://www.reactome.org/biopax/96/48895#BiochemicalReaction4904,1,http://www.reactome.org/biopax/96/48895#Catalysis2084,5194
4875,3310|3311|9565,3933|7759,3,2,http://www.reactome.org/biopax/96/48895#BiochemicalReaction6512,1,http://www.reactome.org/biopax/96/48895#Catalysis2712,5195
4876,3711|8286|9565,7665|9655,3,2,http://www.reactome.org/biopax/96/48895#BiochemicalReaction7543,1,http://www.reactome.org/biopax/96/48895#Catalysis3600,5196
4877,186|9050|9655,7367|9051,3,2,http://www.reactome.org/biopax/96/48895#BiochemicalReaction8418,1,http://www.reactome.org/biopax/96/48895#Catalysis4419,5197
4878,5363|7575|9451,8202|8219,3,2,http://www.reactome.org/biopax/96/48895#BiochemicalReaction7432,-1,http://www.reactome.org/biopax/96/48895#Control699,5199
4879,172|9027,9028,2,1,http://www.reactome.org/biopax/96/48895#BiochemicalReaction8392,1,http://www.reactome.org/biopax/96/48895#Catalysis4393,5200
4880,4435|4437|9451,896,3,1,http://www.reactome.org/biopax/96/48895#BiochemicalReaction5159,-1,http://www.reactome.org/biopax/96/48895#Control467,5201
4881,4737|4739|7391,4738|7390,3,2,http://www.reactome.org/biopax/96/48895#BiochemicalReaction6440,1,http://www.reactome.org/biopax/96/48895#Catalysis2642,5202
4882,4041|8290|9423,8349|8420,3,2,http://www.reactome.org/biopax/96/48895#BiochemicalReaction8878,1,http://www.reactome.org/biopax/96/48895#Catalysis4762,5203
4883,1693|3483|9546,3483|7298|7365,3,3,http://www.reactome.org/biopax/96/48895#BiochemicalReaction606,1,http://www.reactome.org/biopax/96/48895#Catalysis220,5204
4884,1812|6992,7082,2,1,http://www.reactome.org/biopax/96/48895#BiochemicalReaction3455,1,http://www.reactome.org/biopax/96/48895#Catalysis1587,5205
4885,860|921,922|6433,2,2,http://www.reactome.org/biopax/96/48895#BiochemicalReaction1638,1,http://www.reactome.org/biopax/96/48895#Catalysis702,5206
4886,6104|9683,9687,2,1,http://www.reactome.org/biopax/96/48895#BiochemicalReaction1904,1,http://www.reactome.org/biopax/96/48895#Catalysis842,5207
4887,6503|7572|9600,9472|9601,3,2,http://www.reactome.org/biopax/96/48895#BiochemicalReaction1878,1,http://www.reactome.org/biopax/96/48895#Catalysis816,5208
4888,2624|2625|7237,2627|7635,3,2,http://www.reactome.org/biopax/96/48895#BiochemicalReaction5001,1,http://www.reactome.org/biopax/96/48895#Catalysis2122,5209
4889,5525|8565|8691|8708,7660|8715|8719,4,3,http://www.reactome.org/biopax/96/48895#BiochemicalReaction7817,1,http://www.reactome.org/biopax/96/48895#Catalysis3857,5210
4890,5633|7237|7546|8873,7635|8906|9655,4,3,http://www.reactome.org/biopax/96/48895#BiochemicalReaction8245,1,http://www.reactome.org/biopax/96/48895#Catalysis4250,5211
4891,2722|6743|6744,4938|5900,3,2,http://www.reactome.org/biopax/96/48895#BiochemicalReaction6617,1,http://www.reactome.org/biopax/96/48895#Catalysis2811,5212
4892,4213|7614,7585,2,1,http://www.reactome.org/biopax/96/48895#BiochemicalReaction32,1,http://www.reactome.org/biopax/96/48895#Catalysis15,5213
4893,266|8494|8868,8875|9305,3,2,http://www.reactome.org/biopax/96/48895#BiochemicalReaction8636,1,http://www.reactome.org/biopax/96/48895#Catalysis4630,5214
4894,3231|4483|7642,3442|4466,3,2,http://www.reactome.org/biopax/96/48895#BiochemicalReaction47,1,http://www.reactome.org/biopax/96/48895#Catalysis18,5215
4895,6018|7537|7567|7572,7493|7576|9472,4,3,http://www.reactome.org/biopax/96/48895#BiochemicalReaction757,1,http://www.reactome.org/biopax/96/48895#Catalysis274,5218
4896,502|7237|7546|7897,7542|7635|7949|9655,4,4,http://www.reactome.org/biopax/96/48895#BiochemicalReaction787,1,http://www.reactome.org/biopax/96/48895#Catalysis300,5219
4897,5352|7961|9565,7949|8190|9617,3,3,http://www.reactome.org/biopax/96/48895#BiochemicalReaction7395,1,http://www.reactome.org/biopax/96/48895#Catalysis3452,5220
4898,1801|6415|7237,3207|7635,3,2,http://www.reactome.org/biopax/96/48895#BiochemicalReaction6278,1,http://www.reactome.org/biopax/96/48895#Catalysis2577,5221
4899,5508|7949|9443|9644,9440|9633,4,2,http://www.reactome.org/biopax/96/48895#BiochemicalReaction7782,1,http://www.reactome.org/biopax/96/48895#Catalysis3826,5222
4900,1664|6907|7237,6917|7635,3,2,http://www.reactome.org/biopax/96/48895#BiochemicalReaction3089,1,http://www.reactome.org/biopax/96/48895#Control283,5223
4901,300|302|7237,301|7635,3,2,http://www.reactome.org/biopax/96/48895#BiochemicalReaction8743,1,http://www.reactome.org/biopax/96/48895#Catalysis4713,5224
4902,1734|2677|9070,807|7507,3,2,http://www.reactome.org/biopax/96/48895#BiochemicalReaction5061,1,http://www.reactome.org/biopax/96/48895#Catalysis2157,5225
4903,6455|9451|9585,9586,3,1,http://www.reactome.org/biopax/96/48895#BiochemicalReaction1791,1,http://www.reactome.org/biopax/96/48895#Catalysis752,5226
4904,7279|7810|8691|9512,7811|9446|9558|9667,4,4,http://www.reactome.org/biopax/96/48895#BiochemicalReaction6956,-1,http://www.reactome.org/biopax/96/48895#Control649,5227
4905,1546|9546,1268|9550,2,2,http://www.reactome.org/biopax/96/48895#BiochemicalReaction2936,1,http://www.reactome.org/biopax/96/48895#Catalysis1399,5228
4906,2593|4417|7237,2595|7635,3,2,http://www.reactome.org/biopax/96/48895#BiochemicalReaction4947,1,http://www.reactome.org/biopax/96/48895#Catalysis2102,5229
4907,7635|8813|9565,8814|9655,3,2,http://www.reactome.org/biopax/96/48895#BiochemicalReaction8127,1,http://www.reactome.org/biopax/96/48895#Control798,5230
4908,4012|8026|8489|8747|9191,8027|8467|9192,5,3,http://www.reactome.org/biopax/96/48895#BiochemicalReaction8563,1,http://www.reactome.org/biopax/96/48895#Catalysis4560,5231
4909,4383|7237,4384|7635,2,2,http://www.reactome.org/biopax/96/48895#BiochemicalReaction4698,1,http://www.reactome.org/biopax/96/48895#Catalysis1995,5232
4910,5296|8026|8045|8046,7644|8027|8047|8467|9158,4,5,http://www.reactome.org/biopax/96/48895#BiochemicalReaction7282,1,http://www.reactome.org/biopax/96/48895#Catalysis3341,5233
4911,5312|7508|8609,8611,3,1,http://www.reactome.org/biopax/96/48895#BiochemicalReaction7858,1,http://www.reactome.org/biopax/96/48895#Catalysis3898,5234
4912,3585|6435,5235,2,1,http://www.reactome.org/biopax/96/48895#BiochemicalReaction7073,-1,http://www.reactome.org/biopax/96/48895#Control683,5235
4913,3514|7398,3516|7949|8858,2,3,http://www.reactome.org/biopax/96/48895#BiochemicalReaction6941,1,http://www.reactome.org/biopax/96/48895#Catalysis3023,5236
4914,2155|2156|7237|9565,4293|7590|7635|9655,4,4,http://www.reactome.org/biopax/96/48895#BiochemicalReaction4205,1,http://www.reactome.org/biopax/96/48895#Catalysis1854,5237
4915,3621|7508|8591,8592,3,1,http://www.reactome.org/biopax/96/48895#BiochemicalReaction7843,1,http://www.reactome.org/biopax/96/48895#Catalysis3883,5238
4916,5134|5318|5326,2166,3,1,http://www.reactome.org/biopax/96/48895#BiochemicalReaction409,-1,http://www.reactome.org/biopax/96/48895#Control27,5239
4917,3323|4879|5900,2722|3322,3,2,http://www.reactome.org/biopax/96/48895#BiochemicalReaction6574,1,http://www.reactome.org/biopax/96/48895#Control607,5240
4918,6080|8467|8478,8489|8500|8509,3,3,http://www.reactome.org/biopax/96/48895#BiochemicalReaction903,1,http://www.reactome.org/biopax/96/48895#Catalysis366,5241
4919,2551|5415,2552,2,1,http://www.reactome.org/biopax/96/48895#BiochemicalReaction4890,1,http://www.reactome.org/biopax/96/48895#Catalysis2079,5242
4920,5656|9001|9565,9002,3,1,http://www.reactome.org/biopax/96/48895#BiochemicalReaction8363,1,http://www.reactome.org/biopax/96/48895#Catalysis4364,5243
4921,5312|7508|8644,8646,3,1,http://www.reactome.org/biopax/96/48895#BiochemicalReaction7885,1,http://www.reactome.org/biopax/96/48895#Catalysis3925,5244
4922,3605|7953|9565,7347|9655,3,2,http://www.reactome.org/biopax/96/48895#BiochemicalReaction7184,1,http://www.reactome.org/biopax/96/48895#Catalysis3252,5245
4923,641|3610|5745|5787,339|5948|5949,4,3,http://www.reactome.org/biopax/96/48895#BiochemicalReaction8788,1,http://www.reactome.org/biopax/96/48895#Control851,5246
4924,5456|7626|8361,8367|8368,3,2,http://www.reactome.org/biopax/96/48895#BiochemicalReaction7623,1,http://www.reactome.org/biopax/96/48895#Control709,5248
4925,1264|7237,422|7635,2,2,http://www.reactome.org/biopax/96/48895#BiochemicalReaction8941,1,http://www.reactome.org/biopax/96/48895#Catalysis4792,5249
4926,2722|4324|6896,4981|5900,3,2,http://www.reactome.org/biopax/96/48895#BiochemicalReaction6655,1,http://www.reactome.org/biopax/96/48895#Catalysis2848,5250
4927,641|7942,7944,2,1,http://www.reactome.org/biopax/96/48895#BiochemicalReaction7177,1,http://www.reactome.org/biopax/96/48895#Catalysis3245,5251
4928,5330|8069|8073,8071|8072,3,2,http://www.reactome.org/biopax/96/48895#BiochemicalReaction7310,1,http://www.reactome.org/biopax/96/48895#Catalysis3369,5252
4929,4830|4836|7389,4835|7557,3,2,http://www.reactome.org/biopax/96/48895#BiochemicalReaction6539,1,http://www.reactome.org/biopax/96/48895#Catalysis2738,5253
4930,6102|9072,9082,2,1,http://www.reactome.org/biopax/96/48895#BiochemicalReaction927,1,http://www.reactome.org/biopax/96/48895#Catalysis388,5254
4931,6501|7423|9472,7238|7572,3,2,http://www.reactome.org/biopax/96/48895#BiochemicalReaction1876,1,http://www.reactome.org/biopax/96/48895#Catalysis814,5255
4932,169|7508|9025,9026|9517,3,2,http://www.reactome.org/biopax/96/48895#BiochemicalReaction8390,1,http://www.reactome.org/biopax/96/48895#Catalysis4391,5256
4933,5277|9538|9565,7952|9655,3,2,http://www.reactome.org/biopax/96/48895#BiochemicalReaction7181,1,http://www.reactome.org/biopax/96/48895#Catalysis3249,5257
4934,3726|7385|7462,7557|8324|9632,3,3,http://www.reactome.org/biopax/96/48895#BiochemicalReaction7587,1,http://www.reactome.org/biopax/96/48895#Catalysis3641,5258
4935,2488|7237,2490|7635,2,2,http://www.reactome.org/biopax/96/48895#BiochemicalReaction4808,1,http://www.reactome.org/biopax/96/48895#Catalysis2042,5259
4936,247|8619|9167,9168|9397,3,2,http://www.reactome.org/biopax/96/48895#BiochemicalReaction8549,1,http://www.reactome.org/biopax/96/48895#Catalysis4546,5260
4937,3603|7942|9565,7549|9655,3,2,http://www.reactome.org/biopax/96/48895#BiochemicalReaction7170,1,http://www.reactome.org/biopax/96/48895#Catalysis3238,5261
4938,3806|9410|9565,7949|9417|9538,3,3,http://www.reactome.org/biopax/96/48895#BiochemicalReaction7898,1,http://www.reactome.org/biopax/96/48895#Catalysis3938,5262
4939,5312|8640|9633,8641|9644,3,2,http://www.reactome.org/biopax/96/48895#BiochemicalReaction7880,1,http://www.reactome.org/biopax/96/48895#Catalysis3920,5263
4940,6116|6118|9565,6117|9655,3,2,http://www.reactome.org/biopax/96/48895#BiochemicalReaction986,1,http://www.reactome.org/biopax/96/48895#Catalysis432,5264
4941,56,57|5614,1,2,http://www.reactome.org/biopax/96/48895#BiochemicalReaction8189,1,http://www.reactome.org/biopax/96/48895#Catalysis4197,5265
4942,6016|7332|7423|7537|7556,7238|7333|7493|7949,5,4,http://www.reactome.org/biopax/96/48895#BiochemicalReaction1967,1,http://www.reactome.org/biopax/96/48895#Catalysis905,5266
4943,1339|6795|9587,1298|7502,3,2,http://www.reactome.org/biopax/96/48895#BiochemicalReaction2623,1,http://www.reactome.org/biopax/96/48895#Catalysis1225,5267
4944,3848|8669|9486,7551|7619|9485,3,3,http://www.reactome.org/biopax/96/48895#BiochemicalReaction7962,1,http://www.reactome.org/biopax/96/48895#Catalysis3990,5268
4945,2078|6933|7237,1915|6911|7635,3,3,http://www.reactome.org/biopax/96/48895#BiochemicalReaction4045,1,http://www.reactome.org/biopax/96/48895#Catalysis1792,5269
4946,2023|5415,4161,2,1,http://www.reactome.org/biopax/96/48895#BiochemicalReaction3852,1,http://www.reactome.org/biopax/96/48895#Catalysis1755,5270
4947,4184|4340|9565,7237|7545|7949,3,3,http://www.reactome.org/biopax/96/48895#BiochemicalReaction4305,1,http://www.reactome.org/biopax/96/48895#Catalysis1900,5271
4948,91|8691|8907|8911,8912|9446|9558,4,3,http://www.reactome.org/biopax/96/48895#BiochemicalReaction8250,1,http://www.reactome.org/biopax/96/48895#Catalysis4255,5272
4949,801|6273,802,2,1,http://www.reactome.org/biopax/96/48895#BiochemicalReaction1310,1,http://www.reactome.org/biopax/96/48895#Control127,5273
4950,2113|7237,2113|7635,2,2,http://www.reactome.org/biopax/96/48895#BiochemicalReaction4113,1,http://www.reactome.org/biopax/96/48895#Catalysis1825,5274
4951,3322|3323|5900,2722|3322,3,2,http://www.reactome.org/biopax/96/48895#BiochemicalReaction6574,1,http://www.reactome.org/biopax/96/48895#Catalysis2768,5275
4952,2922|2923|7237,2924|7635,3,2,http://www.reactome.org/biopax/96/48895#BiochemicalReaction5613,-1,http://www.reactome.org/biopax/96/48895#Control509,5276
4953,821|6292|7319,6293|7323,3,2,http://www.reactome.org/biopax/96/48895#BiochemicalReaction1382,1,http://www.reactome.org/biopax/96/48895#Catalysis575,5277
4954,7318|7960,7372,2,1,http://www.reactome.org/biopax/96/48895#BiochemicalReaction808,-1,http://www.reactome.org/biopax/96/48895#Control64,5278
4955,2837|4453|9529,2835,3,1,http://www.reactome.org/biopax/96/48895#BiochemicalReaction5381,-1,http://www.reactome.org/biopax/96/48895#Control488,5279
4956,881|883|9070,882|7507,3,2,http://www.reactome.org/biopax/96/48895#BiochemicalReaction1572,1,http://www.reactome.org/biopax/96/48895#Catalysis675,5280
4957,2558|2649|7237,2694|7635,3,2,http://www.reactome.org/biopax/96/48895#BiochemicalReaction29,1,http://www.reactome.org/biopax/96/48895#Catalysis13,5281
4958,380|5837,381,2,1,http://www.reactome.org/biopax/96/48895#BiochemicalReaction8851,1,http://www.reactome.org/biopax/96/48895#Control887,5282
4959,665|666|2272|6176|6177,667|6178,5,2,http://www.reactome.org/biopax/96/48895#BiochemicalReaction1086,1,http://www.reactome.org/biopax/96/48895#Control84,5283
4960,909|931,910,2,1,http://www.reactome.org/biopax/96/48895#BiochemicalReaction1672,1,http://www.reactome.org/biopax/96/48895#Catalysis711,5284
4961,2219|4339|7237,2226|4334|7222|7545|8228,3,5,http://www.reactome.org/biopax/96/48895#BiochemicalReaction4307,1,http://www.reactome.org/biopax/96/48895#Catalysis1901,5285
4962,949|2611|9070,950|7507,3,2,http://www.reactome.org/biopax/96/48895#BiochemicalReaction4975,1,http://www.reactome.org/biopax/96/48895#Catalysis2116,5286
4963,4140|6985,3904,2,1,http://www.reactome.org/biopax/96/48895#BiochemicalReaction239,1,http://www.reactome.org/biopax/96/48895#Catalysis87,5287
4964,1681|1682|9070,1683|7507,3,2,http://www.reactome.org/biopax/96/48895#BiochemicalReaction3141,1,http://www.reactome.org/biopax/96/48895#Catalysis1484,5288
4965,3582|5212|7389,5213|7557|9632,3,3,http://www.reactome.org/biopax/96/48895#BiochemicalReaction7060,1,http://www.reactome.org/biopax/96/48895#Catalysis3136,5289
4966,2747|4297|5909|5910|5912,2894,5,1,http://www.reactome.org/biopax/96/48895#BiochemicalReaction514,-1,http://www.reactome.org/biopax/96/48895#Control36,5290
4967,1208|4132|9070,1209|6701|7507,3,3,http://www.reactome.org/biopax/96/48895#BiochemicalReaction2422,1,http://www.reactome.org/biopax/96/48895#Catalysis1124,5291
4968,1668|6921|9565,1669|7406,3,2,http://www.reactome.org/biopax/96/48895#BiochemicalReaction3106,1,http://www.reactome.org/biopax/96/48895#Catalysis1477,5292
4969,5199|5201|7393,5200|7557|9632,3,3,http://www.reactome.org/biopax/96/48895#BiochemicalReaction7053,1,http://www.reactome.org/biopax/96/48895#Catalysis3129,5293
4970,2553|5793|9546,2572|9550,3,2,http://www.reactome.org/biopax/96/48895#BiochemicalReaction474,1,http://www.reactome.org/biopax/96/48895#Catalysis188,5294
4971,3963|7800|8019,8008|8020|9565,3,3,http://www.reactome.org/biopax/96/48895#BiochemicalReaction7261,1,http://www.reactome.org/biopax/96/48895#Catalysis3320,5295
4972,1910|2152|7237,1911|7635,3,2,http://www.reactome.org/biopax/96/48895#BiochemicalReaction3613,1,http://www.reactome.org/biopax/96/48895#Catalysis1663,5296
4973,5321|8026|8489|8747|9181,8027|8467|8606,5,3,http://www.reactome.org/biopax/96/48895#BiochemicalReaction8557,1,http://www.reactome.org/biopax/96/48895#Catalysis4554,5297
4974,848|849|859|9402,853,4,1,http://www.reactome.org/biopax/96/48895#BiochemicalReaction144,1,http://www.reactome.org/biopax/96/48895#Control8,5298
4975,997|9577,9597,2,1,http://www.reactome.org/biopax/96/48895#BiochemicalReaction1976,1,http://www.reactome.org/biopax/96/48895#Catalysis912,5299
4976,6551|7264,7265,2,1,http://www.reactome.org/biopax/96/48895#BiochemicalReaction1958,1,http://www.reactome.org/biopax/96/48895#Catalysis896,5300
4977,1729|7237,1730|7635,2,2,http://www.reactome.org/biopax/96/48895#BiochemicalReaction3221,1,http://www.reactome.org/biopax/96/48895#Catalysis1507,5301
4978,1695|7539|9512,7540|7541,3,2,http://www.reactome.org/biopax/96/48895#BiochemicalReaction3179,1,http://www.reactome.org/biopax/96/48895#Catalysis1491,5302
4979,303|7281|7512,9419|9565,3,2,http://www.reactome.org/biopax/96/48895#BiochemicalReaction8748,1,http://www.reactome.org/biopax/96/48895#Catalysis4715,5303
4980,155|1896|2002|5415,155|1897,4,2,http://www.reactome.org/biopax/96/48895#BiochemicalReaction3812,-1,http://www.reactome.org/biopax/96/48895#Control350,5304
4981,2248|7237,2249|7635,2,2,http://www.reactome.org/biopax/96/48895#BiochemicalReaction4366,1,http://www.reactome.org/biopax/96/48895#Catalysis1922,5305
4982,117|8943|9662,7551|8944,3,2,http://www.reactome.org/biopax/96/48895#BiochemicalReaction8296,1,http://www.reactome.org/biopax/96/48895#Catalysis4297,5306
4983,3099|7237|9410,7288|7635,3,2,http://www.reactome.org/biopax/96/48895#BiochemicalReaction5975,1,http://www.reactome.org/biopax/96/48895#Control560,5307
4984,1549|4316|4988,4989|5900,3,2,http://www.reactome.org/biopax/96/48895#BiochemicalReaction6663,1,http://www.reactome.org/biopax/96/48895#Catalysis2856,5308
4985,4804|7766,7767|7768,2,2,http://www.reactome.org/biopax/96/48895#BiochemicalReaction6515,1,http://www.reactome.org/biopax/96/48895#Catalysis2715,5309
4986,3508|7721,9623,2,1,http://www.reactome.org/biopax/96/48895#BiochemicalReaction6953,1,http://www.reactome.org/biopax/96/48895#Catalysis3034,5310
4987,6981|6982|9546,1776|9550,3,2,http://www.reactome.org/biopax/96/48895#BiochemicalReaction3332,1,http://www.reactome.org/biopax/96/48895#Catalysis1542,5312
4988,6061|8081|8092,8104|8115,3,2,http://www.reactome.org/biopax/96/48895#BiochemicalReaction877,1,http://www.reactome.org/biopax/96/48895#Catalysis345,5313
4989,2546|7237,2547|7635,2,2,http://www.reactome.org/biopax/96/48895#BiochemicalReaction4879,1,http://www.reactome.org/biopax/96/48895#Catalysis2074,5314
4990,407|7318|7537,7372|7493,3,2,http://www.reactome.org/biopax/96/48895#BiochemicalReaction8909,1,http://www.reactome.org/biopax/96/48895#Catalysis4777,5315
4991,3636|8596|9633,8645|9644,3,2,http://www.reactome.org/biopax/96/48895#BiochemicalReaction7884,1,http://www.reactome.org/biopax/96/48895#Catalysis3924,5316
4992,602|9405|9633,7949|9406|9644,3,3,http://www.reactome.org/biopax/96/48895#BiochemicalReaction960,1,http://www.reactome.org/biopax/96/48895#Catalysis415,5317
4993,4030|7508|7949|9360|9644,9364|9565|9633,5,3,http://www.reactome.org/biopax/96/48895#BiochemicalReaction8680,1,http://www.reactome.org/biopax/96/48895#Catalysis4674,5318
4994,2808|6816,5415,2,1,http://www.reactome.org/biopax/96/48895#BiochemicalReaction2660,1,http://www.reactome.org/biopax/96/48895#Catalysis1244,5319
4995,2747|4817|5905,2780,3,1,http://www.reactome.org/biopax/96/48895#BiochemicalReaction504,-1,http://www.reactome.org/biopax/96/48895#Control35,5320
4996,6492|7572|9600,9472|9601,3,2,http://www.reactome.org/biopax/96/48895#BiochemicalReaction1867,1,http://www.reactome.org/biopax/96/48895#Catalysis806,5321
4997,1024|7491,8957,2,1,http://www.reactome.org/biopax/96/48895#BiochemicalReaction8306,1,http://www.reactome.org/biopax/96/48895#Catalysis4307,5322
4998,3163|9565,3164|9655,2,2,http://www.reactome.org/biopax/96/48895#BiochemicalReaction6159,1,http://www.reactome.org/biopax/96/48895#Catalysis2521,5323
4999,6026|7537|7572|7608,7493|7602|9472,4,3,http://www.reactome.org/biopax/96/48895#BiochemicalReaction767,1,http://www.reactome.org/biopax/96/48895#Catalysis284,5324
5000,745|748,747|9655,2,2,http://www.reactome.org/biopax/96/48895#BiochemicalReaction1200,1,http://www.reactome.org/biopax/96/48895#Control99,5325
5001,2205|6372|7237,2206|7635,3,2,http://www.reactome.org/biopax/96/48895#BiochemicalReaction4277,-1,http://www.reactome.org/biopax/96/48895#Control398,5326
5002,6361|7372|9525,7949|9524,3,2,http://www.reactome.org/biopax/96/48895#BiochemicalReaction1514,1,http://www.reactome.org/biopax/96/48895#Catalysis650,5327
5003,277|7800|9366,9367,3,1,http://www.reactome.org/biopax/96/48895#BiochemicalReaction8682,1,http://www.reactome.org/biopax/96/48895#Catalysis4676,5328
5004,2722|4920,5002|5900,2,2,http://www.reactome.org/biopax/96/48895#BiochemicalReaction6676,1,http://www.reactome.org/biopax/96/48895#Catalysis2869,5329
5005,5369|8208|8209,7580|7694,3,2,http://www.reactome.org/biopax/96/48895#BiochemicalReaction7416,1,http://www.reactome.org/biopax/96/48895#Catalysis3473,5330
5006,4249|4254,4255|5415,2,2,http://www.reactome.org/biopax/96/48895#BiochemicalReaction3997,1,http://www.reactome.org/biopax/96/48895#Catalysis1779,5331
5007,279|9344|9483,9345|9346,3,2,http://www.reactome.org/biopax/96/48895#BiochemicalReaction8668,1,http://www.reactome.org/biopax/96/48895#Catalysis4662,5332
5008,2381|2386|7237,2382|7635,3,2,http://www.reactome.org/biopax/96/48895#BiochemicalReaction4642,1,http://www.reactome.org/biopax/96/48895#Control423,5333
5009,3900|7949|8713|9565,7897|8728,4,2,http://www.reactome.org/biopax/96/48895#BiochemicalReaction8068,1,http://www.reactome.org/biopax/96/48895#Catalysis4076,5335
5010,5455|7237|7574,7468|7635|7949,3,3,http://www.reactome.org/biopax/96/48895#BiochemicalReaction7597,1,http://www.reactome.org/biopax/96/48895#Catalysis3651,5337
5011,2986|4840|7237,4516|7635,3,2,http://www.reactome.org/biopax/96/48895#BiochemicalReaction5728,1,http://www.reactome.org/biopax/96/48895#Catalysis2355,5338
5012,2808|2954,5415|7226,2,2,http://www.reactome.org/biopax/96/48895#BiochemicalReaction5665,1,http://www.reactome.org/biopax/96/48895#Catalysis2327,5339
5013,3766|7949|8391|9644,8228|8393|9633,4,3,http://www.reactome.org/biopax/96/48895#BiochemicalReaction7652,1,http://www.reactome.org/biopax/96/48895#Catalysis3702,5340
5014,1650|3940|4291,1645,3,1,http://www.reactome.org/biopax/96/48895#BiochemicalReaction310,-1,http://www.reactome.org/biopax/96/48895#Control19,5342
5015,6353|6393,6394,2,1,http://www.reactome.org/biopax/96/48895#BiochemicalReaction1562,1,http://www.reactome.org/biopax/96/48895#Control150,5344
5016,3858|3859|3860|5554|5555|5556,3861|3862|3863|7413,6,4,http://www.reactome.org/biopax/96/48895#BiochemicalReaction7977,1,http://www.reactome.org/biopax/96/48895#Catalysis4005,5345
5017,3091|7237,3092|7635,2,2,http://www.reactome.org/biopax/96/48895#BiochemicalReaction5967,1,http://www.reactome.org/biopax/96/48895#Catalysis2447,5346
5018,791|6262|9510,6263|8489|9508,3,3,http://www.reactome.org/biopax/96/48895#BiochemicalReaction1295,1,http://www.reactome.org/biopax/96/48895#Catalysis555,5347
5019,5534|6054,5534,2,1,http://www.reactome.org/biopax/96/48895#BiochemicalReaction7906,1,http://www.reactome.org/biopax/96/48895#Catalysis3944,5348
5020,1230|6712|9070,1231|6701|7507,3,3,http://www.reactome.org/biopax/96/48895#BiochemicalReaction2432,1,http://www.reactome.org/biopax/96/48895#Catalysis1134,5349
5021,5167|7259|7635|7949,7237|8440,4,2,http://www.reactome.org/biopax/96/48895#BiochemicalReaction6990,-1,http://www.reactome.org/biopax/96/48895#Control670,5350
5022,4068|6212|9478,6213|9444,3,2,http://www.reactome.org/biopax/96/48895#BiochemicalReaction1185,1,http://www.reactome.org/biopax/96/48895#Catalysis515,5351
5023,579|7237|8347,7635|8350,3,2,http://www.reactome.org/biopax/96/48895#BiochemicalReaction898,1,http://www.reactome.org/biopax/96/48895#Catalysis361,5352
5024,9070|9506|9565,8397|8959,3,2,http://www.reactome.org/biopax/96/48895#BiochemicalReaction8309,-1,http://www.reactome.org/biopax/96/48895#Control809,5353
5025,3459,3460|4446,1,2,http://www.reactome.org/biopax/96/48895#BiochemicalReaction6829,1,http://www.reactome.org/biopax/96/48895#Catalysis2956,5354
5026,2388|6382|7237,6385|7635,3,2,http://www.reactome.org/biopax/96/48895#BiochemicalReaction4645,1,http://www.reactome.org/biopax/96/48895#Catalysis1982,5355
5027,1265|2808,5415,2,1,http://www.reactome.org/biopax/96/48895#BiochemicalReaction2496,1,http://www.reactome.org/biopax/96/48895#Catalysis1156,5356
5028,1050|6606|8199,1051|7949|8179,3,3,http://www.reactome.org/biopax/96/48895#BiochemicalReaction2115,1,http://www.reactome.org/biopax/96/48895#Catalysis1020,5357
5029,3707|9460,3708,2,1,http://www.reactome.org/biopax/96/48895#BiochemicalReaction7534,1,http://www.reactome.org/biopax/96/48895#Catalysis3591,5358
5030,3545|7823,5163|5164,2,2,http://www.reactome.org/biopax/96/48895#BiochemicalReaction6973,1,http://www.reactome.org/biopax/96/48895#Control660,5359
5031,5510|7949|9440|9644,9439|9633,4,2,http://www.reactome.org/biopax/96/48895#BiochemicalReaction7784,1,http://www.reactome.org/biopax/96/48895#Catalysis3828,5360
5032,380|5826,381,2,1,http://www.reactome.org/biopax/96/48895#BiochemicalReaction8851,1,http://www.reactome.org/biopax/96/48895#Control871,5361
5033,535|7318,7372,2,1,http://www.reactome.org/biopax/96/48895#BiochemicalReaction820,1,http://www.reactome.org/biopax/96/48895#Catalysis320,5362
5034,1439|1440|9587,1438|9596,3,2,http://www.reactome.org/biopax/96/48895#BiochemicalReaction2775,1,http://www.reactome.org/biopax/96/48895#Catalysis1310,5363
5035,758|9501,9476,2,1,http://www.reactome.org/biopax/96/48895#BiochemicalReaction1221,-1,http://www.reactome.org/biopax/96/48895#Control106,5364
5036,6362|7372,7318,2,1,http://www.reactome.org/biopax/96/48895#BiochemicalReaction1515,1,http://www.reactome.org/biopax/96/48895#Catalysis651,5365
5037,2808|3270,5415,2,1,http://www.reactome.org/biopax/96/48895#BiochemicalReaction6391,1,http://www.reactome.org/biopax/96/48895#Catalysis2612,5366
5038,1095|9559,1094|1096,2,2,http://www.reactome.org/biopax/96/48895#BiochemicalReaction2251,1,http://www.reactome.org/biopax/96/48895#Catalysis1069,5367
5039,1812|7077,7078|7079,2,2,http://www.reactome.org/biopax/96/48895#BiochemicalReaction3453,1,http://www.reactome.org/biopax/96/48895#Catalysis1585,5368
5040,1812|6990,7085,2,1,http://www.reactome.org/biopax/96/48895#BiochemicalReaction3457,1,http://www.reactome.org/biopax/96/48895#Catalysis1589,5369
5041,28|7949|8818|9565,7897|8605|9517,4,3,http://www.reactome.org/biopax/96/48895#BiochemicalReaction8133,1,http://www.reactome.org/biopax/96/48895#Catalysis4141,5370
5042,3961|7508|7949|8006|9644,8007|9565|9633,5,3,http://www.reactome.org/biopax/96/48895#BiochemicalReaction7247,1,http://www.reactome.org/biopax/96/48895#Catalysis3306,5371
5043,1357|7237,6751|6800|7635,2,3,http://www.reactome.org/biopax/96/48895#BiochemicalReaction2651,1,http://www.reactome.org/biopax/96/48895#Catalysis1239,5372
5044,4089|6343|7305,4083|7311,3,2,http://www.reactome.org/biopax/96/48895#BiochemicalReaction1446,1,http://www.reactome.org/biopax/96/48895#Catalysis629,5373
5045,1134,1989,1,1,http://www.reactome.org/biopax/96/48895#BiochemicalReaction16,1,http://www.reactome.org/biopax/96/48895#Catalysis8,5374
5046,1964|4163,1965|7217,2,2,http://www.reactome.org/biopax/96/48895#BiochemicalReaction3696,1,http://www.reactome.org/biopax/96/48895#Catalysis1703,5375
5047,5248|5251|7391,5250|7390|9632,3,3,http://www.reactome.org/biopax/96/48895#BiochemicalReaction7092,1,http://www.reactome.org/biopax/96/48895#Catalysis3163,5376
5048,120|7622|8952|9662|9667,7621|8953|9444,5,3,http://www.reactome.org/biopax/96/48895#BiochemicalReaction8302,1,http://www.reactome.org/biopax/96/48895#Control806,5377
5049,1674|7619|9033,7279|9079,3,2,http://www.reactome.org/biopax/96/48895#BiochemicalReaction8453,1,http://www.reactome.org/biopax/96/48895#Catalysis4454,5378
5050,2883|9070,2885|7507,2,2,http://www.reactome.org/biopax/96/48895#BiochemicalReaction5542,1,http://www.reactome.org/biopax/96/48895#Catalysis2283,5379
5051,5247|5252|7391,5256|7390|9632,3,3,http://www.reactome.org/biopax/96/48895#BiochemicalReaction7097,1,http://www.reactome.org/biopax/96/48895#Catalysis3167,5380
5052,2114|7237|9410,7288|7635,3,2,http://www.reactome.org/biopax/96/48895#BiochemicalReaction4118,1,http://www.reactome.org/biopax/96/48895#Catalysis1828,5382
5053,2788|7237,2789|7635,2,2,http://www.reactome.org/biopax/96/48895#BiochemicalReaction5221,1,http://www.reactome.org/biopax/96/48895#Catalysis2220,5383
5054,36|8837|9587,8839|8840|9515,3,3,http://www.reactome.org/biopax/96/48895#BiochemicalReaction8149,1,http://www.reactome.org/biopax/96/48895#Catalysis4157,5384
5055,6548|7276|7493|7530|7537,7267|7493|7537|7542,5,4,http://www.reactome.org/biopax/96/48895#BiochemicalReaction1955,1,http://www.reactome.org/biopax/96/48895#Catalysis893,5385
5056,3571|7949|9565,3574|3951,3,2,http://www.reactome.org/biopax/96/48895#BiochemicalReaction7026,1,http://www.reactome.org/biopax/96/48895#Control681,5386
5057,5270|7920|9546,7921|9515|9550,3,3,http://www.reactome.org/biopax/96/48895#BiochemicalReaction7147,1,http://www.reactome.org/biopax/96/48895#Catalysis3215,5387
5058,539|540,2878,2,1,http://www.reactome.org/biopax/96/48895#BiochemicalReaction5530,1,http://www.reactome.org/biopax/96/48895#Catalysis2272,5388
5059,1629|4151,1614|1630,2,2,http://www.reactome.org/biopax/96/48895#BiochemicalReaction3041,1,http://www.reactome.org/biopax/96/48895#Catalysis1449,5390
5060,1352|9546,6804|6810|9550,2,3,http://www.reactome.org/biopax/96/48895#BiochemicalReaction2640,1,http://www.reactome.org/biopax/96/48895#Catalysis1236,5391
5061,5716|9270|9565,9271|9272,3,2,http://www.reactome.org/biopax/96/48895#BiochemicalReaction8612,1,http://www.reactome.org/biopax/96/48895#Catalysis4608,5392
5062,140|7541|7619,7279|9512,3,2,http://www.reactome.org/biopax/96/48895#BiochemicalReaction8333,1,http://www.reactome.org/biopax/96/48895#Catalysis4334,5393
5063,6319|6333|7305,6332|7311,3,2,http://www.reactome.org/biopax/96/48895#BiochemicalReaction1428,1,http://www.reactome.org/biopax/96/48895#Catalysis617,5394
5064,959|7237,3240|7635,2,2,http://www.reactome.org/biopax/96/48895#BiochemicalReaction6337,1,http://www.reactome.org/biopax/96/48895#Catalysis2597,5395
5065,1993|5415,1994,2,1,http://www.reactome.org/biopax/96/48895#BiochemicalReaction3806,1,http://www.reactome.org/biopax/96/48895#Catalysis1732,5396
5066,3324|5013|6743,4931|5900,3,2,http://www.reactome.org/biopax/96/48895#BiochemicalReaction6611,1,http://www.reactome.org/biopax/96/48895#Catalysis2805,5397
5067,6052|6942|9546,6053|9550,3,2,http://www.reactome.org/biopax/96/48895#BiochemicalReaction3217,1,http://www.reactome.org/biopax/96/48895#Catalysis1505,5398
5068,2308|7237,2309|7635,2,2,http://www.reactome.org/biopax/96/48895#BiochemicalReaction4514,1,http://www.reactome.org/biopax/96/48895#Catalysis1947,5399
5069,2270|7237,2271|7635,2,2,http://www.reactome.org/biopax/96/48895#BiochemicalReaction4413,1,http://www.reactome.org/biopax/96/48895#Catalysis1933,5401
5070,1791|4674|7237,4676|7635,3,2,http://www.reactome.org/biopax/96/48895#BiochemicalReaction6216,-1,http://www.reactome.org/biopax/96/48895#Control573,5402
5071,5350|9617,3668,2,1,http://www.reactome.org/biopax/96/48895#BiochemicalReaction7392,1,http://www.reactome.org/biopax/96/48895#Catalysis3449,5403
5072,5206|5208|7237,5207|7635|9632,3,3,http://www.reactome.org/biopax/96/48895#BiochemicalReaction7056,1,http://www.reactome.org/biopax/96/48895#Catalysis3132,5404
5073,3213,3205|5995,1,2,http://www.reactome.org/biopax/96/48895#BiochemicalReaction6270,1,http://www.reactome.org/biopax/96/48895#Catalysis2572,5405
5074,44|7237|8851,7635|7949|9505,3,3,http://www.reactome.org/biopax/96/48895#BiochemicalReaction8160,1,http://www.reactome.org/biopax/96/48895#Catalysis4168,5406
5075,4198|7561,7562,2,1,http://www.reactome.org/biopax/96/48895#BiochemicalReaction3703,1,http://www.reactome.org/biopax/96/48895#Catalysis1708,5408
5076,2407|4382,6443|9655,2,2,http://www.reactome.org/biopax/96/48895#BiochemicalReaction4694,1,http://www.reactome.org/biopax/96/48895#Catalysis1992,5409
5077,4325|6436,931,2,1,http://www.reactome.org/biopax/96/48895#BiochemicalReaction4236,1,http://www.reactome.org/biopax/96/48895#Control390,5410
5078,2554|4412|7237,4232|7635,3,2,http://www.reactome.org/biopax/96/48895#BiochemicalReaction4898,1,http://www.reactome.org/biopax/96/48895#Catalysis2081,5411
5079,3324|3325|6253,4898|5900,3,2,http://www.reactome.org/biopax/96/48895#BiochemicalReaction6585,1,http://www.reactome.org/biopax/96/48895#Catalysis2779,5412
5080,160|7619|9048,7279|9049,3,2,http://www.reactome.org/biopax/96/48895#BiochemicalReaction8417,1,http://www.reactome.org/biopax/96/48895#Catalysis4418,5413
5081,6456|9434|9590,9591|9592,3,2,http://www.reactome.org/biopax/96/48895#BiochemicalReaction1794,1,http://www.reactome.org/biopax/96/48895#Catalysis754,5414
5082,4656|4658|9546,4659|9550,3,2,http://www.reactome.org/biopax/96/48895#BiochemicalReaction6182,1,http://www.reactome.org/biopax/96/48895#Catalysis2531,5415
5083,5185|5188|7389,5187|7557|9632,3,3,http://www.reactome.org/biopax/96/48895#BiochemicalReaction7039,1,http://www.reactome.org/biopax/96/48895#Catalysis3117,5416
5084,3647|7621|8107,7622|8108|9667,3,3,http://www.reactome.org/biopax/96/48895#BiochemicalReaction7338,1,http://www.reactome.org/biopax/96/48895#Catalysis3397,5418
5085,6573|7390|8868,7391|8875,3,2,http://www.reactome.org/biopax/96/48895#BiochemicalReaction2013,1,http://www.reactome.org/biopax/96/48895#Catalysis945,5419
5086,5312|7508|8581,8582,3,1,http://www.reactome.org/biopax/96/48895#BiochemicalReaction7835,1,http://www.reactome.org/biopax/96/48895#Catalysis3875,5420
5087,963|9451|9567,7556|9563|9568,3,3,http://www.reactome.org/biopax/96/48895#BiochemicalReaction1775,1,http://www.reactome.org/biopax/96/48895#Catalysis736,5421
5088,2052|4161|4175,2009,3,1,http://www.reactome.org/biopax/96/48895#BiochemicalReaction3967,1,http://www.reactome.org/biopax/96/48895#Catalysis1773,5422
5089,3575|7626|7851,7850|7852,3,2,http://www.reactome.org/biopax/96/48895#BiochemicalReaction7031,1,http://www.reactome.org/biopax/96/48895#Catalysis3109,5423
5090,1812|6280,7101|7102,2,2,http://www.reactome.org/biopax/96/48895#BiochemicalReaction3466,1,http://www.reactome.org/biopax/96/48895#Catalysis1597,5425
5091,2098|4274|7237,4271|7635,3,2,http://www.reactome.org/biopax/96/48895#BiochemicalReaction4089,1,http://www.reactome.org/biopax/96/48895#Catalysis1813,5426
5092,1458|6658,1459,2,1,http://www.reactome.org/biopax/96/48895#BiochemicalReaction2798,1,http://www.reactome.org/biopax/96/48895#Catalysis1321,5427
5093,487,475|477|6003|6008|6009|6010|6011|6013|7560,1,9,http://www.reactome.org/biopax/96/48895#BiochemicalReaction756,1,http://www.reactome.org/biopax/96/48895#Catalysis273,5428
5094,6066|7362|7537,7363|7493,3,2,http://www.reactome.org/biopax/96/48895#BiochemicalReaction1994,1,http://www.reactome.org/biopax/96/48895#Catalysis929,5429
5095,437|439|5971,440,3,1,http://www.reactome.org/biopax/96/48895#BiochemicalReaction700,1,http://www.reactome.org/biopax/96/48895#Control51,5430
5096,126|6360|7237,127|7635,3,2,http://www.reactome.org/biopax/96/48895#BiochemicalReaction8310,1,http://www.reactome.org/biopax/96/48895#Catalysis4311,5431
5097,1014|6690|7237,1171|7635,3,2,http://www.reactome.org/biopax/96/48895#BiochemicalReaction2390,1,http://www.reactome.org/biopax/96/48895#Catalysis1113,5432
5098,6048|6056|6119,1002,3,1,http://www.reactome.org/biopax/96/48895#BiochemicalReaction8,1,http://www.reactome.org/biopax/96/48895#Catalysis3,5433
5099,949|2496|9070,950|7507,3,2,http://www.reactome.org/biopax/96/48895#BiochemicalReaction4814,1,http://www.reactome.org/biopax/96/48895#Control441,5434
5100,1529|7524|9433|9437,7525|9435|9436|9513,4,4,http://www.reactome.org/biopax/96/48895#BiochemicalReaction2910,1,http://www.reactome.org/biopax/96/48895#Catalysis1386,5435
5101,274|9333,8945|9332,2,2,http://www.reactome.org/biopax/96/48895#BiochemicalReaction8660,1,http://www.reactome.org/biopax/96/48895#Catalysis4654,5436
5102,2701|5415|7141,2702,3,1,http://www.reactome.org/biopax/96/48895#BiochemicalReaction5109,1,http://www.reactome.org/biopax/96/48895#Catalysis2176,5437
5103,7437|8685|9487,7619|8079,3,2,http://www.reactome.org/biopax/96/48895#BiochemicalReaction8015,1,http://www.reactome.org/biopax/96/48895#Control772,5438
5104,499|7624|7626,7629|7633,3,2,http://www.reactome.org/biopax/96/48895#BiochemicalReaction771,1,http://www.reactome.org/biopax/96/48895#Catalysis288,5439
5105,6212|6214|9494,6213|9444|9495,3,3,http://www.reactome.org/biopax/96/48895#BiochemicalReaction1192,1,http://www.reactome.org/biopax/96/48895#Catalysis521,5440
5106,6604|7537,7493,2,1,http://www.reactome.org/biopax/96/48895#BiochemicalReaction2102,1,http://www.reactome.org/biopax/96/48895#Catalysis1012,5441
5107,5042|6197,6199,2,1,http://www.reactome.org/biopax/96/48895#BiochemicalReaction1139,1,http://www.reactome.org/biopax/96/48895#Control95,5442
5108,1558|1601|9070,1565|7507,3,2,http://www.reactome.org/biopax/96/48895#BiochemicalReaction984,1,http://www.reactome.org/biopax/96/48895#Catalysis430,5444
5109,6608|8228,9539,2,1,http://www.reactome.org/biopax/96/48895#BiochemicalReaction2124,1,http://www.reactome.org/biopax/96/48895#Catalysis1026,5445
5110,2068|2069|7237,2070|7635,3,2,http://www.reactome.org/biopax/96/48895#BiochemicalReaction4034,1,http://www.reactome.org/biopax/96/48895#Catalysis1786,5446
5111,3407|9587,3408|4033,2,2,http://www.reactome.org/biopax/96/48895#BiochemicalReaction6724,1,http://www.reactome.org/biopax/96/48895#Catalysis2907,5447
5112,1777|2480,2481,2,1,http://www.reactome.org/biopax/96/48895#BiochemicalReaction4796,1,http://www.reactome.org/biopax/96/48895#Control436,5448
5113,2183|2186|2189,2187,3,1,http://www.reactome.org/biopax/96/48895#BiochemicalReaction4255,-1,http://www.reactome.org/biopax/96/48895#Control395,5449
5114,3015|7434|9444,3014|9446,3,2,http://www.reactome.org/biopax/96/48895#BiochemicalReaction7949,1,http://www.reactome.org/biopax/96/48895#Control743,5450
5115,2213|4332|9587,4331|9596,3,2,http://www.reactome.org/biopax/96/48895#BiochemicalReaction4288,1,http://www.reactome.org/biopax/96/48895#Catalysis1888,5451
5116,3054|7237,3055|7635,2,2,http://www.reactome.org/biopax/96/48895#BiochemicalReaction5901,1,http://www.reactome.org/biopax/96/48895#Catalysis2416,5452
5117,5600|8850,8851,2,1,http://www.reactome.org/biopax/96/48895#BiochemicalReaction8159,1,http://www.reactome.org/biopax/96/48895#Catalysis4167,5453
5118,6314|6315|9433|9434,6290|9435|9436|9513,4,4,http://www.reactome.org/biopax/96/48895#BiochemicalReaction1404,1,http://www.reactome.org/biopax/96/48895#Catalysis594,5454
5119,5074|7439|7619|9667,5547|7551,4,2,http://www.reactome.org/biopax/96/48895#BiochemicalReaction7964,-1,http://www.reactome.org/biopax/96/48895#Control750,5456
5120,978|7237|7966|9565,7580|7635|7949|8167,4,4,http://www.reactome.org/biopax/96/48895#BiochemicalReaction7371,1,http://www.reactome.org/biopax/96/48895#Catalysis3428,5457
5121,187|9053|9565,9054|9655,3,2,http://www.reactome.org/biopax/96/48895#BiochemicalReaction8421,1,http://www.reactome.org/biopax/96/48895#Catalysis4422,5458
5122,4013|8026|8489|8747|9206,8027|8467|9207,5,3,http://www.reactome.org/biopax/96/48895#BiochemicalReaction8570,1,http://www.reactome.org/biopax/96/48895#Catalysis4567,5459
5123,2982|2984|7237,2985|7635,3,2,http://www.reactome.org/biopax/96/48895#BiochemicalReaction5709,1,http://www.reactome.org/biopax/96/48895#Catalysis2346,5461
5124,9147|9275|9276,9277|9278,3,2,http://www.reactome.org/biopax/96/48895#BiochemicalReaction8614,-1,http://www.reactome.org/biopax/96/48895#Control841,5462
5125,5183|7237|7853,7635|7949|8868,3,3,http://www.reactome.org/biopax/96/48895#BiochemicalReaction7037,1,http://www.reactome.org/biopax/96/48895#Catalysis3115,5463
5126,1817|6167|7237,1818|7045|7635,3,3,http://www.reactome.org/biopax/96/48895#BiochemicalReaction3410,1,http://www.reactome.org/biopax/96/48895#Catalysis1568,5465
5127,410|5875|7237,5885|7635,3,2,http://www.reactome.org/biopax/96/48895#BiochemicalReaction8914,-1,http://www.reactome.org/biopax/96/48895#Control910,5466
5128,3218|7237,3219|7635,2,2,http://www.reactome.org/biopax/96/48895#BiochemicalReaction6279,1,http://www.reactome.org/biopax/96/48895#Catalysis2578,5467
5129,889|7237,890|7635,2,2,http://www.reactome.org/biopax/96/48895#BiochemicalReaction1584,1,http://www.reactome.org/biopax/96/48895#Catalysis680,5468
5130,986|7238,7423,2,1,http://www.reactome.org/biopax/96/48895#BiochemicalReaction1839,1,http://www.reactome.org/biopax/96/48895#Control183,5469
5131,2609|7237,2610|7635,2,2,http://www.reactome.org/biopax/96/48895#BiochemicalReaction4971,1,http://www.reactome.org/biopax/96/48895#Catalysis2115,5470
5132,1898|1899|7178|7179,1899|1900|7179,4,3,http://www.reactome.org/biopax/96/48895#BiochemicalReaction3603,1,http://www.reactome.org/biopax/96/48895#Catalysis1659,5471
5133,1627,1575|1628|6890|6899,1,4,http://www.reactome.org/biopax/96/48895#BiochemicalReaction3039,1,http://www.reactome.org/biopax/96/48895#Catalysis1447,5472
5134,4806|7389|7772,3935,3,1,http://www.reactome.org/biopax/96/48895#BiochemicalReaction6519,1,http://www.reactome.org/biopax/96/48895#Catalysis2719,5473
5135,380|5824,381,2,1,http://www.reactome.org/biopax/96/48895#BiochemicalReaction8851,1,http://www.reactome.org/biopax/96/48895#Control869,5474
5136,2994|7237,7971|8228,2,2,http://www.reactome.org/biopax/96/48895#BiochemicalReaction5752,1,http://www.reactome.org/biopax/96/48895#Catalysis2363,5475
5137,144|146|9444,143|9446,3,2,http://www.reactome.org/biopax/96/48895#BiochemicalReaction8346,1,http://www.reactome.org/biopax/96/48895#Catalysis4347,5476
5138,828|4364,4365|7156,2,2,http://www.reactome.org/biopax/96/48895#BiochemicalReaction4353,1,http://www.reactome.org/biopax/96/48895#Control404,5477
5139,3604|9554|9565,7956|9655,3,2,http://www.reactome.org/biopax/96/48895#BiochemicalReaction7187,1,http://www.reactome.org/biopax/96/48895#Catalysis3255,5478
5140,1064|6054|7237,1065|7635,3,2,http://www.reactome.org/biopax/96/48895#BiochemicalReaction2157,1,http://www.reactome.org/biopax/96/48895#Catalysis1047,5479
5141,981|7237|9565|9602,7635|9456|9655,4,3,http://www.reactome.org/biopax/96/48895#BiochemicalReaction1829,1,http://www.reactome.org/biopax/96/48895#Catalysis772,5480
5142,870|6076|9070,871|7507,3,2,http://www.reactome.org/biopax/96/48895#BiochemicalReaction1557,1,http://www.reactome.org/biopax/96/48895#Catalysis668,5481
5143,2849|9143|9144,7267|9684,3,2,http://www.reactome.org/biopax/96/48895#BiochemicalReaction8521,1,http://www.reactome.org/biopax/96/48895#Control829,5482
5144,6366|6367|7237,6368|7635,3,2,http://www.reactome.org/biopax/96/48895#BiochemicalReaction1520,1,http://www.reactome.org/biopax/96/48895#Catalysis654,5483
5145,1335|1376|7237,1377|7635,3,2,http://www.reactome.org/biopax/96/48895#BiochemicalReaction2673,1,http://www.reactome.org/biopax/96/48895#Catalysis1253,5484
5146,5394|7459|8254,7580|7585,3,2,http://www.reactome.org/biopax/96/48895#BiochemicalReaction7485,1,http://www.reactome.org/biopax/96/48895#Catalysis3542,5485
5147,5421|7237|8252,7635|7665,3,2,http://www.reactome.org/biopax/96/48895#BiochemicalReaction7539,1,http://www.reactome.org/biopax/96/48895#Catalysis3596,5486
5148,2722|4965,4966|5900,2,2,http://www.reactome.org/biopax/96/48895#BiochemicalReaction6640,1,http://www.reactome.org/biopax/96/48895#Catalysis2834,5487
5149,4379|5082|5083,4481|5084,3,2,http://www.reactome.org/biopax/96/48895#BiochemicalReaction6855,-1,http://www.reactome.org/biopax/96/48895#Control616,5488
5150,5403|7452,3697,2,1,http://www.reactome.org/biopax/96/48895#BiochemicalReaction7507,1,http://www.reactome.org/biopax/96/48895#Catalysis3564,5489
5151,2839|4454|9529,2838,3,1,http://www.reactome.org/biopax/96/48895#BiochemicalReaction5385,1,http://www.reactome.org/biopax/96/48895#Control489,5490
5152,5720|8875|9565,7545|9655,3,2,http://www.reactome.org/biopax/96/48895#BiochemicalReaction8643,1,http://www.reactome.org/biopax/96/48895#Catalysis4637,5491
5153,232|9143|9144,7267|9684,3,2,http://www.reactome.org/biopax/96/48895#BiochemicalReaction8521,1,http://www.reactome.org/biopax/96/48895#Catalysis4520,5492
5154,2741|2755|6241,2754,3,1,http://www.reactome.org/biopax/96/48895#BiochemicalReaction5179,1,http://www.reactome.org/biopax/96/48895#Control472,5493
5155,2085|2090|7237,2094|7635,3,2,http://www.reactome.org/biopax/96/48895#BiochemicalReaction4080,1,http://www.reactome.org/biopax/96/48895#Catalysis1808,5494
5156,6679|9565|9604,7583|7584,3,2,http://www.reactome.org/biopax/96/48895#BiochemicalReaction4057,1,http://www.reactome.org/biopax/96/48895#Catalysis1800,5495
5157,493|7546|7949,7602|9517,3,2,http://www.reactome.org/biopax/96/48895#BiochemicalReaction763,1,http://www.reactome.org/biopax/96/48895#Catalysis280,5497
5158,6500|7238|7537|7572,7423|7493|9472,4,3,http://www.reactome.org/biopax/96/48895#BiochemicalReaction1875,1,http://www.reactome.org/biopax/96/48895#Catalysis813,5498
5159,2126|9546,2132|9550,2,2,http://www.reactome.org/biopax/96/48895#BiochemicalReaction401,1,http://www.reactome.org/biopax/96/48895#Catalysis142,5499
5160,641|2722|5280,4996|5900,3,2,http://www.reactome.org/biopax/96/48895#BiochemicalReaction6671,1,http://www.reactome.org/biopax/96/48895#Catalysis2864,5500
5161,6524|7567,7576,2,1,http://www.reactome.org/biopax/96/48895#BiochemicalReaction1910,1,http://www.reactome.org/biopax/96/48895#Catalysis848,5501
5162,7189|7190|9507,7192,3,1,http://www.reactome.org/biopax/96/48895#BiochemicalReaction3656,-1,http://www.reactome.org/biopax/96/48895#Control342,5502
5163,5989|7459|7817,7580|8195,3,2,http://www.reactome.org/biopax/96/48895#BiochemicalReaction7398,1,http://www.reactome.org/biopax/96/48895#Catalysis3455,5503
5164,5978|8511|8512,7580|8466,3,2,http://www.reactome.org/biopax/96/48895#BiochemicalReaction7758,1,http://www.reactome.org/biopax/96/48895#Catalysis3802,5504
5165,6497|7537|9651,7493|9653,3,2,http://www.reactome.org/biopax/96/48895#BiochemicalReaction1871,1,http://www.reactome.org/biopax/96/48895#Catalysis810,5505
5166,553|571|9400,573|9397,3,2,http://www.reactome.org/biopax/96/48895#BiochemicalReaction104,1,http://www.reactome.org/biopax/96/48895#Catalysis36,5506
5167,3845|8675,3846|7413,2,2,http://www.reactome.org/biopax/96/48895#BiochemicalReaction7972,1,http://www.reactome.org/biopax/96/48895#Catalysis4000,5507
5168,3618|7583|8747,7993,3,1,http://www.reactome.org/biopax/96/48895#BiochemicalReaction7229,1,http://www.reactome.org/biopax/96/48895#Catalysis3289,5508
5169,6200|6205|7237,6204|9550,3,2,http://www.reactome.org/biopax/96/48895#BiochemicalReaction1154,1,http://www.reactome.org/biopax/96/48895#Catalysis496,5509
5170,3196|4691,3195|5415,2,2,http://www.reactome.org/biopax/96/48895#BiochemicalReaction6257,-1,http://www.reactome.org/biopax/96/48895#Control589,5510
5171,467|7493,468|9453,2,2,http://www.reactome.org/biopax/96/48895#BiochemicalReaction735,1,http://www.reactome.org/biopax/96/48895#Control55,5512
5172,6557|7537|9577,7493|9597,3,2,http://www.reactome.org/biopax/96/48895#BiochemicalReaction1982,1,http://www.reactome.org/biopax/96/48895#Catalysis918,5514
5173,1477|7520,1478|7365,2,2,http://www.reactome.org/biopax/96/48895#BiochemicalReaction2853,1,http://www.reactome.org/biopax/96/48895#Catalysis1355,5515
5174,5606|7580,8708,2,1,http://www.reactome.org/biopax/96/48895#BiochemicalReaction8173,1,http://www.reactome.org/biopax/96/48895#Catalysis4181,5516
5175,5319|7583|8026|8489|8747,8027|8028|8467,5,3,http://www.reactome.org/biopax/96/48895#BiochemicalReaction7267,1,http://www.reactome.org/biopax/96/48895#Catalysis3326,5517
5176,3064|7237,3067|7635,2,2,http://www.reactome.org/biopax/96/48895#BiochemicalReaction5912,1,http://www.reactome.org/biopax/96/48895#Catalysis2420,5518
5177,1799|7027|7028,1802,3,1,http://www.reactome.org/biopax/96/48895#BiochemicalReaction3392,-1,http://www.reactome.org/biopax/96/48895#Control303,5519
5178,3576|7626|7859,7852|7860,3,2,http://www.reactome.org/biopax/96/48895#BiochemicalReaction7050,1,http://www.reactome.org/biopax/96/48895#Catalysis3126,5520
5179,522|4559|6444,2971,3,1,http://www.reactome.org/biopax/96/48895#BiochemicalReaction5885,-1,http://www.reactome.org/biopax/96/48895#Control543,5521
5180,5348|7689|8190,7580|7961,3,2,http://www.reactome.org/biopax/96/48895#BiochemicalReaction7391,1,http://www.reactome.org/biopax/96/48895#Catalysis3448,5522
5181,1196|9565,1197|1198|9655,2,3,http://www.reactome.org/biopax/96/48895#BiochemicalReaction2413,1,http://www.reactome.org/biopax/96/48895#Catalysis1120,5523
5182,3957|7579|7872,7255|7580|7873,3,3,http://www.reactome.org/biopax/96/48895#BiochemicalReaction7083,1,http://www.reactome.org/biopax/96/48895#Catalysis3154,5524
5183,5402|8265|8266,8268|9685,3,2,http://www.reactome.org/biopax/96/48895#BiochemicalReaction7499,1,http://www.reactome.org/biopax/96/48895#Catalysis3556,5525
5184,526|9546,527|9550,2,2,http://www.reactome.org/biopax/96/48895#BiochemicalReaction813,1,http://www.reactome.org/biopax/96/48895#Catalysis316,5526
5185,2836|4453|9529,2835,3,1,http://www.reactome.org/biopax/96/48895#BiochemicalReaction5381,1,http://www.reactome.org/biopax/96/48895#Control487,5527
5186,1903|1905|7180,1906,3,1,http://www.reactome.org/biopax/96/48895#BiochemicalReaction3607,-1,http://www.reactome.org/biopax/96/48895#Control334,5528
5187,679|2017|9587,2015|9596,3,2,http://www.reactome.org/biopax/96/48895#BiochemicalReaction3836,-1,http://www.reactome.org/biopax/96/48895#Control358,5529
5188,5490|8481|9485|9662|9667,8483|9444|9486,5,3,http://www.reactome.org/biopax/96/48895#BiochemicalReaction7725,1,http://www.reactome.org/biopax/96/48895#Catalysis3773,5531
5189,4545|6190,4547,2,1,http://www.reactome.org/biopax/96/48895#BiochemicalReaction5857,1,http://www.reactome.org/biopax/96/48895#Control537,5532
5190,3943|4877,6894,2,1,http://www.reactome.org/biopax/96/48895#BiochemicalReaction6572,1,http://www.reactome.org/biopax/96/48895#Catalysis2766,5533
5191,2647|3828,3829,2,1,http://www.reactome.org/biopax/96/48895#BiochemicalReaction7932,1,http://www.reactome.org/biopax/96/48895#Catalysis3963,5534
5192,92|8913,8914|9565,2,2,http://www.reactome.org/biopax/96/48895#BiochemicalReaction8252,1,http://www.reactome.org/biopax/96/48895#Catalysis4257,5535
5193,2237|4353|7603,4354|8228,3,2,http://www.reactome.org/biopax/96/48895#BiochemicalReaction4334,1,http://www.reactome.org/biopax/96/48895#Catalysis1912,5536
5194,7237|7839|9655,7545|7949|8218,3,3,http://www.reactome.org/biopax/96/48895#BiochemicalReaction7021,1,http://www.reactome.org/biopax/96/48895#Control677,5537
5195,12|7237|8764,7635|7949|8765,3,3,http://www.reactome.org/biopax/96/48895#BiochemicalReaction8087,1,http://www.reactome.org/biopax/96/48895#Catalysis4095,5538
5196,5615|7800|8869,59|7949|8870,3,3,http://www.reactome.org/biopax/96/48895#BiochemicalReaction8192,1,http://www.reactome.org/biopax/96/48895#Catalysis4200,5539
5197,4052|6108|7949|9644,9408|9633,4,2,http://www.reactome.org/biopax/96/48895#BiochemicalReaction963,1,http://www.reactome.org/biopax/96/48895#Catalysis418,5540
5198,586|8539|8868,8875|9310,3,2,http://www.reactome.org/biopax/96/48895#BiochemicalReaction8640,1,http://www.reactome.org/biopax/96/48895#Catalysis4634,5542
5199,2009|4250,2052|4161,2,2,http://www.reactome.org/biopax/96/48895#BiochemicalReaction3968,1,http://www.reactome.org/biopax/96/48895#Catalysis1774,5543
5200,1652|7318,7372,2,1,http://www.reactome.org/biopax/96/48895#BiochemicalReaction3077,1,http://www.reactome.org/biopax/96/48895#Catalysis1463,5544
5201,4241|6052|9546,6053|9550,3,2,http://www.reactome.org/biopax/96/48895#BiochemicalReaction3839,1,http://www.reactome.org/biopax/96/48895#Catalysis1750,5545
5202,606|9415,7556,2,1,http://www.reactome.org/biopax/96/48895#BiochemicalReaction978,1,http://www.reactome.org/biopax/96/48895#Catalysis427,5546
5203,5308|7995,7998,2,1,http://www.reactome.org/biopax/96/48895#BiochemicalReaction7236,1,http://www.reactome.org/biopax/96/48895#Catalysis3296,5547
5204,3584|5235|7626,5210|7864,3,2,http://www.reactome.org/biopax/96/48895#BiochemicalReaction7074,1,http://www.reactome.org/biopax/96/48895#Catalysis3145,5548
5205,5888|9070,8228|9522,2,2,http://www.reactome.org/biopax/96/48895#BiochemicalReaction8919,1,http://www.reactome.org/biopax/96/48895#Catalysis4784,5549
5206,1417|1419|9565,1416|4143|9655,3,3,http://www.reactome.org/biopax/96/48895#BiochemicalReaction2728,1,http://www.reactome.org/biopax/96/48895#Catalysis1286,5550
5207,380|5830,381,2,1,http://www.reactome.org/biopax/96/48895#BiochemicalReaction8851,1,http://www.reactome.org/biopax/96/48895#Control876,5551
5208,3566|7816|7841,7843|9615,3,2,http://www.reactome.org/biopax/96/48895#BiochemicalReaction7012,1,http://www.reactome.org/biopax/96/48895#Catalysis3091,5552
5209,135|7622|8970|9667,7621|8971,4,2,http://www.reactome.org/biopax/96/48895#BiochemicalReaction8326,1,http://www.reactome.org/biopax/96/48895#Catalysis4327,5554
5210,1549|4537|6896,4901|5900,3,2,http://www.reactome.org/biopax/96/48895#BiochemicalReaction6588,1,http://www.reactome.org/biopax/96/48895#Catalysis2782,5555
5211,847|3047|9565,3048|9655,3,2,http://www.reactome.org/biopax/96/48895#BiochemicalReaction5896,1,http://www.reactome.org/biopax/96/48895#Catalysis2414,5556
5212,464|9565,4960|5415|5979,2,3,http://www.reactome.org/biopax/96/48895#BiochemicalReaction726,1,http://www.reactome.org/biopax/96/48895#Catalysis252,5557
5213,5365|7694|9565,7698|8207,3,2,http://www.reactome.org/biopax/96/48895#BiochemicalReaction7415,1,http://www.reactome.org/biopax/96/48895#Catalysis3472,5558
5214,1030|7372|8489,7416|7949,3,2,http://www.reactome.org/biopax/96/48895#BiochemicalReaction2067,1,http://www.reactome.org/biopax/96/48895#Control192,5559
5215,5967|7019|9546,7020|9550,3,2,http://www.reactome.org/biopax/96/48895#BiochemicalReaction3374,1,http://www.reactome.org/biopax/96/48895#Catalysis1554,5560
5216,3637|8597|9565,8624,3,1,http://www.reactome.org/biopax/96/48895#BiochemicalReaction7869,1,http://www.reactome.org/biopax/96/48895#Catalysis3909,5561
5217,4105|4106|9451,9573|9574,3,2,http://www.reactome.org/biopax/96/48895#BiochemicalReaction1782,1,http://www.reactome.org/biopax/96/48895#Catalysis743,5562
5218,95|8913|9565|9633,7949|8905|9517|9644,4,4,http://www.reactome.org/biopax/96/48895#BiochemicalReaction8259,1,http://www.reactome.org/biopax/96/48895#Catalysis4264,5563
5219,6493|7493|9600,7537|9601,3,2,http://www.reactome.org/biopax/96/48895#BiochemicalReaction1868,1,http://www.reactome.org/biopax/96/48895#Catalysis807,5564
5220,4301|5133|7450,5132|7580,3,2,http://www.reactome.org/biopax/96/48895#BiochemicalReaction6917,1,http://www.reactome.org/biopax/96/48895#Catalysis3008,5565
5221,3975|7237|9533,7635|8187,3,2,http://www.reactome.org/biopax/96/48895#BiochemicalReaction7386,1,http://www.reactome.org/biopax/96/48895#Catalysis3443,5566
5222,1018|7407|7408,9649,3,1,http://www.reactome.org/biopax/96/48895#BiochemicalReaction2040,1,http://www.reactome.org/biopax/96/48895#Catalysis969,5567
5223,45|9565|9656,7545|7949|9505,3,3,http://www.reactome.org/biopax/96/48895#BiochemicalReaction8162,1,http://www.reactome.org/biopax/96/48895#Catalysis4170,5568
5224,6356|8065|8747|9516,8066|8467|9519,4,3,http://www.reactome.org/biopax/96/48895#BiochemicalReaction7299,1,http://www.reactome.org/biopax/96/48895#Catalysis3358,5569
5225,6473|7537|7949,7493|7556,3,2,http://www.reactome.org/biopax/96/48895#BiochemicalReaction1844,1,http://www.reactome.org/biopax/96/48895#Catalysis783,5570
5226,3793|8708|8995,7660|8117,3,2,http://www.reactome.org/biopax/96/48895#BiochemicalReaction8354,1,http://www.reactome.org/biopax/96/48895#Catalysis4355,5571
5227,6089|7508|7949|9175|9644,9197|9565|9633,5,3,http://www.reactome.org/biopax/96/48895#BiochemicalReaction937,1,http://www.reactome.org/biopax/96/48895#Catalysis398,5572
5228,5491|7237|7580|8446,7545|8228|8447,4,3,http://www.reactome.org/biopax/96/48895#BiochemicalReaction7699,1,http://www.reactome.org/biopax/96/48895#Catalysis3747,5573
5229,2085|2088|7237,2089|7635,3,2,http://www.reactome.org/biopax/96/48895#BiochemicalReaction4075,1,http://www.reactome.org/biopax/96/48895#Catalysis1805,5575
5230,3480|4451|9451,5094,3,1,http://www.reactome.org/biopax/96/48895#BiochemicalReaction6871,1,http://www.reactome.org/biopax/96/48895#Catalysis2988,5576
5231,6299|6300|9433|9434,6290|9435|9436|9513,4,4,http://www.reactome.org/biopax/96/48895#BiochemicalReaction1394,1,http://www.reactome.org/biopax/96/48895#Catalysis584,5577
5232,6073|7237|8275,7635|8331,3,2,http://www.reactome.org/biopax/96/48895#BiochemicalReaction895,1,http://www.reactome.org/biopax/96/48895#Catalysis358,5578
5233,3658|8134|9481,8135|9480,3,2,http://www.reactome.org/biopax/96/48895#BiochemicalReaction7354,1,http://www.reactome.org/biopax/96/48895#Catalysis3411,5579
5234,5481|8411,8412,2,1,http://www.reactome.org/biopax/96/48895#BiochemicalReaction7664,1,http://www.reactome.org/biopax/96/48895#Catalysis3714,5580
5235,3111|4624|9565,3110|9655,3,2,http://www.reactome.org/biopax/96/48895#BiochemicalReaction6018,1,http://www.reactome.org/biopax/96/48895#Catalysis2479,5581
5236,5490|8480|9485|9662|9667,8481|9444|9486,5,3,http://www.reactome.org/biopax/96/48895#BiochemicalReaction7723,1,http://www.reactome.org/biopax/96/48895#Catalysis3771,5582
5237,5527|7800|8592,8008|8609|9565,3,3,http://www.reactome.org/biopax/96/48895#BiochemicalReaction7856,1,http://www.reactome.org/biopax/96/48895#Catalysis3896,5583
5238,3670|9565|9605,7698|8257,3,2,http://www.reactome.org/biopax/96/48895#BiochemicalReaction7489,1,http://www.reactome.org/biopax/96/48895#Catalysis3546,5584
5239,1544|4844,1545,2,1,http://www.reactome.org/biopax/96/48895#BiochemicalReaction2933,1,http://www.reactome.org/biopax/96/48895#Catalysis1397,5585
5240,254|7508|9249|9565,7513|9250|9660,4,3,http://www.reactome.org/biopax/96/48895#BiochemicalReaction8596,1,http://www.reactome.org/biopax/96/48895#Catalysis4593,5586
5241,5158|7431|9623,7819|9655,3,2,http://www.reactome.org/biopax/96/48895#BiochemicalReaction6967,1,http://www.reactome.org/biopax/96/48895#Catalysis3048,5587
5242,1434|2808,1103|5415,2,2,http://www.reactome.org/biopax/96/48895#BiochemicalReaction2764,1,http://www.reactome.org/biopax/96/48895#Catalysis1304,5588
5243,3355|9587,3356|4033,2,2,http://www.reactome.org/biopax/96/48895#BiochemicalReaction6695,1,http://www.reactome.org/biopax/96/48895#Catalysis2882,5589
5244,3196|4690,3195|5415,2,2,http://www.reactome.org/biopax/96/48895#BiochemicalReaction6257,1,http://www.reactome.org/biopax/96/48895#Control590,5590
5245,3724|8313|8314,7694|8316,3,2,http://www.reactome.org/biopax/96/48895#BiochemicalReaction7577,1,http://www.reactome.org/biopax/96/48895#Catalysis3632,5591
5246,3241|8228|9565,9655,3,1,http://www.reactome.org/biopax/96/48895#BiochemicalReaction6347,1,http://www.reactome.org/biopax/96/48895#Catalysis2599,5592
5247,2711|5415,2712|7235,2,2,http://www.reactome.org/biopax/96/48895#BiochemicalReaction5122,1,http://www.reactome.org/biopax/96/48895#Catalysis2184,5594
5248,2796|4441|9587,2795|7613,3,2,http://www.reactome.org/biopax/96/48895#BiochemicalReaction5233,1,http://www.reactome.org/biopax/96/48895#Catalysis2226,5595
5249,2003|2005,828,2,1,http://www.reactome.org/biopax/96/48895#BiochemicalReaction3815,1,http://www.reactome.org/biopax/96/48895#Control352,5596
5250,5593|8783|9565,7949|8784|9655,3,3,http://www.reactome.org/biopax/96/48895#BiochemicalReaction8108,1,http://www.reactome.org/biopax/96/48895#Catalysis4116,5597
5251,6911|6937|7237,6939|7635,3,2,http://www.reactome.org/biopax/96/48895#BiochemicalReaction4046,1,http://www.reactome.org/biopax/96/48895#Catalysis1793,5598
5252,2920|7237,2923|7635,2,2,http://www.reactome.org/biopax/96/48895#BiochemicalReaction5612,1,http://www.reactome.org/biopax/96/48895#Catalysis2309,5599
5253,3855|7623|8670,8659|8671,3,2,http://www.reactome.org/biopax/96/48895#BiochemicalReaction7969,1,http://www.reactome.org/biopax/96/48895#Catalysis3997,5600
5254,724|7949|9471,7508|9660,3,2,http://www.reactome.org/biopax/96/48895#BiochemicalReaction1176,1,http://www.reactome.org/biopax/96/48895#Catalysis506,5601
5255,3569|7237|7839,7545|7949|8218,3,3,http://www.reactome.org/biopax/96/48895#BiochemicalReaction7021,1,http://www.reactome.org/biopax/96/48895#Catalysis3100,5602
5256,4155|7237,4156|7635,2,2,http://www.reactome.org/biopax/96/48895#BiochemicalReaction3260,1,http://www.reactome.org/biopax/96/48895#Catalysis1521,5603
5257,6356|8043|8747|9516,8045|8467|9519,4,3,http://www.reactome.org/biopax/96/48895#BiochemicalReaction7281,1,http://www.reactome.org/biopax/96/48895#Catalysis3340,5604
5258,1137|9070,1138|7507,2,2,http://www.reactome.org/biopax/96/48895#BiochemicalReaction2319,1,http://www.reactome.org/biopax/96/48895#Catalysis1094,5605
5259,2814|5415,2815|7226,2,2,http://www.reactome.org/biopax/96/48895#BiochemicalReaction5257,1,http://www.reactome.org/biopax/96/48895#Catalysis2233,5606
5260,5483|7949|8413|9644,8414|9633,4,2,http://www.reactome.org/biopax/96/48895#BiochemicalReaction7666,1,http://www.reactome.org/biopax/96/48895#Catalysis3716,5607
5261,6318|6341|7305,6342|7311,3,2,http://www.reactome.org/biopax/96/48895#BiochemicalReaction1443,1,http://www.reactome.org/biopax/96/48895#Catalysis626,5608
5262,6587|7237|7420|9565,7421|7635|9655,4,3,http://www.reactome.org/biopax/96/48895#BiochemicalReaction2078,1,http://www.reactome.org/biopax/96/48895#Catalysis992,5609
5263,2027|2028|4074,2029,3,1,http://www.reactome.org/biopax/96/48895#BiochemicalReaction3871,-1,http://www.reactome.org/biopax/96/48895#Control365,5610
5264,7413|9163|9164,8673|9667,3,2,http://www.reactome.org/biopax/96/48895#BiochemicalReaction8537,-1,http://www.reactome.org/biopax/96/48895#Control833,5611
5265,6804|6847|9546,6848|9550,3,2,http://www.reactome.org/biopax/96/48895#BiochemicalReaction2734,1,http://www.reactome.org/biopax/96/48895#Catalysis1289,5612
5266,2808|2947,4502|5415,2,2,http://www.reactome.org/biopax/96/48895#BiochemicalReaction5656,1,http://www.reactome.org/biopax/96/48895#Catalysis2322,5614
5267,4605|5415|7173,4604,3,1,http://www.reactome.org/biopax/96/48895#BiochemicalReaction5995,1,http://www.reactome.org/biopax/96/48895#Catalysis2465,5615
5268,1170|1183|1184|1185|1186|1187|1189|6698|9460,1175|1190|6697,9,3,http://www.reactome.org/biopax/96/48895#BiochemicalReaction2406,1,http://www.reactome.org/biopax/96/48895#Control245,5616
5269,4615|5024,7173,2,1,http://www.reactome.org/biopax/96/48895#BiochemicalReaction6738,1,http://www.reactome.org/biopax/96/48895#Catalysis2917,5617
5270,7334|8702|9070|9108,7507|7949|8702|9655,4,4,http://www.reactome.org/biopax/96/48895#BiochemicalReaction8033,-1,http://www.reactome.org/biopax/96/48895#Control781,5618
5271,1367|1369|7237,1368|7635,3,2,http://www.reactome.org/biopax/96/48895#BiochemicalReaction2664,1,http://www.reactome.org/biopax/96/48895#Catalysis1247,5619
5272,3533|5153|7626,3534|7807,3,2,http://www.reactome.org/biopax/96/48895#BiochemicalReaction6954,1,http://www.reactome.org/biopax/96/48895#Catalysis3035,5620
5273,5360|6732|9546,6734|9550,3,2,http://www.reactome.org/biopax/96/48895#BiochemicalReaction2498,1,http://www.reactome.org/biopax/96/48895#Catalysis1158,5621
5274,2962|2963|7237,1172|7635,3,2,http://www.reactome.org/biopax/96/48895#BiochemicalReaction5686,1,http://www.reactome.org/biopax/96/48895#Catalysis2333,5622
5275,4124|9472,7572,2,1,http://www.reactome.org/biopax/96/48895#BiochemicalReaction2090,1,http://www.reactome.org/biopax/96/48895#Catalysis1000,5623
5276,1847|4160,1848,2,1,http://www.reactome.org/biopax/96/48895#BiochemicalReaction3508,1,http://www.reactome.org/biopax/96/48895#Catalysis1620,5624
5277,1165|6416,942,2,1,http://www.reactome.org/biopax/96/48895#BiochemicalReaction1688,1,http://www.reactome.org/biopax/96/48895#Catalysis720,5625
5278,6049|7372|7537,7318|7493,3,2,http://www.reactome.org/biopax/96/48895#BiochemicalReaction1516,-1,http://www.reactome.org/biopax/96/48895#Control142,5626
5279,5368|7459|7694,7448|7580,3,2,http://www.reactome.org/biopax/96/48895#BiochemicalReaction7413,1,http://www.reactome.org/biopax/96/48895#Catalysis3470,5627
5280,2920|2922|7237,2923|7635,3,2,http://www.reactome.org/biopax/96/48895#BiochemicalReaction5612,-1,http://www.reactome.org/biopax/96/48895#Control508,5629
5281,5369|7450|8193,7580|8192,3,2,http://www.reactome.org/biopax/96/48895#BiochemicalReaction7811,1,http://www.reactome.org/biopax/96/48895#Catalysis3851,5630
5282,1905|6445|7237,847|1916|7635,3,3,http://www.reactome.org/biopax/96/48895#BiochemicalReaction3627,1,http://www.reactome.org/biopax/96/48895#Catalysis1669,5631
5283,452|9070,8228|9522,2,2,http://www.reactome.org/biopax/96/48895#BiochemicalReaction8930,1,http://www.reactome.org/biopax/96/48895#Catalysis4787,5632
5284,522|6912|7237,6914|7635,3,2,http://www.reactome.org/biopax/96/48895#BiochemicalReaction3072,1,http://www.reactome.org/biopax/96/48895#Control279,5633
5285,3667|7689|8190,7580|7961,3,2,http://www.reactome.org/biopax/96/48895#BiochemicalReaction7390,1,http://www.reactome.org/biopax/96/48895#Catalysis3447,5634
5286,5858|9381|9565,7839|9382,3,2,http://www.reactome.org/biopax/96/48895#BiochemicalReaction8856,1,http://www.reactome.org/biopax/96/48895#Catalysis4752,5635
5287,396|6290|7305,6311|7311,3,2,http://www.reactome.org/biopax/96/48895#BiochemicalReaction1416,1,http://www.reactome.org/biopax/96/48895#Catalysis606,5636
5288,4394|6957,4443|4450,2,2,http://www.reactome.org/biopax/96/48895#BiochemicalReaction5290,-1,http://www.reactome.org/biopax/96/48895#Control483,5637
5289,2757|7237,2758|7635,2,2,http://www.reactome.org/biopax/96/48895#BiochemicalReaction5182,1,http://www.reactome.org/biopax/96/48895#Catalysis2205,5638
5290,2039|2041|4161,2040,3,1,http://www.reactome.org/biopax/96/48895#BiochemicalReaction3892,1,http://www.reactome.org/biopax/96/48895#Catalysis1759,5639
5291,895|916,1396|6431|6432,2,3,http://www.reactome.org/biopax/96/48895#BiochemicalReaction1636,-1,http://www.reactome.org/biopax/96/48895#Control167,5640
5292,7372|7470,7471,2,1,http://www.reactome.org/biopax/96/48895#BiochemicalReaction2225,1,http://www.reactome.org/biopax/96/48895#Control234,5641
5293,2763|7237,2741|6281|7635,2,3,http://www.reactome.org/biopax/96/48895#BiochemicalReaction5192,1,http://www.reactome.org/biopax/96/48895#Catalysis2209,5642
5294,2808|6192,5415,2,1,http://www.reactome.org/biopax/96/48895#BiochemicalReaction1132,1,http://www.reactome.org/biopax/96/48895#Catalysis485,5643
5295,3657|7660|8122,8123|8708,3,2,http://www.reactome.org/biopax/96/48895#BiochemicalReaction7347,1,http://www.reactome.org/biopax/96/48895#Catalysis3406,5644
5296,4791|7746|7949|9070,7395|8228,4,2,http://www.reactome.org/biopax/96/48895#BiochemicalReaction6499,1,http://www.reactome.org/biopax/96/48895#Catalysis2701,5645
5297,3887|8696,8697|8698,2,2,http://www.reactome.org/biopax/96/48895#BiochemicalReaction8027,1,http://www.reactome.org/biopax/96/48895#Catalysis4037,5646
5298,685|686|688|690|695,691|692|693|694,5,4,http://www.reactome.org/biopax/96/48895#BiochemicalReaction1116,1,http://www.reactome.org/biopax/96/48895#Control90,5647
5299,2272|5228|9546,2260|9550,3,2,http://www.reactome.org/biopax/96/48895#BiochemicalReaction446,1,http://www.reactome.org/biopax/96/48895#Catalysis173,5648
5300,2667|4426|7237,4341|7635,3,2,http://www.reactome.org/biopax/96/48895#BiochemicalReaction5049,1,http://www.reactome.org/biopax/96/48895#Catalysis2151,5649
5301,7993|7994|9666,7995|7996|8467,3,3,http://www.reactome.org/biopax/96/48895#BiochemicalReaction7231,1,http://www.reactome.org/biopax/96/48895#Control687,5650
5302,5231|5233|7391,5232|7390|9632,3,3,http://www.reactome.org/biopax/96/48895#BiochemicalReaction7067,1,http://www.reactome.org/biopax/96/48895#Catalysis3143,5651
5303,6086|8847|9159,7949|8858|9169|9197,3,4,http://www.reactome.org/biopax/96/48895#BiochemicalReaction935,1,http://www.reactome.org/biopax/96/48895#Catalysis396,5652
5304,287|7433|9451,7556|9601,3,2,http://www.reactome.org/biopax/96/48895#BiochemicalReaction8695,1,http://www.reactome.org/biopax/96/48895#Catalysis4689,5653
5305,2637|7237,2638|7635,2,2,http://www.reactome.org/biopax/96/48895#BiochemicalReaction5014,1,http://www.reactome.org/biopax/96/48895#Catalysis2128,5654
5306,1295|5970|9546,6760|9550,3,2,http://www.reactome.org/biopax/96/48895#BiochemicalReaction2547,-1,http://www.reactome.org/biopax/96/48895#Control256,5655
5307,381|5839,382,2,1,http://www.reactome.org/biopax/96/48895#BiochemicalReaction8852,1,http://www.reactome.org/biopax/96/48895#Control892,5656
5308,230|7496|9133|9134,9135|9136|9137,4,3,http://www.reactome.org/biopax/96/48895#BiochemicalReaction8512,1,http://www.reactome.org/biopax/96/48895#Catalysis4511,5657
5309,1812|7098,7099|7100,2,2,http://www.reactome.org/biopax/96/48895#BiochemicalReaction3465,1,http://www.reactome.org/biopax/96/48895#Catalysis1596,5658
