hyperedge_id,source_nodes,target_nodes,source_size,target_size,reaction_id,sign,control_id,old_hyperedge_id
0,6317|9439|9965,8595|9966,3,2,http://www.reactome.org/biopax/96/48892#BiochemicalReaction7916,1,http://www.reactome.org/biopax/96/48892#Catalysis4272,0
1,1705|1706|8622,1708|8631,3,2,http://www.reactome.org/biopax/96/48892#BiochemicalReaction2372,1,http://www.reactome.org/biopax/96/48892#Catalysis1034,1
2,150|6245|6246,3955,3,1,http://www.reactome.org/biopax/96/48892#BiochemicalReaction7599,-1,http://www.reactome.org/biopax/96/48892#Control971,2
3,535,2045|4351,1,2,http://www.reactome.org/biopax/96/48892#BiochemicalReaction9347,1,http://www.reactome.org/biopax/96/48892#Catalysis4751,3
4,2524|7943|9089|10258,9090|10298,4,2,http://www.reactome.org/biopax/96/48892#BiochemicalReaction4328,1,http://www.reactome.org/biopax/96/48892#Catalysis2507,4
5,2409|7943|8852|10258,8913|10298,4,2,http://www.reactome.org/biopax/96/48892#BiochemicalReaction4132,1,http://www.reactome.org/biopax/96/48892#Catalysis2318,5
6,5287|9301,9302|10177,2,2,http://www.reactome.org/biopax/96/48892#BiochemicalReaction4539,1,http://www.reactome.org/biopax/96/48892#Catalysis2716,6
7,4251|6915,6065,2,1,http://www.reactome.org/biopax/96/48892#BiochemicalReaction7020,1,http://www.reactome.org/biopax/96/48892#Control870,7
8,4109|6818|8622,6828|8631,3,2,http://www.reactome.org/biopax/96/48892#BiochemicalReaction639,1,http://www.reactome.org/biopax/96/48892#Control82,8
9,1252|7622|8386,7624,3,1,http://www.reactome.org/biopax/96/48892#BiochemicalReaction1459,1,http://www.reactome.org/biopax/96/48892#Catalysis702,10
10,2350|9155|10231,9211|10232,3,2,http://www.reactome.org/biopax/96/48892#BiochemicalReaction4459,1,http://www.reactome.org/biopax/96/48892#Catalysis2638,11
11,2555|9145,9146|10177,2,2,http://www.reactome.org/biopax/96/48892#BiochemicalReaction4389,1,http://www.reactome.org/biopax/96/48892#Catalysis2568,12
12,1966|1973|1985|8078,1977,4,1,http://www.reactome.org/biopax/96/48892#BiochemicalReaction316,1,http://www.reactome.org/biopax/96/48892#Control68,13
13,724|4908|10130,726|9704,3,2,http://www.reactome.org/biopax/96/48892#BiochemicalReaction9888,1,http://www.reactome.org/biopax/96/48892#Catalysis4950,14
14,1071|7322|7462,6820|7464,3,2,http://www.reactome.org/biopax/96/48892#BiochemicalReaction1242,1,http://www.reactome.org/biopax/96/48892#Catalysis571,15
15,2364|8741|8787,8788|8789,3,2,http://www.reactome.org/biopax/96/48892#BiochemicalReaction4030,1,http://www.reactome.org/biopax/96/48892#Catalysis2217,16
16,4127|6825|7986,6826|8067,3,2,http://www.reactome.org/biopax/96/48892#BiochemicalReaction638,-1,http://www.reactome.org/biopax/96/48892#Control80,17
17,1406|7738|10177,1579|10159,3,2,http://www.reactome.org/biopax/96/48892#BiochemicalReaction2135,1,http://www.reactome.org/biopax/96/48892#Catalysis942,18
18,5508|9674|10109,9675|10113,3,2,http://www.reactome.org/biopax/96/48892#BiochemicalReaction5224,1,http://www.reactome.org/biopax/96/48892#Catalysis3136,19
19,7186|7943|8164|10007,9428|10004,4,2,http://www.reactome.org/biopax/96/48892#BiochemicalReaction1032,1,http://www.reactome.org/biopax/96/48892#Catalysis396,20
20,4154|5958|6368|8528,4157,4,1,http://www.reactome.org/biopax/96/48892#BiochemicalReaction8139,1,http://www.reactome.org/biopax/96/48892#Control1093,21
21,970|971,972|7085,2,2,http://www.reactome.org/biopax/96/48892#BiochemicalReaction907,1,http://www.reactome.org/biopax/96/48892#Catalysis297,22
22,2476|9029|10298,7943|9028|10258,3,3,http://www.reactome.org/biopax/96/48892#BiochemicalReaction4258,1,http://www.reactome.org/biopax/96/48892#Catalysis2441,23
23,7160|9794|10177,7943|9638|10159,3,3,http://www.reactome.org/biopax/96/48892#BiochemicalReaction998,1,http://www.reactome.org/biopax/96/48892#Catalysis362,24
24,4482|8029|9347|9480|9582,8031|9348|9502,5,3,http://www.reactome.org/biopax/96/48892#BiochemicalReaction4576,1,http://www.reactome.org/biopax/96/48892#Catalysis2751,25
25,2127|8249|8250,8251|9297,3,2,http://www.reactome.org/biopax/96/48892#BiochemicalReaction3414,1,http://www.reactome.org/biopax/96/48892#Catalysis1652,26
26,1819|7986,1820|8067,2,2,http://www.reactome.org/biopax/96/48892#BiochemicalReaction2654,1,http://www.reactome.org/biopax/96/48892#Catalysis1090,27
27,651,642|652|5466|6634,1,4,http://www.reactome.org/biopax/96/48892#BiochemicalReaction9672,1,http://www.reactome.org/biopax/96/48892#Catalysis4885,28
28,3175|9797,3176|8957,2,2,http://www.reactome.org/biopax/96/48892#BiochemicalReaction5731,1,http://www.reactome.org/biopax/96/48892#Catalysis3434,29
29,4939|8281|9439,8283|8284,3,2,http://www.reactome.org/biopax/96/48892#BiochemicalReaction3462,1,http://www.reactome.org/biopax/96/48892#Catalysis1700,30
30,7613|7614|10105,7615|7616,3,2,http://www.reactome.org/biopax/96/48892#BiochemicalReaction1454,-1,http://www.reactome.org/biopax/96/48892#Control193,31
31,1524|5466,1529|7840|7841,2,3,http://www.reactome.org/biopax/96/48892#BiochemicalReaction2058,1,http://www.reactome.org/biopax/96/48892#Catalysis904,33
32,2974|9635|10177,7943|10295,3,2,http://www.reactome.org/biopax/96/48892#BiochemicalReaction5395,1,http://www.reactome.org/biopax/96/48892#Catalysis3277,34
33,5400|8105,9278,2,1,http://www.reactome.org/biopax/96/48892#BiochemicalReaction4957,1,http://www.reactome.org/biopax/96/48892#Catalysis2955,35
34,2283|9847|9995,8718|9633,3,2,http://www.reactome.org/biopax/96/48892#BiochemicalReaction4337,1,http://www.reactome.org/biopax/96/48892#Catalysis2516,37
35,4896|8211|8216,8217|9704,3,2,http://www.reactome.org/biopax/96/48892#BiochemicalReaction3365,1,http://www.reactome.org/biopax/96/48892#Catalysis1603,38
36,1911|4277,6208,2,1,http://www.reactome.org/biopax/96/48892#BiochemicalReaction4900,1,http://www.reactome.org/biopax/96/48892#Control599,40
37,1938|4678,1940,2,1,http://www.reactome.org/biopax/96/48892#BiochemicalReaction2896,1,http://www.reactome.org/biopax/96/48892#Catalysis1159,41
38,2418|8386|8932,8555|8933|10051,3,3,http://www.reactome.org/biopax/96/48892#BiochemicalReaction4145,1,http://www.reactome.org/biopax/96/48892#Catalysis2331,42
39,1287|7675|10132,7676,3,1,http://www.reactome.org/biopax/96/48892#BiochemicalReaction1530,1,http://www.reactome.org/biopax/96/48892#Catalysis738,43
40,4803|7937|10177,7938|10159,3,2,http://www.reactome.org/biopax/96/48892#BiochemicalReaction3150,1,http://www.reactome.org/biopax/96/48892#Catalysis1399,44
41,4886|8204|8205|10269,8138|8206|8207|10177,4,4,http://www.reactome.org/biopax/96/48892#BiochemicalReaction3352,1,http://www.reactome.org/biopax/96/48892#Catalysis1590,46
42,6082|7952|9439,9831|9832|10091,3,3,http://www.reactome.org/biopax/96/48892#BiochemicalReaction7083,1,http://www.reactome.org/biopax/96/48892#Catalysis3926,47
43,2768|3013|4529|8164,3014|10157,4,2,http://www.reactome.org/biopax/96/48892#BiochemicalReaction5529,1,http://www.reactome.org/biopax/96/48892#Catalysis3328,48
44,5506|9665|10107|10109,9669|10113|10214,4,3,http://www.reactome.org/biopax/96/48892#BiochemicalReaction5222,1,http://www.reactome.org/biopax/96/48892#Catalysis3134,49
45,5710|5713,5711|5712,2,2,http://www.reactome.org/biopax/96/48892#BiochemicalReaction5949,1,http://www.reactome.org/biopax/96/48892#Catalysis3501,50
46,1631|1632|7986|10177,7891|8067|10159|10190,4,4,http://www.reactome.org/biopax/96/48892#BiochemicalReaction2239,1,http://www.reactome.org/biopax/96/48892#Catalysis976,51
47,4024|4025|4026|6295|6297,4027|6296,5,2,http://www.reactome.org/biopax/96/48892#BiochemicalReaction7820,-1,http://www.reactome.org/biopax/96/48892#Control1011,52
48,923|7036|7040,909|7036|7037|7038|7039|7040|7041|7042|7044|7045|7046,3,11,http://www.reactome.org/biopax/96/48892#BiochemicalReaction845,1,http://www.reactome.org/biopax/96/48892#Control151,53
49,2045|4123|8164,2054|10157,3,2,http://www.reactome.org/biopax/96/48892#BiochemicalReaction8099,1,http://www.reactome.org/biopax/96/48892#Catalysis4325,54
50,817|826,824,2,1,http://www.reactome.org/biopax/96/48892#BiochemicalReaction741,1,http://www.reactome.org/biopax/96/48892#Catalysis241,55
51,5269|9664|10107|10109,9090|10113|10214,4,3,http://www.reactome.org/biopax/96/48892#BiochemicalReaction5221,1,http://www.reactome.org/biopax/96/48892#Catalysis3133,56
52,5409|9583,9584,2,1,http://www.reactome.org/biopax/96/48892#BiochemicalReaction4975,1,http://www.reactome.org/biopax/96/48892#Catalysis2972,57
53,7943|10133,10134,2,1,http://www.reactome.org/biopax/96/48892#BiochemicalReaction7420,-1,http://www.reactome.org/biopax/96/48892#Control928,58
54,1455|6243,6719|6720,2,2,http://www.reactome.org/biopax/96/48892#BiochemicalReaction9989,1,http://www.reactome.org/biopax/96/48892#Catalysis4987,59
55,2878|10134,10133,2,1,http://www.reactome.org/biopax/96/48892#BiochemicalReaction5047,1,http://www.reactome.org/biopax/96/48892#Catalysis3022,60
56,1877|1879|7986,1878|8067,3,2,http://www.reactome.org/biopax/96/48892#BiochemicalReaction2767,-1,http://www.reactome.org/biopax/96/48892#Control334,61
57,7654|7986|10122|10177,8067|10125|10159,4,3,http://www.reactome.org/biopax/96/48892#BiochemicalReaction1508,1,http://www.reactome.org/biopax/96/48892#Catalysis727,62
58,5158|7943|8839|10177,8841|9563,4,2,http://www.reactome.org/biopax/96/48892#BiochemicalReaction4075,1,http://www.reactome.org/biopax/96/48892#Catalysis2261,64
59,4769|4775|9630,4774|9632|10070,3,3,http://www.reactome.org/biopax/96/48892#BiochemicalReaction3052,1,http://www.reactome.org/biopax/96/48892#Catalysis1304,65
60,7986|9765,10349,2,1,http://www.reactome.org/biopax/96/48892#BiochemicalReaction5380,1,http://www.reactome.org/biopax/96/48892#Control666,66
61,2351|9633|10233,8721|10231,3,2,http://www.reactome.org/biopax/96/48892#BiochemicalReaction5210,1,http://www.reactome.org/biopax/96/48892#Catalysis3122,67
62,2502|5213|10172,5220|9048|9053,3,3,http://www.reactome.org/biopax/96/48892#BiochemicalReaction4291,1,http://www.reactome.org/biopax/96/48892#Catalysis2470,68
63,1264|7635,7637,2,1,http://www.reactome.org/biopax/96/48892#BiochemicalReaction1475,1,http://www.reactome.org/biopax/96/48892#Control206,69
64,6152|6153|10089|10162,6151|10165|10169|10170,4,4,http://www.reactome.org/biopax/96/48892#BiochemicalReaction7283,1,http://www.reactome.org/biopax/96/48892#Catalysis3996,70
65,3442|4571|7986,3441|5884|8067,3,3,http://www.reactome.org/biopax/96/48892#BiochemicalReaction6401,1,http://www.reactome.org/biopax/96/48892#Catalysis3697,71
66,1905|10214,10107,2,1,http://www.reactome.org/biopax/96/48892#BiochemicalReaction2816,1,http://www.reactome.org/biopax/96/48892#Catalysis1130,72
67,263|7986,264|8067,2,2,http://www.reactome.org/biopax/96/48892#BiochemicalReaction8614,1,http://www.reactome.org/biopax/96/48892#Catalysis4544,73
68,462|2858,6195,2,1,http://www.reactome.org/biopax/96/48892#BiochemicalReaction9171,1,http://www.reactome.org/biopax/96/48892#Catalysis4691,75
69,5759|6028,5760|5761,2,2,http://www.reactome.org/biopax/96/48892#BiochemicalReaction6009,1,http://www.reactome.org/biopax/96/48892#Catalysis3558,76
70,5888|6177|9245,5628|9256,3,2,http://www.reactome.org/biopax/96/48892#BiochemicalReaction7312,1,http://www.reactome.org/biopax/96/48892#Catalysis4024,77
71,2548|9135|9439,8738|9092|9130,3,3,http://www.reactome.org/biopax/96/48892#BiochemicalReaction4377,1,http://www.reactome.org/biopax/96/48892#Catalysis2556,78
72,6123|7712|7986,6124|8067,3,2,http://www.reactome.org/biopax/96/48892#BiochemicalReaction7215,1,http://www.reactome.org/biopax/96/48892#Catalysis3971,79
73,5066|7943|8592|10258|10269,8593|10177|10298,5,3,http://www.reactome.org/biopax/96/48892#BiochemicalReaction3773,1,http://www.reactome.org/biopax/96/48892#Catalysis1995,80
74,2863|10107,10214,2,1,http://www.reactome.org/biopax/96/48892#BiochemicalReaction5030,1,http://www.reactome.org/biopax/96/48892#Catalysis3010,81
75,2355|9841|10177|10282,8768|9428|9847,4,3,http://www.reactome.org/biopax/96/48892#BiochemicalReaction4012,1,http://www.reactome.org/biopax/96/48892#Catalysis2200,82
76,440|7986,441|8067,2,2,http://www.reactome.org/biopax/96/48892#BiochemicalReaction9113,1,http://www.reactome.org/biopax/96/48892#Catalysis4663,83
77,1296|7081|8164,1297|10157,3,2,http://www.reactome.org/biopax/96/48892#BiochemicalReaction142,1,http://www.reactome.org/biopax/96/48892#Catalysis59,84
78,3937|6231|9848,3938|6230,3,2,http://www.reactome.org/biopax/96/48892#BiochemicalReaction7546,1,http://www.reactome.org/biopax/96/48892#Catalysis4093,85
79,1182|4367,1183,2,1,http://www.reactome.org/biopax/96/48892#BiochemicalReaction1313,1,http://www.reactome.org/biopax/96/48892#Catalysis629,87
80,3792|7986,3793|8067,2,2,http://www.reactome.org/biopax/96/48892#BiochemicalReaction7164,1,http://www.reactome.org/biopax/96/48892#Catalysis3946,88
81,2412|8386|8917,8555|8919|10051,3,3,http://www.reactome.org/biopax/96/48892#BiochemicalReaction4136,1,http://www.reactome.org/biopax/96/48892#Catalysis2322,89
82,7056|8720|9367|9378,9385,4,1,http://www.reactome.org/biopax/96/48892#BiochemicalReaction849,1,http://www.reactome.org/biopax/96/48892#Catalysis278,90
83,1391|8046,8035,2,1,http://www.reactome.org/biopax/96/48892#BiochemicalReaction1674,1,http://www.reactome.org/biopax/96/48892#Catalysis803,91
84,460|2858,6195|6482,2,2,http://www.reactome.org/biopax/96/48892#BiochemicalReaction9168,1,http://www.reactome.org/biopax/96/48892#Catalysis4689,92
85,1075|1077|4113,1076|6820,3,2,http://www.reactome.org/biopax/96/48892#BiochemicalReaction1180,1,http://www.reactome.org/biopax/96/48892#Catalysis510,93
86,3336|7986,78|8067,2,2,http://www.reactome.org/biopax/96/48892#BiochemicalReaction6227,1,http://www.reactome.org/biopax/96/48892#Catalysis3602,95
87,658|4587,4588|7829,2,2,http://www.reactome.org/biopax/96/48892#BiochemicalReaction10064,-1,http://www.reactome.org/biopax/96/48892#Control1344,96
88,4902|8386|10174,8221|8222,3,2,http://www.reactome.org/biopax/96/48892#BiochemicalReaction3371,1,http://www.reactome.org/biopax/96/48892#Catalysis1609,97
89,4968|8317|10177,8323|10159,3,2,http://www.reactome.org/biopax/96/48892#BiochemicalReaction3524,1,http://www.reactome.org/biopax/96/48892#Catalysis1761,98
90,3423|5861|7986,5862|8067,3,2,http://www.reactome.org/biopax/96/48892#BiochemicalReaction6378,1,http://www.reactome.org/biopax/96/48892#Catalysis3686,99
91,2856|5337|5436,5445,3,1,http://www.reactome.org/biopax/96/48892#BiochemicalReaction410,1,http://www.reactome.org/biopax/96/48892#Catalysis138,100
92,1186|10177,1185|4393,2,2,http://www.reactome.org/biopax/96/48892#BiochemicalReaction1316,1,http://www.reactome.org/biopax/96/48892#Catalysis631,103
93,1556|7986|8046,8035|8067,3,2,http://www.reactome.org/biopax/96/48892#BiochemicalReaction2101,1,http://www.reactome.org/biopax/96/48892#Catalysis922,104
94,257|7986,258|8067,2,2,http://www.reactome.org/biopax/96/48892#BiochemicalReaction8604,1,http://www.reactome.org/biopax/96/48892#Catalysis4539,105
95,4878|8181|8182,8065|8183,3,2,http://www.reactome.org/biopax/96/48892#BiochemicalReaction3334,1,http://www.reactome.org/biopax/96/48892#Catalysis1572,106
96,6627|6987|7986,6632|8067,3,2,http://www.reactome.org/biopax/96/48892#BiochemicalReaction9624,1,http://www.reactome.org/biopax/96/48892#Catalysis4869,107
97,2095|8059|8159|8163,8166|8167|8168,4,3,http://www.reactome.org/biopax/96/48892#BiochemicalReaction3324,1,http://www.reactome.org/biopax/96/48892#Catalysis1562,108
98,2023|10065|10356,10055|10360,3,2,http://www.reactome.org/biopax/96/48892#BiochemicalReaction3082,1,http://www.reactome.org/biopax/96/48892#Catalysis1331,109
99,4948|8308,8257|10159,2,2,http://www.reactome.org/biopax/96/48892#BiochemicalReaction3485,1,http://www.reactome.org/biopax/96/48892#Catalysis1723,110
100,5334|7952|8720|9542,8586|8777|9543,4,3,http://www.reactome.org/biopax/96/48892#BiochemicalReaction4694,1,http://www.reactome.org/biopax/96/48892#Catalysis2865,111
101,6825|6827|7986,6826|8067,3,2,http://www.reactome.org/biopax/96/48892#BiochemicalReaction638,1,http://www.reactome.org/biopax/96/48892#Catalysis211,112
102,4276|6861,6862,2,1,http://www.reactome.org/biopax/96/48892#BiochemicalReaction8082,1,http://www.reactome.org/biopax/96/48892#Control1082,113
103,2585|8955|10269,7943|9188,3,2,http://www.reactome.org/biopax/96/48892#BiochemicalReaction4436,1,http://www.reactome.org/biopax/96/48892#Catalysis2615,114
104,1024|10005,10006,2,1,http://www.reactome.org/biopax/96/48892#BiochemicalReaction1030,1,http://www.reactome.org/biopax/96/48892#Catalysis394,117
105,5683|6149|8622,4654|8631,3,2,http://www.reactome.org/biopax/96/48892#BiochemicalReaction9266,1,http://www.reactome.org/biopax/96/48892#Catalysis4720,118
106,4847|7943|9551|10258|10269,9553|10177|10298,5,3,http://www.reactome.org/biopax/96/48892#BiochemicalReaction4700,1,http://www.reactome.org/biopax/96/48892#Catalysis2871,119
107,4272|7687,7685,2,1,http://www.reactome.org/biopax/96/48892#BiochemicalReaction1541,-1,http://www.reactome.org/biopax/96/48892#Control220,120
108,5634|5814|8622,5815|8631,3,2,http://www.reactome.org/biopax/96/48892#BiochemicalReaction6259,1,http://www.reactome.org/biopax/96/48892#Catalysis3626,121
109,3345|5818|8622,3391|8631,3,2,http://www.reactome.org/biopax/96/48892#BiochemicalReaction6320,1,http://www.reactome.org/biopax/96/48892#Catalysis3649,122
110,1996|9653|10284,4417|7943|9670,3,3,http://www.reactome.org/biopax/96/48892#BiochemicalReaction2979,1,http://www.reactome.org/biopax/96/48892#Catalysis1239,124
111,3962|10134,10133,2,1,http://www.reactome.org/biopax/96/48892#BiochemicalReaction7607,1,http://www.reactome.org/biopax/96/48892#Catalysis4111,125
112,4257|7220,6255,2,1,http://www.reactome.org/biopax/96/48892#BiochemicalReaction7660,1,http://www.reactome.org/biopax/96/48892#Control993,126
113,4259|5605,7690,2,1,http://www.reactome.org/biopax/96/48892#BiochemicalReaction8040,-1,http://www.reactome.org/biopax/96/48892#Control1069,127
114,3053|8923,3054|8930,2,2,http://www.reactome.org/biopax/96/48892#BiochemicalReaction5596,1,http://www.reactome.org/biopax/96/48892#Catalysis3369,128
115,2774|4267,4740,2,1,http://www.reactome.org/biopax/96/48892#BiochemicalReaction7429,1,http://www.reactome.org/biopax/96/48892#Control933,129
116,3004|6094|7533,5597,3,1,http://www.reactome.org/biopax/96/48892#BiochemicalReaction5494,1,http://www.reactome.org/biopax/96/48892#Catalysis3318,130
117,1104|8164,1123|10157,2,2,http://www.reactome.org/biopax/96/48892#BiochemicalReaction118,1,http://www.reactome.org/biopax/96/48892#Catalysis49,131
118,6164|7134|10089|10162,5052|10165|10169|10170,4,4,http://www.reactome.org/biopax/96/48892#BiochemicalReaction7291,1,http://www.reactome.org/biopax/96/48892#Catalysis4004,133
119,2253|4841|7986,2254|2256,3,2,http://www.reactome.org/biopax/96/48892#BiochemicalReaction3885,1,http://www.reactome.org/biopax/96/48892#Control435,134
120,8600|9092|9093|10091|10231,9091|9439|10232,5,3,http://www.reactome.org/biopax/96/48892#BiochemicalReaction4331,1,http://www.reactome.org/biopax/96/48892#Control532,135
121,7637|7642,7640,2,1,http://www.reactome.org/biopax/96/48892#BiochemicalReaction1477,1,http://www.reactome.org/biopax/96/48892#Catalysis717,136
122,40|7986,41|8067,2,2,http://www.reactome.org/biopax/96/48892#BiochemicalReaction8283,1,http://www.reactome.org/biopax/96/48892#Catalysis4406,137
123,4551|5708,5727|5728,2,2,http://www.reactome.org/biopax/96/48892#BiochemicalReaction5959,1,http://www.reactome.org/biopax/96/48892#Catalysis3511,138
124,645|1334|6636,647,3,1,http://www.reactome.org/biopax/96/48892#BiochemicalReaction9646,-1,http://www.reactome.org/biopax/96/48892#Control1246,139
125,7164|9839,9852,2,1,http://www.reactome.org/biopax/96/48892#BiochemicalReaction1006,1,http://www.reactome.org/biopax/96/48892#Catalysis370,140
126,658|4648,4649|4650,2,2,http://www.reactome.org/biopax/96/48892#BiochemicalReaction2699,1,http://www.reactome.org/biopax/96/48892#Catalysis1105,141
127,5537|8782,9925,2,1,http://www.reactome.org/biopax/96/48892#BiochemicalReaction7726,1,http://www.reactome.org/biopax/96/48892#Catalysis4191,142
128,1349|4579|7707|7986,1350|8067,4,2,http://www.reactome.org/biopax/96/48892#BiochemicalReaction1609,1,http://www.reactome.org/biopax/96/48892#Catalysis772,143
129,878|8164,896|10221,2,2,http://www.reactome.org/biopax/96/48892#BiochemicalReaction74,1,http://www.reactome.org/biopax/96/48892#Catalysis32,144
130,4916|8742,9068,2,1,http://www.reactome.org/biopax/96/48892#BiochemicalReaction4305,1,http://www.reactome.org/biopax/96/48892#Catalysis2484,145
131,4800|7925|9502,7926|10142,3,2,http://www.reactome.org/biopax/96/48892#BiochemicalReaction3140,1,http://www.reactome.org/biopax/96/48892#Catalysis1389,147
132,1005|9638|9643,9646|10157,3,2,http://www.reactome.org/biopax/96/48892#BiochemicalReaction979,1,http://www.reactome.org/biopax/96/48892#Catalysis343,148
133,1931|7943|9851|9874,9428|9866,4,2,http://www.reactome.org/biopax/96/48892#BiochemicalReaction2889,1,http://www.reactome.org/biopax/96/48892#Catalysis1152,149
134,7622|7625|8386,7624,3,1,http://www.reactome.org/biopax/96/48892#BiochemicalReaction1457,1,http://www.reactome.org/biopax/96/48892#Catalysis700,152
135,4855|8065|8492,8066|8494,3,2,http://www.reactome.org/biopax/96/48892#BiochemicalReaction3680,1,http://www.reactome.org/biopax/96/48892#Catalysis1908,153
136,5312|9440|10177,9099|9441,3,2,http://www.reactome.org/biopax/96/48892#BiochemicalReaction4629,1,http://www.reactome.org/biopax/96/48892#Catalysis2802,154
137,2680|9525|9527,9528,3,1,http://www.reactome.org/biopax/96/48892#BiochemicalReaction4688,1,http://www.reactome.org/biopax/96/48892#Catalysis2859,155
138,7443|8463,2207,2,1,http://www.reactome.org/biopax/96/48892#BiochemicalReaction3718,1,http://www.reactome.org/biopax/96/48892#Catalysis1946,157
139,1859|7574|7895,1870,3,1,http://www.reactome.org/biopax/96/48892#BiochemicalReaction288,1,http://www.reactome.org/biopax/96/48892#Catalysis117,158
140,645|1200,648|7545,2,2,http://www.reactome.org/biopax/96/48892#BiochemicalReaction9666,1,http://www.reactome.org/biopax/96/48892#Catalysis4883,159
141,1021|9972|9973,9974|9977,3,2,http://www.reactome.org/biopax/96/48892#BiochemicalReaction1023,1,http://www.reactome.org/biopax/96/48892#Catalysis387,160
142,2415|8922|10313,8924|10070|10314,3,3,http://www.reactome.org/biopax/96/48892#BiochemicalReaction4140,1,http://www.reactome.org/biopax/96/48892#Catalysis2326,161
143,2757|5374,2758,2,1,http://www.reactome.org/biopax/96/48892#BiochemicalReaction4838,1,http://www.reactome.org/biopax/96/48892#Control593,162
144,3019|7943|8206|10258,8204|10298,4,2,http://www.reactome.org/biopax/96/48892#BiochemicalReaction5539,1,http://www.reactome.org/biopax/96/48892#Catalysis3331,163
145,6144|6170|9245,6147|9256,3,2,http://www.reactome.org/biopax/96/48892#BiochemicalReaction7305,1,http://www.reactome.org/biopax/96/48892#Catalysis4018,164
146,194|196,195,2,1,http://www.reactome.org/biopax/96/48892#BiochemicalReaction8515,-1,http://www.reactome.org/biopax/96/48892#Control1125,165
147,2289|8720|10230,2290|8600|10091,3,3,http://www.reactome.org/biopax/96/48892#BiochemicalReaction3929,1,http://www.reactome.org/biopax/96/48892#Control451,167
148,6869|10109|10349,10113|10372,3,2,http://www.reactome.org/biopax/96/48892#BiochemicalReaction85,1,http://www.reactome.org/biopax/96/48892#Control20,168
149,2659|9653|10284,9323|10072,3,2,http://www.reactome.org/biopax/96/48892#BiochemicalReaction4642,1,http://www.reactome.org/biopax/96/48892#Catalysis2813,169
150,272|6367|6416,271,3,1,http://www.reactome.org/biopax/96/48892#BiochemicalReaction8670,-1,http://www.reactome.org/biopax/96/48892#Control1145,170
151,4180|5466,4181,2,1,http://www.reactome.org/biopax/96/48892#BiochemicalReaction8171,1,http://www.reactome.org/biopax/96/48892#Catalysis4358,171
152,7309|7311,7310,2,1,http://www.reactome.org/biopax/96/48892#BiochemicalReaction1141,1,http://www.reactome.org/biopax/96/48892#Catalysis471,172
153,1089|4113,1090|6820,2,2,http://www.reactome.org/biopax/96/48892#BiochemicalReaction1228,1,http://www.reactome.org/biopax/96/48892#Catalysis557,173
154,5024|7943|8441|10258,8442|10298,4,2,http://www.reactome.org/biopax/96/48892#BiochemicalReaction3631,1,http://www.reactome.org/biopax/96/48892#Catalysis1861,175
155,1509|1707|10372,1521|7761,3,2,http://www.reactome.org/biopax/96/48892#BiochemicalReaction229,-1,http://www.reactome.org/biopax/96/48892#Control51,176
156,645|648|1334,647,3,1,http://www.reactome.org/biopax/96/48892#BiochemicalReaction9646,1,http://www.reactome.org/biopax/96/48892#Control1244,177
157,3807|7986,3811|8067,2,2,http://www.reactome.org/biopax/96/48892#BiochemicalReaction567,1,http://www.reactome.org/biopax/96/48892#Catalysis197,178
158,2421|2422|7943|9538,2420|9513,4,2,http://www.reactome.org/biopax/96/48892#BiochemicalReaction4151,1,http://www.reactome.org/biopax/96/48892#Catalysis2337,179
159,4233|4565,6840,2,1,http://www.reactome.org/biopax/96/48892#BiochemicalReaction6085,1,http://www.reactome.org/biopax/96/48892#Control741,180
160,2362|8164|8757|8767,7943|8783|10157|10159,4,4,http://www.reactome.org/biopax/96/48892#BiochemicalReaction4025,1,http://www.reactome.org/biopax/96/48892#Catalysis2212,181
161,4246|6084,6198,2,1,http://www.reactome.org/biopax/96/48892#BiochemicalReaction7413,-1,http://www.reactome.org/biopax/96/48892#Control924,182
162,5023|8443|9513,7943|8444|9538|9635,3,4,http://www.reactome.org/biopax/96/48892#BiochemicalReaction3633,1,http://www.reactome.org/biopax/96/48892#Catalysis1863,184
163,5521|9712|9982,7943|9701,3,2,http://www.reactome.org/biopax/96/48892#BiochemicalReaction5258,1,http://www.reactome.org/biopax/96/48892#Catalysis3170,185
164,1410|7202|10177,1417|10159,3,2,http://www.reactome.org/biopax/96/48892#BiochemicalReaction163,1,http://www.reactome.org/biopax/96/48892#Catalysis66,186
165,267|7986,268|8067,2,2,http://www.reactome.org/biopax/96/48892#BiochemicalReaction8620,1,http://www.reactome.org/biopax/96/48892#Catalysis4546,187
166,388|389|7986,390|8067,3,2,http://www.reactome.org/biopax/96/48892#BiochemicalReaction9021,-1,http://www.reactome.org/biopax/96/48892#Control1170,188
167,3169|3173|10177,3179|10159,3,2,http://www.reactome.org/biopax/96/48892#BiochemicalReaction446,1,http://www.reactome.org/biopax/96/48892#Catalysis152,189
168,4113|7371|7373,6820|7372,3,2,http://www.reactome.org/biopax/96/48892#BiochemicalReaction1175,1,http://www.reactome.org/biopax/96/48892#Catalysis505,191
169,1074|4113,1079|6820,2,2,http://www.reactome.org/biopax/96/48892#BiochemicalReaction1211,1,http://www.reactome.org/biopax/96/48892#Catalysis541,192
170,5557|10214,10107,2,1,http://www.reactome.org/biopax/96/48892#BiochemicalReaction5377,1,http://www.reactome.org/biopax/96/48892#Control660,193
171,18|7986,19|8067,2,2,http://www.reactome.org/biopax/96/48892#BiochemicalReaction8246,1,http://www.reactome.org/biopax/96/48892#Catalysis4391,194
172,4552|5708,5730|6031,2,2,http://www.reactome.org/biopax/96/48892#BiochemicalReaction5961,1,http://www.reactome.org/biopax/96/48892#Catalysis3513,195
173,1286|8720|9439,1285|8600|8738,3,3,http://www.reactome.org/biopax/96/48892#BiochemicalReaction1527,1,http://www.reactome.org/biopax/96/48892#Catalysis736,196
174,6163|6832|8622,6833|8631,3,2,http://www.reactome.org/biopax/96/48892#BiochemicalReaction641,1,http://www.reactome.org/biopax/96/48892#Catalysis214,198
175,2317|2690,2316|5338,2,2,http://www.reactome.org/biopax/96/48892#BiochemicalReaction4714,1,http://www.reactome.org/biopax/96/48892#Catalysis2885,199
176,8164|8757|8767|9236,8783|10157|10159,4,3,http://www.reactome.org/biopax/96/48892#BiochemicalReaction5528,-1,http://www.reactome.org/biopax/96/48892#Control699,200
177,4921|8252|10177,8253|8254,3,2,http://www.reactome.org/biopax/96/48892#BiochemicalReaction3415,1,http://www.reactome.org/biopax/96/48892#Catalysis1653,201
178,2498|5589,5217|5218|9050,2,3,http://www.reactome.org/biopax/96/48892#BiochemicalReaction5451,1,http://www.reactome.org/biopax/96/48892#Catalysis3310,202
179,2798|2802|5396|5397|5401|6099|7907,2803,7,1,http://www.reactome.org/biopax/96/48892#BiochemicalReaction4959,1,http://www.reactome.org/biopax/96/48892#Catalysis2957,203
180,6114|6116|7986,6115|8067,3,2,http://www.reactome.org/biopax/96/48892#BiochemicalReaction7208,1,http://www.reactome.org/biopax/96/48892#Catalysis3964,204
181,3058|9797,3059|8957,2,2,http://www.reactome.org/biopax/96/48892#BiochemicalReaction5603,1,http://www.reactome.org/biopax/96/48892#Catalysis3373,205
182,2015|4767|10071,4769|10055|10070,3,3,http://www.reactome.org/biopax/96/48892#BiochemicalReaction3048,1,http://www.reactome.org/biopax/96/48892#Catalysis1300,206
183,2098|8059|8176,8061|8177,3,2,http://www.reactome.org/biopax/96/48892#BiochemicalReaction3329,1,http://www.reactome.org/biopax/96/48892#Catalysis1567,207
184,2401|8884|10177,7943|8835|9428,3,3,http://www.reactome.org/biopax/96/48892#BiochemicalReaction4111,1,http://www.reactome.org/biopax/96/48892#Catalysis2297,208
185,2554|8204|9073|10269,9144|9145,4,2,http://www.reactome.org/biopax/96/48892#BiochemicalReaction4388,1,http://www.reactome.org/biopax/96/48892#Catalysis2567,209
186,4087|7986,4088|8067,2,2,http://www.reactome.org/biopax/96/48892#BiochemicalReaction7935,1,http://www.reactome.org/biopax/96/48892#Catalysis4280,210
187,5929|6149|8622,5817|8631,3,2,http://www.reactome.org/biopax/96/48892#BiochemicalReaction9263,1,http://www.reactome.org/biopax/96/48892#Catalysis4718,211
188,1141|8918,1142|4390,2,2,http://www.reactome.org/biopax/96/48892#BiochemicalReaction1289,1,http://www.reactome.org/biopax/96/48892#Catalysis610,212
189,2140|4947,2141,2,1,http://www.reactome.org/biopax/96/48892#BiochemicalReaction3483,1,http://www.reactome.org/biopax/96/48892#Catalysis1721,213
190,4113|7317|7319,6820|7318,3,2,http://www.reactome.org/biopax/96/48892#BiochemicalReaction1146,1,http://www.reactome.org/biopax/96/48892#Catalysis476,215
191,79|7986,80|8067,2,2,http://www.reactome.org/biopax/96/48892#BiochemicalReaction8345,1,http://www.reactome.org/biopax/96/48892#Catalysis4434,216
192,3343|7492|8918,1706|5337,3,2,http://www.reactome.org/biopax/96/48892#BiochemicalReaction6723,1,http://www.reactome.org/biopax/96/48892#Catalysis3822,217
193,1679|7986,1680|8067,2,2,http://www.reactome.org/biopax/96/48892#BiochemicalReaction2321,1,http://www.reactome.org/biopax/96/48892#Catalysis1011,218
194,4507|7203|7986,4508|8067,3,2,http://www.reactome.org/biopax/96/48892#BiochemicalReaction4859,1,http://www.reactome.org/biopax/96/48892#Catalysis2933,219
195,2532|9102|10232,9101|10231,3,2,http://www.reactome.org/biopax/96/48892#BiochemicalReaction4342,1,http://www.reactome.org/biopax/96/48892#Catalysis2521,222
196,169|4332|7986,4335|8067,3,2,http://www.reactome.org/biopax/96/48892#BiochemicalReaction8470,-1,http://www.reactome.org/biopax/96/48892#Control1123,224
197,10214|10349,10107,2,1,http://www.reactome.org/biopax/96/48892#BiochemicalReaction5378,1,http://www.reactome.org/biopax/96/48892#Control661,225
198,1545|1547|7986|10141,1548|10159,4,2,http://www.reactome.org/biopax/96/48892#BiochemicalReaction2078,1,http://www.reactome.org/biopax/96/48892#Catalysis914,226
199,4940|8278|8281,8287|8288,3,2,http://www.reactome.org/biopax/96/48892#BiochemicalReaction3465,1,http://www.reactome.org/biopax/96/48892#Catalysis1703,227
200,4717|9653|10302,9286|10053,3,2,http://www.reactome.org/biopax/96/48892#BiochemicalReaction2997,1,http://www.reactome.org/biopax/96/48892#Catalysis1256,228
201,5010|8408,8232|8409,2,2,http://www.reactome.org/biopax/96/48892#BiochemicalReaction3603,1,http://www.reactome.org/biopax/96/48892#Catalysis1835,229
202,2159|8317|10177,8323|10159,3,2,http://www.reactome.org/biopax/96/48892#BiochemicalReaction3526,1,http://www.reactome.org/biopax/96/48892#Catalysis1763,230
203,2498|2986,2497|8642|9530,2,3,http://www.reactome.org/biopax/96/48892#BiochemicalReaction5456,1,http://www.reactome.org/biopax/96/48892#Catalysis3312,231
204,4484|8029|9362|9480|9582,8031|9363|9364|9502,5,4,http://www.reactome.org/biopax/96/48892#BiochemicalReaction4582,1,http://www.reactome.org/biopax/96/48892#Catalysis2757,232
205,2355|9236,2356,2,1,http://www.reactome.org/biopax/96/48892#BiochemicalReaction4010,1,http://www.reactome.org/biopax/96/48892#Control492,233
206,1735|7986,1736|8067,2,2,http://www.reactome.org/biopax/96/48892#BiochemicalReaction2445,1,http://www.reactome.org/biopax/96/48892#Catalysis1054,234
207,3794|3803|3808|3810|6102|6103,3809,6,1,http://www.reactome.org/biopax/96/48892#BiochemicalReaction7180,1,http://www.reactome.org/biopax/96/48892#Control892,235
208,700|9245,746|9256,2,2,http://www.reactome.org/biopax/96/48892#BiochemicalReaction9929,1,http://www.reactome.org/biopax/96/48892#Catalysis4968,236
209,5052|6185|9245,6164|9256,3,2,http://www.reactome.org/biopax/96/48892#BiochemicalReaction7326,1,http://www.reactome.org/biopax/96/48892#Catalysis4032,237
210,5762|8138|10123,10124|10173,3,2,http://www.reactome.org/biopax/96/48892#BiochemicalReaction6070,1,http://www.reactome.org/biopax/96/48892#Catalysis3563,238
211,3895|4110|8164,4111|10157,3,2,http://www.reactome.org/biopax/96/48892#BiochemicalReaction8049,1,http://www.reactome.org/biopax/96/48892#Catalysis4312,240
212,2597|9214|9217,8499|9218,3,2,http://www.reactome.org/biopax/96/48892#BiochemicalReaction4464,1,http://www.reactome.org/biopax/96/48892#Catalysis2643,241
213,967|7712|10177,7708|10159,3,2,http://www.reactome.org/biopax/96/48892#BiochemicalReaction1630,1,http://www.reactome.org/biopax/96/48892#Catalysis781,242
214,2208|7943|8848|10258|10269,8537|10177|10298,5,3,http://www.reactome.org/biopax/96/48892#BiochemicalReaction3714,1,http://www.reactome.org/biopax/96/48892#Catalysis1942,243
215,1250|7986,1259|8067,2,2,http://www.reactome.org/biopax/96/48892#BiochemicalReaction138,1,http://www.reactome.org/biopax/96/48892#Catalysis56,244
216,1702|4620|7986,4621|8067,3,2,http://www.reactome.org/biopax/96/48892#BiochemicalReaction2377,1,http://www.reactome.org/biopax/96/48892#Catalysis1038,245
217,4494|8029|9480|9582|10175,8031|9387|9502,5,3,http://www.reactome.org/biopax/96/48892#BiochemicalReaction4593,1,http://www.reactome.org/biopax/96/48892#Catalysis2768,246
218,3941|3942|7986,3943|8067,3,2,http://www.reactome.org/biopax/96/48892#BiochemicalReaction7555,1,http://www.reactome.org/biopax/96/48892#Catalysis4098,247
219,2289|5098|10217,7604|8099|10091,3,3,http://www.reactome.org/biopax/96/48892#BiochemicalReaction3926,1,http://www.reactome.org/biopax/96/48892#Catalysis2139,249
220,1852|1875,1881,2,1,http://www.reactome.org/biopax/96/48892#BiochemicalReaction294,1,http://www.reactome.org/biopax/96/48892#Catalysis121,250
221,5032|8530|9513,7943|8531|9538,3,3,http://www.reactome.org/biopax/96/48892#BiochemicalReaction3708,1,http://www.reactome.org/biopax/96/48892#Catalysis1936,251
222,2547|9129|9439|10217,8099|9130|10091|10232,4,4,http://www.reactome.org/biopax/96/48892#BiochemicalReaction4373,1,http://www.reactome.org/biopax/96/48892#Catalysis2552,252
223,4763|9973|10326,10288|10327,3,2,http://www.reactome.org/biopax/96/48892#BiochemicalReaction3045,1,http://www.reactome.org/biopax/96/48892#Catalysis1297,254
224,1980|9513|10347,7943|9538|10348,3,3,http://www.reactome.org/biopax/96/48892#BiochemicalReaction3073,1,http://www.reactome.org/biopax/96/48892#Catalysis1322,255
225,1800|7986,1801|8067,2,2,http://www.reactome.org/biopax/96/48892#BiochemicalReaction2605,1,http://www.reactome.org/biopax/96/48892#Catalysis1082,256
226,320|334,320|335|887,2,3,http://www.reactome.org/biopax/96/48892#BiochemicalReaction8900,1,http://www.reactome.org/biopax/96/48892#Catalysis4581,257
227,2952|3966|7986,2954|8067,3,2,http://www.reactome.org/biopax/96/48892#BiochemicalReaction7613,1,http://www.reactome.org/biopax/96/48892#Catalysis4114,258
228,1069|1081|7319,1082|7430,3,2,http://www.reactome.org/biopax/96/48892#BiochemicalReaction1216,1,http://www.reactome.org/biopax/96/48892#Catalysis546,259
229,5295|7986|9326|10177,8067|9328|10159,4,3,http://www.reactome.org/biopax/96/48892#BiochemicalReaction4565,1,http://www.reactome.org/biopax/96/48892#Catalysis2740,260
230,2699|10109,10113,2,1,http://www.reactome.org/biopax/96/48892#BiochemicalReaction4725,1,http://www.reactome.org/biopax/96/48892#Catalysis2895,261
231,418|7497|10177,414|5466,3,2,http://www.reactome.org/biopax/96/48892#BiochemicalReaction9076,1,http://www.reactome.org/biopax/96/48892#Catalysis4650,262
232,710|814|3144,815,3,1,http://www.reactome.org/biopax/96/48892#BiochemicalReaction10137,1,http://www.reactome.org/biopax/96/48892#Control1372,263
233,2989|5585,7751,2,1,http://www.reactome.org/biopax/96/48892#BiochemicalReaction5438,1,http://www.reactome.org/biopax/96/48892#Catalysis3304,264
234,981|983,982|7086|7089,2,3,http://www.reactome.org/biopax/96/48892#BiochemicalReaction916,1,http://www.reactome.org/biopax/96/48892#Catalysis301,265
235,3684|5466,6034|7749,2,2,http://www.reactome.org/biopax/96/48892#BiochemicalReaction6829,1,http://www.reactome.org/biopax/96/48892#Catalysis3871,266
236,3737|10177,3740|10159,2,2,http://www.reactome.org/biopax/96/48892#BiochemicalReaction542,1,http://www.reactome.org/biopax/96/48892#Catalysis188,267
237,1620|8368,8315,2,1,http://www.reactome.org/biopax/96/48892#BiochemicalReaction217,1,http://www.reactome.org/biopax/96/48892#Catalysis91,268
238,2947|5543,2948|9000,2,2,http://www.reactome.org/biopax/96/48892#BiochemicalReaction5340,1,http://www.reactome.org/biopax/96/48892#Catalysis3234,269
239,68|7986,69|8067,2,2,http://www.reactome.org/biopax/96/48892#BiochemicalReaction8319,1,http://www.reactome.org/biopax/96/48892#Catalysis4421,270
240,4912|8258|10177,9743|10213,3,2,http://www.reactome.org/biopax/96/48892#BiochemicalReaction3431,1,http://www.reactome.org/biopax/96/48892#Catalysis1669,271
241,8293|8739,10091,2,1,http://www.reactome.org/biopax/96/48892#BiochemicalReaction3999,1,http://www.reactome.org/biopax/96/48892#Control484,272
242,1337|7207,4106,2,1,http://www.reactome.org/biopax/96/48892#BiochemicalReaction7982,1,http://www.reactome.org/biopax/96/48892#Control1044,273
243,7177|7258|9947,7279|9946|10070,3,3,http://www.reactome.org/biopax/96/48892#BiochemicalReaction1119,1,http://www.reactome.org/biopax/96/48892#Catalysis450,275
244,551|6588|10177,572|10159,3,2,http://www.reactome.org/biopax/96/48892#BiochemicalReaction9458,1,http://www.reactome.org/biopax/96/48892#Catalysis4805,276
245,2773|3747|7986,3295|8067,3,2,http://www.reactome.org/biopax/96/48892#BiochemicalReaction9793,1,http://www.reactome.org/biopax/96/48892#Catalysis4922,277
246,3000|8720,3000|8600|8738,2,3,http://www.reactome.org/biopax/96/48892#BiochemicalReaction430,1,http://www.reactome.org/biopax/96/48892#Catalysis146,278
247,3345|5799,3346,2,1,http://www.reactome.org/biopax/96/48892#BiochemicalReaction6245,1,http://www.reactome.org/biopax/96/48892#Catalysis3612,279
248,2682|8726|9533,9534|9535,3,2,http://www.reactome.org/biopax/96/48892#BiochemicalReaction4690,1,http://www.reactome.org/biopax/96/48892#Catalysis2861,280
249,4674|6347|7986,6348|8067,3,2,http://www.reactome.org/biopax/96/48892#BiochemicalReaction8055,1,http://www.reactome.org/biopax/96/48892#Catalysis4315,281
250,4800|7929|9502,7930|10142,3,2,http://www.reactome.org/biopax/96/48892#BiochemicalReaction3142,1,http://www.reactome.org/biopax/96/48892#Catalysis1391,282
251,265|7986,266|8067,2,2,http://www.reactome.org/biopax/96/48892#BiochemicalReaction8617,1,http://www.reactome.org/biopax/96/48892#Catalysis4545,283
252,5578|7943|8407,8555|9563,3,2,http://www.reactome.org/biopax/96/48892#BiochemicalReaction5419,1,http://www.reactome.org/biopax/96/48892#Catalysis3294,284
253,3046|9797,3047|8957,2,2,http://www.reactome.org/biopax/96/48892#BiochemicalReaction5589,1,http://www.reactome.org/biopax/96/48892#Catalysis3365,285
254,4267|6844,4740,2,1,http://www.reactome.org/biopax/96/48892#BiochemicalReaction682,1,http://www.reactome.org/biopax/96/48892#Control93,286
255,233|7986,212|4638|8067,2,3,http://www.reactome.org/biopax/96/48892#BiochemicalReaction8571,1,http://www.reactome.org/biopax/96/48892#Catalysis4526,289
256,4794|8622|10375,8631|10377,3,2,http://www.reactome.org/biopax/96/48892#BiochemicalReaction3110,1,http://www.reactome.org/biopax/96/48892#Catalysis1359,290
257,7158|7943|9774|10258,9779|10298,4,2,http://www.reactome.org/biopax/96/48892#BiochemicalReaction995,1,http://www.reactome.org/biopax/96/48892#Catalysis359,291
258,3117|5337,3119|5630,2,2,http://www.reactome.org/biopax/96/48892#BiochemicalReaction5667,1,http://www.reactome.org/biopax/96/48892#Catalysis3405,292
259,3435|5872|7986,3436|5874|8067,3,3,http://www.reactome.org/biopax/96/48892#BiochemicalReaction6384,1,http://www.reactome.org/biopax/96/48892#Catalysis3690,293
260,1660|1662|4409,1661,3,1,http://www.reactome.org/biopax/96/48892#BiochemicalReaction2297,-1,http://www.reactome.org/biopax/96/48892#Control298,294
261,443|6472|7986,6471|8067,3,2,http://www.reactome.org/biopax/96/48892#BiochemicalReaction9125,1,http://www.reactome.org/biopax/96/48892#Catalysis4673,295
262,2498|5588,5217|5218|9050,2,3,http://www.reactome.org/biopax/96/48892#BiochemicalReaction5451,1,http://www.reactome.org/biopax/96/48892#Control676,296
263,7849|7915|7986,7850|8067,3,2,http://www.reactome.org/biopax/96/48892#BiochemicalReaction2085,1,http://www.reactome.org/biopax/96/48892#Control286,297
264,4195|6373|6374|8528,4193,4,1,http://www.reactome.org/biopax/96/48892#BiochemicalReaction8184,1,http://www.reactome.org/biopax/96/48892#Control1098,298
265,2672|7986|10118|10177,9396|9428|10159,4,3,http://www.reactome.org/biopax/96/48892#BiochemicalReaction4671,1,http://www.reactome.org/biopax/96/48892#Catalysis2842,299
266,9603|10372,10349,2,1,http://www.reactome.org/biopax/96/48892#BiochemicalReaction5016,-1,http://www.reactome.org/biopax/96/48892#Control624,300
267,4871|8244,2122,2,1,http://www.reactome.org/biopax/96/48892#BiochemicalReaction3403,1,http://www.reactome.org/biopax/96/48892#Catalysis1641,302
268,1884|2045|8164,2054|10157,3,2,http://www.reactome.org/biopax/96/48892#BiochemicalReaction2776,1,http://www.reactome.org/biopax/96/48892#Catalysis1117,303
269,4131|10177,4134|10159,2,2,http://www.reactome.org/biopax/96/48892#BiochemicalReaction8112,1,http://www.reactome.org/biopax/96/48892#Catalysis4331,304
270,7234|10053|10057,10055|10059,3,2,http://www.reactome.org/biopax/96/48892#BiochemicalReaction1091,1,http://www.reactome.org/biopax/96/48892#Catalysis427,305
271,4838|8659|10269,8661,3,1,http://www.reactome.org/biopax/96/48892#BiochemicalReaction3828,1,http://www.reactome.org/biopax/96/48892#Catalysis2049,306
272,2720|5348,5765|6820,2,2,http://www.reactome.org/biopax/96/48892#BiochemicalReaction6095,1,http://www.reactome.org/biopax/96/48892#Catalysis3571,307
273,7157|9513|9770,7943|9538|9774,3,3,http://www.reactome.org/biopax/96/48892#BiochemicalReaction994,1,http://www.reactome.org/biopax/96/48892#Catalysis358,308
274,4803|8567|10177,7936|10159,3,2,http://www.reactome.org/biopax/96/48892#BiochemicalReaction3148,1,http://www.reactome.org/biopax/96/48892#Catalysis1397,309
275,3348|3507|8622,3508|8631,3,2,http://www.reactome.org/biopax/96/48892#BiochemicalReaction7822,-1,http://www.reactome.org/biopax/96/48892#Control1013,310
276,986|7096|9469|9480|9491,987|9499|9502,5,3,http://www.reactome.org/biopax/96/48892#BiochemicalReaction936,1,http://www.reactome.org/biopax/96/48892#Catalysis309,311
277,2607|10177|10247,9227|9228,3,2,http://www.reactome.org/biopax/96/48892#BiochemicalReaction4477,1,http://www.reactome.org/biopax/96/48892#Catalysis2656,312
278,8720|10217|10233,8099|9367|10226,3,3,http://www.reactome.org/biopax/96/48892#BiochemicalReaction3922,-1,http://www.reactome.org/biopax/96/48892#Control445,313
279,1677|6908|10177,1665|10159,3,2,http://www.reactome.org/biopax/96/48892#BiochemicalReaction2315,1,http://www.reactome.org/biopax/96/48892#Catalysis1009,315
280,4093|6319|10132,6320,3,1,http://www.reactome.org/biopax/96/48892#BiochemicalReaction7948,-1,http://www.reactome.org/biopax/96/48892#Control1032,316
281,4634|6307,4049,2,1,http://www.reactome.org/biopax/96/48892#BiochemicalReaction7865,-1,http://www.reactome.org/biopax/96/48892#Control1021,317
282,1305|1306|7986,1308|8067,3,2,http://www.reactome.org/biopax/96/48892#BiochemicalReaction1558,1,http://www.reactome.org/biopax/96/48892#Catalysis746,318
283,301|7688,1299,2,1,http://www.reactome.org/biopax/96/48892#BiochemicalReaction1542,1,http://www.reactome.org/biopax/96/48892#Catalysis743,319
284,2650|9419|9513,7943|9538|10278,3,3,http://www.reactome.org/biopax/96/48892#BiochemicalReaction4615,1,http://www.reactome.org/biopax/96/48892#Catalysis2788,320
285,2550|9176|10231,9177|10232,3,2,http://www.reactome.org/biopax/96/48892#BiochemicalReaction4422,1,http://www.reactome.org/biopax/96/48892#Catalysis2601,321
286,2788|4222,7110,2,1,http://www.reactome.org/biopax/96/48892#BiochemicalReaction4936,1,http://www.reactome.org/biopax/96/48892#Control608,322
287,3179|3732|8164,3173|10157,3,2,http://www.reactome.org/biopax/96/48892#BiochemicalReaction536,1,http://www.reactome.org/biopax/96/48892#Catalysis185,323
288,1058|4718|10065,4719|10055|10070,3,3,http://www.reactome.org/biopax/96/48892#BiochemicalReaction2998,1,http://www.reactome.org/biopax/96/48892#Catalysis1257,324
289,2893|8386|9751,9710|9836,3,2,http://www.reactome.org/biopax/96/48892#BiochemicalReaction29,1,http://www.reactome.org/biopax/96/48892#Catalysis13,325
290,6818|6829|8622,6828|8631,3,2,http://www.reactome.org/biopax/96/48892#BiochemicalReaction639,1,http://www.reactome.org/biopax/96/48892#Catalysis212,326
291,865|3423|7986,3463|8067,3,2,http://www.reactome.org/biopax/96/48892#BiochemicalReaction6426,1,http://www.reactome.org/biopax/96/48892#Catalysis3712,327
292,2045|4343|8164,2054|10157,3,2,http://www.reactome.org/biopax/96/48892#BiochemicalReaction9300,1,http://www.reactome.org/biopax/96/48892#Catalysis4731,328
293,2487|9499|9582,9491,3,1,http://www.reactome.org/biopax/96/48892#BiochemicalReaction4272,-1,http://www.reactome.org/biopax/96/48892#Control523,330
294,1362|7715|7736,1383,3,1,http://www.reactome.org/biopax/96/48892#BiochemicalReaction1661,-1,http://www.reactome.org/biopax/96/48892#Control238,331
295,1061|1064|7296|7297,1065,4,1,http://www.reactome.org/biopax/96/48892#BiochemicalReaction1131,1,http://www.reactome.org/biopax/96/48892#Catalysis461,333
296,2902|7986|8151|10177,8067|8200|10159,4,3,http://www.reactome.org/biopax/96/48892#BiochemicalReaction5128,1,http://www.reactome.org/biopax/96/48892#Catalysis3045,334
297,2769|2850|8622,2847|5436|8631,3,3,http://www.reactome.org/biopax/96/48892#BiochemicalReaction409,1,http://www.reactome.org/biopax/96/48892#Catalysis137,335
298,4289|6151|10089|10162,6148|10165|10169|10170,4,4,http://www.reactome.org/biopax/96/48892#BiochemicalReaction7281,1,http://www.reactome.org/biopax/96/48892#Catalysis3994,336
299,4329|5253|8750,5254|9439,3,2,http://www.reactome.org/biopax/96/48892#BiochemicalReaction7908,1,http://www.reactome.org/biopax/96/48892#Catalysis4265,337
300,4875|8491,8491,2,1,http://www.reactome.org/biopax/96/48892#BiochemicalReaction3705,1,http://www.reactome.org/biopax/96/48892#Catalysis1933,338
301,4816|7952|7953|8720,7954|8586|8777,4,3,http://www.reactome.org/biopax/96/48892#BiochemicalReaction3171,1,http://www.reactome.org/biopax/96/48892#Catalysis1418,339
302,3743|6064|7986,3744|4663|8067,3,3,http://www.reactome.org/biopax/96/48892#BiochemicalReaction7018,-1,http://www.reactome.org/biopax/96/48892#Control869,340
303,2898|7986,2899|8067,2,2,http://www.reactome.org/biopax/96/48892#BiochemicalReaction5116,1,http://www.reactome.org/biopax/96/48892#Catalysis3038,341
304,3079|3578|8622,3577|8631,3,2,http://www.reactome.org/biopax/96/48892#BiochemicalReaction6649,1,http://www.reactome.org/biopax/96/48892#Catalysis3794,342
305,4942|8299|10349,2136,3,1,http://www.reactome.org/biopax/96/48892#BiochemicalReaction3474,1,http://www.reactome.org/biopax/96/48892#Control411,343
306,6608|6610|8622,6611|8631,3,2,http://www.reactome.org/biopax/96/48892#BiochemicalReaction9586,1,http://www.reactome.org/biopax/96/48892#Catalysis4845,344
307,658|6280,6736|6737,2,2,http://www.reactome.org/biopax/96/48892#BiochemicalReaction9996,1,http://www.reactome.org/biopax/96/48892#Catalysis4994,346
308,5261|8160|8161|9214,8162|10216,4,2,http://www.reactome.org/biopax/96/48892#BiochemicalReaction4465,1,http://www.reactome.org/biopax/96/48892#Catalysis2644,348
309,7890|10184|10186,7943|10188,3,2,http://www.reactome.org/biopax/96/48892#BiochemicalReaction2238,1,http://www.reactome.org/biopax/96/48892#Catalysis975,349
310,1983|9513|10177|10256,7943|9538|10257,4,3,http://www.reactome.org/biopax/96/48892#BiochemicalReaction2950,1,http://www.reactome.org/biopax/96/48892#Catalysis1210,350
311,1693|4608|7986,1701|4602|7746|9236|9428,3,5,http://www.reactome.org/biopax/96/48892#BiochemicalReaction2354,1,http://www.reactome.org/biopax/96/48892#Catalysis1030,351
312,5571|9563,8407,2,1,http://www.reactome.org/biopax/96/48892#BiochemicalReaction5417,1,http://www.reactome.org/biopax/96/48892#Catalysis3292,352
313,2984|8386|10042,10051|10058,3,2,http://www.reactome.org/biopax/96/48892#BiochemicalReaction38,1,http://www.reactome.org/biopax/96/48892#Catalysis22,353
314,523|4347,4348,2,1,http://www.reactome.org/biopax/96/48892#BiochemicalReaction9327,-1,http://www.reactome.org/biopax/96/48892#Control1218,354
315,1680|1683|7986,1682|8067,3,2,http://www.reactome.org/biopax/96/48892#BiochemicalReaction2322,-1,http://www.reactome.org/biopax/96/48892#Control304,355
316,2091|8139,2090,2,1,http://www.reactome.org/biopax/96/48892#BiochemicalReaction4200,1,http://www.reactome.org/biopax/96/48892#Catalysis2386,356
317,5335|9022|9894,7952|9895,3,2,http://www.reactome.org/biopax/96/48892#BiochemicalReaction7693,1,http://www.reactome.org/biopax/96/48892#Catalysis4159,357
318,984|7096|9469|9480|9491,985|9499|9502,5,3,http://www.reactome.org/biopax/96/48892#BiochemicalReaction934,1,http://www.reactome.org/biopax/96/48892#Catalysis307,358
319,598|10177,568|597|3404|6582|10159,2,5,http://www.reactome.org/biopax/96/48892#BiochemicalReaction9527,1,http://www.reactome.org/biopax/96/48892#Catalysis4823,359
320,2610|9234|9513|10177,7943|9235|9538,4,3,http://www.reactome.org/biopax/96/48892#BiochemicalReaction4484,1,http://www.reactome.org/biopax/96/48892#Catalysis2662,360
321,6868|9765,10349,2,1,http://www.reactome.org/biopax/96/48892#BiochemicalReaction5380,-1,http://www.reactome.org/biopax/96/48892#Control664,361
322,7183|9982|10287,7943|10290,3,2,http://www.reactome.org/biopax/96/48892#BiochemicalReaction2989,1,http://www.reactome.org/biopax/96/48892#Catalysis1248,363
323,5284|9280|10109,9281|10113,3,2,http://www.reactome.org/biopax/96/48892#BiochemicalReaction4521,1,http://www.reactome.org/biopax/96/48892#Catalysis2698,364
324,3141|8918,3142|9797,2,2,http://www.reactome.org/biopax/96/48892#BiochemicalReaction5693,1,http://www.reactome.org/biopax/96/48892#Catalysis3420,365
325,6678|7943|9044|10258,10017|10298,4,2,http://www.reactome.org/biopax/96/48892#BiochemicalReaction9895,1,http://www.reactome.org/biopax/96/48892#Catalysis4952,366
326,6408|6410|8386,1506,3,1,http://www.reactome.org/biopax/96/48892#BiochemicalReaction8538,-1,http://www.reactome.org/biopax/96/48892#Control1128,367
327,7096|7105|9469|9480|9491,7106|9499|9502,5,3,http://www.reactome.org/biopax/96/48892#BiochemicalReaction938,1,http://www.reactome.org/biopax/96/48892#Catalysis311,368
328,4838|8695|10269,8697,3,1,http://www.reactome.org/biopax/96/48892#BiochemicalReaction3856,1,http://www.reactome.org/biopax/96/48892#Catalysis2077,370
329,2265,2266|5090,1,2,http://www.reactome.org/biopax/96/48892#BiochemicalReaction3898,1,http://www.reactome.org/biopax/96/48892#Catalysis2113,371
330,2587|8029|9408|9480|9582,8031|9409|9502,5,3,http://www.reactome.org/biopax/96/48892#BiochemicalReaction4607,1,http://www.reactome.org/biopax/96/48892#Catalysis2782,372
331,1691|7746,1692|7743,2,2,http://www.reactome.org/biopax/96/48892#BiochemicalReaction2339,1,http://www.reactome.org/biopax/96/48892#Catalysis1021,373
332,5532|8555|9718,7934|7943,3,2,http://www.reactome.org/biopax/96/48892#BiochemicalReaction5279,1,http://www.reactome.org/biopax/96/48892#Catalysis3188,374
333,4790|10009|10355,10060|10364,3,2,http://www.reactome.org/biopax/96/48892#BiochemicalReaction3087,1,http://www.reactome.org/biopax/96/48892#Catalysis1336,375
334,5159|8720|8846,8600|8847|10091,3,3,http://www.reactome.org/biopax/96/48892#BiochemicalReaction4079,1,http://www.reactome.org/biopax/96/48892#Catalysis2265,376
335,636|946|7986,637|8067,3,2,http://www.reactome.org/biopax/96/48892#BiochemicalReaction9626,-1,http://www.reactome.org/biopax/96/48892#Control1240,377
336,2055|8686|10269,8704,3,1,http://www.reactome.org/biopax/96/48892#BiochemicalReaction3861,1,http://www.reactome.org/biopax/96/48892#Catalysis2082,378
337,3052|9797,3053|8957,2,2,http://www.reactome.org/biopax/96/48892#BiochemicalReaction5595,1,http://www.reactome.org/biopax/96/48892#Catalysis3368,379
338,8955,7943|9187|9191,1,3,http://www.reactome.org/biopax/96/48892#BiochemicalReaction4441,1,http://www.reactome.org/biopax/96/48892#Control541,380
339,1630|1720,1724|7883,2,2,http://www.reactome.org/biopax/96/48892#BiochemicalReaction232,-1,http://www.reactome.org/biopax/96/48892#Control56,381
340,6262|7986|9910|10177,8067|9911|10159,4,3,http://www.reactome.org/biopax/96/48892#BiochemicalReaction7706,1,http://www.reactome.org/biopax/96/48892#Catalysis4171,382
341,115|1537|8164,3144|10157,3,2,http://www.reactome.org/biopax/96/48892#BiochemicalReaction8392,1,http://www.reactome.org/biopax/96/48892#Catalysis4450,383
342,5294|9919|10284,7943|9670|9923|10290,3,4,http://www.reactome.org/biopax/96/48892#BiochemicalReaction7715,1,http://www.reactome.org/biopax/96/48892#Catalysis4180,384
343,3533|5930|8622|8918,3529|3534|5928|8631|8643|8938,4,6,http://www.reactome.org/biopax/96/48892#BiochemicalReaction6530,1,http://www.reactome.org/biopax/96/48892#Catalysis3768,385
344,2598|8059|8062|9214,8061|9220,4,2,http://www.reactome.org/biopax/96/48892#BiochemicalReaction4467,1,http://www.reactome.org/biopax/96/48892#Catalysis2646,386
345,1997|1999|10177,2000|4418,3,2,http://www.reactome.org/biopax/96/48892#BiochemicalReaction2983,1,http://www.reactome.org/biopax/96/48892#Catalysis1242,387
346,2479|9027|10177|10298,7943|9018|9635|10258,4,4,http://www.reactome.org/biopax/96/48892#BiochemicalReaction4260,1,http://www.reactome.org/biopax/96/48892#Catalysis2443,388
347,5034|7974|8472|8515|10091,7976|8516|9439,5,3,http://www.reactome.org/biopax/96/48892#BiochemicalReaction3695,1,http://www.reactome.org/biopax/96/48892#Catalysis1923,389
348,5294|8419|10284,7943|9670|9922|10290,3,4,http://www.reactome.org/biopax/96/48892#BiochemicalReaction7714,1,http://www.reactome.org/biopax/96/48892#Catalysis4179,390
349,4119|7986,4120|8067,2,2,http://www.reactome.org/biopax/96/48892#BiochemicalReaction8092,1,http://www.reactome.org/biopax/96/48892#Catalysis4322,391
350,5531|9719|10109,9721|10113,3,2,http://www.reactome.org/biopax/96/48892#BiochemicalReaction5278,1,http://www.reactome.org/biopax/96/48892#Catalysis3187,392
351,5058|8579|9513,7943|8580|9538,3,3,http://www.reactome.org/biopax/96/48892#BiochemicalReaction3754,1,http://www.reactome.org/biopax/96/48892#Control425,393
352,1313|1314|7986,1315|8067,3,2,http://www.reactome.org/biopax/96/48892#BiochemicalReaction1571,1,http://www.reactome.org/biopax/96/48892#Catalysis755,394
353,3114|4113,3115|6820,2,2,http://www.reactome.org/biopax/96/48892#BiochemicalReaction5663,1,http://www.reactome.org/biopax/96/48892#Catalysis3403,395
354,4841|5083,5083,2,1,http://www.reactome.org/biopax/96/48892#BiochemicalReaction3879,1,http://www.reactome.org/biopax/96/48892#Catalysis2098,396
355,7525|7526,5466,2,1,http://www.reactome.org/biopax/96/48892#BiochemicalReaction1319,1,http://www.reactome.org/biopax/96/48892#Catalysis632,397
356,419|5466,420,2,1,http://www.reactome.org/biopax/96/48892#BiochemicalReaction9079,1,http://www.reactome.org/biopax/96/48892#Catalysis4651,398
357,5552|7986|9756|10177,8067|9757|10159,4,3,http://www.reactome.org/biopax/96/48892#BiochemicalReaction5360,1,http://www.reactome.org/biopax/96/48892#Catalysis3249,399
358,3961|10372,10349,2,1,http://www.reactome.org/biopax/96/48892#BiochemicalReaction7606,-1,http://www.reactome.org/biopax/96/48892#Control974,400
359,5455|9620|10113,7943|9621,3,2,http://www.reactome.org/biopax/96/48892#BiochemicalReaction5148,1,http://www.reactome.org/biopax/96/48892#Catalysis3061,402
360,150|730|10349,741,3,1,http://www.reactome.org/biopax/96/48892#BiochemicalReaction9910,1,http://www.reactome.org/biopax/96/48892#Control1316,403
361,999|1000|9633|10269,1001|9634|9635,4,3,http://www.reactome.org/biopax/96/48892#BiochemicalReaction975,1,http://www.reactome.org/biopax/96/48892#Catalysis339,404
362,1170|7509|10177,4392|7519,3,2,http://www.reactome.org/biopax/96/48892#BiochemicalReaction1305,1,http://www.reactome.org/biopax/96/48892#Catalysis623,405
363,4489|8029|9379|9480|9582,8031|9380|9502,5,3,http://www.reactome.org/biopax/96/48892#BiochemicalReaction4589,1,http://www.reactome.org/biopax/96/48892#Catalysis2764,406
364,6276|7075,4001,2,1,http://www.reactome.org/biopax/96/48892#BiochemicalReaction7781,1,http://www.reactome.org/biopax/96/48892#Control1001,407
365,1069|1081|1083,1082|7430,3,2,http://www.reactome.org/biopax/96/48892#BiochemicalReaction1216,1,http://www.reactome.org/biopax/96/48892#Catalysis547,408
366,4934|9660|10177,8275|9743,3,2,http://www.reactome.org/biopax/96/48892#BiochemicalReaction3451,1,http://www.reactome.org/biopax/96/48892#Catalysis1689,409
367,1203|1204,1202|1205|1206|7548,2,4,http://www.reactome.org/biopax/96/48892#BiochemicalReaction1356,1,http://www.reactome.org/biopax/96/48892#Catalysis654,410
368,2428|8430|10177,7943|8709|9236,3,3,http://www.reactome.org/biopax/96/48892#BiochemicalReaction4160,1,http://www.reactome.org/biopax/96/48892#Catalysis2346,411
369,3176|8923,3056|3174|3177|8930,2,4,http://www.reactome.org/biopax/96/48892#BiochemicalReaction5732,1,http://www.reactome.org/biopax/96/48892#Catalysis3435,412
370,1734|7791|7986,7793|8067,3,2,http://www.reactome.org/biopax/96/48892#BiochemicalReaction2438,-1,http://www.reactome.org/biopax/96/48892#Control318,413
371,2311|8724|9439,10233,3,1,http://www.reactome.org/biopax/96/48892#BiochemicalReaction3951,1,http://www.reactome.org/biopax/96/48892#Catalysis2162,414
372,4128|7986,4129|8067,2,2,http://www.reactome.org/biopax/96/48892#BiochemicalReaction8107,1,http://www.reactome.org/biopax/96/48892#Catalysis4328,415
373,5190|9281,9280,2,1,http://www.reactome.org/biopax/96/48892#BiochemicalReaction5183,1,http://www.reactome.org/biopax/96/48892#Catalysis3095,416
374,2514|6839|7986,2515|8067,3,2,http://www.reactome.org/biopax/96/48892#BiochemicalReaction4311,1,http://www.reactome.org/biopax/96/48892#Catalysis2490,417
375,8595|9091|9439|10232,9092|9093|10091|10231,4,4,http://www.reactome.org/biopax/96/48892#BiochemicalReaction4330,-1,http://www.reactome.org/biopax/96/48892#Control529,418
376,2754|5371|5372,2756,3,1,http://www.reactome.org/biopax/96/48892#BiochemicalReaction4836,1,http://www.reactome.org/biopax/96/48892#Control591,419
377,2540|9113|10217,8099|9114|10091,3,3,http://www.reactome.org/biopax/96/48892#BiochemicalReaction4355,1,http://www.reactome.org/biopax/96/48892#Catalysis2534,421
378,689|7986,690|8067,2,2,http://www.reactome.org/biopax/96/48892#BiochemicalReaction9733,1,http://www.reactome.org/biopax/96/48892#Catalysis4908,422
379,2511|8164|10177,8433|9072,3,2,http://www.reactome.org/biopax/96/48892#BiochemicalReaction4310,1,http://www.reactome.org/biopax/96/48892#Catalysis2489,424
380,1111|5337,1110,2,1,http://www.reactome.org/biopax/96/48892#BiochemicalReaction6235,1,http://www.reactome.org/biopax/96/48892#Catalysis3607,425
381,4113|7323|7386,6820|7387,3,2,http://www.reactome.org/biopax/96/48892#BiochemicalReaction1184,1,http://www.reactome.org/biopax/96/48892#Catalysis514,426
382,2569|8265,9159,2,1,http://www.reactome.org/biopax/96/48892#BiochemicalReaction4408,1,http://www.reactome.org/biopax/96/48892#Catalysis2587,427
383,515|6522|10177,525|10159,3,2,http://www.reactome.org/biopax/96/48892#BiochemicalReaction9334,1,http://www.reactome.org/biopax/96/48892#Catalysis4743,428
384,7597|7602|7603,7593|7604,3,2,http://www.reactome.org/biopax/96/48892#BiochemicalReaction1439,1,http://www.reactome.org/biopax/96/48892#Catalysis687,429
385,5309|9427|10177,9429,3,1,http://www.reactome.org/biopax/96/48892#BiochemicalReaction4624,1,http://www.reactome.org/biopax/96/48892#Catalysis2797,430
386,2946|7943|9549|10269,9747,4,1,http://www.reactome.org/biopax/96/48892#BiochemicalReaction5339,1,http://www.reactome.org/biopax/96/48892#Catalysis3233,431
387,2649|9270|10177|10269,9598|10139|10208,4,3,http://www.reactome.org/biopax/96/48892#BiochemicalReaction4990,1,http://www.reactome.org/biopax/96/48892#Catalysis2985,432
388,1130|10177,1131|4392,2,2,http://www.reactome.org/biopax/96/48892#BiochemicalReaction1284,1,http://www.reactome.org/biopax/96/48892#Catalysis605,433
389,2287|10217|10233,8099|9367|10226,3,3,http://www.reactome.org/biopax/96/48892#BiochemicalReaction3922,1,http://www.reactome.org/biopax/96/48892#Catalysis2135,434
390,2455|5185|7986|8979,2456|9236|9428,4,3,http://www.reactome.org/biopax/96/48892#BiochemicalReaction4204,1,http://www.reactome.org/biopax/96/48892#Catalysis2390,435
391,3507|8622,3508|8631,2,2,http://www.reactome.org/biopax/96/48892#BiochemicalReaction6488,1,http://www.reactome.org/biopax/96/48892#Catalysis3746,436
392,4115|9245,721|9256,2,2,http://www.reactome.org/biopax/96/48892#BiochemicalReaction9868,1,http://www.reactome.org/biopax/96/48892#Catalysis4940,437
393,5463|8502,8993,2,1,http://www.reactome.org/biopax/96/48892#BiochemicalReaction5155,1,http://www.reactome.org/biopax/96/48892#Catalysis3068,438
394,93|6362|10177,95|10159,3,2,http://www.reactome.org/biopax/96/48892#BiochemicalReaction8364,1,http://www.reactome.org/biopax/96/48892#Catalysis4441,439
395,1358|3261|7848,1546|5688,3,2,http://www.reactome.org/biopax/96/48892#BiochemicalReaction2075,-1,http://www.reactome.org/biopax/96/48892#Control285,440
396,3801|3802|3806,3805,3,1,http://www.reactome.org/biopax/96/48892#BiochemicalReaction7173,-1,http://www.reactome.org/biopax/96/48892#Control891,442
397,4794|8622|10374,8631|8938|10375,3,3,http://www.reactome.org/biopax/96/48892#BiochemicalReaction3109,1,http://www.reactome.org/biopax/96/48892#Catalysis1358,443
398,808|4231,7449,2,1,http://www.reactome.org/biopax/96/48892#BiochemicalReaction10124,-1,http://www.reactome.org/biopax/96/48892#Control1365,444
399,2814|7943|9847,9583|9635,3,2,http://www.reactome.org/biopax/96/48892#BiochemicalReaction4973,1,http://www.reactome.org/biopax/96/48892#Catalysis2970,445
400,3556|5955|5956|8164,3557|10157|10159,4,3,http://www.reactome.org/biopax/96/48892#BiochemicalReaction503,1,http://www.reactome.org/biopax/96/48892#Catalysis173,446
401,6535|6540|7986,6541|8067,3,2,http://www.reactome.org/biopax/96/48892#BiochemicalReaction9376,1,http://www.reactome.org/biopax/96/48892#Catalysis4766,447
402,5074|7998|8644,8020|8659|10177,3,3,http://www.reactome.org/biopax/96/48892#BiochemicalReaction3827,1,http://www.reactome.org/biopax/96/48892#Catalysis2048,448
403,2071|8647|10298,8696|10258,3,2,http://www.reactome.org/biopax/96/48892#BiochemicalReaction3855,1,http://www.reactome.org/biopax/96/48892#Catalysis2076,449
404,3097|6276|7986,6281|8067,3,2,http://www.reactome.org/biopax/96/48892#BiochemicalReaction7792,1,http://www.reactome.org/biopax/96/48892#Catalysis4223,451
405,7986|8067|9839,7943|8067|10241,3,3,http://www.reactome.org/biopax/96/48892#BiochemicalReaction2935,1,http://www.reactome.org/biopax/96/48892#Control370,453
406,3541|8660|8667|8678|8684,3542,5,1,http://www.reactome.org/biopax/96/48892#BiochemicalReaction6541,1,http://www.reactome.org/biopax/96/48892#Catalysis3772,454
407,3063|3163|3167|3235|5658|5659,3238,6,1,http://www.reactome.org/biopax/96/48892#BiochemicalReaction5803,-1,http://www.reactome.org/biopax/96/48892#Control712,455
408,15|7986|8046,8035|8067,3,2,http://www.reactome.org/biopax/96/48892#BiochemicalReaction8241,1,http://www.reactome.org/biopax/96/48892#Catalysis4388,456
409,2077|7986|9849|10295,7943|7949|8067|10159,4,4,http://www.reactome.org/biopax/96/48892#BiochemicalReaction3273,1,http://www.reactome.org/biopax/96/48892#Control402,458
410,1721|7986,1722|8067,2,2,http://www.reactome.org/biopax/96/48892#BiochemicalReaction2403,1,http://www.reactome.org/biopax/96/48892#Catalysis1046,459
411,2075|8062|8489,8491,3,1,http://www.reactome.org/biopax/96/48892#BiochemicalReaction3677,1,http://www.reactome.org/biopax/96/48892#Catalysis1905,460
412,2879|10134,10133,2,1,http://www.reactome.org/biopax/96/48892#BiochemicalReaction5049,1,http://www.reactome.org/biopax/96/48892#Catalysis3023,461
413,2198|9849,8415|9704|10177,2,3,http://www.reactome.org/biopax/96/48892#BiochemicalReaction3609,1,http://www.reactome.org/biopax/96/48892#Catalysis1841,462
414,4336|6362|10177,4337|10159,3,2,http://www.reactome.org/biopax/96/48892#BiochemicalReaction8491,1,http://www.reactome.org/biopax/96/48892#Catalysis4495,464
415,3730|5052|8903,6139|8908,3,2,http://www.reactome.org/biopax/96/48892#BiochemicalReaction7272,1,http://www.reactome.org/biopax/96/48892#Catalysis3988,465
416,2024|8046|10177,7915|7943|8057,3,3,http://www.reactome.org/biopax/96/48892#BiochemicalReaction3094,1,http://www.reactome.org/biopax/96/48892#Catalysis1343,466
417,5001|8391|9973,8392|10223,3,2,http://www.reactome.org/biopax/96/48892#BiochemicalReaction3587,1,http://www.reactome.org/biopax/96/48892#Catalysis1819,467
418,1537|6580|8164,3144|10157,3,2,http://www.reactome.org/biopax/96/48892#BiochemicalReaction9435,1,http://www.reactome.org/biopax/96/48892#Catalysis4798,468
419,1306|7693|7986,1308|8067,3,2,http://www.reactome.org/biopax/96/48892#BiochemicalReaction1558,-1,http://www.reactome.org/biopax/96/48892#Control225,469
420,150|345,346,2,1,http://www.reactome.org/biopax/96/48892#BiochemicalReaction8914,1,http://www.reactome.org/biopax/96/48892#Control1161,470
421,865|10377,8556,2,1,http://www.reactome.org/biopax/96/48892#BiochemicalReaction3119,1,http://www.reactome.org/biopax/96/48892#Catalysis1368,472
422,2029|7986|8546,8067|8556,3,2,http://www.reactome.org/biopax/96/48892#BiochemicalReaction3124,1,http://www.reactome.org/biopax/96/48892#Catalysis1373,473
423,5493|9639,9227,2,1,http://www.reactome.org/biopax/96/48892#BiochemicalReaction5194,1,http://www.reactome.org/biopax/96/48892#Catalysis3106,474
424,2850|3348|3506,3507,3,1,http://www.reactome.org/biopax/96/48892#BiochemicalReaction7821,-1,http://www.reactome.org/biopax/96/48892#Control1012,475
425,6067|6069|10053,6068|10055,3,2,http://www.reactome.org/biopax/96/48892#BiochemicalReaction7026,1,http://www.reactome.org/biopax/96/48892#Catalysis3915,476
426,5460|9626|10349,9627|10372,3,2,http://www.reactome.org/biopax/96/48892#BiochemicalReaction5153,1,http://www.reactome.org/biopax/96/48892#Catalysis3066,477
427,5163|8872|10177,7943|8873|9428,3,3,http://www.reactome.org/biopax/96/48892#BiochemicalReaction4103,1,http://www.reactome.org/biopax/96/48892#Catalysis2289,478
428,658|5686,6767|6768,2,2,http://www.reactome.org/biopax/96/48892#BiochemicalReaction10013,1,http://www.reactome.org/biopax/96/48892#Catalysis5010,479
429,1833|7986,1834|8067,2,2,http://www.reactome.org/biopax/96/48892#BiochemicalReaction2675,1,http://www.reactome.org/biopax/96/48892#Catalysis1096,481
430,1671|7986,1673|8067,2,2,http://www.reactome.org/biopax/96/48892#BiochemicalReaction2305,1,http://www.reactome.org/biopax/96/48892#Catalysis1006,483
431,1693|4605,1696|4602|7746,2,3,http://www.reactome.org/biopax/96/48892#BiochemicalReaction2345,1,http://www.reactome.org/biopax/96/48892#Catalysis1024,484
432,4291|6141|9245,6143|9256,3,2,http://www.reactome.org/biopax/96/48892#BiochemicalReaction7294,1,http://www.reactome.org/biopax/96/48892#Catalysis4007,485
433,2462|7943|7986|8986,8987|9428,4,2,http://www.reactome.org/biopax/96/48892#BiochemicalReaction4211,1,http://www.reactome.org/biopax/96/48892#Catalysis2396,486
434,2299|8733|10177,7943|8734|8735,3,3,http://www.reactome.org/biopax/96/48892#BiochemicalReaction3939,1,http://www.reactome.org/biopax/96/48892#Catalysis2150,487
435,3328|3568|8622,3569|8631,3,2,http://www.reactome.org/biopax/96/48892#BiochemicalReaction6630,1,http://www.reactome.org/biopax/96/48892#Catalysis3792,489
436,2045|4204|8164,2054|10157,3,2,http://www.reactome.org/biopax/96/48892#BiochemicalReaction8194,1,http://www.reactome.org/biopax/96/48892#Catalysis4368,491
437,1334|7207|7986,4105|8067,3,2,http://www.reactome.org/biopax/96/48892#BiochemicalReaction7981,1,http://www.reactome.org/biopax/96/48892#Catalysis4301,492
438,3095|8622,3096|5622|8631,2,3,http://www.reactome.org/biopax/96/48892#BiochemicalReaction5646,1,http://www.reactome.org/biopax/96/48892#Catalysis3393,494
439,2376|7986|8810,8067|8819,3,2,http://www.reactome.org/biopax/96/48892#BiochemicalReaction4062,1,http://www.reactome.org/biopax/96/48892#Catalysis2248,495
440,1825|7986,1827|8067,2,2,http://www.reactome.org/biopax/96/48892#BiochemicalReaction2663,1,http://www.reactome.org/biopax/96/48892#Catalysis1093,496
441,5058|7943|8581|10258,8582|10298,4,2,http://www.reactome.org/biopax/96/48892#BiochemicalReaction3761,1,http://www.reactome.org/biopax/96/48892#Control430,497
442,4393|7534|10177,4393|7533,3,2,http://www.reactome.org/biopax/96/48892#BiochemicalReaction1322,1,http://www.reactome.org/biopax/96/48892#Catalysis635,498
443,3396|5839|8918,3347|8643,3,2,http://www.reactome.org/biopax/96/48892#BiochemicalReaction6330,1,http://www.reactome.org/biopax/96/48892#Catalysis3655,499
444,2225|10230,7952|8123,2,2,http://www.reactome.org/biopax/96/48892#BiochemicalReaction3789,1,http://www.reactome.org/biopax/96/48892#Catalysis2010,500
445,4476|9319|10258,9320|10298,3,2,http://www.reactome.org/biopax/96/48892#BiochemicalReaction4552,1,http://www.reactome.org/biopax/96/48892#Catalysis2729,501
446,591|7986,5816|6601|8067,2,3,http://www.reactome.org/biopax/96/48892#BiochemicalReaction9511,1,http://www.reactome.org/biopax/96/48892#Catalysis4821,502
447,2010|4751|9630,4752|9632|10070,3,3,http://www.reactome.org/biopax/96/48892#BiochemicalReaction3025,1,http://www.reactome.org/biopax/96/48892#Catalysis1282,503
448,4370|7143|9706,9713|9732,3,2,http://www.reactome.org/biopax/96/48892#BiochemicalReaction985,1,http://www.reactome.org/biopax/96/48892#Catalysis349,504
449,5248|7943|9168|10258|10269,9171|10177|10298,5,3,http://www.reactome.org/biopax/96/48892#BiochemicalReaction4418,1,http://www.reactome.org/biopax/96/48892#Catalysis2597,505
450,3071|5616|5617,3072,3,1,http://www.reactome.org/biopax/96/48892#BiochemicalReaction5616,-1,http://www.reactome.org/biopax/96/48892#Control706,506
451,5983|10177|10248,9839|10159,3,2,http://www.reactome.org/biopax/96/48892#BiochemicalReaction6673,1,http://www.reactome.org/biopax/96/48892#Catalysis3801,507
452,2489|9043|10269,9044,3,1,http://www.reactome.org/biopax/96/48892#BiochemicalReaction4276,1,http://www.reactome.org/biopax/96/48892#Catalysis2458,508
453,1652,1653,1,1,http://www.reactome.org/biopax/96/48892#BiochemicalReaction2286,1,http://www.reactome.org/biopax/96/48892#Catalysis998,509
454,4414|4468|8386,9710|9751|9793,3,3,http://www.reactome.org/biopax/96/48892#BiochemicalReaction27,1,http://www.reactome.org/biopax/96/48892#Catalysis11,510
455,5251|9196|9198,9197|10226,3,2,http://www.reactome.org/biopax/96/48892#BiochemicalReaction4446,1,http://www.reactome.org/biopax/96/48892#Catalysis2625,511
456,2369|7648|8810,7649|8811|10177,3,3,http://www.reactome.org/biopax/96/48892#BiochemicalReaction4051,1,http://www.reactome.org/biopax/96/48892#Catalysis2237,512
457,1127|10177,4393|7503,2,2,http://www.reactome.org/biopax/96/48892#BiochemicalReaction1282,1,http://www.reactome.org/biopax/96/48892#Catalysis603,513
458,1606|7873|7986,1607|8067,3,2,http://www.reactome.org/biopax/96/48892#BiochemicalReaction2183,1,http://www.reactome.org/biopax/96/48892#Catalysis962,514
459,1165|6995|8164,1175|10157,3,2,http://www.reactome.org/biopax/96/48892#BiochemicalReaction125,1,http://www.reactome.org/biopax/96/48892#Catalysis52,515
460,5698|5752,5753|5754|5756|5757,2,4,http://www.reactome.org/biopax/96/48892#BiochemicalReaction6007,1,http://www.reactome.org/biopax/96/48892#Catalysis3556,516
461,572|6587|8164,551|10157,3,2,http://www.reactome.org/biopax/96/48892#BiochemicalReaction9457,1,http://www.reactome.org/biopax/96/48892#Catalysis4804,517
462,1854|1858|7986,1856|8067,3,2,http://www.reactome.org/biopax/96/48892#BiochemicalReaction2717,1,http://www.reactome.org/biopax/96/48892#Control331,518
463,7718|7720|10074,7719|10075,3,2,http://www.reactome.org/biopax/96/48892#BiochemicalReaction1637,1,http://www.reactome.org/biopax/96/48892#Catalysis785,519
464,1843|7986,1844|8067,2,2,http://www.reactome.org/biopax/96/48892#BiochemicalReaction2690,1,http://www.reactome.org/biopax/96/48892#Catalysis1101,520
465,3097|4139|7986,4155|4160|8067,3,3,http://www.reactome.org/biopax/96/48892#BiochemicalReaction642,1,http://www.reactome.org/biopax/96/48892#Catalysis215,521
466,6657|6659|8386,6355|6658,3,2,http://www.reactome.org/biopax/96/48892#BiochemicalReaction9746,1,http://www.reactome.org/biopax/96/48892#Catalysis4913,522
467,5025|8445,8446,2,1,http://www.reactome.org/biopax/96/48892#BiochemicalReaction3635,1,http://www.reactome.org/biopax/96/48892#Catalysis1865,524
468,5596|7944|10177,8151|9455,3,2,http://www.reactome.org/biopax/96/48892#BiochemicalReaction5484,1,http://www.reactome.org/biopax/96/48892#Catalysis3317,525
469,5034|7976|8475,7974|8477|10091,3,3,http://www.reactome.org/biopax/96/48892#BiochemicalReaction3665,1,http://www.reactome.org/biopax/96/48892#Catalysis1893,526
470,5224|9077|10177,8757|9563,3,2,http://www.reactome.org/biopax/96/48892#BiochemicalReaction4319,1,http://www.reactome.org/biopax/96/48892#Catalysis2498,527
471,5056|7943|8572|10258|10269,8574|10177|10298,5,3,http://www.reactome.org/biopax/96/48892#BiochemicalReaction3749,1,http://www.reactome.org/biopax/96/48892#Catalysis1973,528
472,2660|9270|10300,9474|10301,3,2,http://www.reactome.org/biopax/96/48892#BiochemicalReaction4650,1,http://www.reactome.org/biopax/96/48892#Catalysis2821,529
473,7637|7641,7640,2,1,http://www.reactome.org/biopax/96/48892#BiochemicalReaction1476,1,http://www.reactome.org/biopax/96/48892#Catalysis716,530
474,1071|1094|7319,1095|6820,3,2,http://www.reactome.org/biopax/96/48892#BiochemicalReaction1258,1,http://www.reactome.org/biopax/96/48892#Catalysis587,531
475,2986|5590,2497|8642|9530,2,3,http://www.reactome.org/biopax/96/48892#BiochemicalReaction5456,1,http://www.reactome.org/biopax/96/48892#Control679,533
476,170|4332|7986,4335|8067,3,2,http://www.reactome.org/biopax/96/48892#BiochemicalReaction8470,-1,http://www.reactome.org/biopax/96/48892#Control1124,535
477,2647|8029|9412|9480|9582,8031|9413|9502,5,3,http://www.reactome.org/biopax/96/48892#BiochemicalReaction4609,1,http://www.reactome.org/biopax/96/48892#Catalysis2784,536
478,951|7986,956|8067,2,2,http://www.reactome.org/biopax/96/48892#BiochemicalReaction88,1,http://www.reactome.org/biopax/96/48892#Catalysis42,537
479,4872|7986|8155,8156|9236,3,2,http://www.reactome.org/biopax/96/48892#BiochemicalReaction3321,1,http://www.reactome.org/biopax/96/48892#Catalysis1559,538
480,3906|4530|7986,3907|8067,3,2,http://www.reactome.org/biopax/96/48892#BiochemicalReaction7415,1,http://www.reactome.org/biopax/96/48892#Catalysis4056,539
481,2363|8757|8784,7943|8785|10159,3,3,http://www.reactome.org/biopax/96/48892#BiochemicalReaction4028,1,http://www.reactome.org/biopax/96/48892#Catalysis2215,540
482,3313|7986,3291|8067,2,2,http://www.reactome.org/biopax/96/48892#BiochemicalReaction6131,1,http://www.reactome.org/biopax/96/48892#Catalysis3580,541
483,4069|7974|9959|10091,7976|8726,4,2,http://www.reactome.org/biopax/96/48892#BiochemicalReaction7905,1,http://www.reactome.org/biopax/96/48892#Catalysis4262,542
484,3425|3686|8622,3687|8631,3,2,http://www.reactome.org/biopax/96/48892#BiochemicalReaction6835,1,http://www.reactome.org/biopax/96/48892#Catalysis3875,543
485,3979|9727|9856,4313|9731,3,2,http://www.reactome.org/biopax/96/48892#BiochemicalReaction7647,1,http://www.reactome.org/biopax/96/48892#Catalysis4129,544
486,5579|7943|8407,8555|9563,3,2,http://www.reactome.org/biopax/96/48892#BiochemicalReaction5420,1,http://www.reactome.org/biopax/96/48892#Catalysis3295,545
487,2088|8099|8128|10091,8129|10217,4,2,http://www.reactome.org/biopax/96/48892#BiochemicalReaction3306,1,http://www.reactome.org/biopax/96/48892#Catalysis1546,546
488,4276|7690,6862,2,1,http://www.reactome.org/biopax/96/48892#BiochemicalReaction7630,1,http://www.reactome.org/biopax/96/48892#Control979,549
489,920|7030,921,2,1,http://www.reactome.org/biopax/96/48892#BiochemicalReaction844,1,http://www.reactome.org/biopax/96/48892#Control146,550
490,865|8583,10376,2,1,http://www.reactome.org/biopax/96/48892#BiochemicalReaction3108,1,http://www.reactome.org/biopax/96/48892#Catalysis1357,551
491,2230|8656|9513,7943|8658|9538,3,3,http://www.reactome.org/biopax/96/48892#BiochemicalReaction3826,1,http://www.reactome.org/biopax/96/48892#Catalysis2047,552
492,844|7910,6451,2,1,http://www.reactome.org/biopax/96/48892#BiochemicalReaction68,1,http://www.reactome.org/biopax/96/48892#Control16,553
493,2741|7986,10330,2,1,http://www.reactome.org/biopax/96/48892#BiochemicalReaction9854,1,http://www.reactome.org/biopax/96/48892#Catalysis4937,554
494,5283|9278|9396,7943|9279|9450,3,3,http://www.reactome.org/biopax/96/48892#BiochemicalReaction4520,1,http://www.reactome.org/biopax/96/48892#Catalysis2697,555
495,22|3097|7986,25|8067,3,2,http://www.reactome.org/biopax/96/48892#BiochemicalReaction8271,1,http://www.reactome.org/biopax/96/48892#Catalysis4402,556
496,4022|8622,4023|5622|8631,2,3,http://www.reactome.org/biopax/96/48892#BiochemicalReaction7817,1,http://www.reactome.org/biopax/96/48892#Catalysis4236,557
497,2018|7943|10258|10346,10298|10347,4,2,http://www.reactome.org/biopax/96/48892#BiochemicalReaction3072,1,http://www.reactome.org/biopax/96/48892#Catalysis1321,558
498,1555|1560|7986,1562|8067,3,2,http://www.reactome.org/biopax/96/48892#BiochemicalReaction2109,1,http://www.reactome.org/biopax/96/48892#Catalysis926,559
499,278|5466,279|7507,2,2,http://www.reactome.org/biopax/96/48892#BiochemicalReaction8636,1,http://www.reactome.org/biopax/96/48892#Catalysis4550,560
500,2162|4981|7943|8339|10269,2163|8340|10177,5,3,http://www.reactome.org/biopax/96/48892#BiochemicalReaction3545,1,http://www.reactome.org/biopax/96/48892#Catalysis1780,561
501,2031|7922|10177,7917|10159,3,2,http://www.reactome.org/biopax/96/48892#BiochemicalReaction3132,1,http://www.reactome.org/biopax/96/48892#Catalysis1381,562
502,2966|10109,10113,2,1,http://www.reactome.org/biopax/96/48892#BiochemicalReaction5371,1,http://www.reactome.org/biopax/96/48892#Catalysis3256,563
503,2838|2839|5430|5431|7986|10159,2838|5430|5431|8067,6,4,http://www.reactome.org/biopax/96/48892#BiochemicalReaction5005,-1,http://www.reactome.org/biopax/96/48892#Control622,564
504,719|720,6849,2,1,http://www.reactome.org/biopax/96/48892#BiochemicalReaction9865,1,http://www.reactome.org/biopax/96/48892#Control1300,565
505,3558|6848|10089|10162,4876|10165|10169|10170,4,4,http://www.reactome.org/biopax/96/48892#BiochemicalReaction6589,1,http://www.reactome.org/biopax/96/48892#Catalysis3785,566
506,7986|10134|10254,7943|8067|10255,3,3,http://www.reactome.org/biopax/96/48892#BiochemicalReaction2947,1,http://www.reactome.org/biopax/96/48892#Control378,567
507,2349|7943|9538|10234,8721|9513,4,2,http://www.reactome.org/biopax/96/48892#BiochemicalReaction3992,1,http://www.reactome.org/biopax/96/48892#Catalysis2185,568
508,8164|8757|8767|10157,7943|8783|10157|10159,4,4,http://www.reactome.org/biopax/96/48892#BiochemicalReaction4025,-1,http://www.reactome.org/biopax/96/48892#Control500,569
509,6401|7253|7986,143|8067,3,2,http://www.reactome.org/biopax/96/48892#BiochemicalReaction8456,1,http://www.reactome.org/biopax/96/48892#Catalysis4481,570
510,1644|4589,4590|4591,2,2,http://www.reactome.org/biopax/96/48892#BiochemicalReaction2272,1,http://www.reactome.org/biopax/96/48892#Catalysis989,571
511,3881|5052|8903,6133|8908,3,2,http://www.reactome.org/biopax/96/48892#BiochemicalReaction7267,1,http://www.reactome.org/biopax/96/48892#Catalysis3983,572
512,1335|1460|7986,1462|8067,3,2,http://www.reactome.org/biopax/96/48892#BiochemicalReaction1834,1,http://www.reactome.org/biopax/96/48892#Catalysis856,573
513,5094|8721|10298,7943|9635|9995|10258,3,4,http://www.reactome.org/biopax/96/48892#BiochemicalReaction3916,-1,http://www.reactome.org/biopax/96/48892#Control441,574
514,2604|9086|9224,8738|9225,3,2,http://www.reactome.org/biopax/96/48892#BiochemicalReaction4474,1,http://www.reactome.org/biopax/96/48892#Catalysis2653,575
515,863|8316|10177,8314|10159,3,2,http://www.reactome.org/biopax/96/48892#BiochemicalReaction6145,1,http://www.reactome.org/biopax/96/48892#Catalysis3585,576
516,2410|8913|10177,7943|8914,3,2,http://www.reactome.org/biopax/96/48892#BiochemicalReaction4133,1,http://www.reactome.org/biopax/96/48892#Catalysis2319,577
517,2108|8223|10132,8219|8224,3,2,http://www.reactome.org/biopax/96/48892#BiochemicalReaction3372,1,http://www.reactome.org/biopax/96/48892#Catalysis1610,578
518,2842|10372,10349,2,1,http://www.reactome.org/biopax/96/48892#BiochemicalReaction5008,1,http://www.reactome.org/biopax/96/48892#Catalysis2998,579
519,5055|7943|8564|10258|10269,8580|10177|10278|10298,5,4,http://www.reactome.org/biopax/96/48892#BiochemicalReaction3756,1,http://www.reactome.org/biopax/96/48892#Catalysis1980,580
520,643|4393,644,2,1,http://www.reactome.org/biopax/96/48892#BiochemicalReaction9643,1,http://www.reactome.org/biopax/96/48892#Catalysis4876,581
521,6499|6501,5440|6500,2,2,http://www.reactome.org/biopax/96/48892#BiochemicalReaction9260,1,http://www.reactome.org/biopax/96/48892#Catalysis4716,582
522,6627|6873|7986,6628|8067,3,2,http://www.reactome.org/biopax/96/48892#BiochemicalReaction9621,1,http://www.reactome.org/biopax/96/48892#Catalysis4866,583
523,292|7986,819|8067,2,2,http://www.reactome.org/biopax/96/48892#BiochemicalReaction10146,1,http://www.reactome.org/biopax/96/48892#Catalysis5051,584
524,3562|7986,3910|8067,2,2,http://www.reactome.org/biopax/96/48892#BiochemicalReaction7421,1,http://www.reactome.org/biopax/96/48892#Catalysis4059,585
525,416|5466,417,2,1,http://www.reactome.org/biopax/96/48892#BiochemicalReaction9075,1,http://www.reactome.org/biopax/96/48892#Catalysis4649,586
526,5497|9633|9648,9647|9649,3,2,http://www.reactome.org/biopax/96/48892#BiochemicalReaction5204,1,http://www.reactome.org/biopax/96/48892#Catalysis3116,587
527,1867|4367,1874,2,1,http://www.reactome.org/biopax/96/48892#BiochemicalReaction2750,1,http://www.reactome.org/biopax/96/48892#Catalysis1112,588
528,810|10372,10349,2,1,http://www.reactome.org/biopax/96/48892#BiochemicalReaction10126,1,http://www.reactome.org/biopax/96/48892#Catalysis5044,590
529,4104|5936|7986,6334,3,1,http://www.reactome.org/biopax/96/48892#BiochemicalReaction7977,1,http://www.reactome.org/biopax/96/48892#Control1040,591
530,5402|9579|10109,9841|10113,3,2,http://www.reactome.org/biopax/96/48892#BiochemicalReaction4961,1,http://www.reactome.org/biopax/96/48892#Catalysis2959,592
531,658|5355,6731|6732,2,2,http://www.reactome.org/biopax/96/48892#BiochemicalReaction9994,1,http://www.reactome.org/biopax/96/48892#Catalysis4992,593
532,7853|10123|10177,10175|10176,3,2,http://www.reactome.org/biopax/96/48892#BiochemicalReaction2088,1,http://www.reactome.org/biopax/96/48892#Catalysis920,594
533,1290|7079|8164,1292|10157,3,2,http://www.reactome.org/biopax/96/48892#BiochemicalReaction141,1,http://www.reactome.org/biopax/96/48892#Catalysis58,595
534,388|7986,390|8067,2,2,http://www.reactome.org/biopax/96/48892#BiochemicalReaction9021,1,http://www.reactome.org/biopax/96/48892#Catalysis4630,596
535,7933|8896|10177,7943|8767|9428,3,3,http://www.reactome.org/biopax/96/48892#BiochemicalReaction4119,1,http://www.reactome.org/biopax/96/48892#Control514,597
536,3927|7986,3928|8067,2,2,http://www.reactome.org/biopax/96/48892#BiochemicalReaction7519,1,http://www.reactome.org/biopax/96/48892#Catalysis4084,598
537,10134|10372,10349,2,1,http://www.reactome.org/biopax/96/48892#BiochemicalReaction8007,1,http://www.reactome.org/biopax/96/48892#Control1052,599
538,4516|5400,4517,2,1,http://www.reactome.org/biopax/96/48892#BiochemicalReaction5186,1,http://www.reactome.org/biopax/96/48892#Catalysis3098,600
539,9296|9446|9447,9448|9451,3,2,http://www.reactome.org/biopax/96/48892#BiochemicalReaction4632,-1,http://www.reactome.org/biopax/96/48892#Control560,601
540,7245|10071|10368,10055|10370,3,2,http://www.reactome.org/biopax/96/48892#BiochemicalReaction3093,1,http://www.reactome.org/biopax/96/48892#Catalysis1342,604
541,2533|5228|10217,7601|8099|10091,3,3,http://www.reactome.org/biopax/96/48892#BiochemicalReaction4345,1,http://www.reactome.org/biopax/96/48892#Catalysis2524,606
542,62|6394|10177,76|10159,3,2,http://www.reactome.org/biopax/96/48892#BiochemicalReaction8335,1,http://www.reactome.org/biopax/96/48892#Catalysis4429,607
543,178|7986,4336|5829|8067,2,3,http://www.reactome.org/biopax/96/48892#BiochemicalReaction8487,1,http://www.reactome.org/biopax/96/48892#Catalysis4492,608
544,1588|7866|7986,1589|8067,3,2,http://www.reactome.org/biopax/96/48892#BiochemicalReaction2152,1,http://www.reactome.org/biopax/96/48892#Catalysis950,609
545,7794|7815|8622,7816|8631,3,2,http://www.reactome.org/biopax/96/48892#BiochemicalReaction1848,1,http://www.reactome.org/biopax/96/48892#Catalysis867,610
546,3050|3051|5611|5675,3052|5610,4,2,http://www.reactome.org/biopax/96/48892#BiochemicalReaction5594,1,http://www.reactome.org/biopax/96/48892#Control705,611
547,1649|1650|8502,1651,3,1,http://www.reactome.org/biopax/96/48892#BiochemicalReaction2283,1,http://www.reactome.org/biopax/96/48892#Control296,612
548,2007|4736|10081,4738|10055|10070,3,3,http://www.reactome.org/biopax/96/48892#BiochemicalReaction3016,1,http://www.reactome.org/biopax/96/48892#Catalysis1273,613
549,4961|10167|10177,8273|10159,3,2,http://www.reactome.org/biopax/96/48892#BiochemicalReaction3514,1,http://www.reactome.org/biopax/96/48892#Catalysis1752,614
550,5457|9623|10113,7943|9624,3,2,http://www.reactome.org/biopax/96/48892#BiochemicalReaction5150,1,http://www.reactome.org/biopax/96/48892#Catalysis3063,615
551,3746|4276,6862,2,1,http://www.reactome.org/biopax/96/48892#BiochemicalReaction8082,1,http://www.reactome.org/biopax/96/48892#Control1083,616
552,900|903|10177,4360|6972|6975|6977|6987|6988|6989|9236,3,8,http://www.reactome.org/biopax/96/48892#BiochemicalReaction830,1,http://www.reactome.org/biopax/96/48892#Catalysis267,617
553,2027|7986|8057,7943|8067|8573,3,3,http://www.reactome.org/biopax/96/48892#BiochemicalReaction3097,1,http://www.reactome.org/biopax/96/48892#Catalysis1346,618
554,5566|8871,8989,2,1,http://www.reactome.org/biopax/96/48892#BiochemicalReaction5382,1,http://www.reactome.org/biopax/96/48892#Catalysis3267,619
555,1091|4113|7331,1092|6820,3,2,http://www.reactome.org/biopax/96/48892#BiochemicalReaction1232,1,http://www.reactome.org/biopax/96/48892#Catalysis561,620
556,1|3097|7986,4|8067,3,2,http://www.reactome.org/biopax/96/48892#BiochemicalReaction8242,1,http://www.reactome.org/biopax/96/48892#Catalysis4389,621
557,2798|2799|5396|5397|6099|7907,2800,6,1,http://www.reactome.org/biopax/96/48892#BiochemicalReaction4954,1,http://www.reactome.org/biopax/96/48892#Catalysis2952,622
558,5580|8740|9768,9247|9772,3,2,http://www.reactome.org/biopax/96/48892#BiochemicalReaction5428,1,http://www.reactome.org/biopax/96/48892#Catalysis3301,623
559,4425|4781|9630,4426|9632|10070,3,3,http://www.reactome.org/biopax/96/48892#BiochemicalReaction3057,1,http://www.reactome.org/biopax/96/48892#Catalysis1308,624
560,5151|8622|8799,8631|8800,3,2,http://www.reactome.org/biopax/96/48892#BiochemicalReaction4041,1,http://www.reactome.org/biopax/96/48892#Catalysis2227,625
561,3877|6131|10177,3878|10159,3,2,http://www.reactome.org/biopax/96/48892#BiochemicalReaction7232,1,http://www.reactome.org/biopax/96/48892#Control898,626
562,1642|5466,1447,2,1,http://www.reactome.org/biopax/96/48892#BiochemicalReaction2264,1,http://www.reactome.org/biopax/96/48892#Catalysis985,627
563,3355|5820|7986,3356|8067,3,2,http://www.reactome.org/biopax/96/48892#BiochemicalReaction6265,1,http://www.reactome.org/biopax/96/48892#Catalysis3630,628
564,6218|6420,6067,2,1,http://www.reactome.org/biopax/96/48892#BiochemicalReaction7491,-1,http://www.reactome.org/biopax/96/48892#Control958,629
565,3276|5750|7986,3279|8067,3,2,http://www.reactome.org/biopax/96/48892#BiochemicalReaction460,1,http://www.reactome.org/biopax/96/48892#Catalysis159,630
566,7191|9706|10025,10026|10027,3,2,http://www.reactome.org/biopax/96/48892#BiochemicalReaction1038,1,http://www.reactome.org/biopax/96/48892#Catalysis402,631
567,4548|5717,5718|5719,2,2,http://www.reactome.org/biopax/96/48892#BiochemicalReaction5953,1,http://www.reactome.org/biopax/96/48892#Catalysis3505,632
568,439|658,442|6469,2,2,http://www.reactome.org/biopax/96/48892#BiochemicalReaction9114,1,http://www.reactome.org/biopax/96/48892#Catalysis4664,634
569,2053|7988|7989,7990|7991|9502,3,3,http://www.reactome.org/biopax/96/48892#BiochemicalReaction3195,1,http://www.reactome.org/biopax/96/48892#Catalysis1436,635
570,4433|7998|8022,8020|8023|10177,3,3,http://www.reactome.org/biopax/96/48892#BiochemicalReaction3226,1,http://www.reactome.org/biopax/96/48892#Catalysis1466,636
571,1793|1794|4642,1795,3,1,http://www.reactome.org/biopax/96/48892#BiochemicalReaction2592,-1,http://www.reactome.org/biopax/96/48892#Control324,637
572,5023|8453|10298,8454|9635|10258,3,3,http://www.reactome.org/biopax/96/48892#BiochemicalReaction3641,1,http://www.reactome.org/biopax/96/48892#Catalysis1871,638
573,844|7914,7220,2,1,http://www.reactome.org/biopax/96/48892#BiochemicalReaction8081,1,http://www.reactome.org/biopax/96/48892#Control1081,639
574,1403|2858,1404|5466,2,2,http://www.reactome.org/biopax/96/48892#BiochemicalReaction1686,1,http://www.reactome.org/biopax/96/48892#Catalysis810,641
575,2720|6842,5346|6820,2,2,http://www.reactome.org/biopax/96/48892#BiochemicalReaction4755,1,http://www.reactome.org/biopax/96/48892#Catalysis2905,642
576,1136|10177,1137|1138|4392,2,3,http://www.reactome.org/biopax/96/48892#BiochemicalReaction1287,1,http://www.reactome.org/biopax/96/48892#Catalysis608,643
577,842|6948|6949|6950|6951|6952|6953|6954|6955|6956|6957|8622,843|6936|6937|6939|6941|6944|6946|6947|8631|8643,12,10,http://www.reactome.org/biopax/96/48892#BiochemicalReaction748,1,http://www.reactome.org/biopax/96/48892#Catalysis246,644
578,4941|8287|8294,8290|8293,3,2,http://www.reactome.org/biopax/96/48892#BiochemicalReaction3469,1,http://www.reactome.org/biopax/96/48892#Catalysis1707,645
579,3776|3836|8164,3837|6107|10157,3,3,http://www.reactome.org/biopax/96/48892#BiochemicalReaction7203,1,http://www.reactome.org/biopax/96/48892#Catalysis3959,646
580,5233|9119,9120|9563,2,2,http://www.reactome.org/biopax/96/48892#BiochemicalReaction4364,1,http://www.reactome.org/biopax/96/48892#Catalysis2543,647
581,605|7803|7986,606|8067,3,2,http://www.reactome.org/biopax/96/48892#BiochemicalReaction9553,1,http://www.reactome.org/biopax/96/48892#Catalysis4830,648
582,3156|3159|9797,3157|8957,3,2,http://www.reactome.org/biopax/96/48892#BiochemicalReaction5709,1,http://www.reactome.org/biopax/96/48892#Catalysis3426,649
583,5304|8029|9404|9480|9582,8031|9405|9502,5,3,http://www.reactome.org/biopax/96/48892#BiochemicalReaction4604,1,http://www.reactome.org/biopax/96/48892#Catalysis2779,650
584,863|8313|10177,8273|10159,3,2,http://www.reactome.org/biopax/96/48892#BiochemicalReaction9777,1,http://www.reactome.org/biopax/96/48892#Catalysis4917,651
585,5165|8939,8940,2,1,http://www.reactome.org/biopax/96/48892#BiochemicalReaction4148,1,http://www.reactome.org/biopax/96/48892#Catalysis2334,652
586,675|6698|7826,748,3,1,http://www.reactome.org/biopax/96/48892#BiochemicalReaction9931,-1,http://www.reactome.org/biopax/96/48892#Control1324,653
587,439|444|7986,445|8067,3,2,http://www.reactome.org/biopax/96/48892#BiochemicalReaction9118,1,http://www.reactome.org/biopax/96/48892#Catalysis4666,654
588,4834|7991,7996,2,1,http://www.reactome.org/biopax/96/48892#BiochemicalReaction3201,1,http://www.reactome.org/biopax/96/48892#Catalysis1442,655
589,3531|8660|8667|8678|8684,3532,5,1,http://www.reactome.org/biopax/96/48892#BiochemicalReaction6527,1,http://www.reactome.org/biopax/96/48892#Catalysis3766,656
590,4904|8386|10174,8221|8225,3,2,http://www.reactome.org/biopax/96/48892#BiochemicalReaction3374,-1,http://www.reactome.org/biopax/96/48892#Control405,657
591,2302|2313,2301|5104|8751,2,3,http://www.reactome.org/biopax/96/48892#BiochemicalReaction3954,1,http://www.reactome.org/biopax/96/48892#Catalysis2165,658
592,4113|7323|7397,6820|7398,3,2,http://www.reactome.org/biopax/96/48892#BiochemicalReaction1191,1,http://www.reactome.org/biopax/96/48892#Catalysis521,659
593,4838|8686|10269,8705,3,1,http://www.reactome.org/biopax/96/48892#BiochemicalReaction3862,1,http://www.reactome.org/biopax/96/48892#Catalysis2083,660
594,5169|8948,8949,2,1,http://www.reactome.org/biopax/96/48892#BiochemicalReaction4157,1,http://www.reactome.org/biopax/96/48892#Catalysis2343,662
595,5190|8991|10109,8994|10113,3,2,http://www.reactome.org/biopax/96/48892#BiochemicalReaction4214,1,http://www.reactome.org/biopax/96/48892#Catalysis2399,663
596,495|6505|9997,6506|9428,3,2,http://www.reactome.org/biopax/96/48892#BiochemicalReaction9279,-1,http://www.reactome.org/biopax/96/48892#Control1204,665
597,4785|10354,10288|10352,2,2,http://www.reactome.org/biopax/96/48892#BiochemicalReaction3078,1,http://www.reactome.org/biopax/96/48892#Catalysis1327,666
598,3164|3175|9797,3176|8957,3,2,http://www.reactome.org/biopax/96/48892#BiochemicalReaction5731,-1,http://www.reactome.org/biopax/96/48892#Control710,667
599,887|2864,2870,2,1,http://www.reactome.org/biopax/96/48892#BiochemicalReaction5036,1,http://www.reactome.org/biopax/96/48892#Catalysis3013,668
600,545|7986,546|8067,2,2,http://www.reactome.org/biopax/96/48892#BiochemicalReaction9375,1,http://www.reactome.org/biopax/96/48892#Catalysis4765,669
601,7762|10372,1534|7763,2,2,http://www.reactome.org/biopax/96/48892#BiochemicalReaction222,1,http://www.reactome.org/biopax/96/48892#Control46,670
602,3718|4341|8164,3721|10157,3,2,http://www.reactome.org/biopax/96/48892#BiochemicalReaction9696,1,http://www.reactome.org/biopax/96/48892#Catalysis4896,671
603,4321|5452|7986|10177,4320|8067|10159,4,3,http://www.reactome.org/biopax/96/48892#BiochemicalReaction7742,1,http://www.reactome.org/biopax/96/48892#Catalysis4201,672
604,2780|7986,2781|8067,2,2,http://www.reactome.org/biopax/96/48892#BiochemicalReaction4918,1,http://www.reactome.org/biopax/96/48892#Catalysis2940,673
605,2806|10349,2798|2807|4586|5396|5397|5398|5403|8834,2,8,http://www.reactome.org/biopax/96/48892#BiochemicalReaction4964,1,http://www.reactome.org/biopax/96/48892#Control618,674
606,4113|7408,6820|7409,2,2,http://www.reactome.org/biopax/96/48892#BiochemicalReaction1198,1,http://www.reactome.org/biopax/96/48892#Catalysis528,675
607,4080|4082,4081|10159,2,2,http://www.reactome.org/biopax/96/48892#BiochemicalReaction7923,1,http://www.reactome.org/biopax/96/48892#Control1024,676
608,87|7986,88|8067,2,2,http://www.reactome.org/biopax/96/48892#BiochemicalReaction8351,1,http://www.reactome.org/biopax/96/48892#Catalysis4438,677
609,3113|8622,3114|8631,2,2,http://www.reactome.org/biopax/96/48892#BiochemicalReaction5662,1,http://www.reactome.org/biopax/96/48892#Catalysis3402,678
610,3546|5676,3547,2,1,http://www.reactome.org/biopax/96/48892#BiochemicalReaction6547,1,http://www.reactome.org/biopax/96/48892#Catalysis3776,679
611,1916|4674|7986,4108|8067,3,2,http://www.reactome.org/biopax/96/48892#BiochemicalReaction8028,1,http://www.reactome.org/biopax/96/48892#Catalysis4310,680
612,2858|3516,3364|5466|5860,2,3,http://www.reactome.org/biopax/96/48892#BiochemicalReaction6500,1,http://www.reactome.org/biopax/96/48892#Catalysis3754,681
613,4488|8029|9376|9480|9582,8031|9377|9502,5,3,http://www.reactome.org/biopax/96/48892#BiochemicalReaction4588,1,http://www.reactome.org/biopax/96/48892#Catalysis2763,682
614,4833|7943|7995|10258,7994|10298,4,2,http://www.reactome.org/biopax/96/48892#BiochemicalReaction3200,1,http://www.reactome.org/biopax/96/48892#Catalysis1441,683
615,4997|7986|10160,7943|8067|8379,3,3,http://www.reactome.org/biopax/96/48892#BiochemicalReaction3569,1,http://www.reactome.org/biopax/96/48892#Catalysis1803,684
616,4939|8281|9439,8282|8283,3,2,http://www.reactome.org/biopax/96/48892#BiochemicalReaction3460,1,http://www.reactome.org/biopax/96/48892#Catalysis1698,686
617,3207|3212|8164,3217|10157,3,2,http://www.reactome.org/biopax/96/48892#BiochemicalReaction449,1,http://www.reactome.org/biopax/96/48892#Catalysis154,687
618,2055|7940|7943|10258|10269,8021|10177|10298,5,3,http://www.reactome.org/biopax/96/48892#BiochemicalReaction3224,1,http://www.reactome.org/biopax/96/48892#Catalysis1464,688
619,3422|5864|10177,3423|10159,3,2,http://www.reactome.org/biopax/96/48892#BiochemicalReaction6367,1,http://www.reactome.org/biopax/96/48892#Catalysis3678,689
620,288|293|6070|6421,295,4,1,http://www.reactome.org/biopax/96/48892#BiochemicalReaction8663,-1,http://www.reactome.org/biopax/96/48892#Control1142,690
621,7188|9638|9653,9286|10010,3,2,http://www.reactome.org/biopax/96/48892#BiochemicalReaction1034,1,http://www.reactome.org/biopax/96/48892#Catalysis398,691
622,1225|1228,1227|7582,2,2,http://www.reactome.org/biopax/96/48892#BiochemicalReaction1421,1,http://www.reactome.org/biopax/96/48892#Catalysis676,692
623,2972|10372,10349,2,1,http://www.reactome.org/biopax/96/48892#BiochemicalReaction5387,1,http://www.reactome.org/biopax/96/48892#Catalysis3272,693
624,2409|7943|8849|10258,8910|10298,4,2,http://www.reactome.org/biopax/96/48892#BiochemicalReaction4129,1,http://www.reactome.org/biopax/96/48892#Catalysis2315,694
625,3075|5337,3076|5617,2,2,http://www.reactome.org/biopax/96/48892#BiochemicalReaction5620,1,http://www.reactome.org/biopax/96/48892#Catalysis3382,695
626,1357|3388|8164,3475|10157,3,2,http://www.reactome.org/biopax/96/48892#BiochemicalReaction1622,1,http://www.reactome.org/biopax/96/48892#Catalysis779,696
627,2677|9906|10177,9847|9907,3,2,http://www.reactome.org/biopax/96/48892#BiochemicalReaction7703,1,http://www.reactome.org/biopax/96/48892#Catalysis4168,698
628,2935|8138,9355,2,1,http://www.reactome.org/biopax/96/48892#BiochemicalReaction5309,1,http://www.reactome.org/biopax/96/48892#Catalysis3214,699
629,5405|8555|8834|10109|10134,7943|9847|10113|10133,5,4,http://www.reactome.org/biopax/96/48892#BiochemicalReaction4965,-1,http://www.reactome.org/biopax/96/48892#Control619,700
630,2121|8386|10172,8221|8260,3,2,http://www.reactome.org/biopax/96/48892#BiochemicalReaction3427,1,http://www.reactome.org/biopax/96/48892#Catalysis1665,701
631,2083|8119|10217,8099|8120|10091,3,3,http://www.reactome.org/biopax/96/48892#BiochemicalReaction3299,1,http://www.reactome.org/biopax/96/48892#Catalysis1539,702
632,7943|8067|9898|10206,7986|9995,4,2,http://www.reactome.org/biopax/96/48892#BiochemicalReaction2944,-1,http://www.reactome.org/biopax/96/48892#Control374,703
633,408|2858,406|5466,2,2,http://www.reactome.org/biopax/96/48892#BiochemicalReaction9061,1,http://www.reactome.org/biopax/96/48892#Catalysis4641,705
634,8099|8737|10217,8099|9367|10231,3,3,http://www.reactome.org/biopax/96/48892#BiochemicalReaction3942,-1,http://www.reactome.org/biopax/96/48892#Control458,706
635,739|8164,9428|10309,2,2,http://www.reactome.org/biopax/96/48892#BiochemicalReaction9908,-1,http://www.reactome.org/biopax/96/48892#Control1312,709
636,5202|7943|9016|10258,8823|10298,4,2,http://www.reactome.org/biopax/96/48892#BiochemicalReaction4241,1,http://www.reactome.org/biopax/96/48892#Catalysis2425,711
637,1438|5466,1439,2,1,http://www.reactome.org/biopax/96/48892#BiochemicalReaction1807,1,http://www.reactome.org/biopax/96/48892#Catalysis843,712
638,653|6636|7825,656,3,1,http://www.reactome.org/biopax/96/48892#BiochemicalReaction9648,1,http://www.reactome.org/biopax/96/48892#Control1251,713
639,1878|1892|5466,1891,3,1,http://www.reactome.org/biopax/96/48892#BiochemicalReaction2789,1,http://www.reactome.org/biopax/96/48892#Catalysis1122,714
640,577|8164,578|10157,2,2,http://www.reactome.org/biopax/96/48892#BiochemicalReaction9475,1,http://www.reactome.org/biopax/96/48892#Catalysis4812,715
641,2211|5053,4464|8551,2,2,http://www.reactome.org/biopax/96/48892#BiochemicalReaction3734,1,http://www.reactome.org/biopax/96/48892#Catalysis1958,717
642,3690|5337,3341|6040,2,2,http://www.reactome.org/biopax/96/48892#BiochemicalReaction6845,1,http://www.reactome.org/biopax/96/48892#Catalysis3878,719
643,7949|8084|10130,8085|9704,3,2,http://www.reactome.org/biopax/96/48892#BiochemicalReaction3268,-1,http://www.reactome.org/biopax/96/48892#Control398,720
644,1119|10177,1120|5466,2,2,http://www.reactome.org/biopax/96/48892#BiochemicalReaction1275,1,http://www.reactome.org/biopax/96/48892#Catalysis598,721
645,4942|8299,2136,2,1,http://www.reactome.org/biopax/96/48892#BiochemicalReaction3474,1,http://www.reactome.org/biopax/96/48892#Catalysis1712,722
646,7144|9706|9732,9713|9738,3,2,http://www.reactome.org/biopax/96/48892#BiochemicalReaction986,1,http://www.reactome.org/biopax/96/48892#Catalysis350,723
647,3364|3515|5466,3516,3,1,http://www.reactome.org/biopax/96/48892#BiochemicalReaction6499,1,http://www.reactome.org/biopax/96/48892#Catalysis3753,724
648,2517|7986|8757|9841|10177,7943|9077|9236|9428|9847,5,5,http://www.reactome.org/biopax/96/48892#BiochemicalReaction4318,1,http://www.reactome.org/biopax/96/48892#Catalysis2497,725
649,328|8164,329|10157,2,2,http://www.reactome.org/biopax/96/48892#BiochemicalReaction8887,1,http://www.reactome.org/biopax/96/48892#Catalysis4575,726
650,3111|6818|8622,6815|8631,3,2,http://www.reactome.org/biopax/96/48892#BiochemicalReaction633,1,http://www.reactome.org/biopax/96/48892#Catalysis209,727
651,5197|8720|9011,7974|8600|8738|10091,3,4,http://www.reactome.org/biopax/96/48892#BiochemicalReaction4233,1,http://www.reactome.org/biopax/96/48892#Catalysis2418,728
652,3280|4557,3281,2,1,http://www.reactome.org/biopax/96/48892#BiochemicalReaction6046,1,http://www.reactome.org/biopax/96/48892#Catalysis3559,729
653,6200|10133,10134,2,1,http://www.reactome.org/biopax/96/48892#BiochemicalReaction7420,1,http://www.reactome.org/biopax/96/48892#Catalysis4058,730
654,5706|5743,5747|5748,2,2,http://www.reactome.org/biopax/96/48892#BiochemicalReaction5999,1,http://www.reactome.org/biopax/96/48892#Catalysis3550,732
655,2202|8423|9760,8424|9428,3,2,http://www.reactome.org/biopax/96/48892#BiochemicalReaction3618,1,http://www.reactome.org/biopax/96/48892#Catalysis1849,733
656,4838|8641|10269,8703,3,1,http://www.reactome.org/biopax/96/48892#BiochemicalReaction3860,1,http://www.reactome.org/biopax/96/48892#Catalysis2081,734
657,269|270|273,274|7740,3,2,http://www.reactome.org/biopax/96/48892#BiochemicalReaction8626,1,http://www.reactome.org/biopax/96/48892#Control1140,735
658,4972|8329|8386,8330|9266,3,2,http://www.reactome.org/biopax/96/48892#BiochemicalReaction3534,1,http://www.reactome.org/biopax/96/48892#Catalysis1770,736
659,2971|10372,10349,2,1,http://www.reactome.org/biopax/96/48892#BiochemicalReaction5385,1,http://www.reactome.org/biopax/96/48892#Control667,737
660,1066|7300|10081,7301|10055|10070,3,3,http://www.reactome.org/biopax/96/48892#BiochemicalReaction1135,1,http://www.reactome.org/biopax/96/48892#Catalysis465,738
661,4798|7986|8556,8067|10386,3,2,http://www.reactome.org/biopax/96/48892#BiochemicalReaction3126,1,http://www.reactome.org/biopax/96/48892#Catalysis1375,739
662,287|7986,289|8067,2,2,http://www.reactome.org/biopax/96/48892#BiochemicalReaction8651,1,http://www.reactome.org/biopax/96/48892#Catalysis4554,740
663,2231|7998|8648,8680,3,1,http://www.reactome.org/biopax/96/48892#BiochemicalReaction3844,1,http://www.reactome.org/biopax/96/48892#Catalysis2065,742
664,4225|5958,6856,2,1,http://www.reactome.org/biopax/96/48892#BiochemicalReaction4942,1,http://www.reactome.org/biopax/96/48892#Control613,743
665,645|1440|6636,646,3,1,http://www.reactome.org/biopax/96/48892#BiochemicalReaction9645,-1,http://www.reactome.org/biopax/96/48892#Control1243,744
666,2652|9601|10217,8099|9602|10091,3,3,http://www.reactome.org/biopax/96/48892#BiochemicalReaction4994,1,http://www.reactome.org/biopax/96/48892#Catalysis2988,745
667,1032|7199|8164,1028|10157,3,2,http://www.reactome.org/biopax/96/48892#BiochemicalReaction1059,1,http://www.reactome.org/biopax/96/48892#Catalysis410,746
668,791|4367,792,2,1,http://www.reactome.org/biopax/96/48892#BiochemicalReaction10049,1,http://www.reactome.org/biopax/96/48892#Catalysis5027,747
669,5241|9138|10231,9137|9633,3,2,http://www.reactome.org/biopax/96/48892#BiochemicalReaction4381,1,http://www.reactome.org/biopax/96/48892#Catalysis2560,748
670,2398|8865|10177,8866|10159,3,2,http://www.reactome.org/biopax/96/48892#BiochemicalReaction4093,1,http://www.reactome.org/biopax/96/48892#Catalysis2279,749
671,3720|6134|9245,6157|9256,3,2,http://www.reactome.org/biopax/96/48892#BiochemicalReaction7300,1,http://www.reactome.org/biopax/96/48892#Catalysis4013,750
672,1351|7986|8046,8035|8067,3,2,http://www.reactome.org/biopax/96/48892#BiochemicalReaction1612,1,http://www.reactome.org/biopax/96/48892#Catalysis773,751
673,658|4587,6796|6797,2,2,http://www.reactome.org/biopax/96/48892#BiochemicalReaction10072,1,http://www.reactome.org/biopax/96/48892#Catalysis5034,752
674,4936|8211|8280,9704|10124,3,2,http://www.reactome.org/biopax/96/48892#BiochemicalReaction3459,1,http://www.reactome.org/biopax/96/48892#Catalysis1697,753
675,3971|8903,3972|8908,2,2,http://www.reactome.org/biopax/96/48892#BiochemicalReaction7633,1,http://www.reactome.org/biopax/96/48892#Catalysis4123,754
676,2288|7976|10233,7974|9367|10226,3,3,http://www.reactome.org/biopax/96/48892#BiochemicalReaction3923,1,http://www.reactome.org/biopax/96/48892#Catalysis2136,755
677,865|879|6903|6967,813|849|880,4,3,http://www.reactome.org/biopax/96/48892#BiochemicalReaction781,1,http://www.reactome.org/biopax/96/48892#Control113,756
678,3337|6020|9245,3631|9256,3,2,http://www.reactome.org/biopax/96/48892#BiochemicalReaction6765,1,http://www.reactome.org/biopax/96/48892#Catalysis3847,757
679,4319|5077|10269,7943|9938|10177,3,3,http://www.reactome.org/biopax/96/48892#BiochemicalReaction7743,1,http://www.reactome.org/biopax/96/48892#Catalysis4202,758
680,7624|7627|8386,7626,3,1,http://www.reactome.org/biopax/96/48892#BiochemicalReaction1462,1,http://www.reactome.org/biopax/96/48892#Catalysis705,759
681,1644|7870,4592,2,1,http://www.reactome.org/biopax/96/48892#BiochemicalReaction2273,1,http://www.reactome.org/biopax/96/48892#Catalysis990,760
682,3359|7986,3371|8067,2,2,http://www.reactome.org/biopax/96/48892#BiochemicalReaction477,1,http://www.reactome.org/biopax/96/48892#Catalysis165,761
683,4848|7943|8584|10258|10269,9329|10177|10298,5,3,http://www.reactome.org/biopax/96/48892#BiochemicalReaction4567,1,http://www.reactome.org/biopax/96/48892#Catalysis2742,762
684,2119|8236|9731,9297|9727,3,2,http://www.reactome.org/biopax/96/48892#BiochemicalReaction3390,1,http://www.reactome.org/biopax/96/48892#Catalysis1628,764
685,5206|9030|9439,9026,3,1,http://www.reactome.org/biopax/96/48892#BiochemicalReaction4262,1,http://www.reactome.org/biopax/96/48892#Catalysis2445,765
686,3960|10372,10349,2,1,http://www.reactome.org/biopax/96/48892#BiochemicalReaction7606,1,http://www.reactome.org/biopax/96/48892#Catalysis4110,766
687,4894|8211|10240,8215|9704,3,2,http://www.reactome.org/biopax/96/48892#BiochemicalReaction3363,1,http://www.reactome.org/biopax/96/48892#Catalysis1601,767
688,2228|8617|10217,8099|8616|10091,3,3,http://www.reactome.org/biopax/96/48892#BiochemicalReaction3794,1,http://www.reactome.org/biopax/96/48892#Catalysis2015,768
689,1193|10177,1194|4393,2,2,http://www.reactome.org/biopax/96/48892#BiochemicalReaction1331,1,http://www.reactome.org/biopax/96/48892#Catalysis641,769
690,397|7986,398|8067,2,2,http://www.reactome.org/biopax/96/48892#BiochemicalReaction9037,1,http://www.reactome.org/biopax/96/48892#Catalysis4637,770
691,2881|10134,10133,2,1,http://www.reactome.org/biopax/96/48892#BiochemicalReaction5052,1,http://www.reactome.org/biopax/96/48892#Catalysis3025,771
692,4734|4737|10065,4736|10055|10070,3,3,http://www.reactome.org/biopax/96/48892#BiochemicalReaction3015,1,http://www.reactome.org/biopax/96/48892#Catalysis1272,772
693,5644|5814|8622,5815|8631,3,2,http://www.reactome.org/biopax/96/48892#BiochemicalReaction6272,1,http://www.reactome.org/biopax/96/48892#Catalysis3633,773
694,1261|4395|9502,4396|9582|10110,3,3,http://www.reactome.org/biopax/96/48892#BiochemicalReaction1472,1,http://www.reactome.org/biopax/96/48892#Catalysis715,774
695,7116|7119|9396,7118|9450,3,2,http://www.reactome.org/biopax/96/48892#BiochemicalReaction962,1,http://www.reactome.org/biopax/96/48892#Catalysis326,775
696,5259|8721|9202,10233|10293,3,2,http://www.reactome.org/biopax/96/48892#BiochemicalReaction4451,1,http://www.reactome.org/biopax/96/48892#Catalysis2630,776
697,5147|7986|8781|9841|10177,7943|9236|9428|9847|10319,5,5,http://www.reactome.org/biopax/96/48892#BiochemicalReaction4024,1,http://www.reactome.org/biopax/96/48892#Catalysis2211,777
698,2609|8472|9231|10231,8618|9232|9367,4,3,http://www.reactome.org/biopax/96/48892#BiochemicalReaction4482,1,http://www.reactome.org/biopax/96/48892#Catalysis2660,778
699,1878|4655|7986,4656|8067,3,2,http://www.reactome.org/biopax/96/48892#BiochemicalReaction2780,1,http://www.reactome.org/biopax/96/48892#Catalysis1119,779
700,4853|8029|8051|8075,7982|8076|9469|9502,4,4,http://www.reactome.org/biopax/96/48892#BiochemicalReaction3262,1,http://www.reactome.org/biopax/96/48892#Catalysis1502,780
701,3080|9797,3081|8957,2,2,http://www.reactome.org/biopax/96/48892#BiochemicalReaction5625,1,http://www.reactome.org/biopax/96/48892#Catalysis3384,781
702,5501|9659|10109,9663|10113,3,2,http://www.reactome.org/biopax/96/48892#BiochemicalReaction5215,1,http://www.reactome.org/biopax/96/48892#Catalysis3127,782
703,4149|6362|10177,4150|10159,3,2,http://www.reactome.org/biopax/96/48892#BiochemicalReaction8133,1,http://www.reactome.org/biopax/96/48892#Catalysis4342,783
704,2045|4169|8164,2054|10157,3,2,http://www.reactome.org/biopax/96/48892#BiochemicalReaction8153,1,http://www.reactome.org/biopax/96/48892#Control1095,784
705,712|2702|6084,711,3,1,http://www.reactome.org/biopax/96/48892#BiochemicalReaction9831,1,http://www.reactome.org/biopax/96/48892#Control1292,785
706,564|6577|10177,563|10159,3,2,http://www.reactome.org/biopax/96/48892#BiochemicalReaction9424,1,http://www.reactome.org/biopax/96/48892#Catalysis4795,786
707,3589|3923|7986,3924|8067,3,2,http://www.reactome.org/biopax/96/48892#BiochemicalReaction7514,1,http://www.reactome.org/biopax/96/48892#Catalysis4082,788
708,2217|8561|9513,7943|8571|9538,3,3,http://www.reactome.org/biopax/96/48892#BiochemicalReaction3747,1,http://www.reactome.org/biopax/96/48892#Catalysis1971,789
709,775|6776,6777|6778,2,2,http://www.reactome.org/biopax/96/48892#BiochemicalReaction10018,1,http://www.reactome.org/biopax/96/48892#Catalysis5015,791
710,2859|10372,10349,2,1,http://www.reactome.org/biopax/96/48892#BiochemicalReaction5027,1,http://www.reactome.org/biopax/96/48892#Catalysis3008,792
711,4706|7986|10279,7943|8067|10272,3,3,http://www.reactome.org/biopax/96/48892#BiochemicalReaction2976,1,http://www.reactome.org/biopax/96/48892#Catalysis1236,793
712,6313|9823,6314,2,1,http://www.reactome.org/biopax/96/48892#BiochemicalReaction7886,1,http://www.reactome.org/biopax/96/48892#Control1023,794
713,5763|8062|8065,9809|9810,3,2,http://www.reactome.org/biopax/96/48892#BiochemicalReaction6087,1,http://www.reactome.org/biopax/96/48892#Catalysis3567,795
714,452|7986|10177,450|6480|7729|8067|9984,3,5,http://www.reactome.org/biopax/96/48892#BiochemicalReaction9153,1,http://www.reactome.org/biopax/96/48892#Catalysis4682,796
715,6162|7134|10089|10162,6164|10165|10169|10170,4,4,http://www.reactome.org/biopax/96/48892#BiochemicalReaction7290,1,http://www.reactome.org/biopax/96/48892#Catalysis4003,797
716,2738|6041,5466,2,1,http://www.reactome.org/biopax/96/48892#BiochemicalReaction6847,1,http://www.reactome.org/biopax/96/48892#Catalysis3879,798
717,4052|5466,4053,2,1,http://www.reactome.org/biopax/96/48892#BiochemicalReaction7869,1,http://www.reactome.org/biopax/96/48892#Catalysis4244,799
718,102|7986,103|8067,2,2,http://www.reactome.org/biopax/96/48892#BiochemicalReaction8377,1,http://www.reactome.org/biopax/96/48892#Catalysis4444,800
719,4851|8047|9480|9588,8050|9502|9570,4,3,http://www.reactome.org/biopax/96/48892#BiochemicalReaction3246,1,http://www.reactome.org/biopax/96/48892#Catalysis1486,801
720,2022|10071|10356,10055|10359,3,2,http://www.reactome.org/biopax/96/48892#BiochemicalReaction3081,1,http://www.reactome.org/biopax/96/48892#Catalysis1330,802
721,1706|2850|8622,3615|8631,3,2,http://www.reactome.org/biopax/96/48892#BiochemicalReaction6741,1,http://www.reactome.org/biopax/96/48892#Catalysis3834,803
722,2649|9596|10177|10269,9597|10139|10208,4,3,http://www.reactome.org/biopax/96/48892#BiochemicalReaction4989,1,http://www.reactome.org/biopax/96/48892#Catalysis2984,804
723,5929|7812|8622,5817|8631,3,2,http://www.reactome.org/biopax/96/48892#BiochemicalReaction1846,1,http://www.reactome.org/biopax/96/48892#Catalysis865,805
724,3587|3589|7986,3588|8067,3,2,http://www.reactome.org/biopax/96/48892#BiochemicalReaction6678,1,http://www.reactome.org/biopax/96/48892#Catalysis3805,806
725,1268|7077|8164,1269|10157,3,2,http://www.reactome.org/biopax/96/48892#BiochemicalReaction140,1,http://www.reactome.org/biopax/96/48892#Catalysis57,807
726,1513|1542,1552|1554|7764|7765,2,4,http://www.reactome.org/biopax/96/48892#BiochemicalReaction209,1,http://www.reactome.org/biopax/96/48892#Catalysis85,808
727,4249|4565,6083,2,1,http://www.reactome.org/biopax/96/48892#BiochemicalReaction7090,1,http://www.reactome.org/biopax/96/48892#Control885,810
728,2475|8600|8738|9026,8720|9020|9025,4,3,http://www.reactome.org/biopax/96/48892#BiochemicalReaction4264,1,http://www.reactome.org/biopax/96/48892#Catalysis2447,811
729,4113|6818,6820|6821,2,2,http://www.reactome.org/biopax/96/48892#BiochemicalReaction636,1,http://www.reactome.org/biopax/96/48892#Catalysis210,812
730,3084|9797,3068|3085|5615|8957,2,4,http://www.reactome.org/biopax/96/48892#BiochemicalReaction5629,1,http://www.reactome.org/biopax/96/48892#Catalysis3387,813
731,4434|8029|9480|9582|10175,8031|8034|9502,5,3,http://www.reactome.org/biopax/96/48892#BiochemicalReaction3235,1,http://www.reactome.org/biopax/96/48892#Catalysis1475,814
732,4286|10309,10319,2,1,http://www.reactome.org/biopax/96/48892#BiochemicalReaction77,1,http://www.reactome.org/biopax/96/48892#Catalysis34,815
733,3131|3134|5337,1205|3098|3112|3118|3129|3133|5627|5629|5631|7323|7397|7537|7538|7539|7540|7541,3,16,http://www.reactome.org/biopax/96/48892#BiochemicalReaction5687,1,http://www.reactome.org/biopax/96/48892#Catalysis3416,816
734,3855|6109|8164,3856|6107|10157,3,3,http://www.reactome.org/biopax/96/48892#BiochemicalReaction7213,1,http://www.reactome.org/biopax/96/48892#Catalysis3969,817
735,724|6674|9513,725|7943|9538,3,3,http://www.reactome.org/biopax/96/48892#BiochemicalReaction9879,1,http://www.reactome.org/biopax/96/48892#Catalysis4945,818
736,7154|10206,2246,2,1,http://www.reactome.org/biopax/96/48892#BiochemicalReaction3881,1,http://www.reactome.org/biopax/96/48892#Catalysis2100,819
737,5985|7712|7986,5986|8067,3,2,http://www.reactome.org/biopax/96/48892#BiochemicalReaction6682,1,http://www.reactome.org/biopax/96/48892#Catalysis3807,820
738,536|2858,534,2,1,http://www.reactome.org/biopax/96/48892#BiochemicalReaction9350,1,http://www.reactome.org/biopax/96/48892#Catalysis4753,821
739,2725|7799|7986,2726|8067,3,2,http://www.reactome.org/biopax/96/48892#BiochemicalReaction4759,1,http://www.reactome.org/biopax/96/48892#Catalysis2908,822
740,2110|7205|7986,7207|8067,3,2,http://www.reactome.org/biopax/96/48892#BiochemicalReaction7980,1,http://www.reactome.org/biopax/96/48892#Control1041,823
741,5072|7986|8613|9704,8415|9236|9428,4,3,http://www.reactome.org/biopax/96/48892#BiochemicalReaction3787,1,http://www.reactome.org/biopax/96/48892#Catalysis2008,824
742,7263|7271|10053,7274|10055|10070,3,3,http://www.reactome.org/biopax/96/48892#BiochemicalReaction1112,1,http://www.reactome.org/biopax/96/48892#Catalysis447,825
743,2828|10372,10349,2,1,http://www.reactome.org/biopax/96/48892#BiochemicalReaction5002,1,http://www.reactome.org/biopax/96/48892#Catalysis2993,826
744,1397|10372,10349,2,1,http://www.reactome.org/biopax/96/48892#BiochemicalReaction1679,1,http://www.reactome.org/biopax/96/48892#Catalysis807,827
745,1362|7715|7716,1360,3,1,http://www.reactome.org/biopax/96/48892#BiochemicalReaction1631,-1,http://www.reactome.org/biopax/96/48892#Control231,829
746,2720|4877,6199|6820,2,2,http://www.reactome.org/biopax/96/48892#BiochemicalReaction7414,1,http://www.reactome.org/biopax/96/48892#Catalysis4055,830
747,5750|6276|7986,6282|8067,3,2,http://www.reactome.org/biopax/96/48892#BiochemicalReaction7793,1,http://www.reactome.org/biopax/96/48892#Catalysis4224,831
748,6276|6284|7986,6283|8067,3,2,http://www.reactome.org/biopax/96/48892#BiochemicalReaction7795,1,http://www.reactome.org/biopax/96/48892#Catalysis4225,832
749,4113|7354|7362,6820|7363,3,2,http://www.reactome.org/biopax/96/48892#BiochemicalReaction1170,1,http://www.reactome.org/biopax/96/48892#Catalysis500,833
750,1967|10222,9839,2,1,http://www.reactome.org/biopax/96/48892#BiochemicalReaction2931,1,http://www.reactome.org/biopax/96/48892#Catalysis1191,834
751,1831|7986,1832|8067,2,2,http://www.reactome.org/biopax/96/48892#BiochemicalReaction2673,1,http://www.reactome.org/biopax/96/48892#Catalysis1095,836
752,4726|4729|9630,4728|9632,3,2,http://www.reactome.org/biopax/96/48892#BiochemicalReaction3004,1,http://www.reactome.org/biopax/96/48892#Catalysis1263,837
753,1964|10255,10240|10256,2,2,http://www.reactome.org/biopax/96/48892#BiochemicalReaction2948,1,http://www.reactome.org/biopax/96/48892#Catalysis1208,838
754,3710|8622,3711|8631,2,2,http://www.reactome.org/biopax/96/48892#BiochemicalReaction6932,1,http://www.reactome.org/biopax/96/48892#Catalysis3898,839
755,4713|10292,10293,2,1,http://www.reactome.org/biopax/96/48892#BiochemicalReaction5178,1,http://www.reactome.org/biopax/96/48892#Catalysis3090,840
756,761|766|5377,767,3,1,http://www.reactome.org/biopax/96/48892#BiochemicalReaction9972,-1,http://www.reactome.org/biopax/96/48892#Control1332,842
757,658|773|5377,772,3,1,http://www.reactome.org/biopax/96/48892#BiochemicalReaction9978,-1,http://www.reactome.org/biopax/96/48892#Control1335,843
758,3354|5840|8622,5859|8631,3,2,http://www.reactome.org/biopax/96/48892#BiochemicalReaction6358,1,http://www.reactome.org/biopax/96/48892#Catalysis3675,844
759,4276|5605,6862,2,1,http://www.reactome.org/biopax/96/48892#BiochemicalReaction7630,-1,http://www.reactome.org/biopax/96/48892#Control982,845
760,4200|7986,4203|8067,2,2,http://www.reactome.org/biopax/96/48892#BiochemicalReaction8192,1,http://www.reactome.org/biopax/96/48892#Catalysis4367,846
761,2995|7986|9780|10177,8067|8299|10159,4,3,http://www.reactome.org/biopax/96/48892#BiochemicalReaction5444,1,http://www.reactome.org/biopax/96/48892#Catalysis3308,847
762,7512|7702|7986,7703|8067,3,2,http://www.reactome.org/biopax/96/48892#BiochemicalReaction2420,1,http://www.reactome.org/biopax/96/48892#Catalysis1051,848
763,1960|6546|7986,6625|8067,3,2,http://www.reactome.org/biopax/96/48892#BiochemicalReaction9619,1,http://www.reactome.org/biopax/96/48892#Catalysis4864,849
764,53|7986|8046,8035|8067,3,2,http://www.reactome.org/biopax/96/48892#BiochemicalReaction8296,1,http://www.reactome.org/biopax/96/48892#Catalysis4412,850
765,3717|3718|8164,3721|10221,3,2,http://www.reactome.org/biopax/96/48892#BiochemicalReaction532,1,http://www.reactome.org/biopax/96/48892#Catalysis183,851
766,2633|7943|9304,9305|9635,3,2,http://www.reactome.org/biopax/96/48892#BiochemicalReaction4541,1,http://www.reactome.org/biopax/96/48892#Catalysis2718,852
767,2075|8063,8064,2,1,http://www.reactome.org/biopax/96/48892#BiochemicalReaction3254,1,http://www.reactome.org/biopax/96/48892#Catalysis1494,853
768,1309|7695|10177,1306|10159,3,2,http://www.reactome.org/biopax/96/48892#BiochemicalReaction1562,1,http://www.reactome.org/biopax/96/48892#Catalysis749,854
769,990|7115|9396,7116|9559,3,2,http://www.reactome.org/biopax/96/48892#BiochemicalReaction961,1,http://www.reactome.org/biopax/96/48892#Catalysis325,855
770,1335|1460|7986,1463|8067,3,2,http://www.reactome.org/biopax/96/48892#BiochemicalReaction1836,1,http://www.reactome.org/biopax/96/48892#Catalysis857,856
771,2060|8021|10269,8624,3,1,http://www.reactome.org/biopax/96/48892#BiochemicalReaction3800,1,http://www.reactome.org/biopax/96/48892#Catalysis2021,857
772,2743|9245,2744|9256,2,2,http://www.reactome.org/biopax/96/48892#BiochemicalReaction4811,1,http://www.reactome.org/biopax/96/48892#Catalysis2916,858
773,2873|10107,10214,2,1,http://www.reactome.org/biopax/96/48892#BiochemicalReaction5039,1,http://www.reactome.org/biopax/96/48892#Catalysis3016,859
774,2531|9100|9847,9097|9633,3,2,http://www.reactome.org/biopax/96/48892#BiochemicalReaction4340,1,http://www.reactome.org/biopax/96/48892#Catalysis2519,860
775,2506|8472|9061|10091|10093,9062|9439|10092,5,3,http://www.reactome.org/biopax/96/48892#BiochemicalReaction4299,1,http://www.reactome.org/biopax/96/48892#Control524,861
776,4867|8135,8136,2,1,http://www.reactome.org/biopax/96/48892#BiochemicalReaction3311,1,http://www.reactome.org/biopax/96/48892#Catalysis1551,862
777,927|7051,908,2,1,http://www.reactome.org/biopax/96/48892#BiochemicalReaction847,1,http://www.reactome.org/biopax/96/48892#Control157,863
778,4570|7495|8622,6000|8631,3,2,http://www.reactome.org/biopax/96/48892#BiochemicalReaction6725,1,http://www.reactome.org/biopax/96/48892#Catalysis3823,864
779,4267|9054,4740,2,1,http://www.reactome.org/biopax/96/48892#BiochemicalReaction7429,1,http://www.reactome.org/biopax/96/48892#Control932,865
780,924|7049,927,2,1,http://www.reactome.org/biopax/96/48892#BiochemicalReaction846,1,http://www.reactome.org/biopax/96/48892#Control155,866
781,4010|6285|6834,4011,3,1,http://www.reactome.org/biopax/96/48892#BiochemicalReaction7797,1,http://www.reactome.org/biopax/96/48892#Control1005,867
782,4113|7341,6820|7342,2,2,http://www.reactome.org/biopax/96/48892#BiochemicalReaction1158,1,http://www.reactome.org/biopax/96/48892#Catalysis488,868
783,1424|7767|8164,1427|7767|10157|10159,3,4,http://www.reactome.org/biopax/96/48892#BiochemicalReaction1743,1,http://www.reactome.org/biopax/96/48892#Catalysis830,869
784,5378|7587|7986,6302|8067,3,2,http://www.reactome.org/biopax/96/48892#BiochemicalReaction7863,1,http://www.reactome.org/biopax/96/48892#Catalysis4242,870
785,2894|4226,5929,2,1,http://www.reactome.org/biopax/96/48892#BiochemicalReaction7997,1,http://www.reactome.org/biopax/96/48892#Control1049,871
786,5035|7986|8521|9704,8522|9236|9428|10177,4,4,http://www.reactome.org/biopax/96/48892#BiochemicalReaction3700,1,http://www.reactome.org/biopax/96/48892#Catalysis1928,872
787,2762|4506|5466,2763,3,1,http://www.reactome.org/biopax/96/48892#BiochemicalReaction4854,1,http://www.reactome.org/biopax/96/48892#Catalysis2931,873
788,4152|6363|10177,4151|10159,3,2,http://www.reactome.org/biopax/96/48892#BiochemicalReaction8136,1,http://www.reactome.org/biopax/96/48892#Catalysis4344,874
789,3519|5466,3520,2,1,http://www.reactome.org/biopax/96/48892#BiochemicalReaction6506,1,http://www.reactome.org/biopax/96/48892#Catalysis3756,875
790,4463|7943|8468|10258,8470|10298,4,2,http://www.reactome.org/biopax/96/48892#BiochemicalReaction3661,1,http://www.reactome.org/biopax/96/48892#Catalysis1889,876
791,2727|7986,90|8067,2,2,http://www.reactome.org/biopax/96/48892#BiochemicalReaction4762,1,http://www.reactome.org/biopax/96/48892#Catalysis2909,877
792,8729|8777|9439,8738,3,1,http://www.reactome.org/biopax/96/48892#BiochemicalReaction871,1,http://www.reactome.org/biopax/96/48892#Control166,879
793,7090|8404,9968,2,1,http://www.reactome.org/biopax/96/48892#BiochemicalReaction9268,1,http://www.reactome.org/biopax/96/48892#Catalysis4721,881
794,3774|6652,6654|6655,2,2,http://www.reactome.org/biopax/96/48892#BiochemicalReaction9726,1,http://www.reactome.org/biopax/96/48892#Catalysis4906,882
795,10001|10152|10258,7943|10155|10298,3,3,http://www.reactome.org/biopax/96/48892#BiochemicalReaction9546,1,http://www.reactome.org/biopax/96/48892#Control1235,883
796,3349|5337|5810,5813,3,1,http://www.reactome.org/biopax/96/48892#BiochemicalReaction6256,1,http://www.reactome.org/biopax/96/48892#Catalysis3623,884
797,2937|4841|7986,2938|8067,3,2,http://www.reactome.org/biopax/96/48892#BiochemicalReaction5314,1,http://www.reactome.org/biopax/96/48892#Catalysis3217,885
798,3352|3354|8622,3353|8631,3,2,http://www.reactome.org/biopax/96/48892#BiochemicalReaction6262,-1,http://www.reactome.org/biopax/96/48892#Control800,886
799,1682|4597|7986,4598|8067,3,2,http://www.reactome.org/biopax/96/48892#BiochemicalReaction2324,1,http://www.reactome.org/biopax/96/48892#Control305,887
800,4847|8029|9338|9480|9582,8031|9339|9502,5,3,http://www.reactome.org/biopax/96/48892#BiochemicalReaction4571,1,http://www.reactome.org/biopax/96/48892#Catalysis2746,888
801,5068|7974|8472|9397|10091,7976|9398|9439,5,3,http://www.reactome.org/biopax/96/48892#BiochemicalReaction4599,1,http://www.reactome.org/biopax/96/48892#Catalysis2774,889
802,5328|9849,5329|9704,2,2,http://www.reactome.org/biopax/96/48892#BiochemicalReaction4668,1,http://www.reactome.org/biopax/96/48892#Catalysis2839,890
803,252|7986,253|8067,2,2,http://www.reactome.org/biopax/96/48892#BiochemicalReaction8598,1,http://www.reactome.org/biopax/96/48892#Catalysis4536,891
804,3010|4270,6066,2,1,http://www.reactome.org/biopax/96/48892#BiochemicalReaction5526,-1,http://www.reactome.org/biopax/96/48892#Control695,892
805,919|7025,920,2,1,http://www.reactome.org/biopax/96/48892#BiochemicalReaction843,1,http://www.reactome.org/biopax/96/48892#Control141,893
806,2556|7943|9146|9538,8204|9513,4,2,http://www.reactome.org/biopax/96/48892#BiochemicalReaction4390,1,http://www.reactome.org/biopax/96/48892#Catalysis2569,894
807,3423|3460|7986,3461|8067,3,2,http://www.reactome.org/biopax/96/48892#BiochemicalReaction6424,1,http://www.reactome.org/biopax/96/48892#Catalysis3710,895
808,4859|8084|10130,8085|9704,3,2,http://www.reactome.org/biopax/96/48892#BiochemicalReaction3267,1,http://www.reactome.org/biopax/96/48892#Catalysis1507,896
809,155|7986,148|8067,2,2,http://www.reactome.org/biopax/96/48892#BiochemicalReaction8442,1,http://www.reactome.org/biopax/96/48892#Catalysis4476,897
810,4484|9360,4485|9361,2,2,http://www.reactome.org/biopax/96/48892#BiochemicalReaction4581,1,http://www.reactome.org/biopax/96/48892#Catalysis2756,898
811,5253|6315|8749,5254|9439|9963,3,3,http://www.reactome.org/biopax/96/48892#BiochemicalReaction7915,1,http://www.reactome.org/biopax/96/48892#Catalysis4271,899
812,367|2045|8164,2054|10157,3,2,http://www.reactome.org/biopax/96/48892#BiochemicalReaction8957,1,http://www.reactome.org/biopax/96/48892#Catalysis4609,900
813,5003|6846|9245,6847|8938|9256,3,3,http://www.reactome.org/biopax/96/48892#BiochemicalReaction6194,1,http://www.reactome.org/biopax/96/48892#Catalysis3596,902
814,7465|8598,2222,2,1,http://www.reactome.org/biopax/96/48892#BiochemicalReaction3777,1,http://www.reactome.org/biopax/96/48892#Catalysis1999,903
815,5503|9661|10109,10113|10249,3,2,http://www.reactome.org/biopax/96/48892#BiochemicalReaction5217,1,http://www.reactome.org/biopax/96/48892#Catalysis3129,904
816,2637|7986|9326|10177,8067|9328|10159,4,3,http://www.reactome.org/biopax/96/48892#BiochemicalReaction4566,1,http://www.reactome.org/biopax/96/48892#Catalysis2741,905
817,1644|4587,4588|7829,2,2,http://www.reactome.org/biopax/96/48892#BiochemicalReaction2271,1,http://www.reactome.org/biopax/96/48892#Catalysis988,906
818,3662|9245,3664|9256,2,2,http://www.reactome.org/biopax/96/48892#BiochemicalReaction6807,1,http://www.reactome.org/biopax/96/48892#Catalysis3861,907
819,5571|9571,9635,2,1,http://www.reactome.org/biopax/96/48892#BiochemicalReaction5394,1,http://www.reactome.org/biopax/96/48892#Catalysis3276,908
820,1714|1720,1724|7883,2,2,http://www.reactome.org/biopax/96/48892#BiochemicalReaction232,1,http://www.reactome.org/biopax/96/48892#Control57,909
821,565|4268,6861,2,1,http://www.reactome.org/biopax/96/48892#BiochemicalReaction708,1,http://www.reactome.org/biopax/96/48892#Control99,910
822,380|7986,4149|6455|8067,2,3,http://www.reactome.org/biopax/96/48892#BiochemicalReaction9001,1,http://www.reactome.org/biopax/96/48892#Catalysis4624,911
823,585|5691|7986,586|8067,3,2,http://www.reactome.org/biopax/96/48892#BiochemicalReaction9499,1,http://www.reactome.org/biopax/96/48892#Catalysis4817,913
824,4143|5466,3797,2,1,http://www.reactome.org/biopax/96/48892#BiochemicalReaction8122,1,http://www.reactome.org/biopax/96/48892#Catalysis4338,914
825,3555|3585|7986,701|8067,3,2,http://www.reactome.org/biopax/96/48892#BiochemicalReaction9791,1,http://www.reactome.org/biopax/96/48892#Catalysis4921,915
826,1719|4630,4631|4632,2,2,http://www.reactome.org/biopax/96/48892#BiochemicalReaction2390,1,http://www.reactome.org/biopax/96/48892#Catalysis1045,917
827,7893|7897|8502,1876,3,1,http://www.reactome.org/biopax/96/48892#BiochemicalReaction292,1,http://www.reactome.org/biopax/96/48892#Control66,919
828,4113|7354|7446,6820|7447,3,2,http://www.reactome.org/biopax/96/48892#BiochemicalReaction1230,1,http://www.reactome.org/biopax/96/48892#Catalysis559,920
829,4222|6187,7110,2,1,http://www.reactome.org/biopax/96/48892#BiochemicalReaction7393,1,http://www.reactome.org/biopax/96/48892#Control913,921
830,1203|1207,1202|1205|1206|7549,2,4,http://www.reactome.org/biopax/96/48892#BiochemicalReaction1358,1,http://www.reactome.org/biopax/96/48892#Catalysis655,922
831,2858|3448,3446|5466,2,2,http://www.reactome.org/biopax/96/48892#BiochemicalReaction6411,1,http://www.reactome.org/biopax/96/48892#Catalysis3701,924
832,5466|7748|7837,1527,3,1,http://www.reactome.org/biopax/96/48892#BiochemicalReaction2054,1,http://www.reactome.org/biopax/96/48892#Catalysis902,925
833,2080|7952|8098,8100|10230,3,2,http://www.reactome.org/biopax/96/48892#BiochemicalReaction3279,1,http://www.reactome.org/biopax/96/48892#Catalysis1519,926
834,5622|7575|8622,5797|8631,3,2,http://www.reactome.org/biopax/96/48892#BiochemicalReaction6239,1,http://www.reactome.org/biopax/96/48892#Catalysis3609,927
835,4374|7181|10177,9912|9970,3,2,http://www.reactome.org/biopax/96/48892#BiochemicalReaction1021,1,http://www.reactome.org/biopax/96/48892#Catalysis385,929
836,642|654,641|653,2,2,http://www.reactome.org/biopax/96/48892#BiochemicalReaction9647,-1,http://www.reactome.org/biopax/96/48892#Control1248,930
837,3591|6626|7986,6627|8067,3,2,http://www.reactome.org/biopax/96/48892#BiochemicalReaction9620,1,http://www.reactome.org/biopax/96/48892#Catalysis4865,931
838,2401|8881|10177,7943|8882|9428,3,3,http://www.reactome.org/biopax/96/48892#BiochemicalReaction4109,1,http://www.reactome.org/biopax/96/48892#Catalysis2295,932
839,4471|8843|8849,8850|10159,3,2,http://www.reactome.org/biopax/96/48892#BiochemicalReaction4080,1,http://www.reactome.org/biopax/96/48892#Catalysis2266,933
840,5141|8386|8760,8761|9219,3,2,http://www.reactome.org/biopax/96/48892#BiochemicalReaction4004,1,http://www.reactome.org/biopax/96/48892#Catalysis2194,935
841,1088|8164,1115|10157,2,2,http://www.reactome.org/biopax/96/48892#BiochemicalReaction117,1,http://www.reactome.org/biopax/96/48892#Catalysis48,936
842,2401|8879|10177,7943|8880|9428,3,3,http://www.reactome.org/biopax/96/48892#BiochemicalReaction4108,1,http://www.reactome.org/biopax/96/48892#Catalysis2294,937
843,8137|9022|10091|10131,7952|9298|9367,4,3,http://www.reactome.org/biopax/96/48892#BiochemicalReaction4536,-1,http://www.reactome.org/biopax/96/48892#Control550,938
844,919|7019,920,2,1,http://www.reactome.org/biopax/96/48892#BiochemicalReaction843,1,http://www.reactome.org/biopax/96/48892#Control133,939
845,924|926,927,2,1,http://www.reactome.org/biopax/96/48892#BiochemicalReaction846,1,http://www.reactome.org/biopax/96/48892#Control153,940
846,6364|6365|8528,4153,3,1,http://www.reactome.org/biopax/96/48892#BiochemicalReaction8137,1,http://www.reactome.org/biopax/96/48892#Control1090,941
847,1191|8918,1192|4387,2,2,http://www.reactome.org/biopax/96/48892#BiochemicalReaction1330,1,http://www.reactome.org/biopax/96/48892#Catalysis640,942
848,1959|7986|10237,8067|10238,3,2,http://www.reactome.org/biopax/96/48892#BiochemicalReaction2913,1,http://www.reactome.org/biopax/96/48892#Catalysis1175,943
849,2373|7986|9927,8067|9928,3,2,http://www.reactome.org/biopax/96/48892#BiochemicalReaction7725,1,http://www.reactome.org/biopax/96/48892#Catalysis4190,944
850,3596|8219,8277,2,1,http://www.reactome.org/biopax/96/48892#BiochemicalReaction6689,1,http://www.reactome.org/biopax/96/48892#Catalysis3809,945
851,199|5466,200,2,1,http://www.reactome.org/biopax/96/48892#BiochemicalReaction8526,1,http://www.reactome.org/biopax/96/48892#Catalysis4508,946
852,4759|7770,2011,2,1,http://www.reactome.org/biopax/96/48892#BiochemicalReaction3033,1,http://www.reactome.org/biopax/96/48892#Catalysis1286,947
853,1842|7574|7895,1871,3,1,http://www.reactome.org/biopax/96/48892#BiochemicalReaction289,1,http://www.reactome.org/biopax/96/48892#Catalysis118,948
854,4113|7345,6820|7346,2,2,http://www.reactome.org/biopax/96/48892#BiochemicalReaction1161,1,http://www.reactome.org/biopax/96/48892#Catalysis491,949
855,4799|7986|10387,8067|10390,3,2,http://www.reactome.org/biopax/96/48892#BiochemicalReaction3134,1,http://www.reactome.org/biopax/96/48892#Catalysis1383,950
856,4841|6439|7986,6440|8067,3,2,http://www.reactome.org/biopax/96/48892#BiochemicalReaction8922,1,http://www.reactome.org/biopax/96/48892#Catalysis4594,951
857,212|6411|10177,237|10159,3,2,http://www.reactome.org/biopax/96/48892#BiochemicalReaction8575,1,http://www.reactome.org/biopax/96/48892#Catalysis4528,952
858,6648|6649|7793|7986,6650|6651|8067,4,3,http://www.reactome.org/biopax/96/48892#BiochemicalReaction9698,1,http://www.reactome.org/biopax/96/48892#Catalysis4897,953
859,6467|6468|7986,434|8067,3,2,http://www.reactome.org/biopax/96/48892#BiochemicalReaction9109,1,http://www.reactome.org/biopax/96/48892#Control1175,954
860,2402|8889|8918,8643|8890|8938,3,3,http://www.reactome.org/biopax/96/48892#BiochemicalReaction4114,1,http://www.reactome.org/biopax/96/48892#Catalysis2300,955
861,1145|7006,7010|7011,2,2,http://www.reactome.org/biopax/96/48892#BiochemicalReaction122,1,http://www.reactome.org/biopax/96/48892#Catalysis51,956
862,1915|4665|7986,1916|8067,3,2,http://www.reactome.org/biopax/96/48892#BiochemicalReaction2833,1,http://www.reactome.org/biopax/96/48892#Catalysis1139,957
863,4422|4712,4417,2,1,http://www.reactome.org/biopax/96/48892#BiochemicalReaction2991,1,http://www.reactome.org/biopax/96/48892#Catalysis1250,958
864,2720|5664|5666,5665|6820,3,2,http://www.reactome.org/biopax/96/48892#BiochemicalReaction5823,1,http://www.reactome.org/biopax/96/48892#Catalysis3474,959
865,547|6542|7986,6543|8067,3,2,http://www.reactome.org/biopax/96/48892#BiochemicalReaction9379,1,http://www.reactome.org/biopax/96/48892#Catalysis4767,960
866,5481|10134|10214,10107|10133,3,2,http://www.reactome.org/biopax/96/48892#BiochemicalReaction5174,1,http://www.reactome.org/biopax/96/48892#Catalysis3086,961
867,221|7986,223|8067,2,2,http://www.reactome.org/biopax/96/48892#BiochemicalReaction8554,1,http://www.reactome.org/biopax/96/48892#Catalysis4519,962
868,3413|4222,7110,2,1,http://www.reactome.org/biopax/96/48892#BiochemicalReaction50,-1,http://www.reactome.org/biopax/96/48892#Control9,964
869,16|5466,17,2,1,http://www.reactome.org/biopax/96/48892#BiochemicalReaction8244,1,http://www.reactome.org/biopax/96/48892#Catalysis4390,965
870,4952|7986|10141,8035|8067,3,2,http://www.reactome.org/biopax/96/48892#BiochemicalReaction3495,1,http://www.reactome.org/biopax/96/48892#Catalysis1733,966
871,4688|9502|10242,10142|10243,3,2,http://www.reactome.org/biopax/96/48892#BiochemicalReaction2923,1,http://www.reactome.org/biopax/96/48892#Catalysis1185,967
872,5047|8719|10109,8542|10113,3,2,http://www.reactome.org/biopax/96/48892#BiochemicalReaction3727,1,http://www.reactome.org/biopax/96/48892#Catalysis1951,968
873,7639|10112,1263,2,1,http://www.reactome.org/biopax/96/48892#BiochemicalReaction3872,1,http://www.reactome.org/biopax/96/48892#Catalysis2093,969
874,150|348|6434,347,3,1,http://www.reactome.org/biopax/96/48892#BiochemicalReaction8916,-1,http://www.reactome.org/biopax/96/48892#Control1162,970
875,3964|10134,10133,2,1,http://www.reactome.org/biopax/96/48892#BiochemicalReaction7610,1,http://www.reactome.org/biopax/96/48892#Catalysis4113,971
876,4855|5935|8062,6338|6339,3,2,http://www.reactome.org/biopax/96/48892#BiochemicalReaction8014,1,http://www.reactome.org/biopax/96/48892#Catalysis4305,972
877,2400|8870|9513|10177,7943|8871|9538,4,3,http://www.reactome.org/biopax/96/48892#BiochemicalReaction4101,1,http://www.reactome.org/biopax/96/48892#Catalysis2287,973
878,5034|7974|8472|8513|10091,7976|8514|9439,5,3,http://www.reactome.org/biopax/96/48892#BiochemicalReaction3694,1,http://www.reactome.org/biopax/96/48892#Catalysis1922,975
879,1561|1586,1591|7875,2,2,http://www.reactome.org/biopax/96/48892#BiochemicalReaction213,-1,http://www.reactome.org/biopax/96/48892#Control38,976
880,3929|7986,3930|8067,2,2,http://www.reactome.org/biopax/96/48892#BiochemicalReaction7521,1,http://www.reactome.org/biopax/96/48892#Catalysis4086,977
881,5522|9836,10128,2,1,http://www.reactome.org/biopax/96/48892#BiochemicalReaction5259,1,http://www.reactome.org/biopax/96/48892#Control639,978
882,2589|5256|8472|9439,5257|9200|10091,4,3,http://www.reactome.org/biopax/96/48892#BiochemicalReaction4448,1,http://www.reactome.org/biopax/96/48892#Catalysis2627,979
883,7986|10134,10133,2,1,http://www.reactome.org/biopax/96/48892#BiochemicalReaction5052,-1,http://www.reactome.org/biopax/96/48892#Control625,980
884,1809|1817,1826,2,1,http://www.reactome.org/biopax/96/48892#BiochemicalReaction277,1,http://www.reactome.org/biopax/96/48892#Catalysis111,981
885,4259|4740,7690,2,1,http://www.reactome.org/biopax/96/48892#BiochemicalReaction8040,1,http://www.reactome.org/biopax/96/48892#Control1068,982
886,6165|6167|9396,6166|9450,3,2,http://www.reactome.org/biopax/96/48892#BiochemicalReaction7298,1,http://www.reactome.org/biopax/96/48892#Catalysis4011,984
887,2266|6978,2267,2,1,http://www.reactome.org/biopax/96/48892#BiochemicalReaction3899,1,http://www.reactome.org/biopax/96/48892#Catalysis2114,985
888,4844|8022,8024,2,1,http://www.reactome.org/biopax/96/48892#BiochemicalReaction3227,1,http://www.reactome.org/biopax/96/48892#Catalysis1467,986
889,4197|7986,4198|8067,2,2,http://www.reactome.org/biopax/96/48892#BiochemicalReaction8188,1,http://www.reactome.org/biopax/96/48892#Catalysis4365,987
890,2305|7976|8737,7974|9367|10231,3,3,http://www.reactome.org/biopax/96/48892#BiochemicalReaction3943,-1,http://www.reactome.org/biopax/96/48892#Control460,988
891,666|1200,651|7545,2,2,http://www.reactome.org/biopax/96/48892#BiochemicalReaction9669,1,http://www.reactome.org/biopax/96/48892#Catalysis4884,989
892,1639|10200|10201,8386|10202,3,2,http://www.reactome.org/biopax/96/48892#BiochemicalReaction2257,1,http://www.reactome.org/biopax/96/48892#Catalysis983,990
893,8724|10217|10233,8099|9367|10226,3,3,http://www.reactome.org/biopax/96/48892#BiochemicalReaction3922,1,http://www.reactome.org/biopax/96/48892#Control446,991
894,2370|5154|8810,5155|8811|10177,3,3,http://www.reactome.org/biopax/96/48892#BiochemicalReaction4052,1,http://www.reactome.org/biopax/96/48892#Catalysis2238,992
895,3265|4542|10201,4543,3,1,http://www.reactome.org/biopax/96/48892#BiochemicalReaction5885,1,http://www.reactome.org/biopax/96/48892#Catalysis3493,993
896,1528|5466,7839|7843,2,2,http://www.reactome.org/biopax/96/48892#BiochemicalReaction2056,1,http://www.reactome.org/biopax/96/48892#Catalysis903,994
897,642|655,641|653,2,2,http://www.reactome.org/biopax/96/48892#BiochemicalReaction9647,-1,http://www.reactome.org/biopax/96/48892#Control1249,995
898,4908|8602|10130,8603|9704,3,2,http://www.reactome.org/biopax/96/48892#BiochemicalReaction3782,1,http://www.reactome.org/biopax/96/48892#Catalysis2003,996
899,1055|4380|9973,10061|10062,3,2,http://www.reactome.org/biopax/96/48892#BiochemicalReaction1093,1,http://www.reactome.org/biopax/96/48892#Catalysis429,997
900,1415|1418|10157|10177,1032|1416|6968|7200|7204|7208|8164,4,7,http://www.reactome.org/biopax/96/48892#BiochemicalReaction1715,1,http://www.reactome.org/biopax/96/48892#Catalysis822,998
901,4187|6913,4185|7209,2,2,http://www.reactome.org/biopax/96/48892#BiochemicalReaction8182,1,http://www.reactome.org/biopax/96/48892#Catalysis4363,999
902,2728|2784|8622,2793|8631,3,2,http://www.reactome.org/biopax/96/48892#BiochemicalReaction402,1,http://www.reactome.org/biopax/96/48892#Catalysis134,1000
903,5018|8429,8431,2,1,http://www.reactome.org/biopax/96/48892#BiochemicalReaction3625,1,http://www.reactome.org/biopax/96/48892#Catalysis1855,1002
904,4483|8029|9349|9480|9582,8031|9350|9502,5,3,http://www.reactome.org/biopax/96/48892#BiochemicalReaction4577,1,http://www.reactome.org/biopax/96/48892#Catalysis2752,1004
905,4270|5605,6066,2,1,http://www.reactome.org/biopax/96/48892#BiochemicalReaction5526,-1,http://www.reactome.org/biopax/96/48892#Control694,1005
906,3244|4232,7067,2,1,http://www.reactome.org/biopax/96/48892#BiochemicalReaction6557,1,http://www.reactome.org/biopax/96/48892#Control821,1006
907,1874|2858,1868|1869|7713,2,3,http://www.reactome.org/biopax/96/48892#BiochemicalReaction2751,1,http://www.reactome.org/biopax/96/48892#Catalysis1113,1007
908,2262|5092,2278,2,1,http://www.reactome.org/biopax/96/48892#BiochemicalReaction3910,1,http://www.reactome.org/biopax/96/48892#Catalysis2124,1008
909,4672|5991|7986,5990|8067,3,2,http://www.reactome.org/biopax/96/48892#BiochemicalReaction6706,1,http://www.reactome.org/biopax/96/48892#Catalysis3812,1009
910,7151|7986|10349,6324|8067,3,2,http://www.reactome.org/biopax/96/48892#BiochemicalReaction7964,1,http://www.reactome.org/biopax/96/48892#Control1035,1010
911,1991|9839|10239,10271|10274,3,2,http://www.reactome.org/biopax/96/48892#BiochemicalReaction2972,1,http://www.reactome.org/biopax/96/48892#Catalysis1232,1011
912,6263|10187,10181,2,1,http://www.reactome.org/biopax/96/48892#BiochemicalReaction7707,1,http://www.reactome.org/biopax/96/48892#Catalysis4172,1012
913,762|6707|7831,763,3,1,http://www.reactome.org/biopax/96/48892#BiochemicalReaction9969,-1,http://www.reactome.org/biopax/96/48892#Control1331,1014
914,3899|7986|8046,8035|8067,3,2,http://www.reactome.org/biopax/96/48892#BiochemicalReaction7386,1,http://www.reactome.org/biopax/96/48892#Catalysis4050,1016
915,3860|4285|8164,3861|6107|10157,3,3,http://www.reactome.org/biopax/96/48892#BiochemicalReaction7217,1,http://www.reactome.org/biopax/96/48892#Catalysis3972,1017
916,225|7986,227|8067,2,2,http://www.reactome.org/biopax/96/48892#BiochemicalReaction8559,1,http://www.reactome.org/biopax/96/48892#Catalysis4521,1018
917,70|7986|8046,8035|8067,3,2,http://www.reactome.org/biopax/96/48892#BiochemicalReaction8322,1,http://www.reactome.org/biopax/96/48892#Catalysis4422,1019
918,4113|4910,6820|7423,2,2,http://www.reactome.org/biopax/96/48892#BiochemicalReaction1207,1,http://www.reactome.org/biopax/96/48892#Catalysis537,1020
919,997|999|9633|10269,998|9634|9635,4,3,http://www.reactome.org/biopax/96/48892#BiochemicalReaction974,1,http://www.reactome.org/biopax/96/48892#Catalysis338,1021
920,5033|7943|8507|10258,8510|10298,4,2,http://www.reactome.org/biopax/96/48892#BiochemicalReaction3691,1,http://www.reactome.org/biopax/96/48892#Catalysis1919,1022
921,4299|6188|9245,4293|9256,3,2,http://www.reactome.org/biopax/96/48892#BiochemicalReaction7330,1,http://www.reactome.org/biopax/96/48892#Catalysis4036,1024
922,4431|7943|8008|10258|10269,8009|10177|10298,5,3,http://www.reactome.org/biopax/96/48892#BiochemicalReaction3214,1,http://www.reactome.org/biopax/96/48892#Catalysis1454,1025
923,1002|7022|10089|10162,7135|10169|10170,4,3,http://www.reactome.org/biopax/96/48892#BiochemicalReaction976,1,http://www.reactome.org/biopax/96/48892#Catalysis340,1026
924,8094|8763|10229,8095|10231,3,2,http://www.reactome.org/biopax/96/48892#BiochemicalReaction4007,1,http://www.reactome.org/biopax/96/48892#Control490,1027
925,2289|8720|10226,2290|8600|10091,3,3,http://www.reactome.org/biopax/96/48892#BiochemicalReaction3929,-1,http://www.reactome.org/biopax/96/48892#Control454,1029
926,1176|8918,1177|4387,2,2,http://www.reactome.org/biopax/96/48892#BiochemicalReaction1308,1,http://www.reactome.org/biopax/96/48892#Catalysis626,1030
927,2621|9269,9270|9635,2,2,http://www.reactome.org/biopax/96/48892#BiochemicalReaction4518,1,http://www.reactome.org/biopax/96/48892#Catalysis2695,1031
928,4113|7437,6820|7438,2,2,http://www.reactome.org/biopax/96/48892#BiochemicalReaction1221,1,http://www.reactome.org/biopax/96/48892#Catalysis552,1033
929,521|7986,522|8067,2,2,http://www.reactome.org/biopax/96/48892#BiochemicalReaction9326,1,http://www.reactome.org/biopax/96/48892#Catalysis4739,1034
930,61|65|7214,64,3,1,http://www.reactome.org/biopax/96/48892#BiochemicalReaction8314,-1,http://www.reactome.org/biopax/96/48892#Control1111,1035
931,5486|10051|10109,10113|10159,3,2,http://www.reactome.org/biopax/96/48892#BiochemicalReaction5180,1,http://www.reactome.org/biopax/96/48892#Catalysis3092,1036
932,1268|1275|8164,1269|10157,3,2,http://www.reactome.org/biopax/96/48892#BiochemicalReaction140,1,http://www.reactome.org/biopax/96/48892#Control25,1037
933,4882|8160|8161|8196,8162|8197,4,2,http://www.reactome.org/biopax/96/48892#BiochemicalReaction3348,1,http://www.reactome.org/biopax/96/48892#Catalysis1586,1039
934,2523|8099|9087|10091,9088|10217,4,2,http://www.reactome.org/biopax/96/48892#BiochemicalReaction4327,1,http://www.reactome.org/biopax/96/48892#Catalysis2506,1041
935,4113|6820,6820|7476,2,2,http://www.reactome.org/biopax/96/48892#BiochemicalReaction1251,1,http://www.reactome.org/biopax/96/48892#Catalysis580,1042
936,4946|7986|8257,8067|8308,3,2,http://www.reactome.org/biopax/96/48892#BiochemicalReaction3482,1,http://www.reactome.org/biopax/96/48892#Catalysis1720,1043
937,4446|7985|7986,8067|8232,3,2,http://www.reactome.org/biopax/96/48892#BiochemicalReaction3385,1,http://www.reactome.org/biopax/96/48892#Catalysis1623,1044
938,7254|7272|10053,7271|10055|10070,3,3,http://www.reactome.org/biopax/96/48892#BiochemicalReaction1111,1,http://www.reactome.org/biopax/96/48892#Catalysis446,1045
939,7252|7256|10069,7254|10055|10070,3,3,http://www.reactome.org/biopax/96/48892#BiochemicalReaction1106,1,http://www.reactome.org/biopax/96/48892#Catalysis441,1046
940,3425|3456|8622,3457|8631,3,2,http://www.reactome.org/biopax/96/48892#BiochemicalReaction6419,1,http://www.reactome.org/biopax/96/48892#Catalysis3707,1047
941,753|754|7986,658|8067,3,2,http://www.reactome.org/biopax/96/48892#BiochemicalReaction9939,1,http://www.reactome.org/biopax/96/48892#Catalysis4971,1048
942,5801|7802|8622,5804|8631,3,2,http://www.reactome.org/biopax/96/48892#BiochemicalReaction6250,1,http://www.reactome.org/biopax/96/48892#Catalysis3617,1049
943,3499|5916|8164,3500|10157,3,2,http://www.reactome.org/biopax/96/48892#BiochemicalReaction6473,1,http://www.reactome.org/biopax/96/48892#Catalysis3741,1050
944,2368|7986|9841|9851|10177,7943|8067|9783|9847|10159,5,5,http://www.reactome.org/biopax/96/48892#BiochemicalReaction4049,1,http://www.reactome.org/biopax/96/48892#Catalysis2235,1051
945,5470|7916,7933,2,1,http://www.reactome.org/biopax/96/48892#BiochemicalReaction5163,1,http://www.reactome.org/biopax/96/48892#Catalysis3076,1052
946,4875|8525,8490,2,1,http://www.reactome.org/biopax/96/48892#BiochemicalReaction3704,1,http://www.reactome.org/biopax/96/48892#Catalysis1932,1053
947,4824|7962,7963|10177,2,2,http://www.reactome.org/biopax/96/48892#BiochemicalReaction3178,1,http://www.reactome.org/biopax/96/48892#Catalysis1425,1054
948,4689|4690|10245,1968,3,1,http://www.reactome.org/biopax/96/48892#BiochemicalReaction2924,1,http://www.reactome.org/biopax/96/48892#Control361,1056
949,1150|10177,1151|4392,2,2,http://www.reactome.org/biopax/96/48892#BiochemicalReaction1296,1,http://www.reactome.org/biopax/96/48892#Catalysis614,1057
950,4838|8659|10269,8662,3,1,http://www.reactome.org/biopax/96/48892#BiochemicalReaction3829,1,http://www.reactome.org/biopax/96/48892#Catalysis2050,1058
951,7611|7613|7614,7615|7616,3,2,http://www.reactome.org/biopax/96/48892#BiochemicalReaction1454,1,http://www.reactome.org/biopax/96/48892#Control187,1059
952,5681|7635,7637,2,1,http://www.reactome.org/biopax/96/48892#BiochemicalReaction1475,1,http://www.reactome.org/biopax/96/48892#Control201,1060
953,1997|7943|10177,2000|4418,3,2,http://www.reactome.org/biopax/96/48892#BiochemicalReaction2983,1,http://www.reactome.org/biopax/96/48892#Control388,1061
954,5200|7943|9016,8555|9015,3,2,http://www.reactome.org/biopax/96/48892#BiochemicalReaction4239,1,http://www.reactome.org/biopax/96/48892#Catalysis2423,1062
955,6151|6168|9245,6153|9256,3,2,http://www.reactome.org/biopax/96/48892#BiochemicalReaction7299,1,http://www.reactome.org/biopax/96/48892#Catalysis4012,1063
956,4302|6027|9245,4303|9256,3,2,http://www.reactome.org/biopax/96/48892#BiochemicalReaction7332,1,http://www.reactome.org/biopax/96/48892#Catalysis4038,1064
957,1069|7322|7366,6820|7368,3,2,http://www.reactome.org/biopax/96/48892#BiochemicalReaction1173,1,http://www.reactome.org/biopax/96/48892#Catalysis503,1065
958,695|7986,3913|8067,2,2,http://www.reactome.org/biopax/96/48892#BiochemicalReaction9866,1,http://www.reactome.org/biopax/96/48892#Catalysis4939,1066
959,2558|9144|9633,9148|9847,3,2,http://www.reactome.org/biopax/96/48892#BiochemicalReaction4392,1,http://www.reactome.org/biopax/96/48892#Catalysis2571,1067
960,2795|10134,10134,2,1,http://www.reactome.org/biopax/96/48892#BiochemicalReaction4950,1,http://www.reactome.org/biopax/96/48892#Catalysis2948,1068
961,5644|5801|8622,5802|8631,3,2,http://www.reactome.org/biopax/96/48892#BiochemicalReaction6247,1,http://www.reactome.org/biopax/96/48892#Catalysis3614,1070
962,2400|8830|9513|10177,7943|8870|9538,4,3,http://www.reactome.org/biopax/96/48892#BiochemicalReaction4099,1,http://www.reactome.org/biopax/96/48892#Catalysis2285,1071
963,7192|9706|10028,10026|10033,3,2,http://www.reactome.org/biopax/96/48892#BiochemicalReaction1040,1,http://www.reactome.org/biopax/96/48892#Control176,1072
964,2125|7986|10173,8067|8247,3,2,http://www.reactome.org/biopax/96/48892#BiochemicalReaction3409,1,http://www.reactome.org/biopax/96/48892#Catalysis1647,1073
965,7167|9638|9866,9670|9884,3,2,http://www.reactome.org/biopax/96/48892#BiochemicalReaction1010,1,http://www.reactome.org/biopax/96/48892#Catalysis374,1074
966,5105|8094|8724,5102,3,1,http://www.reactome.org/biopax/96/48892#BiochemicalReaction3957,1,http://www.reactome.org/biopax/96/48892#Control467,1075
967,4812|7947|7986|9704,7948|9236|9428,4,3,http://www.reactome.org/biopax/96/48892#BiochemicalReaction3165,1,http://www.reactome.org/biopax/96/48892#Catalysis1413,1076
968,1837|7986,1838|8067,2,2,http://www.reactome.org/biopax/96/48892#BiochemicalReaction2680,1,http://www.reactome.org/biopax/96/48892#Catalysis1098,1077
969,3826|3828|7986,3827|5917|5918|5919|5920|5921|8067|10159,3,8,http://www.reactome.org/biopax/96/48892#BiochemicalReaction7199,1,http://www.reactome.org/biopax/96/48892#Catalysis3955,1078
970,1493|1494|7825|7826,1497,4,1,http://www.reactome.org/biopax/96/48892#BiochemicalReaction1905,-1,http://www.reactome.org/biopax/96/48892#Control269,1079
971,5336|7952|8720|9544,8586|8777|9545,4,3,http://www.reactome.org/biopax/96/48892#BiochemicalReaction4695,1,http://www.reactome.org/biopax/96/48892#Catalysis2866,1080
972,5153|7986|8804,8067|8805,3,2,http://www.reactome.org/biopax/96/48892#BiochemicalReaction4044,1,http://www.reactome.org/biopax/96/48892#Catalysis2230,1081
973,1956|8720|10226|10227,8600|8738|10091|10228,4,4,http://www.reactome.org/biopax/96/48892#BiochemicalReaction2908,1,http://www.reactome.org/biopax/96/48892#Catalysis1170,1082
974,2289|2293|8720,2290|8600|10091,3,3,http://www.reactome.org/biopax/96/48892#BiochemicalReaction3929,1,http://www.reactome.org/biopax/96/48892#Catalysis2141,1083
975,6677|7943|9044|10258,10016|10298,4,2,http://www.reactome.org/biopax/96/48892#BiochemicalReaction9884,1,http://www.reactome.org/biopax/96/48892#Catalysis4947,1084
976,6432|10177|10206,9236,3,1,http://www.reactome.org/biopax/96/48892#BiochemicalReaction8879,1,http://www.reactome.org/biopax/96/48892#Catalysis4572,1085
977,2907|8720|9439|10131,8600|8711|8738,4,3,http://www.reactome.org/biopax/96/48892#BiochemicalReaction5132,1,http://www.reactome.org/biopax/96/48892#Catalysis3049,1086
978,3354|5848|8622,5849|8067,3,2,http://www.reactome.org/biopax/96/48892#BiochemicalReaction6352,1,http://www.reactome.org/biopax/96/48892#Catalysis3669,1087
979,4182,4183|10159,1,2,http://www.reactome.org/biopax/96/48892#BiochemicalReaction8172,1,http://www.reactome.org/biopax/96/48892#Catalysis4359,1088
980,5513|7943|9688|10109,8555|9689|10113,4,3,http://www.reactome.org/biopax/96/48892#BiochemicalReaction5233,1,http://www.reactome.org/biopax/96/48892#Catalysis3145,1090
981,4715|7986|10299,7943|8067|10300,3,3,http://www.reactome.org/biopax/96/48892#BiochemicalReaction2995,1,http://www.reactome.org/biopax/96/48892#Catalysis1254,1091
982,3645|6236|7986,6237|8067,3,2,http://www.reactome.org/biopax/96/48892#BiochemicalReaction7565,1,http://www.reactome.org/biopax/96/48892#Catalysis4101,1093
983,407|5466,408,2,1,http://www.reactome.org/biopax/96/48892#BiochemicalReaction9060,1,http://www.reactome.org/biopax/96/48892#Catalysis4640,1095
984,1373|1374|7718,1375,3,1,http://www.reactome.org/biopax/96/48892#BiochemicalReaction1646,-1,http://www.reactome.org/biopax/96/48892#Control234,1096
985,2990|5586|10130,2992|9704,3,2,http://www.reactome.org/biopax/96/48892#BiochemicalReaction5439,1,http://www.reactome.org/biopax/96/48892#Catalysis3305,1097
986,7096|7107|9469|9480|9491,7108|9499|9502,5,3,http://www.reactome.org/biopax/96/48892#BiochemicalReaction939,1,http://www.reactome.org/biopax/96/48892#Catalysis312,1098
987,2346|5118|8472|10091,5124|8739|9439,4,3,http://www.reactome.org/biopax/96/48892#BiochemicalReaction3989,-1,http://www.reactome.org/biopax/96/48892#Control483,1099
988,3819|10177,3820|10159,2,2,http://www.reactome.org/biopax/96/48892#BiochemicalReaction7189,1,http://www.reactome.org/biopax/96/48892#Catalysis3952,1100
989,84|7986,85|8067,2,2,http://www.reactome.org/biopax/96/48892#BiochemicalReaction8347,1,http://www.reactome.org/biopax/96/48892#Catalysis4436,1101
990,5576|7916,7933,2,1,http://www.reactome.org/biopax/96/48892#BiochemicalReaction5411,1,http://www.reactome.org/biopax/96/48892#Catalysis3287,1103
991,3130|5806|8622,3337|8631,3,2,http://www.reactome.org/biopax/96/48892#BiochemicalReaction6746,1,http://www.reactome.org/biopax/96/48892#Catalysis3837,1104
992,2688|5054|7974|10091,2689|7976,4,2,http://www.reactome.org/biopax/96/48892#BiochemicalReaction4711,1,http://www.reactome.org/biopax/96/48892#Catalysis2882,1105
993,2025|8046|10177,7915|7943|8057,3,3,http://www.reactome.org/biopax/96/48892#BiochemicalReaction3095,1,http://www.reactome.org/biopax/96/48892#Catalysis1344,1106
994,2848|10372,10349,2,1,http://www.reactome.org/biopax/96/48892#BiochemicalReaction5016,1,http://www.reactome.org/biopax/96/48892#Catalysis3002,1107
995,5121|5122,2329,2,1,http://www.reactome.org/biopax/96/48892#BiochemicalReaction3978,1,http://www.reactome.org/biopax/96/48892#Catalysis2175,1108
996,431|7986,150|432|8067,2,3,http://www.reactome.org/biopax/96/48892#BiochemicalReaction9107,1,http://www.reactome.org/biopax/96/48892#Catalysis4659,1110
997,4943|7986|9660,8067|8271,3,2,http://www.reactome.org/biopax/96/48892#BiochemicalReaction3477,1,http://www.reactome.org/biopax/96/48892#Catalysis1715,1111
998,658|6097,6743,2,1,http://www.reactome.org/biopax/96/48892#BiochemicalReaction10001,1,http://www.reactome.org/biopax/96/48892#Catalysis4999,1112
999,2439,2440|5182,1,2,http://www.reactome.org/biopax/96/48892#BiochemicalReaction4186,1,http://www.reactome.org/biopax/96/48892#Catalysis2372,1113
1000,1503|3503,1502,2,1,http://www.reactome.org/biopax/96/48892#BiochemicalReaction10070,-1,http://www.reactome.org/biopax/96/48892#Control1347,1114
1001,913,914,1,1,http://www.reactome.org/biopax/96/48892#BiochemicalReaction839,1,http://www.reactome.org/biopax/96/48892#Catalysis273,1115
1002,317|7986,321|8067,2,2,http://www.reactome.org/biopax/96/48892#BiochemicalReaction674,1,http://www.reactome.org/biopax/96/48892#Catalysis226,1116
1003,658|7514,6756|6757,2,2,http://www.reactome.org/biopax/96/48892#BiochemicalReaction10008,1,http://www.reactome.org/biopax/96/48892#Catalysis5005,1117
1004,5230|9022|9105,7952|9108|10091,3,3,http://www.reactome.org/biopax/96/48892#BiochemicalReaction4348,1,http://www.reactome.org/biopax/96/48892#Catalysis2527,1118
1005,4348|6524|10177,4350|8643,3,2,http://www.reactome.org/biopax/96/48892#BiochemicalReaction9337,1,http://www.reactome.org/biopax/96/48892#Catalysis4746,1119
1006,4855|8065|8493,8066|8496,3,2,http://www.reactome.org/biopax/96/48892#BiochemicalReaction3681,1,http://www.reactome.org/biopax/96/48892#Catalysis1909,1121
1007,5225|8756|10230,7952|9079|10091,3,3,http://www.reactome.org/biopax/96/48892#BiochemicalReaction4321,1,http://www.reactome.org/biopax/96/48892#Catalysis2500,1122
1008,2767|4508|8164,2762|10157,3,2,http://www.reactome.org/biopax/96/48892#BiochemicalReaction4860,1,http://www.reactome.org/biopax/96/48892#Catalysis2934,1123
1009,3130|4025|4026|6295|6297,4027|6296,5,2,http://www.reactome.org/biopax/96/48892#BiochemicalReaction7820,1,http://www.reactome.org/biopax/96/48892#Control1010,1124
1010,8164|8757|8767|10241,7943|8783|10157|10159,4,4,http://www.reactome.org/biopax/96/48892#BiochemicalReaction4025,-1,http://www.reactome.org/biopax/96/48892#Control498,1125
1011,2746|2747|9502,5364|5365|9574,3,3,http://www.reactome.org/biopax/96/48892#BiochemicalReaction4822,1,http://www.reactome.org/biopax/96/48892#Catalysis2921,1126
1012,7178|9947|10366,9946|10367,3,2,http://www.reactome.org/biopax/96/48892#BiochemicalReaction3090,1,http://www.reactome.org/biopax/96/48892#Catalysis1339,1128
1013,2926|8067|8720,7986|8600,3,2,http://www.reactome.org/biopax/96/48892#BiochemicalReaction5295,1,http://www.reactome.org/biopax/96/48892#Catalysis3201,1129
1014,4168|7986,4169|8067,2,2,http://www.reactome.org/biopax/96/48892#BiochemicalReaction8152,1,http://www.reactome.org/biopax/96/48892#Catalysis4351,1130
1015,7258|7281|9947,7280|9946|10070,3,3,http://www.reactome.org/biopax/96/48892#BiochemicalReaction1120,1,http://www.reactome.org/biopax/96/48892#Catalysis451,1131
1016,4963|4965|7986,4964|7943|8067,3,3,http://www.reactome.org/biopax/96/48892#BiochemicalReaction3515,1,http://www.reactome.org/biopax/96/48892#Catalysis1753,1132
1017,5035|7986|8547|9704,8548|9236|9428|10177,4,4,http://www.reactome.org/biopax/96/48892#BiochemicalReaction3732,1,http://www.reactome.org/biopax/96/48892#Catalysis1956,1133
1018,2818|10349,2807|2819|4586|5394|5396|5397|5398|5410|5411|7901|9585,2,11,http://www.reactome.org/biopax/96/48892#BiochemicalReaction4977,1,http://www.reactome.org/biopax/96/48892#Catalysis2974,1134
1019,4113|4909,6820|7422,2,2,http://www.reactome.org/biopax/96/48892#BiochemicalReaction1206,1,http://www.reactome.org/biopax/96/48892#Catalysis536,1135
1020,560|7986,6568|6569|8067,2,3,http://www.reactome.org/biopax/96/48892#BiochemicalReaction9412,1,http://www.reactome.org/biopax/96/48892#Catalysis4789,1136
1021,5275,2617,1,1,http://www.reactome.org/biopax/96/48892#BiochemicalReaction4499,1,http://www.reactome.org/biopax/96/48892#Catalysis2677,1137
1022,2515|9072,9075|9076,2,2,http://www.reactome.org/biopax/96/48892#BiochemicalReaction4312,1,http://www.reactome.org/biopax/96/48892#Catalysis2491,1139
1023,1097|3502|10177,3499|4574|10159,3,3,http://www.reactome.org/biopax/96/48892#BiochemicalReaction6478,1,http://www.reactome.org/biopax/96/48892#Catalysis3742,1140
1024,4875|8484,8485,2,1,http://www.reactome.org/biopax/96/48892#BiochemicalReaction3672,1,http://www.reactome.org/biopax/96/48892#Catalysis1900,1141
1025,5272|9246|9247,9183|10113,3,2,http://www.reactome.org/biopax/96/48892#BiochemicalReaction4494,1,http://www.reactome.org/biopax/96/48892#Catalysis2672,1142
1026,4199|7986,4201|8067,2,2,http://www.reactome.org/biopax/96/48892#BiochemicalReaction8191,1,http://www.reactome.org/biopax/96/48892#Catalysis4366,1143
1027,3891|4308|10177,4309|10139,3,2,http://www.reactome.org/biopax/96/48892#BiochemicalReaction7335,1,http://www.reactome.org/biopax/96/48892#Catalysis4041,1144
1028,2581|8974|9183,9184|10118,3,2,http://www.reactome.org/biopax/96/48892#BiochemicalReaction4430,1,http://www.reactome.org/biopax/96/48892#Catalysis2609,1145
1029,845|6917|6961|6962|6963|8622,846|847|6888|6889|6892|6924|6928|6934|6943|6945|6948|6949|6950|6951|6952|6953|6955|6956|6957|6958|6959|6960|8631|8643,6,24,http://www.reactome.org/biopax/96/48892#BiochemicalReaction750,1,http://www.reactome.org/biopax/96/48892#Catalysis248,1146
1030,4840|7986|8970|10177,8067|8968|10159,4,3,http://www.reactome.org/biopax/96/48892#BiochemicalReaction4183,1,http://www.reactome.org/biopax/96/48892#Catalysis2369,1147
1031,855|6964|8622,856|8957,3,2,http://www.reactome.org/biopax/96/48892#BiochemicalReaction767,1,http://www.reactome.org/biopax/96/48892#Catalysis252,1148
1032,865|4113|6886,6820|7426,3,2,http://www.reactome.org/biopax/96/48892#BiochemicalReaction1212,1,http://www.reactome.org/biopax/96/48892#Catalysis542,1149
1033,64|7986,66|8067,2,2,http://www.reactome.org/biopax/96/48892#BiochemicalReaction8315,1,http://www.reactome.org/biopax/96/48892#Catalysis4420,1150
1034,8067|8905|10177,8906|10159,3,2,http://www.reactome.org/biopax/96/48892#BiochemicalReaction4125,1,http://www.reactome.org/biopax/96/48892#Control517,1152
1035,7505|7776|7777,1443,3,1,http://www.reactome.org/biopax/96/48892#BiochemicalReaction1811,1,http://www.reactome.org/biopax/96/48892#Control244,1153
1036,4545|7906,4562,2,1,http://www.reactome.org/biopax/96/48892#BiochemicalReaction5993,1,http://www.reactome.org/biopax/96/48892#Catalysis3544,1155
1037,1676|7623|8495,1777,3,1,http://www.reactome.org/biopax/96/48892#BiochemicalReaction262,1,http://www.reactome.org/biopax/96/48892#Control63,1156
1038,1069|7359,6820|7361,2,2,http://www.reactome.org/biopax/96/48892#BiochemicalReaction1169,1,http://www.reactome.org/biopax/96/48892#Catalysis499,1157
1039,7988|7989|7992,7990|7991|9502,3,3,http://www.reactome.org/biopax/96/48892#BiochemicalReaction3196,1,http://www.reactome.org/biopax/96/48892#Control394,1158
1040,1465|7809|8918,1466|8643,3,2,http://www.reactome.org/biopax/96/48892#BiochemicalReaction1843,1,http://www.reactome.org/biopax/96/48892#Catalysis862,1159
1041,5712,5716|6032,1,2,http://www.reactome.org/biopax/96/48892#BiochemicalReaction5951,1,http://www.reactome.org/biopax/96/48892#Catalysis3503,1160
1042,3486|3645|7986,3487|8067,3,2,http://www.reactome.org/biopax/96/48892#BiochemicalReaction6449,1,http://www.reactome.org/biopax/96/48892#Catalysis3729,1161
1043,4819|7943|7949|10130,7956|9635|9704,4,3,http://www.reactome.org/biopax/96/48892#BiochemicalReaction3174,1,http://www.reactome.org/biopax/96/48892#Catalysis1421,1162
1044,276|7986,277|8067,2,2,http://www.reactome.org/biopax/96/48892#BiochemicalReaction8629,1,http://www.reactome.org/biopax/96/48892#Catalysis4549,1163
1045,618|1537|8164,3144|10157,3,2,http://www.reactome.org/biopax/96/48892#BiochemicalReaction9572,1,http://www.reactome.org/biopax/96/48892#Catalysis4839,1164
1046,7168|9893|9898|10177,9902|10159,4,2,http://www.reactome.org/biopax/96/48892#BiochemicalReaction1013,1,http://www.reactome.org/biopax/96/48892#Catalysis377,1166
1047,1706|6012|8622,3130|8631,3,2,http://www.reactome.org/biopax/96/48892#BiochemicalReaction6750,1,http://www.reactome.org/biopax/96/48892#Catalysis3841,1167
1048,5984|7648|9961,7649|9962|10177,3,3,http://www.reactome.org/biopax/96/48892#BiochemicalReaction7914,1,http://www.reactome.org/biopax/96/48892#Catalysis4270,1168
1049,4704|10268,9344,2,1,http://www.reactome.org/biopax/96/48892#BiochemicalReaction2964,1,http://www.reactome.org/biopax/96/48892#Catalysis1224,1169
1050,5196|9396|9507,9450|9508,3,2,http://www.reactome.org/biopax/96/48892#BiochemicalReaction4674,1,http://www.reactome.org/biopax/96/48892#Catalysis2845,1170
1051,5300|8029|9399|9480|9582,8031|9400|9502,5,3,http://www.reactome.org/biopax/96/48892#BiochemicalReaction4602,1,http://www.reactome.org/biopax/96/48892#Catalysis2777,1172
1052,645|650|1334,647,3,1,http://www.reactome.org/biopax/96/48892#BiochemicalReaction9646,-1,http://www.reactome.org/biopax/96/48892#Control1245,1173
1053,5337|6038|6824,6042,3,1,http://www.reactome.org/biopax/96/48892#BiochemicalReaction6848,-1,http://www.reactome.org/biopax/96/48892#Control853,1174
1054,1335|1400|7986,1401|8067,3,2,http://www.reactome.org/biopax/96/48892#BiochemicalReaction1683,1,http://www.reactome.org/biopax/96/48892#Catalysis809,1175
1055,5288|10131,8711,2,1,http://www.reactome.org/biopax/96/48892#BiochemicalReaction4545,1,http://www.reactome.org/biopax/96/48892#Catalysis2722,1176
1056,4798|7921|7986,8067|10390,3,2,http://www.reactome.org/biopax/96/48892#BiochemicalReaction3136,1,http://www.reactome.org/biopax/96/48892#Catalysis1385,1177
1057,4987|7986|8351|10177,7943|8067|8352|10159,4,4,http://www.reactome.org/biopax/96/48892#BiochemicalReaction3554,1,http://www.reactome.org/biopax/96/48892#Catalysis1788,1178
1058,310|6425|8088,313,3,1,http://www.reactome.org/biopax/96/48892#BiochemicalReaction8766,1,http://www.reactome.org/biopax/96/48892#Control1153,1179
1059,177|7986|8046,8035|8067,3,2,http://www.reactome.org/biopax/96/48892#BiochemicalReaction8482,1,http://www.reactome.org/biopax/96/48892#Catalysis4491,1180
1060,623|7986,5829|6607|8067,2,3,http://www.reactome.org/biopax/96/48892#BiochemicalReaction9581,1,http://www.reactome.org/biopax/96/48892#Catalysis4843,1181
1061,1625|8386|8502,1624|4407|10180,3,3,http://www.reactome.org/biopax/96/48892#BiochemicalReaction2216,1,http://www.reactome.org/biopax/96/48892#Control289,1182
1062,771|3653|3655,3656,3,1,http://www.reactome.org/biopax/96/48892#BiochemicalReaction6797,1,http://www.reactome.org/biopax/96/48892#Control848,1184
1063,7499|7700|7701|7780,1453,4,1,http://www.reactome.org/biopax/96/48892#BiochemicalReaction1819,1,http://www.reactome.org/biopax/96/48892#Control248,1185
1064,6383|6385|8528,18,3,1,http://www.reactome.org/biopax/96/48892#BiochemicalReaction8245,1,http://www.reactome.org/biopax/96/48892#Control1107,1186
1065,1007|9706|9711,9713|9720,3,2,http://www.reactome.org/biopax/96/48892#BiochemicalReaction983,1,http://www.reactome.org/biopax/96/48892#Catalysis347,1187
1066,2696|8386|9571,8555|10297,3,2,http://www.reactome.org/biopax/96/48892#BiochemicalReaction4721,1,http://www.reactome.org/biopax/96/48892#Catalysis2892,1188
1067,459|1368|5466,460,3,1,http://www.reactome.org/biopax/96/48892#BiochemicalReaction9167,1,http://www.reactome.org/biopax/96/48892#Catalysis4688,1190
1068,6493|6530|8622,6534|8631,3,2,http://www.reactome.org/biopax/96/48892#BiochemicalReaction9365,1,http://www.reactome.org/biopax/96/48892#Catalysis4760,1191
1069,3326|6299|8622,6300|8631,3,2,http://www.reactome.org/biopax/96/48892#BiochemicalReaction7825,1,http://www.reactome.org/biopax/96/48892#Catalysis4239,1192
1070,4954|8316|10177,8314|10159,3,2,http://www.reactome.org/biopax/96/48892#BiochemicalReaction3510,1,http://www.reactome.org/biopax/96/48892#Catalysis1748,1194
1071,2002|9973|10310,10288|10311,3,2,http://www.reactome.org/biopax/96/48892#BiochemicalReaction3010,1,http://www.reactome.org/biopax/96/48892#Catalysis1267,1195
1072,4065|8739|9958,9308|9312,3,2,http://www.reactome.org/biopax/96/48892#BiochemicalReaction7900,1,http://www.reactome.org/biopax/96/48892#Catalysis4257,1196
1073,2526|9091|9439|10232,9092|9093|10091|10231,4,4,http://www.reactome.org/biopax/96/48892#BiochemicalReaction4330,1,http://www.reactome.org/biopax/96/48892#Catalysis2509,1198
1074,6|2045|8164,2054|10157,3,2,http://www.reactome.org/biopax/96/48892#BiochemicalReaction8225,1,http://www.reactome.org/biopax/96/48892#Catalysis4382,1199
1075,1907|7986,1908|8067,2,2,http://www.reactome.org/biopax/96/48892#BiochemicalReaction2818,1,http://www.reactome.org/biopax/96/48892#Catalysis1132,1200
1076,5244|8753|9153,9152|9154|9439,3,3,http://www.reactome.org/biopax/96/48892#BiochemicalReaction4399,1,http://www.reactome.org/biopax/96/48892#Catalysis2578,1201
1077,3316|7986,10330,2,1,http://www.reactome.org/biopax/96/48892#BiochemicalReaction6137,1,http://www.reactome.org/biopax/96/48892#Catalysis3583,1202
1078,1864,1852|1859,1,2,http://www.reactome.org/biopax/96/48892#BiochemicalReaction287,1,http://www.reactome.org/biopax/96/48892#Catalysis116,1203
1079,1923|4673|8164,1924|10157,3,2,http://www.reactome.org/biopax/96/48892#BiochemicalReaction2849,1,http://www.reactome.org/biopax/96/48892#Catalysis1144,1204
1080,2665|9479|10300,9481|10301,3,2,http://www.reactome.org/biopax/96/48892#BiochemicalReaction4654,1,http://www.reactome.org/biopax/96/48892#Catalysis2825,1205
1081,1426|4673|8164,1423|10157,3,2,http://www.reactome.org/biopax/96/48892#BiochemicalReaction7137,1,http://www.reactome.org/biopax/96/48892#Catalysis3939,1206
1082,620,3179|6606|10159,1,3,http://www.reactome.org/biopax/96/48892#BiochemicalReaction9576,1,http://www.reactome.org/biopax/96/48892#Catalysis4841,1207
1083,6872|6874|7986,6875|8067,3,2,http://www.reactome.org/biopax/96/48892#BiochemicalReaction90,1,http://www.reactome.org/biopax/96/48892#Catalysis44,1209
1084,4236|7220,5766,2,1,http://www.reactome.org/biopax/96/48892#BiochemicalReaction6100,1,http://www.reactome.org/biopax/96/48892#Control747,1210
1085,1988|10222|10298,7943|10258|10266,3,3,http://www.reactome.org/biopax/96/48892#BiochemicalReaction2959,1,http://www.reactome.org/biopax/96/48892#Catalysis1219,1211
1086,7622|8386|10106,7624,3,1,http://www.reactome.org/biopax/96/48892#BiochemicalReaction1457,-1,http://www.reactome.org/biopax/96/48892#Control194,1212
1087,2470|9010,9011,2,1,http://www.reactome.org/biopax/96/48892#BiochemicalReaction4232,1,http://www.reactome.org/biopax/96/48892#Catalysis2417,1213
1088,1651|1809,1648,2,1,http://www.reactome.org/biopax/96/48892#BiochemicalReaction2287,1,http://www.reactome.org/biopax/96/48892#Catalysis999,1216
1089,2511|2513,2512,2,1,http://www.reactome.org/biopax/96/48892#BiochemicalReaction4315,1,http://www.reactome.org/biopax/96/48892#Catalysis2494,1217
1090,1457|7800|8622,1458|8631,3,2,http://www.reactome.org/biopax/96/48892#BiochemicalReaction1830,1,http://www.reactome.org/biopax/96/48892#Catalysis854,1218
1091,2568|8265,9563|9995,2,2,http://www.reactome.org/biopax/96/48892#BiochemicalReaction4406,1,http://www.reactome.org/biopax/96/48892#Catalysis2585,1219
1092,4578|10083|10089,10096|10104,3,2,http://www.reactome.org/biopax/96/48892#BiochemicalReaction40,1,http://www.reactome.org/biopax/96/48892#Catalysis23,1220
1093,5060|7943|8581|10258,8582|10298,4,2,http://www.reactome.org/biopax/96/48892#BiochemicalReaction3758,1,http://www.reactome.org/biopax/96/48892#Catalysis1982,1223
1094,1467|7259|7986,7261|8067,3,2,http://www.reactome.org/biopax/96/48892#BiochemicalReaction189,1,http://www.reactome.org/biopax/96/48892#Catalysis77,1225
1095,488|6499,5440|6500,2,2,http://www.reactome.org/biopax/96/48892#BiochemicalReaction9260,1,http://www.reactome.org/biopax/96/48892#Control1200,1226
1096,7561|7563|9245,7562|9256,3,2,http://www.reactome.org/biopax/96/48892#BiochemicalReaction1398,1,http://www.reactome.org/biopax/96/48892#Catalysis664,1227
1097,8678|8918|8935,8936|8937|8938,3,3,http://www.reactome.org/biopax/96/48892#BiochemicalReaction4147,1,http://www.reactome.org/biopax/96/48892#Control518,1228
1098,2402|8891|8918,8643|8892|8938,3,3,http://www.reactome.org/biopax/96/48892#BiochemicalReaction4115,1,http://www.reactome.org/biopax/96/48892#Catalysis2301,1229
1099,1739|7986,1742|8067,2,2,http://www.reactome.org/biopax/96/48892#BiochemicalReaction2450,1,http://www.reactome.org/biopax/96/48892#Catalysis1057,1230
1100,2206|7943|8529|10258|10269,8530|10177|10298,5,3,http://www.reactome.org/biopax/96/48892#BiochemicalReaction3707,-1,http://www.reactome.org/biopax/96/48892#Control419,1231
1101,2061|8646|10177,8669,3,1,http://www.reactome.org/biopax/96/48892#BiochemicalReaction3835,1,http://www.reactome.org/biopax/96/48892#Catalysis2056,1232
1102,5341|7491|10177,7255|10159,3,2,http://www.reactome.org/biopax/96/48892#BiochemicalReaction4740,1,http://www.reactome.org/biopax/96/48892#Catalysis2901,1233
1103,1270|1273|7653|10125,1272|7655|10126,4,3,http://www.reactome.org/biopax/96/48892#BiochemicalReaction1510,1,http://www.reactome.org/biopax/96/48892#Control213,1235
1104,4045|4328|8918,4003|4046|5316|6279|8631|8643,3,6,http://www.reactome.org/biopax/96/48892#BiochemicalReaction7848,1,http://www.reactome.org/biopax/96/48892#Control1018,1238
1105,4114|5968|7986,303|8067,3,2,http://www.reactome.org/biopax/96/48892#BiochemicalReaction8078,1,http://www.reactome.org/biopax/96/48892#Catalysis4320,1239
1106,1550|7986|8035,1551|8067,3,2,http://www.reactome.org/biopax/96/48892#BiochemicalReaction2083,1,http://www.reactome.org/biopax/96/48892#Catalysis916,1240
1107,5171|7986|8953,7943|8067|8954,3,3,http://www.reactome.org/biopax/96/48892#BiochemicalReaction4164,1,http://www.reactome.org/biopax/96/48892#Catalysis2350,1242
1108,658|6277,6739|6740,2,2,http://www.reactome.org/biopax/96/48892#BiochemicalReaction9998,1,http://www.reactome.org/biopax/96/48892#Catalysis4996,1243
1109,5806|5814|8622,5993|8631,3,2,http://www.reactome.org/biopax/96/48892#BiochemicalReaction6708,1,http://www.reactome.org/biopax/96/48892#Catalysis3814,1245
1110,4788|10065|10361,10055|10357,3,2,http://www.reactome.org/biopax/96/48892#BiochemicalReaction3085,1,http://www.reactome.org/biopax/96/48892#Catalysis1334,1246
1111,2169|2170|8383,2171,3,1,http://www.reactome.org/biopax/96/48892#BiochemicalReaction3573,1,http://www.reactome.org/biopax/96/48892#Catalysis1805,1247
1112,5141|8761|9219,8386|8760,3,2,http://www.reactome.org/biopax/96/48892#BiochemicalReaction4005,1,http://www.reactome.org/biopax/96/48892#Catalysis2195,1249
1113,1158|8918,1159|4390,2,2,http://www.reactome.org/biopax/96/48892#BiochemicalReaction1300,1,http://www.reactome.org/biopax/96/48892#Catalysis618,1250
1114,3423|3479|7986,3480|8067,3,2,http://www.reactome.org/biopax/96/48892#BiochemicalReaction6441,1,http://www.reactome.org/biopax/96/48892#Catalysis3723,1251
1115,1298|10135|10177,10137|10138|10139,3,3,http://www.reactome.org/biopax/96/48892#BiochemicalReaction1539,1,http://www.reactome.org/biopax/96/48892#Catalysis742,1252
1116,1208,1209|7085,1,2,http://www.reactome.org/biopax/96/48892#BiochemicalReaction1360,1,http://www.reactome.org/biopax/96/48892#Catalysis656,1253
1117,8164|8757|8767|8783,7943|8783|10157|10159,4,4,http://www.reactome.org/biopax/96/48892#BiochemicalReaction4025,-1,http://www.reactome.org/biopax/96/48892#Control499,1254
1118,2632|9300|10177,9301|9563,3,2,http://www.reactome.org/biopax/96/48892#BiochemicalReaction4538,1,http://www.reactome.org/biopax/96/48892#Catalysis2715,1255
1119,1249|7613|7614,7615|7616,3,2,http://www.reactome.org/biopax/96/48892#BiochemicalReaction1454,-1,http://www.reactome.org/biopax/96/48892#Control189,1256
1120,2882|10134,10133,2,1,http://www.reactome.org/biopax/96/48892#BiochemicalReaction5053,1,http://www.reactome.org/biopax/96/48892#Catalysis3026,1258
1121,4703|7986|10270,7943|8067|9344,3,3,http://www.reactome.org/biopax/96/48892#BiochemicalReaction2962,1,http://www.reactome.org/biopax/96/48892#Catalysis1222,1259
1122,5714|5731,5736|5737,2,2,http://www.reactome.org/biopax/96/48892#BiochemicalReaction5966,1,http://www.reactome.org/biopax/96/48892#Catalysis3518,1260
1123,3063|3235,3232|3234|5337,2,3,http://www.reactome.org/biopax/96/48892#BiochemicalReaction5802,1,http://www.reactome.org/biopax/96/48892#Catalysis3467,1261
1124,7260|7267|9630,7265|9632|10070,3,3,http://www.reactome.org/biopax/96/48892#BiochemicalReaction1109,1,http://www.reactome.org/biopax/96/48892#Catalysis444,1262
1125,222|4263,5554,2,1,http://www.reactome.org/biopax/96/48892#BiochemicalReaction7444,-1,http://www.reactome.org/biopax/96/48892#Control938,1263
1126,4875|8175,8176,2,1,http://www.reactome.org/biopax/96/48892#BiochemicalReaction3328,1,http://www.reactome.org/biopax/96/48892#Catalysis1566,1264
1127,358|7986,1909|8067,2,2,http://www.reactome.org/biopax/96/48892#BiochemicalReaction2820,1,http://www.reactome.org/biopax/96/48892#Catalysis1133,1265
1128,2804|9847,2805,2,1,http://www.reactome.org/biopax/96/48892#BiochemicalReaction4962,1,http://www.reactome.org/biopax/96/48892#Catalysis2960,1266
1129,5622|5966|8622,5987|8631,3,2,http://www.reactome.org/biopax/96/48892#BiochemicalReaction6686,1,http://www.reactome.org/biopax/96/48892#Catalysis3808,1267
1130,427|10177|10309,10319,3,1,http://www.reactome.org/biopax/96/48892#BiochemicalReaction9104,1,http://www.reactome.org/biopax/96/48892#Catalysis4657,1268
1131,2858|6219,5466,2,1,http://www.reactome.org/biopax/96/48892#BiochemicalReaction7494,1,http://www.reactome.org/biopax/96/48892#Catalysis4077,1270
1132,1026|1027|10177,4375|10039,3,2,http://www.reactome.org/biopax/96/48892#BiochemicalReaction1046,1,http://www.reactome.org/biopax/96/48892#Catalysis408,1271
1133,7094|7096|9469|9480|9491,7095|9499|9502,5,3,http://www.reactome.org/biopax/96/48892#BiochemicalReaction932,1,http://www.reactome.org/biopax/96/48892#Catalysis305,1272
1134,8725|8726|8727,8727|8728|10091,3,3,http://www.reactome.org/biopax/96/48892#BiochemicalReaction3927,-1,http://www.reactome.org/biopax/96/48892#Control450,1273
1135,3354|5818|8622,5847|8631,3,2,http://www.reactome.org/biopax/96/48892#BiochemicalReaction6351,1,http://www.reactome.org/biopax/96/48892#Catalysis3668,1274
1136,5074|7998|8628,8020|8636|10177,3,3,http://www.reactome.org/biopax/96/48892#BiochemicalReaction3809,1,http://www.reactome.org/biopax/96/48892#Catalysis2030,1275
1137,1835|7986,1836|8067,2,2,http://www.reactome.org/biopax/96/48892#BiochemicalReaction2678,1,http://www.reactome.org/biopax/96/48892#Catalysis1097,1276
1138,4962|7986|8273,8067|10167,3,2,http://www.reactome.org/biopax/96/48892#BiochemicalReaction3513,1,http://www.reactome.org/biopax/96/48892#Catalysis1751,1277
1139,4270|5606,6066,2,1,http://www.reactome.org/biopax/96/48892#BiochemicalReaction5526,1,http://www.reactome.org/biopax/96/48892#Control696,1278
1140,2602|9396|10088,7943|9221|9450,3,3,http://www.reactome.org/biopax/96/48892#BiochemicalReaction4471,1,http://www.reactome.org/biopax/96/48892#Catalysis2650,1279
1141,2134|8140|8290,7952|8287,3,2,http://www.reactome.org/biopax/96/48892#BiochemicalReaction3470,1,http://www.reactome.org/biopax/96/48892#Catalysis1708,1280
1142,3928|7986,3929|8067,2,2,http://www.reactome.org/biopax/96/48892#BiochemicalReaction7520,1,http://www.reactome.org/biopax/96/48892#Catalysis4085,1281
1143,1910|4674|7986,722|8067,3,2,http://www.reactome.org/biopax/96/48892#BiochemicalReaction2824,1,http://www.reactome.org/biopax/96/48892#Catalysis1134,1282
1144,1542|1681,1552|1554|7764|7765,2,4,http://www.reactome.org/biopax/96/48892#BiochemicalReaction225,-1,http://www.reactome.org/biopax/96/48892#Control48,1283
1145,9762|10306,10349,2,1,http://www.reactome.org/biopax/96/48892#BiochemicalReaction5370,1,http://www.reactome.org/biopax/96/48892#Control656,1284
1146,212|7694|10177,236|10159,3,2,http://www.reactome.org/biopax/96/48892#BiochemicalReaction8574,1,http://www.reactome.org/biopax/96/48892#Catalysis4527,1285
1147,5024|7943|8444|10258,8445|10298,4,2,http://www.reactome.org/biopax/96/48892#BiochemicalReaction3634,1,http://www.reactome.org/biopax/96/48892#Catalysis1864,1286
1148,9073|9168|9633,9169|9847|10177,3,3,http://www.reactome.org/biopax/96/48892#BiochemicalReaction4417,-1,http://www.reactome.org/biopax/96/48892#Control539,1287
1149,7141|9685|9691,9699|9704,3,2,http://www.reactome.org/biopax/96/48892#BiochemicalReaction982,1,http://www.reactome.org/biopax/96/48892#Catalysis346,1289
1150,1357|3404|8164,3144|10157,3,2,http://www.reactome.org/biopax/96/48892#BiochemicalReaction1621,1,http://www.reactome.org/biopax/96/48892#Catalysis778,1290
1151,4933|8211|8275,9660|9704,3,2,http://www.reactome.org/biopax/96/48892#BiochemicalReaction3452,1,http://www.reactome.org/biopax/96/48892#Catalysis1690,1291
1152,4935|8277|8786,8278|8777,3,2,http://www.reactome.org/biopax/96/48892#BiochemicalReaction3454,1,http://www.reactome.org/biopax/96/48892#Catalysis1692,1292
1153,2644|7943|8584|10258|10269,9329|10177|10298,5,3,http://www.reactome.org/biopax/96/48892#BiochemicalReaction4567,-1,http://www.reactome.org/biopax/96/48892#Control554,1293
1154,1251|7622|8386,7624,3,1,http://www.reactome.org/biopax/96/48892#BiochemicalReaction1458,1,http://www.reactome.org/biopax/96/48892#Control196,1294
1155,2929|8386,10177,2,1,http://www.reactome.org/biopax/96/48892#BiochemicalReaction5316,1,http://www.reactome.org/biopax/96/48892#Catalysis3219,1295
1156,7066|7098|7986,7103|8067,3,2,http://www.reactome.org/biopax/96/48892#BiochemicalReaction144,1,http://www.reactome.org/biopax/96/48892#Catalysis61,1296
1157,658|6745,6746|6747,2,2,http://www.reactome.org/biopax/96/48892#BiochemicalReaction10003,1,http://www.reactome.org/biopax/96/48892#Catalysis5001,1297
1158,4768|7070|8622,7069|8631,3,2,http://www.reactome.org/biopax/96/48892#BiochemicalReaction869,1,http://www.reactome.org/biopax/96/48892#Catalysis286,1298
1159,963|9396|9516,9450|9517,3,2,http://www.reactome.org/biopax/96/48892#BiochemicalReaction4679,1,http://www.reactome.org/biopax/96/48892#Catalysis2850,1299
1160,4821|8029|8050|8051,7982|8031|8052|9469|9502,4,5,http://www.reactome.org/biopax/96/48892#BiochemicalReaction3247,1,http://www.reactome.org/biopax/96/48892#Catalysis1487,1300
1161,8094|8763|8764,8095|10231,3,2,http://www.reactome.org/biopax/96/48892#BiochemicalReaction4007,1,http://www.reactome.org/biopax/96/48892#Control491,1301
1162,3111|5249|8622,6814|8631,3,2,http://www.reactome.org/biopax/96/48892#BiochemicalReaction631,1,http://www.reactome.org/biopax/96/48892#Catalysis207,1302
1163,763|3097|7986,768|8067,3,2,http://www.reactome.org/biopax/96/48892#BiochemicalReaction9975,1,http://www.reactome.org/biopax/96/48892#Catalysis4979,1303
1164,4113|7432,6820|7433,2,2,http://www.reactome.org/biopax/96/48892#BiochemicalReaction1218,1,http://www.reactome.org/biopax/96/48892#Catalysis549,1304
1165,3589|3591|7986,3925|8067,3,2,http://www.reactome.org/biopax/96/48892#BiochemicalReaction9632,1,http://www.reactome.org/biopax/96/48892#Catalysis4874,1305
1166,7943|8594|10108|10258|10269,8596|10177|10298,5,3,http://www.reactome.org/biopax/96/48892#BiochemicalReaction3775,-1,http://www.reactome.org/biopax/96/48892#Control431,1306
1167,2624|9287|9288,9165|9289,3,2,http://www.reactome.org/biopax/96/48892#BiochemicalReaction4528,1,http://www.reactome.org/biopax/96/48892#Catalysis2705,1307
1168,294|6843,301|9074,2,2,http://www.reactome.org/biopax/96/48892#BiochemicalReaction669,1,http://www.reactome.org/biopax/96/48892#Catalysis223,1308
1169,706|4658|7986,707|8067,3,2,http://www.reactome.org/biopax/96/48892#BiochemicalReaction9824,1,http://www.reactome.org/biopax/96/48892#Catalysis4928,1309
1170,2628|8204|9166|10269,9145|9293,4,2,http://www.reactome.org/biopax/96/48892#BiochemicalReaction4532,1,http://www.reactome.org/biopax/96/48892#Catalysis2709,1310
1171,5830|6529|6533,541,3,1,http://www.reactome.org/biopax/96/48892#BiochemicalReaction9364,1,http://www.reactome.org/biopax/96/48892#Control1223,1311
1172,453|10372,10349,2,1,http://www.reactome.org/biopax/96/48892#BiochemicalReaction690,1,http://www.reactome.org/biopax/96/48892#Catalysis229,1312
1173,2486|9499|9582,9491,3,1,http://www.reactome.org/biopax/96/48892#BiochemicalReaction4272,1,http://www.reactome.org/biopax/96/48892#Catalysis2454,1313
1174,2060|7998|8005,8010,3,1,http://www.reactome.org/biopax/96/48892#BiochemicalReaction3215,1,http://www.reactome.org/biopax/96/48892#Catalysis1455,1314
1175,4113|7355,6820|7356,2,2,http://www.reactome.org/biopax/96/48892#BiochemicalReaction1166,1,http://www.reactome.org/biopax/96/48892#Catalysis496,1316
1176,4851|8077|9480|9588,8079|9502|9570,4,3,http://www.reactome.org/biopax/96/48892#BiochemicalReaction3264,1,http://www.reactome.org/biopax/96/48892#Catalysis1504,1317
1177,4177|7986|8046,8035|8067,3,2,http://www.reactome.org/biopax/96/48892#BiochemicalReaction8167,1,http://www.reactome.org/biopax/96/48892#Catalysis4356,1318
1178,5458|10109|10134|10349,10113|10133|10372,4,3,http://www.reactome.org/biopax/96/48892#BiochemicalReaction5151,1,http://www.reactome.org/biopax/96/48892#Catalysis3064,1319
1179,5888|6150|10089|10162,5052|10165|10169|10170,4,4,http://www.reactome.org/biopax/96/48892#BiochemicalReaction7292,1,http://www.reactome.org/biopax/96/48892#Catalysis4005,1320
1180,2498|2996,5217|5218|9050,2,3,http://www.reactome.org/biopax/96/48892#BiochemicalReaction5450,1,http://www.reactome.org/biopax/96/48892#Control675,1321
1181,4142|7986,4143|8067,2,2,http://www.reactome.org/biopax/96/48892#BiochemicalReaction8121,1,http://www.reactome.org/biopax/96/48892#Catalysis4337,1322
1182,3645|4583|7986,3663|8067,3,2,http://www.reactome.org/biopax/96/48892#BiochemicalReaction518,1,http://www.reactome.org/biopax/96/48892#Catalysis179,1323
1183,4449|9727|10177,8238|9743,3,2,http://www.reactome.org/biopax/96/48892#BiochemicalReaction3394,1,http://www.reactome.org/biopax/96/48892#Catalysis1632,1324
1184,1706|5622|8622,3130|8631,3,2,http://www.reactome.org/biopax/96/48892#BiochemicalReaction5684,1,http://www.reactome.org/biopax/96/48892#Catalysis3413,1325
1185,5446|7986|9604|10177,8067|9605|10159,4,3,http://www.reactome.org/biopax/96/48892#BiochemicalReaction5124,1,http://www.reactome.org/biopax/96/48892#Catalysis3042,1326
1186,1621|1668,1676,2,1,http://www.reactome.org/biopax/96/48892#BiochemicalReaction220,-1,http://www.reactome.org/biopax/96/48892#Control43,1327
1187,5929|7808|8622,5817|8631,3,2,http://www.reactome.org/biopax/96/48892#BiochemicalReaction1845,1,http://www.reactome.org/biopax/96/48892#Catalysis864,1328
1188,4322|4324|10284,4323|7943|9670,3,3,http://www.reactome.org/biopax/96/48892#BiochemicalReaction7745,1,http://www.reactome.org/biopax/96/48892#Catalysis4204,1329
1189,4161|7986,4162|8067,2,2,http://www.reactome.org/biopax/96/48892#BiochemicalReaction8142,1,http://www.reactome.org/biopax/96/48892#Catalysis4347,1330
1190,4843|6244|7986,6249|8067,3,2,http://www.reactome.org/biopax/96/48892#BiochemicalReaction7617,1,http://www.reactome.org/biopax/96/48892#Catalysis4116,1331
1191,3967|6244|7986,6249|8067,3,2,http://www.reactome.org/biopax/96/48892#BiochemicalReaction7617,1,http://www.reactome.org/biopax/96/48892#Control977,1332
1192,1705|4622|8622,4623|8631,3,2,http://www.reactome.org/biopax/96/48892#BiochemicalReaction2378,1,http://www.reactome.org/biopax/96/48892#Catalysis1039,1333
1193,3425|5842|8622,5380|8631,3,2,http://www.reactome.org/biopax/96/48892#BiochemicalReaction6495,1,http://www.reactome.org/biopax/96/48892#Catalysis3750,1335
1194,4955|4969,2159,2,1,http://www.reactome.org/biopax/96/48892#BiochemicalReaction3525,1,http://www.reactome.org/biopax/96/48892#Catalysis1762,1337
1195,1432|7986,1433|8067,2,2,http://www.reactome.org/biopax/96/48892#BiochemicalReaction171,1,http://www.reactome.org/biopax/96/48892#Catalysis70,1338
1196,6333|6334,6335,2,1,http://www.reactome.org/biopax/96/48892#BiochemicalReaction7978,1,http://www.reactome.org/biopax/96/48892#Catalysis4300,1339
1197,2617|7943|9228,9253|9635,3,2,http://www.reactome.org/biopax/96/48892#BiochemicalReaction4500,1,http://www.reactome.org/biopax/96/48892#Catalysis2678,1340
1198,5275|5276|5282,2618,3,1,http://www.reactome.org/biopax/96/48892#BiochemicalReaction4509,-1,http://www.reactome.org/biopax/96/48892#Control545,1341
1199,5449|7986|9870|10177,8067|9872|10159,4,3,http://www.reactome.org/biopax/96/48892#BiochemicalReaction7674,1,http://www.reactome.org/biopax/96/48892#Catalysis4141,1342
1200,4050|5466,4051,2,1,http://www.reactome.org/biopax/96/48892#BiochemicalReaction7867,1,http://www.reactome.org/biopax/96/48892#Catalysis4243,1344
1201,2783|8903,5387|6842|8908,2,3,http://www.reactome.org/biopax/96/48892#BiochemicalReaction4933,1,http://www.reactome.org/biopax/96/48892#Catalysis2941,1345
1202,4715|7943|7986|10293,9428|10299,4,2,http://www.reactome.org/biopax/96/48892#BiochemicalReaction2994,1,http://www.reactome.org/biopax/96/48892#Catalysis1253,1346
1203,1465|1468|8918,1466|8643,3,2,http://www.reactome.org/biopax/96/48892#BiochemicalReaction1842,1,http://www.reactome.org/biopax/96/48892#Catalysis861,1348
1204,1502|7827,7828,2,1,http://www.reactome.org/biopax/96/48892#BiochemicalReaction1913,1,http://www.reactome.org/biopax/96/48892#Control271,1349
1205,3006|9787,9788,2,1,http://www.reactome.org/biopax/96/48892#BiochemicalReaction5508,1,http://www.reactome.org/biopax/96/48892#Catalysis3323,1350
1206,732|6676|7986,6686|8067,3,2,http://www.reactome.org/biopax/96/48892#BiochemicalReaction9903,-1,http://www.reactome.org/biopax/96/48892#Control1305,1351
1207,919|7024,920,2,1,http://www.reactome.org/biopax/96/48892#BiochemicalReaction843,1,http://www.reactome.org/biopax/96/48892#Control140,1352
1208,3697|3707|8654,3708|8957,3,2,http://www.reactome.org/biopax/96/48892#BiochemicalReaction6919,1,http://www.reactome.org/biopax/96/48892#Catalysis3894,1353
1209,7857|7986,7858|8067,2,2,http://www.reactome.org/biopax/96/48892#BiochemicalReaction2117,1,http://www.reactome.org/biopax/96/48892#Catalysis930,1354
1210,5482|10107|10295,10214|10297,3,2,http://www.reactome.org/biopax/96/48892#BiochemicalReaction5175,1,http://www.reactome.org/biopax/96/48892#Catalysis3087,1357
1211,2615|8094|9248|9249|10091,8095|9250|9251,5,3,http://www.reactome.org/biopax/96/48892#BiochemicalReaction4495,1,http://www.reactome.org/biopax/96/48892#Catalysis2673,1358
1212,4682|8164|10234,9635|9898|10157,3,3,http://www.reactome.org/biopax/96/48892#BiochemicalReaction2909,1,http://www.reactome.org/biopax/96/48892#Catalysis1171,1359
1213,994|6994|9633|10269,7129|9634|9635,4,3,http://www.reactome.org/biopax/96/48892#BiochemicalReaction970,1,http://www.reactome.org/biopax/96/48892#Catalysis334,1360
1214,7613|7614|7618,7615|7616,3,2,http://www.reactome.org/biopax/96/48892#BiochemicalReaction1454,-1,http://www.reactome.org/biopax/96/48892#Control191,1361
1215,3560|5941|7986,5942|8067,3,2,http://www.reactome.org/biopax/96/48892#BiochemicalReaction6595,1,http://www.reactome.org/biopax/96/48892#Catalysis3787,1362
1216,4841|5601|7986,6350|8067,3,2,http://www.reactome.org/biopax/96/48892#BiochemicalReaction8063,1,http://www.reactome.org/biopax/96/48892#Catalysis4318,1363
1217,1697|7510,4411|4606,2,2,http://www.reactome.org/biopax/96/48892#BiochemicalReaction2348,1,http://www.reactome.org/biopax/96/48892#Catalysis1027,1364
1218,3294|7986|8046,8035|8067,3,2,http://www.reactome.org/biopax/96/48892#BiochemicalReaction6084,1,http://www.reactome.org/biopax/96/48892#Catalysis3566,1365
1219,1268|1281|8164,1269|10157,3,2,http://www.reactome.org/biopax/96/48892#BiochemicalReaction140,-1,http://www.reactome.org/biopax/96/48892#Control26,1367
1220,8891|8918|9277,8643|8892|8938,3,3,http://www.reactome.org/biopax/96/48892#BiochemicalReaction4115,1,http://www.reactome.org/biopax/96/48892#Control513,1368
1221,2508|10249,9070,2,1,http://www.reactome.org/biopax/96/48892#BiochemicalReaction4307,1,http://www.reactome.org/biopax/96/48892#Catalysis2486,1369
1222,4319|5452|7986|10177,4320|8067|10159,4,3,http://www.reactome.org/biopax/96/48892#BiochemicalReaction7740,1,http://www.reactome.org/biopax/96/48892#Catalysis4199,1370
1223,6367|7592,6417|6422,2,2,http://www.reactome.org/biopax/96/48892#BiochemicalReaction8669,-1,http://www.reactome.org/biopax/96/48892#Control1143,1371
1224,5061|7943|8581|10258,8582|10298,4,2,http://www.reactome.org/biopax/96/48892#BiochemicalReaction3759,1,http://www.reactome.org/biopax/96/48892#Catalysis1983,1374
1225,4907|8211|9731,7946|9704,3,2,http://www.reactome.org/biopax/96/48892#BiochemicalReaction3378,1,http://www.reactome.org/biopax/96/48892#Catalysis1616,1375
1226,2653|8235|9439|10217,8099|8614|10091,4,3,http://www.reactome.org/biopax/96/48892#BiochemicalReaction4617,1,http://www.reactome.org/biopax/96/48892#Catalysis2790,1376
1227,5687|7986|10167,8046|8067,3,2,http://www.reactome.org/biopax/96/48892#BiochemicalReaction7181,1,http://www.reactome.org/biopax/96/48892#Catalysis3949,1377
1228,2303|8737|10217,8099|9367|10231,3,3,http://www.reactome.org/biopax/96/48892#BiochemicalReaction3942,1,http://www.reactome.org/biopax/96/48892#Catalysis2153,1378
1229,2176|4423|9973,2177|10308,3,2,http://www.reactome.org/biopax/96/48892#BiochemicalReaction3576,1,http://www.reactome.org/biopax/96/48892#Catalysis1808,1379
1230,789|2971|10166,788,3,1,http://www.reactome.org/biopax/96/48892#BiochemicalReaction10043,-1,http://www.reactome.org/biopax/96/48892#Control1341,1380
1231,2259,2260|4841,1,2,http://www.reactome.org/biopax/96/48892#BiochemicalReaction3890,1,http://www.reactome.org/biopax/96/48892#Catalysis2107,1381
1232,192|7986|8046,8035|8067,3,2,http://www.reactome.org/biopax/96/48892#BiochemicalReaction8513,1,http://www.reactome.org/biopax/96/48892#Catalysis4505,1382
1233,3086|8918,3087|5337|5618|7496,2,4,http://www.reactome.org/biopax/96/48892#BiochemicalReaction5633,1,http://www.reactome.org/biopax/96/48892#Catalysis3389,1383
1234,3219|8622,3220|8631|8643,2,3,http://www.reactome.org/biopax/96/48892#BiochemicalReaction5774,1,http://www.reactome.org/biopax/96/48892#Catalysis3455,1384
1235,7903|8950,8951|8952,2,2,http://www.reactome.org/biopax/96/48892#BiochemicalReaction4162,1,http://www.reactome.org/biopax/96/48892#Catalysis2348,1385
1236,2810,2798|2801|4586|5396|5397|5398|5399|5401|9580,1,9,http://www.reactome.org/biopax/96/48892#BiochemicalReaction4968,1,http://www.reactome.org/biopax/96/48892#Catalysis2965,1386
1237,3150|8622,3151|8631,2,2,http://www.reactome.org/biopax/96/48892#BiochemicalReaction5699,1,http://www.reactome.org/biopax/96/48892#Catalysis3422,1387
1238,4479|8029|9342|9480|9582,8031|9343|9502,5,3,http://www.reactome.org/biopax/96/48892#BiochemicalReaction4574,1,http://www.reactome.org/biopax/96/48892#Catalysis2749,1388
1239,4243|6207,5789,2,1,http://www.reactome.org/biopax/96/48892#BiochemicalReaction7442,1,http://www.reactome.org/biopax/96/48892#Control937,1389
1240,1521|7876,1145|7877,2,2,http://www.reactome.org/biopax/96/48892#BiochemicalReaction215,1,http://www.reactome.org/biopax/96/48892#Catalysis89,1390
1241,2738|3387,2903|3380|5337,2,3,http://www.reactome.org/biopax/96/48892#BiochemicalReaction6317,1,http://www.reactome.org/biopax/96/48892#Catalysis3647,1391
1242,100|6965|7986,101|8067,3,2,http://www.reactome.org/biopax/96/48892#BiochemicalReaction8375,1,http://www.reactome.org/biopax/96/48892#Catalysis4443,1392
1243,4984|10160|10172,7915|8344,3,2,http://www.reactome.org/biopax/96/48892#BiochemicalReaction3548,1,http://www.reactome.org/biopax/96/48892#Catalysis1783,1393
1244,1009|7146|9739,7147|7148,3,2,http://www.reactome.org/biopax/96/48892#BiochemicalReaction989,1,http://www.reactome.org/biopax/96/48892#Catalysis353,1394
1245,2055|8641|10269,8644,3,1,http://www.reactome.org/biopax/96/48892#BiochemicalReaction3814,1,http://www.reactome.org/biopax/96/48892#Catalysis2035,1395
1246,529|10177,530|10159,2,2,http://www.reactome.org/biopax/96/48892#BiochemicalReaction9342,1,http://www.reactome.org/biopax/96/48892#Catalysis4748,1396
1247,2398|8907|10177,8909|10159,3,2,http://www.reactome.org/biopax/96/48892#BiochemicalReaction4126,1,http://www.reactome.org/biopax/96/48892#Catalysis2312,1397
1248,1963|10241,10239|10240,2,2,http://www.reactome.org/biopax/96/48892#BiochemicalReaction2936,1,http://www.reactome.org/biopax/96/48892#Catalysis1196,1398
1249,1877|7986,1878|8067,2,2,http://www.reactome.org/biopax/96/48892#BiochemicalReaction2767,1,http://www.reactome.org/biopax/96/48892#Catalysis1115,1399
1250,4431|7943|8006|10258|10269,8007|10177|10298,5,3,http://www.reactome.org/biopax/96/48892#BiochemicalReaction3212,1,http://www.reactome.org/biopax/96/48892#Catalysis1452,1400
1251,905|907|10177,906|9327,3,2,http://www.reactome.org/biopax/96/48892#BiochemicalReaction835,1,http://www.reactome.org/biopax/96/48892#Catalysis271,1401
1252,315|6426|8088,314,3,1,http://www.reactome.org/biopax/96/48892#BiochemicalReaction8767,1,http://www.reactome.org/biopax/96/48892#Control1155,1402
1253,2482|2484|8955,2483|8718,3,2,http://www.reactome.org/biopax/96/48892#BiochemicalReaction4267,1,http://www.reactome.org/biopax/96/48892#Catalysis2450,1403
1254,1074|4113,1078|6820,2,2,http://www.reactome.org/biopax/96/48892#BiochemicalReaction1210,1,http://www.reactome.org/biopax/96/48892#Catalysis540,1405
1255,4144|5466,4142|4145,2,2,http://www.reactome.org/biopax/96/48892#BiochemicalReaction8127,1,http://www.reactome.org/biopax/96/48892#Catalysis4339,1406
1256,2168|8364|10071,8365|10055|10070,3,3,http://www.reactome.org/biopax/96/48892#BiochemicalReaction3560,1,http://www.reactome.org/biopax/96/48892#Catalysis1794,1407
1257,5644|5803|8622,5802|8631,3,2,http://www.reactome.org/biopax/96/48892#BiochemicalReaction6249,1,http://www.reactome.org/biopax/96/48892#Catalysis3616,1408
1258,4436|7940|7943|10258|10269,8038|10177|10298,5,3,http://www.reactome.org/biopax/96/48892#BiochemicalReaction3238,1,http://www.reactome.org/biopax/96/48892#Catalysis1478,1410
1259,4842|8682|10269,8683,3,1,http://www.reactome.org/biopax/96/48892#BiochemicalReaction3847,1,http://www.reactome.org/biopax/96/48892#Catalysis2068,1411
1260,1107|8918,1108|4390,2,2,http://www.reactome.org/biopax/96/48892#BiochemicalReaction1270,1,http://www.reactome.org/biopax/96/48892#Catalysis593,1412
1261,1316|1318|7986,1317|8067,3,2,http://www.reactome.org/biopax/96/48892#BiochemicalReaction1575,1,http://www.reactome.org/biopax/96/48892#Catalysis756,1413
1262,3348|8622,3397|8631,2,2,http://www.reactome.org/biopax/96/48892#BiochemicalReaction6332,1,http://www.reactome.org/biopax/96/48892#Catalysis3657,1415
1263,1378|7718|10074,7728|10075,3,2,http://www.reactome.org/biopax/96/48892#BiochemicalReaction1650,1,http://www.reactome.org/biopax/96/48892#Catalysis794,1416
1264,348|6434|7986,6438|8067,3,2,http://www.reactome.org/biopax/96/48892#BiochemicalReaction8917,1,http://www.reactome.org/biopax/96/48892#Catalysis4590,1418
1265,4453|8258|10177,9743|10213,3,2,http://www.reactome.org/biopax/96/48892#BiochemicalReaction3430,1,http://www.reactome.org/biopax/96/48892#Catalysis1668,1419
1266,5009|8349|10177,8348|10159,3,2,http://www.reactome.org/biopax/96/48892#BiochemicalReaction3602,1,http://www.reactome.org/biopax/96/48892#Catalysis1834,1420
1267,1145|1561,1591|7875,2,2,http://www.reactome.org/biopax/96/48892#BiochemicalReaction213,1,http://www.reactome.org/biopax/96/48892#Catalysis88,1421
1268,4064|10258|10269,7943|8715|10298,3,3,http://www.reactome.org/biopax/96/48892#BiochemicalReaction7898,1,http://www.reactome.org/biopax/96/48892#Catalysis4255,1422
1269,3018|8622,5607|5608|8631,2,3,http://www.reactome.org/biopax/96/48892#BiochemicalReaction5538,1,http://www.reactome.org/biopax/96/48892#Catalysis3330,1423
1270,7192|9706|10025,10026|10027,3,2,http://www.reactome.org/biopax/96/48892#BiochemicalReaction1038,1,http://www.reactome.org/biopax/96/48892#Control174,1424
1271,6196|7068,5669,2,1,http://www.reactome.org/biopax/96/48892#BiochemicalReaction7409,1,http://www.reactome.org/biopax/96/48892#Catalysis4054,1425
1272,2675|9519,8955|9518,2,2,http://www.reactome.org/biopax/96/48892#BiochemicalReaction4682,1,http://www.reactome.org/biopax/96/48892#Catalysis2853,1426
1273,693|7986|8046,8035|8067,3,2,http://www.reactome.org/biopax/96/48892#BiochemicalReaction721,1,http://www.reactome.org/biopax/96/48892#Catalysis234,1427
1274,4225|5392,6856,2,1,http://www.reactome.org/biopax/96/48892#BiochemicalReaction4942,1,http://www.reactome.org/biopax/96/48892#Control614,1428
1275,5382|9439|9576,8281|8738,3,2,http://www.reactome.org/biopax/96/48892#BiochemicalReaction4907,1,http://www.reactome.org/biopax/96/48892#Catalysis2938,1429
1276,5495|9644|10109,9494|10113,3,2,http://www.reactome.org/biopax/96/48892#BiochemicalReaction5202,1,http://www.reactome.org/biopax/96/48892#Catalysis3114,1430
1277,4861|8084|8089,8086|8087,3,2,http://www.reactome.org/biopax/96/48892#BiochemicalReaction3275,1,http://www.reactome.org/biopax/96/48892#Catalysis1515,1431
1278,5563|10214,10107,2,1,http://www.reactome.org/biopax/96/48892#BiochemicalReaction5377,1,http://www.reactome.org/biopax/96/48892#Catalysis3262,1432
1279,865|4113|7419,6820|7420,3,2,http://www.reactome.org/biopax/96/48892#BiochemicalReaction1204,1,http://www.reactome.org/biopax/96/48892#Catalysis534,1433
1280,7838|7839,1520,2,1,http://www.reactome.org/biopax/96/48892#BiochemicalReaction2036,1,http://www.reactome.org/biopax/96/48892#Control282,1434
1281,4262|7220,6802,2,1,http://www.reactome.org/biopax/96/48892#BiochemicalReaction10090,1,http://www.reactome.org/biopax/96/48892#Control1350,1435
1282,2978|3228,3229,2,1,http://www.reactome.org/biopax/96/48892#BiochemicalReaction5790,1,http://www.reactome.org/biopax/96/48892#Catalysis3462,1436
1283,2267|7986,2268|7943|8067,2,3,http://www.reactome.org/biopax/96/48892#BiochemicalReaction3900,1,http://www.reactome.org/biopax/96/48892#Catalysis2115,1437
1284,2083|8114|10217,8099|8115|10091,3,3,http://www.reactome.org/biopax/96/48892#BiochemicalReaction3295,1,http://www.reactome.org/biopax/96/48892#Catalysis1535,1438
1285,3919|4254,6212,2,1,http://www.reactome.org/biopax/96/48892#BiochemicalReaction7465,1,http://www.reactome.org/biopax/96/48892#Control947,1439
1286,5036|8494|8498,8065|8500,3,2,http://www.reactome.org/biopax/96/48892#BiochemicalReaction3683,1,http://www.reactome.org/biopax/96/48892#Catalysis1911,1440
1287,2616|8094|9248|9251|10091,8095|9022|9250,5,3,http://www.reactome.org/biopax/96/48892#BiochemicalReaction4496,1,http://www.reactome.org/biopax/96/48892#Catalysis2674,1441
1288,186,5466|6406|7753,1,3,http://www.reactome.org/biopax/96/48892#BiochemicalReaction8499,1,http://www.reactome.org/biopax/96/48892#Catalysis4500,1442
1289,513|516|7986,517|8067,3,2,http://www.reactome.org/biopax/96/48892#BiochemicalReaction9317,-1,http://www.reactome.org/biopax/96/48892#Control1213,1443
1290,4079|4085,4086|10159,2,2,http://www.reactome.org/biopax/96/48892#BiochemicalReaction7929,1,http://www.reactome.org/biopax/96/48892#Control1030,1444
1291,1294|7986,3011|8067,2,2,http://www.reactome.org/biopax/96/48892#BiochemicalReaction10095,1,http://www.reactome.org/biopax/96/48892#Catalysis5040,1445
1292,6257|9859,9860,2,1,http://www.reactome.org/biopax/96/48892#BiochemicalReaction7667,1,http://www.reactome.org/biopax/96/48892#Catalysis4134,1446
1293,3331|7681|7986,5790|8067,3,2,http://www.reactome.org/biopax/96/48892#BiochemicalReaction6192,1,http://www.reactome.org/biopax/96/48892#Catalysis3595,1447
1294,3097|4199|7986,4202|8067,3,2,http://www.reactome.org/biopax/96/48892#BiochemicalReaction8211,1,http://www.reactome.org/biopax/96/48892#Catalysis4375,1448
1295,2196|8405|10177,8254|8406,3,2,http://www.reactome.org/biopax/96/48892#BiochemicalReaction3601,1,http://www.reactome.org/biopax/96/48892#Catalysis1833,1449
1296,5187|8983,8978|8984,2,2,http://www.reactome.org/biopax/96/48892#BiochemicalReaction4209,1,http://www.reactome.org/biopax/96/48892#Catalysis2394,1451
1297,1935|9866,1937|7943|9670,2,3,http://www.reactome.org/biopax/96/48892#BiochemicalReaction2893,1,http://www.reactome.org/biopax/96/48892#Catalysis1156,1452
1298,2290|8729|9439,2289|8738,3,2,http://www.reactome.org/biopax/96/48892#BiochemicalReaction3930,1,http://www.reactome.org/biopax/96/48892#Control455,1453
1299,1455|6635,6637|6638,2,2,http://www.reactome.org/biopax/96/48892#BiochemicalReaction9655,1,http://www.reactome.org/biopax/96/48892#Catalysis4878,1455
1300,6245|6246|7986,6599|8067,3,2,http://www.reactome.org/biopax/96/48892#BiochemicalReaction9500,1,http://www.reactome.org/biopax/96/48892#Catalysis4818,1456
1301,2301|8736,8737,2,1,http://www.reactome.org/biopax/96/48892#BiochemicalReaction3941,1,http://www.reactome.org/biopax/96/48892#Catalysis2152,1457
1302,1164|7518|10177,1166|5466,3,2,http://www.reactome.org/biopax/96/48892#BiochemicalReaction1303,1,http://www.reactome.org/biopax/96/48892#Catalysis621,1458
1303,765|817|5996,765|3701,3,2,http://www.reactome.org/biopax/96/48892#BiochemicalReaction6922,1,http://www.reactome.org/biopax/96/48892#Catalysis3896,1459
1304,50|51|8164,52|10157,3,2,http://www.reactome.org/biopax/96/48892#BiochemicalReaction8294,1,http://www.reactome.org/biopax/96/48892#Catalysis4411,1461
1305,621|622,2045|5970,2,2,http://www.reactome.org/biopax/96/48892#BiochemicalReaction9579,-1,http://www.reactome.org/biopax/96/48892#Control1236,1462
1306,2016|9973|10328,10305|10329,3,2,http://www.reactome.org/biopax/96/48892#BiochemicalReaction3061,1,http://www.reactome.org/biopax/96/48892#Catalysis1310,1463
1307,2080|7952|8120,10211|10230,3,2,http://www.reactome.org/biopax/96/48892#BiochemicalReaction3300,1,http://www.reactome.org/biopax/96/48892#Catalysis1540,1464
1308,5157|8720|8814,8600|8815,3,2,http://www.reactome.org/biopax/96/48892#BiochemicalReaction4063,1,http://www.reactome.org/biopax/96/48892#Catalysis2249,1465
1309,1195|4393,7533,2,1,http://www.reactome.org/biopax/96/48892#BiochemicalReaction1333,1,http://www.reactome.org/biopax/96/48892#Control179,1466
1310,7285|7290|10072,7289|9582|10204,3,3,http://www.reactome.org/biopax/96/48892#BiochemicalReaction1125,1,http://www.reactome.org/biopax/96/48892#Catalysis456,1467
1311,713|10109,10113,2,1,http://www.reactome.org/biopax/96/48892#BiochemicalReaction9836,1,http://www.reactome.org/biopax/96/48892#Catalysis4932,1468
1312,7224|8127|10177,7943|8138|8147,3,3,http://www.reactome.org/biopax/96/48892#BiochemicalReaction185,1,http://www.reactome.org/biopax/96/48892#Catalysis74,1469
1313,2552|8094|9139|10091,8095|9140|9367,4,3,http://www.reactome.org/biopax/96/48892#BiochemicalReaction4385,1,http://www.reactome.org/biopax/96/48892#Catalysis2564,1470
1314,7230|10050,10048|10049,2,2,http://www.reactome.org/biopax/96/48892#BiochemicalReaction1086,1,http://www.reactome.org/biopax/96/48892#Catalysis422,1471
1315,2850|3526|8622,3527|8631,3,2,http://www.reactome.org/biopax/96/48892#BiochemicalReaction6523,1,http://www.reactome.org/biopax/96/48892#Catalysis3764,1472
1316,5524|9836|10109,10113|10128,3,2,http://www.reactome.org/biopax/96/48892#BiochemicalReaction5270,1,http://www.reactome.org/biopax/96/48892#Catalysis3180,1474
1317,5247|9163,9166,2,1,http://www.reactome.org/biopax/96/48892#BiochemicalReaction4413,1,http://www.reactome.org/biopax/96/48892#Catalysis2592,1475
1318,4264|6845,6844,2,1,http://www.reactome.org/biopax/96/48892#BiochemicalReaction670,1,http://www.reactome.org/biopax/96/48892#Control91,1476
1319,466|5337,467,2,1,http://www.reactome.org/biopax/96/48892#BiochemicalReaction9190,1,http://www.reactome.org/biopax/96/48892#Catalysis4695,1477
1320,2021|9973|10353,10352|10354,3,2,http://www.reactome.org/biopax/96/48892#BiochemicalReaction3077,1,http://www.reactome.org/biopax/96/48892#Catalysis1326,1478
1321,4253|5673,7068,2,1,http://www.reactome.org/biopax/96/48892#BiochemicalReaction7464,1,http://www.reactome.org/biopax/96/48892#Control945,1479
1322,5038|7943|8449|10258|10269,8505|10177|10298,5,3,http://www.reactome.org/biopax/96/48892#BiochemicalReaction3686,1,http://www.reactome.org/biopax/96/48892#Catalysis1914,1481
1323,4547|4559,4558,2,1,http://www.reactome.org/biopax/96/48892#BiochemicalReaction5985,1,http://www.reactome.org/biopax/96/48892#Catalysis3536,1482
1324,1302|8046,7915|8057,2,2,http://www.reactome.org/biopax/96/48892#BiochemicalReaction147,1,http://www.reactome.org/biopax/96/48892#Control28,1483
1325,5209|9039|9040,9041|9491,3,2,http://www.reactome.org/biopax/96/48892#BiochemicalReaction4270,1,http://www.reactome.org/biopax/96/48892#Catalysis2453,1484
1326,5058|7943|8580|10258,8581|10298,4,2,http://www.reactome.org/biopax/96/48892#BiochemicalReaction3757,1,http://www.reactome.org/biopax/96/48892#Control426,1485
1327,3055|3097,3079,2,1,http://www.reactome.org/biopax/96/48892#BiochemicalReaction439,-1,http://www.reactome.org/biopax/96/48892#Control74,1486
1328,2734|3425,2734,2,1,http://www.reactome.org/biopax/96/48892#BiochemicalReaction6497,1,http://www.reactome.org/biopax/96/48892#Catalysis3752,1487
1329,5466|6564|7516,6565,3,1,http://www.reactome.org/biopax/96/48892#BiochemicalReaction9408,1,http://www.reactome.org/biopax/96/48892#Catalysis4786,1488
1330,844|7911,5344,2,1,http://www.reactome.org/biopax/96/48892#BiochemicalReaction4748,1,http://www.reactome.org/biopax/96/48892#Control577,1489
1331,658|6798,6799|7830,2,2,http://www.reactome.org/biopax/96/48892#BiochemicalReaction10073,1,http://www.reactome.org/biopax/96/48892#Catalysis5035,1490
1332,1722|7986,1723|8067,2,2,http://www.reactome.org/biopax/96/48892#BiochemicalReaction2404,1,http://www.reactome.org/biopax/96/48892#Catalysis1047,1491
1333,7711|7713|7986,7714|8067,3,2,http://www.reactome.org/biopax/96/48892#BiochemicalReaction1617,1,http://www.reactome.org/biopax/96/48892#Catalysis776,1492
1334,1930|9874,10222,2,1,http://www.reactome.org/biopax/96/48892#BiochemicalReaction2905,1,http://www.reactome.org/biopax/96/48892#Catalysis1167,1493
1335,779|9267,780|9268,2,2,http://www.reactome.org/biopax/96/48892#BiochemicalReaction732,1,http://www.reactome.org/biopax/96/48892#Catalysis238,1494
1336,1069|7337|7376,6820|7378,3,2,http://www.reactome.org/biopax/96/48892#BiochemicalReaction1178,1,http://www.reactome.org/biopax/96/48892#Catalysis508,1495
1337,3542|5931|8622|8918,3543|8631|8643|8938,4,4,http://www.reactome.org/biopax/96/48892#BiochemicalReaction6542,1,http://www.reactome.org/biopax/96/48892#Catalysis3773,1496
1338,4474|5223|9549,2508,3,1,http://www.reactome.org/biopax/96/48892#BiochemicalReaction5341,1,http://www.reactome.org/biopax/96/48892#Control641,1497
1339,3762|7986,3769|8067,2,2,http://www.reactome.org/biopax/96/48892#BiochemicalReaction551,1,http://www.reactome.org/biopax/96/48892#Catalysis191,1498
1340,1|7986,3|8067,2,2,http://www.reactome.org/biopax/96/48892#BiochemicalReaction8222,1,http://www.reactome.org/biopax/96/48892#Catalysis4380,1499
1341,513|7986,517|8067,2,2,http://www.reactome.org/biopax/96/48892#BiochemicalReaction9317,1,http://www.reactome.org/biopax/96/48892#Catalysis4737,1500
1342,5317|9323|9458,9889|10204,3,2,http://www.reactome.org/biopax/96/48892#BiochemicalReaction7689,1,http://www.reactome.org/biopax/96/48892#Catalysis4155,1502
1343,2782|8386|9594,8555|9616|9645,3,3,http://www.reactome.org/biopax/96/48892#BiochemicalReaction24,1,http://www.reactome.org/biopax/96/48892#Catalysis8,1503
1344,2318|8751,2687,2,1,http://www.reactome.org/biopax/96/48892#BiochemicalReaction4710,1,http://www.reactome.org/biopax/96/48892#Catalysis2881,1504
1345,7590|7608|9480,7606|10099,3,2,http://www.reactome.org/biopax/96/48892#BiochemicalReaction1441,1,http://www.reactome.org/biopax/96/48892#Catalysis689,1505
1346,742|6692|9851,2739|9428,3,2,http://www.reactome.org/biopax/96/48892#BiochemicalReaction9916,1,http://www.reactome.org/biopax/96/48892#Catalysis4963,1506
1347,7718|7721|10074,7719|10075,3,2,http://www.reactome.org/biopax/96/48892#BiochemicalReaction1637,-1,http://www.reactome.org/biopax/96/48892#Control232,1507
1348,55|1537|8164,3144|10157,3,2,http://www.reactome.org/biopax/96/48892#BiochemicalReaction8306,1,http://www.reactome.org/biopax/96/48892#Catalysis4416,1508
1349,4993|8374|10009,8375|10060|10070,3,3,http://www.reactome.org/biopax/96/48892#BiochemicalReaction3565,1,http://www.reactome.org/biopax/96/48892#Catalysis1799,1509
1350,142|146|7986,4109|8067,3,2,http://www.reactome.org/biopax/96/48892#BiochemicalReaction8434,-1,http://www.reactome.org/biopax/96/48892#Control1121,1512
1351,4717|9866|10302,8361|9286,3,2,http://www.reactome.org/biopax/96/48892#BiochemicalReaction5302,1,http://www.reactome.org/biopax/96/48892#Catalysis3208,1513
1352,1051|4035|4036|4038|4040,4041|4042|4043|4044,5,4,http://www.reactome.org/biopax/96/48892#BiochemicalReaction7847,1,http://www.reactome.org/biopax/96/48892#Control1017,1514
1353,7126|7128|9630,7127|9632,3,2,http://www.reactome.org/biopax/96/48892#BiochemicalReaction969,1,http://www.reactome.org/biopax/96/48892#Catalysis333,1515
1354,4113|7359,6820|7360,2,2,http://www.reactome.org/biopax/96/48892#BiochemicalReaction1168,1,http://www.reactome.org/biopax/96/48892#Catalysis498,1516
1355,3742|4250,4682,2,1,http://www.reactome.org/biopax/96/48892#BiochemicalReaction7455,1,http://www.reactome.org/biopax/96/48892#Control940,1517
1356,6340|6436|10196,6420|10204,3,2,http://www.reactome.org/biopax/96/48892#BiochemicalReaction67,1,http://www.reactome.org/biopax/96/48892#Catalysis30,1518
1357,2491|4473|7943|10258,2488|10298,4,2,http://www.reactome.org/biopax/96/48892#BiochemicalReaction4280,1,http://www.reactome.org/biopax/96/48892#Catalysis2462,1519
1358,996|6895|10089|10162,7133|10169|10170,4,3,http://www.reactome.org/biopax/96/48892#BiochemicalReaction973,1,http://www.reactome.org/biopax/96/48892#Catalysis337,1520
1359,3753|7986,3748|3749|3754|6077|6078|8067,2,6,http://www.reactome.org/biopax/96/48892#BiochemicalReaction7063,1,http://www.reactome.org/biopax/96/48892#Catalysis3922,1521
1360,1984|10128,10046,2,1,http://www.reactome.org/biopax/96/48892#BiochemicalReaction2952,1,http://www.reactome.org/biopax/96/48892#Catalysis1212,1522
1361,3179|6573|8164,3173|10157,3,2,http://www.reactome.org/biopax/96/48892#BiochemicalReaction9417,1,http://www.reactome.org/biopax/96/48892#Catalysis4792,1523
1362,3493|5898|5910|9704,3494|5896|5897|5906|5907|5909|9849,4,7,http://www.reactome.org/biopax/96/48892#BiochemicalReaction6465,1,http://www.reactome.org/biopax/96/48892#Catalysis3737,1524
1363,4267|6861,5383,2,1,http://www.reactome.org/biopax/96/48892#BiochemicalReaction8011,1,http://www.reactome.org/biopax/96/48892#Control1054,1526
1364,3168|10136,10144,2,1,http://www.reactome.org/biopax/96/48892#BiochemicalReaction44,1,http://www.reactome.org/biopax/96/48892#Catalysis26,1527
1365,2748|5365|9706,5366|9582|10026,3,3,http://www.reactome.org/biopax/96/48892#BiochemicalReaction4823,1,http://www.reactome.org/biopax/96/48892#Catalysis2922,1528
1366,504|4344|6517,505,3,1,http://www.reactome.org/biopax/96/48892#BiochemicalReaction9308,1,http://www.reactome.org/biopax/96/48892#Control1210,1529
1367,3873|6129|10177,3874|10159,3,2,http://www.reactome.org/biopax/96/48892#BiochemicalReaction7228,1,http://www.reactome.org/biopax/96/48892#Control896,1531
1368,5437|6597,5438|5439|5440,2,3,http://www.reactome.org/biopax/96/48892#BiochemicalReaction5086,1,http://www.reactome.org/biopax/96/48892#Catalysis3035,1532
1369,944|4363|8164,945,3,1,http://www.reactome.org/biopax/96/48892#BiochemicalReaction875,1,http://www.reactome.org/biopax/96/48892#Control167,1534
1370,927|7032,908,2,1,http://www.reactome.org/biopax/96/48892#BiochemicalReaction847,1,http://www.reactome.org/biopax/96/48892#Control156,1535
1371,3367|4567|8622,3379|5834|8631,3,3,http://www.reactome.org/biopax/96/48892#BiochemicalReaction6302,1,http://www.reactome.org/biopax/96/48892#Catalysis3641,1536
1372,2252|9836,10128,2,1,http://www.reactome.org/biopax/96/48892#BiochemicalReaction5259,1,http://www.reactome.org/biopax/96/48892#Catalysis3171,1537
1373,710|814,815,2,1,http://www.reactome.org/biopax/96/48892#BiochemicalReaction10137,1,http://www.reactome.org/biopax/96/48892#Catalysis5049,1538
1374,6161|7134|10089|10162,6160|10165|10169|10170,4,4,http://www.reactome.org/biopax/96/48892#BiochemicalReaction7289,1,http://www.reactome.org/biopax/96/48892#Catalysis4002,1539
1375,2150|8316|10177,8314|10159,3,2,http://www.reactome.org/biopax/96/48892#BiochemicalReaction3511,1,http://www.reactome.org/biopax/96/48892#Catalysis1749,1540
1376,4990|8361|8362,8363|10055|10070,3,3,http://www.reactome.org/biopax/96/48892#BiochemicalReaction3558,1,http://www.reactome.org/biopax/96/48892#Catalysis1792,1541
1377,4113|5950,6191|6820,2,2,http://www.reactome.org/biopax/96/48892#BiochemicalReaction7358,1,http://www.reactome.org/biopax/96/48892#Catalysis4042,1542
1378,3601|8918,3602|5337|7341|7492,2,4,http://www.reactome.org/biopax/96/48892#BiochemicalReaction6722,1,http://www.reactome.org/biopax/96/48892#Catalysis3821,1543
1379,738|6876|7986,6877|8067,3,2,http://www.reactome.org/biopax/96/48892#BiochemicalReaction727,1,http://www.reactome.org/biopax/96/48892#Catalysis235,1544
1380,3461|5872|7986,3462|8067,3,2,http://www.reactome.org/biopax/96/48892#BiochemicalReaction6425,1,http://www.reactome.org/biopax/96/48892#Catalysis3711,1545
1381,775|6712,6713|6714,2,2,http://www.reactome.org/biopax/96/48892#BiochemicalReaction9986,1,http://www.reactome.org/biopax/96/48892#Catalysis4984,1546
1382,6355|6358|8386,6361|6366,3,2,http://www.reactome.org/biopax/96/48892#BiochemicalReaction619,1,http://www.reactome.org/biopax/96/48892#Catalysis204,1548
1383,2477|9029|10088,8265|9018,3,2,http://www.reactome.org/biopax/96/48892#BiochemicalReaction4257,1,http://www.reactome.org/biopax/96/48892#Catalysis2440,1549
1384,3882|6134|8903,6135|8908,3,2,http://www.reactome.org/biopax/96/48892#BiochemicalReaction7269,1,http://www.reactome.org/biopax/96/48892#Catalysis3985,1550
1385,4109|4139|7986,4155|4160|8067,3,3,http://www.reactome.org/biopax/96/48892#BiochemicalReaction642,1,http://www.reactome.org/biopax/96/48892#Control84,1551
1386,4297|4808|9245,4298|9256,3,2,http://www.reactome.org/biopax/96/48892#BiochemicalReaction7329,1,http://www.reactome.org/biopax/96/48892#Catalysis4035,1553
1387,6428|8386|9976,9979|10051,3,2,http://www.reactome.org/biopax/96/48892#BiochemicalReaction8831,1,http://www.reactome.org/biopax/96/48892#Catalysis4568,1554
1388,4787|10009|10362,10060|10363,3,2,http://www.reactome.org/biopax/96/48892#BiochemicalReaction3086,1,http://www.reactome.org/biopax/96/48892#Catalysis1335,1555
1389,6807|7993|10030,7994|10031,3,2,http://www.reactome.org/biopax/96/48892#BiochemicalReaction10135,1,http://www.reactome.org/biopax/96/48892#Catalysis5048,1556
1390,2417|8386|8928,8555|8929|10051,3,3,http://www.reactome.org/biopax/96/48892#BiochemicalReaction4143,1,http://www.reactome.org/biopax/96/48892#Catalysis2329,1557
1391,4866|8094|8132,8095|8133,3,2,http://www.reactome.org/biopax/96/48892#BiochemicalReaction3309,1,http://www.reactome.org/biopax/96/48892#Catalysis1549,1559
1392,4228|4740,5442,2,1,http://www.reactome.org/biopax/96/48892#BiochemicalReaction5113,1,http://www.reactome.org/biopax/96/48892#Control634,1560
1393,5332|9396|9514,9450|9515,3,2,http://www.reactome.org/biopax/96/48892#BiochemicalReaction4678,1,http://www.reactome.org/biopax/96/48892#Catalysis2849,1561
1394,4995|8376|10071,8377|10055|10070,3,3,http://www.reactome.org/biopax/96/48892#BiochemicalReaction3567,1,http://www.reactome.org/biopax/96/48892#Catalysis1801,1562
1395,4838|8650|10298,8653|10258,3,2,http://www.reactome.org/biopax/96/48892#BiochemicalReaction3823,1,http://www.reactome.org/biopax/96/48892#Catalysis2044,1563
1396,1845|7986,1846|8067,2,2,http://www.reactome.org/biopax/96/48892#BiochemicalReaction2694,1,http://www.reactome.org/biopax/96/48892#Catalysis1102,1564
1397,1011|9760|9766,9428|9769,3,2,http://www.reactome.org/biopax/96/48892#BiochemicalReaction993,1,http://www.reactome.org/biopax/96/48892#Catalysis357,1565
1398,2625|9282|9288,9164|9280|9283,3,3,http://www.reactome.org/biopax/96/48892#BiochemicalReaction4527,1,http://www.reactome.org/biopax/96/48892#Catalysis2704,1566
1399,4393|7733|7735,7734,3,1,http://www.reactome.org/biopax/96/48892#BiochemicalReaction1659,1,http://www.reactome.org/biopax/96/48892#Catalysis800,1568
1400,5465|9628,8993,2,1,http://www.reactome.org/biopax/96/48892#BiochemicalReaction5157,1,http://www.reactome.org/biopax/96/48892#Catalysis3070,1569
1401,2630|9299,7943|9300|10177,2,3,http://www.reactome.org/biopax/96/48892#BiochemicalReaction4537,1,http://www.reactome.org/biopax/96/48892#Catalysis2714,1570
1402,2307|5100|7952,5101|8137,3,2,http://www.reactome.org/biopax/96/48892#BiochemicalReaction3946,1,http://www.reactome.org/biopax/96/48892#Catalysis2157,1571
1403,7162|9839|9841,9837|9847,3,2,http://www.reactome.org/biopax/96/48892#BiochemicalReaction1002,1,http://www.reactome.org/biopax/96/48892#Catalysis366,1572
1404,4481|5741,4553,2,1,http://www.reactome.org/biopax/96/48892#BiochemicalReaction5970,1,http://www.reactome.org/biopax/96/48892#Catalysis3521,1573
1405,2975|10107|10295,10214|10297,3,2,http://www.reactome.org/biopax/96/48892#BiochemicalReaction5397,1,http://www.reactome.org/biopax/96/48892#Catalysis3278,1574
1406,77|7986,105|8067,2,2,http://www.reactome.org/biopax/96/48892#BiochemicalReaction657,1,http://www.reactome.org/biopax/96/48892#Catalysis220,1576
1407,1066|7301|10080,7302|10055|10070,3,3,http://www.reactome.org/biopax/96/48892#BiochemicalReaction1136,1,http://www.reactome.org/biopax/96/48892#Catalysis466,1577
1408,482|7986,483|8067,2,2,http://www.reactome.org/biopax/96/48892#BiochemicalReaction9252,1,http://www.reactome.org/biopax/96/48892#Catalysis4714,1578
1409,6264|9918,8419,2,1,http://www.reactome.org/biopax/96/48892#BiochemicalReaction7711,1,http://www.reactome.org/biopax/96/48892#Catalysis4176,1579
1410,5035|7986|8482|9704,8483|9236|9428,4,3,http://www.reactome.org/biopax/96/48892#BiochemicalReaction3671,1,http://www.reactome.org/biopax/96/48892#Catalysis1899,1580
1411,4131|4135|10177,4136|7692|10159,3,3,http://www.reactome.org/biopax/96/48892#BiochemicalReaction8114,1,http://www.reactome.org/biopax/96/48892#Catalysis4333,1581
1412,5163|8874|10177,7943|8873|10159,3,3,http://www.reactome.org/biopax/96/48892#BiochemicalReaction4104,1,http://www.reactome.org/biopax/96/48892#Catalysis2290,1582
1413,809|4231,7449,2,1,http://www.reactome.org/biopax/96/48892#BiochemicalReaction10124,1,http://www.reactome.org/biopax/96/48892#Control1366,1583
1414,658|6575,6744,2,1,http://www.reactome.org/biopax/96/48892#BiochemicalReaction10002,1,http://www.reactome.org/biopax/96/48892#Catalysis5000,1585
1415,2061|8663|10177,8665,3,1,http://www.reactome.org/biopax/96/48892#BiochemicalReaction3832,1,http://www.reactome.org/biopax/96/48892#Catalysis2053,1586
1416,5173|7943|7986|8958,8959|9428,4,2,http://www.reactome.org/biopax/96/48892#BiochemicalReaction4168,1,http://www.reactome.org/biopax/96/48892#Catalysis2354,1587
1417,3902|4253,7068,2,1,http://www.reactome.org/biopax/96/48892#BiochemicalReaction7464,1,http://www.reactome.org/biopax/96/48892#Control944,1588
1418,7986|8953|9704,7943|8067|8954,3,3,http://www.reactome.org/biopax/96/48892#BiochemicalReaction4164,-1,http://www.reactome.org/biopax/96/48892#Control521,1589
1419,658|6773,6774|6775,2,2,http://www.reactome.org/biopax/96/48892#BiochemicalReaction10017,1,http://www.reactome.org/biopax/96/48892#Catalysis5014,1590
1420,2663|8545|10300,9492|10301,3,2,http://www.reactome.org/biopax/96/48892#BiochemicalReaction4662,1,http://www.reactome.org/biopax/96/48892#Catalysis2833,1591
1421,2391|7986|8855,7943|8067|8857,3,3,http://www.reactome.org/biopax/96/48892#BiochemicalReaction4084,1,http://www.reactome.org/biopax/96/48892#Catalysis2270,1592
1422,6237|6239,6236,2,1,http://www.reactome.org/biopax/96/48892#BiochemicalReaction7567,1,http://www.reactome.org/biopax/96/48892#Catalysis4103,1593
1423,1963|10239|10240,10241,3,1,http://www.reactome.org/biopax/96/48892#BiochemicalReaction2916,1,http://www.reactome.org/biopax/96/48892#Catalysis1178,1594
1424,349,350|10159,1,2,http://www.reactome.org/biopax/96/48892#BiochemicalReaction8920,1,http://www.reactome.org/biopax/96/48892#Catalysis4593,1595
1425,2317|2690|5114,2316|5338,3,2,http://www.reactome.org/biopax/96/48892#BiochemicalReaction4714,1,http://www.reactome.org/biopax/96/48892#Control564,1596
1426,3715|8622|9267|9824|9921,3716,5,1,http://www.reactome.org/biopax/96/48892#BiochemicalReaction6935,1,http://www.reactome.org/biopax/96/48892#Catalysis3900,1597
1427,2306|7974|8739|10217,7976|8099|10091,4,3,http://www.reactome.org/biopax/96/48892#BiochemicalReaction3944,1,http://www.reactome.org/biopax/96/48892#Catalysis2155,1598
1428,5932|5935|8062,5933|5934,3,2,http://www.reactome.org/biopax/96/48892#BiochemicalReaction6554,1,http://www.reactome.org/biopax/96/48892#Catalysis3777,1599
1429,6265|9942,7943|9943,2,2,http://www.reactome.org/biopax/96/48892#BiochemicalReaction7746,1,http://www.reactome.org/biopax/96/48892#Catalysis4205,1601
1430,2707,2706|9819,1,2,http://www.reactome.org/biopax/96/48892#BiochemicalReaction6567,1,http://www.reactome.org/biopax/96/48892#Catalysis3779,1602
1431,5959|6098|6356,4118,3,1,http://www.reactome.org/biopax/96/48892#BiochemicalReaction8090,-1,http://www.reactome.org/biopax/96/48892#Control1086,1603
1432,4279|6187,5342,2,1,http://www.reactome.org/biopax/96/48892#BiochemicalReaction4742,1,http://www.reactome.org/biopax/96/48892#Control573,1604
1433,6147|6172|9245,6171|9256,3,2,http://www.reactome.org/biopax/96/48892#BiochemicalReaction7306,1,http://www.reactome.org/biopax/96/48892#Catalysis4019,1605
1434,1652,1651|1809,1,2,http://www.reactome.org/biopax/96/48892#BiochemicalReaction2285,1,http://www.reactome.org/biopax/96/48892#Catalysis997,1606
1435,2001|9973|10289,10287|10288,3,2,http://www.reactome.org/biopax/96/48892#BiochemicalReaction2988,1,http://www.reactome.org/biopax/96/48892#Catalysis1247,1607
1436,1665|7986,1667|8067,2,2,http://www.reactome.org/biopax/96/48892#BiochemicalReaction2302,1,http://www.reactome.org/biopax/96/48892#Catalysis1004,1608
1437,3695|3697|8654,3704|8957,3,2,http://www.reactome.org/biopax/96/48892#BiochemicalReaction6914,1,http://www.reactome.org/biopax/96/48892#Catalysis3889,1609
1438,494|6685|9997,6680|9428,3,2,http://www.reactome.org/biopax/96/48892#BiochemicalReaction9902,1,http://www.reactome.org/biopax/96/48892#Catalysis4957,1610
1439,415|4557|9245,4312|9256,3,2,http://www.reactome.org/biopax/96/48892#BiochemicalReaction7037,1,http://www.reactome.org/biopax/96/48892#Catalysis3918,1611
1440,7943|7987|9904|10258|10269,9903|10177|10298,5,3,http://www.reactome.org/biopax/96/48892#BiochemicalReaction7700,1,http://www.reactome.org/biopax/96/48892#Control995,1612
1441,1525|7986,1523|7842|8067,2,3,http://www.reactome.org/biopax/96/48892#BiochemicalReaction2043,1,http://www.reactome.org/biopax/96/48892#Catalysis901,1613
1442,5029|7943|8431|10258,8450|10298,4,2,http://www.reactome.org/biopax/96/48892#BiochemicalReaction3639,1,http://www.reactome.org/biopax/96/48892#Control417,1614
1443,6494|9969|9996,6495|9450,3,2,http://www.reactome.org/biopax/96/48892#BiochemicalReaction9242,1,http://www.reactome.org/biopax/96/48892#Control1195,1615
1444,311|6424|8088,309,3,1,http://www.reactome.org/biopax/96/48892#BiochemicalReaction8765,1,http://www.reactome.org/biopax/96/48892#Control1151,1616
1445,2649|9278|10177|10269,9577|10139|10208,4,3,http://www.reactome.org/biopax/96/48892#BiochemicalReaction4956,1,http://www.reactome.org/biopax/96/48892#Catalysis2954,1617
1446,1557|2045|8164,2054|10157,3,2,http://www.reactome.org/biopax/96/48892#BiochemicalReaction2106,1,http://www.reactome.org/biopax/96/48892#Catalysis924,1618
1447,2358|8783,8778|9236,2,2,http://www.reactome.org/biopax/96/48892#BiochemicalReaction4026,1,http://www.reactome.org/biopax/96/48892#Catalysis2213,1619
1448,3404|3790|8164,3144|10157,3,2,http://www.reactome.org/biopax/96/48892#BiochemicalReaction559,1,http://www.reactome.org/biopax/96/48892#Catalysis196,1620
1449,2083|8106|10217,8099|8107|10091,3,3,http://www.reactome.org/biopax/96/48892#BiochemicalReaction3286,1,http://www.reactome.org/biopax/96/48892#Catalysis1526,1621
1450,1978|10222|10238,7943|10237|10251,3,3,http://www.reactome.org/biopax/96/48892#BiochemicalReaction2940,1,http://www.reactome.org/biopax/96/48892#Catalysis1200,1622
1451,4113|5052,6820|7424,2,2,http://www.reactome.org/biopax/96/48892#BiochemicalReaction1208,1,http://www.reactome.org/biopax/96/48892#Catalysis538,1623
1452,3645|4917|7986,4918|8067,3,2,http://www.reactome.org/biopax/96/48892#BiochemicalReaction3407,1,http://www.reactome.org/biopax/96/48892#Catalysis1645,1624
1453,4732|4735|10065,4734|10055|10070,3,3,http://www.reactome.org/biopax/96/48892#BiochemicalReaction3014,1,http://www.reactome.org/biopax/96/48892#Catalysis1271,1626
1454,5033|7943|8508|10258,8509|10298,4,2,http://www.reactome.org/biopax/96/48892#BiochemicalReaction3690,1,http://www.reactome.org/biopax/96/48892#Catalysis1918,1627
1455,2510|9070|10298,7943|9633|9635|10258,3,4,http://www.reactome.org/biopax/96/48892#BiochemicalReaction4309,1,http://www.reactome.org/biopax/96/48892#Catalysis2488,1628
1456,4013|4327|7986,4012|8067,3,2,http://www.reactome.org/biopax/96/48892#BiochemicalReaction7800,1,http://www.reactome.org/biopax/96/48892#Catalysis4228,1629
1457,5541|9736,10080,2,1,http://www.reactome.org/biopax/96/48892#BiochemicalReaction5300,1,http://www.reactome.org/biopax/96/48892#Catalysis3206,1630
1458,818|4229,7687,2,1,http://www.reactome.org/biopax/96/48892#BiochemicalReaction10144,-1,http://www.reactome.org/biopax/96/48892#Control1374,1631
1459,2644|8029|9332|9480|9582,8031|9334|9502,5,3,http://www.reactome.org/biopax/96/48892#BiochemicalReaction4569,-1,http://www.reactome.org/biopax/96/48892#Control556,1632
1460,2034|7939,7938,2,1,http://www.reactome.org/biopax/96/48892#BiochemicalReaction3151,1,http://www.reactome.org/biopax/96/48892#Catalysis1400,1633
1461,2731|2732|8622,6851|8631,3,2,http://www.reactome.org/biopax/96/48892#BiochemicalReaction4767,1,http://www.reactome.org/biopax/96/48892#Catalysis2910,1635
1462,239|5466,240,2,1,http://www.reactome.org/biopax/96/48892#BiochemicalReaction8578,1,http://www.reactome.org/biopax/96/48892#Catalysis4530,1636
1463,2573|9171|9172,9173|10088|10177,3,3,http://www.reactome.org/biopax/96/48892#BiochemicalReaction4419,1,http://www.reactome.org/biopax/96/48892#Catalysis2598,1637
1464,5191|7986|8997,7943|8067|8998,3,3,http://www.reactome.org/biopax/96/48892#BiochemicalReaction4219,1,http://www.reactome.org/biopax/96/48892#Catalysis2404,1638
1465,4480|8029|9345|9480|9582,8031|9346|9502,5,3,http://www.reactome.org/biopax/96/48892#BiochemicalReaction4575,1,http://www.reactome.org/biopax/96/48892#Catalysis2750,1639
1466,3911|5391,3912|6201,2,2,http://www.reactome.org/biopax/96/48892#BiochemicalReaction7430,1,http://www.reactome.org/biopax/96/48892#Catalysis4062,1640
1467,7194|9706|10028,10026|10033,3,2,http://www.reactome.org/biopax/96/48892#BiochemicalReaction1040,1,http://www.reactome.org/biopax/96/48892#Catalysis404,1641
1468,2723|7986,2724|8067,2,2,http://www.reactome.org/biopax/96/48892#BiochemicalReaction4758,1,http://www.reactome.org/biopax/96/48892#Catalysis2907,1642
1469,850|8918,851|8643,2,2,http://www.reactome.org/biopax/96/48892#BiochemicalReaction764,1,http://www.reactome.org/biopax/96/48892#Catalysis249,1643
1470,5876|5924|8622,5925|8631,3,2,http://www.reactome.org/biopax/96/48892#BiochemicalReaction6484,1,http://www.reactome.org/biopax/96/48892#Catalysis3745,1644
1471,7986|9236|9839,7943|8067|10241,3,3,http://www.reactome.org/biopax/96/48892#BiochemicalReaction2935,1,http://www.reactome.org/biopax/96/48892#Control367,1645
1472,4034|4328|6301,4033|4629,3,2,http://www.reactome.org/biopax/96/48892#BiochemicalReaction7835,1,http://www.reactome.org/biopax/96/48892#Control1015,1646
1473,3555|6220|8622,6221|8631,3,2,http://www.reactome.org/biopax/96/48892#BiochemicalReaction7501,1,http://www.reactome.org/biopax/96/48892#Catalysis4078,1647
1474,3999|4325,1517|4000|4832|6276,2,4,http://www.reactome.org/biopax/96/48892#BiochemicalReaction7780,1,http://www.reactome.org/biopax/96/48892#Catalysis4219,1648
1475,6256|9859|10109,9860|10113,3,2,http://www.reactome.org/biopax/96/48892#BiochemicalReaction7666,1,http://www.reactome.org/biopax/96/48892#Catalysis4133,1649
1476,2204|7943|8426|10258,8428|9428|10298,4,3,http://www.reactome.org/biopax/96/48892#BiochemicalReaction3623,1,http://www.reactome.org/biopax/96/48892#Catalysis1853,1651
1477,442|6472|7986,6471|8067,3,2,http://www.reactome.org/biopax/96/48892#BiochemicalReaction9123,1,http://www.reactome.org/biopax/96/48892#Catalysis4671,1652
1478,351|6443|6444,351,3,1,http://www.reactome.org/biopax/96/48892#BiochemicalReaction8926,1,http://www.reactome.org/biopax/96/48892#Catalysis4598,1653
1479,1343|1345|1347,1346,3,1,http://www.reactome.org/biopax/96/48892#BiochemicalReaction1607,-1,http://www.reactome.org/biopax/96/48892#Control227,1654
1480,2603|10230|10232,7952|9222,3,2,http://www.reactome.org/biopax/96/48892#BiochemicalReaction4472,1,http://www.reactome.org/biopax/96/48892#Catalysis2651,1655
1481,2629|8137|9022|10091,7952|9298|9367,4,3,http://www.reactome.org/biopax/96/48892#BiochemicalReaction4536,1,http://www.reactome.org/biopax/96/48892#Catalysis2713,1656
1482,5721|5723,5698|5722,2,2,http://www.reactome.org/biopax/96/48892#BiochemicalReaction5955,1,http://www.reactome.org/biopax/96/48892#Catalysis3507,1657
1483,865|4113|7389,6820|7390,3,2,http://www.reactome.org/biopax/96/48892#BiochemicalReaction1187,1,http://www.reactome.org/biopax/96/48892#Catalysis517,1658
1484,919|7017,920,2,1,http://www.reactome.org/biopax/96/48892#BiochemicalReaction843,1,http://www.reactome.org/biopax/96/48892#Control131,1659
1485,4643|7590,1790,2,1,http://www.reactome.org/biopax/96/48892#BiochemicalReaction2587,1,http://www.reactome.org/biopax/96/48892#Catalysis1077,1660
1486,639|7986|9236,3590|8067,3,2,http://www.reactome.org/biopax/96/48892#BiochemicalReaction9629,1,http://www.reactome.org/biopax/96/48892#Control1241,1661
1487,7986|9839|10248,7943|8067|10248,3,3,http://www.reactome.org/biopax/96/48892#BiochemicalReaction2933,1,http://www.reactome.org/biopax/96/48892#Control366,1662
1488,1566|7573,1561|7766,2,2,http://www.reactome.org/biopax/96/48892#BiochemicalReaction210,-1,http://www.reactome.org/biopax/96/48892#Control36,1663
1489,2071|8641|10269,8647,3,1,http://www.reactome.org/biopax/96/48892#BiochemicalReaction3817,1,http://www.reactome.org/biopax/96/48892#Catalysis2038,1664
1490,5086|6306|7986,6309|8631,3,2,http://www.reactome.org/biopax/96/48892#BiochemicalReaction7879,1,http://www.reactome.org/biopax/96/48892#Catalysis4250,1665
1491,4860|8084|10130,8085|9704,3,2,http://www.reactome.org/biopax/96/48892#BiochemicalReaction3268,1,http://www.reactome.org/biopax/96/48892#Catalysis1508,1666
1492,2679|9502|9523,9525|9526,3,2,http://www.reactome.org/biopax/96/48892#BiochemicalReaction4687,1,http://www.reactome.org/biopax/96/48892#Catalysis2858,1668
1493,3301|5764,2716,2,1,http://www.reactome.org/biopax/96/48892#BiochemicalReaction6093,1,http://www.reactome.org/biopax/96/48892#Catalysis3569,1669
1494,2061|8633|10177,8634,3,1,http://www.reactome.org/biopax/96/48892#BiochemicalReaction3807,1,http://www.reactome.org/biopax/96/48892#Catalysis2028,1670
1495,2321|2323|5113,2322|5112,3,2,http://www.reactome.org/biopax/96/48892#BiochemicalReaction3963,1,http://www.reactome.org/biopax/96/48892#Control469,1671
1496,904|4360|10177,4361|9236|9286|9297|10319,3,5,http://www.reactome.org/biopax/96/48892#BiochemicalReaction831,1,http://www.reactome.org/biopax/96/48892#Catalysis268,1672
1497,1676|7762,1534|7763,2,2,http://www.reactome.org/biopax/96/48892#BiochemicalReaction222,1,http://www.reactome.org/biopax/96/48892#Catalysis94,1673
1498,1327|7986|8046,8035|8067,3,2,http://www.reactome.org/biopax/96/48892#BiochemicalReaction149,1,http://www.reactome.org/biopax/96/48892#Catalysis63,1674
1499,4417|4709|4710,1997,3,1,http://www.reactome.org/biopax/96/48892#BiochemicalReaction2990,1,http://www.reactome.org/biopax/96/48892#Catalysis1249,1675
1500,1992|9839|10274,10239|10272,3,2,http://www.reactome.org/biopax/96/48892#BiochemicalReaction2970,1,http://www.reactome.org/biopax/96/48892#Catalysis1230,1677
1501,1396|4841,2244,2,1,http://www.reactome.org/biopax/96/48892#BiochemicalReaction3880,1,http://www.reactome.org/biopax/96/48892#Catalysis2099,1678
1502,1574|7986,1572|7860|8067,2,3,http://www.reactome.org/biopax/96/48892#BiochemicalReaction2128,1,http://www.reactome.org/biopax/96/48892#Catalysis936,1679
1503,1618|8903,1619|8908,2,2,http://www.reactome.org/biopax/96/48892#BiochemicalReaction2194,1,http://www.reactome.org/biopax/96/48892#Catalysis968,1680
1504,2373|7986|8812,8067|8813,3,2,http://www.reactome.org/biopax/96/48892#BiochemicalReaction4057,1,http://www.reactome.org/biopax/96/48892#Catalysis2243,1681
1505,2138|8208|10177,8138|10159,3,2,http://www.reactome.org/biopax/96/48892#BiochemicalReaction3476,1,http://www.reactome.org/biopax/96/48892#Catalysis1714,1682
1506,2683|9564|10177,9565|9566,3,2,http://www.reactome.org/biopax/96/48892#BiochemicalReaction4707,1,http://www.reactome.org/biopax/96/48892#Catalysis2878,1683
1507,1599|7876,1145|7877,2,2,http://www.reactome.org/biopax/96/48892#BiochemicalReaction216,1,http://www.reactome.org/biopax/96/48892#Catalysis90,1684
1508,3351|3595|5986,3594,3,1,http://www.reactome.org/biopax/96/48892#BiochemicalReaction6683,-1,http://www.reactome.org/biopax/96/48892#Control842,1685
1509,4444|10124|10177,8279|9743,3,2,http://www.reactome.org/biopax/96/48892#BiochemicalReaction3455,1,http://www.reactome.org/biopax/96/48892#Catalysis1693,1686
1510,7230|10047,10048|10049,2,2,http://www.reactome.org/biopax/96/48892#BiochemicalReaction1085,1,http://www.reactome.org/biopax/96/48892#Catalysis421,1687
1511,2798|2805|5396|5397|6099|7907,2806,6,1,http://www.reactome.org/biopax/96/48892#BiochemicalReaction4963,1,http://www.reactome.org/biopax/96/48892#Catalysis2961,1688
1512,961|963|9396,962|9450,3,2,http://www.reactome.org/biopax/96/48892#BiochemicalReaction895,1,http://www.reactome.org/biopax/96/48892#Catalysis294,1689
1513,2341|2342|2343|2344|5133|5134|5135,2333|2345,7,2,http://www.reactome.org/biopax/96/48892#BiochemicalReaction3988,1,http://www.reactome.org/biopax/96/48892#Control479,1690
1514,473|3326|8622,492|5316|6491|6492|8631|8643,3,6,http://www.reactome.org/biopax/96/48892#BiochemicalReaction9270,1,http://www.reactome.org/biopax/96/48892#Catalysis4722,1691
1515,2238|8046|10177,7915|7943|8057,3,3,http://www.reactome.org/biopax/96/48892#BiochemicalReaction3869,1,http://www.reactome.org/biopax/96/48892#Catalysis2090,1692
1516,2213|7974|8472|8553|10091,7976|8554|9439,5,3,http://www.reactome.org/biopax/96/48892#BiochemicalReaction3737,1,http://www.reactome.org/biopax/96/48892#Catalysis1961,1693
1517,1630|7573,1591|7878,2,2,http://www.reactome.org/biopax/96/48892#BiochemicalReaction218,-1,http://www.reactome.org/biopax/96/48892#Control42,1694
1518,2677|8386|9560,8834|9561,3,2,http://www.reactome.org/biopax/96/48892#BiochemicalReaction4705,1,http://www.reactome.org/biopax/96/48892#Catalysis2876,1695
1519,1852|4377,4391,2,1,http://www.reactome.org/biopax/96/48892#BiochemicalReaction284,1,http://www.reactome.org/biopax/96/48892#Catalysis114,1696
1520,683|7986,684|8067,2,2,http://www.reactome.org/biopax/96/48892#BiochemicalReaction9715,1,http://www.reactome.org/biopax/96/48892#Catalysis4902,1697
1521,1994|9344|10281,7943|10282|10283,3,3,http://www.reactome.org/biopax/96/48892#BiochemicalReaction2977,1,http://www.reactome.org/biopax/96/48892#Catalysis1237,1698
1522,4063|8555|9957,9014|10201,3,2,http://www.reactome.org/biopax/96/48892#BiochemicalReaction7902,1,http://www.reactome.org/biopax/96/48892#Catalysis4259,1699
1523,5266|9237|9396,7943|9238|9450,3,3,http://www.reactome.org/biopax/96/48892#BiochemicalReaction4487,1,http://www.reactome.org/biopax/96/48892#Catalysis2665,1700
1524,2738|3524,3506|5337|5831,2,3,http://www.reactome.org/biopax/96/48892#BiochemicalReaction6516,1,http://www.reactome.org/biopax/96/48892#Catalysis3761,1701
1525,1361|7153|8164,1370|10157,3,2,http://www.reactome.org/biopax/96/48892#BiochemicalReaction156,1,http://www.reactome.org/biopax/96/48892#Catalysis65,1702
1526,4912|8238|10177,8243|9743,3,2,http://www.reactome.org/biopax/96/48892#BiochemicalReaction3401,1,http://www.reactome.org/biopax/96/48892#Catalysis1639,1703
1527,283|10177,5981|6418|10159,2,3,http://www.reactome.org/biopax/96/48892#BiochemicalReaction8642,1,http://www.reactome.org/biopax/96/48892#Catalysis4552,1704
1528,3426|5867|8918,5866|8643,3,2,http://www.reactome.org/biopax/96/48892#BiochemicalReaction6373,1,http://www.reactome.org/biopax/96/48892#Catalysis3682,1705
1529,6431|10177|10206,9236,3,1,http://www.reactome.org/biopax/96/48892#BiochemicalReaction8877,1,http://www.reactome.org/biopax/96/48892#Catalysis4571,1706
1530,5040|7943|8529|10258|10269,8530|10177|10298,5,3,http://www.reactome.org/biopax/96/48892#BiochemicalReaction3707,1,http://www.reactome.org/biopax/96/48892#Catalysis1935,1707
1531,5076|7943|7987|10258|10269,9903|10177|10298,5,3,http://www.reactome.org/biopax/96/48892#BiochemicalReaction7700,1,http://www.reactome.org/biopax/96/48892#Catalysis4165,1708
1532,2052|7988|7989,7990|7991|9502,3,3,http://www.reactome.org/biopax/96/48892#BiochemicalReaction3196,-1,http://www.reactome.org/biopax/96/48892#Control395,1709
1533,4585|10109|10111,10113|10116,3,2,http://www.reactome.org/biopax/96/48892#BiochemicalReaction43,1,http://www.reactome.org/biopax/96/48892#Catalysis25,1710
1534,8283|8739,10091,2,1,http://www.reactome.org/biopax/96/48892#BiochemicalReaction4000,1,http://www.reactome.org/biopax/96/48892#Control488,1711
1535,3721|7791|7986,7793|8067,3,2,http://www.reactome.org/biopax/96/48892#BiochemicalReaction9697,1,http://www.reactome.org/biopax/96/48892#Control1260,1712
1536,3000|8748|8754|8758|8766,3008|8777,5,2,http://www.reactome.org/biopax/96/48892#BiochemicalReaction431,1,http://www.reactome.org/biopax/96/48892#Catalysis147,1714
1537,2017|9513|10344,7943|9538|10345,3,3,http://www.reactome.org/biopax/96/48892#BiochemicalReaction3071,1,http://www.reactome.org/biopax/96/48892#Catalysis1320,1715
1538,4517|5400,4516,2,1,http://www.reactome.org/biopax/96/48892#BiochemicalReaction5187,1,http://www.reactome.org/biopax/96/48892#Catalysis3099,1716
1539,3226|4538,3209|3227,2,2,http://www.reactome.org/biopax/96/48892#BiochemicalReaction5782,1,http://www.reactome.org/biopax/96/48892#Catalysis3460,1717
1540,3340|5337|6018,6019,3,1,http://www.reactome.org/biopax/96/48892#BiochemicalReaction6762,1,http://www.reactome.org/biopax/96/48892#Catalysis3845,1718
1541,7|7986,8|8067,2,2,http://www.reactome.org/biopax/96/48892#BiochemicalReaction8227,1,http://www.reactome.org/biopax/96/48892#Catalysis4383,1719
1542,2261|9162|10109|10247,9098|9666|10113,4,3,http://www.reactome.org/biopax/96/48892#BiochemicalReaction5251,1,http://www.reactome.org/biopax/96/48892#Catalysis3163,1720
1543,2660|9472|10300,9473|10301,3,2,http://www.reactome.org/biopax/96/48892#BiochemicalReaction4649,1,http://www.reactome.org/biopax/96/48892#Catalysis2820,1721
1544,14|7986|8046,8035|8067,3,2,http://www.reactome.org/biopax/96/48892#BiochemicalReaction8238,1,http://www.reactome.org/biopax/96/48892#Catalysis4387,1722
1545,2313|2315|2316|5108|5109|5110,2317|2318|2319|8751,6,4,http://www.reactome.org/biopax/96/48892#BiochemicalReaction3959,1,http://www.reactome.org/biopax/96/48892#Catalysis2169,1723
1546,3535|3536|8654,3537,3,1,http://www.reactome.org/biopax/96/48892#BiochemicalReaction6533,1,http://www.reactome.org/biopax/96/48892#Control814,1724
1547,2770|7986,2771|8067,2,2,http://www.reactome.org/biopax/96/48892#BiochemicalReaction4890,1,http://www.reactome.org/biopax/96/48892#Catalysis2936,1725
1548,5277|7943|9396,9254|9635,3,2,http://www.reactome.org/biopax/96/48892#BiochemicalReaction4501,1,http://www.reactome.org/biopax/96/48892#Catalysis2679,1726
1549,3585|10208,3586|10177,2,2,http://www.reactome.org/biopax/96/48892#BiochemicalReaction6676,1,http://www.reactome.org/biopax/96/48892#Catalysis3804,1728
1550,2060|8018|10269,8623,3,1,http://www.reactome.org/biopax/96/48892#BiochemicalReaction3799,1,http://www.reactome.org/biopax/96/48892#Catalysis2020,1729
1551,3400|5844|8903,3401|8908,3,2,http://www.reactome.org/biopax/96/48892#BiochemicalReaction6337,1,http://www.reactome.org/biopax/96/48892#Catalysis3660,1731
1552,651|666|1200,651|7545,3,2,http://www.reactome.org/biopax/96/48892#BiochemicalReaction9669,-1,http://www.reactome.org/biopax/96/48892#Control1256,1732
1553,865|4113|7392,6820|7473,3,2,http://www.reactome.org/biopax/96/48892#BiochemicalReaction1248,1,http://www.reactome.org/biopax/96/48892#Catalysis577,1733
1554,373|6849|7986,377|8067,3,2,http://www.reactome.org/biopax/96/48892#BiochemicalReaction681,1,http://www.reactome.org/biopax/96/48892#Catalysis227,1734
1555,2049|7974|7975|10091,7976|7977,4,2,http://www.reactome.org/biopax/96/48892#BiochemicalReaction3183,1,http://www.reactome.org/biopax/96/48892#Catalysis1430,1735
1556,2953|9582|10349,7943|9575,3,2,http://www.reactome.org/biopax/96/48892#BiochemicalReaction5349,1,http://www.reactome.org/biopax/96/48892#Control644,1736
1557,5985|6624|7986,6623|8067,3,2,http://www.reactome.org/biopax/96/48892#BiochemicalReaction9605,1,http://www.reactome.org/biopax/96/48892#Catalysis4859,1737
1558,1070|7322|7410,6820|7411,3,2,http://www.reactome.org/biopax/96/48892#BiochemicalReaction1199,1,http://www.reactome.org/biopax/96/48892#Catalysis529,1738
1559,853|6964|8622,854|8957,3,2,http://www.reactome.org/biopax/96/48892#BiochemicalReaction766,1,http://www.reactome.org/biopax/96/48892#Catalysis251,1739
1560,1605|7870,7871|7872,2,2,http://www.reactome.org/biopax/96/48892#BiochemicalReaction2180,1,http://www.reactome.org/biopax/96/48892#Catalysis961,1740
1561,3905|4227,4686,2,1,http://www.reactome.org/biopax/96/48892#BiochemicalReaction7411,1,http://www.reactome.org/biopax/96/48892#Control920,1741
1562,1925|10177,1923|1926|10159,2,3,http://www.reactome.org/biopax/96/48892#BiochemicalReaction2852,1,http://www.reactome.org/biopax/96/48892#Catalysis1145,1742
1563,4821|7943|7949|7955,7957|9635|9704,4,3,http://www.reactome.org/biopax/96/48892#BiochemicalReaction3175,1,http://www.reactome.org/biopax/96/48892#Catalysis1422,1743
1564,1508|1509|8315,1510|7761,3,2,http://www.reactome.org/biopax/96/48892#BiochemicalReaction201,1,http://www.reactome.org/biopax/96/48892#Control32,1744
1565,3444|7986,3445|8067,2,2,http://www.reactome.org/biopax/96/48892#BiochemicalReaction6407,1,http://www.reactome.org/biopax/96/48892#Catalysis3699,1745
1566,865|874|6903|6967,813|875,4,2,http://www.reactome.org/biopax/96/48892#BiochemicalReaction778,1,http://www.reactome.org/biopax/96/48892#Control110,1746
1567,2593|9211,9212|10226,2,2,http://www.reactome.org/biopax/96/48892#BiochemicalReaction4460,1,http://www.reactome.org/biopax/96/48892#Catalysis2639,1748
1568,5466|6559|7528,6558,3,1,http://www.reactome.org/biopax/96/48892#BiochemicalReaction9401,1,http://www.reactome.org/biopax/96/48892#Catalysis4781,1749
1569,446|6333|7986,6474|8067,3,2,http://www.reactome.org/biopax/96/48892#BiochemicalReaction9131,1,http://www.reactome.org/biopax/96/48892#Catalysis4674,1750
1570,346|10177|10206,7943|9236,3,2,http://www.reactome.org/biopax/96/48892#BiochemicalReaction8915,1,http://www.reactome.org/biopax/96/48892#Catalysis4589,1751
1571,2457|8600|8738|9110|10091,8720|9109|10227,5,3,http://www.reactome.org/biopax/96/48892#BiochemicalReaction4352,1,http://www.reactome.org/biopax/96/48892#Catalysis2531,1752
1572,4931|8266|10167,8173|8271,3,2,http://www.reactome.org/biopax/96/48892#BiochemicalReaction3444,1,http://www.reactome.org/biopax/96/48892#Catalysis1682,1754
1573,5034|7974|8472|8477|10091,7976|8479|9439,5,3,http://www.reactome.org/biopax/96/48892#BiochemicalReaction3667,1,http://www.reactome.org/biopax/96/48892#Catalysis1895,1755
1574,2858|3490,3488|5466,2,2,http://www.reactome.org/biopax/96/48892#BiochemicalReaction6460,1,http://www.reactome.org/biopax/96/48892#Catalysis3734,1756
1575,7221|7915,8116|8127,2,2,http://www.reactome.org/biopax/96/48892#BiochemicalReaction184,1,http://www.reactome.org/biopax/96/48892#Catalysis73,1757
1576,4836|7943|8465|10258|10269,8466|10177|10298,5,3,http://www.reactome.org/biopax/96/48892#BiochemicalReaction3657,1,http://www.reactome.org/biopax/96/48892#Catalysis1885,1758
1577,7849|7986,7850|8067,2,2,http://www.reactome.org/biopax/96/48892#BiochemicalReaction2085,1,http://www.reactome.org/biopax/96/48892#Catalysis917,1759
1578,4440|8145|9439,7952|8146|10091,3,3,http://www.reactome.org/biopax/96/48892#BiochemicalReaction3316,1,http://www.reactome.org/biopax/96/48892#Catalysis1556,1760
1579,1232|3993,3994|7085,2,2,http://www.reactome.org/biopax/96/48892#BiochemicalReaction7772,1,http://www.reactome.org/biopax/96/48892#Catalysis4216,1761
1580,3164|5636|8622,3165|8631,3,2,http://www.reactome.org/biopax/96/48892#BiochemicalReaction5720,1,http://www.reactome.org/biopax/96/48892#Catalysis3429,1762
1581,92|2045|8164,2054|10157,3,2,http://www.reactome.org/biopax/96/48892#BiochemicalReaction8358,1,http://www.reactome.org/biopax/96/48892#Catalysis4440,1764
1582,2457|8720|9109|10227,8600|8738|9110|10091,4,4,http://www.reactome.org/biopax/96/48892#BiochemicalReaction4351,1,http://www.reactome.org/biopax/96/48892#Catalysis2530,1765
1583,7624|7630|8386,7626,3,1,http://www.reactome.org/biopax/96/48892#BiochemicalReaction1464,1,http://www.reactome.org/biopax/96/48892#Catalysis707,1766
1584,2219|7943|8585|10258,8584|10298,4,2,http://www.reactome.org/biopax/96/48892#BiochemicalReaction3765,1,http://www.reactome.org/biopax/96/48892#Catalysis1987,1767
1585,2477|8265|9018,9029|10088,3,2,http://www.reactome.org/biopax/96/48892#BiochemicalReaction4255,1,http://www.reactome.org/biopax/96/48892#Catalysis2438,1769
1586,7718|7731|10074,7730|10075,3,2,http://www.reactome.org/biopax/96/48892#BiochemicalReaction1656,1,http://www.reactome.org/biopax/96/48892#Catalysis798,1770
1587,4670|5667|9439|10217,5263|9804|10218,4,3,http://www.reactome.org/biopax/96/48892#BiochemicalReaction5824,1,http://www.reactome.org/biopax/96/48892#Catalysis3475,1771
1588,4443|7986|8138,8067|8208,3,2,http://www.reactome.org/biopax/96/48892#BiochemicalReaction3353,1,http://www.reactome.org/biopax/96/48892#Catalysis1591,1772
1589,4892|7945|10177,7943|8151|8210,3,3,http://www.reactome.org/biopax/96/48892#BiochemicalReaction3360,1,http://www.reactome.org/biopax/96/48892#Catalysis1598,1773
1590,4766|4767|10071,4769|10055|10070,3,3,http://www.reactome.org/biopax/96/48892#BiochemicalReaction3049,1,http://www.reactome.org/biopax/96/48892#Catalysis1301,1774
1591,1069|7323|7386,6820|7388,3,2,http://www.reactome.org/biopax/96/48892#BiochemicalReaction1185,1,http://www.reactome.org/biopax/96/48892#Catalysis515,1775
1592,2612|7570|7986|9847,1214|8067|10159,4,3,http://www.reactome.org/biopax/96/48892#BiochemicalReaction1402,1,http://www.reactome.org/biopax/96/48892#Catalysis668,1776
1593,5173|7986|8959,7943|8067|9704,3,3,http://www.reactome.org/biopax/96/48892#BiochemicalReaction4169,1,http://www.reactome.org/biopax/96/48892#Catalysis2355,1777
1594,4705|10277,10239|10278,2,2,http://www.reactome.org/biopax/96/48892#BiochemicalReaction2975,1,http://www.reactome.org/biopax/96/48892#Catalysis1235,1779
1595,1319|7986|8046,8035|8067,3,2,http://www.reactome.org/biopax/96/48892#BiochemicalReaction1584,1,http://www.reactome.org/biopax/96/48892#Catalysis758,1780
1596,2507|8099|8472|9066|10091,9067|9439|10217,5,3,http://www.reactome.org/biopax/96/48892#BiochemicalReaction4303,1,http://www.reactome.org/biopax/96/48892#Control525,1781
1597,5063|8584|10298,7943|8585|10258,3,3,http://www.reactome.org/biopax/96/48892#BiochemicalReaction3766,1,http://www.reactome.org/biopax/96/48892#Catalysis1988,1782
1598,5259|10159|10233,8721|8738,3,2,http://www.reactome.org/biopax/96/48892#BiochemicalReaction5207,1,http://www.reactome.org/biopax/96/48892#Catalysis3119,1783
1599,465|6483|6484,466,3,1,http://www.reactome.org/biopax/96/48892#BiochemicalReaction9189,1,http://www.reactome.org/biopax/96/48892#Control1194,1784
1600,4738|4741|7986,4739|8067|10070,3,3,http://www.reactome.org/biopax/96/48892#BiochemicalReaction3017,1,http://www.reactome.org/biopax/96/48892#Catalysis1274,1785
1601,919|7009,920,2,1,http://www.reactome.org/biopax/96/48892#BiochemicalReaction843,1,http://www.reactome.org/biopax/96/48892#Control142,1786
1602,5255|9195|9196,8160|9197|9199,3,3,http://www.reactome.org/biopax/96/48892#BiochemicalReaction4447,1,http://www.reactome.org/biopax/96/48892#Catalysis2626,1787
1603,2150|8313|10177,8273|10159,3,2,http://www.reactome.org/biopax/96/48892#BiochemicalReaction3506,1,http://www.reactome.org/biopax/96/48892#Catalysis1744,1788
1604,4113|7331|7406,6820|7407,3,2,http://www.reactome.org/biopax/96/48892#BiochemicalReaction1197,1,http://www.reactome.org/biopax/96/48892#Catalysis527,1789
1605,3697|3706|8654,3707|8957,3,2,http://www.reactome.org/biopax/96/48892#BiochemicalReaction6918,1,http://www.reactome.org/biopax/96/48892#Catalysis3893,1790
1606,2492|9049,2493,2,1,http://www.reactome.org/biopax/96/48892#BiochemicalReaction4282,1,http://www.reactome.org/biopax/96/48892#Catalysis2464,1791
1607,4138|5466|6359,4140,3,1,http://www.reactome.org/biopax/96/48892#BiochemicalReaction8117,1,http://www.reactome.org/biopax/96/48892#Catalysis4335,1792
1608,2658|9513|9866|10177,7943|9538|10284,4,3,http://www.reactome.org/biopax/96/48892#BiochemicalReaction4641,1,http://www.reactome.org/biopax/96/48892#Catalysis2812,1793
1609,3347|5799,3348,2,1,http://www.reactome.org/biopax/96/48892#BiochemicalReaction6246,1,http://www.reactome.org/biopax/96/48892#Catalysis3613,1794
1610,2217|8579|9513,7943|8580|9538,3,3,http://www.reactome.org/biopax/96/48892#BiochemicalReaction3754,1,http://www.reactome.org/biopax/96/48892#Catalysis1978,1796
1611,619|7986,5829|6606|8067,2,3,http://www.reactome.org/biopax/96/48892#BiochemicalReaction9574,1,http://www.reactome.org/biopax/96/48892#Catalysis4840,1797
1612,9236|10177|10241,9839|10159,3,2,http://www.reactome.org/biopax/96/48892#BiochemicalReaction2917,-1,http://www.reactome.org/biopax/96/48892#Control358,1800
1613,5541|9653,10053,2,1,http://www.reactome.org/biopax/96/48892#BiochemicalReaction5301,1,http://www.reactome.org/biopax/96/48892#Catalysis3207,1801
1614,3077|8622,3078|5616|8631,2,3,http://www.reactome.org/biopax/96/48892#BiochemicalReaction5623,1,http://www.reactome.org/biopax/96/48892#Catalysis3383,1802
1615,2228|8099|8616|10091,8617|10217,4,2,http://www.reactome.org/biopax/96/48892#BiochemicalReaction3793,1,http://www.reactome.org/biopax/96/48892#Catalysis2014,1803
1616,3975,3976|10159,1,2,http://www.reactome.org/biopax/96/48892#BiochemicalReaction7640,1,http://www.reactome.org/biopax/96/48892#Catalysis4125,1804
1617,2624|9288,9165|9290,2,2,http://www.reactome.org/biopax/96/48892#BiochemicalReaction4529,1,http://www.reactome.org/biopax/96/48892#Catalysis2706,1805
1618,5514|9690|10107|10109,9692|10113|10214,4,3,http://www.reactome.org/biopax/96/48892#BiochemicalReaction5236,1,http://www.reactome.org/biopax/96/48892#Catalysis3148,1806
1619,2622|9271|9272|9273,9274|9275|9276,4,3,http://www.reactome.org/biopax/96/48892#BiochemicalReaction4519,1,http://www.reactome.org/biopax/96/48892#Catalysis2696,1807
1620,3180,3039|3093|3136|4535,1,4,http://www.reactome.org/biopax/96/48892#BiochemicalReaction5735,1,http://www.reactome.org/biopax/96/48892#Catalysis3437,1808
1621,28|7986,29|8067,2,2,http://www.reactome.org/biopax/96/48892#BiochemicalReaction8256,1,http://www.reactome.org/biopax/96/48892#Catalysis4396,1809
1622,2115|8233|9439,8234|8235|8738,3,3,http://www.reactome.org/biopax/96/48892#BiochemicalReaction3387,1,http://www.reactome.org/biopax/96/48892#Catalysis1625,1810
1623,3991|6271|9633|10269,7584|9634|9635,4,3,http://www.reactome.org/biopax/96/48892#BiochemicalReaction7767,1,http://www.reactome.org/biopax/96/48892#Catalysis4213,1811
1624,261|6824|8903,262|8908,3,2,http://www.reactome.org/biopax/96/48892#BiochemicalReaction8611,1,http://www.reactome.org/biopax/96/48892#Catalysis4542,1812
1625,2212|8552,8551,2,1,http://www.reactome.org/biopax/96/48892#BiochemicalReaction3735,1,http://www.reactome.org/biopax/96/48892#Catalysis1959,1813
1626,2338|2339|2340|5130|5131|5132|8755,2341|5127,7,2,http://www.reactome.org/biopax/96/48892#BiochemicalReaction3987,1,http://www.reactome.org/biopax/96/48892#Catalysis2181,1814
1627,4798|7919|7986,7920|8067,3,2,http://www.reactome.org/biopax/96/48892#BiochemicalReaction3128,1,http://www.reactome.org/biopax/96/48892#Catalysis1377,1815
1628,7682|9053|10177,7943|9991|10014,3,3,http://www.reactome.org/biopax/96/48892#BiochemicalReaction9876,1,http://www.reactome.org/biopax/96/48892#Control1304,1816
1629,5105|8094,5102,2,1,http://www.reactome.org/biopax/96/48892#BiochemicalReaction3957,1,http://www.reactome.org/biopax/96/48892#Catalysis2168,1817
1630,4923|8211|8259,9704|10123,3,2,http://www.reactome.org/biopax/96/48892#BiochemicalReaction3426,1,http://www.reactome.org/biopax/96/48892#Catalysis1664,1818
1631,4584|9975,10108,2,1,http://www.reactome.org/biopax/96/48892#BiochemicalReaction42,1,http://www.reactome.org/biopax/96/48892#Catalysis24,1819
1632,7986|9849|10249|10295,7943|7949|8067|10159,4,4,http://www.reactome.org/biopax/96/48892#BiochemicalReaction3273,1,http://www.reactome.org/biopax/96/48892#Control401,1820
1633,2100|8059|8176,8061|8177,3,2,http://www.reactome.org/biopax/96/48892#BiochemicalReaction3330,1,http://www.reactome.org/biopax/96/48892#Catalysis1568,1821
1634,4940|8140|8284,7952|8281,3,2,http://www.reactome.org/biopax/96/48892#BiochemicalReaction3463,1,http://www.reactome.org/biopax/96/48892#Catalysis1701,1823
1635,4113|7370|7481,6820|7482,3,2,http://www.reactome.org/biopax/96/48892#BiochemicalReaction1254,1,http://www.reactome.org/biopax/96/48892#Catalysis583,1824
1636,2895|2897|4250,3742,3,1,http://www.reactome.org/biopax/96/48892#BiochemicalReaction7015,-1,http://www.reactome.org/biopax/96/48892#Control867,1825
1637,923|7036|7037,909|7036|7037|7038|7039|7040|7041|7042|7044|7045|7046,3,11,http://www.reactome.org/biopax/96/48892#BiochemicalReaction845,1,http://www.reactome.org/biopax/96/48892#Catalysis276,1826
1638,2123,2124|4899,1,2,http://www.reactome.org/biopax/96/48892#BiochemicalReaction3406,1,http://www.reactome.org/biopax/96/48892#Catalysis1644,1827
1639,1070|6888|7322,6820|7344,3,2,http://www.reactome.org/biopax/96/48892#BiochemicalReaction1160,1,http://www.reactome.org/biopax/96/48892#Catalysis490,1828
1640,4818|7940|7986|9704,7955|9236|9428|10177,4,4,http://www.reactome.org/biopax/96/48892#BiochemicalReaction3173,1,http://www.reactome.org/biopax/96/48892#Catalysis1420,1831
1641,2406|8898|10177,7943|8838|9428,3,3,http://www.reactome.org/biopax/96/48892#BiochemicalReaction4121,1,http://www.reactome.org/biopax/96/48892#Catalysis2307,1832
1642,5280|9255|9849,7943|9261|9704,3,3,http://www.reactome.org/biopax/96/48892#BiochemicalReaction4506,1,http://www.reactome.org/biopax/96/48892#Catalysis2684,1833
1643,5323|10177|10301,9236|10159,3,2,http://www.reactome.org/biopax/96/48892#BiochemicalReaction4664,1,http://www.reactome.org/biopax/96/48892#Catalysis2835,1834
1644,1951|4679,1952,2,1,http://www.reactome.org/biopax/96/48892#BiochemicalReaction2903,1,http://www.reactome.org/biopax/96/48892#Catalysis1165,1835
1645,2718|10109,10113,2,1,http://www.reactome.org/biopax/96/48892#BiochemicalReaction4749,1,http://www.reactome.org/biopax/96/48892#Catalysis2902,1837
1646,2151|7986|8314,8046|8067,3,2,http://www.reactome.org/biopax/96/48892#BiochemicalReaction3512,1,http://www.reactome.org/biopax/96/48892#Catalysis1750,1838
1647,2066|7940|10269,8018,3,1,http://www.reactome.org/biopax/96/48892#BiochemicalReaction3222,1,http://www.reactome.org/biopax/96/48892#Catalysis1462,1839
1648,5188|7943|8985|10282,8986|9428|9635,4,3,http://www.reactome.org/biopax/96/48892#BiochemicalReaction4210,1,http://www.reactome.org/biopax/96/48892#Catalysis2395,1840
1649,1866|1867|4367,1865|4652|7520,3,3,http://www.reactome.org/biopax/96/48892#BiochemicalReaction2733,-1,http://www.reactome.org/biopax/96/48892#Control333,1841
1650,6467|7986,434|8067,2,2,http://www.reactome.org/biopax/96/48892#BiochemicalReaction9109,1,http://www.reactome.org/biopax/96/48892#Catalysis4660,1842
1651,3969|6071|10089|10162,6096|10165|10169|10170,4,4,http://www.reactome.org/biopax/96/48892#BiochemicalReaction7628,1,http://www.reactome.org/biopax/96/48892#Catalysis4120,1843
1652,2048|4826|9973,7970|7971|9982,3,3,http://www.reactome.org/biopax/96/48892#BiochemicalReaction3181,1,http://www.reactome.org/biopax/96/48892#Catalysis1428,1844
1653,2888|10134,10133,2,1,http://www.reactome.org/biopax/96/48892#BiochemicalReaction5059,1,http://www.reactome.org/biopax/96/48892#Catalysis3032,1845
1654,151|7078|7986|8035,152|8067,4,2,http://www.reactome.org/biopax/96/48892#BiochemicalReaction8437,1,http://www.reactome.org/biopax/96/48892#Catalysis4473,1846
1655,4071|5254|7974|10091,5253|7976,4,2,http://www.reactome.org/biopax/96/48892#BiochemicalReaction7909,1,http://www.reactome.org/biopax/96/48892#Catalysis4266,1847
1656,4812|7986|8480|9704,8481|9236|9428,4,3,http://www.reactome.org/biopax/96/48892#BiochemicalReaction3668,1,http://www.reactome.org/biopax/96/48892#Catalysis1896,1849
1657,7196|10035|10036,10026|10037,3,2,http://www.reactome.org/biopax/96/48892#BiochemicalReaction1043,1,http://www.reactome.org/biopax/96/48892#Catalysis407,1850
1658,5168|10273,8947,2,1,http://www.reactome.org/biopax/96/48892#BiochemicalReaction4156,1,http://www.reactome.org/biopax/96/48892#Catalysis2342,1851
1659,2667|8529|10300,9485|10301,3,2,http://www.reactome.org/biopax/96/48892#BiochemicalReaction4657,1,http://www.reactome.org/biopax/96/48892#Catalysis2828,1852
1660,1066|7302|10081,7303|10055|10070,3,3,http://www.reactome.org/biopax/96/48892#BiochemicalReaction1137,1,http://www.reactome.org/biopax/96/48892#Catalysis467,1854
1661,2366|8067|8809,7986|8806,3,2,http://www.reactome.org/biopax/96/48892#BiochemicalReaction4047,1,http://www.reactome.org/biopax/96/48892#Catalysis2233,1856
1662,6305|6817|8622,6308|8631,3,2,http://www.reactome.org/biopax/96/48892#BiochemicalReaction7873,1,http://www.reactome.org/biopax/96/48892#Catalysis4246,1857
1663,5792|7802|8622,5794|8631,3,2,http://www.reactome.org/biopax/96/48892#BiochemicalReaction1840,1,http://www.reactome.org/biopax/96/48892#Catalysis859,1858
1664,1981|7986|10254,7943|8067|10255,3,3,http://www.reactome.org/biopax/96/48892#BiochemicalReaction2947,1,http://www.reactome.org/biopax/96/48892#Catalysis1207,1859
1665,4904|8386|10161,8221|8239,3,2,http://www.reactome.org/biopax/96/48892#BiochemicalReaction3397,-1,http://www.reactome.org/biopax/96/48892#Control406,1860
1666,1013|7986|9814,7943|8067|9827,3,3,http://www.reactome.org/biopax/96/48892#BiochemicalReaction1000,1,http://www.reactome.org/biopax/96/48892#Catalysis364,1861
1667,3888|6182|9245,6183|9256,3,2,http://www.reactome.org/biopax/96/48892#BiochemicalReaction7320,1,http://www.reactome.org/biopax/96/48892#Control904,1862
1668,5872|5900|7986,5901|8067,3,2,http://www.reactome.org/biopax/96/48892#BiochemicalReaction6455,1,http://www.reactome.org/biopax/96/48892#Catalysis3731,1863
1669,4822|8029|8051|8054,7982|8031|8055|9469|9502,4,5,http://www.reactome.org/biopax/96/48892#BiochemicalReaction3250,1,http://www.reactome.org/biopax/96/48892#Catalysis1490,1864
1670,7241|10056|10066,4384,3,1,http://www.reactome.org/biopax/96/48892#BiochemicalReaction1100,1,http://www.reactome.org/biopax/96/48892#Catalysis436,1866
1671,2169|8380,2170,2,1,http://www.reactome.org/biopax/96/48892#BiochemicalReaction3572,1,http://www.reactome.org/biopax/96/48892#Catalysis1804,1867
1672,2360|8767|9513|10177,7943|8781|9538,4,3,http://www.reactome.org/biopax/96/48892#BiochemicalReaction4022,1,http://www.reactome.org/biopax/96/48892#Catalysis2210,1868
1673,2019|10043|10177,10041|10350,3,2,http://www.reactome.org/biopax/96/48892#BiochemicalReaction3075,1,http://www.reactome.org/biopax/96/48892#Catalysis1324,1871
1674,4463|7943|8509|10258,8511|10298,4,2,http://www.reactome.org/biopax/96/48892#BiochemicalReaction3692,1,http://www.reactome.org/biopax/96/48892#Catalysis1920,1872
1675,616|7986,615|4638|8067,2,3,http://www.reactome.org/biopax/96/48892#BiochemicalReaction9567,1,http://www.reactome.org/biopax/96/48892#Catalysis4837,1873
1676,5150|8720|8797,8600|8798,3,2,http://www.reactome.org/biopax/96/48892#BiochemicalReaction4040,1,http://www.reactome.org/biopax/96/48892#Catalysis2226,1874
1677,1569|7084|7986,7854|8067,3,2,http://www.reactome.org/biopax/96/48892#BiochemicalReaction2120,1,http://www.reactome.org/biopax/96/48892#Catalysis932,1875
1678,2067|7998|10208,8020|10177,3,2,http://www.reactome.org/biopax/96/48892#BiochemicalReaction7906,1,http://www.reactome.org/biopax/96/48892#Catalysis4263,1876
1679,2505|9063|10091,9064|9367,3,2,http://www.reactome.org/biopax/96/48892#BiochemicalReaction4301,1,http://www.reactome.org/biopax/96/48892#Catalysis2480,1877
1680,5796|6149|8622,6013|8631,3,2,http://www.reactome.org/biopax/96/48892#BiochemicalReaction6757,1,http://www.reactome.org/biopax/96/48892#Catalysis3842,1878
1681,567|6579|10177,566|10159,3,2,http://www.reactome.org/biopax/96/48892#BiochemicalReaction9430,1,http://www.reactome.org/biopax/96/48892#Catalysis4797,1879
1682,5477|10109|10292,10113|10293,3,2,http://www.reactome.org/biopax/96/48892#BiochemicalReaction5169,1,http://www.reactome.org/biopax/96/48892#Catalysis3082,1880
1683,2416|8386|8926,8555|8927|10051,3,3,http://www.reactome.org/biopax/96/48892#BiochemicalReaction4142,1,http://www.reactome.org/biopax/96/48892#Catalysis2328,1881
1684,2213|7974|8472|8551|10091,7976|8553|9439,5,3,http://www.reactome.org/biopax/96/48892#BiochemicalReaction3736,1,http://www.reactome.org/biopax/96/48892#Catalysis1960,1882
1685,1488|1490|7986,1489|8067,3,2,http://www.reactome.org/biopax/96/48892#BiochemicalReaction1896,1,http://www.reactome.org/biopax/96/48892#Control265,1883
1686,5550|7986|9753|10177,8067|9754|10159,4,3,http://www.reactome.org/biopax/96/48892#BiochemicalReaction5358,1,http://www.reactome.org/biopax/96/48892#Catalysis3247,1884
1687,5152|7986|9878,8067|9879,3,2,http://www.reactome.org/biopax/96/48892#BiochemicalReaction7679,1,http://www.reactome.org/biopax/96/48892#Catalysis4146,1886
1688,600|2612|3363,3473,3,1,http://www.reactome.org/biopax/96/48892#BiochemicalReaction9542,1,http://www.reactome.org/biopax/96/48892#Control1233,1887
1689,3317|5779|8164,280|10157,3,2,http://www.reactome.org/biopax/96/48892#BiochemicalReaction6138,1,http://www.reactome.org/biopax/96/48892#Catalysis3584,1888
1690,4809|7945,2042,2,1,http://www.reactome.org/biopax/96/48892#BiochemicalReaction3162,1,http://www.reactome.org/biopax/96/48892#Catalysis1410,1889
1691,6111|6125|8622,3950|8631,3,2,http://www.reactome.org/biopax/96/48892#BiochemicalReaction598,1,http://www.reactome.org/biopax/96/48892#Catalysis201,1890
1692,3474|5872|7986,3476|8067,3,2,http://www.reactome.org/biopax/96/48892#BiochemicalReaction6437,1,http://www.reactome.org/biopax/96/48892#Catalysis3721,1891
1693,1380|2858,5466,2,1,http://www.reactome.org/biopax/96/48892#BiochemicalReaction1654,1,http://www.reactome.org/biopax/96/48892#Catalysis796,1892
1694,3809|7986,3802|8067,2,2,http://www.reactome.org/biopax/96/48892#BiochemicalReaction7182,1,http://www.reactome.org/biopax/96/48892#Catalysis3950,1893
1695,4504|7943|9551|10258|10269,9555|10177|10298,5,3,http://www.reactome.org/biopax/96/48892#BiochemicalReaction4702,1,http://www.reactome.org/biopax/96/48892#Catalysis2873,1894
1696,2406|9928|10177,9428|9926,3,2,http://www.reactome.org/biopax/96/48892#BiochemicalReaction7727,1,http://www.reactome.org/biopax/96/48892#Catalysis4192,1895
1697,4113|7332|7417,6820|7418,3,2,http://www.reactome.org/biopax/96/48892#BiochemicalReaction1203,1,http://www.reactome.org/biopax/96/48892#Catalysis533,1897
1698,1846|7986,1847|8067,2,2,http://www.reactome.org/biopax/96/48892#BiochemicalReaction2695,1,http://www.reactome.org/biopax/96/48892#Catalysis1103,1899
1699,5310|8386|9014|9432,8555|9431|9433|10201,4,4,http://www.reactome.org/biopax/96/48892#BiochemicalReaction4626,1,http://www.reactome.org/biopax/96/48892#Catalysis2799,1900
1700,4058|5337,2856|6311|6312,2,3,http://www.reactome.org/biopax/96/48892#BiochemicalReaction7885,1,http://www.reactome.org/biopax/96/48892#Catalysis4252,1901
1701,5200|9741,9742,2,1,http://www.reactome.org/biopax/96/48892#BiochemicalReaction5327,1,http://www.reactome.org/biopax/96/48892#Catalysis3229,1902
1702,2543|9120|10177,9121,3,1,http://www.reactome.org/biopax/96/48892#BiochemicalReaction4365,1,http://www.reactome.org/biopax/96/48892#Catalysis2544,1904
1703,4855|8064|8065,8066|8068,3,2,http://www.reactome.org/biopax/96/48892#BiochemicalReaction3255,1,http://www.reactome.org/biopax/96/48892#Catalysis1495,1905
1704,2897|4227|5937,3905,3,1,http://www.reactome.org/biopax/96/48892#BiochemicalReaction9819,-1,http://www.reactome.org/biopax/96/48892#Control1289,1906
1705,2734|5876,2734,2,1,http://www.reactome.org/biopax/96/48892#BiochemicalReaction6496,1,http://www.reactome.org/biopax/96/48892#Catalysis3751,1907
1706,2083|8110|10217,8099|8111|10091,3,3,http://www.reactome.org/biopax/96/48892#BiochemicalReaction3291,1,http://www.reactome.org/biopax/96/48892#Catalysis1531,1908
1707,1990|10271,10268,2,1,http://www.reactome.org/biopax/96/48892#BiochemicalReaction2966,1,http://www.reactome.org/biopax/96/48892#Catalysis1226,1909
1708,2226|8615,8616|10230,2,2,http://www.reactome.org/biopax/96/48892#BiochemicalReaction3791,1,http://www.reactome.org/biopax/96/48892#Catalysis2012,1911
1709,150|6247|7986,6248|8067,3,2,http://www.reactome.org/biopax/96/48892#BiochemicalReaction7600,1,http://www.reactome.org/biopax/96/48892#Control973,1912
1710,2286|10091|10228,9367|10226,3,2,http://www.reactome.org/biopax/96/48892#BiochemicalReaction3921,1,http://www.reactome.org/biopax/96/48892#Catalysis2134,1913
1711,1309|7986,1310|8067,2,2,http://www.reactome.org/biopax/96/48892#BiochemicalReaction1563,1,http://www.reactome.org/biopax/96/48892#Catalysis750,1914
1712,2921|9098|9702,9162|9703,3,2,http://www.reactome.org/biopax/96/48892#BiochemicalReaction5253,1,http://www.reactome.org/biopax/96/48892#Catalysis3165,1915
1713,5622|6003|8622,6004|8631,3,2,http://www.reactome.org/biopax/96/48892#BiochemicalReaction6729,1,http://www.reactome.org/biopax/96/48892#Catalysis3826,1916
1714,2408|8905|10177,8906|10159,3,2,http://www.reactome.org/biopax/96/48892#BiochemicalReaction4124,1,http://www.reactome.org/biopax/96/48892#Catalysis2310,1917
1715,2103|8210|9691,7945|9704,3,2,http://www.reactome.org/biopax/96/48892#BiochemicalReaction3357,1,http://www.reactome.org/biopax/96/48892#Catalysis1595,1918
1716,2975|10214|10297,10107|10295,3,2,http://www.reactome.org/biopax/96/48892#BiochemicalReaction5401,1,http://www.reactome.org/biopax/96/48892#Catalysis3280,1919
1717,5776|5778|9811,5777|7982,3,2,http://www.reactome.org/biopax/96/48892#BiochemicalReaction6129,1,http://www.reactome.org/biopax/96/48892#Catalysis3579,1920
1718,4581|4582|8528,2152,3,1,http://www.reactome.org/biopax/96/48892#BiochemicalReaction341,1,http://www.reactome.org/biopax/96/48892#Control69,1921
1719,7943|8164|9854,9428|9643,3,2,http://www.reactome.org/biopax/96/48892#BiochemicalReaction1008,1,http://www.reactome.org/biopax/96/48892#Control173,1922
1720,4643|4645|7590,1799,3,1,http://www.reactome.org/biopax/96/48892#BiochemicalReaction2601,1,http://www.reactome.org/biopax/96/48892#Catalysis1081,1923
1721,2057|7993,7997,2,1,http://www.reactome.org/biopax/96/48892#BiochemicalReaction3202,1,http://www.reactome.org/biopax/96/48892#Catalysis1443,1924
1722,3973|10133|10372,10134|10349,3,2,http://www.reactome.org/biopax/96/48892#BiochemicalReaction7639,1,http://www.reactome.org/biopax/96/48892#Catalysis4124,1925
1723,49|7986,50|8067,2,2,http://www.reactome.org/biopax/96/48892#BiochemicalReaction8292,1,http://www.reactome.org/biopax/96/48892#Catalysis4410,1927
1724,4999|8387,2172,2,1,http://www.reactome.org/biopax/96/48892#BiochemicalReaction3574,1,http://www.reactome.org/biopax/96/48892#Catalysis1806,1928
1725,4030|4031,4032|10159,2,2,http://www.reactome.org/biopax/96/48892#BiochemicalReaction7828,1,http://www.reactome.org/biopax/96/48892#Control1014,1929
1726,413|2858,5466|7507,2,2,http://www.reactome.org/biopax/96/48892#BiochemicalReaction9073,1,http://www.reactome.org/biopax/96/48892#Catalysis4648,1930
1727,6978|8314|10177,7709|10159,3,2,http://www.reactome.org/biopax/96/48892#BiochemicalReaction9392,-1,http://www.reactome.org/biopax/96/48892#Control1225,1931
1728,2778|4665|7986,3552|8067,3,2,http://www.reactome.org/biopax/96/48892#BiochemicalReaction6559,1,http://www.reactome.org/biopax/96/48892#Catalysis3778,1932
1729,3175|5649|9797,3176|8957,3,2,http://www.reactome.org/biopax/96/48892#BiochemicalReaction5731,-1,http://www.reactome.org/biopax/96/48892#Control709,1933
1730,96|98|6395,97,3,1,http://www.reactome.org/biopax/96/48892#BiochemicalReaction8371,-1,http://www.reactome.org/biopax/96/48892#Control1116,1934
1731,3208,3056|3167|3197|3198|3210|4537|5652|5653|5656,1,9,http://www.reactome.org/biopax/96/48892#BiochemicalReaction5765,1,http://www.reactome.org/biopax/96/48892#Catalysis3450,1935
1732,988|7113|7943|9531|9538,7112|9513|9524,5,3,http://www.reactome.org/biopax/96/48892#BiochemicalReaction959,1,http://www.reactome.org/biopax/96/48892#Catalysis323,1936
1733,1160|10177,1161|4394,2,2,http://www.reactome.org/biopax/96/48892#BiochemicalReaction1301,1,http://www.reactome.org/biopax/96/48892#Catalysis619,1937
1734,1145|7573,1561|7766,2,2,http://www.reactome.org/biopax/96/48892#BiochemicalReaction211,1,http://www.reactome.org/biopax/96/48892#Catalysis87,1938
1735,2557|8386|8761|9014,8407|9147|10201,4,3,http://www.reactome.org/biopax/96/48892#BiochemicalReaction4391,1,http://www.reactome.org/biopax/96/48892#Catalysis2570,1939
1736,441|444|7986,445|8067,3,2,http://www.reactome.org/biopax/96/48892#BiochemicalReaction9120,1,http://www.reactome.org/biopax/96/48892#Catalysis4668,1940
1737,3685|5337,2856|6035,2,2,http://www.reactome.org/biopax/96/48892#BiochemicalReaction6831,1,http://www.reactome.org/biopax/96/48892#Catalysis3872,1941
1738,710|814|816,815,3,1,http://www.reactome.org/biopax/96/48892#BiochemicalReaction10137,1,http://www.reactome.org/biopax/96/48892#Catalysis5050,1942
1739,2080|8097|10217,8098|8099|10091,3,3,http://www.reactome.org/biopax/96/48892#BiochemicalReaction3278,1,http://www.reactome.org/biopax/96/48892#Catalysis1518,1943
1740,2708,2710|9236,1,2,http://www.reactome.org/biopax/96/48892#BiochemicalReaction4738,1,http://www.reactome.org/biopax/96/48892#Catalysis2899,1944
1741,3437|5876|8918,5877|8643,3,2,http://www.reactome.org/biopax/96/48892#BiochemicalReaction6387,1,http://www.reactome.org/biopax/96/48892#Catalysis3691,1945
1742,2359|8770|8779,8771|8780,3,2,http://www.reactome.org/biopax/96/48892#BiochemicalReaction4020,1,http://www.reactome.org/biopax/96/48892#Catalysis2208,1946
1743,2932|10177,8386,2,1,http://www.reactome.org/biopax/96/48892#BiochemicalReaction5320,1,http://www.reactome.org/biopax/96/48892#Catalysis3223,1947
1744,22|25|7986,24|8067,3,2,http://www.reactome.org/biopax/96/48892#BiochemicalReaction8251,-1,http://www.reactome.org/biopax/96/48892#Control1109,1948
1745,865|8573,10375,2,1,http://www.reactome.org/biopax/96/48892#BiochemicalReaction3107,1,http://www.reactome.org/biopax/96/48892#Catalysis1356,1949
1746,1069|7322|7412,6820|7414,3,2,http://www.reactome.org/biopax/96/48892#BiochemicalReaction1201,1,http://www.reactome.org/biopax/96/48892#Catalysis531,1952
1747,2386|7986|8839,7943|8067|8792,3,3,http://www.reactome.org/biopax/96/48892#BiochemicalReaction4074,1,http://www.reactome.org/biopax/96/48892#Catalysis2260,1953
1748,4205|7986,4206|8067,2,2,http://www.reactome.org/biopax/96/48892#BiochemicalReaction8196,1,http://www.reactome.org/biopax/96/48892#Catalysis4369,1954
1749,820|6808,821|9000,2,2,http://www.reactome.org/biopax/96/48892#BiochemicalReaction10148,1,http://www.reactome.org/biopax/96/48892#Catalysis5052,1955
1750,249|7986,250|8067,2,2,http://www.reactome.org/biopax/96/48892#BiochemicalReaction8595,1,http://www.reactome.org/biopax/96/48892#Catalysis4535,1956
1751,2070|7940|10269,8025,3,1,http://www.reactome.org/biopax/96/48892#BiochemicalReaction3228,1,http://www.reactome.org/biopax/96/48892#Catalysis1468,1957
1752,2533|5227|7952,5228|9103,3,2,http://www.reactome.org/biopax/96/48892#BiochemicalReaction4344,1,http://www.reactome.org/biopax/96/48892#Catalysis2523,1958
1753,1565|3404|8164,3144|10157,3,2,http://www.reactome.org/biopax/96/48892#BiochemicalReaction2113,1,http://www.reactome.org/biopax/96/48892#Catalysis929,1959
1754,4901|8211|8218,8219|9704,3,2,http://www.reactome.org/biopax/96/48892#BiochemicalReaction3369,1,http://www.reactome.org/biopax/96/48892#Catalysis1607,1960
1755,1690|7033|7986,3097|8067,3,2,http://www.reactome.org/biopax/96/48892#BiochemicalReaction2336,1,http://www.reactome.org/biopax/96/48892#Catalysis1019,1961
1756,4072|7590|10099,7606|9502,3,2,http://www.reactome.org/biopax/96/48892#BiochemicalReaction7912,1,http://www.reactome.org/biopax/96/48892#Catalysis4268,1962
1757,4091|4092,10207,2,1,http://www.reactome.org/biopax/96/48892#BiochemicalReaction7947,1,http://www.reactome.org/biopax/96/48892#Catalysis4287,1963
1758,732|6688|10177,6429|10159,3,2,http://www.reactome.org/biopax/96/48892#BiochemicalReaction9905,-1,http://www.reactome.org/biopax/96/48892#Control1309,1964
1759,3157|3160,3161,2,1,http://www.reactome.org/biopax/96/48892#BiochemicalReaction5711,1,http://www.reactome.org/biopax/96/48892#Catalysis3427,1965
1760,2981|2982|5582|5583|5584|9776|9777|9778,2983,8,1,http://www.reactome.org/biopax/96/48892#BiochemicalReaction5430,1,http://www.reactome.org/biopax/96/48892#Control670,1966
1761,762|6706|7831,763,3,1,http://www.reactome.org/biopax/96/48892#BiochemicalReaction9969,-1,http://www.reactome.org/biopax/96/48892#Control1330,1967
1762,4851|8072|9480|9588,8073|9502|9570,4,3,http://www.reactome.org/biopax/96/48892#BiochemicalReaction3259,1,http://www.reactome.org/biopax/96/48892#Catalysis1499,1968
1763,993|9396|9595,9450|9599,3,2,http://www.reactome.org/biopax/96/48892#BiochemicalReaction966,1,http://www.reactome.org/biopax/96/48892#Catalysis330,1969
1764,9759|10109,10113,2,1,http://www.reactome.org/biopax/96/48892#BiochemicalReaction5363,-1,http://www.reactome.org/biopax/96/48892#Control648,1970
1765,658|4626,6769|6770,2,2,http://www.reactome.org/biopax/96/48892#BiochemicalReaction10014,1,http://www.reactome.org/biopax/96/48892#Catalysis5011,1971
1766,1263|7635,7637,2,1,http://www.reactome.org/biopax/96/48892#BiochemicalReaction1475,1,http://www.reactome.org/biopax/96/48892#Control205,1972
1767,2424|7998|9512,8020|9514|10177,3,3,http://www.reactome.org/biopax/96/48892#BiochemicalReaction4677,1,http://www.reactome.org/biopax/96/48892#Catalysis2848,1973
1768,7103|7109,7111,2,1,http://www.reactome.org/biopax/96/48892#BiochemicalReaction145,1,http://www.reactome.org/biopax/96/48892#Control27,1976
1769,7111|8046,7915|8057,2,2,http://www.reactome.org/biopax/96/48892#BiochemicalReaction147,1,http://www.reactome.org/biopax/96/48892#Catalysis62,1977
1770,1714|1728,4377|8407,2,2,http://www.reactome.org/biopax/96/48892#BiochemicalReaction234,1,http://www.reactome.org/biopax/96/48892#Catalysis99,1978
1771,2875|10109|10133|10372,10113|10134|10349,4,3,http://www.reactome.org/biopax/96/48892#BiochemicalReaction5041,1,http://www.reactome.org/biopax/96/48892#Catalysis3018,1979
1772,2877|10134,10133,2,1,http://www.reactome.org/biopax/96/48892#BiochemicalReaction5045,1,http://www.reactome.org/biopax/96/48892#Catalysis3020,1980
1773,150|2263,2264,2,1,http://www.reactome.org/biopax/96/48892#BiochemicalReaction3896,1,http://www.reactome.org/biopax/96/48892#Catalysis2111,1981
1774,2383|8828|10282,8831|9428,3,2,http://www.reactome.org/biopax/96/48892#BiochemicalReaction4070,1,http://www.reactome.org/biopax/96/48892#Catalysis2256,1982
1775,4948|8309|10177,8257|10159,3,2,http://www.reactome.org/biopax/96/48892#BiochemicalReaction3487,1,http://www.reactome.org/biopax/96/48892#Catalysis1725,1983
1776,1810|7986,1811|8067,2,2,http://www.reactome.org/biopax/96/48892#BiochemicalReaction2636,1,http://www.reactome.org/biopax/96/48892#Catalysis1086,1984
1777,2352,2353|9439,1,2,http://www.reactome.org/biopax/96/48892#BiochemicalReaction3997,1,http://www.reactome.org/biopax/96/48892#Catalysis2189,1985
1778,1487|4607|7986,4637|8067,3,2,http://www.reactome.org/biopax/96/48892#BiochemicalReaction7984,1,http://www.reactome.org/biopax/96/48892#Control1046,1986
1779,5466|6548|7528,6563,3,1,http://www.reactome.org/biopax/96/48892#BiochemicalReaction9406,1,http://www.reactome.org/biopax/96/48892#Catalysis4784,1987
1780,1549|7986|8046,8035|8067,3,2,http://www.reactome.org/biopax/96/48892#BiochemicalReaction2081,1,http://www.reactome.org/biopax/96/48892#Catalysis915,1988
1781,2858|2915,5466,2,1,http://www.reactome.org/biopax/96/48892#BiochemicalReaction5146,1,http://www.reactome.org/biopax/96/48892#Catalysis3059,1989
1782,631|7986,632|8067,2,2,http://www.reactome.org/biopax/96/48892#BiochemicalReaction9599,1,http://www.reactome.org/biopax/96/48892#Catalysis4854,1990
1783,1074|4113|7335,6820|7336,3,2,http://www.reactome.org/biopax/96/48892#BiochemicalReaction1155,1,http://www.reactome.org/biopax/96/48892#Catalysis485,1991
1784,2884|10134,10133,2,1,http://www.reactome.org/biopax/96/48892#BiochemicalReaction5055,1,http://www.reactome.org/biopax/96/48892#Catalysis3028,1992
1785,636|6626|7986,6627|8067,3,2,http://www.reactome.org/biopax/96/48892#BiochemicalReaction9620,-1,http://www.reactome.org/biopax/96/48892#Control1237,1993
1786,4217|7986,4218|8067,2,2,http://www.reactome.org/biopax/96/48892#BiochemicalReaction8215,1,http://www.reactome.org/biopax/96/48892#Catalysis4377,1994
1787,1384|1386|7986,1385|8067,3,2,http://www.reactome.org/biopax/96/48892#BiochemicalReaction1667,-1,http://www.reactome.org/biopax/96/48892#Control239,1996
1788,3480|5872|7986,3481|8067,3,2,http://www.reactome.org/biopax/96/48892#BiochemicalReaction6442,1,http://www.reactome.org/biopax/96/48892#Catalysis3724,1997
1789,698|6848|10089|10162,4876|10165|10169|10170,4,4,http://www.reactome.org/biopax/96/48892#BiochemicalReaction9783,1,http://www.reactome.org/biopax/96/48892#Catalysis4919,1998
1790,5160|7986|8855,7943|8067|8857,3,3,http://www.reactome.org/biopax/96/48892#BiochemicalReaction4083,1,http://www.reactome.org/biopax/96/48892#Catalysis2269,1999
1791,900|902|10177,4360|6972|6975|6977|6987|6988|6989|9236,3,8,http://www.reactome.org/biopax/96/48892#BiochemicalReaction829,1,http://www.reactome.org/biopax/96/48892#Catalysis266,2000
1792,5929|6389|8622,5817|8631,3,2,http://www.reactome.org/biopax/96/48892#BiochemicalReaction8300,1,http://www.reactome.org/biopax/96/48892#Catalysis4414,2001
1793,173|6085|7986,6404|8067,3,2,http://www.reactome.org/biopax/96/48892#BiochemicalReaction8472,1,http://www.reactome.org/biopax/96/48892#Catalysis4487,2002
1794,415|3914|9245,3915|9256|9843,3,3,http://www.reactome.org/biopax/96/48892#BiochemicalReaction7435,1,http://www.reactome.org/biopax/96/48892#Catalysis4066,2003
1795,2798|2812|5396|5397|6099|7907,2813,6,1,http://www.reactome.org/biopax/96/48892#BiochemicalReaction4971,1,http://www.reactome.org/biopax/96/48892#Catalysis2968,2004
1796,4983|8251|8342,8250|8343,3,2,http://www.reactome.org/biopax/96/48892#BiochemicalReaction3547,1,http://www.reactome.org/biopax/96/48892#Catalysis1782,2005
1797,1428|5955|5956|8164|10177,1430|10157|10159,5,3,http://www.reactome.org/biopax/96/48892#BiochemicalReaction1748,1,http://www.reactome.org/biopax/96/48892#Catalysis831,2007
1798,1957|9898|10177,10236,3,1,http://www.reactome.org/biopax/96/48892#BiochemicalReaction2911,1,http://www.reactome.org/biopax/96/48892#Catalysis1173,2008
1799,658|7219,6762|6763,2,2,http://www.reactome.org/biopax/96/48892#BiochemicalReaction10011,1,http://www.reactome.org/biopax/96/48892#Catalysis5008,2009
1800,4137|7986,4138|8067,2,2,http://www.reactome.org/biopax/96/48892#BiochemicalReaction8116,1,http://www.reactome.org/biopax/96/48892#Catalysis4334,2010
1801,2371|7943|8020|10258,7998|10298,4,2,http://www.reactome.org/biopax/96/48892#BiochemicalReaction4055,1,http://www.reactome.org/biopax/96/48892#Catalysis2241,2011
1802,4723|4725|9947,4724|9946|10070,3,3,http://www.reactome.org/biopax/96/48892#BiochemicalReaction3002,1,http://www.reactome.org/biopax/96/48892#Catalysis1261,2012
1803,372|5466,374,2,1,http://www.reactome.org/biopax/96/48892#BiochemicalReaction8993,1,http://www.reactome.org/biopax/96/48892#Catalysis4620,2013
1804,4113|7389|7391,6820|7390,3,2,http://www.reactome.org/biopax/96/48892#BiochemicalReaction1186,1,http://www.reactome.org/biopax/96/48892#Catalysis516,2014
1805,4936|8211|8279,9704|10124,3,2,http://www.reactome.org/biopax/96/48892#BiochemicalReaction3457,1,http://www.reactome.org/biopax/96/48892#Catalysis1695,2015
1806,2551|7600|9137|10091,5242|9367,4,2,http://www.reactome.org/biopax/96/48892#BiochemicalReaction4382,1,http://www.reactome.org/biopax/96/48892#Catalysis2561,2016
1807,2276|4976|10269|10291,2277|8716,4,2,http://www.reactome.org/biopax/96/48892#BiochemicalReaction3909,1,http://www.reactome.org/biopax/96/48892#Control440,2018
1808,3230|8622,3147|3152|3231|8631,2,4,http://www.reactome.org/biopax/96/48892#BiochemicalReaction5800,1,http://www.reactome.org/biopax/96/48892#Catalysis3465,2019
1809,6144|6146|10089|10162,6134|10165|10169|10170,4,4,http://www.reactome.org/biopax/96/48892#BiochemicalReaction7278,1,http://www.reactome.org/biopax/96/48892#Catalysis3991,2020
1810,4452|10123|10177,8259|9743,3,2,http://www.reactome.org/biopax/96/48892#BiochemicalReaction3424,1,http://www.reactome.org/biopax/96/48892#Catalysis1662,2021
1811,4290|6134|9245,6141|9256,3,2,http://www.reactome.org/biopax/96/48892#BiochemicalReaction7293,1,http://www.reactome.org/biopax/96/48892#Catalysis4006,2022
1812,4159|5958|8528,4161,3,1,http://www.reactome.org/biopax/96/48892#BiochemicalReaction8141,1,http://www.reactome.org/biopax/96/48892#Control1094,2023
1813,3414|5887|7986,3418|8067,3,2,http://www.reactome.org/biopax/96/48892#BiochemicalReaction483,1,http://www.reactome.org/biopax/96/48892#Catalysis168,2024
1814,7760|10149,10150|10151,2,2,http://www.reactome.org/biopax/96/48892#BiochemicalReaction1708,1,http://www.reactome.org/biopax/96/48892#Catalysis821,2025
1815,4953|8035|10177,10141|10159,3,2,http://www.reactome.org/biopax/96/48892#BiochemicalReaction3496,1,http://www.reactome.org/biopax/96/48892#Catalysis1734,2026
1816,6381|6382|8528,4219,3,1,http://www.reactome.org/biopax/96/48892#BiochemicalReaction8218,1,http://www.reactome.org/biopax/96/48892#Control1104,2027
1817,451|5466,452,2,1,http://www.reactome.org/biopax/96/48892#BiochemicalReaction9152,1,http://www.reactome.org/biopax/96/48892#Catalysis4681,2028
1818,3758|3760|3761|3763|3764|3765|3767,3766,7,1,http://www.reactome.org/biopax/96/48892#BiochemicalReaction7101,1,http://www.reactome.org/biopax/96/48892#Control887,2029
1819,4457|9660|10177,8274|9743,3,2,http://www.reactome.org/biopax/96/48892#BiochemicalReaction3449,1,http://www.reactome.org/biopax/96/48892#Catalysis1687,2030
1820,7867|8046|10177,8057|10140,3,2,http://www.reactome.org/biopax/96/48892#BiochemicalReaction2154,1,http://www.reactome.org/biopax/96/48892#Catalysis951,2031
1821,2412|8386|8916,8555|8917|10051,3,3,http://www.reactome.org/biopax/96/48892#BiochemicalReaction4135,1,http://www.reactome.org/biopax/96/48892#Catalysis2321,2032
1822,1861|7033|7986,7043|8067,3,2,http://www.reactome.org/biopax/96/48892#BiochemicalReaction2720,1,http://www.reactome.org/biopax/96/48892#Catalysis1107,2033
1823,3215|5337,3216,2,1,http://www.reactome.org/biopax/96/48892#BiochemicalReaction5771,1,http://www.reactome.org/biopax/96/48892#Catalysis3453,2034
1824,442|444|7986,445|8067,3,2,http://www.reactome.org/biopax/96/48892#BiochemicalReaction9119,1,http://www.reactome.org/biopax/96/48892#Catalysis4667,2035
1825,2657|9446|9447,9448|9451,3,2,http://www.reactome.org/biopax/96/48892#BiochemicalReaction4632,1,http://www.reactome.org/biopax/96/48892#Catalysis2805,2036
1826,2883|10133,10134,2,1,http://www.reactome.org/biopax/96/48892#BiochemicalReaction5054,1,http://www.reactome.org/biopax/96/48892#Catalysis3027,2037
1827,2858|3995,3996|5466,2,2,http://www.reactome.org/biopax/96/48892#BiochemicalReaction7775,1,http://www.reactome.org/biopax/96/48892#Catalysis4218,2038
1828,4209|7986,4210|8067,2,2,http://www.reactome.org/biopax/96/48892#BiochemicalReaction8202,1,http://www.reactome.org/biopax/96/48892#Catalysis4371,2039
1829,719|10349,6849,2,1,http://www.reactome.org/biopax/96/48892#BiochemicalReaction9865,1,http://www.reactome.org/biopax/96/48892#Control1299,2041
1830,3337|3613|8622,3614|8631,3,2,http://www.reactome.org/biopax/96/48892#BiochemicalReaction6739,1,http://www.reactome.org/biopax/96/48892#Catalysis3832,2042
1831,2991|5675,2997,2,1,http://www.reactome.org/biopax/96/48892#BiochemicalReaction428,1,http://www.reactome.org/biopax/96/48892#Catalysis144,2043
1832,4495|8029|9480|9582|10175,8031|9388|9502,5,3,http://www.reactome.org/biopax/96/48892#BiochemicalReaction4594,1,http://www.reactome.org/biopax/96/48892#Catalysis2769,2044
1833,2826|10372,10349,2,1,http://www.reactome.org/biopax/96/48892#BiochemicalReaction4998,1,http://www.reactome.org/biopax/96/48892#Catalysis2991,2047
1834,1102|10177,1103|10084,2,2,http://www.reactome.org/biopax/96/48892#BiochemicalReaction1268,1,http://www.reactome.org/biopax/96/48892#Catalysis591,2048
1835,4121|7986,4122|8067,2,2,http://www.reactome.org/biopax/96/48892#BiochemicalReaction8095,1,http://www.reactome.org/biopax/96/48892#Catalysis4324,2049
1836,691|7986|8046,8035|8067,3,2,http://www.reactome.org/biopax/96/48892#BiochemicalReaction9735,1,http://www.reactome.org/biopax/96/48892#Catalysis4909,2050
1837,5518|8555|9697,7943|9698,3,2,http://www.reactome.org/biopax/96/48892#BiochemicalReaction5245,1,http://www.reactome.org/biopax/96/48892#Catalysis3157,2051
1838,6345|7803|7986,6346|8067,3,2,http://www.reactome.org/biopax/96/48892#BiochemicalReaction8053,1,http://www.reactome.org/biopax/96/48892#Catalysis4314,2052
1839,7157|7943|9779|10258,9781|10298,4,2,http://www.reactome.org/biopax/96/48892#BiochemicalReaction996,1,http://www.reactome.org/biopax/96/48892#Catalysis360,2053
1840,1991|10239|10272,9344|10271,3,2,http://www.reactome.org/biopax/96/48892#BiochemicalReaction2968,1,http://www.reactome.org/biopax/96/48892#Catalysis1228,2054
1841,4635|7791|7986,7793|8067,3,2,http://www.reactome.org/biopax/96/48892#BiochemicalReaction2438,1,http://www.reactome.org/biopax/96/48892#Control319,2057
1842,2858|3522,2925|5466,2,2,http://www.reactome.org/biopax/96/48892#BiochemicalReaction6513,1,http://www.reactome.org/biopax/96/48892#Catalysis3759,2058
1843,3404|7079|8164,3144|10157,3,2,http://www.reactome.org/biopax/96/48892#BiochemicalReaction514,1,http://www.reactome.org/biopax/96/48892#Catalysis175,2059
1844,5012|8352|8386,8412|10051,3,2,http://www.reactome.org/biopax/96/48892#BiochemicalReaction3605,1,http://www.reactome.org/biopax/96/48892#Catalysis1837,2060
1845,2082|8121|9439,8122,3,1,http://www.reactome.org/biopax/96/48892#BiochemicalReaction3302,1,http://www.reactome.org/biopax/96/48892#Catalysis1542,2061
1846,2694|8386|9571,8555|10297,3,2,http://www.reactome.org/biopax/96/48892#BiochemicalReaction5392,1,http://www.reactome.org/biopax/96/48892#Catalysis3274,2062
1847,1069|1084|7419,1085|6820,3,2,http://www.reactome.org/biopax/96/48892#BiochemicalReaction1224,1,http://www.reactome.org/biopax/96/48892#Catalysis555,2063
1848,2941|9740|10183,9629,3,1,http://www.reactome.org/biopax/96/48892#BiochemicalReaction5323,1,http://www.reactome.org/biopax/96/48892#Catalysis3226,2064
1849,3561|9820|10177,9428|9821,3,2,http://www.reactome.org/biopax/96/48892#BiochemicalReaction6598,1,http://www.reactome.org/biopax/96/48892#Catalysis3789,2066
1850,2082|8113|9439,8114,3,1,http://www.reactome.org/biopax/96/48892#BiochemicalReaction3294,1,http://www.reactome.org/biopax/96/48892#Catalysis1534,2067
1851,1247|8993,10100,2,1,http://www.reactome.org/biopax/96/48892#BiochemicalReaction1444,1,http://www.reactome.org/biopax/96/48892#Catalysis691,2069
1852,3591,3593,1,1,http://www.reactome.org/biopax/96/48892#BiochemicalReaction7515,1,http://www.reactome.org/biopax/96/48892#Catalysis4083,2070
1853,2846|10109,10113,2,1,http://www.reactome.org/biopax/96/48892#BiochemicalReaction5015,1,http://www.reactome.org/biopax/96/48892#Control623,2071
1854,5571|9635,9571,2,1,http://www.reactome.org/biopax/96/48892#BiochemicalReaction5404,1,http://www.reactome.org/biopax/96/48892#Catalysis3283,2073
1855,4486|8029|9372|9480|9582,8031|9373|9502,5,3,http://www.reactome.org/biopax/96/48892#BiochemicalReaction4586,1,http://www.reactome.org/biopax/96/48892#Catalysis2761,2076
1856,919|7016,920,2,1,http://www.reactome.org/biopax/96/48892#BiochemicalReaction843,1,http://www.reactome.org/biopax/96/48892#Control129,2077
1857,1258|7626|8386,7633,3,1,http://www.reactome.org/biopax/96/48892#BiochemicalReaction1469,1,http://www.reactome.org/biopax/96/48892#Catalysis712,2078
1858,1830|7762,1534|7763,2,2,http://www.reactome.org/biopax/96/48892#BiochemicalReaction278,1,http://www.reactome.org/biopax/96/48892#Catalysis112,2079
1859,2641|9323|9324,9325|10204,3,2,http://www.reactome.org/biopax/96/48892#BiochemicalReaction4563,1,http://www.reactome.org/biopax/96/48892#Catalysis2738,2080
1860,5019|7943|8431|10258|10269,8432|8433|10177|10298,5,4,http://www.reactome.org/biopax/96/48892#BiochemicalReaction3626,1,http://www.reactome.org/biopax/96/48892#Catalysis1856,2081
1861,2327|8095,2328|8094,2,2,http://www.reactome.org/biopax/96/48892#BiochemicalReaction3975,1,http://www.reactome.org/biopax/96/48892#Catalysis2172,2083
1862,4020|8622,3625|8631,2,2,http://www.reactome.org/biopax/96/48892#BiochemicalReaction7812,1,http://www.reactome.org/biopax/96/48892#Catalysis4234,2084
1863,5404|8555|8834|10109|10134,7943|9847|10113|10133,5,4,http://www.reactome.org/biopax/96/48892#BiochemicalReaction4965,1,http://www.reactome.org/biopax/96/48892#Catalysis2963,2085
1864,4113|7329|7331,6820|7330,3,2,http://www.reactome.org/biopax/96/48892#BiochemicalReaction1151,1,http://www.reactome.org/biopax/96/48892#Catalysis481,2086
1865,2400|8830|10177|10269,8870|10208,4,2,http://www.reactome.org/biopax/96/48892#BiochemicalReaction4098,1,http://www.reactome.org/biopax/96/48892#Catalysis2284,2087
1866,3021|8748|8754|8758|8766,3030|8777,5,2,http://www.reactome.org/biopax/96/48892#BiochemicalReaction435,1,http://www.reactome.org/biopax/96/48892#Catalysis149,2088
1867,1745|8368,8315,2,1,http://www.reactome.org/biopax/96/48892#BiochemicalReaction237,1,http://www.reactome.org/biopax/96/48892#Catalysis101,2089
1868,3404|3735|8164,3144|10157,3,2,http://www.reactome.org/biopax/96/48892#BiochemicalReaction540,1,http://www.reactome.org/biopax/96/48892#Catalysis187,2090
1869,4950|8311|10177,8308|10159,3,2,http://www.reactome.org/biopax/96/48892#BiochemicalReaction3490,1,http://www.reactome.org/biopax/96/48892#Catalysis1728,2091
1870,135|136|7986,39|8067,3,2,http://www.reactome.org/biopax/96/48892#BiochemicalReaction8418,1,http://www.reactome.org/biopax/96/48892#Catalysis4463,2092
1871,2981|5581|9773|9775,2980,4,1,http://www.reactome.org/biopax/96/48892#BiochemicalReaction5429,1,http://www.reactome.org/biopax/96/48892#Catalysis3302,2093
1872,1839|7986,1840|8067,2,2,http://www.reactome.org/biopax/96/48892#BiochemicalReaction2686,1,http://www.reactome.org/biopax/96/48892#Catalysis1099,2094
1873,2614|7986|9238,7943|8067|9239,3,3,http://www.reactome.org/biopax/96/48892#BiochemicalReaction4489,1,http://www.reactome.org/biopax/96/48892#Catalysis2667,2095
1874,4417|10286,4417|4418,2,2,http://www.reactome.org/biopax/96/48892#BiochemicalReaction2980,1,http://www.reactome.org/biopax/96/48892#Control387,2096
1875,5595|8211|8449,9704|9784,3,2,http://www.reactome.org/biopax/96/48892#BiochemicalReaction5483,1,http://www.reactome.org/biopax/96/48892#Catalysis3316,2098
1876,7193|9706|10027,10026|10028,3,2,http://www.reactome.org/biopax/96/48892#BiochemicalReaction1039,1,http://www.reactome.org/biopax/96/48892#Catalysis403,2099
1877,1882|7986,1883|8067,2,2,http://www.reactome.org/biopax/96/48892#BiochemicalReaction2772,1,http://www.reactome.org/biopax/96/48892#Catalysis1116,2100
1878,3135|5637|8923,3136|8930|8931,3,3,http://www.reactome.org/biopax/96/48892#BiochemicalReaction5688,1,http://www.reactome.org/biopax/96/48892#Catalysis3417,2101
1879,4904|8386|10172,8221|8260,3,2,http://www.reactome.org/biopax/96/48892#BiochemicalReaction3427,-1,http://www.reactome.org/biopax/96/48892#Control407,2102
1880,4470|8067|8796,7986|8794,3,2,http://www.reactome.org/biopax/96/48892#BiochemicalReaction4039,1,http://www.reactome.org/biopax/96/48892#Catalysis2225,2103
1881,765|3695|8654,3695|8957,3,2,http://www.reactome.org/biopax/96/48892#BiochemicalReaction6913,1,http://www.reactome.org/biopax/96/48892#Catalysis3888,2104
1882,2003|9973|10331,10332|10333,3,2,http://www.reactome.org/biopax/96/48892#BiochemicalReaction3064,1,http://www.reactome.org/biopax/96/48892#Catalysis1313,2105
1883,836|837|838|6924|6925|6926|6927|6928|6929|6931|6932|6933|6934|8622,827|832|833|839|6890|6896|6897|6898|6899|6901|6904|6910|6911|6919|6922|6923|8631|8643,14,18,http://www.reactome.org/biopax/96/48892#BiochemicalReaction745,1,http://www.reactome.org/biopax/96/48892#Catalysis243,2106
1884,5911|5913|9513|10177,5912|9009|9818,4,3,http://www.reactome.org/biopax/96/48892#BiochemicalReaction6466,1,http://www.reactome.org/biopax/96/48892#Catalysis3738,2108
1885,4184|4186|7986,4185|8067,3,2,http://www.reactome.org/biopax/96/48892#BiochemicalReaction8174,-1,http://www.reactome.org/biopax/96/48892#Control1096,2109
1886,1265|7943|8580|10258,8581|10298,4,2,http://www.reactome.org/biopax/96/48892#BiochemicalReaction3757,1,http://www.reactome.org/biopax/96/48892#Control427,2111
1887,1646|4587,4588|7829,2,2,http://www.reactome.org/biopax/96/48892#BiochemicalReaction2278,1,http://www.reactome.org/biopax/96/48892#Catalysis993,2112
1888,1685|7986,1686|8067,2,2,http://www.reactome.org/biopax/96/48892#BiochemicalReaction2327,1,http://www.reactome.org/biopax/96/48892#Catalysis1015,2113
1889,1693|4603,1694|4602|7746,2,3,http://www.reactome.org/biopax/96/48892#BiochemicalReaction2343,1,http://www.reactome.org/biopax/96/48892#Catalysis1022,2114
1890,3179|3699|8164,3173|10157,3,2,http://www.reactome.org/biopax/96/48892#BiochemicalReaction528,1,http://www.reactome.org/biopax/96/48892#Catalysis182,2116
1891,2225|7952|9114,8134|10230,3,2,http://www.reactome.org/biopax/96/48892#BiochemicalReaction4357,1,http://www.reactome.org/biopax/96/48892#Catalysis2536,2118
1892,1134|10177,1135|4392,2,2,http://www.reactome.org/biopax/96/48892#BiochemicalReaction1286,1,http://www.reactome.org/biopax/96/48892#Catalysis607,2119
1893,496|6507|9396,6510|9450,3,2,http://www.reactome.org/biopax/96/48892#BiochemicalReaction9283,-1,http://www.reactome.org/biopax/96/48892#Control1205,2120
1894,7084|7091|7986,7088|8067,3,2,http://www.reactome.org/biopax/96/48892#BiochemicalReaction143,1,http://www.reactome.org/biopax/96/48892#Catalysis60,2121
1895,3798|3812|3813|3814|3815|3816|3817|6104|10141,3804|3818|4949,9,3,http://www.reactome.org/biopax/96/48892#BiochemicalReaction7186,1,http://www.reactome.org/biopax/96/48892#Control893,2122
1896,121|7986|8046,8035|8067,3,2,http://www.reactome.org/biopax/96/48892#BiochemicalReaction8400,1,http://www.reactome.org/biopax/96/48892#Catalysis4453,2123
1897,2395|8386|9005,9006|10051,3,2,http://www.reactome.org/biopax/96/48892#BiochemicalReaction4225,1,http://www.reactome.org/biopax/96/48892#Catalysis2410,2124
1898,516|517|7986,520|8067,3,2,http://www.reactome.org/biopax/96/48892#BiochemicalReaction9320,-1,http://www.reactome.org/biopax/96/48892#Control1217,2126
1899,3483|7986,3484|8067,2,2,http://www.reactome.org/biopax/96/48892#BiochemicalReaction6445,1,http://www.reactome.org/biopax/96/48892#Catalysis3726,2128
1900,113|7986,114|8067,2,2,http://www.reactome.org/biopax/96/48892#BiochemicalReaction8389,1,http://www.reactome.org/biopax/96/48892#Catalysis4449,2129
1901,5905,3491,1,1,http://www.reactome.org/biopax/96/48892#BiochemicalReaction6462,1,http://www.reactome.org/biopax/96/48892#Catalysis3735,2132
1902,150|428|430,429,3,1,http://www.reactome.org/biopax/96/48892#BiochemicalReaction9105,-1,http://www.reactome.org/biopax/96/48892#Control1174,2133
1903,6506|6508,6507,2,1,http://www.reactome.org/biopax/96/48892#BiochemicalReaction9281,1,http://www.reactome.org/biopax/96/48892#Catalysis4724,2134
1904,5071|7943|8215|10258,8610|10298,4,2,http://www.reactome.org/biopax/96/48892#BiochemicalReaction3785,1,http://www.reactome.org/biopax/96/48892#Catalysis2006,2135
1905,1420|4400|10177,10145|10147|10148,3,3,http://www.reactome.org/biopax/96/48892#BiochemicalReaction1723,1,http://www.reactome.org/biopax/96/48892#Catalysis824,2136
1906,1179|6995|8164,1199|10157,3,2,http://www.reactome.org/biopax/96/48892#BiochemicalReaction127,1,http://www.reactome.org/biopax/96/48892#Catalysis53,2137
1907,1552|7573,1767|7887|7888,2,3,http://www.reactome.org/biopax/96/48892#BiochemicalReaction254,1,http://www.reactome.org/biopax/96/48892#Control60,2138
1908,2075|8062|8177,8178,3,1,http://www.reactome.org/biopax/96/48892#BiochemicalReaction3331,1,http://www.reactome.org/biopax/96/48892#Catalysis1569,2139
1909,3045|8918,3046|8643,2,2,http://www.reactome.org/biopax/96/48892#BiochemicalReaction5588,1,http://www.reactome.org/biopax/96/48892#Catalysis3364,2140
1910,3323|9245,3325|9256,2,2,http://www.reactome.org/biopax/96/48892#BiochemicalReaction6191,1,http://www.reactome.org/biopax/96/48892#Catalysis3594,2141
1911,7597|7598|7602,7593|7599,3,2,http://www.reactome.org/biopax/96/48892#BiochemicalReaction1438,1,http://www.reactome.org/biopax/96/48892#Catalysis686,2143
1912,6174|6175|9245,6176|9256,3,2,http://www.reactome.org/biopax/96/48892#BiochemicalReaction7310,1,http://www.reactome.org/biopax/96/48892#Catalysis4022,2144
1913,8164|8757|8767|10157,8783|10157|10159,4,3,http://www.reactome.org/biopax/96/48892#BiochemicalReaction5528,-1,http://www.reactome.org/biopax/96/48892#Control700,2145
1914,2719|4280,5782,2,1,http://www.reactome.org/biopax/96/48892#BiochemicalReaction9927,1,http://www.reactome.org/biopax/96/48892#Control1321,2147
1915,458|5750|7986,459|8067,3,2,http://www.reactome.org/biopax/96/48892#BiochemicalReaction9166,1,http://www.reactome.org/biopax/96/48892#Catalysis4687,2148
1916,932|10338,10349,2,1,http://www.reactome.org/biopax/96/48892#BiochemicalReaction80,1,http://www.reactome.org/biopax/96/48892#Catalysis36,2149
1917,3121|3125|7986,3132|8067,3,2,http://www.reactome.org/biopax/96/48892#BiochemicalReaction441,1,http://www.reactome.org/biopax/96/48892#Catalysis150,2150
1918,3591,3593|10159,1,2,http://www.reactome.org/biopax/96/48892#BiochemicalReaction6679,1,http://www.reactome.org/biopax/96/48892#Catalysis3806,2151
1919,2654|9420|9513,7943|9421|9538,3,3,http://www.reactome.org/biopax/96/48892#BiochemicalReaction4621,1,http://www.reactome.org/biopax/96/48892#Catalysis2794,2152
1920,5467|8502|10297,8993|10295,3,2,http://www.reactome.org/biopax/96/48892#BiochemicalReaction5158,1,http://www.reactome.org/biopax/96/48892#Catalysis3071,2153
1921,4455|8266|10177,8268|9743,3,2,http://www.reactome.org/biopax/96/48892#BiochemicalReaction3440,1,http://www.reactome.org/biopax/96/48892#Catalysis1678,2154
1922,5487|10051|10109,10113|10159,3,2,http://www.reactome.org/biopax/96/48892#BiochemicalReaction5181,1,http://www.reactome.org/biopax/96/48892#Catalysis3093,2155
1923,1706|3340|5796,3342,3,1,http://www.reactome.org/biopax/96/48892#BiochemicalReaction6236,-1,http://www.reactome.org/biopax/96/48892#Control799,2156
1924,4845|8029|9480|9582|10175,8030|8031|9502,5,3,http://www.reactome.org/biopax/96/48892#BiochemicalReaction3232,1,http://www.reactome.org/biopax/96/48892#Catalysis1472,2157
1925,5539|9734|10302,9286|9735,3,2,http://www.reactome.org/biopax/96/48892#BiochemicalReaction5298,1,http://www.reactome.org/biopax/96/48892#Catalysis3204,2158
1926,2433|7986|8965,8067|8966,3,2,http://www.reactome.org/biopax/96/48892#BiochemicalReaction4177,1,http://www.reactome.org/biopax/96/48892#Catalysis2363,2159
1927,2038|4805|4806|4807,2039,4,1,http://www.reactome.org/biopax/96/48892#BiochemicalReaction3156,1,http://www.reactome.org/biopax/96/48892#Catalysis1405,2160
1928,7718|7719|10143,7722,3,1,http://www.reactome.org/biopax/96/48892#BiochemicalReaction1655,-1,http://www.reactome.org/biopax/96/48892#Control237,2161
1929,5002|8393|9973,8392|8394|9982,3,3,http://www.reactome.org/biopax/96/48892#BiochemicalReaction3588,1,http://www.reactome.org/biopax/96/48892#Catalysis1820,2162
1930,2268|8204,2271,2,1,http://www.reactome.org/biopax/96/48892#BiochemicalReaction3901,1,http://www.reactome.org/biopax/96/48892#Catalysis2116,2163
1931,3320|10134,10133,2,1,http://www.reactome.org/biopax/96/48892#BiochemicalReaction6163,1,http://www.reactome.org/biopax/96/48892#Catalysis3589,2164
1932,857|6964|8622,858|8957,3,2,http://www.reactome.org/biopax/96/48892#BiochemicalReaction768,1,http://www.reactome.org/biopax/96/48892#Catalysis253,2165
1933,162|7986,163|8067,2,2,http://www.reactome.org/biopax/96/48892#BiochemicalReaction8459,1,http://www.reactome.org/biopax/96/48892#Catalysis4482,2166
1934,4113|7322|7412,6820|7413,3,2,http://www.reactome.org/biopax/96/48892#BiochemicalReaction1200,1,http://www.reactome.org/biopax/96/48892#Catalysis530,2167
1935,2908|7986|9611|10177,8067|9612|10159,4,3,http://www.reactome.org/biopax/96/48892#BiochemicalReaction5133,1,http://www.reactome.org/biopax/96/48892#Catalysis3050,2168
1936,389|390|7986,391|8067,3,2,http://www.reactome.org/biopax/96/48892#BiochemicalReaction9022,-1,http://www.reactome.org/biopax/96/48892#Control1171,2169
1937,5206|9023|10217,8099|9030,3,2,http://www.reactome.org/biopax/96/48892#BiochemicalReaction4261,1,http://www.reactome.org/biopax/96/48892#Catalysis2444,2171
1938,6399|7986,6400|8067,2,2,http://www.reactome.org/biopax/96/48892#BiochemicalReaction8424,1,http://www.reactome.org/biopax/96/48892#Catalysis4467,2172
1939,542|7986,556|8067,2,2,http://www.reactome.org/biopax/96/48892#BiochemicalReaction706,1,http://www.reactome.org/biopax/96/48892#Catalysis231,2173
1940,3287,3288|9236,1,2,http://www.reactome.org/biopax/96/48892#BiochemicalReaction6056,1,http://www.reactome.org/biopax/96/48892#Catalysis3561,2174
1941,7499|7781|10177,5466|7780,3,2,http://www.reactome.org/biopax/96/48892#BiochemicalReaction1821,1,http://www.reactome.org/biopax/96/48892#Catalysis849,2175
1942,5051|8548|8549,8503|9704,3,2,http://www.reactome.org/biopax/96/48892#BiochemicalReaction3733,1,http://www.reactome.org/biopax/96/48892#Catalysis1957,2176
1943,2372|7943|9207|10258,10137|10177|10298,4,3,http://www.reactome.org/biopax/96/48892#BiochemicalReaction4455,1,http://www.reactome.org/biopax/96/48892#Catalysis2634,2177
1944,4486|8029|9370|9480|9582,8031|9337|9371|9502,5,4,http://www.reactome.org/biopax/96/48892#BiochemicalReaction4585,1,http://www.reactome.org/biopax/96/48892#Catalysis2760,2178
1945,1807|7986,1808|8067,2,2,http://www.reactome.org/biopax/96/48892#BiochemicalReaction2619,1,http://www.reactome.org/biopax/96/48892#Catalysis1085,2179
1946,2437|7986|8969|10177,8067|8970|10159,4,3,http://www.reactome.org/biopax/96/48892#BiochemicalReaction4187,1,http://www.reactome.org/biopax/96/48892#Catalysis2373,2180
1947,4906|8228,8138|9731,2,2,http://www.reactome.org/biopax/96/48892#BiochemicalReaction3382,1,http://www.reactome.org/biopax/96/48892#Catalysis1620,2182
1948,5782|6086,6087,2,1,http://www.reactome.org/biopax/96/48892#BiochemicalReaction7093,1,http://www.reactome.org/biopax/96/48892#Catalysis3927,2183
1949,2082|8118|9439,8119,3,1,http://www.reactome.org/biopax/96/48892#BiochemicalReaction3298,1,http://www.reactome.org/biopax/96/48892#Catalysis1538,2184
1950,4004|4008,4326,2,1,http://www.reactome.org/biopax/96/48892#BiochemicalReaction7787,1,http://www.reactome.org/biopax/96/48892#Control1004,2185
1951,4245|6844,5946,2,1,http://www.reactome.org/biopax/96/48892#BiochemicalReaction6606,1,http://www.reactome.org/biopax/96/48892#Control835,2186
1952,5067|7943|8594|10258|10269,8596|10177|10298,5,3,http://www.reactome.org/biopax/96/48892#BiochemicalReaction3775,1,http://www.reactome.org/biopax/96/48892#Catalysis1997,2187
1953,3373|4567|5831,3374,3,1,http://www.reactome.org/biopax/96/48892#BiochemicalReaction6298,-1,http://www.reactome.org/biopax/96/48892#Control802,2188
1954,2130,2131,1,1,http://www.reactome.org/biopax/96/48892#BiochemicalReaction3419,1,http://www.reactome.org/biopax/96/48892#Catalysis1657,2189
1955,2232|7998|8648,8680,3,1,http://www.reactome.org/biopax/96/48892#BiochemicalReaction3845,1,http://www.reactome.org/biopax/96/48892#Catalysis2066,2190
1956,4013|4014|7986,4012|8067,3,2,http://www.reactome.org/biopax/96/48892#BiochemicalReaction7800,-1,http://www.reactome.org/biopax/96/48892#Control1006,2191
1957,4569|5866|8622,5867|8631,3,2,http://www.reactome.org/biopax/96/48892#BiochemicalReaction6372,1,http://www.reactome.org/biopax/96/48892#Catalysis3681,2192
1958,4393|7542,7533,2,1,http://www.reactome.org/biopax/96/48892#BiochemicalReaction1333,1,http://www.reactome.org/biopax/96/48892#Catalysis642,2193
1959,915|7014,918,2,1,http://www.reactome.org/biopax/96/48892#BiochemicalReaction842,1,http://www.reactome.org/biopax/96/48892#Control121,2194
1960,4904|8285|8386,8221|8286,3,2,http://www.reactome.org/biopax/96/48892#BiochemicalReaction3464,-1,http://www.reactome.org/biopax/96/48892#Control410,2195
1961,4842|8641|10269,8645,3,1,http://www.reactome.org/biopax/96/48892#BiochemicalReaction3815,1,http://www.reactome.org/biopax/96/48892#Catalysis2036,2196
1962,938|6878|7986,6882|8067,3,2,http://www.reactome.org/biopax/96/48892#BiochemicalReaction91,1,http://www.reactome.org/biopax/96/48892#Control21,2197
1963,2290|7604|10091|10226,5097|9367,4,2,http://www.reactome.org/biopax/96/48892#BiochemicalReaction3924,-1,http://www.reactome.org/biopax/96/48892#Control447,2198
1964,6303|7712,6305,2,1,http://www.reactome.org/biopax/96/48892#BiochemicalReaction7864,1,http://www.reactome.org/biopax/96/48892#Control1020,2200
1965,1069|1074|7338,6820|7340,3,2,http://www.reactome.org/biopax/96/48892#BiochemicalReaction1157,1,http://www.reactome.org/biopax/96/48892#Catalysis487,2201
1966,3775|7986,1046|7217|7222|7225|7226|7227|8067,2,7,http://www.reactome.org/biopax/96/48892#BiochemicalReaction7116,1,http://www.reactome.org/biopax/96/48892#Catalysis3932,2202
1967,1250|1267|7986,1259|8067,3,2,http://www.reactome.org/biopax/96/48892#BiochemicalReaction138,-1,http://www.reactome.org/biopax/96/48892#Control24,2203
1968,1875|1876,1852|7897,2,2,http://www.reactome.org/biopax/96/48892#BiochemicalReaction293,1,http://www.reactome.org/biopax/96/48892#Catalysis120,2204
1969,2765|7986,2766|8067,2,2,http://www.reactome.org/biopax/96/48892#BiochemicalReaction4857,1,http://www.reactome.org/biopax/96/48892#Catalysis2932,2205
1970,915|6921,918,2,1,http://www.reactome.org/biopax/96/48892#BiochemicalReaction842,1,http://www.reactome.org/biopax/96/48892#Control123,2206
1971,587|7986,588|5691|8067,2,3,http://www.reactome.org/biopax/96/48892#BiochemicalReaction9503,1,http://www.reactome.org/biopax/96/48892#Catalysis4819,2208
1972,5020|7943|8432|10258,8434|10298,4,2,http://www.reactome.org/biopax/96/48892#BiochemicalReaction3627,1,http://www.reactome.org/biopax/96/48892#Catalysis1857,2209
1973,1768|1769|1770,1771,3,1,http://www.reactome.org/biopax/96/48892#BiochemicalReaction2537,-1,http://www.reactome.org/biopax/96/48892#Control322,2210
1974,4173|6818|6823,4194,3,1,http://www.reactome.org/biopax/96/48892#BiochemicalReaction647,-1,http://www.reactome.org/biopax/96/48892#Control85,2211
1975,3300|4234,7912,2,1,http://www.reactome.org/biopax/96/48892#BiochemicalReaction6090,1,http://www.reactome.org/biopax/96/48892#Control743,2212
1976,6656|9944,9943,2,1,http://www.reactome.org/biopax/96/48892#BiochemicalReaction9743,1,http://www.reactome.org/biopax/96/48892#Catalysis4911,2213
1977,1637|10186|10193|10198,10195|10199,4,2,http://www.reactome.org/biopax/96/48892#BiochemicalReaction2254,1,http://www.reactome.org/biopax/96/48892#Catalysis981,2214
1978,3608|8622,3606|3607|6007|8631,2,4,http://www.reactome.org/biopax/96/48892#BiochemicalReaction6733,1,http://www.reactome.org/biopax/96/48892#Catalysis3829,2215
1979,5560,5557|5561,1,2,http://www.reactome.org/biopax/96/48892#BiochemicalReaction5375,1,http://www.reactome.org/biopax/96/48892#Catalysis3260,2216
1980,2571|9166|10269,9167,3,1,http://www.reactome.org/biopax/96/48892#BiochemicalReaction4415,1,http://www.reactome.org/biopax/96/48892#Catalysis2594,2217
1981,468|5466,469,2,1,http://www.reactome.org/biopax/96/48892#BiochemicalReaction9193,1,http://www.reactome.org/biopax/96/48892#Catalysis4697,2218
1982,3047,3048,1,1,http://www.reactome.org/biopax/96/48892#BiochemicalReaction5590,1,http://www.reactome.org/biopax/96/48892#Catalysis3366,2219
1983,5534|9726|10109,9728|10113,3,2,http://www.reactome.org/biopax/96/48892#BiochemicalReaction5282,1,http://www.reactome.org/biopax/96/48892#Catalysis3191,2220
1984,2890|10134,10133,2,1,http://www.reactome.org/biopax/96/48892#BiochemicalReaction5061,1,http://www.reactome.org/biopax/96/48892#Catalysis3034,2221
1985,5154|8810|10281,5155|8811|10177,3,3,http://www.reactome.org/biopax/96/48892#BiochemicalReaction4050,-1,http://www.reactome.org/biopax/96/48892#Control502,2222
1986,1637|10186|10193|10194,10195|10197,4,2,http://www.reactome.org/biopax/96/48892#BiochemicalReaction2253,1,http://www.reactome.org/biopax/96/48892#Catalysis980,2223
1987,1682|7986,1684|8067,2,2,http://www.reactome.org/biopax/96/48892#BiochemicalReaction2323,1,http://www.reactome.org/biopax/96/48892#Catalysis1013,2224
1988,4347|6519|7986,6521|8067,3,2,http://www.reactome.org/biopax/96/48892#BiochemicalReaction9332,1,http://www.reactome.org/biopax/96/48892#Catalysis4742,2225
1989,2369|5154|8810,5155|8811|10177,3,3,http://www.reactome.org/biopax/96/48892#BiochemicalReaction4050,1,http://www.reactome.org/biopax/96/48892#Catalysis2236,2226
1990,653|659|7825,656,3,1,http://www.reactome.org/biopax/96/48892#BiochemicalReaction9648,-1,http://www.reactome.org/biopax/96/48892#Control1252,2227
1991,4016|6288|8918,4017|6287|8643,3,3,http://www.reactome.org/biopax/96/48892#BiochemicalReaction7803,1,http://www.reactome.org/biopax/96/48892#Catalysis4230,2228
1992,5416|8301|10107|10109,9294|10113|10214,4,3,http://www.reactome.org/biopax/96/48892#BiochemicalReaction4992,1,http://www.reactome.org/biopax/96/48892#Catalysis2987,2229
1993,2075|8062|8191,8192,3,1,http://www.reactome.org/biopax/96/48892#BiochemicalReaction3342,1,http://www.reactome.org/biopax/96/48892#Catalysis1580,2230
1994,1770|1802|1803|4647,1804,4,1,http://www.reactome.org/biopax/96/48892#BiochemicalReaction2614,-1,http://www.reactome.org/biopax/96/48892#Control326,2231
1995,729|10109|10372,10113|10349,3,2,http://www.reactome.org/biopax/96/48892#BiochemicalReaction9898,1,http://www.reactome.org/biopax/96/48892#Catalysis4954,2232
1996,1980|9513|10252,7943|9538|10253,3,3,http://www.reactome.org/biopax/96/48892#BiochemicalReaction2946,1,http://www.reactome.org/biopax/96/48892#Catalysis1206,2233
1997,4113|4385|7333,6820|7334,3,2,http://www.reactome.org/biopax/96/48892#BiochemicalReaction1152,1,http://www.reactome.org/biopax/96/48892#Catalysis482,2234
1998,4854|8056|10163,8058|9660|10164,3,3,http://www.reactome.org/biopax/96/48892#BiochemicalReaction3251,1,http://www.reactome.org/biopax/96/48892#Catalysis1491,2235
1999,7933|9159,9563|9995,2,2,http://www.reactome.org/biopax/96/48892#BiochemicalReaction4409,1,http://www.reactome.org/biopax/96/48892#Control536,2236
2000,433|5003,448|6854,2,2,http://www.reactome.org/biopax/96/48892#BiochemicalReaction689,1,http://www.reactome.org/biopax/96/48892#Catalysis228,2237
2001,4686|9502|10242,10142|10243,3,2,http://www.reactome.org/biopax/96/48892#BiochemicalReaction2921,1,http://www.reactome.org/biopax/96/48892#Catalysis1183,2238
2002,703|6840|8622,6668|8631,3,2,http://www.reactome.org/biopax/96/48892#BiochemicalReaction9815,1,http://www.reactome.org/biopax/96/48892#Catalysis4925,2239
2003,5964|5967|10177,5965|8818,3,2,http://www.reactome.org/biopax/96/48892#BiochemicalReaction522,1,http://www.reactome.org/biopax/96/48892#Catalysis180,2240
2004,1313|7084|7986,7696|8067,3,2,http://www.reactome.org/biopax/96/48892#BiochemicalReaction1568,1,http://www.reactome.org/biopax/96/48892#Catalysis754,2241
2005,1812|7986,1813|8067,2,2,http://www.reactome.org/biopax/96/48892#BiochemicalReaction2644,1,http://www.reactome.org/biopax/96/48892#Catalysis1087,2242
2006,4047|4048|10201,3879|9954|9955,3,3,http://www.reactome.org/biopax/96/48892#BiochemicalReaction7849,-1,http://www.reactome.org/biopax/96/48892#Control1019,2243
2007,5333|7998,9518|9522,2,2,http://www.reactome.org/biopax/96/48892#BiochemicalReaction4686,1,http://www.reactome.org/biopax/96/48892#Catalysis2857,2244
2008,1052,1080,1,1,http://www.reactome.org/biopax/96/48892#BiochemicalReaction8944,1,http://www.reactome.org/biopax/96/48892#Catalysis4605,2245
2009,2798|2808|2809|5396|5397|5401|6099|7907,2810,8,1,http://www.reactome.org/biopax/96/48892#BiochemicalReaction4967,1,http://www.reactome.org/biopax/96/48892#Control620,2246
2010,3449|5466|7572,5885,3,1,http://www.reactome.org/biopax/96/48892#BiochemicalReaction6412,1,http://www.reactome.org/biopax/96/48892#Catalysis3702,2247
2011,3886,3887,1,1,http://www.reactome.org/biopax/96/48892#BiochemicalReaction7316,1,http://www.reactome.org/biopax/96/48892#Catalysis4027,2248
2012,1702|1710|7986,2612|4617|8067,3,3,http://www.reactome.org/biopax/96/48892#BiochemicalReaction2374,1,http://www.reactome.org/biopax/96/48892#Catalysis1036,2249
2013,1455|7782,7783,2,1,http://www.reactome.org/biopax/96/48892#BiochemicalReaction1824,1,http://www.reactome.org/biopax/96/48892#Catalysis850,2250
2014,6037|7203,6038,2,1,http://www.reactome.org/biopax/96/48892#BiochemicalReaction6840,-1,http://www.reactome.org/biopax/96/48892#Control852,2251
2015,5097|7603|7952,5098|10230,3,2,http://www.reactome.org/biopax/96/48892#BiochemicalReaction3925,-1,http://www.reactome.org/biopax/96/48892#Control448,2252
2016,1376|2858,1374|5466,2,2,http://www.reactome.org/biopax/96/48892#BiochemicalReaction1648,1,http://www.reactome.org/biopax/96/48892#Catalysis792,2253
2017,5780|6224,5781,2,1,http://www.reactome.org/biopax/96/48892#BiochemicalReaction6140,1,http://www.reactome.org/biopax/96/48892#Control761,2254
2018,5220|9052,2502,2,1,http://www.reactome.org/biopax/96/48892#BiochemicalReaction4290,1,http://www.reactome.org/biopax/96/48892#Catalysis2469,2255
2019,4499|9502|9888,9458|9582|9882,3,3,http://www.reactome.org/biopax/96/48892#BiochemicalReaction7688,1,http://www.reactome.org/biopax/96/48892#Catalysis4154,2256
2020,1|4|7986,3|8067,3,2,http://www.reactome.org/biopax/96/48892#BiochemicalReaction8222,-1,http://www.reactome.org/biopax/96/48892#Control1105,2257
2021,5525|9714|10109,9715|10113,3,2,http://www.reactome.org/biopax/96/48892#BiochemicalReaction5272,1,http://www.reactome.org/biopax/96/48892#Catalysis3181,2258
2022,3034,3026|9795,1,2,http://www.reactome.org/biopax/96/48892#BiochemicalReaction5562,1,http://www.reactome.org/biopax/96/48892#Catalysis3351,2259
2023,7147|7150|9502,7149|9743,3,2,http://www.reactome.org/biopax/96/48892#BiochemicalReaction990,1,http://www.reactome.org/biopax/96/48892#Catalysis354,2260
2024,481|1044|7201,482,3,1,http://www.reactome.org/biopax/96/48892#BiochemicalReaction9251,1,http://www.reactome.org/biopax/96/48892#Control1196,2261
2025,5293|9322|9323,9324|10204,3,2,http://www.reactome.org/biopax/96/48892#BiochemicalReaction4561,1,http://www.reactome.org/biopax/96/48892#Catalysis2736,2262
2026,2030|7918|10177,8556|10159,3,2,http://www.reactome.org/biopax/96/48892#BiochemicalReaction3127,1,http://www.reactome.org/biopax/96/48892#Catalysis1376,2263
2027,2746|5361|9502,5363|9574,3,2,http://www.reactome.org/biopax/96/48892#BiochemicalReaction4820,1,http://www.reactome.org/biopax/96/48892#Catalysis2920,2264
2028,5441|10177|10213,8208|10173,3,2,http://www.reactome.org/biopax/96/48892#BiochemicalReaction5102,1,http://www.reactome.org/biopax/96/48892#Catalysis3036,2265
2029,353|6441|10177,6442|10159,3,2,http://www.reactome.org/biopax/96/48892#BiochemicalReaction8929,1,http://www.reactome.org/biopax/96/48892#Catalysis4601,2266
2030,1323|1324|7986,1325|8067,3,2,http://www.reactome.org/biopax/96/48892#BiochemicalReaction1592,1,http://www.reactome.org/biopax/96/48892#Catalysis763,2267
2031,4940|8140|8282,7952|8281,3,2,http://www.reactome.org/biopax/96/48892#BiochemicalReaction3461,1,http://www.reactome.org/biopax/96/48892#Catalysis1699,2268
2032,2558|9148|9847,9144|9633,3,2,http://www.reactome.org/biopax/96/48892#BiochemicalReaction4393,1,http://www.reactome.org/biopax/96/48892#Catalysis2572,2269
2033,3152|3155|8918,2978|8643,3,2,http://www.reactome.org/biopax/96/48892#BiochemicalReaction5702,1,http://www.reactome.org/biopax/96/48892#Catalysis3424,2270
2034,4769|4771|9630,4770|9632|10070,3,3,http://www.reactome.org/biopax/96/48892#BiochemicalReaction3050,1,http://www.reactome.org/biopax/96/48892#Catalysis1302,2271
2035,1253|7631|8386,7632,3,1,http://www.reactome.org/biopax/96/48892#BiochemicalReaction1466,1,http://www.reactome.org/biopax/96/48892#Catalysis709,2273
2036,7652|9396|10120,9450|10121,3,2,http://www.reactome.org/biopax/96/48892#BiochemicalReaction1495,1,http://www.reactome.org/biopax/96/48892#Catalysis724,2274
2037,4978|7943|8211|8265,8336|9635|9704,4,3,http://www.reactome.org/biopax/96/48892#BiochemicalReaction3542,-1,http://www.reactome.org/biopax/96/48892#Control412,2275
2038,3097|4191,4192,2,1,http://www.reactome.org/biopax/96/48892#BiochemicalReaction8180,1,http://www.reactome.org/biopax/96/48892#Control1097,2276
2039,919|7027,920,2,1,http://www.reactome.org/biopax/96/48892#BiochemicalReaction843,1,http://www.reactome.org/biopax/96/48892#Control144,2277
2040,2829|8386|9793,9710|9751|9836,3,3,http://www.reactome.org/biopax/96/48892#BiochemicalReaction28,1,http://www.reactome.org/biopax/96/48892#Catalysis12,2279
2041,5527|10128,9836,2,1,http://www.reactome.org/biopax/96/48892#BiochemicalReaction5274,1,http://www.reactome.org/biopax/96/48892#Catalysis3183,2280
2042,6675|10015,9992,2,1,http://www.reactome.org/biopax/96/48892#BiochemicalReaction9881,1,http://www.reactome.org/biopax/96/48892#Catalysis4946,2281
2043,632|7513|7986,6619|8067,3,2,http://www.reactome.org/biopax/96/48892#BiochemicalReaction9600,1,http://www.reactome.org/biopax/96/48892#Catalysis4855,2283
2044,3188|5651,3189,2,1,http://www.reactome.org/biopax/96/48892#BiochemicalReaction5745,1,http://www.reactome.org/biopax/96/48892#Catalysis3442,2284
2045,7862|7986,7856|8067,2,2,http://www.reactome.org/biopax/96/48892#BiochemicalReaction6168,1,http://www.reactome.org/biopax/96/48892#Catalysis3591,2285
2046,5530|9718|10109,7934|10113,3,2,http://www.reactome.org/biopax/96/48892#BiochemicalReaction5277,1,http://www.reactome.org/biopax/96/48892#Catalysis3186,2286
2047,3943|3944,4310|4311|6235,2,3,http://www.reactome.org/biopax/96/48892#BiochemicalReaction7556,1,http://www.reactome.org/biopax/96/48892#Catalysis4099,2287
2048,4567|5831|8622,5832|8631,3,2,http://www.reactome.org/biopax/96/48892#BiochemicalReaction6299,1,http://www.reactome.org/biopax/96/48892#Catalysis3638,2288
2049,133|7986,134|8067,2,2,http://www.reactome.org/biopax/96/48892#BiochemicalReaction8416,1,http://www.reactome.org/biopax/96/48892#Catalysis4461,2290
2050,1017|7986|9808,7943|8067|9893,3,3,http://www.reactome.org/biopax/96/48892#BiochemicalReaction1012,1,http://www.reactome.org/biopax/96/48892#Catalysis376,2291
2051,2064|8005,8014,2,1,http://www.reactome.org/biopax/96/48892#BiochemicalReaction3219,1,http://www.reactome.org/biopax/96/48892#Catalysis1459,2292
2052,2075|8171|8491,8160|8172|8493,3,3,http://www.reactome.org/biopax/96/48892#BiochemicalReaction3679,1,http://www.reactome.org/biopax/96/48892#Catalysis1907,2293
2053,4812|7986|8521|9704,8522|9236|9428|10177,4,4,http://www.reactome.org/biopax/96/48892#BiochemicalReaction3702,1,http://www.reactome.org/biopax/96/48892#Catalysis1930,2294
2054,1602|7578|7704|7744,1340|1598|1603|7578|7744,4,5,http://www.reactome.org/biopax/96/48892#BiochemicalReaction2175,1,http://www.reactome.org/biopax/96/48892#Catalysis959,2295
2055,2720|6840,6660|6820,2,2,http://www.reactome.org/biopax/96/48892#BiochemicalReaction9756,1,http://www.reactome.org/biopax/96/48892#Catalysis4914,2296
2056,2203|8423|9760,8424|9428,3,2,http://www.reactome.org/biopax/96/48892#BiochemicalReaction3619,1,http://www.reactome.org/biopax/96/48892#Catalysis1850,2297
2057,2378|8820|8918,8821|8938|8957,3,3,http://www.reactome.org/biopax/96/48892#BiochemicalReaction4065,1,http://www.reactome.org/biopax/96/48892#Catalysis2251,2298
2058,2365|7943|8790,9286|9635,3,2,http://www.reactome.org/biopax/96/48892#BiochemicalReaction4033,1,http://www.reactome.org/biopax/96/48892#Catalysis2219,2299
2059,2111|8173|8386,8221|8269,3,2,http://www.reactome.org/biopax/96/48892#BiochemicalReaction3442,1,http://www.reactome.org/biopax/96/48892#Catalysis1680,2300
2060,6051|6053|8923,5683|8930|8931,3,3,http://www.reactome.org/biopax/96/48892#BiochemicalReaction6878,1,http://www.reactome.org/biopax/96/48892#Catalysis3886,2301
2061,395|7986|10167,8046|8067,3,2,http://www.reactome.org/biopax/96/48892#BiochemicalReaction9034,1,http://www.reactome.org/biopax/96/48892#Catalysis4636,2302
2062,2382|7943|9236|10177,8767|9563,4,2,http://www.reactome.org/biopax/96/48892#BiochemicalReaction4069,1,http://www.reactome.org/biopax/96/48892#Catalysis2255,2303
2063,193|3774,194,2,1,http://www.reactome.org/biopax/96/48892#BiochemicalReaction8514,1,http://www.reactome.org/biopax/96/48892#Catalysis4506,2306
2064,3210|9797,3211|8957,2,2,http://www.reactome.org/biopax/96/48892#BiochemicalReaction5766,1,http://www.reactome.org/biopax/96/48892#Catalysis3451,2307
2065,2680|7998|9557,9558,3,1,http://www.reactome.org/biopax/96/48892#BiochemicalReaction4704,1,http://www.reactome.org/biopax/96/48892#Catalysis2875,2308
2066,5034|7974|8472|8476|10091,7976|8478|9439,5,3,http://www.reactome.org/biopax/96/48892#BiochemicalReaction3666,1,http://www.reactome.org/biopax/96/48892#Catalysis1894,2310
2067,1132|8918,1133|4387,2,2,http://www.reactome.org/biopax/96/48892#BiochemicalReaction1285,1,http://www.reactome.org/biopax/96/48892#Catalysis606,2311
2068,1262|7635,7637,2,1,http://www.reactome.org/biopax/96/48892#BiochemicalReaction1475,1,http://www.reactome.org/biopax/96/48892#Control202,2312
2069,401,1901|6851,1,2,http://www.reactome.org/biopax/96/48892#BiochemicalReaction2803,1,http://www.reactome.org/biopax/96/48892#Catalysis1127,2313
2070,2930|8386,10177,2,1,http://www.reactome.org/biopax/96/48892#BiochemicalReaction5317,1,http://www.reactome.org/biopax/96/48892#Catalysis3220,2314
2071,2401|8872|10177,7943|8873|9428,3,3,http://www.reactome.org/biopax/96/48892#BiochemicalReaction4102,1,http://www.reactome.org/biopax/96/48892#Catalysis2288,2315
2072,158|7986,159|8067,2,2,http://www.reactome.org/biopax/96/48892#BiochemicalReaction8451,1,http://www.reactome.org/biopax/96/48892#Catalysis4479,2317
2073,2605|7986|8757|10280,9226|9236|9428,4,3,http://www.reactome.org/biopax/96/48892#BiochemicalReaction4475,1,http://www.reactome.org/biopax/96/48892#Catalysis2654,2318
2074,4843|5787,5788,2,1,http://www.reactome.org/biopax/96/48892#BiochemicalReaction6188,-1,http://www.reactome.org/biopax/96/48892#Control789,2319
2075,1502|4632,4633,2,1,http://www.reactome.org/biopax/96/48892#BiochemicalReaction2391,1,http://www.reactome.org/biopax/96/48892#Control309,2320
2076,7905|8410|9513|10177,7943|8818|9538,4,3,http://www.reactome.org/biopax/96/48892#BiochemicalReaction3607,1,http://www.reactome.org/biopax/96/48892#Catalysis1839,2321
2077,5247|9664,9090,2,1,http://www.reactome.org/biopax/96/48892#BiochemicalReaction5246,1,http://www.reactome.org/biopax/96/48892#Catalysis3158,2322
2078,1321|1568|7986,1322|8067,3,2,http://www.reactome.org/biopax/96/48892#BiochemicalReaction2137,1,http://www.reactome.org/biopax/96/48892#Catalysis943,2323
2079,5393|9270,9271,2,1,http://www.reactome.org/biopax/96/48892#BiochemicalReaction4953,1,http://www.reactome.org/biopax/96/48892#Catalysis2951,2324
2080,5031|7943|8449|10258|10269,8462|10177|10298,5,3,http://www.reactome.org/biopax/96/48892#BiochemicalReaction3655,1,http://www.reactome.org/biopax/96/48892#Catalysis1883,2325
2081,5502|9662|10109,9634|10113,3,2,http://www.reactome.org/biopax/96/48892#BiochemicalReaction5216,1,http://www.reactome.org/biopax/96/48892#Catalysis3128,2326
2082,3425|3469|8622,3470|8631,3,2,http://www.reactome.org/biopax/96/48892#BiochemicalReaction6433,1,http://www.reactome.org/biopax/96/48892#Catalysis3718,2327
2083,6682|6683|10022,6679|9704,3,2,http://www.reactome.org/biopax/96/48892#BiochemicalReaction9901,1,http://www.reactome.org/biopax/96/48892#Catalysis4956,2328
2084,3337|3638|6149|7389,3639,4,1,http://www.reactome.org/biopax/96/48892#BiochemicalReaction6771,-1,http://www.reactome.org/biopax/96/48892#Control843,2329
2085,1986|10046|10065,10055|10070|10261,3,3,http://www.reactome.org/biopax/96/48892#BiochemicalReaction2954,1,http://www.reactome.org/biopax/96/48892#Catalysis1214,2330
2086,7181|8402|10177,8403|9912,3,2,http://www.reactome.org/biopax/96/48892#BiochemicalReaction3597,1,http://www.reactome.org/biopax/96/48892#Catalysis1829,2331
2087,5483|10107,10214,2,1,http://www.reactome.org/biopax/96/48892#BiochemicalReaction5176,1,http://www.reactome.org/biopax/96/48892#Catalysis3088,2333
2088,7600|8600|10091|10231,5100|9367,4,2,http://www.reactome.org/biopax/96/48892#BiochemicalReaction3945,-1,http://www.reactome.org/biopax/96/48892#Control464,2334
2089,2167|8363|10065,8357|10055|10070,3,3,http://www.reactome.org/biopax/96/48892#BiochemicalReaction3559,1,http://www.reactome.org/biopax/96/48892#Catalysis1793,2335
2090,5517|8555|9695,7943|9696,3,2,http://www.reactome.org/biopax/96/48892#BiochemicalReaction5244,1,http://www.reactome.org/biopax/96/48892#Catalysis3156,2336
2091,2357|8774|9635,7943|8775,3,2,http://www.reactome.org/biopax/96/48892#BiochemicalReaction4017,1,http://www.reactome.org/biopax/96/48892#Catalysis2205,2337
2092,5504|8105|10107|10109,9278|10113|10214,4,3,http://www.reactome.org/biopax/96/48892#BiochemicalReaction5218,1,http://www.reactome.org/biopax/96/48892#Catalysis3130,2338
2093,919|7018,920,2,1,http://www.reactome.org/biopax/96/48892#BiochemicalReaction843,1,http://www.reactome.org/biopax/96/48892#Control132,2339
2094,3551|4232,7067,2,1,http://www.reactome.org/biopax/96/48892#BiochemicalReaction10143,-1,http://www.reactome.org/biopax/96/48892#Control1373,2340
2095,5099|8099|10091|10226,8731|10217,4,2,http://www.reactome.org/biopax/96/48892#BiochemicalReaction3937,1,http://www.reactome.org/biopax/96/48892#Catalysis2148,2341
2096,1218,1219|7579,1,2,http://www.reactome.org/biopax/96/48892#BiochemicalReaction1411,1,http://www.reactome.org/biopax/96/48892#Catalysis670,2342
2097,3653|4909|6027|6029|6030,3665,5,1,http://www.reactome.org/biopax/96/48892#BiochemicalReaction6808,-1,http://www.reactome.org/biopax/96/48892#Control850,2343
2098,5443|7986|10177|10295,8067|10159|10297,4,3,http://www.reactome.org/biopax/96/48892#BiochemicalReaction5121,1,http://www.reactome.org/biopax/96/48892#Catalysis3039,2344
2099,6879|6881|9245,6880|9256,3,2,http://www.reactome.org/biopax/96/48892#BiochemicalReaction728,1,http://www.reactome.org/biopax/96/48892#Catalysis236,2345
2100,5286|9295|9396,7943|9296|9450,3,3,http://www.reactome.org/biopax/96/48892#BiochemicalReaction4535,1,http://www.reactome.org/biopax/96/48892#Catalysis2712,2347
2101,4975|8332|8918,8333|8643,3,2,http://www.reactome.org/biopax/96/48892#BiochemicalReaction3538,1,http://www.reactome.org/biopax/96/48892#Catalysis1773,2348
2102,751|1455,752|6642,2,2,http://www.reactome.org/biopax/96/48892#BiochemicalReaction9935,1,http://www.reactome.org/biopax/96/48892#Catalysis4969,2350
2103,2144|8310|10177,8309|10159,3,2,http://www.reactome.org/biopax/96/48892#BiochemicalReaction3488,1,http://www.reactome.org/biopax/96/48892#Catalysis1726,2351
2104,1455|7824,6785|6786,2,2,http://www.reactome.org/biopax/96/48892#BiochemicalReaction10047,1,http://www.reactome.org/biopax/96/48892#Catalysis5026,2352
2105,2519|7943|9080,9082|9635,3,2,http://www.reactome.org/biopax/96/48892#BiochemicalReaction4322,1,http://www.reactome.org/biopax/96/48892#Catalysis2501,2353
2106,920|6921,921,2,1,http://www.reactome.org/biopax/96/48892#BiochemicalReaction844,1,http://www.reactome.org/biopax/96/48892#Control148,2354
2107,796,797|7545|7750,1,3,http://www.reactome.org/biopax/96/48892#BiochemicalReaction10061,1,http://www.reactome.org/biopax/96/48892#Catalysis5030,2355
2108,1371|2858,1368|5466,2,2,http://www.reactome.org/biopax/96/48892#BiochemicalReaction1642,1,http://www.reactome.org/biopax/96/48892#Catalysis788,2356
2109,4525|5519|8555,4526|7943,3,2,http://www.reactome.org/biopax/96/48892#BiochemicalReaction5256,1,http://www.reactome.org/biopax/96/48892#Catalysis3168,2357
2110,6546|7712|7986,6547|8067,3,2,http://www.reactome.org/biopax/96/48892#BiochemicalReaction9386,1,http://www.reactome.org/biopax/96/48892#Catalysis4772,2358
2111,3302|4235,7910,2,1,http://www.reactome.org/biopax/96/48892#BiochemicalReaction6170,1,http://www.reactome.org/biopax/96/48892#Control771,2359
2112,5443|7986|10177|10214,8067|10107|10159,4,3,http://www.reactome.org/biopax/96/48892#BiochemicalReaction5137,1,http://www.reactome.org/biopax/96/48892#Catalysis3053,2360
2113,5294|9322|9323,9324|10204,3,2,http://www.reactome.org/biopax/96/48892#BiochemicalReaction4562,1,http://www.reactome.org/biopax/96/48892#Catalysis2737,2361
2114,5453|7986|9618|10177,8067|9044|10159,4,3,http://www.reactome.org/biopax/96/48892#BiochemicalReaction5139,1,http://www.reactome.org/biopax/96/48892#Catalysis3055,2362
2115,7163|9835,9850,2,1,http://www.reactome.org/biopax/96/48892#BiochemicalReaction1004,1,http://www.reactome.org/biopax/96/48892#Catalysis368,2363
2116,4113|7332|7364,6820|7365,3,2,http://www.reactome.org/biopax/96/48892#BiochemicalReaction1171,1,http://www.reactome.org/biopax/96/48892#Catalysis501,2364
2117,731|6681,6682|10118,2,2,http://www.reactome.org/biopax/96/48892#BiochemicalReaction9900,1,http://www.reactome.org/biopax/96/48892#Catalysis4955,2365
2118,6164|6185|9245,6186|9256,3,2,http://www.reactome.org/biopax/96/48892#BiochemicalReaction7327,1,http://www.reactome.org/biopax/96/48892#Catalysis4033,2367
2119,4306|6189|8918,4307|9074,3,2,http://www.reactome.org/biopax/96/48892#BiochemicalReaction7334,1,http://www.reactome.org/biopax/96/48892#Catalysis4040,2368
2120,2431|7986|8954|8955,7943|8956|9236|9428,4,4,http://www.reactome.org/biopax/96/48892#BiochemicalReaction4166,1,http://www.reactome.org/biopax/96/48892#Catalysis2352,2369
2121,1974|10177|10248,9839|10159,3,2,http://www.reactome.org/biopax/96/48892#BiochemicalReaction2934,1,http://www.reactome.org/biopax/96/48892#Catalysis1194,2371
2122,4842|8629|10269,8630,3,1,http://www.reactome.org/biopax/96/48892#BiochemicalReaction3804,1,http://www.reactome.org/biopax/96/48892#Catalysis2025,2372
2123,2385|7943|8835|10177,8767|8836,4,2,http://www.reactome.org/biopax/96/48892#BiochemicalReaction4072,1,http://www.reactome.org/biopax/96/48892#Catalysis2258,2373
2124,3838|3840|8164,3839|6107|10157,3,3,http://www.reactome.org/biopax/96/48892#BiochemicalReaction7204,1,http://www.reactome.org/biopax/96/48892#Catalysis3960,2374
2125,2612|4675|9849,1929|9704,3,2,http://www.reactome.org/biopax/96/48892#BiochemicalReaction2875,1,http://www.reactome.org/biopax/96/48892#Catalysis1149,2375
2126,5337|6038|6043,6042,3,1,http://www.reactome.org/biopax/96/48892#BiochemicalReaction6848,1,http://www.reactome.org/biopax/96/48892#Catalysis3880,2376
2127,793|5466,795,2,1,http://www.reactome.org/biopax/96/48892#BiochemicalReaction10058,1,http://www.reactome.org/biopax/96/48892#Catalysis5029,2377
2128,2350|8756|10231,10228|10232,3,2,http://www.reactome.org/biopax/96/48892#BiochemicalReaction4316,1,http://www.reactome.org/biopax/96/48892#Catalysis2495,2378
2129,2662|8584|10300,9490|10301,3,2,http://www.reactome.org/biopax/96/48892#BiochemicalReaction4661,1,http://www.reactome.org/biopax/96/48892#Catalysis2832,2380
2130,3337|5356|9245,3632|9256,3,2,http://www.reactome.org/biopax/96/48892#BiochemicalReaction6766,1,http://www.reactome.org/biopax/96/48892#Catalysis3848,2381
2131,1390|8046,8035,2,1,http://www.reactome.org/biopax/96/48892#BiochemicalReaction1675,1,http://www.reactome.org/biopax/96/48892#Catalysis804,2382
2132,1393|1395,1394|10349,2,2,http://www.reactome.org/biopax/96/48892#BiochemicalReaction1677,1,http://www.reactome.org/biopax/96/48892#Catalysis806,2383
2133,7797|8386|9449,8555|8642|9530,3,3,http://www.reactome.org/biopax/96/48892#BiochemicalReaction23,1,http://www.reactome.org/biopax/96/48892#Catalysis7,2384
2134,220|2045|8164,2054|10157,3,2,http://www.reactome.org/biopax/96/48892#BiochemicalReaction8551,1,http://www.reactome.org/biopax/96/48892#Catalysis4518,2385
2135,2142|7986|8257,8067|8309,3,2,http://www.reactome.org/biopax/96/48892#BiochemicalReaction3486,1,http://www.reactome.org/biopax/96/48892#Catalysis1724,2386
2136,5056|7943|8564|10258|10269,8565|10177|10298,5,3,http://www.reactome.org/biopax/96/48892#BiochemicalReaction3743,1,http://www.reactome.org/biopax/96/48892#Catalysis1967,2387
2137,1197|5466|7986,1198|9428,3,2,http://www.reactome.org/biopax/96/48892#BiochemicalReaction1340,1,http://www.reactome.org/biopax/96/48892#Catalysis649,2388
2138,2406|8896|10177,7943|8767|9428,3,3,http://www.reactome.org/biopax/96/48892#BiochemicalReaction4119,1,http://www.reactome.org/biopax/96/48892#Catalysis2305,2389
2139,2774|4277,6208,2,1,http://www.reactome.org/biopax/96/48892#BiochemicalReaction4900,1,http://www.reactome.org/biopax/96/48892#Control600,2390
2140,3918|4253,7068,2,1,http://www.reactome.org/biopax/96/48892#BiochemicalReaction7506,-1,http://www.reactome.org/biopax/96/48892#Control961,2391
2141,4811|7986|9704|10249,8067|9849|10159|10234,4,4,http://www.reactome.org/biopax/96/48892#BiochemicalReaction3164,1,http://www.reactome.org/biopax/96/48892#Control392,2393
2142,116,124|10159,1,2,http://www.reactome.org/biopax/96/48892#BiochemicalReaction659,1,http://www.reactome.org/biopax/96/48892#Catalysis221,2394
2143,9995|10291,8723,2,1,http://www.reactome.org/biopax/96/48892#BiochemicalReaction3920,-1,http://www.reactome.org/biopax/96/48892#Control444,2395
2144,2712|4279,5342,2,1,http://www.reactome.org/biopax/96/48892#BiochemicalReaction4742,1,http://www.reactome.org/biopax/96/48892#Control576,2396
2145,4372|7156|8386,4373|9750,3,2,http://www.reactome.org/biopax/96/48892#BiochemicalReaction991,1,http://www.reactome.org/biopax/96/48892#Catalysis355,2397
2146,4113|7403,6820|7404,2,2,http://www.reactome.org/biopax/96/48892#BiochemicalReaction1195,1,http://www.reactome.org/biopax/96/48892#Catalysis525,2398
2147,3333|7680,5389,2,1,http://www.reactome.org/biopax/96/48892#BiochemicalReaction6622,1,http://www.reactome.org/biopax/96/48892#Catalysis3791,2399
2148,5032|8506|9513,7943|8507|9538,3,3,http://www.reactome.org/biopax/96/48892#BiochemicalReaction3688,1,http://www.reactome.org/biopax/96/48892#Catalysis1916,2401
2149,2084|8094|8108|10091,8095|8109,4,2,http://www.reactome.org/biopax/96/48892#BiochemicalReaction3288,1,http://www.reactome.org/biopax/96/48892#Catalysis1528,2402
2150,3326|7817|8622,7818|8631,3,2,http://www.reactome.org/biopax/96/48892#BiochemicalReaction1849,1,http://www.reactome.org/biopax/96/48892#Catalysis868,2403
2151,1626|8502|10178,1627,3,1,http://www.reactome.org/biopax/96/48892#BiochemicalReaction2217,1,http://www.reactome.org/biopax/96/48892#Control290,2404
2152,2945|3539|8622|8918,3540|8631|8643,4,3,http://www.reactome.org/biopax/96/48892#BiochemicalReaction6538,1,http://www.reactome.org/biopax/96/48892#Catalysis3771,2405
2153,919|6997,920,2,1,http://www.reactome.org/biopax/96/48892#BiochemicalReaction843,1,http://www.reactome.org/biopax/96/48892#Control130,2406
2154,2957|7986|10113|10133|10177,8067|10109|10134|10159,5,4,http://www.reactome.org/biopax/96/48892#BiochemicalReaction5351,-1,http://www.reactome.org/biopax/96/48892#Control646,2407
2155,3063,5613|5614|7511,1,3,http://www.reactome.org/biopax/96/48892#BiochemicalReaction5610,1,http://www.reactome.org/biopax/96/48892#Catalysis3377,2409
2156,927|6921,908,2,1,http://www.reactome.org/biopax/96/48892#BiochemicalReaction847,1,http://www.reactome.org/biopax/96/48892#Control159,2411
2157,2749|5366|7986,5367|8067,3,2,http://www.reactome.org/biopax/96/48892#BiochemicalReaction4824,1,http://www.reactome.org/biopax/96/48892#Catalysis2923,2412
2158,2943|7943|7986|10177,8067|9744|10159,4,3,http://www.reactome.org/biopax/96/48892#BiochemicalReaction5333,1,http://www.reactome.org/biopax/96/48892#Catalysis3230,2413
2159,687|7986,688|8067,2,2,http://www.reactome.org/biopax/96/48892#BiochemicalReaction9730,1,http://www.reactome.org/biopax/96/48892#Catalysis4907,2414
2160,1467|2840|5428|5430|5431|7986,2837|5427|5428|5429|8067|10159,6,6,http://www.reactome.org/biopax/96/48892#BiochemicalReaction5006,1,http://www.reactome.org/biopax/96/48892#Catalysis2997,2415
2161,566|6578|8164,567|10157,3,2,http://www.reactome.org/biopax/96/48892#BiochemicalReaction9429,1,http://www.reactome.org/biopax/96/48892#Catalysis4796,2416
2162,798,6789|6790|7545,1,3,http://www.reactome.org/biopax/96/48892#BiochemicalReaction10063,1,http://www.reactome.org/biopax/96/48892#Catalysis5031,2417
2163,4698|7240,1986,2,1,http://www.reactome.org/biopax/96/48892#BiochemicalReaction2953,1,http://www.reactome.org/biopax/96/48892#Catalysis1213,2418
2164,5017|8426|10177,7943|8427|10159,3,3,http://www.reactome.org/biopax/96/48892#BiochemicalReaction3622,1,http://www.reactome.org/biopax/96/48892#Catalysis1852,2420
2165,2545|7943|9119,9124|9635,3,2,http://www.reactome.org/biopax/96/48892#BiochemicalReaction4368,1,http://www.reactome.org/biopax/96/48892#Catalysis2547,2421
2166,939|3897|8622,3898|8631,3,2,http://www.reactome.org/biopax/96/48892#BiochemicalReaction7382,1,http://www.reactome.org/biopax/96/48892#Catalysis4049,2422
2167,1377|7718|7986,7727|8067,3,2,http://www.reactome.org/biopax/96/48892#BiochemicalReaction1649,1,http://www.reactome.org/biopax/96/48892#Catalysis793,2424
2168,300|6101|7626,299,3,1,http://www.reactome.org/biopax/96/48892#BiochemicalReaction8681,-1,http://www.reactome.org/biopax/96/48892#Control1147,2425
2169,573|6591|8164,574|10157,3,2,http://www.reactome.org/biopax/96/48892#BiochemicalReaction9468,1,http://www.reactome.org/biopax/96/48892#Catalysis4808,2428
2170,3590|9236,3589,2,1,http://www.reactome.org/biopax/96/48892#BiochemicalReaction9631,1,http://www.reactome.org/biopax/96/48892#Catalysis4873,2429
2171,4545|5709,4561,2,1,http://www.reactome.org/biopax/96/48892#BiochemicalReaction5991,1,http://www.reactome.org/biopax/96/48892#Catalysis3542,2430
2172,7182|8400|10177,8401|9912,3,2,http://www.reactome.org/biopax/96/48892#BiochemicalReaction3596,1,http://www.reactome.org/biopax/96/48892#Catalysis1828,2431
2173,4855|8065|8179,8066|8180,3,2,http://www.reactome.org/biopax/96/48892#BiochemicalReaction3333,1,http://www.reactome.org/biopax/96/48892#Catalysis1571,2432
2174,5087|5089|10130,5088|9704,3,2,http://www.reactome.org/biopax/96/48892#BiochemicalReaction3893,1,http://www.reactome.org/biopax/96/48892#Catalysis2109,2434
2175,8067|9236|10177,8840|10159,3,2,http://www.reactome.org/biopax/96/48892#BiochemicalReaction4091,1,http://www.reactome.org/biopax/96/48892#Control510,2435
2176,7171|9947|10357,9946|10366,3,2,http://www.reactome.org/biopax/96/48892#BiochemicalReaction3089,1,http://www.reactome.org/biopax/96/48892#Catalysis1338,2436
2177,4803|8318|10177,8317|10159,3,2,http://www.reactome.org/biopax/96/48892#BiochemicalReaction3519,1,http://www.reactome.org/biopax/96/48892#Catalysis1756,2437
2178,527|5466,528,2,1,http://www.reactome.org/biopax/96/48892#BiochemicalReaction9340,1,http://www.reactome.org/biopax/96/48892#Catalysis4747,2439
2179,2071|7940|10269,8028,3,1,http://www.reactome.org/biopax/96/48892#BiochemicalReaction3231,1,http://www.reactome.org/biopax/96/48892#Catalysis1471,2440
2180,5296|5297,2644,2,1,http://www.reactome.org/biopax/96/48892#BiochemicalReaction4638,1,http://www.reactome.org/biopax/96/48892#Catalysis2811,2441
2181,4510|7986,4527|8067,2,2,http://www.reactome.org/biopax/96/48892#BiochemicalReaction527,1,http://www.reactome.org/biopax/96/48892#Catalysis181,2442
2182,6049|6149|8622,6050|8631,3,2,http://www.reactome.org/biopax/96/48892#BiochemicalReaction6872,1,http://www.reactome.org/biopax/96/48892#Catalysis3884,2443
2183,5876|5902|8622,5903|8631,3,2,http://www.reactome.org/biopax/96/48892#BiochemicalReaction6457,1,http://www.reactome.org/biopax/96/48892#Catalysis3732,2444
2184,5381|6701,6702,2,1,http://www.reactome.org/biopax/96/48892#BiochemicalReaction9941,1,http://www.reactome.org/biopax/96/48892#Catalysis4973,2446
2185,1200|1201,7544|7546|7547,2,3,http://www.reactome.org/biopax/96/48892#BiochemicalReaction1348,1,http://www.reactome.org/biopax/96/48892#Catalysis650,2447
2186,8600|8737|10217,8099|9367|10231,3,3,http://www.reactome.org/biopax/96/48892#BiochemicalReaction3942,1,http://www.reactome.org/biopax/96/48892#Control459,2448
2187,4367|6634,6784,2,1,http://www.reactome.org/biopax/96/48892#BiochemicalReaction10046,1,http://www.reactome.org/biopax/96/48892#Catalysis5025,2449
2188,1068|6820|7316,1067|4113,3,2,http://www.reactome.org/biopax/96/48892#BiochemicalReaction1145,1,http://www.reactome.org/biopax/96/48892#Control178,2450
2189,2375|8600|8815,8720|8814,3,2,http://www.reactome.org/biopax/96/48892#BiochemicalReaction4060,1,http://www.reactome.org/biopax/96/48892#Catalysis2246,2451
2190,6259|9655,9658,2,1,http://www.reactome.org/biopax/96/48892#BiochemicalReaction7683,1,http://www.reactome.org/biopax/96/48892#Catalysis4150,2452
2191,993|6507|9396,6510|9450,3,2,http://www.reactome.org/biopax/96/48892#BiochemicalReaction9283,1,http://www.reactome.org/biopax/96/48892#Catalysis4726,2453
2192,1702|7836|7986,4612|8067,3,2,http://www.reactome.org/biopax/96/48892#BiochemicalReaction2368,1,http://www.reactome.org/biopax/96/48892#Catalysis1031,2454
2193,1480|1481|1483,1482,3,1,http://www.reactome.org/biopax/96/48892#BiochemicalReaction1881,-1,http://www.reactome.org/biopax/96/48892#Control259,2455
2194,4563|5751,4564,2,1,http://www.reactome.org/biopax/96/48892#BiochemicalReaction6005,-1,http://www.reactome.org/biopax/96/48892#Control729,2456
2195,7173|8359|9947,8360|9946|10070,3,3,http://www.reactome.org/biopax/96/48892#BiochemicalReaction3557,1,http://www.reactome.org/biopax/96/48892#Catalysis1791,2457
2196,4273|7690,6845,2,1,http://www.reactome.org/biopax/96/48892#BiochemicalReaction1555,1,http://www.reactome.org/biopax/96/48892#Control224,2458
2197,2619|8059|8062|9262,8061|9259|9263,4,3,http://www.reactome.org/biopax/96/48892#BiochemicalReaction4507,1,http://www.reactome.org/biopax/96/48892#Catalysis2685,2459
2198,242|7497|10177,241|5466,3,2,http://www.reactome.org/biopax/96/48892#BiochemicalReaction8581,1,http://www.reactome.org/biopax/96/48892#Catalysis4531,2460
2199,1326|7521|7986,1328|8067,3,2,http://www.reactome.org/biopax/96/48892#BiochemicalReaction1595,1,http://www.reactome.org/biopax/96/48892#Catalysis764,2461
2200,6073|9051|9513,7943|9538|9830,3,3,http://www.reactome.org/biopax/96/48892#BiochemicalReaction7039,1,http://www.reactome.org/biopax/96/48892#Catalysis3919,2462
2201,5250|9179,9178,2,1,http://www.reactome.org/biopax/96/48892#BiochemicalReaction4425,1,http://www.reactome.org/biopax/96/48892#Catalysis2604,2463
2202,3660|9245,3661|9256,2,2,http://www.reactome.org/biopax/96/48892#BiochemicalReaction6806,1,http://www.reactome.org/biopax/96/48892#Catalysis3860,2465
2203,6817|6828|8622,6830|8631,3,2,http://www.reactome.org/biopax/96/48892#BiochemicalReaction640,1,http://www.reactome.org/biopax/96/48892#Catalysis213,2466
2204,2183|2184|9973,2179|10308,3,2,http://www.reactome.org/biopax/96/48892#BiochemicalReaction3581,1,http://www.reactome.org/biopax/96/48892#Catalysis1813,2467
2205,3274,3275|5716,1,2,http://www.reactome.org/biopax/96/48892#BiochemicalReaction5952,1,http://www.reactome.org/biopax/96/48892#Catalysis3504,2468
2206,6608|6614|8622,6615|8631,3,2,http://www.reactome.org/biopax/96/48892#BiochemicalReaction9588,1,http://www.reactome.org/biopax/96/48892#Catalysis4847,2470
2207,2943|7943,9744,2,1,http://www.reactome.org/biopax/96/48892#BiochemicalReaction8333,1,http://www.reactome.org/biopax/96/48892#Catalysis4427,2471
2208,3327|4241,4890,2,1,http://www.reactome.org/biopax/96/48892#BiochemicalReaction7463,1,http://www.reactome.org/biopax/96/48892#Control943,2472
2209,2307|7600|10091|10231,5100|9367,4,2,http://www.reactome.org/biopax/96/48892#BiochemicalReaction3945,1,http://www.reactome.org/biopax/96/48892#Catalysis2156,2473
2210,1146|10177,1147|4393,2,2,http://www.reactome.org/biopax/96/48892#BiochemicalReaction1293,1,http://www.reactome.org/biopax/96/48892#Catalysis612,2474
2211,3532|8660|8667|8678|8684,3533,5,1,http://www.reactome.org/biopax/96/48892#BiochemicalReaction6529,1,http://www.reactome.org/biopax/96/48892#Catalysis3767,2475
2212,35|7986|8046,8035|8067,3,2,http://www.reactome.org/biopax/96/48892#BiochemicalReaction8267,1,http://www.reactome.org/biopax/96/48892#Catalysis4400,2476
2213,7229|10044,10045|10046,2,2,http://www.reactome.org/biopax/96/48892#BiochemicalReaction1084,1,http://www.reactome.org/biopax/96/48892#Catalysis420,2477
2214,4593|7892,1809,2,1,http://www.reactome.org/biopax/96/48892#BiochemicalReaction2281,1,http://www.reactome.org/biopax/96/48892#Control295,2478
2215,4068|8726|8750,9439|9959,3,2,http://www.reactome.org/biopax/96/48892#BiochemicalReaction7904,1,http://www.reactome.org/biopax/96/48892#Catalysis4261,2479
2216,4793|8573|10177,8567|10159,3,2,http://www.reactome.org/biopax/96/48892#BiochemicalReaction3100,1,http://www.reactome.org/biopax/96/48892#Catalysis1349,2480
2217,47|4347|7986,524|8067,3,2,http://www.reactome.org/biopax/96/48892#BiochemicalReaction9330,1,http://www.reactome.org/biopax/96/48892#Catalysis4740,2481
2218,2594|9096|9212,9022|10226,3,2,http://www.reactome.org/biopax/96/48892#BiochemicalReaction4461,1,http://www.reactome.org/biopax/96/48892#Catalysis2640,2482
2219,1569|1575|7986,1576|8067,3,2,http://www.reactome.org/biopax/96/48892#BiochemicalReaction2131,1,http://www.reactome.org/biopax/96/48892#Catalysis939,2483
2220,3259|3908|8164,3909|10157,3,2,http://www.reactome.org/biopax/96/48892#BiochemicalReaction7416,1,http://www.reactome.org/biopax/96/48892#Catalysis4057,2484
2221,2387|8830|8843,8841|10159,3,2,http://www.reactome.org/biopax/96/48892#BiochemicalReaction4077,1,http://www.reactome.org/biopax/96/48892#Catalysis2263,2485
2222,4221|4740,4731,2,1,http://www.reactome.org/biopax/96/48892#BiochemicalReaction48,1,http://www.reactome.org/biopax/96/48892#Control8,2486
2223,4412|4609|10177,7943|7986|9236,3,3,http://www.reactome.org/biopax/96/48892#BiochemicalReaction2352,1,http://www.reactome.org/biopax/96/48892#Catalysis1029,2487
2224,2387|8845|10159,8829|8843,3,2,http://www.reactome.org/biopax/96/48892#BiochemicalReaction4095,1,http://www.reactome.org/biopax/96/48892#Catalysis2281,2488
2225,1493|1495|4393,1494,3,1,http://www.reactome.org/biopax/96/48892#BiochemicalReaction1903,1,http://www.reactome.org/biopax/96/48892#Catalysis876,2489
2226,1581|7863|7986,1582|8067,3,2,http://www.reactome.org/biopax/96/48892#BiochemicalReaction2139,1,http://www.reactome.org/biopax/96/48892#Catalysis944,2490
2227,5039|7943|8505|10258|10269,8506|10177|10298,5,3,http://www.reactome.org/biopax/96/48892#BiochemicalReaction3687,1,http://www.reactome.org/biopax/96/48892#Catalysis1915,2491
2228,4138|5466,4141,2,1,http://www.reactome.org/biopax/96/48892#BiochemicalReaction8118,1,http://www.reactome.org/biopax/96/48892#Catalysis4336,2492
2229,4702|10177|10266,7943|10267,3,2,http://www.reactome.org/biopax/96/48892#BiochemicalReaction2960,1,http://www.reactome.org/biopax/96/48892#Catalysis1220,2493
2230,642|6634|6635,643,3,1,http://www.reactome.org/biopax/96/48892#BiochemicalReaction9642,1,http://www.reactome.org/biopax/96/48892#Control1242,2494
2231,1482|5956,1477,2,1,http://www.reactome.org/biopax/96/48892#BiochemicalReaction1883,1,http://www.reactome.org/biopax/96/48892#Control262,2495
2232,1585|7986,1585|8067,2,2,http://www.reactome.org/biopax/96/48892#BiochemicalReaction2146,1,http://www.reactome.org/biopax/96/48892#Catalysis946,2498
2233,4792|10009|10368,10060|10369,3,2,http://www.reactome.org/biopax/96/48892#BiochemicalReaction3092,1,http://www.reactome.org/biopax/96/48892#Catalysis1341,2499
2234,7530|7532|10074,7531|10075,3,2,http://www.reactome.org/biopax/96/48892#BiochemicalReaction1321,1,http://www.reactome.org/biopax/96/48892#Catalysis634,2500
2235,5226|7986|9078|9847,7943|8067|9084|10159,4,4,http://www.reactome.org/biopax/96/48892#BiochemicalReaction4335,1,http://www.reactome.org/biopax/96/48892#Catalysis2514,2501
2236,3293|10109|10134|10372,10113|10133|10349,4,3,http://www.reactome.org/biopax/96/48892#BiochemicalReaction6077,1,http://www.reactome.org/biopax/96/48892#Catalysis3565,2502
2237,1691|1717|7501|7986,1718|4602|7743|7746|9236|9428,4,6,http://www.reactome.org/biopax/96/48892#BiochemicalReaction2386,1,http://www.reactome.org/biopax/96/48892#Catalysis1043,2503
2238,1239|10074,1240|10075,2,2,http://www.reactome.org/biopax/96/48892#BiochemicalReaction1435,1,http://www.reactome.org/biopax/96/48892#Catalysis683,2504
2239,4463|7943|8510|10258,8512|10298,4,2,http://www.reactome.org/biopax/96/48892#BiochemicalReaction3693,1,http://www.reactome.org/biopax/96/48892#Catalysis1921,2505
2240,2645|9389|9513,7943|9390|9538,3,3,http://www.reactome.org/biopax/96/48892#BiochemicalReaction4595,1,http://www.reactome.org/biopax/96/48892#Catalysis2770,2506
2241,2085|7974|8109|10091,7976|8108,4,2,http://www.reactome.org/biopax/96/48892#BiochemicalReaction3289,1,http://www.reactome.org/biopax/96/48892#Catalysis1529,2507
2242,386|7986,387|8067,2,2,http://www.reactome.org/biopax/96/48892#BiochemicalReaction9019,1,http://www.reactome.org/biopax/96/48892#Catalysis4628,2508
2243,2262|4841|7986,4102|8067,3,2,http://www.reactome.org/biopax/96/48892#BiochemicalReaction7973,1,http://www.reactome.org/biopax/96/48892#Catalysis4297,2510
2244,2738|5353,5337,2,1,http://www.reactome.org/biopax/96/48892#BiochemicalReaction397,1,http://www.reactome.org/biopax/96/48892#Catalysis133,2511
2245,4913|9727|10123,8240|10212,3,2,http://www.reactome.org/biopax/96/48892#BiochemicalReaction3398,1,http://www.reactome.org/biopax/96/48892#Catalysis1636,2512
2246,4444|8219|10177,8218|8220,3,2,http://www.reactome.org/biopax/96/48892#BiochemicalReaction3370,1,http://www.reactome.org/biopax/96/48892#Catalysis1608,2513
2247,4857|8062|8494,8065|8497,3,2,http://www.reactome.org/biopax/96/48892#BiochemicalReaction3682,1,http://www.reactome.org/biopax/96/48892#Catalysis1910,2514
2248,2297|4694|5466,4695,3,1,http://www.reactome.org/biopax/96/48892#BiochemicalReaction3936,1,http://www.reactome.org/biopax/96/48892#Catalysis2147,2515
2249,5511|9676|9847,7943|9680,3,2,http://www.reactome.org/biopax/96/48892#BiochemicalReaction5227,1,http://www.reactome.org/biopax/96/48892#Catalysis3139,2516
2250,5237|8160|8161|9131,8162|9132,4,2,http://www.reactome.org/biopax/96/48892#BiochemicalReaction4374,1,http://www.reactome.org/biopax/96/48892#Catalysis2553,2517
2251,5335|9022|9543,7952|9547|10091,3,3,http://www.reactome.org/biopax/96/48892#BiochemicalReaction4697,1,http://www.reactome.org/biopax/96/48892#Catalysis2868,2518
2252,1453|5466|7519,7700|7701|7781,3,3,http://www.reactome.org/biopax/96/48892#BiochemicalReaction1820,1,http://www.reactome.org/biopax/96/48892#Catalysis848,2519
2253,4840|9320,9321,2,1,http://www.reactome.org/biopax/96/48892#BiochemicalReaction4553,1,http://www.reactome.org/biopax/96/48892#Catalysis2730,2520
2254,4927|8265|10123,8266|10173,3,2,http://www.reactome.org/biopax/96/48892#BiochemicalReaction3435,1,http://www.reactome.org/biopax/96/48892#Catalysis1673,2521
2255,3959|10134,10133,2,1,http://www.reactome.org/biopax/96/48892#BiochemicalReaction7605,1,http://www.reactome.org/biopax/96/48892#Catalysis4109,2522
2256,8164|8757|8767|10319,7943|8783|10157|10159,4,4,http://www.reactome.org/biopax/96/48892#BiochemicalReaction4025,-1,http://www.reactome.org/biopax/96/48892#Control501,2523
2257,2683|9905|10177,8955|9565,3,2,http://www.reactome.org/biopax/96/48892#BiochemicalReaction7701,1,http://www.reactome.org/biopax/96/48892#Catalysis4166,2524
2258,2185|8389|9973,4999|8388|10333,3,3,http://www.reactome.org/biopax/96/48892#BiochemicalReaction3582,1,http://www.reactome.org/biopax/96/48892#Control414,2525
2259,2824|9270|9396,9450|9596,3,2,http://www.reactome.org/biopax/96/48892#BiochemicalReaction4986,-1,http://www.reactome.org/biopax/96/48892#Control621,2526
2260,3347|5818|8622,3396|8631,3,2,http://www.reactome.org/biopax/96/48892#BiochemicalReaction6329,1,http://www.reactome.org/biopax/96/48892#Catalysis3654,2529
2261,2534|2536|9439,2533|8738,3,2,http://www.reactome.org/biopax/96/48892#BiochemicalReaction4349,1,http://www.reactome.org/biopax/96/48892#Catalysis2528,2530
2262,1071|7322|7415,6820|7416,3,2,http://www.reactome.org/biopax/96/48892#BiochemicalReaction1202,1,http://www.reactome.org/biopax/96/48892#Catalysis532,2531
2263,1330|1335|1448|5466,1330|1336,4,2,http://www.reactome.org/biopax/96/48892#BiochemicalReaction1813,-1,http://www.reactome.org/biopax/96/48892#Control245,2533
2264,7239|10053|10056,4382,3,1,http://www.reactome.org/biopax/96/48892#BiochemicalReaction1097,1,http://www.reactome.org/biopax/96/48892#Catalysis433,2534
2265,680|4634,681,2,1,http://www.reactome.org/biopax/96/48892#BiochemicalReaction9703,1,http://www.reactome.org/biopax/96/48892#Catalysis4900,2535
2266,2695|10091|10227,9367|9439,3,2,http://www.reactome.org/biopax/96/48892#BiochemicalReaction4720,1,http://www.reactome.org/biopax/96/48892#Catalysis2891,2536
2267,755|756|10177,3351|6648|10159,3,3,http://www.reactome.org/biopax/96/48892#BiochemicalReaction9945,1,http://www.reactome.org/biopax/96/48892#Catalysis4975,2537
2268,4212|7986|8046,8035|8067,3,2,http://www.reactome.org/biopax/96/48892#BiochemicalReaction8207,1,http://www.reactome.org/biopax/96/48892#Catalysis4373,2538
2269,5193|8386|9004,8555|9007|9008,3,3,http://www.reactome.org/biopax/96/48892#BiochemicalReaction4227,1,http://www.reactome.org/biopax/96/48892#Catalysis2412,2539
2270,653|657|7825,656,3,1,http://www.reactome.org/biopax/96/48892#BiochemicalReaction9648,-1,http://www.reactome.org/biopax/96/48892#Control1250,2540
2271,976,977|978|7087|10159,1,4,http://www.reactome.org/biopax/96/48892#BiochemicalReaction911,1,http://www.reactome.org/biopax/96/48892#Catalysis299,2541
2272,865|876|6972,877|6969|6970,3,3,http://www.reactome.org/biopax/96/48892#BiochemicalReaction780,1,http://www.reactome.org/biopax/96/48892#Control112,2542
2273,770|7205,6758|6759,2,2,http://www.reactome.org/biopax/96/48892#BiochemicalReaction10009,1,http://www.reactome.org/biopax/96/48892#Catalysis5006,2543
2274,2648|9414|10177|10269,9415|10139|10208,4,3,http://www.reactome.org/biopax/96/48892#BiochemicalReaction4610,1,http://www.reactome.org/biopax/96/48892#Catalysis2785,2544
2275,3301|5352,2716,2,1,http://www.reactome.org/biopax/96/48892#BiochemicalReaction6093,1,http://www.reactome.org/biopax/96/48892#Catalysis3570,2545
2276,1006|9653|9660,7943|9670|9678,3,3,http://www.reactome.org/biopax/96/48892#BiochemicalReaction980,1,http://www.reactome.org/biopax/96/48892#Catalysis344,2546
2277,5331|9396|9509,9450|9510,3,2,http://www.reactome.org/biopax/96/48892#BiochemicalReaction4675,1,http://www.reactome.org/biopax/96/48892#Catalysis2846,2547
2278,2080|7952|8103,8093|10230,3,2,http://www.reactome.org/biopax/96/48892#BiochemicalReaction3283,1,http://www.reactome.org/biopax/96/48892#Catalysis1523,2548
2279,1235|5466|7585,7586,3,1,http://www.reactome.org/biopax/96/48892#BiochemicalReaction1426,1,http://www.reactome.org/biopax/96/48892#Catalysis679,2549
2280,6684|6702,6703,2,1,http://www.reactome.org/biopax/96/48892#BiochemicalReaction9942,1,http://www.reactome.org/biopax/96/48892#Catalysis4974,2550
2281,2590|8472|9200|9439,8750|9202,4,2,http://www.reactome.org/biopax/96/48892#BiochemicalReaction4450,1,http://www.reactome.org/biopax/96/48892#Catalysis2629,2551
2282,1934|9866,1935|7943|9670,2,3,http://www.reactome.org/biopax/96/48892#BiochemicalReaction2891,1,http://www.reactome.org/biopax/96/48892#Catalysis1154,2552
2283,5564|10214,10107,2,1,http://www.reactome.org/biopax/96/48892#BiochemicalReaction5378,1,http://www.reactome.org/biopax/96/48892#Catalysis3263,2553
2284,3271|3272|7986,3276|8067,3,2,http://www.reactome.org/biopax/96/48892#BiochemicalReaction459,1,http://www.reactome.org/biopax/96/48892#Catalysis158,2555
2285,4825|7943|7964|10258,7965|10298,4,2,http://www.reactome.org/biopax/96/48892#BiochemicalReaction3179,1,http://www.reactome.org/biopax/96/48892#Catalysis1426,2556
2286,4113|7337|7376,6820|7377,3,2,http://www.reactome.org/biopax/96/48892#BiochemicalReaction1177,1,http://www.reactome.org/biopax/96/48892#Catalysis507,2557
2287,5050|8543,8544,2,1,http://www.reactome.org/biopax/96/48892#BiochemicalReaction3730,1,http://www.reactome.org/biopax/96/48892#Catalysis1954,2558
2288,409|5466,410,2,1,http://www.reactome.org/biopax/96/48892#BiochemicalReaction9063,1,http://www.reactome.org/biopax/96/48892#Catalysis4642,2559
2289,5006|10160|10177,8254|8404,3,2,http://www.reactome.org/biopax/96/48892#BiochemicalReaction3598,1,http://www.reactome.org/biopax/96/48892#Catalysis1830,2560
2290,9653|10129|10284,4417|7943|9670,3,3,http://www.reactome.org/biopax/96/48892#BiochemicalReaction2979,1,http://www.reactome.org/biopax/96/48892#Control385,2561
2291,368|8164,369|10157,2,2,http://www.reactome.org/biopax/96/48892#BiochemicalReaction8959,1,http://www.reactome.org/biopax/96/48892#Catalysis4610,2562
2292,1211|10085,1212|1213|9428,2,3,http://www.reactome.org/biopax/96/48892#BiochemicalReaction1392,1,http://www.reactome.org/biopax/96/48892#Catalysis658,2563
2293,1476|1484|7520,1485,3,1,http://www.reactome.org/biopax/96/48892#BiochemicalReaction1889,-1,http://www.reactome.org/biopax/96/48892#Control264,2564
2294,3347|5837|8622,3396|8631,3,2,http://www.reactome.org/biopax/96/48892#BiochemicalReaction6329,1,http://www.reactome.org/biopax/96/48892#Control807,2565
2295,1503|6795,1502,2,1,http://www.reactome.org/biopax/96/48892#BiochemicalReaction10070,-1,http://www.reactome.org/biopax/96/48892#Control1346,2566
2296,117|7986,118|8067,2,2,http://www.reactome.org/biopax/96/48892#BiochemicalReaction8396,1,http://www.reactome.org/biopax/96/48892#Catalysis4451,2567
2297,2961|3229|8660|8667|8678|8684,2978|4539,6,2,http://www.reactome.org/biopax/96/48892#BiochemicalReaction5791,1,http://www.reactome.org/biopax/96/48892#Catalysis3463,2568
2298,4314|9458|9480,9502|9891,3,2,http://www.reactome.org/biopax/96/48892#BiochemicalReaction7691,1,http://www.reactome.org/biopax/96/48892#Catalysis4157,2569
2299,5085|7618,2258,2,1,http://www.reactome.org/biopax/96/48892#BiochemicalReaction3889,1,http://www.reactome.org/biopax/96/48892#Catalysis2106,2570
2300,2933|8138,9355,2,1,http://www.reactome.org/biopax/96/48892#BiochemicalReaction5321,1,http://www.reactome.org/biopax/96/48892#Catalysis3224,2571
2301,3381|3404|8164,3408|10157,3,2,http://www.reactome.org/biopax/96/48892#BiochemicalReaction481,1,http://www.reactome.org/biopax/96/48892#Catalysis167,2572
2302,259|7986,260|8067,2,2,http://www.reactome.org/biopax/96/48892#BiochemicalReaction8606,1,http://www.reactome.org/biopax/96/48892#Catalysis4540,2573
2303,4358|6842,4359,2,1,http://www.reactome.org/biopax/96/48892#BiochemicalReaction10113,1,http://www.reactome.org/biopax/96/48892#Catalysis5042,2574
2304,5414|9396|9598,8974|9597,3,2,http://www.reactome.org/biopax/96/48892#BiochemicalReaction4991,1,http://www.reactome.org/biopax/96/48892#Catalysis2986,2575
2305,2858|6531,5466,2,1,http://www.reactome.org/biopax/96/48892#BiochemicalReaction9360,1,http://www.reactome.org/biopax/96/48892#Catalysis4757,2576
2306,2410|8910|10177,7943|8911,3,2,http://www.reactome.org/biopax/96/48892#BiochemicalReaction4130,1,http://www.reactome.org/biopax/96/48892#Catalysis2316,2577
2307,2109|8223|10132,8219|8224,3,2,http://www.reactome.org/biopax/96/48892#BiochemicalReaction3372,1,http://www.reactome.org/biopax/96/48892#Control404,2578
2308,1991|9344|10271,10239|10272,3,2,http://www.reactome.org/biopax/96/48892#BiochemicalReaction2967,1,http://www.reactome.org/biopax/96/48892#Catalysis1227,2579
2309,1903|4276,6862,2,1,http://www.reactome.org/biopax/96/48892#BiochemicalReaction8082,1,http://www.reactome.org/biopax/96/48892#Control1084,2580
2310,1035,1033|1034|1037|7206|10159,1,5,http://www.reactome.org/biopax/96/48892#BiochemicalReaction1062,1,http://www.reactome.org/biopax/96/48892#Catalysis412,2581
2311,5022|7943|8434|10258|10269,8440|10177|10298,5,3,http://www.reactome.org/biopax/96/48892#BiochemicalReaction3629,1,http://www.reactome.org/biopax/96/48892#Catalysis1859,2582
2312,2396|9926|10177,8782|9930,3,2,http://www.reactome.org/biopax/96/48892#BiochemicalReaction7728,1,http://www.reactome.org/biopax/96/48892#Catalysis4193,2584
2313,5829|6622|7986,6621|8067,3,2,http://www.reactome.org/biopax/96/48892#BiochemicalReaction9602,1,http://www.reactome.org/biopax/96/48892#Catalysis4857,2585
2314,2772|7680,2773,2,1,http://www.reactome.org/biopax/96/48892#BiochemicalReaction4895,1,http://www.reactome.org/biopax/96/48892#Catalysis2937,2586
2315,2005|9973|10307,10305|10310,3,2,http://www.reactome.org/biopax/96/48892#BiochemicalReaction3009,1,http://www.reactome.org/biopax/96/48892#Catalysis1266,2587
2316,3582|8923,3583|7386|8930,2,3,http://www.reactome.org/biopax/96/48892#BiochemicalReaction6668,1,http://www.reactome.org/biopax/96/48892#Catalysis3797,2588
2317,2080|7952|8111,8112|10230,3,2,http://www.reactome.org/biopax/96/48892#BiochemicalReaction3292,1,http://www.reactome.org/biopax/96/48892#Catalysis1532,2589
2318,6266|9944,9943,2,1,http://www.reactome.org/biopax/96/48892#BiochemicalReaction7750,1,http://www.reactome.org/biopax/96/48892#Catalysis4207,2590
2319,3467|5895|8918,5894|8643,3,2,http://www.reactome.org/biopax/96/48892#BiochemicalReaction6429,1,http://www.reactome.org/biopax/96/48892#Catalysis3715,2593
2320,370|3179|8164,3173|10157,3,2,http://www.reactome.org/biopax/96/48892#BiochemicalReaction8962,1,http://www.reactome.org/biopax/96/48892#Catalysis4611,2594
2321,7943|8164|9643|9854,9428|9643,4,2,http://www.reactome.org/biopax/96/48892#BiochemicalReaction1008,-1,http://www.reactome.org/biopax/96/48892#Control172,2595
2322,447|6333|7986,6332|8067,3,2,http://www.reactome.org/biopax/96/48892#BiochemicalReaction9132,1,http://www.reactome.org/biopax/96/48892#Catalysis4675,2596
2323,4463|7943|8534|10258,8536|10298,4,2,http://www.reactome.org/biopax/96/48892#BiochemicalReaction3713,1,http://www.reactome.org/biopax/96/48892#Catalysis1941,2597
2324,8739|8759,10091,2,1,http://www.reactome.org/biopax/96/48892#BiochemicalReaction3999,-1,http://www.reactome.org/biopax/96/48892#Control485,2598
2325,7851|10172|10177,10173|10174,3,2,http://www.reactome.org/biopax/96/48892#BiochemicalReaction2086,1,http://www.reactome.org/biopax/96/48892#Catalysis918,2599
2326,1552|1758,1767|7887|7888,2,3,http://www.reactome.org/biopax/96/48892#BiochemicalReaction254,1,http://www.reactome.org/biopax/96/48892#Catalysis107,2600
2327,44|511|514|4346|7033,513,5,1,http://www.reactome.org/biopax/96/48892#BiochemicalReaction9315,-1,http://www.reactome.org/biopax/96/48892#Control1212,2601
2328,160|7986,161|8067,2,2,http://www.reactome.org/biopax/96/48892#BiochemicalReaction8453,1,http://www.reactome.org/biopax/96/48892#Catalysis4480,2602
2329,4926|8386|10168,8263|8264,3,2,http://www.reactome.org/biopax/96/48892#BiochemicalReaction3434,1,http://www.reactome.org/biopax/96/48892#Catalysis1672,2604
2330,5644|5646|8622,5647|8631,3,2,http://www.reactome.org/biopax/96/48892#BiochemicalReaction5703,1,http://www.reactome.org/biopax/96/48892#Catalysis3425,2605
2331,7250|7915|8173|10349,1467,4,1,http://www.reactome.org/biopax/96/48892#BiochemicalReaction188,1,http://www.reactome.org/biopax/96/48892#Control30,2606
2332,67|6393|7986,74|8067,3,2,http://www.reactome.org/biopax/96/48892#BiochemicalReaction8328,1,http://www.reactome.org/biopax/96/48892#Catalysis4425,2607
2333,4954|8313|10177,8273|10159,3,2,http://www.reactome.org/biopax/96/48892#BiochemicalReaction3501,1,http://www.reactome.org/biopax/96/48892#Catalysis1739,2608
2334,4689|4690,1968,2,1,http://www.reactome.org/biopax/96/48892#BiochemicalReaction2924,1,http://www.reactome.org/biopax/96/48892#Catalysis1186,2609
2335,3252|3257|10196,3258|10204,3,2,http://www.reactome.org/biopax/96/48892#BiochemicalReaction5845,1,http://www.reactome.org/biopax/96/48892#Catalysis3487,2610
2336,3173|5940|10177,3179|10159,3,2,http://www.reactome.org/biopax/96/48892#BiochemicalReaction497,1,http://www.reactome.org/biopax/96/48892#Catalysis171,2611
2337,2298|7998|8732,8733,3,1,http://www.reactome.org/biopax/96/48892#BiochemicalReaction3938,1,http://www.reactome.org/biopax/96/48892#Catalysis2149,2612
2338,5466|7543|7986,1196|9428,3,2,http://www.reactome.org/biopax/96/48892#BiochemicalReaction1338,1,http://www.reactome.org/biopax/96/48892#Catalysis647,2613
2339,5360|5362|9502,5361|9574,3,2,http://www.reactome.org/biopax/96/48892#BiochemicalReaction4819,1,http://www.reactome.org/biopax/96/48892#Catalysis2919,2614
2340,5315|7944|10177,8151|9455,3,2,http://www.reactome.org/biopax/96/48892#BiochemicalReaction4634,1,http://www.reactome.org/biopax/96/48892#Catalysis2807,2615
2341,4904|8173|8386,8221|8269,3,2,http://www.reactome.org/biopax/96/48892#BiochemicalReaction3442,-1,http://www.reactome.org/biopax/96/48892#Control408,2616
2342,5022|7943|8442|10258|10269,8443|10177|10298,5,3,http://www.reactome.org/biopax/96/48892#BiochemicalReaction3632,1,http://www.reactome.org/biopax/96/48892#Catalysis1862,2617
2343,6448|6450|8622,6449|8631,3,2,http://www.reactome.org/biopax/96/48892#BiochemicalReaction8985,1,http://www.reactome.org/biopax/96/48892#Catalysis4617,2618
2344,5478|10109|10292,10113|10293,3,2,http://www.reactome.org/biopax/96/48892#BiochemicalReaction5170,1,http://www.reactome.org/biopax/96/48892#Catalysis3083,2619
2345,3382|5337,3380|3383,2,2,http://www.reactome.org/biopax/96/48892#BiochemicalReaction6305,1,http://www.reactome.org/biopax/96/48892#Catalysis3643,2620
2346,3073|9797,3074|8957,2,2,http://www.reactome.org/biopax/96/48892#BiochemicalReaction5618,1,http://www.reactome.org/biopax/96/48892#Catalysis3381,2622
2347,2755|7203|7986,2759|5375|6106|8067,3,4,http://www.reactome.org/biopax/96/48892#BiochemicalReaction4861,1,http://www.reactome.org/biopax/96/48892#Catalysis2935,2623
2348,5298|7943|9330|10258|10269,9331|10177|10298,5,3,http://www.reactome.org/biopax/96/48892#BiochemicalReaction4568,1,http://www.reactome.org/biopax/96/48892#Catalysis2743,2624
2349,2798|2805|5395|5396|5397|6099|7907,2806,7,1,http://www.reactome.org/biopax/96/48892#BiochemicalReaction4963,1,http://www.reactome.org/biopax/96/48892#Control617,2625
2350,761|770|5377,774,3,1,http://www.reactome.org/biopax/96/48892#BiochemicalReaction9979,-1,http://www.reactome.org/biopax/96/48892#Control1336,2626
2351,3609|8622,3610|8631,2,2,http://www.reactome.org/biopax/96/48892#BiochemicalReaction6736,1,http://www.reactome.org/biopax/96/48892#Catalysis3830,2627
2352,2031|10177|10387,7917|10159,3,2,http://www.reactome.org/biopax/96/48892#BiochemicalReaction3130,1,http://www.reactome.org/biopax/96/48892#Catalysis1379,2628
2353,2239|5080|7986,5081|8067,3,2,http://www.reactome.org/biopax/96/48892#BiochemicalReaction3871,1,http://www.reactome.org/biopax/96/48892#Catalysis2092,2629
2354,6173|6174|9245,6175|9256,3,2,http://www.reactome.org/biopax/96/48892#BiochemicalReaction7309,1,http://www.reactome.org/biopax/96/48892#Catalysis4021,2630
2355,3035,3036|9791,1,2,http://www.reactome.org/biopax/96/48892#BiochemicalReaction5568,1,http://www.reactome.org/biopax/96/48892#Catalysis3357,2631
2356,2673|7986|9518|10177,8067|9847|10159,4,3,http://www.reactome.org/biopax/96/48892#BiochemicalReaction4680,1,http://www.reactome.org/biopax/96/48892#Catalysis2851,2632
2357,6408|6409|8386,1506,3,1,http://www.reactome.org/biopax/96/48892#BiochemicalReaction8537,-1,http://www.reactome.org/biopax/96/48892#Control1127,2633
2358,6197|10349,5709,2,1,http://www.reactome.org/biopax/96/48892#BiochemicalReaction7412,1,http://www.reactome.org/biopax/96/48892#Control922,2634
2359,4269|6215,7686,2,1,http://www.reactome.org/biopax/96/48892#BiochemicalReaction7753,1,http://www.reactome.org/biopax/96/48892#Control997,2635
2360,2790|4225,6856,2,1,http://www.reactome.org/biopax/96/48892#BiochemicalReaction4942,1,http://www.reactome.org/biopax/96/48892#Control611,2636
2361,7192|9706|10033,10026|10034,3,2,http://www.reactome.org/biopax/96/48892#BiochemicalReaction1041,1,http://www.reactome.org/biopax/96/48892#Control177,2637
2362,5055|7943|8572|10258|10269,8564|10177|10298,5,3,http://www.reactome.org/biopax/96/48892#BiochemicalReaction3755,1,http://www.reactome.org/biopax/96/48892#Catalysis1979,2638
2363,6690|8164,9428|10309,2,2,http://www.reactome.org/biopax/96/48892#BiochemicalReaction9908,1,http://www.reactome.org/biopax/96/48892#Control1311,2639
2364,710|814|2703,815,3,1,http://www.reactome.org/biopax/96/48892#BiochemicalReaction10137,1,http://www.reactome.org/biopax/96/48892#Control1368,2640
2365,1461|7523|7710|7805,1460,4,1,http://www.reactome.org/biopax/96/48892#BiochemicalReaction1833,-1,http://www.reactome.org/biopax/96/48892#Control252,2641
2366,5474|10113|10295,10109|10297,3,2,http://www.reactome.org/biopax/96/48892#BiochemicalReaction5167,1,http://www.reactome.org/biopax/96/48892#Catalysis3080,2642
2367,3503|3938,3939,2,1,http://www.reactome.org/biopax/96/48892#BiochemicalReaction7548,1,http://www.reactome.org/biopax/96/48892#Control969,2643
2368,1187|10177,1188|4392,2,2,http://www.reactome.org/biopax/96/48892#BiochemicalReaction1327,1,http://www.reactome.org/biopax/96/48892#Catalysis637,2644
2369,211|213|7986,212|8067,3,2,http://www.reactome.org/biopax/96/48892#BiochemicalReaction8541,-1,http://www.reactome.org/biopax/96/48892#Control1130,2645
2370,3581|5337,5682|5977|5978,2,3,http://www.reactome.org/biopax/96/48892#BiochemicalReaction6664,1,http://www.reactome.org/biopax/96/48892#Catalysis3796,2647
2371,3103|8622,3104|8631,2,2,http://www.reactome.org/biopax/96/48892#BiochemicalReaction5650,1,http://www.reactome.org/biopax/96/48892#Catalysis3396,2648
2372,5889|5891|8622,5890|8631,3,2,http://www.reactome.org/biopax/96/48892#BiochemicalReaction6423,1,http://www.reactome.org/biopax/96/48892#Catalysis3709,2649
2373,2519|7943|9081,9083|9635,3,2,http://www.reactome.org/biopax/96/48892#BiochemicalReaction4438,1,http://www.reactome.org/biopax/96/48892#Catalysis2617,2651
2374,2564|9154|9439|10217,8099|9155|10091,4,3,http://www.reactome.org/biopax/96/48892#BiochemicalReaction4458,1,http://www.reactome.org/biopax/96/48892#Catalysis2637,2652
2375,989|7113|7943|9538|10269,7114|9513|10177,5,3,http://www.reactome.org/biopax/96/48892#BiochemicalReaction960,1,http://www.reactome.org/biopax/96/48892#Catalysis324,2653
2376,2438|2441,2442,2,1,http://www.reactome.org/biopax/96/48892#BiochemicalReaction4188,1,http://www.reactome.org/biopax/96/48892#Catalysis2374,2654
2377,4787|10009|10357,10060|10358,3,2,http://www.reactome.org/biopax/96/48892#BiochemicalReaction3080,1,http://www.reactome.org/biopax/96/48892#Catalysis1329,2655
2378,489|6499,5440|6500,2,2,http://www.reactome.org/biopax/96/48892#BiochemicalReaction9260,1,http://www.reactome.org/biopax/96/48892#Control1199,2656
2379,246|6413|10177,247|10159,3,2,http://www.reactome.org/biopax/96/48892#BiochemicalReaction8592,1,http://www.reactome.org/biopax/96/48892#Catalysis4534,2657
2380,1507|7759|10372,1508,3,1,http://www.reactome.org/biopax/96/48892#BiochemicalReaction200,1,http://www.reactome.org/biopax/96/48892#Control31,2658
2381,3354|5851|8622,5852|8631,3,2,http://www.reactome.org/biopax/96/48892#BiochemicalReaction6354,1,http://www.reactome.org/biopax/96/48892#Catalysis3671,2660
2382,6328|10349,6329,2,1,http://www.reactome.org/biopax/96/48892#BiochemicalReaction7970,1,http://www.reactome.org/biopax/96/48892#Control1038,2661
2383,6157|6169|9245,6156|9256,3,2,http://www.reactome.org/biopax/96/48892#BiochemicalReaction7302,1,http://www.reactome.org/biopax/96/48892#Catalysis4015,2662
2384,3871|6128|10177,3872|10159,3,2,http://www.reactome.org/biopax/96/48892#BiochemicalReaction7223,1,http://www.reactome.org/biopax/96/48892#Control895,2663
2385,5144|8743|10231,8763|8765,3,2,http://www.reactome.org/biopax/96/48892#BiochemicalReaction4009,1,http://www.reactome.org/biopax/96/48892#Catalysis2199,2665
2386,2738|4055,3350|5337,2,2,http://www.reactome.org/biopax/96/48892#BiochemicalReaction7876,1,http://www.reactome.org/biopax/96/48892#Catalysis4248,2667
2387,6134|6184|7576,3890,3,1,http://www.reactome.org/biopax/96/48892#BiochemicalReaction7322,-1,http://www.reactome.org/biopax/96/48892#Control905,2668
2388,2206|7943|8449|10258|10269,8462|10177|10298,5,3,http://www.reactome.org/biopax/96/48892#BiochemicalReaction3655,-1,http://www.reactome.org/biopax/96/48892#Control418,2669
2389,3173|6574|10177,3179|10159,3,2,http://www.reactome.org/biopax/96/48892#BiochemicalReaction9418,1,http://www.reactome.org/biopax/96/48892#Catalysis4793,2671
2390,3977|7986,3978|8067,2,2,http://www.reactome.org/biopax/96/48892#BiochemicalReaction7646,1,http://www.reactome.org/biopax/96/48892#Catalysis4128,2672
2391,1993|10275,9344,2,1,http://www.reactome.org/biopax/96/48892#BiochemicalReaction2973,1,http://www.reactome.org/biopax/96/48892#Catalysis1233,2673
2392,6982|6986|8622,6985|8631,3,2,http://www.reactome.org/biopax/96/48892#BiochemicalReaction822,1,http://www.reactome.org/biopax/96/48892#Catalysis264,2674
2393,7756|10147,10145|10146,2,2,http://www.reactome.org/biopax/96/48892#BiochemicalReaction1702,1,http://www.reactome.org/biopax/96/48892#Catalysis818,2675
2394,865|870|6903|6967,871|6884|6885,4,3,http://www.reactome.org/biopax/96/48892#BiochemicalReaction775,1,http://www.reactome.org/biopax/96/48892#Control107,2676
2395,4294|6134|9245,6184|9256,3,2,http://www.reactome.org/biopax/96/48892#BiochemicalReaction7321,1,http://www.reactome.org/biopax/96/48892#Catalysis4031,2677
2396,2858|10158,10146|10147,2,2,http://www.reactome.org/biopax/96/48892#BiochemicalReaction1730,1,http://www.reactome.org/biopax/96/48892#Catalysis826,2678
2397,1447|5466,4393,2,1,http://www.reactome.org/biopax/96/48892#BiochemicalReaction2265,1,http://www.reactome.org/biopax/96/48892#Catalysis986,2679
2398,668,6646|7083|7747,1,3,http://www.reactome.org/biopax/96/48892#BiochemicalReaction9679,1,http://www.reactome.org/biopax/96/48892#Catalysis4889,2680
2399,1411|4397|7986,1412|7745|9236|9428,3,4,http://www.reactome.org/biopax/96/48892#BiochemicalReaction1698,1,http://www.reactome.org/biopax/96/48892#Catalysis815,2681
2400,4893|8094|8213,8095|8214,3,2,http://www.reactome.org/biopax/96/48892#BiochemicalReaction3361,1,http://www.reactome.org/biopax/96/48892#Catalysis1599,2682
2401,2598|8059|10216,8061|9214,3,2,http://www.reactome.org/biopax/96/48892#BiochemicalReaction4466,1,http://www.reactome.org/biopax/96/48892#Catalysis2645,2683
2402,1347|4579|7986,967|1359|8067,3,3,http://www.reactome.org/biopax/96/48892#BiochemicalReaction1628,1,http://www.reactome.org/biopax/96/48892#Catalysis780,2684
2403,2165|8345|8346,8347|9731,3,2,http://www.reactome.org/biopax/96/48892#BiochemicalReaction3549,1,http://www.reactome.org/biopax/96/48892#Catalysis1784,2685
2404,5077|7943|8419|10258|10269,9920|10177|10298,5,3,http://www.reactome.org/biopax/96/48892#BiochemicalReaction7713,1,http://www.reactome.org/biopax/96/48892#Catalysis4178,2686
2405,6349|8502,8993,2,1,http://www.reactome.org/biopax/96/48892#BiochemicalReaction8062,1,http://www.reactome.org/biopax/96/48892#Catalysis4317,2687
2406,7096|7102|9469|9480|9491,7104|9499|9502,5,3,http://www.reactome.org/biopax/96/48892#BiochemicalReaction937,1,http://www.reactome.org/biopax/96/48892#Catalysis310,2688
2407,7142|9720|9727,4370|9731,3,2,http://www.reactome.org/biopax/96/48892#BiochemicalReaction984,1,http://www.reactome.org/biopax/96/48892#Catalysis348,2689
2408,2004|9973|10303,10304|10305,3,2,http://www.reactome.org/biopax/96/48892#BiochemicalReaction3007,1,http://www.reactome.org/biopax/96/48892#Catalysis1264,2690
2409,3148|3357,3358,2,1,http://www.reactome.org/biopax/96/48892#BiochemicalReaction6269,1,http://www.reactome.org/biopax/96/48892#Catalysis3631,2691
2410,4838|8649|10269,8651,3,1,http://www.reactome.org/biopax/96/48892#BiochemicalReaction3821,1,http://www.reactome.org/biopax/96/48892#Catalysis2042,2692
2411,354|8164,355|10157,2,2,http://www.reactome.org/biopax/96/48892#BiochemicalReaction8931,1,http://www.reactome.org/biopax/96/48892#Catalysis4602,2693
2412,2425|7986|8944,9236|10273,3,2,http://www.reactome.org/biopax/96/48892#BiochemicalReaction4154,1,http://www.reactome.org/biopax/96/48892#Catalysis2340,2694
2413,8067|8739,10091,2,1,http://www.reactome.org/biopax/96/48892#BiochemicalReaction4000,-1,http://www.reactome.org/biopax/96/48892#Control487,2695
2414,7075|7556|9396,7555|9450,3,2,http://www.reactome.org/biopax/96/48892#BiochemicalReaction1395,1,http://www.reactome.org/biopax/96/48892#Catalysis661,2696
2415,1476|7504|7824,1493,3,1,http://www.reactome.org/biopax/96/48892#BiochemicalReaction1902,-1,http://www.reactome.org/biopax/96/48892#Control268,2699
2416,6978|6980|7986,6981|8067,3,2,http://www.reactome.org/biopax/96/48892#BiochemicalReaction819,1,http://www.reactome.org/biopax/96/48892#Catalysis262,2700
2417,5472|10107|10295,10214|10297,3,2,http://www.reactome.org/biopax/96/48892#BiochemicalReaction5165,1,http://www.reactome.org/biopax/96/48892#Catalysis3078,2701
2418,4885|8062|8201,8160|8202|8203,3,3,http://www.reactome.org/biopax/96/48892#BiochemicalReaction3351,1,http://www.reactome.org/biopax/96/48892#Catalysis1589,2702
2419,2533|2535|8720,2534|8600|10091,3,3,http://www.reactome.org/biopax/96/48892#BiochemicalReaction4346,1,http://www.reactome.org/biopax/96/48892#Catalysis2525,2703
2420,2613|7986|9238,7943|8067|9239,3,3,http://www.reactome.org/biopax/96/48892#BiochemicalReaction4488,1,http://www.reactome.org/biopax/96/48892#Catalysis2666,2705
2421,3097|4597|7986,4598|8067,3,2,http://www.reactome.org/biopax/96/48892#BiochemicalReaction2324,1,http://www.reactome.org/biopax/96/48892#Catalysis1014,2707
2422,4689|4690|10244,1968,3,1,http://www.reactome.org/biopax/96/48892#BiochemicalReaction2924,-1,http://www.reactome.org/biopax/96/48892#Control360,2708
2423,6869|9765,10349,2,1,http://www.reactome.org/biopax/96/48892#BiochemicalReaction5380,1,http://www.reactome.org/biopax/96/48892#Control665,2709
2424,3451|7986,3452|8067,2,2,http://www.reactome.org/biopax/96/48892#BiochemicalReaction6416,1,http://www.reactome.org/biopax/96/48892#Catalysis3705,2710
2425,2656|7943|9445|9538,9513|10177|10247,4,3,http://www.reactome.org/biopax/96/48892#BiochemicalReaction4631,1,http://www.reactome.org/biopax/96/48892#Catalysis2804,2711
2426,3523|5337,3524,2,1,http://www.reactome.org/biopax/96/48892#BiochemicalReaction6515,1,http://www.reactome.org/biopax/96/48892#Catalysis3760,2712
2427,2041|2045|8164,2054|10157,3,2,http://www.reactome.org/biopax/96/48892#BiochemicalReaction325,1,http://www.reactome.org/biopax/96/48892#Catalysis125,2713
2428,7615|7620,7619,2,1,http://www.reactome.org/biopax/96/48892#BiochemicalReaction1455,1,http://www.reactome.org/biopax/96/48892#Catalysis698,2714
2429,2569|9159,9563|9995,2,2,http://www.reactome.org/biopax/96/48892#BiochemicalReaction4409,1,http://www.reactome.org/biopax/96/48892#Catalysis2588,2715
2430,982|2858,5466,2,1,http://www.reactome.org/biopax/96/48892#BiochemicalReaction917,1,http://www.reactome.org/biopax/96/48892#Catalysis302,2716
2431,3238,3163|3167|3239|5658|5659,1,5,http://www.reactome.org/biopax/96/48892#BiochemicalReaction5804,1,http://www.reactome.org/biopax/96/48892#Catalysis3468,2718
2432,2782|8386|9449,8555|8642|9530,3,3,http://www.reactome.org/biopax/96/48892#BiochemicalReaction21,1,http://www.reactome.org/biopax/96/48892#Catalysis5,2719
2433,3592|9771,10247,2,1,http://www.reactome.org/biopax/96/48892#BiochemicalReaction9612,1,http://www.reactome.org/biopax/96/48892#Catalysis4861,2720
2434,1759|7986,1760|8067,2,2,http://www.reactome.org/biopax/96/48892#BiochemicalReaction2516,1,http://www.reactome.org/biopax/96/48892#Catalysis1066,2721
2435,142|143|7986,4109|8067,3,2,http://www.reactome.org/biopax/96/48892#BiochemicalReaction8434,-1,http://www.reactome.org/biopax/96/48892#Control1118,2722
2436,2207|5043,2206,2,1,http://www.reactome.org/biopax/96/48892#BiochemicalReaction3719,1,http://www.reactome.org/biopax/96/48892#Catalysis1947,2723
2437,3425|3510|8622,3511|8631,3,2,http://www.reactome.org/biopax/96/48892#BiochemicalReaction6492,1,http://www.reactome.org/biopax/96/48892#Catalysis3747,2724
2438,4113|7323,6820|7472,2,2,http://www.reactome.org/biopax/96/48892#BiochemicalReaction1247,1,http://www.reactome.org/biopax/96/48892#Catalysis576,2725
2439,2214|2687|9569,2216|2315|9096,3,3,http://www.reactome.org/biopax/96/48892#BiochemicalReaction4713,1,http://www.reactome.org/biopax/96/48892#Control563,2726
2440,2742|8386|9266,8555|8642|9355,3,3,http://www.reactome.org/biopax/96/48892#BiochemicalReaction19,1,http://www.reactome.org/biopax/96/48892#Catalysis3,2727
2441,2974|7943|10295,9635|10177,3,2,http://www.reactome.org/biopax/96/48892#BiochemicalReaction5402,1,http://www.reactome.org/biopax/96/48892#Catalysis3281,2728
2442,706|6669|7986,707|8067,3,2,http://www.reactome.org/biopax/96/48892#BiochemicalReaction9824,1,http://www.reactome.org/biopax/96/48892#Catalysis4930,2730
2443,6810|9167|10177,8433|9168,3,2,http://www.reactome.org/biopax/96/48892#BiochemicalReaction10176,1,http://www.reactome.org/biopax/96/48892#Catalysis5056,2731
2444,4484|8029|9365|9480|9582,8031|9366|9502,5,3,http://www.reactome.org/biopax/96/48892#BiochemicalReaction4583,1,http://www.reactome.org/biopax/96/48892#Catalysis2758,2733
2445,3619|5961|7986,3627|8067,3,2,http://www.reactome.org/biopax/96/48892#BiochemicalReaction516,-1,http://www.reactome.org/biopax/96/48892#Control77,2734
2446,4113|7322|7444,6820|7445,3,2,http://www.reactome.org/biopax/96/48892#BiochemicalReaction1229,1,http://www.reactome.org/biopax/96/48892#Catalysis558,2735
2447,4890|8210|9691,7945|9704,3,2,http://www.reactome.org/biopax/96/48892#BiochemicalReaction3358,1,http://www.reactome.org/biopax/96/48892#Catalysis1596,2736
2448,2328|5120|8741,2327|8742|10091,3,3,http://www.reactome.org/biopax/96/48892#BiochemicalReaction3977,1,http://www.reactome.org/biopax/96/48892#Catalysis2174,2738
2449,2600|7597|9022|10091,2599|9367,4,2,http://www.reactome.org/biopax/96/48892#BiochemicalReaction4468,1,http://www.reactome.org/biopax/96/48892#Catalysis2647,2739
2450,6392|10177|10206,9236,3,1,http://www.reactome.org/biopax/96/48892#BiochemicalReaction8326,1,http://www.reactome.org/biopax/96/48892#Catalysis4424,2740
2451,950|7986,950|8067|10159,2,3,http://www.reactome.org/biopax/96/48892#BiochemicalReaction882,1,http://www.reactome.org/biopax/96/48892#Control168,2741
2452,3126|8622,3124|5633|8631,2,3,http://www.reactome.org/biopax/96/48892#BiochemicalReaction5680,1,http://www.reactome.org/biopax/96/48892#Catalysis3410,2742
2453,285|286|288,287,3,1,http://www.reactome.org/biopax/96/48892#BiochemicalReaction8650,-1,http://www.reactome.org/biopax/96/48892#Control1141,2743
2454,129|9014|10258,7943|9957|10298,3,3,http://www.reactome.org/biopax/96/48892#BiochemicalReaction8409,1,http://www.reactome.org/biopax/96/48892#Catalysis4458,2745
2455,2546|9125|10177|10269,9126|9563|10208,4,3,http://www.reactome.org/biopax/96/48892#BiochemicalReaction4369,1,http://www.reactome.org/biopax/96/48892#Catalysis2548,2746
2456,3158|3162,3166|10159,2,2,http://www.reactome.org/biopax/96/48892#BiochemicalReaction444,1,http://www.reactome.org/biopax/96/48892#Catalysis151,2747
2457,4924|8386|10172,8221|8260,3,2,http://www.reactome.org/biopax/96/48892#BiochemicalReaction3428,1,http://www.reactome.org/biopax/96/48892#Catalysis1666,2748
2458,812|10029,8555,2,1,http://www.reactome.org/biopax/96/48892#BiochemicalReaction10128,1,http://www.reactome.org/biopax/96/48892#Catalysis5046,2749
2459,2983|7206,2985,2,1,http://www.reactome.org/biopax/96/48892#BiochemicalReaction5431,1,http://www.reactome.org/biopax/96/48892#Control671,2750
2460,1648|4593,1809,2,1,http://www.reactome.org/biopax/96/48892#BiochemicalReaction2281,1,http://www.reactome.org/biopax/96/48892#Catalysis996,2751
2461,3405|3423|7986,3474|8067,3,2,http://www.reactome.org/biopax/96/48892#BiochemicalReaction6436,1,http://www.reactome.org/biopax/96/48892#Catalysis3720,2752
2462,865|8057,10374,2,1,http://www.reactome.org/biopax/96/48892#BiochemicalReaction3106,1,http://www.reactome.org/biopax/96/48892#Catalysis1355,2753
2463,563|6576|8164,564|10157,3,2,http://www.reactome.org/biopax/96/48892#BiochemicalReaction9423,1,http://www.reactome.org/biopax/96/48892#Catalysis4794,2754
2464,1852|7591,1872,2,1,http://www.reactome.org/biopax/96/48892#BiochemicalReaction290,1,http://www.reactome.org/biopax/96/48892#Catalysis119,2755
2465,4739|4742|10313,4738|10314,3,2,http://www.reactome.org/biopax/96/48892#BiochemicalReaction3018,1,http://www.reactome.org/biopax/96/48892#Catalysis1275,2756
2466,2942|8386|9939,9836|9967,3,2,http://www.reactome.org/biopax/96/48892#BiochemicalReaction34,1,http://www.reactome.org/biopax/96/48892#Catalysis18,2757
2467,5336|7952|8720|9892,8586|8777|9894,4,3,http://www.reactome.org/biopax/96/48892#BiochemicalReaction7692,1,http://www.reactome.org/biopax/96/48892#Catalysis4158,2758
2468,2858|7586,5466,2,1,http://www.reactome.org/biopax/96/48892#BiochemicalReaction1427,1,http://www.reactome.org/biopax/96/48892#Catalysis680,2759
2469,5556|10214,10107,2,1,http://www.reactome.org/biopax/96/48892#BiochemicalReaction5367,1,http://www.reactome.org/biopax/96/48892#Catalysis3253,2760
2470,5281|8059|8062|9264,8061|9263|9265,4,3,http://www.reactome.org/biopax/96/48892#BiochemicalReaction4508,1,http://www.reactome.org/biopax/96/48892#Catalysis2686,2762
2471,8720|9092|9222|10227,8600|8738|9224,4,3,http://www.reactome.org/biopax/96/48892#BiochemicalReaction4473,1,http://www.reactome.org/biopax/96/48892#Control543,2763
2472,4164|7986,4166|8067,2,2,http://www.reactome.org/biopax/96/48892#BiochemicalReaction8148,1,http://www.reactome.org/biopax/96/48892#Catalysis4349,2764
2473,2289|5097|7952,5098|10230,3,2,http://www.reactome.org/biopax/96/48892#BiochemicalReaction3925,1,http://www.reactome.org/biopax/96/48892#Catalysis2138,2765
2474,1751|4843,1757,2,1,http://www.reactome.org/biopax/96/48892#BiochemicalReaction2507,1,http://www.reactome.org/biopax/96/48892#Catalysis1065,2767
2475,4505|7943|9551|10258|10269,9556|10177|10298,5,3,http://www.reactome.org/biopax/96/48892#BiochemicalReaction4703,1,http://www.reactome.org/biopax/96/48892#Catalysis2874,2768
2476,2135|8290|9439,8283|8297,3,2,http://www.reactome.org/biopax/96/48892#BiochemicalReaction3472,1,http://www.reactome.org/biopax/96/48892#Catalysis1710,2769
2477,1840|7986,1841|8067,2,2,http://www.reactome.org/biopax/96/48892#BiochemicalReaction2687,1,http://www.reactome.org/biopax/96/48892#Catalysis1100,2770
2478,4062|8555,6353|6355,2,2,http://www.reactome.org/biopax/96/48892#BiochemicalReaction618,1,http://www.reactome.org/biopax/96/48892#Control78,2771
2479,4067|8061,8059|8062,2,2,http://www.reactome.org/biopax/96/48892#BiochemicalReaction7903,1,http://www.reactome.org/biopax/96/48892#Catalysis4260,2772
2480,1231|1232,1233|7085,2,2,http://www.reactome.org/biopax/96/48892#BiochemicalReaction1423,1,http://www.reactome.org/biopax/96/48892#Catalysis677,2773
2481,1366|1367|9245,1366|9256,3,2,http://www.reactome.org/biopax/96/48892#BiochemicalReaction1636,1,http://www.reactome.org/biopax/96/48892#Catalysis784,2774
2482,5860|6526|7986,5961|8067,3,2,http://www.reactome.org/biopax/96/48892#BiochemicalReaction9351,1,http://www.reactome.org/biopax/96/48892#Catalysis4754,2775
2483,2618|5275,2617,2,1,http://www.reactome.org/biopax/96/48892#BiochemicalReaction4499,-1,http://www.reactome.org/biopax/96/48892#Control544,2776
2484,1680|6908|7986,1682|8067,3,2,http://www.reactome.org/biopax/96/48892#BiochemicalReaction2322,-1,http://www.reactome.org/biopax/96/48892#Control303,2777
2485,5049|9640,9641,2,1,http://www.reactome.org/biopax/96/48892#BiochemicalReaction5197,1,http://www.reactome.org/biopax/96/48892#Catalysis3109,2778
2486,3252|3256|8354,3257|10204,3,2,http://www.reactome.org/biopax/96/48892#BiochemicalReaction5844,1,http://www.reactome.org/biopax/96/48892#Catalysis3486,2779
2487,2591|8687|9204,7943|8688|8718|9205,3,4,http://www.reactome.org/biopax/96/48892#BiochemicalReaction4453,1,http://www.reactome.org/biopax/96/48892#Catalysis2632,2780
2488,4838|8690|10269,8692,3,1,http://www.reactome.org/biopax/96/48892#BiochemicalReaction3852,1,http://www.reactome.org/biopax/96/48892#Catalysis2073,2781
2489,4269|6856,7686,2,1,http://www.reactome.org/biopax/96/48892#BiochemicalReaction7753,-1,http://www.reactome.org/biopax/96/48892#Control998,2782
2490,447|5974|7986,6475|8067,3,2,http://www.reactome.org/biopax/96/48892#BiochemicalReaction9139,1,http://www.reactome.org/biopax/96/48892#Catalysis4677,2784
2491,2905|7986|9455|10177,8067|8461|10159,4,3,http://www.reactome.org/biopax/96/48892#BiochemicalReaction5130,1,http://www.reactome.org/biopax/96/48892#Catalysis3047,2785
2492,4460|7986|10167,8067|10141,3,2,http://www.reactome.org/biopax/96/48892#BiochemicalReaction3497,1,http://www.reactome.org/biopax/96/48892#Catalysis1735,2786
2493,4441|8148|10177,7943|8150|9704,3,3,http://www.reactome.org/biopax/96/48892#BiochemicalReaction3317,1,http://www.reactome.org/biopax/96/48892#Catalysis1557,2787
2494,2858|3659,5466,2,1,http://www.reactome.org/biopax/96/48892#BiochemicalReaction6803,1,http://www.reactome.org/biopax/96/48892#Catalysis3859,2788
2495,3579|3700|5994|6055|6056|6057|6059|6060|8622,813|3709|8631,9,3,http://www.reactome.org/biopax/96/48892#BiochemicalReaction6925,1,http://www.reactome.org/biopax/96/48892#Catalysis3897,2789
2496,1128|10177,1129|5466,2,2,http://www.reactome.org/biopax/96/48892#BiochemicalReaction1283,1,http://www.reactome.org/biopax/96/48892#Catalysis604,2790
2497,4847|8029|9335|9480|9582,8031|9336|9337|9502,5,4,http://www.reactome.org/biopax/96/48892#BiochemicalReaction4570,1,http://www.reactome.org/biopax/96/48892#Catalysis2745,2791
2498,5059|7943|8580|10258,8581|10298,4,2,http://www.reactome.org/biopax/96/48892#BiochemicalReaction3757,1,http://www.reactome.org/biopax/96/48892#Catalysis1981,2793
2499,1778|7986,1779|8067,2,2,http://www.reactome.org/biopax/96/48892#BiochemicalReaction2568,1,http://www.reactome.org/biopax/96/48892#Catalysis1071,2794
2500,7624|8386|10107,7626,3,1,http://www.reactome.org/biopax/96/48892#BiochemicalReaction1461,1,http://www.reactome.org/biopax/96/48892#Control200,2795
2501,5876|5880|8622,5881|8631,3,2,http://www.reactome.org/biopax/96/48892#BiochemicalReaction6390,1,http://www.reactome.org/biopax/96/48892#Catalysis3694,2796
2502,3952|3953,3954|10159,2,2,http://www.reactome.org/biopax/96/48892#BiochemicalReaction7594,1,http://www.reactome.org/biopax/96/48892#Catalysis4106,2797
2503,658|6733,6734|6735,2,2,http://www.reactome.org/biopax/96/48892#BiochemicalReaction9995,1,http://www.reactome.org/biopax/96/48892#Catalysis4993,2799
2504,1431|6127|10177,3870|10159,3,2,http://www.reactome.org/biopax/96/48892#BiochemicalReaction7221,1,http://www.reactome.org/biopax/96/48892#Control894,2800
2505,207|6408|8386,1506,3,1,http://www.reactome.org/biopax/96/48892#BiochemicalReaction8537,1,http://www.reactome.org/biopax/96/48892#Catalysis4512,2801
2506,727|10177,728|735|10159,2,3,http://www.reactome.org/biopax/96/48892#BiochemicalReaction9906,1,http://www.reactome.org/biopax/96/48892#Catalysis4960,2803
2507,4783|9536|10298,9537|10258,3,2,http://www.reactome.org/biopax/96/48892#BiochemicalReaction4691,1,http://www.reactome.org/biopax/96/48892#Catalysis2862,2804
2508,1748|7986,1749|8067,2,2,http://www.reactome.org/biopax/96/48892#BiochemicalReaction2472,1,http://www.reactome.org/biopax/96/48892#Catalysis1060,2805
2509,2247|2253|7986,2254|2256,3,2,http://www.reactome.org/biopax/96/48892#BiochemicalReaction3885,1,http://www.reactome.org/biopax/96/48892#Control433,2806
2510,552|7986|8046,8035|8067,3,2,http://www.reactome.org/biopax/96/48892#BiochemicalReaction9383,1,http://www.reactome.org/biopax/96/48892#Catalysis4769,2807
2511,1944|7986|10349,1945|7943|8067,3,3,http://www.reactome.org/biopax/96/48892#BiochemicalReaction2899,1,http://www.reactome.org/biopax/96/48892#Control350,2808
2512,3619|7986,3627|8067,2,2,http://www.reactome.org/biopax/96/48892#BiochemicalReaction516,1,http://www.reactome.org/biopax/96/48892#Catalysis177,2809
2513,3314|3315|7986,3315|8067,3,2,http://www.reactome.org/biopax/96/48892#BiochemicalReaction6136,1,http://www.reactome.org/biopax/96/48892#Catalysis3582,2810
2514,2887|10134,10133,2,1,http://www.reactome.org/biopax/96/48892#BiochemicalReaction5058,1,http://www.reactome.org/biopax/96/48892#Catalysis3031,2811
2515,4492|5740,4554,2,1,http://www.reactome.org/biopax/96/48892#BiochemicalReaction5974,1,http://www.reactome.org/biopax/96/48892#Catalysis3525,2812
2516,1070|7354|7446,6820|7448,3,2,http://www.reactome.org/biopax/96/48892#BiochemicalReaction1231,1,http://www.reactome.org/biopax/96/48892#Catalysis560,2813
2517,6324|6326|7986,6327|8067,3,2,http://www.reactome.org/biopax/96/48892#BiochemicalReaction7965,1,http://www.reactome.org/biopax/96/48892#Catalysis4292,2814
2518,2107|10124|10177,8279|9743,3,2,http://www.reactome.org/biopax/96/48892#BiochemicalReaction3456,1,http://www.reactome.org/biopax/96/48892#Catalysis1694,2817
2519,1932|9866,1933|7943|9670,2,3,http://www.reactome.org/biopax/96/48892#BiochemicalReaction2890,1,http://www.reactome.org/biopax/96/48892#Catalysis1153,2818
2520,5697|5752,5753|5758,2,2,http://www.reactome.org/biopax/96/48892#BiochemicalReaction6008,1,http://www.reactome.org/biopax/96/48892#Catalysis3557,2819
2521,4332|6403|7986,4333|8067,3,2,http://www.reactome.org/biopax/96/48892#BiochemicalReaction8468,1,http://www.reactome.org/biopax/96/48892#Catalysis4483,2820
2522,9653|10284|10285,4417|7943|9670,3,3,http://www.reactome.org/biopax/96/48892#BiochemicalReaction2979,1,http://www.reactome.org/biopax/96/48892#Control386,2821
2523,7933|9344|10281,7943|10282|10283,3,3,http://www.reactome.org/biopax/96/48892#BiochemicalReaction2977,1,http://www.reactome.org/biopax/96/48892#Control381,2822
2524,4009|6822|8903,4010|8908,3,2,http://www.reactome.org/biopax/96/48892#BiochemicalReaction7789,1,http://www.reactome.org/biopax/96/48892#Catalysis4222,2823
2525,4219|7986,4220|8067,2,2,http://www.reactome.org/biopax/96/48892#BiochemicalReaction8219,1,http://www.reactome.org/biopax/96/48892#Catalysis4379,2824
2526,4700|7986|10263,7943|8067|10264,3,3,http://www.reactome.org/biopax/96/48892#BiochemicalReaction2956,1,http://www.reactome.org/biopax/96/48892#Catalysis1216,2826
2527,3415|5801|8918,3416|8643,3,2,http://www.reactome.org/biopax/96/48892#BiochemicalReaction6349,1,http://www.reactome.org/biopax/96/48892#Catalysis3666,2827
2528,2796|10134,10134,2,1,http://www.reactome.org/biopax/96/48892#BiochemicalReaction4951,1,http://www.reactome.org/biopax/96/48892#Catalysis2949,2828
2529,2584|8955,7943|9187|9191,2,3,http://www.reactome.org/biopax/96/48892#BiochemicalReaction4441,1,http://www.reactome.org/biopax/96/48892#Catalysis2620,2831
2530,5456|10070|10113,7943|9622,3,2,http://www.reactome.org/biopax/96/48892#BiochemicalReaction5149,1,http://www.reactome.org/biopax/96/48892#Catalysis3062,2832
2531,4276|5789,6862,2,1,http://www.reactome.org/biopax/96/48892#BiochemicalReaction6189,1,http://www.reactome.org/biopax/96/48892#Control790,2833
2532,306|6423|8088,305,3,1,http://www.reactome.org/biopax/96/48892#BiochemicalReaction8761,1,http://www.reactome.org/biopax/96/48892#Control1148,2834
2533,4338|7986,4339|8067,2,2,http://www.reactome.org/biopax/96/48892#BiochemicalReaction8505,1,http://www.reactome.org/biopax/96/48892#Catalysis4502,2835
2534,4830|7943|9044|10258,9042|10298,4,2,http://www.reactome.org/biopax/96/48892#BiochemicalReaction9199,1,http://www.reactome.org/biopax/96/48892#Catalysis4703,2836
2535,3027,3026|9792,1,2,http://www.reactome.org/biopax/96/48892#BiochemicalReaction5554,1,http://www.reactome.org/biopax/96/48892#Catalysis3343,2837
2536,435|436|8622,437|8631,3,2,http://www.reactome.org/biopax/96/48892#BiochemicalReaction9111,1,http://www.reactome.org/biopax/96/48892#Catalysis4661,2838
2537,1356|4658|7986,1357|8067,3,2,http://www.reactome.org/biopax/96/48892#BiochemicalReaction1620,1,http://www.reactome.org/biopax/96/48892#Catalysis777,2839
2538,147|7986|8046,8035|8067,3,2,http://www.reactome.org/biopax/96/48892#BiochemicalReaction8436,1,http://www.reactome.org/biopax/96/48892#Catalysis4472,2840
2539,107|3173|5685,3733,3,1,http://www.reactome.org/biopax/96/48892#BiochemicalReaction8382,1,http://www.reactome.org/biopax/96/48892#Control1117,2841
2540,2360|9513|9867|10177,7943|9538|9869,4,3,http://www.reactome.org/biopax/96/48892#BiochemicalReaction7673,1,http://www.reactome.org/biopax/96/48892#Catalysis4140,2842
2541,4774|4777|9630,4776|9632|10070,3,3,http://www.reactome.org/biopax/96/48892#BiochemicalReaction3053,1,http://www.reactome.org/biopax/96/48892#Catalysis1305,2843
2542,1069|7323|7434,6820|7436,3,2,http://www.reactome.org/biopax/96/48892#BiochemicalReaction1220,1,http://www.reactome.org/biopax/96/48892#Catalysis551,2844
2543,4685|10142|10222,10159|10242,3,2,http://www.reactome.org/biopax/96/48892#BiochemicalReaction2920,1,http://www.reactome.org/biopax/96/48892#Catalysis1182,2845
2544,2101|7951|7986|10177,7943|8067|8188|9704,4,4,http://www.reactome.org/biopax/96/48892#BiochemicalReaction3338,1,http://www.reactome.org/biopax/96/48892#Catalysis1576,2847
2545,1804|7986,1805|8067,2,2,http://www.reactome.org/biopax/96/48892#BiochemicalReaction2616,1,http://www.reactome.org/biopax/96/48892#Catalysis1083,2848
2546,2202|8422|9760,8423|9428,3,2,http://www.reactome.org/biopax/96/48892#BiochemicalReaction3616,1,http://www.reactome.org/biopax/96/48892#Catalysis1847,2849
2547,4499|9424|9502,9425|9426|9582,3,3,http://www.reactome.org/biopax/96/48892#BiochemicalReaction4623,1,http://www.reactome.org/biopax/96/48892#Catalysis2796,2850
2548,2541|8094|9105|10091,8095|9115,4,2,http://www.reactome.org/biopax/96/48892#BiochemicalReaction4358,1,http://www.reactome.org/biopax/96/48892#Catalysis2537,2851
2549,4113|7434,6820|7435,2,2,http://www.reactome.org/biopax/96/48892#BiochemicalReaction1219,1,http://www.reactome.org/biopax/96/48892#Catalysis550,2852
2550,1646|4589,4590|4591,2,2,http://www.reactome.org/biopax/96/48892#BiochemicalReaction2279,1,http://www.reactome.org/biopax/96/48892#Catalysis994,2853
2551,4836|7943|8531|10258|10269,8532|10177|10298,5,3,http://www.reactome.org/biopax/96/48892#BiochemicalReaction3709,1,http://www.reactome.org/biopax/96/48892#Catalysis1937,2854
2552,3247|5670|5671|7986,3247|5672|8067,4,3,http://www.reactome.org/biopax/96/48892#BiochemicalReaction5833,1,http://www.reactome.org/biopax/96/48892#Catalysis3481,2855
2553,5005|8417|10177,7943|8425|10160,3,3,http://www.reactome.org/biopax/96/48892#BiochemicalReaction3595,1,http://www.reactome.org/biopax/96/48892#Catalysis1827,2856
2554,7096|7097|9469|9480|9491,7099|9499|9502,5,3,http://www.reactome.org/biopax/96/48892#BiochemicalReaction933,1,http://www.reactome.org/biopax/96/48892#Catalysis306,2857
2555,2521|9085|10232,9086|10231,3,2,http://www.reactome.org/biopax/96/48892#BiochemicalReaction4324,1,http://www.reactome.org/biopax/96/48892#Catalysis2503,2858
2556,6236|6240|7986,6241|8067,3,2,http://www.reactome.org/biopax/96/48892#BiochemicalReaction7569,1,http://www.reactome.org/biopax/96/48892#Catalysis4104,2859
2557,2551|5101|10217,7600|8099|10091,3,3,http://www.reactome.org/biopax/96/48892#BiochemicalReaction4384,1,http://www.reactome.org/biopax/96/48892#Catalysis2563,2860
2558,2387|8782|9930,9931|10275,3,2,http://www.reactome.org/biopax/96/48892#BiochemicalReaction7729,1,http://www.reactome.org/biopax/96/48892#Catalysis4194,2861
2559,927|7053,908,2,1,http://www.reactome.org/biopax/96/48892#BiochemicalReaction847,1,http://www.reactome.org/biopax/96/48892#Control162,2862
2560,4080|10157,4081|8164,2,2,http://www.reactome.org/biopax/96/48892#BiochemicalReaction7922,1,http://www.reactome.org/biopax/96/48892#Catalysis4274,2863
2561,3658|5466|7750,3659,3,1,http://www.reactome.org/biopax/96/48892#BiochemicalReaction6802,1,http://www.reactome.org/biopax/96/48892#Catalysis3858,2864
2562,4912|8237|10177,8243|9743,3,2,http://www.reactome.org/biopax/96/48892#BiochemicalReaction3400,1,http://www.reactome.org/biopax/96/48892#Catalysis1638,2865
2563,4075|4085,4086|10159,2,2,http://www.reactome.org/biopax/96/48892#BiochemicalReaction7929,1,http://www.reactome.org/biopax/96/48892#Control1026,2866
2564,7231|8153|10177,7943|8138|8147,3,3,http://www.reactome.org/biopax/96/48892#BiochemicalReaction186,1,http://www.reactome.org/biopax/96/48892#Catalysis75,2867
2565,2891|4278,6224,2,1,http://www.reactome.org/biopax/96/48892#BiochemicalReaction5098,1,http://www.reactome.org/biopax/96/48892#Control628,2869
2566,4025|4026|5831|6295|6297,4027|6296,5,2,http://www.reactome.org/biopax/96/48892#BiochemicalReaction7820,1,http://www.reactome.org/biopax/96/48892#Control1009,2870
2567,5294|9920|10284,7943|9670|9924|10290,3,4,http://www.reactome.org/biopax/96/48892#BiochemicalReaction7716,1,http://www.reactome.org/biopax/96/48892#Catalysis4181,2871
2568,6211|7943|9844|10258,9845|10298,4,2,http://www.reactome.org/biopax/96/48892#BiochemicalReaction7457,1,http://www.reactome.org/biopax/96/48892#Catalysis4069,2872
2569,1480|1481|4403,1482,3,1,http://www.reactome.org/biopax/96/48892#BiochemicalReaction1881,-1,http://www.reactome.org/biopax/96/48892#Control260,2873
2570,461|463,464,2,1,http://www.reactome.org/biopax/96/48892#BiochemicalReaction9173,1,http://www.reactome.org/biopax/96/48892#Catalysis4692,2875
2571,3794|3796|4283,3795,3,1,http://www.reactome.org/biopax/96/48892#BiochemicalReaction7165,-1,http://www.reactome.org/biopax/96/48892#Control890,2876
2572,1944|9236,1950,2,1,http://www.reactome.org/biopax/96/48892#BiochemicalReaction2901,1,http://www.reactome.org/biopax/96/48892#Catalysis1164,2877
2573,4258|6862,6337,2,1,http://www.reactome.org/biopax/96/48892#BiochemicalReaction8006,1,http://www.reactome.org/biopax/96/48892#Control1051,2878
2574,1096|4113,1097|6820,2,2,http://www.reactome.org/biopax/96/48892#BiochemicalReaction1259,1,http://www.reactome.org/biopax/96/48892#Catalysis588,2879
2575,3670|9245,3671|9256,2,2,http://www.reactome.org/biopax/96/48892#BiochemicalReaction6811,1,http://www.reactome.org/biopax/96/48892#Catalysis3864,2880
2576,3780|3782|7986,1051|3779|3781|8067,3,4,http://www.reactome.org/biopax/96/48892#BiochemicalReaction7134,1,http://www.reactome.org/biopax/96/48892#Control889,2881
2577,1936|4677,1938,2,1,http://www.reactome.org/biopax/96/48892#BiochemicalReaction2894,1,http://www.reactome.org/biopax/96/48892#Catalysis1157,2883
2578,246|248|10177,247|10159,3,2,http://www.reactome.org/biopax/96/48892#BiochemicalReaction8592,-1,http://www.reactome.org/biopax/96/48892#Control1136,2884
2579,2332|5124|8741|8742|10091,5118|8739|8741|8742,5,4,http://www.reactome.org/biopax/96/48892#BiochemicalReaction3981,1,http://www.reactome.org/biopax/96/48892#Catalysis2177,2885
2580,2395|8386|8902,8904|10051,3,2,http://www.reactome.org/biopax/96/48892#BiochemicalReaction4123,1,http://www.reactome.org/biopax/96/48892#Catalysis2309,2887
2581,1270|7653|7657|10125,1272|7655|10126,4,3,http://www.reactome.org/biopax/96/48892#BiochemicalReaction1510,-1,http://www.reactome.org/biopax/96/48892#Control214,2888
2582,2587|7943|9083|10258|10269,8550|10177|10298,5,3,http://www.reactome.org/biopax/96/48892#BiochemicalReaction4439,1,http://www.reactome.org/biopax/96/48892#Catalysis2618,2889
2583,1382|5358|10143,5360|10026,3,2,http://www.reactome.org/biopax/96/48892#BiochemicalReaction4818,1,http://www.reactome.org/biopax/96/48892#Catalysis2918,2890
2584,5096|8722|9513,7943|9538|9995,3,3,http://www.reactome.org/biopax/96/48892#BiochemicalReaction3918,-1,http://www.reactome.org/biopax/96/48892#Control442,2891
2585,3066|8684,3067,2,1,http://www.reactome.org/biopax/96/48892#BiochemicalReaction5612,1,http://www.reactome.org/biopax/96/48892#Catalysis3378,2892
2586,4131|7691|10177,6357|10159,3,2,http://www.reactome.org/biopax/96/48892#BiochemicalReaction8113,1,http://www.reactome.org/biopax/96/48892#Catalysis4332,2894
2587,1384|1385|7986,1385|8067,3,2,http://www.reactome.org/biopax/96/48892#BiochemicalReaction1667,1,http://www.reactome.org/biopax/96/48892#Catalysis801,2895
2588,2045|4167|8164,2054|10157,3,2,http://www.reactome.org/biopax/96/48892#BiochemicalReaction8150,1,http://www.reactome.org/biopax/96/48892#Catalysis4350,2896
2589,6306|6309,6304,2,1,http://www.reactome.org/biopax/96/48892#BiochemicalReaction7880,-1,http://www.reactome.org/biopax/96/48892#Control1022,2897
2590,3022,3023|9790,1,2,http://www.reactome.org/biopax/96/48892#BiochemicalReaction5551,1,http://www.reactome.org/biopax/96/48892#Catalysis3340,2898
2591,4246|4565,6198,2,1,http://www.reactome.org/biopax/96/48892#BiochemicalReaction7413,1,http://www.reactome.org/biopax/96/48892#Control926,2899
2592,5154|7986|8810,5155|8811|10177,3,3,http://www.reactome.org/biopax/96/48892#BiochemicalReaction4052,1,http://www.reactome.org/biopax/96/48892#Control507,2901
2593,7169|9940|9946,9297|9947,3,2,http://www.reactome.org/biopax/96/48892#BiochemicalReaction1016,1,http://www.reactome.org/biopax/96/48892#Catalysis380,2903
2594,4980|8211|8338,7943|8339|9704,3,3,http://www.reactome.org/biopax/96/48892#BiochemicalReaction3544,1,http://www.reactome.org/biopax/96/48892#Catalysis1779,2904
2595,2097|8062|8169|8171,8160|8172|8174,4,3,http://www.reactome.org/biopax/96/48892#BiochemicalReaction3326,1,http://www.reactome.org/biopax/96/48892#Catalysis1564,2905
2596,3734|7986,3735|8067,2,2,http://www.reactome.org/biopax/96/48892#BiochemicalReaction539,1,http://www.reactome.org/biopax/96/48892#Catalysis186,2906
2597,6325|7151|7986,6324|8067,3,2,http://www.reactome.org/biopax/96/48892#BiochemicalReaction7964,1,http://www.reactome.org/biopax/96/48892#Control1034,2907
2598,2741|7995,9642,2,1,http://www.reactome.org/biopax/96/48892#BiochemicalReaction9926,1,http://www.reactome.org/biopax/96/48892#Catalysis4967,2908
2599,2193|8417|10177,7943|8425|10160,3,3,http://www.reactome.org/biopax/96/48892#BiochemicalReaction3591,1,http://www.reactome.org/biopax/96/48892#Catalysis1823,2909
2600,782|784|7986,783|8067,3,2,http://www.reactome.org/biopax/96/48892#BiochemicalReaction10038,-1,http://www.reactome.org/biopax/96/48892#Control1339,2910
2601,622,2045|5970,1,2,http://www.reactome.org/biopax/96/48892#BiochemicalReaction9579,1,http://www.reactome.org/biopax/96/48892#Catalysis4842,2911
2602,4275|5958,5385,2,1,http://www.reactome.org/biopax/96/48892#BiochemicalReaction5814,1,http://www.reactome.org/biopax/96/48892#Control717,2912
2603,2944|9000|10258,9744|9745|9746,3,3,http://www.reactome.org/biopax/96/48892#BiochemicalReaction5335,1,http://www.reactome.org/biopax/96/48892#Catalysis3231,2913
2604,5280|9524|9849,7943|9257|9704,3,3,http://www.reactome.org/biopax/96/48892#BiochemicalReaction4504,1,http://www.reactome.org/biopax/96/48892#Catalysis2682,2915
2605,4857|8062|8068,8065|8070,3,2,http://www.reactome.org/biopax/96/48892#BiochemicalReaction3257,1,http://www.reactome.org/biopax/96/48892#Catalysis1497,2916
2606,2663|9493|10300,9494|10301,3,2,http://www.reactome.org/biopax/96/48892#BiochemicalReaction4663,1,http://www.reactome.org/biopax/96/48892#Catalysis2834,2917
2607,126|3260|7986,125|5690|8067,3,3,http://www.reactome.org/biopax/96/48892#BiochemicalReaction8406,1,http://www.reactome.org/biopax/96/48892#Catalysis4456,2918
2608,4451|10123|10177,8258|9743,3,2,http://www.reactome.org/biopax/96/48892#BiochemicalReaction3422,1,http://www.reactome.org/biopax/96/48892#Catalysis1660,2919
2609,3920|4255,6086,2,1,http://www.reactome.org/biopax/96/48892#BiochemicalReaction7627,1,http://www.reactome.org/biopax/96/48892#Control978,2920
2610,6675|10019,10020,2,1,http://www.reactome.org/biopax/96/48892#BiochemicalReaction9889,1,http://www.reactome.org/biopax/96/48892#Catalysis4951,2921
2611,3173|3509|10177,3179|10159,3,2,http://www.reactome.org/biopax/96/48892#BiochemicalReaction497,-1,http://www.reactome.org/biopax/96/48892#Control76,2922
2612,5292|9320,2640,2,1,http://www.reactome.org/biopax/96/48892#BiochemicalReaction4559,1,http://www.reactome.org/biopax/96/48892#Catalysis2735,2923
2613,2227|8416,8613|9849,2,2,http://www.reactome.org/biopax/96/48892#BiochemicalReaction3792,1,http://www.reactome.org/biopax/96/48892#Catalysis2013,2924
2614,3182|8622,3184|8631,2,2,http://www.reactome.org/biopax/96/48892#BiochemicalReaction5741,1,http://www.reactome.org/biopax/96/48892#Catalysis3439,2925
2615,1467|2836|2837|5427|5429|7986,2836|2838|5430|5431|8067|10159,6,6,http://www.reactome.org/biopax/96/48892#BiochemicalReaction5004,1,http://www.reactome.org/biopax/96/48892#Catalysis2995,2926
2616,3570|3574|3575|3727|4575|5623|5624|6022|6061|6817|6914|7050,3728|7489,12,2,http://www.reactome.org/biopax/96/48892#BiochemicalReaction6969,1,http://www.reactome.org/biopax/96/48892#Control862,2928
2617,4006|4008,4326,2,1,http://www.reactome.org/biopax/96/48892#BiochemicalReaction7787,1,http://www.reactome.org/biopax/96/48892#Control1003,2929
2618,2786|5384|9396,2729|9450,3,2,http://www.reactome.org/biopax/96/48892#BiochemicalReaction5514,1,http://www.reactome.org/biopax/96/48892#Catalysis3324,2930
2619,2089|8134|8720|10227,8135|8600|8738|10091,4,4,http://www.reactome.org/biopax/96/48892#BiochemicalReaction3310,1,http://www.reactome.org/biopax/96/48892#Catalysis1550,2931
2620,919|7023,920,2,1,http://www.reactome.org/biopax/96/48892#BiochemicalReaction843,1,http://www.reactome.org/biopax/96/48892#Control138,2932
2621,3213|9803,3214|8957,2,2,http://www.reactome.org/biopax/96/48892#BiochemicalReaction5768,1,http://www.reactome.org/biopax/96/48892#Catalysis3452,2933
2622,3243|10109,10113,2,1,http://www.reactome.org/biopax/96/48892#BiochemicalReaction5811,1,http://www.reactome.org/biopax/96/48892#Catalysis3471,2934
2623,1654|7880|8382,1647,3,1,http://www.reactome.org/biopax/96/48892#BiochemicalReaction257,1,http://www.reactome.org/biopax/96/48892#Control62,2935
2624,4332|7986,4335|8067,2,2,http://www.reactome.org/biopax/96/48892#BiochemicalReaction8470,1,http://www.reactome.org/biopax/96/48892#Catalysis4485,2936
2625,46|7986,48|8067,2,2,http://www.reactome.org/biopax/96/48892#BiochemicalReaction8288,1,http://www.reactome.org/biopax/96/48892#Catalysis4409,2937
2626,2565|9513|10237,7943|9156|9538,3,3,http://www.reactome.org/biopax/96/48892#BiochemicalReaction4402,1,http://www.reactome.org/biopax/96/48892#Catalysis2581,2938
2627,5204|8771,9020,2,1,http://www.reactome.org/biopax/96/48892#BiochemicalReaction4247,1,http://www.reactome.org/biopax/96/48892#Catalysis2430,2939
2628,1341|2858,1338,2,1,http://www.reactome.org/biopax/96/48892#BiochemicalReaction1605,1,http://www.reactome.org/biopax/96/48892#Catalysis771,2940
2629,2901|7986|9607|10177,8067|9608|10159,4,3,http://www.reactome.org/biopax/96/48892#BiochemicalReaction5126,1,http://www.reactome.org/biopax/96/48892#Catalysis3044,2941
2630,5057|7974|8472|8575|10091,7976|8576|9439,5,3,http://www.reactome.org/biopax/96/48892#BiochemicalReaction3750,1,http://www.reactome.org/biopax/96/48892#Catalysis1974,2942
2631,3586|6310|7986,3585|7943|8067|9428,3,4,http://www.reactome.org/biopax/96/48892#BiochemicalReaction7881,1,http://www.reactome.org/biopax/96/48892#Catalysis4251,2943
2632,2400|8870|10177|10269,8871|10208,4,2,http://www.reactome.org/biopax/96/48892#BiochemicalReaction4100,1,http://www.reactome.org/biopax/96/48892#Catalysis2286,2944
2633,5598|6094|7533,5597,3,1,http://www.reactome.org/biopax/96/48892#BiochemicalReaction5494,1,http://www.reactome.org/biopax/96/48892#Control685,2946
2634,6250|10177|10213,8208|10173,3,2,http://www.reactome.org/biopax/96/48892#BiochemicalReaction7642,1,http://www.reactome.org/biopax/96/48892#Catalysis4126,2947
2635,5695|5712,5716|6032,2,2,http://www.reactome.org/biopax/96/48892#BiochemicalReaction5951,-1,http://www.reactome.org/biopax/96/48892#Control724,2948
2636,1069|1086|7419,1087|6820,3,2,http://www.reactome.org/biopax/96/48892#BiochemicalReaction1225,1,http://www.reactome.org/biopax/96/48892#Catalysis556,2949
2637,2922|9836,10128,2,1,http://www.reactome.org/biopax/96/48892#BiochemicalReaction5264,1,http://www.reactome.org/biopax/96/48892#Catalysis3174,2950
2638,667,654|7083,1,2,http://www.reactome.org/biopax/96/48892#BiochemicalReaction9677,1,http://www.reactome.org/biopax/96/48892#Catalysis4888,2951
2639,4179|6834|8918|8923,4173|8930|8931,4,3,http://www.reactome.org/biopax/96/48892#BiochemicalReaction645,1,http://www.reactome.org/biopax/96/48892#Catalysis217,2952
2640,1509|1514|8315|10372,1513|7761,4,2,http://www.reactome.org/biopax/96/48892#BiochemicalReaction204,1,http://www.reactome.org/biopax/96/48892#Control33,2953
2641,5013|8413|9513|10177,7943|8414|9538,4,3,http://www.reactome.org/biopax/96/48892#BiochemicalReaction3608,1,http://www.reactome.org/biopax/96/48892#Catalysis1840,2954
2642,3841|6110|8164,3842|6107|10157,3,3,http://www.reactome.org/biopax/96/48892#BiochemicalReaction7205,1,http://www.reactome.org/biopax/96/48892#Catalysis3961,2955
2643,3043,3044|9796,1,2,http://www.reactome.org/biopax/96/48892#BiochemicalReaction5586,1,http://www.reactome.org/biopax/96/48892#Catalysis3363,2956
2644,3697|3704|8654,3705|6054|8957,3,3,http://www.reactome.org/biopax/96/48892#BiochemicalReaction6916,1,http://www.reactome.org/biopax/96/48892#Catalysis3891,2957
2645,7845|8386|9449,8555|8642|9530,3,3,http://www.reactome.org/biopax/96/48892#BiochemicalReaction25,1,http://www.reactome.org/biopax/96/48892#Catalysis9,2958
2646,1935|9866|10222,1937|7943|9670,3,3,http://www.reactome.org/biopax/96/48892#BiochemicalReaction2893,1,http://www.reactome.org/biopax/96/48892#Control349,2959
2647,312|6424|8088,309,3,1,http://www.reactome.org/biopax/96/48892#BiochemicalReaction8765,-1,http://www.reactome.org/biopax/96/48892#Control1152,2960
2648,968,965|966|969|7080|8738,1,5,http://www.reactome.org/biopax/96/48892#BiochemicalReaction903,1,http://www.reactome.org/biopax/96/48892#Catalysis296,2961
2649,4333|7986,4334|8067,2,2,http://www.reactome.org/biopax/96/48892#BiochemicalReaction8469,1,http://www.reactome.org/biopax/96/48892#Catalysis4484,2963
2650,7624|7628|8386,7626,3,1,http://www.reactome.org/biopax/96/48892#BiochemicalReaction1463,1,http://www.reactome.org/biopax/96/48892#Catalysis706,2964
2651,764,766|8067,1,2,http://www.reactome.org/biopax/96/48892#BiochemicalReaction9971,1,http://www.reactome.org/biopax/96/48892#Catalysis4978,2965
2652,5034|7974|8472|8517|10091,7976|8519|9439,5,3,http://www.reactome.org/biopax/96/48892#BiochemicalReaction3698,1,http://www.reactome.org/biopax/96/48892#Catalysis1926,2966
2653,5330|9396|9867,7943|9450|9868,3,3,http://www.reactome.org/biopax/96/48892#BiochemicalReaction7672,1,http://www.reactome.org/biopax/96/48892#Catalysis4139,2967
2654,4131|10177,4132|10159,2,2,http://www.reactome.org/biopax/96/48892#BiochemicalReaction8111,1,http://www.reactome.org/biopax/96/48892#Catalysis4330,2968
2655,201|6407|7986,202|8067,3,2,http://www.reactome.org/biopax/96/48892#BiochemicalReaction8529,-1,http://www.reactome.org/biopax/96/48892#Control1126,2969
2656,864|6971,866,2,1,http://www.reactome.org/biopax/96/48892#BiochemicalReaction773,1,http://www.reactome.org/biopax/96/48892#Control105,2970
2657,4988|8353|8354,8355|9582|10204,3,3,http://www.reactome.org/biopax/96/48892#BiochemicalReaction3555,1,http://www.reactome.org/biopax/96/48892#Catalysis1789,2971
2658,4431|7943|8007|10258|10269,8008|10177|10298,5,3,http://www.reactome.org/biopax/96/48892#BiochemicalReaction3213,1,http://www.reactome.org/biopax/96/48892#Catalysis1453,2973
2659,4873|8065|8156|8188,8155|8158|8189,4,3,http://www.reactome.org/biopax/96/48892#BiochemicalReaction3339,1,http://www.reactome.org/biopax/96/48892#Catalysis1577,2974
2660,865|871,872,2,1,http://www.reactome.org/biopax/96/48892#BiochemicalReaction776,1,http://www.reactome.org/biopax/96/48892#Control108,2975
2661,2307|2601|10217,7597|8099|10091,3,3,http://www.reactome.org/biopax/96/48892#BiochemicalReaction4470,1,http://www.reactome.org/biopax/96/48892#Catalysis2649,2976
2662,2530|9096|10231,10226|10232,3,2,http://www.reactome.org/biopax/96/48892#BiochemicalReaction4336,1,http://www.reactome.org/biopax/96/48892#Catalysis2515,2978
2663,3731|8622,6062|6063|8631,2,3,http://www.reactome.org/biopax/96/48892#BiochemicalReaction6998,1,http://www.reactome.org/biopax/96/48892#Catalysis3911,2979
2664,2143|7986|8324,8067|8318,3,2,http://www.reactome.org/biopax/96/48892#BiochemicalReaction3529,1,http://www.reactome.org/biopax/96/48892#Catalysis1765,2980
2665,579|8164,580|10157,2,2,http://www.reactome.org/biopax/96/48892#BiochemicalReaction9480,1,http://www.reactome.org/biopax/96/48892#Catalysis4813,2981
2666,131|6075|7986,132|8067,3,2,http://www.reactome.org/biopax/96/48892#BiochemicalReaction8413,1,http://www.reactome.org/biopax/96/48892#Catalysis4460,2982
2667,3124|5634|8622,3128|8631,3,2,http://www.reactome.org/biopax/96/48892#BiochemicalReaction5683,1,http://www.reactome.org/biopax/96/48892#Catalysis3412,2984
2668,1171|8918,1172|4390,2,2,http://www.reactome.org/biopax/96/48892#BiochemicalReaction1306,1,http://www.reactome.org/biopax/96/48892#Catalysis624,2985
2669,2164|7943|8211|8265,8336|9635|9704,4,3,http://www.reactome.org/biopax/96/48892#BiochemicalReaction3542,1,http://www.reactome.org/biopax/96/48892#Catalysis1777,2988
2670,1061|7286|10053,7287|10055|10070,3,3,http://www.reactome.org/biopax/96/48892#BiochemicalReaction1123,1,http://www.reactome.org/biopax/96/48892#Catalysis454,2989
2671,3392|8622,2910|5838|8631,2,3,http://www.reactome.org/biopax/96/48892#BiochemicalReaction6324,1,http://www.reactome.org/biopax/96/48892#Catalysis3652,2990
2672,5500|8721|8736,10233|10249,3,2,http://www.reactome.org/biopax/96/48892#BiochemicalReaction5208,1,http://www.reactome.org/biopax/96/48892#Catalysis3120,2991
2673,6134|6174|9245,6173|9256,3,2,http://www.reactome.org/biopax/96/48892#BiochemicalReaction7308,1,http://www.reactome.org/biopax/96/48892#Catalysis4020,2992
2674,6206|10177|10212,9743|10213,3,2,http://www.reactome.org/biopax/96/48892#BiochemicalReaction7433,1,http://www.reactome.org/biopax/96/48892#Catalysis4065,2993
2675,3246|4541|10089|10162,4281|10169|10170,4,3,http://www.reactome.org/biopax/96/48892#BiochemicalReaction9850,1,http://www.reactome.org/biopax/96/48892#Catalysis4936,2994
2676,4716|9632|10300,9630|10301,3,2,http://www.reactome.org/biopax/96/48892#BiochemicalReaction2996,1,http://www.reactome.org/biopax/96/48892#Catalysis1255,2995
2677,2029|7986|8567,7943|8067|8573,3,3,http://www.reactome.org/biopax/96/48892#BiochemicalReaction3101,1,http://www.reactome.org/biopax/96/48892#Catalysis1350,2996
2678,7090|7986|8348,7943|8067|8349,3,3,http://www.reactome.org/biopax/96/48892#BiochemicalReaction3550,1,http://www.reactome.org/biopax/96/48892#Catalysis1785,2997
2679,5105|5106|8094,5102,3,1,http://www.reactome.org/biopax/96/48892#BiochemicalReaction3957,1,http://www.reactome.org/biopax/96/48892#Control468,2998
2680,7054|9333|10177,9344|9356,3,2,http://www.reactome.org/biopax/96/48892#BiochemicalReaction848,1,http://www.reactome.org/biopax/96/48892#Catalysis277,3000
2681,5076|7943|8676|10258|10269,8677|10177|10298,5,3,http://www.reactome.org/biopax/96/48892#BiochemicalReaction3842,1,http://www.reactome.org/biopax/96/48892#Catalysis2063,3001
2682,3206|5657|8918,5337|5648,3,2,http://www.reactome.org/biopax/96/48892#BiochemicalReaction5760,1,http://www.reactome.org/biopax/96/48892#Catalysis3448,3002
2683,2733|5337,3525,2,1,http://www.reactome.org/biopax/96/48892#BiochemicalReaction6517,1,http://www.reactome.org/biopax/96/48892#Catalysis3762,3003
2684,4897|7986|8567,8067|8583,3,2,http://www.reactome.org/biopax/96/48892#BiochemicalReaction360,1,http://www.reactome.org/biopax/96/48892#Catalysis129,3005
2685,1878|1888|4639,1886,3,1,http://www.reactome.org/biopax/96/48892#BiochemicalReaction2782,1,http://www.reactome.org/biopax/96/48892#Control338,3006
2686,5129|9242|9317|9439,8755|9243,4,2,http://www.reactome.org/biopax/96/48892#BiochemicalReaction4550,1,http://www.reactome.org/biopax/96/48892#Catalysis2727,3007
2687,919|7022,920,2,1,http://www.reactome.org/biopax/96/48892#BiochemicalReaction843,1,http://www.reactome.org/biopax/96/48892#Control137,3008
2688,1065|7298|10079,7299|9946|10070,3,3,http://www.reactome.org/biopax/96/48892#BiochemicalReaction1133,1,http://www.reactome.org/biopax/96/48892#Catalysis463,3009
2689,5562|10214,10107,2,1,http://www.reactome.org/biopax/96/48892#BiochemicalReaction5376,1,http://www.reactome.org/biopax/96/48892#Catalysis3261,3010
2690,3903|6817,3904,2,1,http://www.reactome.org/biopax/96/48892#BiochemicalReaction7408,1,http://www.reactome.org/biopax/96/48892#Catalysis4053,3011
2691,174|2045|8164,2054|10157,3,2,http://www.reactome.org/biopax/96/48892#BiochemicalReaction8475,1,http://www.reactome.org/biopax/96/48892#Catalysis4488,3012
2692,4845|8029|9480|9582|10175,8031|8032|9502,5,3,http://www.reactome.org/biopax/96/48892#BiochemicalReaction3233,1,http://www.reactome.org/biopax/96/48892#Catalysis1473,3013
2693,2397|8867|10177,8868|10159,3,2,http://www.reactome.org/biopax/96/48892#BiochemicalReaction4092,1,http://www.reactome.org/biopax/96/48892#Catalysis2278,3014
2694,4683|8595|10228,8611|9367|10235,3,3,http://www.reactome.org/biopax/96/48892#BiochemicalReaction2910,1,http://www.reactome.org/biopax/96/48892#Catalysis1172,3015
2695,1725|7505|7871,1726,3,1,http://www.reactome.org/biopax/96/48892#BiochemicalReaction2406,-1,http://www.reactome.org/biopax/96/48892#Control311,3016
2696,919|7021,920,2,1,http://www.reactome.org/biopax/96/48892#BiochemicalReaction843,1,http://www.reactome.org/biopax/96/48892#Control135,3017
2697,2271|8206,2273|8204,2,2,http://www.reactome.org/biopax/96/48892#BiochemicalReaction3904,1,http://www.reactome.org/biopax/96/48892#Catalysis2119,3018
2698,943|4089|7986,4090|8067,3,2,http://www.reactome.org/biopax/96/48892#BiochemicalReaction7937,1,http://www.reactome.org/biopax/96/48892#Catalysis4281,3019
2699,4838|8638|10269,8639,3,1,http://www.reactome.org/biopax/96/48892#BiochemicalReaction3812,1,http://www.reactome.org/biopax/96/48892#Catalysis2033,3020
2700,2720|6836|7331,6192|6820,3,2,http://www.reactome.org/biopax/96/48892#BiochemicalReaction7372,1,http://www.reactome.org/biopax/96/48892#Catalysis4045,3021
2701,5142|8094|8762,8095|10231,3,2,http://www.reactome.org/biopax/96/48892#BiochemicalReaction4006,1,http://www.reactome.org/biopax/96/48892#Catalysis2196,3022
2702,2407|8900|9439,8738|8901,3,2,http://www.reactome.org/biopax/96/48892#BiochemicalReaction4122,1,http://www.reactome.org/biopax/96/48892#Catalysis2308,3023
2703,5055|7943|8561|10258|10269,8562|10177|10298,5,3,http://www.reactome.org/biopax/96/48892#BiochemicalReaction3740,1,http://www.reactome.org/biopax/96/48892#Catalysis1964,3024
2704,3246|4312|10089|10162,4318|10169|10170,4,3,http://www.reactome.org/biopax/96/48892#BiochemicalReaction7481,1,http://www.reactome.org/biopax/96/48892#Catalysis4075,3025
2705,3177|8918,3178|4416|5675,2,3,http://www.reactome.org/biopax/96/48892#BiochemicalReaction5733,1,http://www.reactome.org/biopax/96/48892#Catalysis3436,3026
2706,2538|9110|9439,9111,3,1,http://www.reactome.org/biopax/96/48892#BiochemicalReaction4353,1,http://www.reactome.org/biopax/96/48892#Catalysis2532,3027
2707,3985|9922|10177,7943|8419,3,2,http://www.reactome.org/biopax/96/48892#BiochemicalReaction7719,1,http://www.reactome.org/biopax/96/48892#Catalysis4184,3028
2708,1982|7986|10256,8067|10239,3,2,http://www.reactome.org/biopax/96/48892#BiochemicalReaction2949,1,http://www.reactome.org/biopax/96/48892#Catalysis1209,3029
2709,3049|9797,3050|8957,2,2,http://www.reactome.org/biopax/96/48892#BiochemicalReaction5593,1,http://www.reactome.org/biopax/96/48892#Catalysis3367,3030
2710,7609|8993,10102,2,1,http://www.reactome.org/biopax/96/48892#BiochemicalReaction1447,1,http://www.reactome.org/biopax/96/48892#Catalysis692,3031
2711,4800|7927|9502,7928|10142,3,2,http://www.reactome.org/biopax/96/48892#BiochemicalReaction3141,1,http://www.reactome.org/biopax/96/48892#Catalysis1390,3032
2712,2269|6327|7986,4101|8067,3,2,http://www.reactome.org/biopax/96/48892#BiochemicalReaction7969,1,http://www.reactome.org/biopax/96/48892#Catalysis4296,3034
2713,4812|7986|8482|9704,8483|9236|9428,4,3,http://www.reactome.org/biopax/96/48892#BiochemicalReaction3669,1,http://www.reactome.org/biopax/96/48892#Catalysis1897,3035
2714,1933|9866,1936|7943|9670,2,3,http://www.reactome.org/biopax/96/48892#BiochemicalReaction2892,1,http://www.reactome.org/biopax/96/48892#Catalysis1155,3037
2715,2858|3399,5466,2,1,http://www.reactome.org/biopax/96/48892#BiochemicalReaction6336,1,http://www.reactome.org/biopax/96/48892#Catalysis3659,3038
2716,2380|7986|8858,7943|8067|8859,3,3,http://www.reactome.org/biopax/96/48892#BiochemicalReaction4086,1,http://www.reactome.org/biopax/96/48892#Catalysis2272,3039
2717,865|933,934|935|7065,2,3,http://www.reactome.org/biopax/96/48892#BiochemicalReaction853,1,http://www.reactome.org/biopax/96/48892#Control163,3040
2718,686|7986,692|8067,2,2,http://www.reactome.org/biopax/96/48892#BiochemicalReaction9922,1,http://www.reactome.org/biopax/96/48892#Catalysis4964,3041
2719,2072|8648|10177,8674,3,1,http://www.reactome.org/biopax/96/48892#BiochemicalReaction3840,1,http://www.reactome.org/biopax/96/48892#Catalysis2061,3043
2720,3412|5818|8622,3415|8631,3,2,http://www.reactome.org/biopax/96/48892#BiochemicalReaction6348,1,http://www.reactome.org/biopax/96/48892#Catalysis3665,3044
2721,2063|8012|8386,8013|8827,3,2,http://www.reactome.org/biopax/96/48892#BiochemicalReaction3218,1,http://www.reactome.org/biopax/96/48892#Catalysis1458,3046
2722,3246|4318|10089|10162,4541|10169|10170,4,3,http://www.reactome.org/biopax/96/48892#BiochemicalReaction5832,1,http://www.reactome.org/biopax/96/48892#Catalysis3480,3047
2723,1265|8571,8572,2,1,http://www.reactome.org/biopax/96/48892#BiochemicalReaction3748,1,http://www.reactome.org/biopax/96/48892#Control423,3048
2724,1335|1479,1478|7821,2,2,http://www.reactome.org/biopax/96/48892#BiochemicalReaction1870,1,http://www.reactome.org/biopax/96/48892#Catalysis873,3049
2725,3588|3591,3593|10159,2,2,http://www.reactome.org/biopax/96/48892#BiochemicalReaction6679,1,http://www.reactome.org/biopax/96/48892#Control841,3050
2726,658|6723,6724|6725,2,2,http://www.reactome.org/biopax/96/48892#BiochemicalReaction9991,1,http://www.reactome.org/biopax/96/48892#Catalysis4989,3052
2727,5305|7952|8614|8720,8586|8777|10230,4,3,http://www.reactome.org/biopax/96/48892#BiochemicalReaction4618,1,http://www.reactome.org/biopax/96/48892#Catalysis2791,3053
2728,3433|5466,1340|3434,2,2,http://www.reactome.org/biopax/96/48892#BiochemicalReaction6383,1,http://www.reactome.org/biopax/96/48892#Catalysis3689,3054
2729,1139|10177,1140|4392,2,2,http://www.reactome.org/biopax/96/48892#BiochemicalReaction1288,1,http://www.reactome.org/biopax/96/48892#Catalysis609,3055
2730,1706|3150|8622,3130|8631,3,2,http://www.reactome.org/biopax/96/48892#BiochemicalReaction6263,1,http://www.reactome.org/biopax/96/48892#Catalysis3628,3056
2731,151|7986,153|8067,2,2,http://www.reactome.org/biopax/96/48892#BiochemicalReaction8439,1,http://www.reactome.org/biopax/96/48892#Catalysis4475,3057
2732,2031|10177|10389,7922|10159,3,2,http://www.reactome.org/biopax/96/48892#BiochemicalReaction3137,1,http://www.reactome.org/biopax/96/48892#Catalysis1386,3058
2733,2691|9635|10177,7943|10295,3,2,http://www.reactome.org/biopax/96/48892#BiochemicalReaction4715,1,http://www.reactome.org/biopax/96/48892#Catalysis2886,3059
2734,4260|6862,6666,2,1,http://www.reactome.org/biopax/96/48892#BiochemicalReaction9798,1,http://www.reactome.org/biopax/96/48892#Control1275,3060
2735,2401|8886|10177,7943|8887|9428,3,3,http://www.reactome.org/biopax/96/48892#BiochemicalReaction4113,1,http://www.reactome.org/biopax/96/48892#Catalysis2299,3061
2736,4895|8208|8211,8216|9704,3,2,http://www.reactome.org/biopax/96/48892#BiochemicalReaction3364,1,http://www.reactome.org/biopax/96/48892#Catalysis1602,3062
2737,2046|7943|7949|9849|10258,8818|9635|9704|10177|10298,5,5,http://www.reactome.org/biopax/96/48892#BiochemicalReaction3169,1,http://www.reactome.org/biopax/96/48892#Catalysis1416,3063
2738,2468|8386|9004,8555|9007|9008,3,3,http://www.reactome.org/biopax/96/48892#BiochemicalReaction4226,1,http://www.reactome.org/biopax/96/48892#Catalysis2411,3064
2739,5301|8029|9381|9480|9582,8031|9382|9502,5,3,http://www.reactome.org/biopax/96/48892#BiochemicalReaction4605,1,http://www.reactome.org/biopax/96/48892#Catalysis2780,3065
2740,4113|5661,6820|7431,2,2,http://www.reactome.org/biopax/96/48892#BiochemicalReaction1217,1,http://www.reactome.org/biopax/96/48892#Catalysis548,3066
2741,2438|5182,2439,2,1,http://www.reactome.org/biopax/96/48892#BiochemicalReaction4185,1,http://www.reactome.org/biopax/96/48892#Catalysis2371,3067
2742,1624|1625|8386,1624|4407|10180,3,3,http://www.reactome.org/biopax/96/48892#BiochemicalReaction2216,1,http://www.reactome.org/biopax/96/48892#Catalysis972,3068
2743,2760|5466,2761,2,1,http://www.reactome.org/biopax/96/48892#BiochemicalReaction4842,1,http://www.reactome.org/biopax/96/48892#Catalysis2928,3069
2744,284|1217,4639|6419|7579,2,3,http://www.reactome.org/biopax/96/48892#BiochemicalReaction8644,1,http://www.reactome.org/biopax/96/48892#Catalysis4553,3070
2745,5270|10091|10173,7943|9241,3,2,http://www.reactome.org/biopax/96/48892#BiochemicalReaction4491,1,http://www.reactome.org/biopax/96/48892#Catalysis2669,3071
2746,1482|7681,1477,2,1,http://www.reactome.org/biopax/96/48892#BiochemicalReaction1883,1,http://www.reactome.org/biopax/96/48892#Control261,3072
2747,2434|8964|10177|10269,8962|9563|10208,4,3,http://www.reactome.org/biopax/96/48892#BiochemicalReaction4178,1,http://www.reactome.org/biopax/96/48892#Catalysis2364,3073
2748,3988|7986|9943|10177,8067|9944|9945,4,3,http://www.reactome.org/biopax/96/48892#BiochemicalReaction7751,1,http://www.reactome.org/biopax/96/48892#Catalysis4208,3074
2749,4813|7986|9849|10295,7943|7949|8067|10159,4,4,http://www.reactome.org/biopax/96/48892#BiochemicalReaction3167,1,http://www.reactome.org/biopax/96/48892#Catalysis1414,3075
2750,1772|1774|7986,1773|8067,3,2,http://www.reactome.org/biopax/96/48892#BiochemicalReaction2543,-1,http://www.reactome.org/biopax/96/48892#Control323,3076
2751,5273|7943|10247,9252|9635,3,2,http://www.reactome.org/biopax/96/48892#BiochemicalReaction4497,1,http://www.reactome.org/biopax/96/48892#Catalysis2675,3077
2752,5551|7986|10177|10185,8067|9755|10159,4,3,http://www.reactome.org/biopax/96/48892#BiochemicalReaction5359,1,http://www.reactome.org/biopax/96/48892#Catalysis3248,3078
2753,5050|9321,9320,2,1,http://www.reactome.org/biopax/96/48892#BiochemicalReaction4558,1,http://www.reactome.org/biopax/96/48892#Catalysis2734,3079
2754,543|8622,544|8631,2,2,http://www.reactome.org/biopax/96/48892#BiochemicalReaction9368,1,http://www.reactome.org/biopax/96/48892#Catalysis4761,3080
2755,5466|6562|7528,6561,3,1,http://www.reactome.org/biopax/96/48892#BiochemicalReaction9405,1,http://www.reactome.org/biopax/96/48892#Catalysis4783,3081
2756,2395|8386|9004,8555|8863|9005|10051,3,4,http://www.reactome.org/biopax/96/48892#BiochemicalReaction4224,1,http://www.reactome.org/biopax/96/48892#Catalysis2409,3082
2757,5204|9020,8771,2,1,http://www.reactome.org/biopax/96/48892#BiochemicalReaction4248,1,http://www.reactome.org/biopax/96/48892#Catalysis2431,3083
2758,7656|8088,1273,2,1,http://www.reactome.org/biopax/96/48892#BiochemicalReaction3865,1,http://www.reactome.org/biopax/96/48892#Catalysis2086,3084
2759,2624|8555|9164|9280|9282|10201,8386|9283|9288,6,3,http://www.reactome.org/biopax/96/48892#BiochemicalReaction4526,1,http://www.reactome.org/biopax/96/48892#Catalysis2703,3085
2760,2678|9522|10177,8955|10088,3,2,http://www.reactome.org/biopax/96/48892#BiochemicalReaction4685,1,http://www.reactome.org/biopax/96/48892#Catalysis2856,3086
2761,1976|10238,7943|10250,2,2,http://www.reactome.org/biopax/96/48892#BiochemicalReaction2939,1,http://www.reactome.org/biopax/96/48892#Catalysis1199,3087
2762,2051|8641|8687|10269,8688|8700,4,2,http://www.reactome.org/biopax/96/48892#BiochemicalReaction3858,1,http://www.reactome.org/biopax/96/48892#Catalysis2079,3088
2763,5179|8958|10177,8960|10159,3,2,http://www.reactome.org/biopax/96/48892#BiochemicalReaction4174,1,http://www.reactome.org/biopax/96/48892#Catalysis2360,3089
2764,2858|5885,5466,2,1,http://www.reactome.org/biopax/96/48892#BiochemicalReaction6413,1,http://www.reactome.org/biopax/96/48892#Catalysis3703,3090
2765,915|7009,918,2,1,http://www.reactome.org/biopax/96/48892#BiochemicalReaction842,1,http://www.reactome.org/biopax/96/48892#Control122,3091
2766,4991|8367|9947,8369|9946|10070,3,3,http://www.reactome.org/biopax/96/48892#BiochemicalReaction3562,1,http://www.reactome.org/biopax/96/48892#Catalysis1796,3092
2767,6160|7134|10089|10162,6134|10165|10169|10170,4,4,http://www.reactome.org/biopax/96/48892#BiochemicalReaction7288,1,http://www.reactome.org/biopax/96/48892#Catalysis4001,3093
2768,1067|7310|8622,1068|8710|8957,3,3,http://www.reactome.org/biopax/96/48892#BiochemicalReaction1144,1,http://www.reactome.org/biopax/96/48892#Catalysis474,3094
2769,883|6973|8918,884|9074,3,2,http://www.reactome.org/biopax/96/48892#BiochemicalReaction796,1,http://www.reactome.org/biopax/96/48892#Catalysis255,3096
2770,5044|8719|10109,8542|10113,3,2,http://www.reactome.org/biopax/96/48892#BiochemicalReaction3720,1,http://www.reactome.org/biopax/96/48892#Catalysis1948,3097
2771,1613|5689|7986,1615|8067,3,2,http://www.reactome.org/biopax/96/48892#BiochemicalReaction2190,1,http://www.reactome.org/biopax/96/48892#Catalysis965,3098
2772,4704|9344,10268,2,1,http://www.reactome.org/biopax/96/48892#BiochemicalReaction2963,1,http://www.reactome.org/biopax/96/48892#Catalysis1223,3099
2773,6389|6390|8622,6391|8631,3,2,http://www.reactome.org/biopax/96/48892#BiochemicalReaction8301,1,http://www.reactome.org/biopax/96/48892#Catalysis4415,3100
2774,2264|5702,150|2265,2,2,http://www.reactome.org/biopax/96/48892#BiochemicalReaction3897,1,http://www.reactome.org/biopax/96/48892#Catalysis2112,3101
2775,1031,1029|1030|1032|10159,1,4,http://www.reactome.org/biopax/96/48892#BiochemicalReaction1060,1,http://www.reactome.org/biopax/96/48892#Catalysis411,3102
2776,4724|4727|9630,4726|9632|10070,3,3,http://www.reactome.org/biopax/96/48892#BiochemicalReaction3003,1,http://www.reactome.org/biopax/96/48892#Catalysis1262,3103
2777,4962|7986|8323,8067|8324,3,2,http://www.reactome.org/biopax/96/48892#BiochemicalReaction3528,1,http://www.reactome.org/biopax/96/48892#Catalysis1764,3104
2778,5454|7943|10109,8555|10113,3,2,http://www.reactome.org/biopax/96/48892#BiochemicalReaction5147,1,http://www.reactome.org/biopax/96/48892#Catalysis3060,3105
2779,4881|8160|8195,8069|8167,3,2,http://www.reactome.org/biopax/96/48892#BiochemicalReaction3347,1,http://www.reactome.org/biopax/96/48892#Catalysis1585,3106
2780,5011|8351|10177,8412|10159,3,2,http://www.reactome.org/biopax/96/48892#BiochemicalReaction3604,1,http://www.reactome.org/biopax/96/48892#Catalysis1836,3107
2781,1878|1887|4639,1886,3,1,http://www.reactome.org/biopax/96/48892#BiochemicalReaction2782,1,http://www.reactome.org/biopax/96/48892#Control337,3108
2782,4974|10177|10212,9743|10213,3,2,http://www.reactome.org/biopax/96/48892#BiochemicalReaction3536,1,http://www.reactome.org/biopax/96/48892#Catalysis1772,3109
2783,2711|4279,5342,2,1,http://www.reactome.org/biopax/96/48892#BiochemicalReaction4742,1,http://www.reactome.org/biopax/96/48892#Control574,3111
2784,2762|2764|5466,2763,3,1,http://www.reactome.org/biopax/96/48892#BiochemicalReaction4854,-1,http://www.reactome.org/biopax/96/48892#Control596,3112
2785,517|7986,520|8067,2,2,http://www.reactome.org/biopax/96/48892#BiochemicalReaction9320,1,http://www.reactome.org/biopax/96/48892#Catalysis4738,3113
2786,2829|8386|9710,9836,3,1,http://www.reactome.org/biopax/96/48892#BiochemicalReaction32,1,http://www.reactome.org/biopax/96/48892#Catalysis16,3114
2787,1117|8918,1118|5337,2,2,http://www.reactome.org/biopax/96/48892#BiochemicalReaction1274,1,http://www.reactome.org/biopax/96/48892#Catalysis597,3116
2788,3147|3360|8622,3361|8631,3,2,http://www.reactome.org/biopax/96/48892#BiochemicalReaction6271,1,http://www.reactome.org/biopax/96/48892#Catalysis3632,3118
2789,1536|1537|8164,3144|10157,3,2,http://www.reactome.org/biopax/96/48892#BiochemicalReaction2065,1,http://www.reactome.org/biopax/96/48892#Catalysis907,3119
2790,848|7986,10206,2,1,http://www.reactome.org/biopax/96/48892#BiochemicalReaction69,1,http://www.reactome.org/biopax/96/48892#Catalysis31,3120
2791,2490|8472|9045,9046|9047,3,2,http://www.reactome.org/biopax/96/48892#BiochemicalReaction4277,1,http://www.reactome.org/biopax/96/48892#Catalysis2459,3121
2792,1052|6976|10157,340|8164,3,2,http://www.reactome.org/biopax/96/48892#BiochemicalReaction8906,1,http://www.reactome.org/biopax/96/48892#Catalysis4584,3122
2793,3774|6452,6453|6454,2,2,http://www.reactome.org/biopax/96/48892#BiochemicalReaction8997,1,http://www.reactome.org/biopax/96/48892#Catalysis4622,3123
2794,5075|7943|8669|10258|10269,8670|10177|10298,5,3,http://www.reactome.org/biopax/96/48892#BiochemicalReaction3836,1,http://www.reactome.org/biopax/96/48892#Catalysis2057,3124
2795,771|3345|8622,2910|8631,3,2,http://www.reactome.org/biopax/96/48892#BiochemicalReaction6322,1,http://www.reactome.org/biopax/96/48892#Catalysis3651,3125
2796,3092|9801|10162|10171,9802|10165|10169|10170,4,4,http://www.reactome.org/biopax/96/48892#BiochemicalReaction5638,1,http://www.reactome.org/biopax/96/48892#Catalysis3391,3126
2797,2063|9561,8827|9562,2,2,http://www.reactome.org/biopax/96/48892#BiochemicalReaction4706,1,http://www.reactome.org/biopax/96/48892#Catalysis2877,3127
2798,7179|9947|9956,9946|9964,3,2,http://www.reactome.org/biopax/96/48892#BiochemicalReaction1020,1,http://www.reactome.org/biopax/96/48892#Catalysis384,3128
2799,2353|8739,1919|8720|10091,2,3,http://www.reactome.org/biopax/96/48892#BiochemicalReaction3998,1,http://www.reactome.org/biopax/96/48892#Catalysis2190,3129
2800,2730|2733|5337,5347|5353,3,2,http://www.reactome.org/biopax/96/48892#BiochemicalReaction396,1,http://www.reactome.org/biopax/96/48892#Catalysis132,3130
2801,1970|8067|10128,7943|9236|10222,3,3,http://www.reactome.org/biopax/96/48892#BiochemicalReaction2930,1,http://www.reactome.org/biopax/96/48892#Catalysis1190,3131
2802,4456|9660|10177,8274|9743,3,2,http://www.reactome.org/biopax/96/48892#BiochemicalReaction3448,1,http://www.reactome.org/biopax/96/48892#Catalysis1686,3133
2803,4477|8029|9340|9480|9582,8031|9341|9502,5,3,http://www.reactome.org/biopax/96/48892#BiochemicalReaction4572,1,http://www.reactome.org/biopax/96/48892#Catalysis2747,3134
2804,1455|5379,6726|6727,2,2,http://www.reactome.org/biopax/96/48892#BiochemicalReaction9992,1,http://www.reactome.org/biopax/96/48892#Catalysis4990,3136
2805,3875|6130|10177,3876|10159,3,2,http://www.reactome.org/biopax/96/48892#BiochemicalReaction7229,1,http://www.reactome.org/biopax/96/48892#Control897,3137
2806,5497|9886,9887,2,1,http://www.reactome.org/biopax/96/48892#BiochemicalReaction7687,1,http://www.reactome.org/biopax/96/48892#Catalysis4153,3139
2807,2858|4399,5466|10145|10146|10147,2,4,http://www.reactome.org/biopax/96/48892#BiochemicalReaction1701,1,http://www.reactome.org/biopax/96/48892#Catalysis817,3140
2808,4961|8316|10177,8313|10159,3,2,http://www.reactome.org/biopax/96/48892#BiochemicalReaction3509,1,http://www.reactome.org/biopax/96/48892#Catalysis1747,3141
2809,4269|6267,7686,2,1,http://www.reactome.org/biopax/96/48892#BiochemicalReaction7753,1,http://www.reactome.org/biopax/96/48892#Control999,3142
2810,1246|8993|10070,7943|10100,3,2,http://www.reactome.org/biopax/96/48892#BiochemicalReaction1443,1,http://www.reactome.org/biopax/96/48892#Catalysis690,3144
2811,1640|7986,1641|8067,2,2,http://www.reactome.org/biopax/96/48892#BiochemicalReaction2260,1,http://www.reactome.org/biopax/96/48892#Catalysis984,3145
2812,3784|8164,3782|10157,2,2,http://www.reactome.org/biopax/96/48892#BiochemicalReaction7136,1,http://www.reactome.org/biopax/96/48892#Catalysis3938,3147
2813,2086|8094|8117|10091,8095|8118,4,2,http://www.reactome.org/biopax/96/48892#BiochemicalReaction3297,1,http://www.reactome.org/biopax/96/48892#Catalysis1537,3148
2814,1702|1711|7986,1712|8067,3,2,http://www.reactome.org/biopax/96/48892#BiochemicalReaction2380,1,http://www.reactome.org/biopax/96/48892#Catalysis1040,3150
2815,4545|7629,4561,2,1,http://www.reactome.org/biopax/96/48892#BiochemicalReaction5992,1,http://www.reactome.org/biopax/96/48892#Catalysis3543,3152
2816,7986|9836,10128,2,1,http://www.reactome.org/biopax/96/48892#BiochemicalReaction5259,-1,http://www.reactome.org/biopax/96/48892#Control640,3153
2817,2035|7934|10269,7943|10177|10290,3,3,http://www.reactome.org/biopax/96/48892#BiochemicalReaction3153,1,http://www.reactome.org/biopax/96/48892#Catalysis1402,3154
2818,2612|3504|7986|10177,3505|8067|10159,4,3,http://www.reactome.org/biopax/96/48892#BiochemicalReaction6481,1,http://www.reactome.org/biopax/96/48892#Catalysis3743,3155
2819,7246|7248|10067,7247|9582|10068,3,3,http://www.reactome.org/biopax/96/48892#BiochemicalReaction1104,1,http://www.reactome.org/biopax/96/48892#Catalysis439,3156
2820,6330|10177|10349,6331|10159,3,2,http://www.reactome.org/biopax/96/48892#BiochemicalReaction7974,1,http://www.reactome.org/biopax/96/48892#Control1039,3157
2821,8767|8781|9513|10177,7943|8781|9538,4,3,http://www.reactome.org/biopax/96/48892#BiochemicalReaction4022,-1,http://www.reactome.org/biopax/96/48892#Control497,3158
2822,2071|8619|10177|10269,8621,4,1,http://www.reactome.org/biopax/96/48892#BiochemicalReaction3798,1,http://www.reactome.org/biopax/96/48892#Catalysis2019,3159
2823,256|7986|8046,8035|8067,3,2,http://www.reactome.org/biopax/96/48892#BiochemicalReaction8602,1,http://www.reactome.org/biopax/96/48892#Catalysis4538,3160
2824,9168|9170|9633,9169|9847|10177,3,3,http://www.reactome.org/biopax/96/48892#BiochemicalReaction4417,-1,http://www.reactome.org/biopax/96/48892#Control538,3161
2825,228|7986,229|8067,2,2,http://www.reactome.org/biopax/96/48892#BiochemicalReaction8561,1,http://www.reactome.org/biopax/96/48892#Catalysis4522,3162
2826,2952|3967|7986,2954|8067,3,2,http://www.reactome.org/biopax/96/48892#BiochemicalReaction7616,1,http://www.reactome.org/biopax/96/48892#Control976,3163
2827,4587|6791,4588|7829,2,2,http://www.reactome.org/biopax/96/48892#BiochemicalReaction10064,-1,http://www.reactome.org/biopax/96/48892#Control1343,3164
2828,4230|4740,5602,2,1,http://www.reactome.org/biopax/96/48892#BiochemicalReaction5515,1,http://www.reactome.org/biopax/96/48892#Control688,3165
2829,771|4566|8622,4567|8631,3,2,http://www.reactome.org/biopax/96/48892#BiochemicalReaction6296,1,http://www.reactome.org/biopax/96/48892#Catalysis3637,3167
2830,2351|8721|10231,9633|10233,3,2,http://www.reactome.org/biopax/96/48892#BiochemicalReaction3995,1,http://www.reactome.org/biopax/96/48892#Catalysis2188,3168
2831,1291|5389,7680,2,1,http://www.reactome.org/biopax/96/48892#BiochemicalReaction7649,1,http://www.reactome.org/biopax/96/48892#Catalysis4130,3169
2832,4920|9849|10173,8248|9704,3,2,http://www.reactome.org/biopax/96/48892#BiochemicalReaction3411,1,http://www.reactome.org/biopax/96/48892#Catalysis1649,3171
2833,2331|5123,2332|4469,2,2,http://www.reactome.org/biopax/96/48892#BiochemicalReaction3980,1,http://www.reactome.org/biopax/96/48892#Control478,3172
2834,5177|5178|9704,4814|10301,3,2,http://www.reactome.org/biopax/96/48892#BiochemicalReaction4173,1,http://www.reactome.org/biopax/96/48892#Catalysis2359,3173
2835,2893|8386|9710,9836,3,1,http://www.reactome.org/biopax/96/48892#BiochemicalReaction31,1,http://www.reactome.org/biopax/96/48892#Catalysis15,3174
2836,4188|5466,4190,2,1,http://www.reactome.org/biopax/96/48892#BiochemicalReaction8177,1,http://www.reactome.org/biopax/96/48892#Catalysis4361,3175
2837,2414|8386|8917,8555|8919|10051,3,3,http://www.reactome.org/biopax/96/48892#BiochemicalReaction4139,1,http://www.reactome.org/biopax/96/48892#Catalysis2325,3176
2838,4787|10009|10364,10060|10365,3,2,http://www.reactome.org/biopax/96/48892#BiochemicalReaction3088,1,http://www.reactome.org/biopax/96/48892#Catalysis1337,3177
2839,5489|9636|10109,9637|10113,3,2,http://www.reactome.org/biopax/96/48892#BiochemicalReaction5190,-1,http://www.reactome.org/biopax/96/48892#Control638,3178
2840,781|6781|9439,6782|6783,3,2,http://www.reactome.org/biopax/96/48892#BiochemicalReaction10037,1,http://www.reactome.org/biopax/96/48892#Catalysis5021,3179
2841,7232|10049|10053,10054|10055,3,2,http://www.reactome.org/biopax/96/48892#BiochemicalReaction1088,1,http://www.reactome.org/biopax/96/48892#Catalysis424,3180
2842,3997|4557|6021|6823|6824,3998,5,1,http://www.reactome.org/biopax/96/48892#BiochemicalReaction7778,-1,http://www.reactome.org/biopax/96/48892#Control1000,3181
2843,4151|7986,4152|8067,2,2,http://www.reactome.org/biopax/96/48892#BiochemicalReaction8135,1,http://www.reactome.org/biopax/96/48892#Catalysis4343,3182
2844,611|10177,612|10159,2,2,http://www.reactome.org/biopax/96/48892#BiochemicalReaction9562,1,http://www.reactome.org/biopax/96/48892#Catalysis4835,3183
2845,3489|5466,3490,2,1,http://www.reactome.org/biopax/96/48892#BiochemicalReaction6459,1,http://www.reactome.org/biopax/96/48892#Catalysis3733,3184
2846,2289|7604|10091|10226,5097|9367,4,2,http://www.reactome.org/biopax/96/48892#BiochemicalReaction3924,1,http://www.reactome.org/biopax/96/48892#Catalysis2137,3185
2847,2384|8720|8832,8600|8833|10091,3,3,http://www.reactome.org/biopax/96/48892#BiochemicalReaction4071,1,http://www.reactome.org/biopax/96/48892#Catalysis2257,3186
2848,203|7986,204|8067,2,2,http://www.reactome.org/biopax/96/48892#BiochemicalReaction8531,1,http://www.reactome.org/biopax/96/48892#Catalysis4510,3187
2849,5172|7986|8953,7943|8067|8954,3,3,http://www.reactome.org/biopax/96/48892#BiochemicalReaction4165,1,http://www.reactome.org/biopax/96/48892#Catalysis2351,3188
2850,422|423|7986,3800|8067,3,2,http://www.reactome.org/biopax/96/48892#BiochemicalReaction9095,1,http://www.reactome.org/biopax/96/48892#Catalysis4654,3189
2851,3945|7986,3946|8067,2,2,http://www.reactome.org/biopax/96/48892#BiochemicalReaction7562,1,http://www.reactome.org/biopax/96/48892#Catalysis4100,3190
2852,4097|7151|7986,6324|8067,3,2,http://www.reactome.org/biopax/96/48892#BiochemicalReaction7964,1,http://www.reactome.org/biopax/96/48892#Control1036,3191
2853,4279|6224,5342,2,1,http://www.reactome.org/biopax/96/48892#BiochemicalReaction4742,1,http://www.reactome.org/biopax/96/48892#Control572,3193
2854,3557|7055|7986,3565|8067,3,2,http://www.reactome.org/biopax/96/48892#BiochemicalReaction506,1,http://www.reactome.org/biopax/96/48892#Catalysis174,3194
2855,5074|7998|8627,8020|8629|10177,3,3,http://www.reactome.org/biopax/96/48892#BiochemicalReaction3803,1,http://www.reactome.org/biopax/96/48892#Catalysis2024,3195
2856,5033|7943|8465|10258,8468|10298,4,2,http://www.reactome.org/biopax/96/48892#BiochemicalReaction3659,1,http://www.reactome.org/biopax/96/48892#Catalysis1887,3196
2857,5535|9729|10109,9730|10113,3,2,http://www.reactome.org/biopax/96/48892#BiochemicalReaction5283,1,http://www.reactome.org/biopax/96/48892#Catalysis3192,3197
2858,1660|1663|4409,1661,3,1,http://www.reactome.org/biopax/96/48892#BiochemicalReaction2297,1,http://www.reactome.org/biopax/96/48892#Control299,3198
2859,2181|2182|9973,2183|10333,3,2,http://www.reactome.org/biopax/96/48892#BiochemicalReaction3580,1,http://www.reactome.org/biopax/96/48892#Catalysis1812,3199
2860,2029|8583|10177,8567|10159,3,2,http://www.reactome.org/biopax/96/48892#BiochemicalReaction3103,1,http://www.reactome.org/biopax/96/48892#Catalysis1352,3201
2861,614|7986,615|8067,2,2,http://www.reactome.org/biopax/96/48892#BiochemicalReaction9565,1,http://www.reactome.org/biopax/96/48892#Catalysis4836,3202
2862,1329|1330|4393,1330|1331,3,2,http://www.reactome.org/biopax/96/48892#BiochemicalReaction1599,1,http://www.reactome.org/biopax/96/48892#Catalysis765,3203
2863,2961|2969,2973,2,1,http://www.reactome.org/biopax/96/48892#BiochemicalReaction423,1,http://www.reactome.org/biopax/96/48892#Catalysis143,3207
2864,4248|6084,6667,2,1,http://www.reactome.org/biopax/96/48892#BiochemicalReaction9807,-1,http://www.reactome.org/biopax/96/48892#Control1280,3208
2865,2396|8767|8782,8842|9926,3,2,http://www.reactome.org/biopax/96/48892#BiochemicalReaction7724,1,http://www.reactome.org/biopax/96/48892#Catalysis4189,3209
2866,5413|9580|10107|10109,9270|10113|10214,4,3,http://www.reactome.org/biopax/96/48892#BiochemicalReaction4984,1,http://www.reactome.org/biopax/96/48892#Catalysis2981,3210
2867,1780|7986,1782|8067,2,2,http://www.reactome.org/biopax/96/48892#BiochemicalReaction2570,1,http://www.reactome.org/biopax/96/48892#Catalysis1072,3211
2868,359|361|8164,360|10157,3,2,http://www.reactome.org/biopax/96/48892#BiochemicalReaction8939,1,http://www.reactome.org/biopax/96/48892#Catalysis4604,3212
2869,2146|10141,2147,2,1,http://www.reactome.org/biopax/96/48892#BiochemicalReaction3502,1,http://www.reactome.org/biopax/96/48892#Catalysis1740,3213
2870,1070|3128,3131|6820,2,2,http://www.reactome.org/biopax/96/48892#BiochemicalReaction5686,1,http://www.reactome.org/biopax/96/48892#Catalysis3415,3214
2871,2567|9157|10177,8265|10159,3,2,http://www.reactome.org/biopax/96/48892#BiochemicalReaction4404,1,http://www.reactome.org/biopax/96/48892#Catalysis2583,3215
2872,9787|10349,9788,2,1,http://www.reactome.org/biopax/96/48892#BiochemicalReaction5508,1,http://www.reactome.org/biopax/96/48892#Control686,3216
2873,2553|9141|10177,8757|9073|9142,3,3,http://www.reactome.org/biopax/96/48892#BiochemicalReaction4386,1,http://www.reactome.org/biopax/96/48892#Catalysis2565,3217
2874,3179|6447,3173,2,1,http://www.reactome.org/biopax/96/48892#BiochemicalReaction9723,1,http://www.reactome.org/biopax/96/48892#Catalysis4904,3218
2875,757|7791|7986,758|6704|8067,3,3,http://www.reactome.org/biopax/96/48892#BiochemicalReaction9949,1,http://www.reactome.org/biopax/96/48892#Catalysis4976,3220
2876,658|4965,6771|6772,2,2,http://www.reactome.org/biopax/96/48892#BiochemicalReaction10016,1,http://www.reactome.org/biopax/96/48892#Catalysis5013,3221
2877,3672|9245,3673|9256,2,2,http://www.reactome.org/biopax/96/48892#BiochemicalReaction6812,1,http://www.reactome.org/biopax/96/48892#Catalysis3865,3222
2878,2009|4744|10081,4745|10055|10070,3,3,http://www.reactome.org/biopax/96/48892#BiochemicalReaction3020,1,http://www.reactome.org/biopax/96/48892#Catalysis1277,3223
2879,2464|7986|8990|10177|10282,8067|8986|9428|10159,5,4,http://www.reactome.org/biopax/96/48892#BiochemicalReaction4215,1,http://www.reactome.org/biopax/96/48892#Catalysis2400,3224
2880,864|865,866,2,1,http://www.reactome.org/biopax/96/48892#BiochemicalReaction773,1,http://www.reactome.org/biopax/96/48892#Control104,3225
2881,538|7986,1358|5690|8067,2,3,http://www.reactome.org/biopax/96/48892#BiochemicalReaction9356,1,http://www.reactome.org/biopax/96/48892#Catalysis4755,3226
2882,4669|6322|9439|10217,6323|10220,4,2,http://www.reactome.org/biopax/96/48892#BiochemicalReaction7958,1,http://www.reactome.org/biopax/96/48892#Catalysis4290,3227
2883,1668|1681,1676,2,1,http://www.reactome.org/biopax/96/48892#BiochemicalReaction220,-1,http://www.reactome.org/biopax/96/48892#Control44,3228
2884,7145|9706|9738,4371,3,1,http://www.reactome.org/biopax/96/48892#BiochemicalReaction987,1,http://www.reactome.org/biopax/96/48892#Catalysis351,3229
2885,2139|8306|10177,8307|10159,3,2,http://www.reactome.org/biopax/96/48892#BiochemicalReaction3481,1,http://www.reactome.org/biopax/96/48892#Catalysis1719,3230
2886,927|7030,908,2,1,http://www.reactome.org/biopax/96/48892#BiochemicalReaction847,1,http://www.reactome.org/biopax/96/48892#Control158,3231
2887,2200|7986|8418,7943|8067|8421,3,3,http://www.reactome.org/biopax/96/48892#BiochemicalReaction3613,1,http://www.reactome.org/biopax/96/48892#Catalysis1844,3232
2888,3484|7986,5872|5899|8067,2,3,http://www.reactome.org/biopax/96/48892#BiochemicalReaction6448,1,http://www.reactome.org/biopax/96/48892#Catalysis3728,3233
2889,4445|8211|9731,7946|9704,3,2,http://www.reactome.org/biopax/96/48892#BiochemicalReaction3379,1,http://www.reactome.org/biopax/96/48892#Catalysis1617,3234
2890,5211|9044,2491,2,1,http://www.reactome.org/biopax/96/48892#BiochemicalReaction4278,1,http://www.reactome.org/biopax/96/48892#Catalysis2460,3235
2891,1280|8720|9439,1279|8600|8738,3,3,http://www.reactome.org/biopax/96/48892#BiochemicalReaction1521,1,http://www.reactome.org/biopax/96/48892#Catalysis733,3236
2892,6292|7795|7986,7798|8067,3,2,http://www.reactome.org/biopax/96/48892#BiochemicalReaction7808,1,http://www.reactome.org/biopax/96/48892#Catalysis4232,3237
2893,1409|1412|7986,1413|7745|9236|9428,3,4,http://www.reactome.org/biopax/96/48892#BiochemicalReaction1699,1,http://www.reactome.org/biopax/96/48892#Catalysis816,3238
2894,4037|4039|9950,4038,3,1,http://www.reactome.org/biopax/96/48892#BiochemicalReaction7842,1,http://www.reactome.org/biopax/96/48892#Control1016,3239
2895,629|7986,630|8067,2,2,http://www.reactome.org/biopax/96/48892#BiochemicalReaction9598,1,http://www.reactome.org/biopax/96/48892#Catalysis4853,3240
2896,5057|7974|8472|8577|10091,7976|8578|9439,5,3,http://www.reactome.org/biopax/96/48892#BiochemicalReaction3752,1,http://www.reactome.org/biopax/96/48892#Catalysis1976,3241
2897,991|5000,2187,2,1,http://www.reactome.org/biopax/96/48892#BiochemicalReaction3585,1,http://www.reactome.org/biopax/96/48892#Catalysis1817,3242
2898,924|928,927,2,1,http://www.reactome.org/biopax/96/48892#BiochemicalReaction846,1,http://www.reactome.org/biopax/96/48892#Control154,3243
2899,5599|8355,9785,2,1,http://www.reactome.org/biopax/96/48892#BiochemicalReaction5505,1,http://www.reactome.org/biopax/96/48892#Catalysis3320,3244
2900,1337|6325,4106,2,1,http://www.reactome.org/biopax/96/48892#BiochemicalReaction7982,1,http://www.reactome.org/biopax/96/48892#Control1043,3245
2901,1277|8720|9439,1276|8600|8738,3,3,http://www.reactome.org/biopax/96/48892#BiochemicalReaction1517,1,http://www.reactome.org/biopax/96/48892#Catalysis731,3246
2902,1702|4618|7986,4619|8067,3,2,http://www.reactome.org/biopax/96/48892#BiochemicalReaction2375,1,http://www.reactome.org/biopax/96/48892#Catalysis1037,3247
2903,3938|3940,3939,2,1,http://www.reactome.org/biopax/96/48892#BiochemicalReaction7548,1,http://www.reactome.org/biopax/96/48892#Control968,3248
2904,8430|8948,8949,2,1,http://www.reactome.org/biopax/96/48892#BiochemicalReaction4157,-1,http://www.reactome.org/biopax/96/48892#Control520,3249
2905,6560|7492|8918,5337|7493,3,2,http://www.reactome.org/biopax/96/48892#BiochemicalReaction9403,1,http://www.reactome.org/biopax/96/48892#Catalysis4782,3250
2906,4092|6319|10132,6320,3,1,http://www.reactome.org/biopax/96/48892#BiochemicalReaction7948,1,http://www.reactome.org/biopax/96/48892#Catalysis4288,3252
2907,5268|9586|10107|10109,9587|10113|10214,4,3,http://www.reactome.org/biopax/96/48892#BiochemicalReaction4979,1,http://www.reactome.org/biopax/96/48892#Catalysis2976,3253
2908,2221|8589|9502,8590|8591,3,2,http://www.reactome.org/biopax/96/48892#BiochemicalReaction3770,1,http://www.reactome.org/biopax/96/48892#Catalysis1992,3257
2909,1166|5466,1164,2,1,http://www.reactome.org/biopax/96/48892#BiochemicalReaction9069,1,http://www.reactome.org/biopax/96/48892#Catalysis4645,3258
2910,3785|8164,3787|6095|7768|10157|10159,2,5,http://www.reactome.org/biopax/96/48892#BiochemicalReaction7143,1,http://www.reactome.org/biopax/96/48892#Catalysis3940,3259
2911,5690|6527|7986,6528|8067,3,2,http://www.reactome.org/biopax/96/48892#BiochemicalReaction9357,1,http://www.reactome.org/biopax/96/48892#Catalysis4756,3260
2912,658|5573,6708|6709,2,2,http://www.reactome.org/biopax/96/48892#BiochemicalReaction9984,1,http://www.reactome.org/biopax/96/48892#Catalysis4982,3261
2913,3526|3528|3529|5928,3530,4,1,http://www.reactome.org/biopax/96/48892#BiochemicalReaction6525,1,http://www.reactome.org/biopax/96/48892#Control812,3263
2914,2055|8641|10269,8702,3,1,http://www.reactome.org/biopax/96/48892#BiochemicalReaction3859,1,http://www.reactome.org/biopax/96/48892#Catalysis2080,3264
2915,4228|4937,5442,2,1,http://www.reactome.org/biopax/96/48892#BiochemicalReaction5113,1,http://www.reactome.org/biopax/96/48892#Control635,3266
2916,2139|8305|10177,9660|10159,3,2,http://www.reactome.org/biopax/96/48892#BiochemicalReaction3480,1,http://www.reactome.org/biopax/96/48892#Catalysis1718,3267
2917,4461|7986|8313,8067|10141,3,2,http://www.reactome.org/biopax/96/48892#BiochemicalReaction3499,1,http://www.reactome.org/biopax/96/48892#Catalysis1737,3268
2918,1331|1332|7986,1333|8067,3,2,http://www.reactome.org/biopax/96/48892#BiochemicalReaction1600,1,http://www.reactome.org/biopax/96/48892#Catalysis766,3269
2919,825|7986|10177|10181,8067|10159|10187,4,3,http://www.reactome.org/biopax/96/48892#BiochemicalReaction64,1,http://www.reactome.org/biopax/96/48892#Catalysis29,3270
2920,3590|6633|10177,639|10159,3,2,http://www.reactome.org/biopax/96/48892#BiochemicalReaction9630,1,http://www.reactome.org/biopax/96/48892#Catalysis4872,3271
2921,4282|8251|10177,8856|9833,3,2,http://www.reactome.org/biopax/96/48892#BiochemicalReaction7130,1,http://www.reactome.org/biopax/96/48892#Catalysis3936,3272
2922,272|3268|6415,269,3,1,http://www.reactome.org/biopax/96/48892#BiochemicalReaction8625,-1,http://www.reactome.org/biopax/96/48892#Control1139,3274
2923,1337|4105,4106,2,1,http://www.reactome.org/biopax/96/48892#BiochemicalReaction7982,1,http://www.reactome.org/biopax/96/48892#Control1045,3275
2924,2036,2037,1,1,http://www.reactome.org/biopax/96/48892#BiochemicalReaction3154,1,http://www.reactome.org/biopax/96/48892#Catalysis1403,3276
2925,2242|7637,2243,2,1,http://www.reactome.org/biopax/96/48892#BiochemicalReaction3877,1,http://www.reactome.org/biopax/96/48892#Catalysis2097,3277
2926,4402|7813|8622,7814|8631,3,2,http://www.reactome.org/biopax/96/48892#BiochemicalReaction1847,1,http://www.reactome.org/biopax/96/48892#Catalysis866,3279
2927,2671|9632|10313,9495|10314,3,2,http://www.reactome.org/biopax/96/48892#BiochemicalReaction4666,1,http://www.reactome.org/biopax/96/48892#Catalysis2837,3280
2928,3537|8660|8667|8678|8684,3538,5,1,http://www.reactome.org/biopax/96/48892#BiochemicalReaction6534,1,http://www.reactome.org/biopax/96/48892#Catalysis3770,3282
2929,1361|1379|8164,1370|10157,3,2,http://www.reactome.org/biopax/96/48892#BiochemicalReaction155,1,http://www.reactome.org/biopax/96/48892#Catalysis64,3283
2930,777,779|8643,1,2,http://www.reactome.org/biopax/96/48892#BiochemicalReaction731,1,http://www.reactome.org/biopax/96/48892#Catalysis237,3284
2931,3883|6136|8903,6137|8908,3,2,http://www.reactome.org/biopax/96/48892#BiochemicalReaction7270,1,http://www.reactome.org/biopax/96/48892#Catalysis3986,3285
2932,4798|7986|10387,7923|8067,3,2,http://www.reactome.org/biopax/96/48892#BiochemicalReaction3133,1,http://www.reactome.org/biopax/96/48892#Catalysis1382,3287
2933,5203|7986|8771|9847,8067|9018|10159,4,3,http://www.reactome.org/biopax/96/48892#BiochemicalReaction4245,1,http://www.reactome.org/biopax/96/48892#Catalysis2428,3288
2934,4551|5727,5729|6031,2,2,http://www.reactome.org/biopax/96/48892#BiochemicalReaction5960,1,http://www.reactome.org/biopax/96/48892#Catalysis3512,3290
2935,2858|2919,5466,2,1,http://www.reactome.org/biopax/96/48892#BiochemicalReaction416,1,http://www.reactome.org/biopax/96/48892#Catalysis142,3291
2936,3788|8164,3789|6095|7768|10157|10159,2,5,http://www.reactome.org/biopax/96/48892#BiochemicalReaction7147,1,http://www.reactome.org/biopax/96/48892#Catalysis3941,3292
2937,4924|8386|9594,9616|9645,3,2,http://www.reactome.org/biopax/96/48892#BiochemicalReaction4274,1,http://www.reactome.org/biopax/96/48892#Catalysis2456,3293
2938,604|7986|9945,8067|10001,3,2,http://www.reactome.org/biopax/96/48892#BiochemicalReaction9551,1,http://www.reactome.org/biopax/96/48892#Catalysis4828,3294
2939,5156|8816|9439,8600|8817|10091,3,3,http://www.reactome.org/biopax/96/48892#BiochemicalReaction4061,1,http://www.reactome.org/biopax/96/48892#Catalysis2247,3295
2940,5415|9270|9396,9450|9596,3,2,http://www.reactome.org/biopax/96/48892#BiochemicalReaction4988,1,http://www.reactome.org/biopax/96/48892#Catalysis2983,3296
2941,2014|9973|10322,10305|10323,3,2,http://www.reactome.org/biopax/96/48892#BiochemicalReaction3041,1,http://www.reactome.org/biopax/96/48892#Catalysis1293,3297
2942,2864|2870|2871,2872,3,1,http://www.reactome.org/biopax/96/48892#BiochemicalReaction5037,1,http://www.reactome.org/biopax/96/48892#Catalysis3014,3298
2943,1991|10271|10274,9839|10239,3,2,http://www.reactome.org/biopax/96/48892#BiochemicalReaction2971,1,http://www.reactome.org/biopax/96/48892#Catalysis1231,3299
2944,1537|1538|8164,3144|10157,3,2,http://www.reactome.org/biopax/96/48892#BiochemicalReaction2067,1,http://www.reactome.org/biopax/96/48892#Catalysis908,3300
2945,1746|7986,1747|8067,2,2,http://www.reactome.org/biopax/96/48892#BiochemicalReaction2470,1,http://www.reactome.org/biopax/96/48892#Catalysis1059,3301
2946,4314|9458|9480,9502|9890,3,2,http://www.reactome.org/biopax/96/48892#BiochemicalReaction7690,1,http://www.reactome.org/biopax/96/48892#Catalysis4156,3302
2947,2061|8671|10177,8672,3,1,http://www.reactome.org/biopax/96/48892#BiochemicalReaction3838,1,http://www.reactome.org/biopax/96/48892#Catalysis2059,3303
2948,6627|6977|7986,6631|8067,3,2,http://www.reactome.org/biopax/96/48892#BiochemicalReaction9623,1,http://www.reactome.org/biopax/96/48892#Catalysis4868,3304
2949,2911|10133,10134,2,1,http://www.reactome.org/biopax/96/48892#BiochemicalReaction5142,1,http://www.reactome.org/biopax/96/48892#Catalysis3057,3305
2950,1595|7986,1596|8067,2,2,http://www.reactome.org/biopax/96/48892#BiochemicalReaction2168,1,http://www.reactome.org/biopax/96/48892#Catalysis955,3306
2951,1972|7986|9839,7943|8067|10248,3,3,http://www.reactome.org/biopax/96/48892#BiochemicalReaction2933,1,http://www.reactome.org/biopax/96/48892#Catalysis1193,3307
2952,4761|7846,2012,2,1,http://www.reactome.org/biopax/96/48892#BiochemicalReaction3036,1,http://www.reactome.org/biopax/96/48892#Catalysis1288,3308
2953,3566|4265,7913,2,1,http://www.reactome.org/biopax/96/48892#BiochemicalReaction6616,-1,http://www.reactome.org/biopax/96/48892#Control836,3309
2954,1152|10177,1153|4392,2,2,http://www.reactome.org/biopax/96/48892#BiochemicalReaction1297,1,http://www.reactome.org/biopax/96/48892#Catalysis615,3310
2955,5335|9022|9545,7952|9546,3,2,http://www.reactome.org/biopax/96/48892#BiochemicalReaction4696,1,http://www.reactome.org/biopax/96/48892#Catalysis2867,3311
2956,3755|10177,5466|6074|7498,2,3,http://www.reactome.org/biopax/96/48892#BiochemicalReaction7065,1,http://www.reactome.org/biopax/96/48892#Catalysis3923,3312
2957,2061|8664|10177,8666,3,1,http://www.reactome.org/biopax/96/48892#BiochemicalReaction3833,1,http://www.reactome.org/biopax/96/48892#Catalysis2054,3313
2958,2625|9282|9287,9164|9280|9283,3,3,http://www.reactome.org/biopax/96/48892#BiochemicalReaction4525,1,http://www.reactome.org/biopax/96/48892#Catalysis2702,3314
2959,1015|7943|9850|9851,9428|9653,4,2,http://www.reactome.org/biopax/96/48892#BiochemicalReaction1005,1,http://www.reactome.org/biopax/96/48892#Catalysis369,3315
2960,1370|1434,1361|9428,2,2,http://www.reactome.org/biopax/96/48892#BiochemicalReaction1788,-1,http://www.reactome.org/biopax/96/48892#Control242,3316
2961,2684|9564|10177,9565|9566,3,2,http://www.reactome.org/biopax/96/48892#BiochemicalReaction4708,1,http://www.reactome.org/biopax/96/48892#Catalysis2879,3317
2962,1284|8720|9439,1282|8600|8738,3,3,http://www.reactome.org/biopax/96/48892#BiochemicalReaction1525,1,http://www.reactome.org/biopax/96/48892#Catalysis735,3318
2963,4113|7357,6820|7358,2,2,http://www.reactome.org/biopax/96/48892#BiochemicalReaction1167,1,http://www.reactome.org/biopax/96/48892#Catalysis497,3319
2964,633|10177,6405|7202|10159,2,3,http://www.reactome.org/biopax/96/48892#BiochemicalReaction9604,1,http://www.reactome.org/biopax/96/48892#Catalysis4858,3320
2965,3106|8622,3107|8631,2,2,http://www.reactome.org/biopax/96/48892#BiochemicalReaction5655,1,http://www.reactome.org/biopax/96/48892#Catalysis3399,3321
2966,4989|8356|9630,8358|9632|10070,3,3,http://www.reactome.org/biopax/96/48892#BiochemicalReaction3556,1,http://www.reactome.org/biopax/96/48892#Catalysis1790,3322
2967,3487|4573|10177,3486|10159,3,2,http://www.reactome.org/biopax/96/48892#BiochemicalReaction6450,1,http://www.reactome.org/biopax/96/48892#Catalysis3730,3323
2968,1958|10237,10236,2,1,http://www.reactome.org/biopax/96/48892#BiochemicalReaction2942,1,http://www.reactome.org/biopax/96/48892#Catalysis1202,3324
2969,3591|3926,3593,2,1,http://www.reactome.org/biopax/96/48892#BiochemicalReaction7515,1,http://www.reactome.org/biopax/96/48892#Control965,3325
2970,379|3774,6454,2,1,http://www.reactome.org/biopax/96/48892#BiochemicalReaction8999,1,http://www.reactome.org/biopax/96/48892#Catalysis4623,3326
2971,4361|6991|10177,4362|9306,3,2,http://www.reactome.org/biopax/96/48892#BiochemicalReaction832,1,http://www.reactome.org/biopax/96/48892#Catalysis269,3327
2972,2923|9836,10128,2,1,http://www.reactome.org/biopax/96/48892#BiochemicalReaction5265,1,http://www.reactome.org/biopax/96/48892#Catalysis3175,3328
2973,5558|10306,10349,2,1,http://www.reactome.org/biopax/96/48892#BiochemicalReaction5370,1,http://www.reactome.org/biopax/96/48892#Catalysis3255,3329
2974,2798|2809|5396|5397|5401|6099|7907,2810,7,1,http://www.reactome.org/biopax/96/48892#BiochemicalReaction4967,1,http://www.reactome.org/biopax/96/48892#Catalysis2964,3330
2975,308|10089|10162,316|10169|10170,3,3,http://www.reactome.org/biopax/96/48892#BiochemicalReaction673,1,http://www.reactome.org/biopax/96/48892#Catalysis225,3332
2976,4956|4959,2150,2,1,http://www.reactome.org/biopax/96/48892#BiochemicalReaction3505,1,http://www.reactome.org/biopax/96/48892#Catalysis1743,3333
2977,2521|9086|10231,9085|10232,3,2,http://www.reactome.org/biopax/96/48892#BiochemicalReaction4325,1,http://www.reactome.org/biopax/96/48892#Catalysis2504,3334
2978,2381|8826|10282,9236|9428,3,2,http://www.reactome.org/biopax/96/48892#BiochemicalReaction4068,1,http://www.reactome.org/biopax/96/48892#Catalysis2254,3335
2979,3335|4277,6208,2,1,http://www.reactome.org/biopax/96/48892#BiochemicalReaction10166,1,http://www.reactome.org/biopax/96/48892#Control1378,3336
2980,7642|7644,7645,2,1,http://www.reactome.org/biopax/96/48892#BiochemicalReaction1482,1,http://www.reactome.org/biopax/96/48892#Catalysis719,3337
2981,2060|7940|10269,8004,3,1,http://www.reactome.org/biopax/96/48892#BiochemicalReaction3208,1,http://www.reactome.org/biopax/96/48892#Catalysis1449,3338
2982,927|7031,908,2,1,http://www.reactome.org/biopax/96/48892#BiochemicalReaction847,1,http://www.reactome.org/biopax/96/48892#Control160,3339
2983,4546|5723,4560,2,1,http://www.reactome.org/biopax/96/48892#BiochemicalReaction5988,1,http://www.reactome.org/biopax/96/48892#Catalysis3539,3340
2984,4340|10177|10206,9236,3,1,http://www.reactome.org/biopax/96/48892#BiochemicalReaction8876,1,http://www.reactome.org/biopax/96/48892#Catalysis4570,3341
2985,2230|8634|9513,8635|9538,3,2,http://www.reactome.org/biopax/96/48892#BiochemicalReaction3808,1,http://www.reactome.org/biopax/96/48892#Catalysis2029,3342
2986,1961|7943|9538|10238,9513|10159|10239,4,3,http://www.reactome.org/biopax/96/48892#BiochemicalReaction2914,1,http://www.reactome.org/biopax/96/48892#Catalysis1176,3343
2987,7291|7294|10074,7293|9582|10075,3,3,http://www.reactome.org/biopax/96/48892#BiochemicalReaction1127,1,http://www.reactome.org/biopax/96/48892#Catalysis458,3344
2988,5303|7943|9401|10258|10269,9402|10177|10298,5,3,http://www.reactome.org/biopax/96/48892#BiochemicalReaction4601,1,http://www.reactome.org/biopax/96/48892#Catalysis2776,3345
2989,2094|4442|8160|8161,8159|8162,4,2,http://www.reactome.org/biopax/96/48892#BiochemicalReaction3323,1,http://www.reactome.org/biopax/96/48892#Catalysis1561,3346
2990,1398|1474|7986,1399|8067,3,2,http://www.reactome.org/biopax/96/48892#BiochemicalReaction1681,1,http://www.reactome.org/biopax/96/48892#Catalysis808,3347
2991,231|1361|8164,1370|10157,3,2,http://www.reactome.org/biopax/96/48892#BiochemicalReaction8567,1,http://www.reactome.org/biopax/96/48892#Catalysis4524,3348
2992,3646|8903,3647|8908,2,2,http://www.reactome.org/biopax/96/48892#BiochemicalReaction6777,1,http://www.reactome.org/biopax/96/48892#Catalysis3854,3349
2993,2430|8951|10109,8953|10113,3,2,http://www.reactome.org/biopax/96/48892#BiochemicalReaction4163,1,http://www.reactome.org/biopax/96/48892#Catalysis2349,3350
2994,3268|3693|8903,3694|8908,3,2,http://www.reactome.org/biopax/96/48892#BiochemicalReaction6856,1,http://www.reactome.org/biopax/96/48892#Control855,3351
2995,2549|9130|9439|10217,8099|9136|10091,4,3,http://www.reactome.org/biopax/96/48892#BiochemicalReaction4378,1,http://www.reactome.org/biopax/96/48892#Catalysis2557,3352
2996,5200|8555|9015,7943|9016,3,2,http://www.reactome.org/biopax/96/48892#BiochemicalReaction4238,1,http://www.reactome.org/biopax/96/48892#Catalysis2422,3353
2997,2750|5368,2751,2,1,http://www.reactome.org/biopax/96/48892#BiochemicalReaction4826,1,http://www.reactome.org/biopax/96/48892#Control589,3354
2998,4031,4032|10159,1,2,http://www.reactome.org/biopax/96/48892#BiochemicalReaction7828,1,http://www.reactome.org/biopax/96/48892#Catalysis4240,3355
2999,5183|7998|8970,2443|7943|8971,3,3,http://www.reactome.org/biopax/96/48892#BiochemicalReaction4190,1,http://www.reactome.org/biopax/96/48892#Catalysis2376,3356
3000,5391|7634,6213,2,1,http://www.reactome.org/biopax/96/48892#BiochemicalReaction7470,1,http://www.reactome.org/biopax/96/48892#Catalysis4071,3357
3001,6563|6567|10177,5466|7528,3,2,http://www.reactome.org/biopax/96/48892#BiochemicalReaction9410,1,http://www.reactome.org/biopax/96/48892#Catalysis4788,3359
3002,4021|8903,4022|8908,2,2,http://www.reactome.org/biopax/96/48892#BiochemicalReaction7816,1,http://www.reactome.org/biopax/96/48892#Catalysis4235,3360
3003,7986|10349,10330,2,1,http://www.reactome.org/biopax/96/48892#BiochemicalReaction4776,1,http://www.reactome.org/biopax/96/48892#Control580,3361
3004,312|6426|8088,314,3,1,http://www.reactome.org/biopax/96/48892#BiochemicalReaction8767,-1,http://www.reactome.org/biopax/96/48892#Control1156,3362
3005,2539|8094|9104|10091,8095|9112,4,2,http://www.reactome.org/biopax/96/48892#BiochemicalReaction4354,1,http://www.reactome.org/biopax/96/48892#Catalysis2533,3363
3006,1989|10267|10298,9635|10258|10268,3,3,http://www.reactome.org/biopax/96/48892#BiochemicalReaction2961,1,http://www.reactome.org/biopax/96/48892#Catalysis1221,3367
3007,1058|4720|10065,4722|10055|10070,3,3,http://www.reactome.org/biopax/96/48892#BiochemicalReaction3000,1,http://www.reactome.org/biopax/96/48892#Catalysis1259,3368
3008,2073|7982|8045|10163,8047|8048|8049,4,3,http://www.reactome.org/biopax/96/48892#BiochemicalReaction3245,1,http://www.reactome.org/biopax/96/48892#Catalysis1485,3369
3009,4797|7986|8556,7917|8067,3,2,http://www.reactome.org/biopax/96/48892#BiochemicalReaction3125,1,http://www.reactome.org/biopax/96/48892#Catalysis1374,3370
3010,1635|7943,10186,2,1,http://www.reactome.org/biopax/96/48892#BiochemicalReaction2251,1,http://www.reactome.org/biopax/96/48892#Catalysis978,3373
3011,2263|2280,2281,2,1,http://www.reactome.org/biopax/96/48892#BiochemicalReaction3912,1,http://www.reactome.org/biopax/96/48892#Catalysis2126,3374
3012,3332|7986,5339|5621,2,2,http://www.reactome.org/biopax/96/48892#BiochemicalReaction9818,1,http://www.reactome.org/biopax/96/48892#Control1288,3375
3013,6508|7508|10177,4392|6509,3,2,http://www.reactome.org/biopax/96/48892#BiochemicalReaction9282,1,http://www.reactome.org/biopax/96/48892#Catalysis4725,3376
3014,3094|8903,3095|8908,2,2,http://www.reactome.org/biopax/96/48892#BiochemicalReaction5645,1,http://www.reactome.org/biopax/96/48892#Catalysis3392,3377
3015,7658|7660|10130,7659|9704,3,2,http://www.reactome.org/biopax/96/48892#BiochemicalReaction1511,1,http://www.reactome.org/biopax/96/48892#Catalysis728,3378
3016,592|594|4509,593,3,1,http://www.reactome.org/biopax/96/48892#BiochemicalReaction9519,-1,http://www.reactome.org/biopax/96/48892#Control1229,3379
3017,893|6979|7986,895|8067,3,2,http://www.reactome.org/biopax/96/48892#BiochemicalReaction810,1,http://www.reactome.org/biopax/96/48892#Catalysis260,3380
3018,7253|7915,2239,2,1,http://www.reactome.org/biopax/96/48892#BiochemicalReaction3870,1,http://www.reactome.org/biopax/96/48892#Catalysis2091,3381
3019,4070|9520|10201,8386|9960,3,2,http://www.reactome.org/biopax/96/48892#BiochemicalReaction7907,1,http://www.reactome.org/biopax/96/48892#Catalysis4264,3382
3020,5202|7943|8823|10258,8771|10298,4,2,http://www.reactome.org/biopax/96/48892#BiochemicalReaction4244,1,http://www.reactome.org/biopax/96/48892#Catalysis2427,3383
3021,7176|9947|9952,9946|9953,3,2,http://www.reactome.org/biopax/96/48892#BiochemicalReaction1019,1,http://www.reactome.org/biopax/96/48892#Catalysis383,3384
3022,2061|8005|10177,8006,3,1,http://www.reactome.org/biopax/96/48892#BiochemicalReaction3211,1,http://www.reactome.org/biopax/96/48892#Catalysis1451,3385
3023,2577|9180|10177,9181|10159,3,2,http://www.reactome.org/biopax/96/48892#BiochemicalReaction4426,1,http://www.reactome.org/biopax/96/48892#Catalysis2605,3386
3024,4923|8211|8258,9704|10123,3,2,http://www.reactome.org/biopax/96/48892#BiochemicalReaction3423,1,http://www.reactome.org/biopax/96/48892#Catalysis1661,3387
3025,4276|5383,6862,2,1,http://www.reactome.org/biopax/96/48892#BiochemicalReaction8082,1,http://www.reactome.org/biopax/96/48892#Control1085,3388
3026,4762|9973|10323,10317|10324,3,2,http://www.reactome.org/biopax/96/48892#BiochemicalReaction3042,1,http://www.reactome.org/biopax/96/48892#Catalysis1294,3389
3027,4018|6293|10090,6292|7649,3,2,http://www.reactome.org/biopax/96/48892#BiochemicalReaction7807,1,http://www.reactome.org/biopax/96/48892#Control1007,3390
3028,1216|1218,1219|7579,2,2,http://www.reactome.org/biopax/96/48892#BiochemicalReaction1411,-1,http://www.reactome.org/biopax/96/48892#Control181,3391
3029,2751|5370|10313,2752|5369,3,2,http://www.reactome.org/biopax/96/48892#BiochemicalReaction4827,1,http://www.reactome.org/biopax/96/48892#Catalysis2924,3392
3030,1702|1709|7986,4615|4616|8067,3,3,http://www.reactome.org/biopax/96/48892#BiochemicalReaction2373,1,http://www.reactome.org/biopax/96/48892#Catalysis1035,3393
3031,7799|7832|7986,7834|8067,3,2,http://www.reactome.org/biopax/96/48892#BiochemicalReaction2004,1,http://www.reactome.org/biopax/96/48892#Catalysis897,3394
3032,1248|7612,7613|7614,2,2,http://www.reactome.org/biopax/96/48892#BiochemicalReaction1453,1,http://www.reactome.org/biopax/96/48892#Catalysis697,3395
3033,5065|8584|10298,7943|8585|10258,3,3,http://www.reactome.org/biopax/96/48892#BiochemicalReaction3769,1,http://www.reactome.org/biopax/96/48892#Catalysis1991,3396
3034,4113|7323|7327,6820|7328,3,2,http://www.reactome.org/biopax/96/48892#BiochemicalReaction1150,1,http://www.reactome.org/biopax/96/48892#Catalysis480,3397
3035,3378|5868|9245,3427|9256,3,2,http://www.reactome.org/biopax/96/48892#BiochemicalReaction6374,1,http://www.reactome.org/biopax/96/48892#Catalysis3683,3398
3036,1706|3623|8622,3622|8631,3,2,http://www.reactome.org/biopax/96/48892#BiochemicalReaction6747,1,http://www.reactome.org/biopax/96/48892#Catalysis3838,3399
3037,3963|10134,10133,2,1,http://www.reactome.org/biopax/96/48892#BiochemicalReaction7608,1,http://www.reactome.org/biopax/96/48892#Catalysis4112,3400
3038,3195|5337,3196,2,1,http://www.reactome.org/biopax/96/48892#BiochemicalReaction5750,1,http://www.reactome.org/biopax/96/48892#Catalysis3444,3401
3039,1289|4270,6066,2,1,http://www.reactome.org/biopax/96/48892#BiochemicalReaction5526,1,http://www.reactome.org/biopax/96/48892#Control697,3403
3040,5062|7943|8581|10258|10269,8433|8584|10177|10298,5,4,http://www.reactome.org/biopax/96/48892#BiochemicalReaction3762,1,http://www.reactome.org/biopax/96/48892#Catalysis1985,3405
3041,5027|7943|8447|10258,8448|10298,4,2,http://www.reactome.org/biopax/96/48892#BiochemicalReaction3637,1,http://www.reactome.org/biopax/96/48892#Catalysis1867,3406
3042,119|7986,120|8067,2,2,http://www.reactome.org/biopax/96/48892#BiochemicalReaction8398,1,http://www.reactome.org/biopax/96/48892#Catalysis4452,3407
3043,3617|8622,3618|8631,2,2,http://www.reactome.org/biopax/96/48892#BiochemicalReaction6744,1,http://www.reactome.org/biopax/96/48892#Catalysis3835,3409
3044,2498|5587,5217|5218|9050,2,3,http://www.reactome.org/biopax/96/48892#BiochemicalReaction5450,1,http://www.reactome.org/biopax/96/48892#Catalysis3309,3410
3045,1253|7624|8386,7626,3,1,http://www.reactome.org/biopax/96/48892#BiochemicalReaction1460,1,http://www.reactome.org/biopax/96/48892#Catalysis703,3411
3046,2677|8386|9520,8834|9521,3,2,http://www.reactome.org/biopax/96/48892#BiochemicalReaction4684,1,http://www.reactome.org/biopax/96/48892#Catalysis2855,3412
3047,5723|5731,5734|5735,2,2,http://www.reactome.org/biopax/96/48892#BiochemicalReaction5965,1,http://www.reactome.org/biopax/96/48892#Catalysis3517,3413
3048,104|7986,106|8067,2,2,http://www.reactome.org/biopax/96/48892#BiochemicalReaction8379,1,http://www.reactome.org/biopax/96/48892#Catalysis4445,3414
3049,2365|8789|10282,8790|9428,3,2,http://www.reactome.org/biopax/96/48892#BiochemicalReaction4032,1,http://www.reactome.org/biopax/96/48892#Catalysis2218,3415
3050,2776|4277,6208,2,1,http://www.reactome.org/biopax/96/48892#BiochemicalReaction5808,1,http://www.reactome.org/biopax/96/48892#Control715,3416
3051,5234|9121|10177,9122,3,1,http://www.reactome.org/biopax/96/48892#BiochemicalReaction4366,1,http://www.reactome.org/biopax/96/48892#Catalysis2545,3417
3052,3381|3388|8164,3398|10157,3,2,http://www.reactome.org/biopax/96/48892#BiochemicalReaction480,1,http://www.reactome.org/biopax/96/48892#Catalysis166,3419
3053,4837|7991,8001,2,1,http://www.reactome.org/biopax/96/48892#BiochemicalReaction3205,1,http://www.reactome.org/biopax/96/48892#Catalysis1446,3420
3054,4979|7943|8336|10258,8338|10298,4,2,http://www.reactome.org/biopax/96/48892#BiochemicalReaction3543,1,http://www.reactome.org/biopax/96/48892#Catalysis1778,3421
3055,2520|9084|10177,9078|9847,3,2,http://www.reactome.org/biopax/96/48892#BiochemicalReaction4323,1,http://www.reactome.org/biopax/96/48892#Catalysis2502,3422
3056,645|1334|5376,647,3,1,http://www.reactome.org/biopax/96/48892#BiochemicalReaction9646,-1,http://www.reactome.org/biopax/96/48892#Control1247,3423
3057,2357|7986|8757|8775,7943|8067|8776|10159,4,4,http://www.reactome.org/biopax/96/48892#BiochemicalReaction4018,1,http://www.reactome.org/biopax/96/48892#Catalysis2206,3424
3058,4435|8029|9480|9582|10175,8031|8036|9502,5,3,http://www.reactome.org/biopax/96/48892#BiochemicalReaction3236,1,http://www.reactome.org/biopax/96/48892#Catalysis1476,3425
3059,3768|7986,1046|6088|6089|6090|6091|7217|8067,2,7,http://www.reactome.org/biopax/96/48892#BiochemicalReaction7104,1,http://www.reactome.org/biopax/96/48892#Catalysis3929,3426
3060,1878|7694|10177,1885|10159,3,2,http://www.reactome.org/biopax/96/48892#BiochemicalReaction2781,1,http://www.reactome.org/biopax/96/48892#Catalysis1120,3427
3061,6294|7874|8622,6537|8631,3,2,http://www.reactome.org/biopax/96/48892#BiochemicalReaction9371,1,http://www.reactome.org/biopax/96/48892#Catalysis4763,3428
3062,2285|7943|9538|9995,8722|9513,4,2,http://www.reactome.org/biopax/96/48892#BiochemicalReaction3919,1,http://www.reactome.org/biopax/96/48892#Catalysis2132,3429
3063,8595|9092|9093|10091|10231,9091|9439|10232,5,3,http://www.reactome.org/biopax/96/48892#BiochemicalReaction4331,-1,http://www.reactome.org/biopax/96/48892#Control531,3430
3064,4815|7950|7986|9704,7951|9236|9428,4,3,http://www.reactome.org/biopax/96/48892#BiochemicalReaction3170,1,http://www.reactome.org/biopax/96/48892#Catalysis1417,3431
3065,3453|3455|7986,3454|8067,3,2,http://www.reactome.org/biopax/96/48892#BiochemicalReaction6417,1,http://www.reactome.org/biopax/96/48892#Catalysis3706,3432
3066,2928|8386,10177,2,1,http://www.reactome.org/biopax/96/48892#BiochemicalReaction5306,1,http://www.reactome.org/biopax/96/48892#Catalysis3211,3433
3067,60|7986,61|8067,2,2,http://www.reactome.org/biopax/96/48892#BiochemicalReaction8312,1,http://www.reactome.org/biopax/96/48892#Catalysis4419,3434
3068,5542|9746,9549,2,1,http://www.reactome.org/biopax/96/48892#BiochemicalReaction5336,1,http://www.reactome.org/biopax/96/48892#Catalysis3232,3436
3069,5786|7943|10258|10263,9813|10298,4,2,http://www.reactome.org/biopax/96/48892#BiochemicalReaction6166,1,http://www.reactome.org/biopax/96/48892#Catalysis3590,3437
3070,710|814|7683,815,3,1,http://www.reactome.org/biopax/96/48892#BiochemicalReaction10137,1,http://www.reactome.org/biopax/96/48892#Control1371,3438
3071,5509|9664|10109,9090|10113,3,2,http://www.reactome.org/biopax/96/48892#BiochemicalReaction5225,1,http://www.reactome.org/biopax/96/48892#Catalysis3137,3439
3072,104|1275|7986,122|8067,3,2,http://www.reactome.org/biopax/96/48892#BiochemicalReaction8401,1,http://www.reactome.org/biopax/96/48892#Catalysis4454,3441
3073,6461|7038|7986,6462|8067,3,2,http://www.reactome.org/biopax/96/48892#BiochemicalReaction9032,1,http://www.reactome.org/biopax/96/48892#Catalysis4635,3442
3074,4436|7940|7943|10258|10269,8040|10177|10298,5,3,http://www.reactome.org/biopax/96/48892#BiochemicalReaction3240,1,http://www.reactome.org/biopax/96/48892#Catalysis1480,3443
3075,2112|10174|10177,8221|8225,3,2,http://www.reactome.org/biopax/96/48892#BiochemicalReaction3375,1,http://www.reactome.org/biopax/96/48892#Catalysis1613,3446
3076,851|6966,852,2,1,http://www.reactome.org/biopax/96/48892#BiochemicalReaction765,1,http://www.reactome.org/biopax/96/48892#Catalysis250,3447
3077,738|2721,2722,2,1,http://www.reactome.org/biopax/96/48892#BiochemicalReaction4756,1,http://www.reactome.org/biopax/96/48892#Catalysis2906,3448
3078,232|1537|8164,3144|10157,3,2,http://www.reactome.org/biopax/96/48892#BiochemicalReaction8569,1,http://www.reactome.org/biopax/96/48892#Catalysis4525,3449
3079,2413|8386|8920,8555|8921|10051,3,3,http://www.reactome.org/biopax/96/48892#BiochemicalReaction4137,1,http://www.reactome.org/biopax/96/48892#Catalysis2323,3450
3080,5181|8968,2438,2,1,http://www.reactome.org/biopax/96/48892#BiochemicalReaction4184,1,http://www.reactome.org/biopax/96/48892#Catalysis2370,3451
3081,4113|7477,6820|7478,2,2,http://www.reactome.org/biopax/96/48892#BiochemicalReaction1252,1,http://www.reactome.org/biopax/96/48892#Catalysis581,3452
3082,2929|9571,9635,2,1,http://www.reactome.org/biopax/96/48892#BiochemicalReaction5393,1,http://www.reactome.org/biopax/96/48892#Catalysis3275,3453
3083,5034|7974|8472|8516|10091,7976|8518|9439,5,3,http://www.reactome.org/biopax/96/48892#BiochemicalReaction3697,1,http://www.reactome.org/biopax/96/48892#Catalysis1925,3454
3084,1783|7986,1784|8067,2,2,http://www.reactome.org/biopax/96/48892#BiochemicalReaction2574,1,http://www.reactome.org/biopax/96/48892#Catalysis1073,3455
3085,4113|7323|7449,6820|7450,3,2,http://www.reactome.org/biopax/96/48892#BiochemicalReaction1233,1,http://www.reactome.org/biopax/96/48892#Catalysis562,3456
3086,1648,1656|1830|4594,1,3,http://www.reactome.org/biopax/96/48892#BiochemicalReaction2290,1,http://www.reactome.org/biopax/96/48892#Catalysis1002,3457
3087,574|6592|10177,573|10159,3,2,http://www.reactome.org/biopax/96/48892#BiochemicalReaction9469,1,http://www.reactome.org/biopax/96/48892#Catalysis4809,3458
3088,4232|5673,7067,2,1,http://www.reactome.org/biopax/96/48892#BiochemicalReaction6557,1,http://www.reactome.org/biopax/96/48892#Control819,3459
3089,733|6676|7986,6686|8067,3,2,http://www.reactome.org/biopax/96/48892#BiochemicalReaction9903,-1,http://www.reactome.org/biopax/96/48892#Control1307,3460
3090,2406|8897|10177,7943|8781|9428,3,3,http://www.reactome.org/biopax/96/48892#BiochemicalReaction4120,1,http://www.reactome.org/biopax/96/48892#Catalysis2306,3461
3091,4681|7943|10224|10258,10225|10298,4,2,http://www.reactome.org/biopax/96/48892#BiochemicalReaction2907,1,http://www.reactome.org/biopax/96/48892#Catalysis1169,3462
3092,2779|5384|9396,2714|9450,3,2,http://www.reactome.org/biopax/96/48892#BiochemicalReaction4916,1,http://www.reactome.org/biopax/96/48892#Catalysis2939,3463
3093,234|235,212,2,1,http://www.reactome.org/biopax/96/48892#BiochemicalReaction8573,1,http://www.reactome.org/biopax/96/48892#Control1134,3464
3094,1156|8918,1157|4390,2,2,http://www.reactome.org/biopax/96/48892#BiochemicalReaction1299,1,http://www.reactome.org/biopax/96/48892#Catalysis617,3465
3095,2107|8217|10177,8216|9743,3,2,http://www.reactome.org/biopax/96/48892#BiochemicalReaction3367,1,http://www.reactome.org/biopax/96/48892#Catalysis1605,3466
3096,4073|7998|10208,8020|10177,3,2,http://www.reactome.org/biopax/96/48892#BiochemicalReaction7913,1,http://www.reactome.org/biopax/96/48892#Catalysis4269,3467
3097,480|6498|10130,4331|6497|9704,3,3,http://www.reactome.org/biopax/96/48892#BiochemicalReaction9244,1,http://www.reactome.org/biopax/96/48892#Catalysis4713,3468
3098,2116|8232|9783,8236|9428,3,2,http://www.reactome.org/biopax/96/48892#BiochemicalReaction3388,1,http://www.reactome.org/biopax/96/48892#Catalysis1626,3469
3099,2829|8386|9751,9710|9836,3,2,http://www.reactome.org/biopax/96/48892#BiochemicalReaction30,1,http://www.reactome.org/biopax/96/48892#Catalysis14,3470
3100,2262|2275|10177,2274|7943|8818,3,3,http://www.reactome.org/biopax/96/48892#BiochemicalReaction3907,1,http://www.reactome.org/biopax/96/48892#Catalysis2122,3471
3101,4214|7986|8046,8035|8067,3,2,http://www.reactome.org/biopax/96/48892#BiochemicalReaction8210,1,http://www.reactome.org/biopax/96/48892#Catalysis4374,3472
3102,649|10109,10113,2,1,http://www.reactome.org/biopax/96/48892#BiochemicalReaction714,1,http://www.reactome.org/biopax/96/48892#Catalysis232,3473
3103,3424|4568|7986,3420|8067,3,2,http://www.reactome.org/biopax/96/48892#BiochemicalReaction6368,1,http://www.reactome.org/biopax/96/48892#Catalysis3679,3474
3104,923|7036|7047,909|7036|7037|7038|7039|7040|7041|7042|7044|7045|7046,3,11,http://www.reactome.org/biopax/96/48892#BiochemicalReaction845,1,http://www.reactome.org/biopax/96/48892#Control149,3475
3105,5049|8543,8544,2,1,http://www.reactome.org/biopax/96/48892#BiochemicalReaction3729,1,http://www.reactome.org/biopax/96/48892#Catalysis1953,3476
3106,2843|10109,10113,2,1,http://www.reactome.org/biopax/96/48892#BiochemicalReaction5015,1,http://www.reactome.org/biopax/96/48892#Catalysis3001,3477
3107,3853|6121|8164,3854|6107|10157,3,3,http://www.reactome.org/biopax/96/48892#BiochemicalReaction7212,1,http://www.reactome.org/biopax/96/48892#Catalysis3968,3478
3108,2651|9513|10181,7943|9538|9913,3,3,http://www.reactome.org/biopax/96/48892#BiochemicalReaction7708,1,http://www.reactome.org/biopax/96/48892#Catalysis4173,3479
3109,897|6979|7986,898|8067,3,2,http://www.reactome.org/biopax/96/48892#BiochemicalReaction815,1,http://www.reactome.org/biopax/96/48892#Catalysis261,3480
3110,4662|10177|10212,9743|10213,3,2,http://www.reactome.org/biopax/96/48892#BiochemicalReaction2808,1,http://www.reactome.org/biopax/96/48892#Catalysis1129,3481
3111,187|5466,188|7753,2,2,http://www.reactome.org/biopax/96/48892#BiochemicalReaction8501,1,http://www.reactome.org/biopax/96/48892#Catalysis4501,3482
3112,2217|8563,8564,2,1,http://www.reactome.org/biopax/96/48892#BiochemicalReaction3742,1,http://www.reactome.org/biopax/96/48892#Catalysis1966,3483
3113,2476|7943|9028|10258,9029|10298,4,2,http://www.reactome.org/biopax/96/48892#BiochemicalReaction4254,1,http://www.reactome.org/biopax/96/48892#Catalysis2437,3484
3114,4580|8035|10177,10141|10159,3,2,http://www.reactome.org/biopax/96/48892#BiochemicalReaction1585,1,http://www.reactome.org/biopax/96/48892#Catalysis759,3485
3115,3368|4567|8622,3377|5833|8631,3,3,http://www.reactome.org/biopax/96/48892#BiochemicalReaction6300,1,http://www.reactome.org/biopax/96/48892#Catalysis3639,3486
3116,3825|7986,3970|8067,2,2,http://www.reactome.org/biopax/96/48892#BiochemicalReaction7632,1,http://www.reactome.org/biopax/96/48892#Catalysis4122,3487
3117,7158|7943|8581|10258,8582|10298,4,2,http://www.reactome.org/biopax/96/48892#BiochemicalReaction3761,1,http://www.reactome.org/biopax/96/48892#Catalysis1984,3488
3118,4847|8029|9480|9503|9582,8031|9337|9502|9504,5,4,http://www.reactome.org/biopax/96/48892#BiochemicalReaction4672,1,http://www.reactome.org/biopax/96/48892#Catalysis2843,3489
3119,1041|7213|7986,1036|1038|1042|1043|7211|7212|8067,3,7,http://www.reactome.org/biopax/96/48892#BiochemicalReaction1066,1,http://www.reactome.org/biopax/96/48892#Catalysis414,3490
3120,5058|7943|8562|10258|10269,8579|10177|10278|10298,5,4,http://www.reactome.org/biopax/96/48892#BiochemicalReaction3753,1,http://www.reactome.org/biopax/96/48892#Control424,3491
3121,262|6414|8918,261|9843,3,2,http://www.reactome.org/biopax/96/48892#BiochemicalReaction8612,1,http://www.reactome.org/biopax/96/48892#Catalysis4543,3492
3122,658|5845,6699|6700,2,2,http://www.reactome.org/biopax/96/48892#BiochemicalReaction9936,1,http://www.reactome.org/biopax/96/48892#Catalysis4970,3493
3123,5091|8712|10177,8714|10280,3,2,http://www.reactome.org/biopax/96/48892#BiochemicalReaction3905,1,http://www.reactome.org/biopax/96/48892#Catalysis2120,3494
3124,3736|9245,3739|9256,2,2,http://www.reactome.org/biopax/96/48892#BiochemicalReaction7000,1,http://www.reactome.org/biopax/96/48892#Catalysis3912,3495
3125,658|6728,6729|6730,2,2,http://www.reactome.org/biopax/96/48892#BiochemicalReaction9993,1,http://www.reactome.org/biopax/96/48892#Catalysis4991,3496
3126,6132|9097,9101,2,1,http://www.reactome.org/biopax/96/48892#BiochemicalReaction7257,1,http://www.reactome.org/biopax/96/48892#Catalysis3981,3497
3127,7527|7529,7528,2,1,http://www.reactome.org/biopax/96/48892#BiochemicalReaction1320,1,http://www.reactome.org/biopax/96/48892#Catalysis633,3498
3128,1866|4367,1865|4652|7520,2,3,http://www.reactome.org/biopax/96/48892#BiochemicalReaction2733,1,http://www.reactome.org/biopax/96/48892#Catalysis1109,3499
3129,1181|10177,1182|4393,2,2,http://www.reactome.org/biopax/96/48892#BiochemicalReaction1312,1,http://www.reactome.org/biopax/96/48892#Catalysis628,3500
3130,5577|7916,7933,2,1,http://www.reactome.org/biopax/96/48892#BiochemicalReaction5413,1,http://www.reactome.org/biopax/96/48892#Catalysis3289,3501
3131,2401|8885|10177,7943|8837|9428,3,3,http://www.reactome.org/biopax/96/48892#BiochemicalReaction4112,1,http://www.reactome.org/biopax/96/48892#Catalysis2298,3502
3132,2542|9117|10217,8099|9118|10091,3,3,http://www.reactome.org/biopax/96/48892#BiochemicalReaction4361,1,http://www.reactome.org/biopax/96/48892#Catalysis2540,3503
3133,3849|6118|8164,3850|6107|10157,3,3,http://www.reactome.org/biopax/96/48892#BiochemicalReaction7210,1,http://www.reactome.org/biopax/96/48892#Catalysis3966,3504
3134,2394|8860|10177,8861|10159,3,2,http://www.reactome.org/biopax/96/48892#BiochemicalReaction4088,1,http://www.reactome.org/biopax/96/48892#Catalysis2274,3505
3135,3154|8622,3151|3153|5643|5644|8631,2,5,http://www.reactome.org/biopax/96/48892#BiochemicalReaction5701,1,http://www.reactome.org/biopax/96/48892#Catalysis3423,3506
3136,3318|5384|9396,823|9450,3,2,http://www.reactome.org/biopax/96/48892#BiochemicalReaction10162,1,http://www.reactome.org/biopax/96/48892#Catalysis5054,3507
3137,141|4611|7986,2054|5970|8067|9968,3,4,http://www.reactome.org/biopax/96/48892#BiochemicalReaction8427,1,http://www.reactome.org/biopax/96/48892#Catalysis4469,3508
3138,4424|9849|10325,9704|9982|10326,3,3,http://www.reactome.org/biopax/96/48892#BiochemicalReaction3044,1,http://www.reactome.org/biopax/96/48892#Catalysis1296,3509
3139,2253|7986|8502,2254|2256,3,2,http://www.reactome.org/biopax/96/48892#BiochemicalReaction3885,-1,http://www.reactome.org/biopax/96/48892#Control437,3510
3140,5186|8980,8981|8982,2,2,http://www.reactome.org/biopax/96/48892#BiochemicalReaction4208,1,http://www.reactome.org/biopax/96/48892#Catalysis2393,3511
3141,3365|5825|8622,3366|8631,3,2,http://www.reactome.org/biopax/96/48892#BiochemicalReaction6283,1,http://www.reactome.org/biopax/96/48892#Catalysis3635,3512
3142,4756|4758|9630,4757|9632|10070,3,3,http://www.reactome.org/biopax/96/48892#BiochemicalReaction3028,1,http://www.reactome.org/biopax/96/48892#Catalysis1285,3513
3143,2542|8099|9118|10091,9117|10217,4,2,http://www.reactome.org/biopax/96/48892#BiochemicalReaction4362,1,http://www.reactome.org/biopax/96/48892#Catalysis2541,3514
3144,2910|3373|5831,3374,3,1,http://www.reactome.org/biopax/96/48892#BiochemicalReaction6298,-1,http://www.reactome.org/biopax/96/48892#Control803,3515
3145,7311|7314,7315,2,1,http://www.reactome.org/biopax/96/48892#BiochemicalReaction1143,1,http://www.reactome.org/biopax/96/48892#Catalysis473,3516
3146,6675|10017,10018,2,1,http://www.reactome.org/biopax/96/48892#BiochemicalReaction9886,1,http://www.reactome.org/biopax/96/48892#Catalysis4949,3517
3147,1795|7986,1796|8067,2,2,http://www.reactome.org/biopax/96/48892#BiochemicalReaction2595,1,http://www.reactome.org/biopax/96/48892#Catalysis1079,3518
3148,7175|7254|9947,7278|9946|10070,3,3,http://www.reactome.org/biopax/96/48892#BiochemicalReaction1118,1,http://www.reactome.org/biopax/96/48892#Catalysis449,3519
3149,5258|8726|9195|10091,9200|9201|10091,4,3,http://www.reactome.org/biopax/96/48892#BiochemicalReaction4449,1,http://www.reactome.org/biopax/96/48892#Catalysis2628,3520
3150,4239|5784,5783,2,1,http://www.reactome.org/biopax/96/48892#BiochemicalReaction6143,1,http://www.reactome.org/biopax/96/48892#Control763,3522
3151,533|537|5466,536,3,1,http://www.reactome.org/biopax/96/48892#BiochemicalReaction9349,1,http://www.reactome.org/biopax/96/48892#Catalysis4752,3523
3152,45|7986,46|8067,2,2,http://www.reactome.org/biopax/96/48892#BiochemicalReaction8287,1,http://www.reactome.org/biopax/96/48892#Catalysis4408,3524
3153,1236|5466,1237,2,1,http://www.reactome.org/biopax/96/48892#BiochemicalReaction1430,1,http://www.reactome.org/biopax/96/48892#Catalysis681,3525
3154,2133|7934|8272,9297|9660,3,2,http://www.reactome.org/biopax/96/48892#BiochemicalReaction3446,1,http://www.reactome.org/biopax/96/48892#Catalysis1684,3526
3155,5034|7974|8472|8526|10091,7976|8527|9439,5,3,http://www.reactome.org/biopax/96/48892#BiochemicalReaction3706,1,http://www.reactome.org/biopax/96/48892#Catalysis1934,3527
3156,4840|7986|8010|10177,7943|8011|8067|10159,4,4,http://www.reactome.org/biopax/96/48892#BiochemicalReaction3216,1,http://www.reactome.org/biopax/96/48892#Catalysis1456,3528
3157,2531|9097|9633,9100|9847,3,2,http://www.reactome.org/biopax/96/48892#BiochemicalReaction4339,1,http://www.reactome.org/biopax/96/48892#Catalysis2518,3529
3158,30|7986,31|8067,2,2,http://www.reactome.org/biopax/96/48892#BiochemicalReaction8259,1,http://www.reactome.org/biopax/96/48892#Catalysis4397,3530
3159,2563|9151|10177,7943|8613|8778,3,3,http://www.reactome.org/biopax/96/48892#BiochemicalReaction4397,1,http://www.reactome.org/biopax/96/48892#Catalysis2576,3532
3160,7933|7986|9344,7943|9236|10282,3,3,http://www.reactome.org/biopax/96/48892#BiochemicalReaction2978,1,http://www.reactome.org/biopax/96/48892#Control383,3533
3161,2903|5320|8622,5593|8631,3,2,http://www.reactome.org/biopax/96/48892#BiochemicalReaction413,1,http://www.reactome.org/biopax/96/48892#Catalysis140,3534
3162,1267|1307|7064,1302,3,1,http://www.reactome.org/biopax/96/48892#BiochemicalReaction154,-1,http://www.reactome.org/biopax/96/48892#Control29,3535
3163,1070|7322|7324,6820|7326,3,2,http://www.reactome.org/biopax/96/48892#BiochemicalReaction1149,1,http://www.reactome.org/biopax/96/48892#Catalysis479,3536
3164,9765|10349,10349,2,1,http://www.reactome.org/biopax/96/48892#BiochemicalReaction5380,1,http://www.reactome.org/biopax/96/48892#Control663,3537
3165,1693|7823,1699|4602|7746,2,3,http://www.reactome.org/biopax/96/48892#BiochemicalReaction2347,1,http://www.reactome.org/biopax/96/48892#Catalysis1026,3538
3166,2210|7943|8722,8555|8992,3,2,http://www.reactome.org/biopax/96/48892#BiochemicalReaction5213,1,http://www.reactome.org/biopax/96/48892#Catalysis3125,3539
3167,4199|4202|7986,4201|8067,3,2,http://www.reactome.org/biopax/96/48892#BiochemicalReaction8191,-1,http://www.reactome.org/biopax/96/48892#Control1101,3540
3168,2660|7987|10300,9468|10301,3,2,http://www.reactome.org/biopax/96/48892#BiochemicalReaction4647,1,http://www.reactome.org/biopax/96/48892#Catalysis2818,3541
3169,4447|9727|10177,8237|9743,3,2,http://www.reactome.org/biopax/96/48892#BiochemicalReaction3391,1,http://www.reactome.org/biopax/96/48892#Catalysis1629,3542
3170,1330|1335|1444|5466,1330|1336,4,2,http://www.reactome.org/biopax/96/48892#BiochemicalReaction1813,1,http://www.reactome.org/biopax/96/48892#Catalysis846,3544
3171,2296|5094|10177,5093|10159,3,2,http://www.reactome.org/biopax/96/48892#BiochemicalReaction3933,1,http://www.reactome.org/biopax/96/48892#Catalysis2145,3545
3172,2232|7998|8652,8681,3,1,http://www.reactome.org/biopax/96/48892#BiochemicalReaction3846,1,http://www.reactome.org/biopax/96/48892#Catalysis2067,3546
3173,4794|8622|10376,8631|8938|10377,3,3,http://www.reactome.org/biopax/96/48892#BiochemicalReaction3111,1,http://www.reactome.org/biopax/96/48892#Catalysis1360,3548
3174,2047|7943|7965|7966|10269,7967|7968|10177,5,3,http://www.reactome.org/biopax/96/48892#BiochemicalReaction3180,1,http://www.reactome.org/biopax/96/48892#Catalysis1427,3549
3175,2187|2190|9973,2169|8381|8391|9982|10305,3,5,http://www.reactome.org/biopax/96/48892#BiochemicalReaction3586,1,http://www.reactome.org/biopax/96/48892#Catalysis1818,3550
3176,4640|5466,6616,2,1,http://www.reactome.org/biopax/96/48892#BiochemicalReaction9590,1,http://www.reactome.org/biopax/96/48892#Catalysis4849,3551
3177,356,357|10159,1,2,http://www.reactome.org/biopax/96/48892#BiochemicalReaction8936,1,http://www.reactome.org/biopax/96/48892#Catalysis4603,3552
3178,2738|6035,5337,2,1,http://www.reactome.org/biopax/96/48892#BiochemicalReaction6832,1,http://www.reactome.org/biopax/96/48892#Catalysis3873,3553
3179,27|2045|8164,2054|10157,3,2,http://www.reactome.org/biopax/96/48892#BiochemicalReaction8254,1,http://www.reactome.org/biopax/96/48892#Catalysis4395,3554
3180,2988|7589|9773|9775,2987,4,1,http://www.reactome.org/biopax/96/48892#BiochemicalReaction5433,-1,http://www.reactome.org/biopax/96/48892#Control672,3555
3181,4270|5604,6066,2,1,http://www.reactome.org/biopax/96/48892#BiochemicalReaction5526,-1,http://www.reactome.org/biopax/96/48892#Control692,3556
3182,5274|9252|10177,9227|9253,3,2,http://www.reactome.org/biopax/96/48892#BiochemicalReaction4498,1,http://www.reactome.org/biopax/96/48892#Catalysis2676,3557
3183,539|8918,540|8643,2,2,http://www.reactome.org/biopax/96/48892#BiochemicalReaction9363,1,http://www.reactome.org/biopax/96/48892#Catalysis4759,3559
3184,801|9245,765|804|806|6883|9256,2,5,http://www.reactome.org/biopax/96/48892#BiochemicalReaction735,1,http://www.reactome.org/biopax/96/48892#Catalysis240,3560
3185,916|919,920,2,1,http://www.reactome.org/biopax/96/48892#BiochemicalReaction843,1,http://www.reactome.org/biopax/96/48892#Control139,3561
3186,5335|9022|9540,7952|9541,3,2,http://www.reactome.org/biopax/96/48892#BiochemicalReaction4693,1,http://www.reactome.org/biopax/96/48892#Catalysis2864,3562
3187,3223,3167|3224|5652|5656,1,4,http://www.reactome.org/biopax/96/48892#BiochemicalReaction5780,1,http://www.reactome.org/biopax/96/48892#Catalysis3458,3563
3188,919|7003,920,2,1,http://www.reactome.org/biopax/96/48892#BiochemicalReaction843,1,http://www.reactome.org/biopax/96/48892#Control127,3564
3189,9496|9632|10313,9495|10314,3,2,http://www.reactome.org/biopax/96/48892#BiochemicalReaction4666,-1,http://www.reactome.org/biopax/96/48892#Control561,3565
3190,778|6748,6749|6750,2,2,http://www.reactome.org/biopax/96/48892#BiochemicalReaction10005,1,http://www.reactome.org/biopax/96/48892#Catalysis5002,3566
3191,5239|8595|9134,8611|9135|10091,3,3,http://www.reactome.org/biopax/96/48892#BiochemicalReaction4376,1,http://www.reactome.org/biopax/96/48892#Catalysis2555,3567
3192,706|5995|7986,707|8067,3,2,http://www.reactome.org/biopax/96/48892#BiochemicalReaction9824,1,http://www.reactome.org/biopax/96/48892#Catalysis4929,3568
3193,1231|1232|1234,1233|7085,3,2,http://www.reactome.org/biopax/96/48892#BiochemicalReaction1423,-1,http://www.reactome.org/biopax/96/48892#Control182,3569
3194,1467|7264|7986,7266|8067,3,2,http://www.reactome.org/biopax/96/48892#BiochemicalReaction190,1,http://www.reactome.org/biopax/96/48892#Catalysis78,3570
3195,4838|8661|10298,8664|10258,3,2,http://www.reactome.org/biopax/96/48892#BiochemicalReaction3831,1,http://www.reactome.org/biopax/96/48892#Catalysis2052,3571
3196,2816|2825|4408,2823,3,1,http://www.reactome.org/biopax/96/48892#BiochemicalReaction406,1,http://www.reactome.org/biopax/96/48892#Control73,3572
3197,189|7986,190|8067,2,2,http://www.reactome.org/biopax/96/48892#BiochemicalReaction8509,1,http://www.reactome.org/biopax/96/48892#Catalysis4503,3573
3198,5644|6047|8622,6048|8631,3,2,http://www.reactome.org/biopax/96/48892#BiochemicalReaction6871,1,http://www.reactome.org/biopax/96/48892#Catalysis3883,3575
3199,6093|7955|9833,8251|9704,3,2,http://www.reactome.org/biopax/96/48892#BiochemicalReaction7131,1,http://www.reactome.org/biopax/96/48892#Catalysis3937,3576
3200,1674|6913|10177,1678|10159,3,2,http://www.reactome.org/biopax/96/48892#BiochemicalReaction2316,1,http://www.reactome.org/biopax/96/48892#Catalysis1010,3577
3201,1510,1513,1,1,http://www.reactome.org/biopax/96/48892#BiochemicalReaction202,1,http://www.reactome.org/biopax/96/48892#Catalysis81,3578
3202,2335|2337|2339,2334|2340|5128,3,3,http://www.reactome.org/biopax/96/48892#BiochemicalReaction3986,1,http://www.reactome.org/biopax/96/48892#Catalysis2180,3579
3203,3083|9797,3084|8957,2,2,http://www.reactome.org/biopax/96/48892#BiochemicalReaction5628,1,http://www.reactome.org/biopax/96/48892#Catalysis3386,3581
3204,7180|8371|9947,8372|9946|10070,3,3,http://www.reactome.org/biopax/96/48892#BiochemicalReaction3563,1,http://www.reactome.org/biopax/96/48892#Catalysis1797,3583
3205,5634|6015|8622,6016|8631,3,2,http://www.reactome.org/biopax/96/48892#BiochemicalReaction6759,1,http://www.reactome.org/biopax/96/48892#Catalysis3844,3584
3206,6661|6664|8622,6662|8631,3,2,http://www.reactome.org/biopax/96/48892#BiochemicalReaction9771,1,http://www.reactome.org/biopax/96/48892#Catalysis4916,3585
3207,1248|7646,7647,2,1,http://www.reactome.org/biopax/96/48892#BiochemicalReaction1483,1,http://www.reactome.org/biopax/96/48892#Catalysis720,3586
3208,5024|7943|8457|10258,8458|10298,4,2,http://www.reactome.org/biopax/96/48892#BiochemicalReaction3644,1,http://www.reactome.org/biopax/96/48892#Catalysis1874,3587
3209,4838|8690|10298,8691|10258,3,2,http://www.reactome.org/biopax/96/48892#BiochemicalReaction3851,1,http://www.reactome.org/biopax/96/48892#Catalysis2072,3588
3210,3417|5861|7986,5862|8067,3,2,http://www.reactome.org/biopax/96/48892#BiochemicalReaction6360,1,http://www.reactome.org/biopax/96/48892#Catalysis3676,3589
3211,929|931|7057|7058|7059|7060|7061|7062|7063|9396,930,10,1,http://www.reactome.org/biopax/96/48892#BiochemicalReaction850,1,http://www.reactome.org/biopax/96/48892#Catalysis279,3590
3212,3867|3869|8164,3868|6107|10157,3,3,http://www.reactome.org/biopax/96/48892#BiochemicalReaction7220,1,http://www.reactome.org/biopax/96/48892#Catalysis3975,3591
3213,6387|8386|9449,8888|9530,3,2,http://www.reactome.org/biopax/96/48892#BiochemicalReaction625,1,http://www.reactome.org/biopax/96/48892#Catalysis206,3592
3214,1668|1809,1676,2,1,http://www.reactome.org/biopax/96/48892#BiochemicalReaction274,1,http://www.reactome.org/biopax/96/48892#Catalysis110,3593
3215,7096|7100|9469|9480|9491,7101|9499|9502,5,3,http://www.reactome.org/biopax/96/48892#BiochemicalReaction935,1,http://www.reactome.org/biopax/96/48892#Catalysis308,3594
3216,3354|5855|8622,5856|8631,3,2,http://www.reactome.org/biopax/96/48892#BiochemicalReaction6356,1,http://www.reactome.org/biopax/96/48892#Catalysis3673,3595
3217,1962|10239,10240,2,1,http://www.reactome.org/biopax/96/48892#BiochemicalReaction2915,1,http://www.reactome.org/biopax/96/48892#Catalysis1177,3596
3218,5291|9321,9320,2,1,http://www.reactome.org/biopax/96/48892#BiochemicalReaction4557,1,http://www.reactome.org/biopax/96/48892#Catalysis2733,3597
3219,500|967|10177,501|10159,3,2,http://www.reactome.org/biopax/96/48892#BiochemicalReaction9304,1,http://www.reactome.org/biopax/96/48892#Catalysis4732,3598
3220,2693|8555|10297,8386|9571,3,2,http://www.reactome.org/biopax/96/48892#BiochemicalReaction4718,1,http://www.reactome.org/biopax/96/48892#Catalysis2889,3599
3221,6488|9513|9991,7943|9538|9992,3,3,http://www.reactome.org/biopax/96/48892#BiochemicalReaction9201,1,http://www.reactome.org/biopax/96/48892#Catalysis4705,3600
3222,5480|10107|10109|10133,10113|10134|10214,4,3,http://www.reactome.org/biopax/96/48892#BiochemicalReaction5173,1,http://www.reactome.org/biopax/96/48892#Catalysis3085,3601
3223,644|6645,643|5466,2,2,http://www.reactome.org/biopax/96/48892#BiochemicalReaction9664,-1,http://www.reactome.org/biopax/96/48892#Control1255,3603
3224,4429|6813|7449,2038,3,1,http://www.reactome.org/biopax/96/48892#BiochemicalReaction3155,1,http://www.reactome.org/biopax/96/48892#Catalysis1404,3604
3225,4124|7986,4125|8067,2,2,http://www.reactome.org/biopax/96/48892#BiochemicalReaction8101,1,http://www.reactome.org/biopax/96/48892#Catalysis4326,3605
3226,1056|7236|9630,1057|9632,3,2,http://www.reactome.org/biopax/96/48892#BiochemicalReaction1094,1,http://www.reactome.org/biopax/96/48892#Catalysis430,3606
3227,2854|7986,2855|8067,2,2,http://www.reactome.org/biopax/96/48892#BiochemicalReaction5022,1,http://www.reactome.org/biopax/96/48892#Catalysis3006,3607
3228,4930|8173|8386,8221|8270,3,2,http://www.reactome.org/biopax/96/48892#BiochemicalReaction3443,1,http://www.reactome.org/biopax/96/48892#Catalysis1681,3608
3229,7235|10009|10056,4379|10060,3,2,http://www.reactome.org/biopax/96/48892#BiochemicalReaction1092,1,http://www.reactome.org/biopax/96/48892#Catalysis428,3609
3230,2270|9162|10109|10247,9098|9666|10113,4,3,http://www.reactome.org/biopax/96/48892#BiochemicalReaction5252,1,http://www.reactome.org/biopax/96/48892#Catalysis3164,3610
3231,1775|7986,1776|8067,2,2,http://www.reactome.org/biopax/96/48892#BiochemicalReaction2549,1,http://www.reactome.org/biopax/96/48892#Catalysis1070,3611
3232,71|1344|7986,72|8067,3,2,http://www.reactome.org/biopax/96/48892#BiochemicalReaction8325,1,http://www.reactome.org/biopax/96/48892#Catalysis4423,3612
3233,8067|8867|10177,8868|10159,3,2,http://www.reactome.org/biopax/96/48892#BiochemicalReaction4092,1,http://www.reactome.org/biopax/96/48892#Control511,3613
3234,1455|6701,6702,2,1,http://www.reactome.org/biopax/96/48892#BiochemicalReaction9940,1,http://www.reactome.org/biopax/96/48892#Catalysis4972,3614
3235,7197|7565|9396,7564|9450,3,2,http://www.reactome.org/biopax/96/48892#BiochemicalReaction1399,1,http://www.reactome.org/biopax/96/48892#Catalysis665,3615
3236,1576|7986,1577|8067,2,2,http://www.reactome.org/biopax/96/48892#BiochemicalReaction2132,1,http://www.reactome.org/biopax/96/48892#Catalysis940,3616
3237,6214|7940,10175,2,1,http://www.reactome.org/biopax/96/48892#BiochemicalReaction7475,1,http://www.reactome.org/biopax/96/48892#Catalysis4074,3617
3238,5391|7634,7636,2,1,http://www.reactome.org/biopax/96/48892#BiochemicalReaction4940,1,http://www.reactome.org/biopax/96/48892#Catalysis2944,3618
3239,4795|8622|10377,8631|8938|10379,3,3,http://www.reactome.org/biopax/96/48892#BiochemicalReaction3113,1,http://www.reactome.org/biopax/96/48892#Catalysis1362,3619
3240,8094|8763|10219,8095|10231,3,2,http://www.reactome.org/biopax/96/48892#BiochemicalReaction4007,1,http://www.reactome.org/biopax/96/48892#Control489,3620
3241,2775|4223,5381,2,1,http://www.reactome.org/biopax/96/48892#BiochemicalReaction4902,1,http://www.reactome.org/biopax/96/48892#Control601,3621
3242,2141|7986|8257,8067|8308,3,2,http://www.reactome.org/biopax/96/48892#BiochemicalReaction3484,1,http://www.reactome.org/biopax/96/48892#Catalysis1722,3622
3243,1651|1655,1648,2,1,http://www.reactome.org/biopax/96/48892#BiochemicalReaction2288,1,http://www.reactome.org/biopax/96/48892#Catalysis1000,3623
3244,5195|7943|9009|10282,8986|9428,4,2,http://www.reactome.org/biopax/96/48892#BiochemicalReaction4230,1,http://www.reactome.org/biopax/96/48892#Catalysis2415,3624
3245,1222,1223|7579,1,2,http://www.reactome.org/biopax/96/48892#BiochemicalReaction1415,1,http://www.reactome.org/biopax/96/48892#Catalysis672,3625
3246,3591|6555|7986,6556|8067,3,2,http://www.reactome.org/biopax/96/48892#BiochemicalReaction9399,1,http://www.reactome.org/biopax/96/48892#Catalysis4780,3628
3247,3495|7986,3501|8067,2,2,http://www.reactome.org/biopax/96/48892#BiochemicalReaction495,1,http://www.reactome.org/biopax/96/48892#Catalysis170,3629
3248,1702|7796|7986,7799|8067,3,2,http://www.reactome.org/biopax/96/48892#BiochemicalReaction2370,1,http://www.reactome.org/biopax/96/48892#Catalysis1033,3630
3249,2951|7986|10177|10189,7943|8067|9631|10159,4,4,http://www.reactome.org/biopax/96/48892#BiochemicalReaction5347,1,http://www.reactome.org/biopax/96/48892#Catalysis3238,3631
3250,4433|7998|8025,8020|8026|10177,3,3,http://www.reactome.org/biopax/96/48892#BiochemicalReaction3229,1,http://www.reactome.org/biopax/96/48892#Catalysis1469,3632
3251,1093|7487,7430|7488,2,2,http://www.reactome.org/biopax/96/48892#BiochemicalReaction1257,1,http://www.reactome.org/biopax/96/48892#Catalysis586,3633
3252,3069|9797,3068|3070|8957,2,3,http://www.reactome.org/biopax/96/48892#BiochemicalReaction5615,1,http://www.reactome.org/biopax/96/48892#Catalysis3379,3634
3253,4883|8062|8198,8065|8160|8199,3,3,http://www.reactome.org/biopax/96/48892#BiochemicalReaction3349,1,http://www.reactome.org/biopax/96/48892#Catalysis1587,3635
3254,7125|7986|9617,8067|9619,3,2,http://www.reactome.org/biopax/96/48892#BiochemicalReaction968,1,http://www.reactome.org/biopax/96/48892#Catalysis332,3636
3255,2666|9482|10300,9483|10301,3,2,http://www.reactome.org/biopax/96/48892#BiochemicalReaction4655,1,http://www.reactome.org/biopax/96/48892#Catalysis2826,3637
3256,2820|9589|10231,8765|10232,3,2,http://www.reactome.org/biopax/96/48892#BiochemicalReaction4980,1,http://www.reactome.org/biopax/96/48892#Catalysis2977,3638
3257,2449|8975,2448|8771,2,2,http://www.reactome.org/biopax/96/48892#BiochemicalReaction4197,1,http://www.reactome.org/biopax/96/48892#Catalysis2383,3639
3258,5164|8874|10177,7943|8873|10159,3,3,http://www.reactome.org/biopax/96/48892#BiochemicalReaction4105,1,http://www.reactome.org/biopax/96/48892#Catalysis2291,3640
3259,5073|7952|8614|8720,8586|8777|10230,4,3,http://www.reactome.org/biopax/96/48892#BiochemicalReaction3788,1,http://www.reactome.org/biopax/96/48892#Catalysis2009,3641
3260,2290|2294|9439,2289|8738,3,2,http://www.reactome.org/biopax/96/48892#BiochemicalReaction3930,1,http://www.reactome.org/biopax/96/48892#Catalysis2142,3642
3261,6367|7904,6417|6422,2,2,http://www.reactome.org/biopax/96/48892#BiochemicalReaction8669,-1,http://www.reactome.org/biopax/96/48892#Control1144,3643
3262,4791|9947|10355,9946|10368,3,2,http://www.reactome.org/biopax/96/48892#BiochemicalReaction3091,1,http://www.reactome.org/biopax/96/48892#Catalysis1340,3644
3263,2361|8767|9513|10177,7943|8781|9538,4,3,http://www.reactome.org/biopax/96/48892#BiochemicalReaction4022,-1,http://www.reactome.org/biopax/96/48892#Control496,3645
3264,2635|9308|9310,9311|9312,3,2,http://www.reactome.org/biopax/96/48892#BiochemicalReaction4543,1,http://www.reactome.org/biopax/96/48892#Catalysis2720,3646
3265,4563|10349,4564,2,1,http://www.reactome.org/biopax/96/48892#BiochemicalReaction6005,1,http://www.reactome.org/biopax/96/48892#Control728,3647
3266,7986|8265,9159,2,1,http://www.reactome.org/biopax/96/48892#BiochemicalReaction4408,1,http://www.reactome.org/biopax/96/48892#Control535,3649
3267,964|7076|10177,9456|9461,3,2,http://www.reactome.org/biopax/96/48892#BiochemicalReaction896,1,http://www.reactome.org/biopax/96/48892#Catalysis295,3651
3268,3674|9245,3675|9256,2,2,http://www.reactome.org/biopax/96/48892#BiochemicalReaction6813,1,http://www.reactome.org/biopax/96/48892#Catalysis3866,3652
3269,5007|8353|10177,8254|8348,3,2,http://www.reactome.org/biopax/96/48892#BiochemicalReaction3599,1,http://www.reactome.org/biopax/96/48892#Catalysis1831,3653
3270,4838|8632|10269,8633,3,1,http://www.reactome.org/biopax/96/48892#BiochemicalReaction3806,1,http://www.reactome.org/biopax/96/48892#Catalysis2027,3654
3271,778|7412,6779|6780,2,2,http://www.reactome.org/biopax/96/48892#BiochemicalReaction10021,1,http://www.reactome.org/biopax/96/48892#Catalysis5017,3655
3272,4113|7319|7451,6820|7452,3,2,http://www.reactome.org/biopax/96/48892#BiochemicalReaction1234,1,http://www.reactome.org/biopax/96/48892#Catalysis563,3656
3273,2842|10109,10113,2,1,http://www.reactome.org/biopax/96/48892#BiochemicalReaction5009,1,http://www.reactome.org/biopax/96/48892#Catalysis2999,3657
3274,4905|8226|9439,8227|8738,3,2,http://www.reactome.org/biopax/96/48892#BiochemicalReaction3376,1,http://www.reactome.org/biopax/96/48892#Catalysis1614,3658
3275,4998|8392|9973,8398|8399,3,2,http://www.reactome.org/biopax/96/48892#BiochemicalReaction3594,1,http://www.reactome.org/biopax/96/48892#Control416,3659
3276,5459|9625|10101|10113,9622|10134|10349,4,3,http://www.reactome.org/biopax/96/48892#BiochemicalReaction5152,1,http://www.reactome.org/biopax/96/48892#Catalysis3065,3660
3277,1333|1334|7986,1335|8067,3,2,http://www.reactome.org/biopax/96/48892#BiochemicalReaction1601,1,http://www.reactome.org/biopax/96/48892#Catalysis767,3661
3278,2009|4746|10081,4747|10055|10070,3,3,http://www.reactome.org/biopax/96/48892#BiochemicalReaction3022,1,http://www.reactome.org/biopax/96/48892#Catalysis1279,3662
3279,5822|5872|10177,4671|10159,3,2,http://www.reactome.org/biopax/96/48892#BiochemicalReaction6447,1,http://www.reactome.org/biopax/96/48892#Catalysis3727,3663
3280,4432|7998|8018,8019|8020|10177,3,3,http://www.reactome.org/biopax/96/48892#BiochemicalReaction3223,1,http://www.reactome.org/biopax/96/48892#Catalysis1463,3664
3281,457|6459|7986,458|8067,3,2,http://www.reactome.org/biopax/96/48892#BiochemicalReaction9165,1,http://www.reactome.org/biopax/96/48892#Catalysis4686,3665
3282,207|6412|8386,243,3,1,http://www.reactome.org/biopax/96/48892#BiochemicalReaction8585,1,http://www.reactome.org/biopax/96/48892#Catalysis4532,3666
3283,2584|8955|10177,7943|9187|9563|9995,3,4,http://www.reactome.org/biopax/96/48892#BiochemicalReaction4435,1,http://www.reactome.org/biopax/96/48892#Catalysis2614,3667
3284,658|6865,6866|6867,2,2,http://www.reactome.org/biopax/96/48892#BiochemicalReaction715,1,http://www.reactome.org/biopax/96/48892#Catalysis233,3668
3285,5222|9068,9069,2,1,http://www.reactome.org/biopax/96/48892#BiochemicalReaction4306,1,http://www.reactome.org/biopax/96/48892#Catalysis2485,3669
3286,2082|9115|9439,9116,3,1,http://www.reactome.org/biopax/96/48892#BiochemicalReaction4359,1,http://www.reactome.org/biopax/96/48892#Catalysis2538,3670
3287,3386|5337,3387,2,1,http://www.reactome.org/biopax/96/48892#BiochemicalReaction6316,1,http://www.reactome.org/biopax/96/48892#Catalysis3646,3671
3288,1621|1720,1724|7883,2,2,http://www.reactome.org/biopax/96/48892#BiochemicalReaction232,-1,http://www.reactome.org/biopax/96/48892#Control54,3673
3289,3653|5636|5973,3657,3,1,http://www.reactome.org/biopax/96/48892#BiochemicalReaction6798,-1,http://www.reactome.org/biopax/96/48892#Control849,3674
3290,5046|9315,2638,2,1,http://www.reactome.org/biopax/96/48892#BiochemicalReaction4548,1,http://www.reactome.org/biopax/96/48892#Catalysis2725,3675
3291,859|860,861|862|8643,2,3,http://www.reactome.org/biopax/96/48892#BiochemicalReaction772,1,http://www.reactome.org/biopax/96/48892#Catalysis254,3676
3292,3224|9797,3226|8957,2,2,http://www.reactome.org/biopax/96/48892#BiochemicalReaction5781,1,http://www.reactome.org/biopax/96/48892#Catalysis3459,3678
3293,2674|7986|8955|9847,8067|9519|10159,4,3,http://www.reactome.org/biopax/96/48892#BiochemicalReaction4681,1,http://www.reactome.org/biopax/96/48892#Catalysis2852,3679
3294,865|881|6972,882|6969|6970,3,3,http://www.reactome.org/biopax/96/48892#BiochemicalReaction783,1,http://www.reactome.org/biopax/96/48892#Control115,3680
3295,7662|7664|8720,7663|8600,3,2,http://www.reactome.org/biopax/96/48892#BiochemicalReaction1515,1,http://www.reactome.org/biopax/96/48892#Catalysis730,3681
3296,3738|6151|9245,6153|9256,3,2,http://www.reactome.org/biopax/96/48892#BiochemicalReaction7299,1,http://www.reactome.org/biopax/96/48892#Control901,3682
3297,6158|6159|10089|10162,6156|10165|10169|10170,4,4,http://www.reactome.org/biopax/96/48892#BiochemicalReaction7287,1,http://www.reactome.org/biopax/96/48892#Catalysis4000,3683
3298,2636|8751|9313,8744|10091,3,2,http://www.reactome.org/biopax/96/48892#BiochemicalReaction4544,1,http://www.reactome.org/biopax/96/48892#Catalysis2721,3684
3299,3007|4269,7686,2,1,http://www.reactome.org/biopax/96/48892#BiochemicalReaction9762,1,http://www.reactome.org/biopax/96/48892#Control1266,3685
3300,2867,2868|10159,1,2,http://www.reactome.org/biopax/96/48892#BiochemicalReaction5033,1,http://www.reactome.org/biopax/96/48892#Catalysis3011,3686
3301,4474|5223,2508,2,1,http://www.reactome.org/biopax/96/48892#BiochemicalReaction5341,1,http://www.reactome.org/biopax/96/48892#Catalysis3235,3687
3302,1003|7136|10089|10162,7137|10169|10170,4,3,http://www.reactome.org/biopax/96/48892#BiochemicalReaction977,1,http://www.reactome.org/biopax/96/48892#Catalysis341,3688
3303,4698|7240|10065,1986,3,1,http://www.reactome.org/biopax/96/48892#BiochemicalReaction2953,1,http://www.reactome.org/biopax/96/48892#Control380,3689
3304,2075|8171|8178,8160|8172|8179,3,3,http://www.reactome.org/biopax/96/48892#BiochemicalReaction3332,1,http://www.reactome.org/biopax/96/48892#Catalysis1570,3690
3305,1070|7323|7465,6820|7466,3,2,http://www.reactome.org/biopax/96/48892#BiochemicalReaction1243,1,http://www.reactome.org/biopax/96/48892#Catalysis572,3691
3306,4436|7940|7943|10258|10269,8039|10177|10298,5,3,http://www.reactome.org/biopax/96/48892#BiochemicalReaction3239,1,http://www.reactome.org/biopax/96/48892#Catalysis1479,3692
3307,2976|5572|9538,2977|7943|9513,3,3,http://www.reactome.org/biopax/96/48892#BiochemicalReaction5399,1,http://www.reactome.org/biopax/96/48892#Catalysis3279,3693
3308,176|7986|8046,8035|8067,3,2,http://www.reactome.org/biopax/96/48892#BiochemicalReaction8479,1,http://www.reactome.org/biopax/96/48892#Catalysis4490,3694
3309,2234|5079,2237,2,1,http://www.reactome.org/biopax/96/48892#BiochemicalReaction3868,1,http://www.reactome.org/biopax/96/48892#Catalysis2089,3695
3310,531|7986,532|8067,2,2,http://www.reactome.org/biopax/96/48892#BiochemicalReaction9345,1,http://www.reactome.org/biopax/96/48892#Catalysis4750,3696
3311,4773|4778|9630,4782|9632|10070,3,3,http://www.reactome.org/biopax/96/48892#BiochemicalReaction3058,1,http://www.reactome.org/biopax/96/48892#Catalysis1309,3697
3312,2861|8046,7915|8057,2,2,http://www.reactome.org/biopax/96/48892#BiochemicalReaction8975,1,http://www.reactome.org/biopax/96/48892#Catalysis4615,3699
3313,4838|8662|10298,8663|10258,3,2,http://www.reactome.org/biopax/96/48892#BiochemicalReaction3830,1,http://www.reactome.org/biopax/96/48892#Catalysis2051,3700
3314,6502|6819,6504,2,1,http://www.reactome.org/biopax/96/48892#BiochemicalReaction9265,1,http://www.reactome.org/biopax/96/48892#Control1201,3702
3315,5143|8094|8763,8095|10231,3,2,http://www.reactome.org/biopax/96/48892#BiochemicalReaction4007,1,http://www.reactome.org/biopax/96/48892#Catalysis2197,3703
3316,3342|5337,3340|3343,2,2,http://www.reactome.org/biopax/96/48892#BiochemicalReaction6237,1,http://www.reactome.org/biopax/96/48892#Catalysis3608,3704
3317,2768|6589|8164,3475|10157,3,2,http://www.reactome.org/biopax/96/48892#BiochemicalReaction9463,1,http://www.reactome.org/biopax/96/48892#Catalysis4806,3705
3318,3912|5386|6201|6693|6694|6695|10349,744|745|6696|6697,7,4,http://www.reactome.org/biopax/96/48892#BiochemicalReaction9925,1,http://www.reactome.org/biopax/96/48892#Catalysis4966,3706
3319,4113|7454|7456,6820|7455,3,2,http://www.reactome.org/biopax/96/48892#BiochemicalReaction1236,1,http://www.reactome.org/biopax/96/48892#Catalysis565,3707
3320,2865|2866,349,2,1,http://www.reactome.org/biopax/96/48892#BiochemicalReaction8918,1,http://www.reactome.org/biopax/96/48892#Catalysis4591,3709
3321,3935|6225,3936,2,1,http://www.reactome.org/biopax/96/48892#BiochemicalReaction7530,1,http://www.reactome.org/biopax/96/48892#Control966,3710
3322,2235|5078,2234|2236,2,2,http://www.reactome.org/biopax/96/48892#BiochemicalReaction3867,1,http://www.reactome.org/biopax/96/48892#Catalysis2088,3711
3323,7305|7308|10067,7306|9582|10082,3,3,http://www.reactome.org/biopax/96/48892#BiochemicalReaction1140,1,http://www.reactome.org/biopax/96/48892#Catalysis470,3712
3324,967|7986|8314,557|8067,3,2,http://www.reactome.org/biopax/96/48892#BiochemicalReaction9393,1,http://www.reactome.org/biopax/96/48892#Control1226,3713
3325,1814|7986,1815|8067,2,2,http://www.reactome.org/biopax/96/48892#BiochemicalReaction2646,1,http://www.reactome.org/biopax/96/48892#Catalysis1088,3714
3326,1270|1274|7653|10125,1272|7655|10126,4,3,http://www.reactome.org/biopax/96/48892#BiochemicalReaction1510,1,http://www.reactome.org/biopax/96/48892#Control215,3716
3327,4601|7743|7986,1691|9236|9428,3,3,http://www.reactome.org/biopax/96/48892#BiochemicalReaction2338,1,http://www.reactome.org/biopax/96/48892#Catalysis1020,3717
3328,2829|8386|9971,9836|9975,3,2,http://www.reactome.org/biopax/96/48892#BiochemicalReaction35,1,http://www.reactome.org/biopax/96/48892#Catalysis19,3718
3329,7124|7986|9600,8067|9615,3,2,http://www.reactome.org/biopax/96/48892#BiochemicalReaction967,1,http://www.reactome.org/biopax/96/48892#Catalysis331,3719
3330,3680|4043,479|4003|5316|6279|8631|8643,2,6,http://www.reactome.org/biopax/96/48892#BiochemicalReaction9239,1,http://www.reactome.org/biopax/96/48892#Catalysis4711,3720
3331,4862|7952|8090,8086|8091,3,2,http://www.reactome.org/biopax/96/48892#BiochemicalReaction3270,1,http://www.reactome.org/biopax/96/48892#Catalysis1510,3721
3332,1099|8918,1100|4386,2,2,http://www.reactome.org/biopax/96/48892#BiochemicalReaction1266,1,http://www.reactome.org/biopax/96/48892#Catalysis589,3723
3333,4542|4556,4555,2,1,http://www.reactome.org/biopax/96/48892#BiochemicalReaction5975,1,http://www.reactome.org/biopax/96/48892#Catalysis3526,3724
3334,3458|8622,3459|8631,2,2,http://www.reactome.org/biopax/96/48892#BiochemicalReaction6421,1,http://www.reactome.org/biopax/96/48892#Catalysis3708,3725
3335,2192|8390|9973,8392|10223,3,2,http://www.reactome.org/biopax/96/48892#BiochemicalReaction3590,1,http://www.reactome.org/biopax/96/48892#Catalysis1822,3726
3336,4173|6823|8903,4179|8908,3,2,http://www.reactome.org/biopax/96/48892#BiochemicalReaction644,1,http://www.reactome.org/biopax/96/48892#Catalysis216,3727
3337,1917|7665|10217,4666|10218,3,2,http://www.reactome.org/biopax/96/48892#BiochemicalReaction2836,1,http://www.reactome.org/biopax/96/48892#Catalysis1140,3728
3338,4532|5612|9439,4532|9799,3,2,http://www.reactome.org/biopax/96/48892#BiochemicalReaction5601,1,http://www.reactome.org/biopax/96/48892#Catalysis3372,3729
3339,1785|7986,1786|8067,2,2,http://www.reactome.org/biopax/96/48892#BiochemicalReaction2579,1,http://www.reactome.org/biopax/96/48892#Catalysis1074,3730
3340,4957|7769|8308,2148,3,1,http://www.reactome.org/biopax/96/48892#BiochemicalReaction3503,1,http://www.reactome.org/biopax/96/48892#Catalysis1741,3731
3341,6485|9042|9513,7943|9044|9538,3,3,http://www.reactome.org/biopax/96/48892#BiochemicalReaction9196,1,http://www.reactome.org/biopax/96/48892#Catalysis4700,3732
3342,1070|6812,6820|7453,2,2,http://www.reactome.org/biopax/96/48892#BiochemicalReaction1235,1,http://www.reactome.org/biopax/96/48892#Catalysis564,3733
3343,5290|8744|9055|9439,8777|9317,4,2,http://www.reactome.org/biopax/96/48892#BiochemicalReaction4549,1,http://www.reactome.org/biopax/96/48892#Catalysis2726,3735
3344,2058|6979|7986,2059|7943|8067,3,3,http://www.reactome.org/biopax/96/48892#BiochemicalReaction3207,1,http://www.reactome.org/biopax/96/48892#Catalysis1448,3736
3345,4932|9660|10174,8217|8273,3,2,http://www.reactome.org/biopax/96/48892#BiochemicalReaction3447,1,http://www.reactome.org/biopax/96/48892#Catalysis1685,3737
3346,5139|7943|9847,10091|10232,3,2,http://www.reactome.org/biopax/96/48892#BiochemicalReaction3993,1,http://www.reactome.org/biopax/96/48892#Catalysis2186,3739
3347,1521|1561|1586,1580,3,1,http://www.reactome.org/biopax/96/48892#BiochemicalReaction212,-1,http://www.reactome.org/biopax/96/48892#Control37,3740
3348,229|7986,230|8067,2,2,http://www.reactome.org/biopax/96/48892#BiochemicalReaction8562,1,http://www.reactome.org/biopax/96/48892#Catalysis4523,3742
3349,3096|8622,3098|8631,2,2,http://www.reactome.org/biopax/96/48892#BiochemicalReaction5647,1,http://www.reactome.org/biopax/96/48892#Catalysis3394,3743
3350,635|946|7986,637|8067,3,2,http://www.reactome.org/biopax/96/48892#BiochemicalReaction9626,-1,http://www.reactome.org/biopax/96/48892#Control1239,3744
3351,632|6619|7986,6620|8067,3,2,http://www.reactome.org/biopax/96/48892#BiochemicalReaction9601,1,http://www.reactome.org/biopax/96/48892#Catalysis4856,3746
3352,2800,2798|2801|4586|5396|5397|5398|5399|8105,1,8,http://www.reactome.org/biopax/96/48892#BiochemicalReaction4955,1,http://www.reactome.org/biopax/96/48892#Catalysis2953,3747
3353,191|2045|8164,2054|10157,3,2,http://www.reactome.org/biopax/96/48892#BiochemicalReaction8511,1,http://www.reactome.org/biopax/96/48892#Catalysis4504,3748
3354,2137|8300|8302,8303|8304,3,2,http://www.reactome.org/biopax/96/48892#BiochemicalReaction3475,1,http://www.reactome.org/biopax/96/48892#Catalysis1713,3749
3355,2550|9137|10232,9136|10231,3,2,http://www.reactome.org/biopax/96/48892#BiochemicalReaction4380,1,http://www.reactome.org/biopax/96/48892#Catalysis2559,3751
3356,5052|5356|9245,5888|9256,3,2,http://www.reactome.org/biopax/96/48892#BiochemicalReaction7311,1,http://www.reactome.org/biopax/96/48892#Catalysis4023,3752
3357,5251|9192|9196,9197|10226,3,2,http://www.reactome.org/biopax/96/48892#BiochemicalReaction4445,1,http://www.reactome.org/biopax/96/48892#Catalysis2624,3753
3358,2142|7986|8323,8067|8317,3,2,http://www.reactome.org/biopax/96/48892#BiochemicalReaction3523,1,http://www.reactome.org/biopax/96/48892#Catalysis1760,3754
3359,5371|5999|7986,5997|8067,3,2,http://www.reactome.org/biopax/96/48892#BiochemicalReaction6718,1,http://www.reactome.org/biopax/96/48892#Catalysis3819,3755
3360,2087|8124,8125,2,1,http://www.reactome.org/biopax/96/48892#BiochemicalReaction3304,1,http://www.reactome.org/biopax/96/48892#Catalysis1544,3756
3361,915|916,918,2,1,http://www.reactome.org/biopax/96/48892#BiochemicalReaction842,1,http://www.reactome.org/biopax/96/48892#Control118,3757
3362,1614|7876,1145|7877,2,2,http://www.reactome.org/biopax/96/48892#BiochemicalReaction216,-1,http://www.reactome.org/biopax/96/48892#Control40,3759
3363,3917|7986,2772|8067,2,2,http://www.reactome.org/biopax/96/48892#BiochemicalReaction7451,1,http://www.reactome.org/biopax/96/48892#Catalysis4068,3760
3364,5175|9704,7952,2,1,http://www.reactome.org/biopax/96/48892#BiochemicalReaction4171,1,http://www.reactome.org/biopax/96/48892#Catalysis2357,3762
3365,2576|9559|10159,8826|9178,3,2,http://www.reactome.org/biopax/96/48892#BiochemicalReaction4423,1,http://www.reactome.org/biopax/96/48892#Catalysis2602,3763
3366,1968|10244,4689|4690,2,2,http://www.reactome.org/biopax/96/48892#BiochemicalReaction2925,1,http://www.reactome.org/biopax/96/48892#Control362,3764
3367,6809|7943|10032,9623|10214,3,2,http://www.reactome.org/biopax/96/48892#BiochemicalReaction10163,1,http://www.reactome.org/biopax/96/48892#Catalysis5055,3766
3368,6490|9513|9994|10177,7943|9401|9538,4,3,http://www.reactome.org/biopax/96/48892#BiochemicalReaction9204,1,http://www.reactome.org/biopax/96/48892#Catalysis4707,3768
3369,2686|5319|8622,2692,3,1,http://www.reactome.org/biopax/96/48892#BiochemicalReaction387,1,http://www.reactome.org/biopax/96/48892#Control70,3769
3370,7986|7998|9519|10088,7998|8067|10159,4,3,http://www.reactome.org/biopax/96/48892#BiochemicalReaction4683,-1,http://www.reactome.org/biopax/96/48892#Control562,3770
3371,1263|7643,7644,2,1,http://www.reactome.org/biopax/96/48892#BiochemicalReaction1480,1,http://www.reactome.org/biopax/96/48892#Control209,3771
3372,1727|7986,1729|8067,2,2,http://www.reactome.org/biopax/96/48892#BiochemicalReaction2415,1,http://www.reactome.org/biopax/96/48892#Catalysis1049,3772
3373,3466|3468|8622,3469|5892|8631,3,3,http://www.reactome.org/biopax/96/48892#BiochemicalReaction6432,1,http://www.reactome.org/biopax/96/48892#Catalysis3717,3773
3374,4279|5343,5342,2,1,http://www.reactome.org/biopax/96/48892#BiochemicalReaction4742,1,http://www.reactome.org/biopax/96/48892#Control575,3774
3375,1053|7986,7222|7223|7225|7226|7227|7228|10159,2,7,http://www.reactome.org/biopax/96/48892#BiochemicalReaction1083,1,http://www.reactome.org/biopax/96/48892#Catalysis419,3775
3376,1842|1852,1859,2,1,http://www.reactome.org/biopax/96/48892#BiochemicalReaction285,1,http://www.reactome.org/biopax/96/48892#Catalysis115,3776
3377,4696|7943|10128|10258,10252|10298,4,2,http://www.reactome.org/biopax/96/48892#BiochemicalReaction2945,1,http://www.reactome.org/biopax/96/48892#Catalysis1205,3777
3378,1451|4630,4631|4632,2,2,http://www.reactome.org/biopax/96/48892#BiochemicalReaction2390,1,http://www.reactome.org/biopax/96/48892#Control308,3778
3379,1476|1484|7505,1499,3,1,http://www.reactome.org/biopax/96/48892#BiochemicalReaction1908,-1,http://www.reactome.org/biopax/96/48892#Control270,3779
3380,2071|7940,8027,2,1,http://www.reactome.org/biopax/96/48892#BiochemicalReaction3230,1,http://www.reactome.org/biopax/96/48892#Catalysis1470,3780
3381,2184|2191|9973,2169|8381|8391|10308,3,4,http://www.reactome.org/biopax/96/48892#BiochemicalReaction3589,1,http://www.reactome.org/biopax/96/48892#Catalysis1821,3781
3382,89|7986,91|8067,2,2,http://www.reactome.org/biopax/96/48892#BiochemicalReaction8354,1,http://www.reactome.org/biopax/96/48892#Catalysis4439,3782
3383,1886|7986,1890|8067,2,2,http://www.reactome.org/biopax/96/48892#BiochemicalReaction2783,1,http://www.reactome.org/biopax/96/48892#Catalysis1121,3783
3384,692|7986,3751|8067,2,2,http://www.reactome.org/biopax/96/48892#BiochemicalReaction9740,1,http://www.reactome.org/biopax/96/48892#Catalysis4910,3784
3385,2401|8883|10177,7943|8878|9428,3,3,http://www.reactome.org/biopax/96/48892#BiochemicalReaction4110,1,http://www.reactome.org/biopax/96/48892#Catalysis2296,3786
3386,2876|10109|10133|10372,10113|10134|10349,4,3,http://www.reactome.org/biopax/96/48892#BiochemicalReaction5043,1,http://www.reactome.org/biopax/96/48892#Catalysis3019,3787
3387,640|6698|7826,747,3,1,http://www.reactome.org/biopax/96/48892#BiochemicalReaction9930,-1,http://www.reactome.org/biopax/96/48892#Control1323,3788
3388,509|967|10177,510|10159,3,2,http://www.reactome.org/biopax/96/48892#BiochemicalReaction9311,1,http://www.reactome.org/biopax/96/48892#Catalysis4735,3789
3389,7787|7790|7986,7792|8067,3,2,http://www.reactome.org/biopax/96/48892#BiochemicalReaction1826,1,http://www.reactome.org/biopax/96/48892#Catalysis852,3790
3390,3262|3263|4544,5693|5694|5695|5696,3,4,http://www.reactome.org/biopax/96/48892#BiochemicalReaction5890,1,http://www.reactome.org/biopax/96/48892#Catalysis3494,3791
3391,5246|9161|10177,9563|10138,3,2,http://www.reactome.org/biopax/96/48892#BiochemicalReaction4411,1,http://www.reactome.org/biopax/96/48892#Catalysis2590,3792
3392,2161|8333|8622,8332|8631,3,2,http://www.reactome.org/biopax/96/48892#BiochemicalReaction3539,1,http://www.reactome.org/biopax/96/48892#Catalysis1774,3793
3393,2816|2823|2830,2841,3,1,http://www.reactome.org/biopax/96/48892#BiochemicalReaction405,1,http://www.reactome.org/biopax/96/48892#Control72,3794
3394,1608|7876,1145|7877,2,2,http://www.reactome.org/biopax/96/48892#BiochemicalReaction215,-1,http://www.reactome.org/biopax/96/48892#Control39,3795
3395,1189|8918,1190|5337,2,2,http://www.reactome.org/biopax/96/48892#BiochemicalReaction1328,1,http://www.reactome.org/biopax/96/48892#Catalysis638,3796
3396,2312|10217|10233,8099|10091|10228,3,3,http://www.reactome.org/biopax/96/48892#BiochemicalReaction3952,1,http://www.reactome.org/biopax/96/48892#Catalysis2163,3798
3397,7161|9834|10177,9837|9838,3,2,http://www.reactome.org/biopax/96/48892#BiochemicalReaction1001,1,http://www.reactome.org/biopax/96/48892#Catalysis365,3799
3398,4941|8290|8293,8287|8294,3,2,http://www.reactome.org/biopax/96/48892#BiochemicalReaction3468,1,http://www.reactome.org/biopax/96/48892#Catalysis1706,3800
3399,3496|3497|10177,3498|10159,3,2,http://www.reactome.org/biopax/96/48892#BiochemicalReaction6469,1,http://www.reactome.org/biopax/96/48892#Catalysis3739,3801
3400,3916|5953|6210,6209|6820,3,2,http://www.reactome.org/biopax/96/48892#BiochemicalReaction7448,1,http://www.reactome.org/biopax/96/48892#Catalysis4067,3802
3401,7192|9706|10027,10026|10028,3,2,http://www.reactome.org/biopax/96/48892#BiochemicalReaction1039,1,http://www.reactome.org/biopax/96/48892#Control175,3803
3402,3981|7986|9841|9869|10177,7943|9236|9428|9847|9871,5,5,http://www.reactome.org/biopax/96/48892#BiochemicalReaction7676,1,http://www.reactome.org/biopax/96/48892#Catalysis4143,3804
3403,2028|8573|10177,8057|10159,3,2,http://www.reactome.org/biopax/96/48892#BiochemicalReaction3098,1,http://www.reactome.org/biopax/96/48892#Catalysis1347,3805
3404,2075|8060|8062,8063,3,1,http://www.reactome.org/biopax/96/48892#BiochemicalReaction3253,1,http://www.reactome.org/biopax/96/48892#Catalysis1493,3807
3405,2411|7943|8911|10177,8912|9563|9635,4,3,http://www.reactome.org/biopax/96/48892#BiochemicalReaction4131,1,http://www.reactome.org/biopax/96/48892#Catalysis2317,3808
3406,1420|4398|10177,10145|10147|10148,3,3,http://www.reactome.org/biopax/96/48892#BiochemicalReaction1732,1,http://www.reactome.org/biopax/96/48892#Catalysis828,3809
3407,4497|7991|8029|9480|9582,8031|9393|9502,5,3,http://www.reactome.org/biopax/96/48892#BiochemicalReaction4597,1,http://www.reactome.org/biopax/96/48892#Catalysis2772,3810
3408,3654|6024|6025,3653,3,1,http://www.reactome.org/biopax/96/48892#BiochemicalReaction6795,-1,http://www.reactome.org/biopax/96/48892#Control847,3811
3409,3393|3395|5838|8918,3394|8643,4,2,http://www.reactome.org/biopax/96/48892#BiochemicalReaction6326,1,http://www.reactome.org/biopax/96/48892#Catalysis3653,3812
3410,941|8777|9439,8738,3,1,http://www.reactome.org/biopax/96/48892#BiochemicalReaction871,1,http://www.reactome.org/biopax/96/48892#Catalysis288,3813
3411,2646|8029|9410|9480|9582,8031|9411|9502,5,3,http://www.reactome.org/biopax/96/48892#BiochemicalReaction4608,1,http://www.reactome.org/biopax/96/48892#Catalysis2783,3814
3412,6253|9857|10109,8555|9858,3,2,http://www.reactome.org/biopax/96/48892#BiochemicalReaction7652,1,http://www.reactome.org/biopax/96/48892#Catalysis4131,3815
3413,2345|5118|8472|10091,5124|8739|9439,4,3,http://www.reactome.org/biopax/96/48892#BiochemicalReaction3989,1,http://www.reactome.org/biopax/96/48892#Catalysis2182,3816
3414,1958|10236,10237,2,1,http://www.reactome.org/biopax/96/48892#BiochemicalReaction2912,1,http://www.reactome.org/biopax/96/48892#Catalysis1174,3817
3415,1476|1484|7504,1493,3,1,http://www.reactome.org/biopax/96/48892#BiochemicalReaction1902,-1,http://www.reactome.org/biopax/96/48892#Control267,3818
3416,919|7005,920,2,1,http://www.reactome.org/biopax/96/48892#BiochemicalReaction843,1,http://www.reactome.org/biopax/96/48892#Control126,3820
3417,1449|1519,1451,2,1,http://www.reactome.org/biopax/96/48892#BiochemicalReaction2034,1,http://www.reactome.org/biopax/96/48892#Control281,3821
3418,644|6644,643|5466,2,2,http://www.reactome.org/biopax/96/48892#BiochemicalReaction9664,1,http://www.reactome.org/biopax/96/48892#Control1254,3822
3419,1578|8046|10177,8057|10140,3,2,http://www.reactome.org/biopax/96/48892#BiochemicalReaction2133,1,http://www.reactome.org/biopax/96/48892#Catalysis941,3823
3420,3406|8622,3407|8631,2,2,http://www.reactome.org/biopax/96/48892#BiochemicalReaction6342,1,http://www.reactome.org/biopax/96/48892#Catalysis3662,3824
3421,2262|5090,2263,2,1,http://www.reactome.org/biopax/96/48892#BiochemicalReaction3895,1,http://www.reactome.org/biopax/96/48892#Catalysis2110,3825
3422,2084|8094|8126,8095|8128,3,2,http://www.reactome.org/biopax/96/48892#BiochemicalReaction3305,1,http://www.reactome.org/biopax/96/48892#Catalysis1545,3826
3423,2053|9480|10175,7988,3,1,http://www.reactome.org/biopax/96/48892#BiochemicalReaction3191,1,http://www.reactome.org/biopax/96/48892#Catalysis1434,3827
3424,5285|9294|9849,9295|9704,3,2,http://www.reactome.org/biopax/96/48892#BiochemicalReaction4534,1,http://www.reactome.org/biopax/96/48892#Catalysis2711,3828
3425,2071|8647|10298,8648|10258,3,2,http://www.reactome.org/biopax/96/48892#BiochemicalReaction3818,1,http://www.reactome.org/biopax/96/48892#Catalysis2039,3830
3426,2380|7986|8824,7943|8067|8825,3,3,http://www.reactome.org/biopax/96/48892#BiochemicalReaction4067,1,http://www.reactome.org/biopax/96/48892#Catalysis2253,3831
3427,2445,5183|5184|8976,1,3,http://www.reactome.org/biopax/96/48892#BiochemicalReaction4198,1,http://www.reactome.org/biopax/96/48892#Catalysis2384,3832
3428,5673|6341|8923,6915|8930|8931,3,3,http://www.reactome.org/biopax/96/48892#BiochemicalReaction8020,1,http://www.reactome.org/biopax/96/48892#Catalysis4308,3833
3429,1354|4098|7986,4099|8067,3,2,http://www.reactome.org/biopax/96/48892#BiochemicalReaction7966,1,http://www.reactome.org/biopax/96/48892#Catalysis4293,3834
3430,2388|7943|10258|10319,8767|9563|10298,4,3,http://www.reactome.org/biopax/96/48892#BiochemicalReaction4078,1,http://www.reactome.org/biopax/96/48892#Catalysis2264,3835
3431,4002|4005|8622,4004|8631,3,2,http://www.reactome.org/biopax/96/48892#BiochemicalReaction7785,1,http://www.reactome.org/biopax/96/48892#Catalysis4220,3836
3432,651|6645,642|652|5466|6634,2,4,http://www.reactome.org/biopax/96/48892#BiochemicalReaction9672,-1,http://www.reactome.org/biopax/96/48892#Control1257,3837
3433,1074|4113|7338,6820|7339,3,2,http://www.reactome.org/biopax/96/48892#BiochemicalReaction1156,1,http://www.reactome.org/biopax/96/48892#Catalysis486,3838
3434,4112|5772|7986,6352|8067,3,2,http://www.reactome.org/biopax/96/48892#BiochemicalReaction8069,1,http://www.reactome.org/biopax/96/48892#Catalysis4319,3839
3435,3220|8622,3222|8631|8643,2,3,http://www.reactome.org/biopax/96/48892#BiochemicalReaction5775,1,http://www.reactome.org/biopax/96/48892#Catalysis3456,3840
3436,1450|1515|7986,1449|7778|8067,3,3,http://www.reactome.org/biopax/96/48892#BiochemicalReaction2026,1,http://www.reactome.org/biopax/96/48892#Catalysis899,3841
3437,2418|8386|8933,8555|8934|10051,3,3,http://www.reactome.org/biopax/96/48892#BiochemicalReaction4146,1,http://www.reactome.org/biopax/96/48892#Catalysis2332,3842
3438,1603|2858,1604|5466,2,2,http://www.reactome.org/biopax/96/48892#BiochemicalReaction2176,1,http://www.reactome.org/biopax/96/48892#Catalysis960,3844
3439,2111|8386|10174,8221|8225,3,2,http://www.reactome.org/biopax/96/48892#BiochemicalReaction3374,1,http://www.reactome.org/biopax/96/48892#Catalysis1612,3845
3440,5794|7810|8622,7811|8631,3,2,http://www.reactome.org/biopax/96/48892#BiochemicalReaction1844,1,http://www.reactome.org/biopax/96/48892#Catalysis863,3846
3441,5794|5929|8622,5817|8631,3,2,http://www.reactome.org/biopax/96/48892#BiochemicalReaction473,1,http://www.reactome.org/biopax/96/48892#Catalysis163,3849
3442,54|149,94|10159,2,2,http://www.reactome.org/biopax/96/48892#BiochemicalReaction58,1,http://www.reactome.org/biopax/96/48892#Catalysis27,3850
3443,3894|4658|7986,3896|8067,3,2,http://www.reactome.org/biopax/96/48892#BiochemicalReaction587,1,http://www.reactome.org/biopax/96/48892#Catalysis199,3851
3444,1464|5466,1340|1461,2,2,http://www.reactome.org/biopax/96/48892#BiochemicalReaction1838,1,http://www.reactome.org/biopax/96/48892#Catalysis858,3853
3445,1906|10215,10216,2,1,http://www.reactome.org/biopax/96/48892#BiochemicalReaction2817,1,http://www.reactome.org/biopax/96/48892#Catalysis1131,3855
3446,2326|8099|8741|10091,8739|8742|10217,4,3,http://www.reactome.org/biopax/96/48892#BiochemicalReaction3974,1,http://www.reactome.org/biopax/96/48892#Catalysis2171,3856
3447,2928|10177,8386,2,1,http://www.reactome.org/biopax/96/48892#BiochemicalReaction5307,1,http://www.reactome.org/biopax/96/48892#Catalysis3212,3858
3448,2927|8067|8720,7986|8600,3,2,http://www.reactome.org/biopax/96/48892#BiochemicalReaction5296,1,http://www.reactome.org/biopax/96/48892#Catalysis3202,3859
3449,4899|4917|10123,2123,3,1,http://www.reactome.org/biopax/96/48892#BiochemicalReaction3405,1,http://www.reactome.org/biopax/96/48892#Catalysis1643,3860
3450,4871|8148|10177,7943|8150|9704,3,3,http://www.reactome.org/biopax/96/48892#BiochemicalReaction3317,1,http://www.reactome.org/biopax/96/48892#Control403,3861
3451,3250|3251|9480|9805,3253|9469|9806,4,3,http://www.reactome.org/biopax/96/48892#BiochemicalReaction5842,1,http://www.reactome.org/biopax/96/48892#Catalysis3484,3862
3452,1291|3989,7680|8164,2,2,http://www.reactome.org/biopax/96/48892#BiochemicalReaction7754,1,http://www.reactome.org/biopax/96/48892#Catalysis4210,3863
3453,1109|8918,1111|4390|7494,2,3,http://www.reactome.org/biopax/96/48892#BiochemicalReaction1271,1,http://www.reactome.org/biopax/96/48892#Catalysis594,3864
3454,4752|4754|9630,4753|9632|10070,3,3,http://www.reactome.org/biopax/96/48892#BiochemicalReaction3026,1,http://www.reactome.org/biopax/96/48892#Catalysis1283,3865
3455,1628|8386,1629|10182,2,2,http://www.reactome.org/biopax/96/48892#BiochemicalReaction2231,1,http://www.reactome.org/biopax/96/48892#Catalysis974,3866
3456,2392|7986|8855,7943|8067|8857,3,3,http://www.reactome.org/biopax/96/48892#BiochemicalReaction4085,1,http://www.reactome.org/biopax/96/48892#Catalysis2271,3867
3457,32|7986,33|8067,2,2,http://www.reactome.org/biopax/96/48892#BiochemicalReaction8262,1,http://www.reactome.org/biopax/96/48892#Catalysis4398,3868
3458,1497,1455|1498,1,2,http://www.reactome.org/biopax/96/48892#BiochemicalReaction1906,1,http://www.reactome.org/biopax/96/48892#Catalysis877,3870
3459,2831|2832|2835|5419|5420|5421|5422|7986,2833|2834|5423|5424|5425|5426|8067|10159,8,8,http://www.reactome.org/biopax/96/48892#BiochemicalReaction5003,1,http://www.reactome.org/biopax/96/48892#Catalysis2994,3871
3460,2106|7943|9538|10240,8208|9513,4,2,http://www.reactome.org/biopax/96/48892#BiochemicalReaction3362,1,http://www.reactome.org/biopax/96/48892#Catalysis1600,3872
3461,1539|5936|7986,1540|8067,3,2,http://www.reactome.org/biopax/96/48892#BiochemicalReaction2070,1,http://www.reactome.org/biopax/96/48892#Catalysis910,3873
3462,3024,3023|9791,1,2,http://www.reactome.org/biopax/96/48892#BiochemicalReaction5552,1,http://www.reactome.org/biopax/96/48892#Catalysis3341,3874
3463,3564|4244,4859,2,1,http://www.reactome.org/biopax/96/48892#BiochemicalReaction7385,1,http://www.reactome.org/biopax/96/48892#Control910,3875
3464,7497|7712|7986,6406|8067,3,2,http://www.reactome.org/biopax/96/48892#BiochemicalReaction8497,1,http://www.reactome.org/biopax/96/48892#Catalysis4499,3877
3465,3056|5611|8918,3051|9798,3,2,http://www.reactome.org/biopax/96/48892#BiochemicalReaction5598,1,http://www.reactome.org/biopax/96/48892#Catalysis3370,3878
3466,2003|4421|9973,10288|10289,3,2,http://www.reactome.org/biopax/96/48892#BiochemicalReaction2987,1,http://www.reactome.org/biopax/96/48892#Catalysis1246,3879
3467,4941|8289|8290,8287|8291,3,2,http://www.reactome.org/biopax/96/48892#BiochemicalReaction3466,1,http://www.reactome.org/biopax/96/48892#Catalysis1704,3880
3468,2411|7943|8914|10177,8915|9563|9635,4,3,http://www.reactome.org/biopax/96/48892#BiochemicalReaction4134,1,http://www.reactome.org/biopax/96/48892#Catalysis2320,3882
3469,2525|7943|9089|10258,9090|10298,4,2,http://www.reactome.org/biopax/96/48892#BiochemicalReaction4329,1,http://www.reactome.org/biopax/96/48892#Catalysis2508,3883
3470,4170|7986,4171|8067,2,2,http://www.reactome.org/biopax/96/48892#BiochemicalReaction8155,1,http://www.reactome.org/biopax/96/48892#Catalysis4352,3884
3471,5251|9192,5252|10226,2,2,http://www.reactome.org/biopax/96/48892#BiochemicalReaction4442,1,http://www.reactome.org/biopax/96/48892#Catalysis2621,3886
3472,1693|4604,1695|4602|7746,2,3,http://www.reactome.org/biopax/96/48892#BiochemicalReaction2344,1,http://www.reactome.org/biopax/96/48892#Catalysis1023,3888
3473,1633|10191|10258,7943|10192|10298,3,3,http://www.reactome.org/biopax/96/48892#BiochemicalReaction2250,1,http://www.reactome.org/biopax/96/48892#Catalysis977,3890
3474,1979|7943|8067|9898,7986|9995,4,2,http://www.reactome.org/biopax/96/48892#BiochemicalReaction2944,1,http://www.reactome.org/biopax/96/48892#Catalysis1204,3891
3475,2596|8059|8062|9215,8061|9213|9216,4,3,http://www.reactome.org/biopax/96/48892#BiochemicalReaction4463,1,http://www.reactome.org/biopax/96/48892#Catalysis2642,3892
3476,7273|7732|10053,7733|10055,3,2,http://www.reactome.org/biopax/96/48892#BiochemicalReaction1658,1,http://www.reactome.org/biopax/96/48892#Catalysis799,3893
3477,1688|4600|8918,4599|8643,3,2,http://www.reactome.org/biopax/96/48892#BiochemicalReaction2333,1,http://www.reactome.org/biopax/96/48892#Catalysis1017,3894
3478,5148|7986|8792,8067|8793,3,2,http://www.reactome.org/biopax/96/48892#BiochemicalReaction4034,1,http://www.reactome.org/biopax/96/48892#Catalysis2220,3895
3479,2315|2329,2318|2330|5121,2,3,http://www.reactome.org/biopax/96/48892#BiochemicalReaction3979,1,http://www.reactome.org/biopax/96/48892#Catalysis2176,3896
3480,2210|8555|8992,7943|8722,3,2,http://www.reactome.org/biopax/96/48892#BiochemicalReaction5214,1,http://www.reactome.org/biopax/96/48892#Catalysis3126,3897
3481,3888|6134|9245,6180|9256,3,2,http://www.reactome.org/biopax/96/48892#BiochemicalReaction7317,1,http://www.reactome.org/biopax/96/48892#Control903,3899
3482,1180|4393|4405,1178,3,1,http://www.reactome.org/biopax/96/48892#BiochemicalReaction1999,1,http://www.reactome.org/biopax/96/48892#Catalysis895,3900
3483,2443|4472|7943|9513,2444|9538,4,2,http://www.reactome.org/biopax/96/48892#BiochemicalReaction4191,1,http://www.reactome.org/biopax/96/48892#Catalysis2377,3901
3484,5801|5806|8622,5805|8631,3,2,http://www.reactome.org/biopax/96/48892#BiochemicalReaction6251,1,http://www.reactome.org/biopax/96/48892#Catalysis3618,3902
3485,5245|8265,9158,2,1,http://www.reactome.org/biopax/96/48892#BiochemicalReaction4405,1,http://www.reactome.org/biopax/96/48892#Catalysis2584,3903
3486,1069|7374,6820|7375,2,2,http://www.reactome.org/biopax/96/48892#BiochemicalReaction1176,1,http://www.reactome.org/biopax/96/48892#Catalysis506,3904
3487,1368|1369|5466,1371,3,1,http://www.reactome.org/biopax/96/48892#BiochemicalReaction1640,1,http://www.reactome.org/biopax/96/48892#Catalysis786,3905
3488,5622|5635|8622,5636|8631,3,2,http://www.reactome.org/biopax/96/48892#BiochemicalReaction5685,1,http://www.reactome.org/biopax/96/48892#Catalysis3414,3906
3489,1278|8720|9439,1276|8600|8738,3,3,http://www.reactome.org/biopax/96/48892#BiochemicalReaction1519,1,http://www.reactome.org/biopax/96/48892#Catalysis732,3907
3490,5943|6849|7986,5944|8067,3,2,http://www.reactome.org/biopax/96/48892#BiochemicalReaction6596,1,http://www.reactome.org/biopax/96/48892#Catalysis3788,3908
3491,2011|4760|9973,4743|10316,3,2,http://www.reactome.org/biopax/96/48892#BiochemicalReaction3035,1,http://www.reactome.org/biopax/96/48892#Catalysis1287,3909
3492,3297|4246,6198,2,1,http://www.reactome.org/biopax/96/48892#BiochemicalReaction7413,1,http://www.reactome.org/biopax/96/48892#Control925,3910
3493,3218|8918,3219|5337,2,2,http://www.reactome.org/biopax/96/48892#BiochemicalReaction5773,1,http://www.reactome.org/biopax/96/48892#Catalysis3454,3911
3494,410|2858,5466|6464,2,2,http://www.reactome.org/biopax/96/48892#BiochemicalReaction9064,1,http://www.reactome.org/biopax/96/48892#Catalysis4643,3912
3495,885|886|8918,890|9074,3,2,http://www.reactome.org/biopax/96/48892#BiochemicalReaction801,1,http://www.reactome.org/biopax/96/48892#Catalysis256,3913
3496,4695|7943|8067|9898,7986|9995,4,2,http://www.reactome.org/biopax/96/48892#BiochemicalReaction2944,-1,http://www.reactome.org/biopax/96/48892#Control376,3914
3497,5371|7712|7986,5997|8067,3,2,http://www.reactome.org/biopax/96/48892#BiochemicalReaction6715,1,http://www.reactome.org/biopax/96/48892#Catalysis3816,3915
3498,714|5352|7986,715|8067,3,2,http://www.reactome.org/biopax/96/48892#BiochemicalReaction9837,1,http://www.reactome.org/biopax/96/48892#Catalysis4933,3916
3499,63|4246,6198,2,1,http://www.reactome.org/biopax/96/48892#BiochemicalReaction7413,-1,http://www.reactome.org/biopax/96/48892#Control927,3917
3500,4879|8069|8181,8065|8185,3,2,http://www.reactome.org/biopax/96/48892#BiochemicalReaction3335,1,http://www.reactome.org/biopax/96/48892#Catalysis1573,3918
3501,2377|7943|8795|10177,8807|9563,4,2,http://www.reactome.org/biopax/96/48892#BiochemicalReaction4064,1,http://www.reactome.org/biopax/96/48892#Catalysis2250,3919
3502,1667|7986,1670|8067,2,2,http://www.reactome.org/biopax/96/48892#BiochemicalReaction2303,1,http://www.reactome.org/biopax/96/48892#Catalysis1005,3920
3503,42|7986,43|8067,2,2,http://www.reactome.org/biopax/96/48892#BiochemicalReaction8285,1,http://www.reactome.org/biopax/96/48892#Catalysis4407,3921
3504,1023|7943|10003|10258,10004|10298,4,2,http://www.reactome.org/biopax/96/48892#BiochemicalReaction1029,1,http://www.reactome.org/biopax/96/48892#Catalysis393,3922
3505,5904|5914|10177,5466|5908,3,2,http://www.reactome.org/biopax/96/48892#BiochemicalReaction488,1,http://www.reactome.org/biopax/96/48892#Catalysis169,3923
3506,4889|8211|8212,8210|9704,3,2,http://www.reactome.org/biopax/96/48892#BiochemicalReaction3356,1,http://www.reactome.org/biopax/96/48892#Catalysis1594,3924
3507,2704|2709|5320,2715,3,1,http://www.reactome.org/biopax/96/48892#BiochemicalReaction391,1,http://www.reactome.org/biopax/96/48892#Control71,3925
3508,3947|6242|10090,3948,3,1,http://www.reactome.org/biopax/96/48892#BiochemicalReaction7582,1,http://www.reactome.org/biopax/96/48892#Control970,3926
3509,470|9042|9513,7943|9044|9538,3,3,http://www.reactome.org/biopax/96/48892#BiochemicalReaction9195,1,http://www.reactome.org/biopax/96/48892#Catalysis4699,3927
3510,4900|8208|8211,8218|9704,3,2,http://www.reactome.org/biopax/96/48892#BiochemicalReaction3368,1,http://www.reactome.org/biopax/96/48892#Catalysis1606,3928
3511,6676|7986|10349,6686|8067,3,2,http://www.reactome.org/biopax/96/48892#BiochemicalReaction9903,-1,http://www.reactome.org/biopax/96/48892#Control1306,3929
3512,1522|1524|7986,1523|7820|8067,3,3,http://www.reactome.org/biopax/96/48892#BiochemicalReaction2040,-1,http://www.reactome.org/biopax/96/48892#Control283,3930
3513,2586|9189|10269,7943|9083,3,2,http://www.reactome.org/biopax/96/48892#BiochemicalReaction4437,1,http://www.reactome.org/biopax/96/48892#Catalysis2616,3931
3514,4701|9866|10264,9874|10265,3,2,http://www.reactome.org/biopax/96/48892#BiochemicalReaction2957,1,http://www.reactome.org/biopax/96/48892#Catalysis1217,3933
3515,5466|7753,185,2,1,http://www.reactome.org/biopax/96/48892#BiochemicalReaction8496,1,http://www.reactome.org/biopax/96/48892#Catalysis4498,3934
3516,4113|6813,6820|7458,2,2,http://www.reactome.org/biopax/96/48892#BiochemicalReaction1238,1,http://www.reactome.org/biopax/96/48892#Catalysis567,3935
3517,4113|6824,6820|7347,2,2,http://www.reactome.org/biopax/96/48892#BiochemicalReaction1162,1,http://www.reactome.org/biopax/96/48892#Catalysis492,3936
3518,3991|7513|9633|10269,7583|9634|9635,4,3,http://www.reactome.org/biopax/96/48892#BiochemicalReaction7766,1,http://www.reactome.org/biopax/96/48892#Catalysis4212,3937
3519,569|6583|8164,550|10157,3,2,http://www.reactome.org/biopax/96/48892#BiochemicalReaction9441,1,http://www.reactome.org/biopax/96/48892#Catalysis4800,3938
3520,658|6270,6741,2,1,http://www.reactome.org/biopax/96/48892#BiochemicalReaction9999,1,http://www.reactome.org/biopax/96/48892#Catalysis4997,3939
3521,992|4368|9570,4369|9582|9588|9593,3,4,http://www.reactome.org/biopax/96/48892#BiochemicalReaction964,-1,http://www.reactome.org/biopax/96/48892#Control171,3940
3522,2012|7846,4760,2,1,http://www.reactome.org/biopax/96/48892#BiochemicalReaction3034,-1,http://www.reactome.org/biopax/96/48892#Control390,3941
3523,3168|9836,10128,2,1,http://www.reactome.org/biopax/96/48892#BiochemicalReaction5262,1,http://www.reactome.org/biopax/96/48892#Catalysis3172,3942
3524,4113|7002,6820|7428,2,2,http://www.reactome.org/biopax/96/48892#BiochemicalReaction1214,1,http://www.reactome.org/biopax/96/48892#Catalysis544,3943
3525,1762|7986,1763|8067,2,2,http://www.reactome.org/biopax/96/48892#BiochemicalReaction2518,1,http://www.reactome.org/biopax/96/48892#Catalysis1067,3944
3526,4831|7993,7995,2,1,http://www.reactome.org/biopax/96/48892#BiochemicalReaction3199,1,http://www.reactome.org/biopax/96/48892#Catalysis1440,3945
3527,2546|8386|9014|10286,8555|9430|9431|10201,4,4,http://www.reactome.org/biopax/96/48892#BiochemicalReaction4625,1,http://www.reactome.org/biopax/96/48892#Catalysis2798,3946
3528,5034|7974|8471|8472|10091,7976|8473|9439,5,3,http://www.reactome.org/biopax/96/48892#BiochemicalReaction3662,1,http://www.reactome.org/biopax/96/48892#Catalysis1890,3947
3529,421|5466|6465,6466,3,1,http://www.reactome.org/biopax/96/48892#BiochemicalReaction9091,1,http://www.reactome.org/biopax/96/48892#Catalysis4652,3948
3530,9973|10339|10341,10287|10340,3,2,http://www.reactome.org/biopax/96/48892#BiochemicalReaction3068,-1,http://www.reactome.org/biopax/96/48892#Control391,3949
3531,3982|9880|10177,9428|9878,3,2,http://www.reactome.org/biopax/96/48892#BiochemicalReaction7681,1,http://www.reactome.org/biopax/96/48892#Catalysis4148,3950
3532,2841|8654,2825|2844,2,2,http://www.reactome.org/biopax/96/48892#BiochemicalReaction407,1,http://www.reactome.org/biopax/96/48892#Catalysis135,3951
3533,4587|6794,6792|6793,2,2,http://www.reactome.org/biopax/96/48892#BiochemicalReaction10065,1,http://www.reactome.org/biopax/96/48892#Catalysis5033,3952
3534,5164|8875|10177,7943|8876|10159,3,3,http://www.reactome.org/biopax/96/48892#BiochemicalReaction4106,1,http://www.reactome.org/biopax/96/48892#Catalysis2292,3953
3535,970|1896,1897|6857|6858|6859|6860|7752,2,6,http://www.reactome.org/biopax/96/48892#BiochemicalReaction2794,1,http://www.reactome.org/biopax/96/48892#Catalysis1124,3954
3536,1145|1542,1552|1554|7764|7765,2,4,http://www.reactome.org/biopax/96/48892#BiochemicalReaction225,1,http://www.reactome.org/biopax/96/48892#Catalysis95,3955
3537,2014|9973|10329,10305|10331,3,2,http://www.reactome.org/biopax/96/48892#BiochemicalReaction3062,1,http://www.reactome.org/biopax/96/48892#Catalysis1311,3956
3538,1849,1842|1852,1,2,http://www.reactome.org/biopax/96/48892#BiochemicalReaction283,1,http://www.reactome.org/biopax/96/48892#Catalysis113,3957
3539,6010|7068,5669,2,1,http://www.reactome.org/biopax/96/48892#BiochemicalReaction7409,-1,http://www.reactome.org/biopax/96/48892#Control918,3958
3540,2480|7976|9031|9439,7974|9021|9367|10091,4,4,http://www.reactome.org/biopax/96/48892#BiochemicalReaction4263,1,http://www.reactome.org/biopax/96/48892#Catalysis2446,3959
3541,912|914,868|912|6975|6977|6993|6999|7000|7001,2,8,http://www.reactome.org/biopax/96/48892#BiochemicalReaction840,1,http://www.reactome.org/biopax/96/48892#Control117,3960
3542,3057|3089|3091,3090,3,1,http://www.reactome.org/biopax/96/48892#BiochemicalReaction5636,1,http://www.reactome.org/biopax/96/48892#Control707,3961
3543,5404|8555|9705|10109|10134,7943|9707|10113|10133,5,4,http://www.reactome.org/biopax/96/48892#BiochemicalReaction5255,1,http://www.reactome.org/biopax/96/48892#Catalysis3167,3962
3544,6134|6169|9245,6157|9256,3,2,http://www.reactome.org/biopax/96/48892#BiochemicalReaction7301,1,http://www.reactome.org/biopax/96/48892#Catalysis4014,3963
3545,865|4015,4016,2,1,http://www.reactome.org/biopax/96/48892#BiochemicalReaction7802,1,http://www.reactome.org/biopax/96/48892#Catalysis4229,3964
3546,1338|2762,1342,2,1,http://www.reactome.org/biopax/96/48892#BiochemicalReaction4855,1,http://www.reactome.org/biopax/96/48892#Control597,3965
3547,4853|8029|8051|8053,7982|8031|8054|9469|9502,4,5,http://www.reactome.org/biopax/96/48892#BiochemicalReaction3249,1,http://www.reactome.org/biopax/96/48892#Catalysis1489,3966
3548,5302|8029|9399|9480|9582,8031|9400|9502,5,3,http://www.reactome.org/biopax/96/48892#BiochemicalReaction4600,1,http://www.reactome.org/biopax/96/48892#Catalysis2775,3967
3549,4417|4708,4417|4418,2,2,http://www.reactome.org/biopax/96/48892#BiochemicalReaction2981,1,http://www.reactome.org/biopax/96/48892#Catalysis1241,3968
3550,3097|5981|7986,5982|8067,3,2,http://www.reactome.org/biopax/96/48892#BiochemicalReaction6672,1,http://www.reactome.org/biopax/96/48892#Catalysis3800,3969
3551,6982|6984|8622,6983|8631,3,2,http://www.reactome.org/biopax/96/48892#BiochemicalReaction821,1,http://www.reactome.org/biopax/96/48892#Catalysis263,3970
3552,583|5692|7986,584|8067,3,2,http://www.reactome.org/biopax/96/48892#BiochemicalReaction9498,1,http://www.reactome.org/biopax/96/48892#Catalysis4816,3971
3553,2623|8555|9014|9282,9283|10201,4,2,http://www.reactome.org/biopax/96/48892#BiochemicalReaction4522,1,http://www.reactome.org/biopax/96/48892#Catalysis2699,3972
3554,6011|6140|8622,6536|8631,3,2,http://www.reactome.org/biopax/96/48892#BiochemicalReaction9370,1,http://www.reactome.org/biopax/96/48892#Catalysis4762,3973
3555,254|7986,255|8067,2,2,http://www.reactome.org/biopax/96/48892#BiochemicalReaction8600,1,http://www.reactome.org/biopax/96/48892#Catalysis4537,3975
3556,7786|7861|7986,7789|8067,3,2,http://www.reactome.org/biopax/96/48892#BiochemicalReaction2129,1,http://www.reactome.org/biopax/96/48892#Catalysis937,3976
3557,8164|8757|8767|10319,8783|10157|10159,4,3,http://www.reactome.org/biopax/96/48892#BiochemicalReaction5528,-1,http://www.reactome.org/biopax/96/48892#Control701,3977
3558,4929|8211|8268,8266|9704,3,2,http://www.reactome.org/biopax/96/48892#BiochemicalReaction3441,1,http://www.reactome.org/biopax/96/48892#Catalysis1679,3978
3559,4113|7322|7462,6820|7463,3,2,http://www.reactome.org/biopax/96/48892#BiochemicalReaction1241,1,http://www.reactome.org/biopax/96/48892#Catalysis570,3979
3560,3666|9245,3667|9256,2,2,http://www.reactome.org/biopax/96/48892#BiochemicalReaction6809,1,http://www.reactome.org/biopax/96/48892#Catalysis3862,3980
3561,4933|8211|8274,9660|9704,3,2,http://www.reactome.org/biopax/96/48892#BiochemicalReaction3450,1,http://www.reactome.org/biopax/96/48892#Catalysis1688,3981
3562,1689|7986,1690|8067,2,2,http://www.reactome.org/biopax/96/48892#BiochemicalReaction2335,1,http://www.reactome.org/biopax/96/48892#Catalysis1018,3982
3563,6788|7824|9653,6787|9670,3,2,http://www.reactome.org/biopax/96/48892#BiochemicalReaction10052,1,http://www.reactome.org/biopax/96/48892#Catalysis5028,3983
3564,1335|1450|7986,1449|7778|8067,3,3,http://www.reactome.org/biopax/96/48892#BiochemicalReaction1815,1,http://www.reactome.org/biopax/96/48892#Catalysis847,3984
3565,4113|5951,6190|6820,2,2,http://www.reactome.org/biopax/96/48892#BiochemicalReaction7359,1,http://www.reactome.org/biopax/96/48892#Catalysis4043,3985
3566,1995|7986|9344,7943|9236|10282,3,3,http://www.reactome.org/biopax/96/48892#BiochemicalReaction2978,1,http://www.reactome.org/biopax/96/48892#Catalysis1238,3986
3567,1918|2305|10217,2304|10218|10220,3,3,http://www.reactome.org/biopax/96/48892#BiochemicalReaction3956,1,http://www.reactome.org/biopax/96/48892#Catalysis2167,3987
3568,2224|8612|9513,7943|8613|9538,3,3,http://www.reactome.org/biopax/96/48892#BiochemicalReaction3786,1,http://www.reactome.org/biopax/96/48892#Catalysis2007,3988
3569,2160|8325|10177,8326|10159,3,2,http://www.reactome.org/biopax/96/48892#BiochemicalReaction3530,1,http://www.reactome.org/biopax/96/48892#Catalysis1766,3989
3570,4764|4766|10071,4765|10055|10070,3,3,http://www.reactome.org/biopax/96/48892#BiochemicalReaction3046,1,http://www.reactome.org/biopax/96/48892#Catalysis1298,3990
3571,5510|9676|9677,7943|9679,3,2,http://www.reactome.org/biopax/96/48892#BiochemicalReaction5226,1,http://www.reactome.org/biopax/96/48892#Catalysis3138,3991
3572,1425|7986,1429|8067,2,2,http://www.reactome.org/biopax/96/48892#BiochemicalReaction167,1,http://www.reactome.org/biopax/96/48892#Catalysis69,3992
3573,4968|8322|10177,8321|10159,3,2,http://www.reactome.org/biopax/96/48892#BiochemicalReaction3522,1,http://www.reactome.org/biopax/96/48892#Catalysis1759,3993
3574,6237|6965|7986,6238|8067,3,2,http://www.reactome.org/biopax/96/48892#BiochemicalReaction7566,1,http://www.reactome.org/biopax/96/48892#Catalysis4102,3994
3575,2738|5813,5337,2,1,http://www.reactome.org/biopax/96/48892#BiochemicalReaction6257,1,http://www.reactome.org/biopax/96/48892#Catalysis3624,3996
3576,399|400,396|967|6105|6458|6459|7524,2,6,http://www.reactome.org/biopax/96/48892#BiochemicalReaction9039,1,http://www.reactome.org/biopax/96/48892#Control1172,3997
3577,2385|7943|8837|10177,8836|8838,4,2,http://www.reactome.org/biopax/96/48892#BiochemicalReaction4073,1,http://www.reactome.org/biopax/96/48892#Catalysis2259,3998
3578,1698|1703|10372,1704,3,1,http://www.reactome.org/biopax/96/48892#BiochemicalReaction228,1,http://www.reactome.org/biopax/96/48892#Control50,3999
3579,484|8404,9968,2,1,http://www.reactome.org/biopax/96/48892#BiochemicalReaction9268,1,http://www.reactome.org/biopax/96/48892#Control1203,4000
3580,2660|9470|10300,9471|10301,3,2,http://www.reactome.org/biopax/96/48892#BiochemicalReaction4648,1,http://www.reactome.org/biopax/96/48892#Catalysis2819,4001
3581,1026|7198|10177,4376|10040,3,2,http://www.reactome.org/biopax/96/48892#BiochemicalReaction1047,1,http://www.reactome.org/biopax/96/48892#Catalysis409,4002
3582,2986|5214,2497|8642|9530,2,3,http://www.reactome.org/biopax/96/48892#BiochemicalReaction5456,1,http://www.reactome.org/biopax/96/48892#Control678,4003
3583,1308|7693|10177,1306|10159,3,2,http://www.reactome.org/biopax/96/48892#BiochemicalReaction1559,1,http://www.reactome.org/biopax/96/48892#Catalysis747,4004
3584,212|217|5963|7210,216,4,1,http://www.reactome.org/biopax/96/48892#BiochemicalReaction8545,-1,http://www.reactome.org/biopax/96/48892#Control1132,4005
3585,6992|9306|10177,9316|10159,3,2,http://www.reactome.org/biopax/96/48892#BiochemicalReaction833,1,http://www.reactome.org/biopax/96/48892#Catalysis270,4006
3586,4873|8065|8156|8157,8155|8158|8159,4,3,http://www.reactome.org/biopax/96/48892#BiochemicalReaction3322,1,http://www.reactome.org/biopax/96/48892#Catalysis1560,4007
3587,5683|6052|8903,6051|8908,3,2,http://www.reactome.org/biopax/96/48892#BiochemicalReaction6877,1,http://www.reactome.org/biopax/96/48892#Catalysis3885,4008
3588,2173|4423|9973,2174|10308,3,2,http://www.reactome.org/biopax/96/48892#BiochemicalReaction3575,1,http://www.reactome.org/biopax/96/48892#Catalysis1807,4009
3589,727|736|10177,728|735|10159,3,3,http://www.reactome.org/biopax/96/48892#BiochemicalReaction9906,1,http://www.reactome.org/biopax/96/48892#Control1310,4010
3590,2050|7978|10177,7940|7943|10212,3,3,http://www.reactome.org/biopax/96/48892#BiochemicalReaction3184,1,http://www.reactome.org/biopax/96/48892#Catalysis1431,4011
3591,4875|8486,8487,2,1,http://www.reactome.org/biopax/96/48892#BiochemicalReaction3673,1,http://www.reactome.org/biopax/96/48892#Catalysis1901,4012
3592,4664|7737|7986,7862|8067,3,2,http://www.reactome.org/biopax/96/48892#BiochemicalReaction2832,1,http://www.reactome.org/biopax/96/48892#Catalysis1138,4014
3593,20|7986,21|8067,2,2,http://www.reactome.org/biopax/96/48892#BiochemicalReaction8248,1,http://www.reactome.org/biopax/96/48892#Catalysis4392,4015
3594,3604|8918,3603|6001|7467|8643,2,4,http://www.reactome.org/biopax/96/48892#BiochemicalReaction6727,1,http://www.reactome.org/biopax/96/48892#Catalysis3824,4016
3595,127|5690|7986,128|8067,3,2,http://www.reactome.org/biopax/96/48892#BiochemicalReaction8407,1,http://www.reactome.org/biopax/96/48892#Catalysis4457,4017
3596,695|6671|7986,3913|8067,3,2,http://www.reactome.org/biopax/96/48892#BiochemicalReaction9866,-1,http://www.reactome.org/biopax/96/48892#Control1302,4018
3597,4873|8065|8156|8174,8155|8158|8175,4,3,http://www.reactome.org/biopax/96/48892#BiochemicalReaction3327,1,http://www.reactome.org/biopax/96/48892#Catalysis1565,4019
3598,3231|5337,3235|3237,2,2,http://www.reactome.org/biopax/96/48892#BiochemicalReaction5801,1,http://www.reactome.org/biopax/96/48892#Catalysis3466,4020
3599,5082|7986|8151|9704,8149|9236|9428,4,3,http://www.reactome.org/biopax/96/48892#BiochemicalReaction3876,1,http://www.reactome.org/biopax/96/48892#Catalysis2096,4021
3600,2918|8555|9654,7943|9657,3,2,http://www.reactome.org/biopax/96/48892#BiochemicalReaction5211,1,http://www.reactome.org/biopax/96/48892#Catalysis3123,4022
3601,1266|9288,9165|9290,2,2,http://www.reactome.org/biopax/96/48892#BiochemicalReaction4529,1,http://www.reactome.org/biopax/96/48892#Control549,4023
3602,4887|8208|9691,8209|9704,3,2,http://www.reactome.org/biopax/96/48892#BiochemicalReaction3354,1,http://www.reactome.org/biopax/96/48892#Catalysis1592,4024
3603,2954|9582|10349,7943|9575,3,2,http://www.reactome.org/biopax/96/48892#BiochemicalReaction5349,1,http://www.reactome.org/biopax/96/48892#Control645,4025
3604,3125|3185|7986,3193|8067,3,2,http://www.reactome.org/biopax/96/48892#BiochemicalReaction447,1,http://www.reactome.org/biopax/96/48892#Catalysis153,4026
3605,1310|1364,1365|9428,2,2,http://www.reactome.org/biopax/96/48892#BiochemicalReaction1635,1,http://www.reactome.org/biopax/96/48892#Catalysis783,4027
3606,3584|8918,5682|5979|5980|8643,2,4,http://www.reactome.org/biopax/96/48892#BiochemicalReaction6670,1,http://www.reactome.org/biopax/96/48892#Catalysis3798,4028
3607,2642|7943|8584|10258|10269,9329|10177|10298,5,3,http://www.reactome.org/biopax/96/48892#BiochemicalReaction4567,1,http://www.reactome.org/biopax/96/48892#Control553,4029
3608,1653,1648|1809,1,2,http://www.reactome.org/biopax/96/48892#BiochemicalReaction2289,1,http://www.reactome.org/biopax/96/48892#Catalysis1001,4030
3609,5499|9650|10109,9651|10113,3,2,http://www.reactome.org/biopax/96/48892#BiochemicalReaction5206,1,http://www.reactome.org/biopax/96/48892#Catalysis3118,4031
3610,4056|8903,4057|8908,2,2,http://www.reactome.org/biopax/96/48892#BiochemicalReaction7878,1,http://www.reactome.org/biopax/96/48892#Catalysis4249,4033
3611,4260|5677,6666,2,1,http://www.reactome.org/biopax/96/48892#BiochemicalReaction9798,1,http://www.reactome.org/biopax/96/48892#Control1276,4034
3612,4717|9643|10008,9737|10319,3,2,http://www.reactome.org/biopax/96/48892#BiochemicalReaction5303,1,http://www.reactome.org/biopax/96/48892#Catalysis3209,4036
3613,1600|7986,1601|8067,2,2,http://www.reactome.org/biopax/96/48892#BiochemicalReaction2173,1,http://www.reactome.org/biopax/96/48892#Catalysis958,4037
3614,5958|6368|8528,4157,3,1,http://www.reactome.org/biopax/96/48892#BiochemicalReaction8139,1,http://www.reactome.org/biopax/96/48892#Control1092,4038
3615,1555|7084|7986,7854|8067,3,2,http://www.reactome.org/biopax/96/48892#BiochemicalReaction2102,1,http://www.reactome.org/biopax/96/48892#Catalysis923,4039
3616,5035|7986|8523|9704,8524|9236|9428|10177,4,4,http://www.reactome.org/biopax/96/48892#BiochemicalReaction3701,1,http://www.reactome.org/biopax/96/48892#Catalysis1929,4041
3617,4941|8287|8291,8289|8290,3,2,http://www.reactome.org/biopax/96/48892#BiochemicalReaction3467,1,http://www.reactome.org/biopax/96/48892#Catalysis1705,4042
3618,4985|7986|8348,7943|8067|8349,3,3,http://www.reactome.org/biopax/96/48892#BiochemicalReaction3551,1,http://www.reactome.org/biopax/96/48892#Catalysis1786,4043
3619,238|7986,239|8067,2,2,http://www.reactome.org/biopax/96/48892#BiochemicalReaction8577,1,http://www.reactome.org/biopax/96/48892#Catalysis4529,4044
3620,1512|10134,10133,2,1,http://www.reactome.org/biopax/96/48892#BiochemicalReaction2006,1,http://www.reactome.org/biopax/96/48892#Catalysis898,4045
3621,61|65|4641,68,3,1,http://www.reactome.org/biopax/96/48892#BiochemicalReaction8318,-1,http://www.reactome.org/biopax/96/48892#Control1112,4046
3622,2076|8084|10130,8085|9704,3,2,http://www.reactome.org/biopax/96/48892#BiochemicalReaction3267,1,http://www.reactome.org/biopax/96/48892#Control397,4047
3623,4610|5991|7986,5992|8067,3,2,http://www.reactome.org/biopax/96/48892#BiochemicalReaction6707,1,http://www.reactome.org/biopax/96/48892#Catalysis3813,4048
3624,7233|10053|10056,4378,3,1,http://www.reactome.org/biopax/96/48892#BiochemicalReaction1089,1,http://www.reactome.org/biopax/96/48892#Catalysis425,4049
3625,1407|7741|7986,1387|8067,3,2,http://www.reactome.org/biopax/96/48892#BiochemicalReaction1693,1,http://www.reactome.org/biopax/96/48892#Catalysis812,4050
3626,2624|9164|9284,9285|9287,3,2,http://www.reactome.org/biopax/96/48892#BiochemicalReaction4524,1,http://www.reactome.org/biopax/96/48892#Catalysis2701,4051
3627,1957|10236,9898|10177,2,2,http://www.reactome.org/biopax/96/48892#BiochemicalReaction2943,1,http://www.reactome.org/biopax/96/48892#Catalysis1203,4052
3628,2929|10177,8386,2,1,http://www.reactome.org/biopax/96/48892#BiochemicalReaction5318,1,http://www.reactome.org/biopax/96/48892#Catalysis3221,4053
3629,3431|7986,3430|3432|8067,2,3,http://www.reactome.org/biopax/96/48892#BiochemicalReaction6380,1,http://www.reactome.org/biopax/96/48892#Catalysis3687,4054
3630,4547|5743,4558,2,1,http://www.reactome.org/biopax/96/48892#BiochemicalReaction5986,1,http://www.reactome.org/biopax/96/48892#Catalysis3537,4055
3631,1555|1558|7986,1559|8067,3,2,http://www.reactome.org/biopax/96/48892#BiochemicalReaction2107,1,http://www.reactome.org/biopax/96/48892#Catalysis925,4057
3632,2104|4579|7986,2118|8067,3,2,http://www.reactome.org/biopax/96/48892#BiochemicalReaction335,1,http://www.reactome.org/biopax/96/48892#Catalysis126,4058
3633,4287|7814|8903,4288|8908,3,2,http://www.reactome.org/biopax/96/48892#BiochemicalReaction7268,1,http://www.reactome.org/biopax/96/48892#Catalysis3984,4059
3634,5180|8968,2436,2,1,http://www.reactome.org/biopax/96/48892#BiochemicalReaction4181,1,http://www.reactome.org/biopax/96/48892#Catalysis2367,4060
3635,5935|6804|8062,6805|6806,3,2,http://www.reactome.org/biopax/96/48892#BiochemicalReaction10107,1,http://www.reactome.org/biopax/96/48892#Catalysis5041,4061
3636,4424|9849|10320,9704|9982|10321,3,3,http://www.reactome.org/biopax/96/48892#BiochemicalReaction3039,1,http://www.reactome.org/biopax/96/48892#Catalysis1291,4062
3637,4888|8165|10177,8210|10159,3,2,http://www.reactome.org/biopax/96/48892#BiochemicalReaction3355,1,http://www.reactome.org/biopax/96/48892#Catalysis1593,4063
3638,4133|6825|7986,6826|8067,3,2,http://www.reactome.org/biopax/96/48892#BiochemicalReaction638,-1,http://www.reactome.org/biopax/96/48892#Control81,4064
3639,5069|7943|10130|10258,8599|9704|10298,4,3,http://www.reactome.org/biopax/96/48892#BiochemicalReaction3779,1,http://www.reactome.org/biopax/96/48892#Catalysis2000,4066
3640,3011|8046|10177,8057|10140,3,2,http://www.reactome.org/biopax/96/48892#BiochemicalReaction5527,1,http://www.reactome.org/biopax/96/48892#Catalysis3326,4068
3641,4465|7974|8472|8566|10091,7976|8568|9439,5,3,http://www.reactome.org/biopax/96/48892#BiochemicalReaction3744,1,http://www.reactome.org/biopax/96/48892#Catalysis1968,4069
3642,2742|8386|9449,8555|8642|9530,3,3,http://www.reactome.org/biopax/96/48892#BiochemicalReaction20,1,http://www.reactome.org/biopax/96/48892#Catalysis4,4070
3643,2354|8739,10091,2,1,http://www.reactome.org/biopax/96/48892#BiochemicalReaction3999,1,http://www.reactome.org/biopax/96/48892#Catalysis2191,4071
3644,1431|10177,3870|10159,2,2,http://www.reactome.org/biopax/96/48892#BiochemicalReaction7221,1,http://www.reactome.org/biopax/96/48892#Catalysis3976,4072
3645,5026|7943|8446|10258|10269,8447|10177|10298,5,3,http://www.reactome.org/biopax/96/48892#BiochemicalReaction3636,1,http://www.reactome.org/biopax/96/48892#Catalysis1866,4073
3646,4184|7866|7986,4185|8067,3,2,http://www.reactome.org/biopax/96/48892#BiochemicalReaction8174,1,http://www.reactome.org/biopax/96/48892#Catalysis4360,4074
3647,6430|10177|10206,9236,3,1,http://www.reactome.org/biopax/96/48892#BiochemicalReaction8924,1,http://www.reactome.org/biopax/96/48892#Catalysis4596,4075
3648,4837|7991,8002|8003,2,2,http://www.reactome.org/biopax/96/48892#BiochemicalReaction3206,1,http://www.reactome.org/biopax/96/48892#Catalysis1447,4076
3649,5444|7986|8848|10177,8067|8464|10159,4,3,http://www.reactome.org/biopax/96/48892#BiochemicalReaction5122,1,http://www.reactome.org/biopax/96/48892#Catalysis3040,4077
3650,717|5352|7986,718|8067,3,2,http://www.reactome.org/biopax/96/48892#BiochemicalReaction9860,1,http://www.reactome.org/biopax/96/48892#Catalysis4938,4078
3651,2568|9160,9563|10138,2,2,http://www.reactome.org/biopax/96/48892#BiochemicalReaction4410,1,http://www.reactome.org/biopax/96/48892#Catalysis2589,4079
3652,1019|9921|9929,8957|9933,3,2,http://www.reactome.org/biopax/96/48892#BiochemicalReaction1015,1,http://www.reactome.org/biopax/96/48892#Catalysis379,4080
3653,771|3347|8622,2850|8631,3,2,http://www.reactome.org/biopax/96/48892#BiochemicalReaction6331,1,http://www.reactome.org/biopax/96/48892#Catalysis3656,4081
3654,2071|8682|10269,8685,3,1,http://www.reactome.org/biopax/96/48892#BiochemicalReaction3848,1,http://www.reactome.org/biopax/96/48892#Catalysis2069,4082
3655,2387|8841|10159,8830|8843,3,2,http://www.reactome.org/biopax/96/48892#BiochemicalReaction4096,1,http://www.reactome.org/biopax/96/48892#Catalysis2282,4084
3656,5030|8449,8461,2,1,http://www.reactome.org/biopax/96/48892#BiochemicalReaction3648,1,http://www.reactome.org/biopax/96/48892#Catalysis1878,4085
3657,1070|7454|7456,6820|7457,3,2,http://www.reactome.org/biopax/96/48892#BiochemicalReaction1237,1,http://www.reactome.org/biopax/96/48892#Catalysis566,4086
3658,2986|5215,2497|8642|9530,2,3,http://www.reactome.org/biopax/96/48892#BiochemicalReaction5456,-1,http://www.reactome.org/biopax/96/48892#Control677,4089
3659,765|3703|8622,3702|8631|8643,3,3,http://www.reactome.org/biopax/96/48892#BiochemicalReaction6909,1,http://www.reactome.org/biopax/96/48892#Catalysis3887,4090
3660,1515|7502|7986,6645|8067,3,2,http://www.reactome.org/biopax/96/48892#BiochemicalReaction9687,1,http://www.reactome.org/biopax/96/48892#Catalysis4895,4091
3661,4838|8651|10298,8652|10258,3,2,http://www.reactome.org/biopax/96/48892#BiochemicalReaction3822,1,http://www.reactome.org/biopax/96/48892#Catalysis2043,4093
3662,4922|8255|10109,8256|10113,3,2,http://www.reactome.org/biopax/96/48892#BiochemicalReaction3416,1,http://www.reactome.org/biopax/96/48892#Catalysis1654,4096
3663,3697|3705|8654,3623|3696|3698|3706|8957,3,5,http://www.reactome.org/biopax/96/48892#BiochemicalReaction6917,1,http://www.reactome.org/biopax/96/48892#Catalysis3892,4097
3664,8600|9091|9439|10232,9092|9093|10091|10231,4,4,http://www.reactome.org/biopax/96/48892#BiochemicalReaction4330,1,http://www.reactome.org/biopax/96/48892#Control530,4098
3665,575|6593|8164,576|10157,3,2,http://www.reactome.org/biopax/96/48892#BiochemicalReaction9470,1,http://www.reactome.org/biopax/96/48892#Catalysis4810,4099
3666,844|7912,7215,2,1,http://www.reactome.org/biopax/96/48892#BiochemicalReaction7050,1,http://www.reactome.org/biopax/96/48892#Control878,4100
3667,5464|8502,8993,2,1,http://www.reactome.org/biopax/96/48892#BiochemicalReaction5156,1,http://www.reactome.org/biopax/96/48892#Catalysis3069,4101
3668,3304|5767|7986,3305|8067,3,2,http://www.reactome.org/biopax/96/48892#BiochemicalReaction6106,1,http://www.reactome.org/biopax/96/48892#Catalysis3572,4102
3669,3354|5857|8622,5858|8631,3,2,http://www.reactome.org/biopax/96/48892#BiochemicalReaction6357,1,http://www.reactome.org/biopax/96/48892#Catalysis3674,4103
3670,2054,2045,1,1,http://www.reactome.org/biopax/96/48892#BiochemicalReaction9298,1,http://www.reactome.org/biopax/96/48892#Catalysis4730,4104
3671,4906|9731|10177,8228|9743,3,2,http://www.reactome.org/biopax/96/48892#BiochemicalReaction3380,1,http://www.reactome.org/biopax/96/48892#Catalysis1618,4105
3672,2608|9223|9439,9086|9229,3,2,http://www.reactome.org/biopax/96/48892#BiochemicalReaction4478,1,http://www.reactome.org/biopax/96/48892#Catalysis2657,4106
3673,2205|7943|8428|10258|10269,8429|10177|10298,5,3,http://www.reactome.org/biopax/96/48892#BiochemicalReaction3624,1,http://www.reactome.org/biopax/96/48892#Catalysis1854,4107
3674,1492|7986,1491|7819|8067,2,3,http://www.reactome.org/biopax/96/48892#BiochemicalReaction1898,1,http://www.reactome.org/biopax/96/48892#Catalysis875,4108
3675,6815|6817|8622,6816|8631,3,2,http://www.reactome.org/biopax/96/48892#BiochemicalReaction632,1,http://www.reactome.org/biopax/96/48892#Catalysis208,4109
3676,312|6425|8088,313,3,1,http://www.reactome.org/biopax/96/48892#BiochemicalReaction8766,-1,http://www.reactome.org/biopax/96/48892#Control1154,4110
3677,3100|3102|8622,3101|8631,3,2,http://www.reactome.org/biopax/96/48892#BiochemicalReaction5648,1,http://www.reactome.org/biopax/96/48892#Catalysis3395,4111
3678,2738|3525,2734|5337,2,2,http://www.reactome.org/biopax/96/48892#BiochemicalReaction6518,1,http://www.reactome.org/biopax/96/48892#Catalysis3763,4112
3679,454|7986,9428|10206,2,2,http://www.reactome.org/biopax/96/48892#BiochemicalReaction9162,1,http://www.reactome.org/biopax/96/48892#Control1186,4114
3680,97|6395|7986,99|8067,3,2,http://www.reactome.org/biopax/96/48892#BiochemicalReaction8373,1,http://www.reactome.org/biopax/96/48892#Catalysis4442,4115
3681,320|333,332,2,1,http://www.reactome.org/biopax/96/48892#BiochemicalReaction8899,1,http://www.reactome.org/biopax/96/48892#Catalysis4580,4116
3682,5023|8456|10298,8457|9635|10258,3,3,http://www.reactome.org/biopax/96/48892#BiochemicalReaction3643,1,http://www.reactome.org/biopax/96/48892#Catalysis1873,4117
3683,2187|8388|9973,8385|10305,3,2,http://www.reactome.org/biopax/96/48892#BiochemicalReaction3583,1,http://www.reactome.org/biopax/96/48892#Catalysis1815,4118
3684,2051|7942|10269,8707,3,1,http://www.reactome.org/biopax/96/48892#BiochemicalReaction3864,1,http://www.reactome.org/biopax/96/48892#Catalysis2085,4119
3685,1316|7698|7986,1317|8067,3,2,http://www.reactome.org/biopax/96/48892#BiochemicalReaction1575,-1,http://www.reactome.org/biopax/96/48892#Control226,4120
3686,3726|7986,3729|8067,2,2,http://www.reactome.org/biopax/96/48892#BiochemicalReaction534,1,http://www.reactome.org/biopax/96/48892#Catalysis184,4121
3687,1558|1569|7986,1559|8067,3,2,http://www.reactome.org/biopax/96/48892#BiochemicalReaction2123,1,http://www.reactome.org/biopax/96/48892#Catalysis934,4122
3688,6560|7389|8918,5337|7493,3,2,http://www.reactome.org/biopax/96/48892#BiochemicalReaction9403,-1,http://www.reactome.org/biopax/96/48892#Control1228,4123
3689,658|7218,6760|6761,2,2,http://www.reactome.org/biopax/96/48892#BiochemicalReaction10010,1,http://www.reactome.org/biopax/96/48892#Catalysis5007,4124
3690,5462|8555|8993,7943|8502,3,2,http://www.reactome.org/biopax/96/48892#BiochemicalReaction5154,1,http://www.reactome.org/biopax/96/48892#Catalysis3067,4125
3691,3887|6134|9245,6180|9256,3,2,http://www.reactome.org/biopax/96/48892#BiochemicalReaction7317,1,http://www.reactome.org/biopax/96/48892#Catalysis4028,4126
3692,1054|10054,10048|10057,2,2,http://www.reactome.org/biopax/96/48892#BiochemicalReaction1090,1,http://www.reactome.org/biopax/96/48892#Catalysis426,4127
3693,3202|3203|5655,1205|3204|3205,3,3,http://www.reactome.org/biopax/96/48892#BiochemicalReaction5758,1,http://www.reactome.org/biopax/96/48892#Catalysis3447,4128
3694,3951|10177,3949|5466,2,2,http://www.reactome.org/biopax/96/48892#BiochemicalReaction7586,1,http://www.reactome.org/biopax/96/48892#Catalysis4105,4129
3695,694|4269,7686,2,1,http://www.reactome.org/biopax/96/48892#BiochemicalReaction9762,1,http://www.reactome.org/biopax/96/48892#Control1265,4130
3696,7754|8391|9973,8392|10223,3,2,http://www.reactome.org/biopax/96/48892#BiochemicalReaction3587,1,http://www.reactome.org/biopax/96/48892#Control415,4131
3697,1145|7879|8382,1634,3,1,http://www.reactome.org/biopax/96/48892#BiochemicalReaction255,1,http://www.reactome.org/biopax/96/48892#Control61,4132
3698,34|2045|8164,2054|10157,3,2,http://www.reactome.org/biopax/96/48892#BiochemicalReaction8264,1,http://www.reactome.org/biopax/96/48892#Catalysis4399,4133
3699,1804|4646,1770|1802|1803,2,3,http://www.reactome.org/biopax/96/48892#BiochemicalReaction2615,-1,http://www.reactome.org/biopax/96/48892#Control327,4134
3700,4276|5604,6862,2,1,http://www.reactome.org/biopax/96/48892#BiochemicalReaction7630,-1,http://www.reactome.org/biopax/96/48892#Control981,4136
3701,2505|9065|10086,9066|10087|10091,3,3,http://www.reactome.org/biopax/96/48892#BiochemicalReaction4302,1,http://www.reactome.org/biopax/96/48892#Catalysis2481,4137
3702,1330|1594|4393|7986,1330|1595|9236|9428,4,4,http://www.reactome.org/biopax/96/48892#BiochemicalReaction2167,1,http://www.reactome.org/biopax/96/48892#Catalysis954,4138
3703,6156|6169|9245,6159|9256,3,2,http://www.reactome.org/biopax/96/48892#BiochemicalReaction7303,1,http://www.reactome.org/biopax/96/48892#Catalysis4016,4139
3704,2246|2253|7986,2254|2256,3,2,http://www.reactome.org/biopax/96/48892#BiochemicalReaction3885,1,http://www.reactome.org/biopax/96/48892#Control436,4140
3705,1657|5585,7751,2,1,http://www.reactome.org/biopax/96/48892#BiochemicalReaction5438,-1,http://www.reactome.org/biopax/96/48892#Control673,4141
3706,3639|8903,3640|8908,2,2,http://www.reactome.org/biopax/96/48892#BiochemicalReaction6772,1,http://www.reactome.org/biopax/96/48892#Catalysis3851,4142
3707,2516|6839|7986,2272|8067,3,2,http://www.reactome.org/biopax/96/48892#BiochemicalReaction4313,1,http://www.reactome.org/biopax/96/48892#Catalysis2492,4143
3708,2032|8567|10177,7937|10159,3,2,http://www.reactome.org/biopax/96/48892#BiochemicalReaction3149,1,http://www.reactome.org/biopax/96/48892#Catalysis1398,4144
3709,1470|7986,1470|8067,2,2,http://www.reactome.org/biopax/96/48892#BiochemicalReaction1857,1,http://www.reactome.org/biopax/96/48892#Catalysis869,4145
3710,2935|9355,8138,2,1,http://www.reactome.org/biopax/96/48892#BiochemicalReaction5308,1,http://www.reactome.org/biopax/96/48892#Catalysis3213,4146
3711,2045|4211|8164,2054|10157,3,2,http://www.reactome.org/biopax/96/48892#BiochemicalReaction8204,1,http://www.reactome.org/biopax/96/48892#Catalysis4372,4147
3712,2758|2858,5371|5466,2,2,http://www.reactome.org/biopax/96/48892#BiochemicalReaction4839,1,http://www.reactome.org/biopax/96/48892#Catalysis2926,4148
3713,3938|6229,6228|9848,2,2,http://www.reactome.org/biopax/96/48892#BiochemicalReaction7547,1,http://www.reactome.org/biopax/96/48892#Catalysis4094,4149
3714,2114|8232|10177,7985|10159,3,2,http://www.reactome.org/biopax/96/48892#BiochemicalReaction3386,1,http://www.reactome.org/biopax/96/48892#Catalysis1624,4150
3715,3322|7986,2727|8067,2,2,http://www.reactome.org/biopax/96/48892#BiochemicalReaction6224,1,http://www.reactome.org/biopax/96/48892#Catalysis3600,4151
3716,1904|7986,716|8067,2,2,http://www.reactome.org/biopax/96/48892#BiochemicalReaction9839,1,http://www.reactome.org/biopax/96/48892#Catalysis4934,4152
3717,7610|8993|10103,7943|10102,3,2,http://www.reactome.org/biopax/96/48892#BiochemicalReaction1448,1,http://www.reactome.org/biopax/96/48892#Catalysis693,4153
3718,865|1070|7389,6820|7393,3,2,http://www.reactome.org/biopax/96/48892#BiochemicalReaction1188,1,http://www.reactome.org/biopax/96/48892#Catalysis518,4155
3719,940|9428|10177,10159,3,1,http://www.reactome.org/biopax/96/48892#BiochemicalReaction870,1,http://www.reactome.org/biopax/96/48892#Catalysis287,4156
3720,4113|7467|7469,6820|7468,3,2,http://www.reactome.org/biopax/96/48892#BiochemicalReaction1244,1,http://www.reactome.org/biopax/96/48892#Catalysis573,4157
3721,3724|9245,3725|9256,2,2,http://www.reactome.org/biopax/96/48892#BiochemicalReaction6966,1,http://www.reactome.org/biopax/96/48892#Catalysis3907,4158
3722,5471|10185|10372,8078|10349,3,2,http://www.reactome.org/biopax/96/48892#BiochemicalReaction5164,1,http://www.reactome.org/biopax/96/48892#Catalysis3077,4159
3723,5802|5809|8622,5810|8631,3,2,http://www.reactome.org/biopax/96/48892#BiochemicalReaction6254,1,http://www.reactome.org/biopax/96/48892#Catalysis3621,4160
3724,2414|8386|8916,8555|8917|10051,3,3,http://www.reactome.org/biopax/96/48892#BiochemicalReaction4138,1,http://www.reactome.org/biopax/96/48892#Catalysis2324,4161
3725,684|1337|7986,1338|7703|8067,3,3,http://www.reactome.org/biopax/96/48892#BiochemicalReaction9716,1,http://www.reactome.org/biopax/96/48892#Catalysis4903,4162
3726,210|1506|5684,209,3,1,http://www.reactome.org/biopax/96/48892#BiochemicalReaction8539,-1,http://www.reactome.org/biopax/96/48892#Control1129,4163
3727,1942|10177,1943|10159,2,2,http://www.reactome.org/biopax/96/48892#BiochemicalReaction2898,1,http://www.reactome.org/biopax/96/48892#Catalysis1161,4164
3728,1521|1573,1566,2,1,http://www.reactome.org/biopax/96/48892#BiochemicalReaction270,1,http://www.reactome.org/biopax/96/48892#Catalysis108,4165
3729,4786|10009|10355,10060|10356,3,2,http://www.reactome.org/biopax/96/48892#BiochemicalReaction3079,1,http://www.reactome.org/biopax/96/48892#Catalysis1328,4166
3730,5935|5947|8062,5948|5949,3,2,http://www.reactome.org/biopax/96/48892#BiochemicalReaction6614,1,http://www.reactome.org/biopax/96/48892#Catalysis3790,4167
3731,980|981,979|982|7086,2,3,http://www.reactome.org/biopax/96/48892#BiochemicalReaction914,1,http://www.reactome.org/biopax/96/48892#Catalysis300,4169
3732,4836|7943|8507|10258|10269,8508|10177|10298,5,3,http://www.reactome.org/biopax/96/48892#BiochemicalReaction3689,1,http://www.reactome.org/biopax/96/48892#Catalysis1917,4170
3733,3427|5869|8918,3378|9815,3,2,http://www.reactome.org/biopax/96/48892#BiochemicalReaction6375,1,http://www.reactome.org/biopax/96/48892#Catalysis3684,4171
3734,4113|7332|7459,6820|7460,3,2,http://www.reactome.org/biopax/96/48892#BiochemicalReaction1239,1,http://www.reactome.org/biopax/96/48892#Catalysis568,4172
3735,558|7986,559|3097|6553|6554|8067,2,5,http://www.reactome.org/biopax/96/48892#BiochemicalReaction9395,1,http://www.reactome.org/biopax/96/48892#Catalysis4779,4173
3736,5414|9270|9396,9450|9596,3,2,http://www.reactome.org/biopax/96/48892#BiochemicalReaction4986,1,http://www.reactome.org/biopax/96/48892#Catalysis2982,4174
3737,2029|7986|10373,7943|8067|8583,3,3,http://www.reactome.org/biopax/96/48892#BiochemicalReaction3105,1,http://www.reactome.org/biopax/96/48892#Catalysis1354,4176
3738,7275|7277|10065,7276|10055,3,2,http://www.reactome.org/biopax/96/48892#BiochemicalReaction1115,1,http://www.reactome.org/biopax/96/48892#Catalysis448,4177
3739,4549|5721,5724|5725,2,2,http://www.reactome.org/biopax/96/48892#BiochemicalReaction5956,1,http://www.reactome.org/biopax/96/48892#Catalysis3508,4178
3740,2223|8606|8607,8608|8609,3,2,http://www.reactome.org/biopax/96/48892#BiochemicalReaction3784,1,http://www.reactome.org/biopax/96/48892#Catalysis2005,4179
3741,6156|6158|10089|10162,6157|10165|10169|10170,4,4,http://www.reactome.org/biopax/96/48892#BiochemicalReaction7286,1,http://www.reactome.org/biopax/96/48892#Catalysis3999,4180
3742,319|6427|8352,318,3,1,http://www.reactome.org/biopax/96/48892#BiochemicalReaction8829,1,http://www.reactome.org/biopax/96/48892#Control1158,4181
3743,973|974,975|976|10159,2,3,http://www.reactome.org/biopax/96/48892#BiochemicalReaction910,1,http://www.reactome.org/biopax/96/48892#Catalysis298,4182
3744,2201|9760,8422,2,1,http://www.reactome.org/biopax/96/48892#BiochemicalReaction3615,1,http://www.reactome.org/biopax/96/48892#Catalysis1846,4183
3745,2442,2440|2441,1,2,http://www.reactome.org/biopax/96/48892#BiochemicalReaction4189,1,http://www.reactome.org/biopax/96/48892#Catalysis2375,4184
3746,3597|3712|3713|3714|8622|9267|9824|9921,3715,8,1,http://www.reactome.org/biopax/96/48892#BiochemicalReaction6934,1,http://www.reactome.org/biopax/96/48892#Control857,4185
3747,4193|7986,4196|8067,2,2,http://www.reactome.org/biopax/96/48892#BiochemicalReaction8185,1,http://www.reactome.org/biopax/96/48892#Catalysis4364,4186
3748,2962|2964|5466|7986,2963|8067|9761,4,3,http://www.reactome.org/biopax/96/48892#BiochemicalReaction5366,1,http://www.reactome.org/biopax/96/48892#Catalysis3252,4187
3749,2356|10282,2355,2,1,http://www.reactome.org/biopax/96/48892#BiochemicalReaction4011,1,http://www.reactome.org/biopax/96/48892#Control495,4189
3750,1374|7718|7727,1375,3,1,http://www.reactome.org/biopax/96/48892#BiochemicalReaction1646,-1,http://www.reactome.org/biopax/96/48892#Control235,4190
3751,499|7909|7986,6515|8067,3,2,http://www.reactome.org/biopax/96/48892#BiochemicalReaction9290,1,http://www.reactome.org/biopax/96/48892#Catalysis4729,4192
3752,134|7986,135|8067,2,2,http://www.reactome.org/biopax/96/48892#BiochemicalReaction8417,1,http://www.reactome.org/biopax/96/48892#Catalysis4462,4193
3753,1414|7986|10145|10177,8067|10149|10159,4,3,http://www.reactome.org/biopax/96/48892#BiochemicalReaction1707,1,http://www.reactome.org/biopax/96/48892#Catalysis820,4194
3754,5314|9453|10258,9454|10298,3,2,http://www.reactome.org/biopax/96/48892#BiochemicalReaction4633,1,http://www.reactome.org/biopax/96/48892#Catalysis2806,4195
3755,1071|7332|7459,6820|7461,3,2,http://www.reactome.org/biopax/96/48892#BiochemicalReaction1240,1,http://www.reactome.org/biopax/96/48892#Catalysis569,4196
3756,109|111|7986,112|8067,3,2,http://www.reactome.org/biopax/96/48892#BiochemicalReaction8387,1,http://www.reactome.org/biopax/96/48892#Catalysis4448,4198
3757,771|3421|8622,3352|8631,3,2,http://www.reactome.org/biopax/96/48892#BiochemicalReaction6364,1,http://www.reactome.org/biopax/96/48892#Catalysis3677,4199
3758,1154|8918,1155|4390,2,2,http://www.reactome.org/biopax/96/48892#BiochemicalReaction1298,1,http://www.reactome.org/biopax/96/48892#Catalysis616,4200
3759,3610|8622,3611|6008|6009|8631,2,4,http://www.reactome.org/biopax/96/48892#BiochemicalReaction6737,1,http://www.reactome.org/biopax/96/48892#Catalysis3831,4201
3760,613|6071|10089|10162,6096|10165|10169|10170,4,4,http://www.reactome.org/biopax/96/48892#BiochemicalReaction60,1,http://www.reactome.org/biopax/96/48892#Catalysis28,4202
3761,270|3268|6415,269,3,1,http://www.reactome.org/biopax/96/48892#BiochemicalReaction8625,1,http://www.reactome.org/biopax/96/48892#Control1138,4203
3762,5954|6149|8622,6551|8631,3,2,http://www.reactome.org/biopax/96/48892#BiochemicalReaction9389,1,http://www.reactome.org/biopax/96/48892#Catalysis4775,4204
3763,4838|8647|10269,8673,3,1,http://www.reactome.org/biopax/96/48892#BiochemicalReaction3839,1,http://www.reactome.org/biopax/96/48892#Catalysis2060,4205
3764,3326|5792|8622,5794|8631,3,2,http://www.reactome.org/biopax/96/48892#BiochemicalReaction472,1,http://www.reactome.org/biopax/96/48892#Catalysis162,4206
3765,2427|7986|8949,7943|8067|8709,3,3,http://www.reactome.org/biopax/96/48892#BiochemicalReaction4158,1,http://www.reactome.org/biopax/96/48892#Catalysis2344,4207
3766,3857|6122|8164,3858|6107|10157,3,3,http://www.reactome.org/biopax/96/48892#BiochemicalReaction7214,1,http://www.reactome.org/biopax/96/48892#Catalysis3970,4208
3767,475,476|5316|6491|6492|8631|8643,1,6,http://www.reactome.org/biopax/96/48892#BiochemicalReaction9218,1,http://www.reactome.org/biopax/96/48892#Catalysis4708,4209
3768,2691|7943|10295,9635|10177,3,2,http://www.reactome.org/biopax/96/48892#BiochemicalReaction4716,1,http://www.reactome.org/biopax/96/48892#Catalysis2887,4210
3769,5872|5879|7986,5863|8067,3,2,http://www.reactome.org/biopax/96/48892#BiochemicalReaction6389,1,http://www.reactome.org/biopax/96/48892#Catalysis3693,4211
3770,4911|8211|8238,9704|9727,3,2,http://www.reactome.org/biopax/96/48892#BiochemicalReaction3396,1,http://www.reactome.org/biopax/96/48892#Catalysis1634,4212
3771,411|9513,1167|9009,2,2,http://www.reactome.org/biopax/96/48892#BiochemicalReaction9067,1,http://www.reactome.org/biopax/96/48892#Catalysis4644,4213
3772,3443|7986,5821|5872|8067,2,3,http://www.reactome.org/biopax/96/48892#BiochemicalReaction6403,1,http://www.reactome.org/biopax/96/48892#Catalysis3698,4214
3773,2276|8717|10269|10291,2277|8716,4,2,http://www.reactome.org/biopax/96/48892#BiochemicalReaction3909,1,http://www.reactome.org/biopax/96/48892#Control439,4215
3774,3326|6289|8622,6291|8631,3,2,http://www.reactome.org/biopax/96/48892#BiochemicalReaction7804,1,http://www.reactome.org/biopax/96/48892#Catalysis4231,4216
3775,3339|5634|8622,1111|8631,3,2,http://www.reactome.org/biopax/96/48892#BiochemicalReaction6233,1,http://www.reactome.org/biopax/96/48892#Catalysis3606,4217
3776,3081|9797,3068|3082|5615|8957,2,4,http://www.reactome.org/biopax/96/48892#BiochemicalReaction5626,1,http://www.reactome.org/biopax/96/48892#Catalysis3385,4218
3777,7699|8046|10177,8057|10140,3,2,http://www.reactome.org/biopax/96/48892#BiochemicalReaction1579,1,http://www.reactome.org/biopax/96/48892#Catalysis757,4219
3778,6433|10177|10206,9236,3,1,http://www.reactome.org/biopax/96/48892#BiochemicalReaction8880,1,http://www.reactome.org/biopax/96/48892#Catalysis4573,4220
3779,2397|8905|10177,8906|10159,3,2,http://www.reactome.org/biopax/96/48892#BiochemicalReaction4125,1,http://www.reactome.org/biopax/96/48892#Catalysis2311,4221
3780,3299|3563|8622,3298|8631,3,2,http://www.reactome.org/biopax/96/48892#BiochemicalReaction6088,1,http://www.reactome.org/biopax/96/48892#Catalysis3568,4222
3781,4904|8273|8386,8221|8276,3,2,http://www.reactome.org/biopax/96/48892#BiochemicalReaction3453,-1,http://www.reactome.org/biopax/96/48892#Control409,4224
3782,487|3111,3330,2,1,http://www.reactome.org/biopax/96/48892#BiochemicalReaction9258,1,http://www.reactome.org/biopax/96/48892#Control1198,4226
3783,1975|7986|9839,7943|8067|10241,3,3,http://www.reactome.org/biopax/96/48892#BiochemicalReaction2935,1,http://www.reactome.org/biopax/96/48892#Catalysis1195,4227
3784,7943|8596|10108|10258|10269,8597|10177|10298,5,3,http://www.reactome.org/biopax/96/48892#BiochemicalReaction3776,1,http://www.reactome.org/biopax/96/48892#Control432,4228
3785,1992|10239|10272,9839|10274,3,2,http://www.reactome.org/biopax/96/48892#BiochemicalReaction2969,1,http://www.reactome.org/biopax/96/48892#Catalysis1229,4229
3786,696|807|7986,844|8067,3,2,http://www.reactome.org/biopax/96/48892#BiochemicalReaction10122,1,http://www.reactome.org/biopax/96/48892#Catalysis5043,4230
3787,3576|4576|8654,4576,3,1,http://www.reactome.org/biopax/96/48892#BiochemicalReaction6636,1,http://www.reactome.org/biopax/96/48892#Catalysis3793,4231
3788,3481|10177,3482|10159,2,2,http://www.reactome.org/biopax/96/48892#BiochemicalReaction6443,1,http://www.reactome.org/biopax/96/48892#Catalysis3725,4232
3789,4960|7986|8313,8067|8316,3,2,http://www.reactome.org/biopax/96/48892#BiochemicalReaction3508,1,http://www.reactome.org/biopax/96/48892#Catalysis1746,4234
3790,4911|8211|8237,9704|9727,3,2,http://www.reactome.org/biopax/96/48892#BiochemicalReaction3393,1,http://www.reactome.org/biopax/96/48892#Catalysis1631,4235
3791,4912|10123|10177,8259|9743,3,2,http://www.reactome.org/biopax/96/48892#BiochemicalReaction3425,1,http://www.reactome.org/biopax/96/48892#Catalysis1663,4236
3792,3290|10109|10372,10113|10349,3,2,http://www.reactome.org/biopax/96/48892#BiochemicalReaction6060,1,http://www.reactome.org/biopax/96/48892#Catalysis3562,4237
3793,3791|6849|7986,2740|8067,3,2,http://www.reactome.org/biopax/96/48892#BiochemicalReaction7508,1,http://www.reactome.org/biopax/96/48892#Catalysis4080,4238
3794,107|108|7986,109|8067,3,2,http://www.reactome.org/biopax/96/48892#BiochemicalReaction8384,1,http://www.reactome.org/biopax/96/48892#Catalysis4446,4239
3795,7902|7916,7933,2,1,http://www.reactome.org/biopax/96/48892#BiochemicalReaction5412,1,http://www.reactome.org/biopax/96/48892#Catalysis3288,4240
3796,1071|5052,6820|7425,2,2,http://www.reactome.org/biopax/96/48892#BiochemicalReaction1209,1,http://www.reactome.org/biopax/96/48892#Catalysis539,4241
3797,2195|8392|9973,8398|8399,3,2,http://www.reactome.org/biopax/96/48892#BiochemicalReaction3594,1,http://www.reactome.org/biopax/96/48892#Catalysis1826,4242
3798,2572|9166|10269,9167,3,1,http://www.reactome.org/biopax/96/48892#BiochemicalReaction4416,1,http://www.reactome.org/biopax/96/48892#Catalysis2595,4243
3799,2080|8096|9439,8097,3,1,http://www.reactome.org/biopax/96/48892#BiochemicalReaction3277,1,http://www.reactome.org/biopax/96/48892#Catalysis1517,4244
3800,3807|6075|7986,3807|8067,3,2,http://www.reactome.org/biopax/96/48892#BiochemicalReaction568,1,http://www.reactome.org/biopax/96/48892#Catalysis198,4245
3801,4222|6862,7110,2,1,http://www.reactome.org/biopax/96/48892#BiochemicalReaction6208,1,http://www.reactome.org/biopax/96/48892#Control794,4246
3802,4839|7943|9394|10258|10269,9395|10177|10298,5,3,http://www.reactome.org/biopax/96/48892#BiochemicalReaction4598,1,http://www.reactome.org/biopax/96/48892#Catalysis2773,4247
3803,1422|7986,1425|8067,2,2,http://www.reactome.org/biopax/96/48892#BiochemicalReaction166,1,http://www.reactome.org/biopax/96/48892#Catalysis68,4248
3804,6250|8243|10177,7985|8208,3,2,http://www.reactome.org/biopax/96/48892#BiochemicalReaction10159,1,http://www.reactome.org/biopax/96/48892#Catalysis5053,4249
3805,6855|10349,10372,2,1,http://www.reactome.org/biopax/96/48892#BiochemicalReaction84,1,http://www.reactome.org/biopax/96/48892#Catalysis40,4250
3806,3634|6134|9245,6148|9256,3,2,http://www.reactome.org/biopax/96/48892#BiochemicalReaction7296,1,http://www.reactome.org/biopax/96/48892#Catalysis4009,4251
3807,2284|8721|10298,7943|9635|9995|10258,3,4,http://www.reactome.org/biopax/96/48892#BiochemicalReaction3916,1,http://www.reactome.org/biopax/96/48892#Catalysis2129,4252
3808,1440|7796|7986,7799|8067,3,2,http://www.reactome.org/biopax/96/48892#BiochemicalReaction2002,1,http://www.reactome.org/biopax/96/48892#Catalysis896,4253
3809,2074|8058|8059,8060|8061,3,2,http://www.reactome.org/biopax/96/48892#BiochemicalReaction3252,1,http://www.reactome.org/biopax/96/48892#Catalysis1492,4254
3810,1257|7631|8386,7632,3,1,http://www.reactome.org/biopax/96/48892#BiochemicalReaction1467,1,http://www.reactome.org/biopax/96/48892#Catalysis710,4255
3811,4986|8349,8350,2,1,http://www.reactome.org/biopax/96/48892#BiochemicalReaction3553,1,http://www.reactome.org/biopax/96/48892#Catalysis1787,4256
3812,446|5974|7986,6475|8067,3,2,http://www.reactome.org/biopax/96/48892#BiochemicalReaction9138,1,http://www.reactome.org/biopax/96/48892#Catalysis4676,4257
3813,1944|9236|10222,1950,3,1,http://www.reactome.org/biopax/96/48892#BiochemicalReaction2901,-1,http://www.reactome.org/biopax/96/48892#Control353,4259
3814,1821|7986,1822|8067,2,2,http://www.reactome.org/biopax/96/48892#BiochemicalReaction2658,1,http://www.reactome.org/biopax/96/48892#Catalysis1091,4260
3815,5167|8943,8944,2,1,http://www.reactome.org/biopax/96/48892#BiochemicalReaction4153,1,http://www.reactome.org/biopax/96/48892#Catalysis2339,4261
3816,2958|7943|7986|10133|10177,8067|8555|10134|10159,5,4,http://www.reactome.org/biopax/96/48892#BiochemicalReaction5353,1,http://www.reactome.org/biopax/96/48892#Catalysis3243,4262
3817,4239|6861,5783,2,1,http://www.reactome.org/biopax/96/48892#BiochemicalReaction6143,1,http://www.reactome.org/biopax/96/48892#Control764,4263
3818,1743|7986,1744|8067,2,2,http://www.reactome.org/biopax/96/48892#BiochemicalReaction2453,1,http://www.reactome.org/biopax/96/48892#Catalysis1058,4264
3819,1236|5466|10090,1237,3,1,http://www.reactome.org/biopax/96/48892#BiochemicalReaction1430,-1,http://www.reactome.org/biopax/96/48892#Control184,4265
3820,3820|10177,3821|10159,2,2,http://www.reactome.org/biopax/96/48892#BiochemicalReaction7190,1,http://www.reactome.org/biopax/96/48892#Catalysis3953,4266
3821,2203|8422|9760,8423|9428,3,2,http://www.reactome.org/biopax/96/48892#BiochemicalReaction3617,1,http://www.reactome.org/biopax/96/48892#Catalysis1848,4267
3822,2949|5466|5544,5545,3,1,http://www.reactome.org/biopax/96/48892#BiochemicalReaction5345,1,http://www.reactome.org/biopax/96/48892#Catalysis3236,4268
3823,2|7986,5|8067,2,2,http://www.reactome.org/biopax/96/48892#BiochemicalReaction8223,1,http://www.reactome.org/biopax/96/48892#Catalysis4381,4269
3824,8618|8741|8745,8724|8742,3,2,http://www.reactome.org/biopax/96/48892#BiochemicalReaction3950,-1,http://www.reactome.org/biopax/96/48892#Control466,4270
3825,5235|7986|8912|9119,7943|8067|9127|10159,4,4,http://www.reactome.org/biopax/96/48892#BiochemicalReaction4370,1,http://www.reactome.org/biopax/96/48892#Catalysis2549,4271
3826,3536|8654,3537,2,1,http://www.reactome.org/biopax/96/48892#BiochemicalReaction6533,1,http://www.reactome.org/biopax/96/48892#Catalysis3769,4272
3827,1339|1340|7704|7705,1340|1341|7705,4,3,http://www.reactome.org/biopax/96/48892#BiochemicalReaction1604,1,http://www.reactome.org/biopax/96/48892#Catalysis770,4273
3828,695|4112|7986,3913|8067,3,2,http://www.reactome.org/biopax/96/48892#BiochemicalReaction9866,1,http://www.reactome.org/biopax/96/48892#Control1301,4274
3829,1072|4113,1073|6820,2,2,http://www.reactome.org/biopax/96/48892#BiochemicalReaction1153,1,http://www.reactome.org/biopax/96/48892#Catalysis483,4275
3830,697|4233,6840,2,1,http://www.reactome.org/biopax/96/48892#BiochemicalReaction9780,1,http://www.reactome.org/biopax/96/48892#Control1269,4279
3831,2045|3324|8164,2054|10157,3,2,http://www.reactome.org/biopax/96/48892#BiochemicalReaction471,1,http://www.reactome.org/biopax/96/48892#Catalysis161,4280
3832,892|2858,5466,2,1,http://www.reactome.org/biopax/96/48892#BiochemicalReaction806,1,http://www.reactome.org/biopax/96/48892#Catalysis258,4281
3833,5164|8877|10177,7943|8878|10159,3,3,http://www.reactome.org/biopax/96/48892#BiochemicalReaction4107,1,http://www.reactome.org/biopax/96/48892#Catalysis2293,4282
3834,4113|7485,6820|7486,2,2,http://www.reactome.org/biopax/96/48892#BiochemicalReaction1256,1,http://www.reactome.org/biopax/96/48892#Catalysis585,4283
3835,2475|8720|9020|9025,8600|8738|9026,4,3,http://www.reactome.org/biopax/96/48892#BiochemicalReaction4251,1,http://www.reactome.org/biopax/96/48892#Catalysis2434,4284
3836,2803,2798|2801|4586|5396|5397|5398|5399|5401|8301,1,9,http://www.reactome.org/biopax/96/48892#BiochemicalReaction4960,1,http://www.reactome.org/biopax/96/48892#Catalysis2958,4285
3837,3031,3032|9790,1,2,http://www.reactome.org/biopax/96/48892#BiochemicalReaction5560,1,http://www.reactome.org/biopax/96/48892#Catalysis3349,4286
3838,5772|7986|10090,6352|8067,3,2,http://www.reactome.org/biopax/96/48892#BiochemicalReaction8069,1,http://www.reactome.org/biopax/96/48892#Control1076,4287
3839,1877|1880|7986,1878|8067,3,2,http://www.reactome.org/biopax/96/48892#BiochemicalReaction2767,-1,http://www.reactome.org/biopax/96/48892#Control335,4288
3840,212|226|7205,225,3,1,http://www.reactome.org/biopax/96/48892#BiochemicalReaction8558,1,http://www.reactome.org/biopax/96/48892#Control1133,4289
3841,1224,1225|7581,1,2,http://www.reactome.org/biopax/96/48892#BiochemicalReaction1417,1,http://www.reactome.org/biopax/96/48892#Catalysis673,4290
3842,6333|6473|7986,6332|8067,3,2,http://www.reactome.org/biopax/96/48892#BiochemicalReaction9132,1,http://www.reactome.org/biopax/96/48892#Control1176,4291
3843,4113|7323|7483,6820|7484,3,2,http://www.reactome.org/biopax/96/48892#BiochemicalReaction1255,1,http://www.reactome.org/biopax/96/48892#Catalysis584,4292
3844,3527|3528|8918,3526|8643,3,2,http://www.reactome.org/biopax/96/48892#BiochemicalReaction6524,1,http://www.reactome.org/biopax/96/48892#Catalysis3765,4294
3845,4838|8692|10298,8693|10258,3,2,http://www.reactome.org/biopax/96/48892#BiochemicalReaction3853,1,http://www.reactome.org/biopax/96/48892#Catalysis2074,4295
3846,5238|8059|9132,8061|8160|9133,3,3,http://www.reactome.org/biopax/96/48892#BiochemicalReaction4375,1,http://www.reactome.org/biopax/96/48892#Catalysis2554,4296
3847,4634|5466|7748,6307,3,1,http://www.reactome.org/biopax/96/48892#BiochemicalReaction7872,1,http://www.reactome.org/biopax/96/48892#Catalysis4245,4297
3848,6811|10247|10258|10269,10280|10291|10298,4,3,http://www.reactome.org/biopax/96/48892#BiochemicalReaction76,1,http://www.reactome.org/biopax/96/48892#Catalysis33,4298
3849,865|1069|7419,6820|7421,3,2,http://www.reactome.org/biopax/96/48892#BiochemicalReaction1205,1,http://www.reactome.org/biopax/96/48892#Catalysis535,4299
3850,7648|7651|10119,7649|10118,3,2,http://www.reactome.org/biopax/96/48892#BiochemicalReaction1494,1,http://www.reactome.org/biopax/96/48892#Catalysis723,4301
3851,3072|8660,3073|8957,2,2,http://www.reactome.org/biopax/96/48892#BiochemicalReaction5617,1,http://www.reactome.org/biopax/96/48892#Catalysis3380,4302
3852,3064,3063|3065|5337,1,3,http://www.reactome.org/biopax/96/48892#BiochemicalReaction5609,1,http://www.reactome.org/biopax/96/48892#Catalysis3376,4303
3853,1295|10133|10372,10134|10349,3,2,http://www.reactome.org/biopax/96/48892#BiochemicalReaction1537,1,http://www.reactome.org/biopax/96/48892#Catalysis741,4304
3854,4812|7986|8523|9704,8524|9236|9428|10177,4,4,http://www.reactome.org/biopax/96/48892#BiochemicalReaction3703,1,http://www.reactome.org/biopax/96/48892#Catalysis1931,4305
3855,2463|7986|8987|9841|10177,7943|9236|9428|9513|9847,5,5,http://www.reactome.org/biopax/96/48892#BiochemicalReaction4212,1,http://www.reactome.org/biopax/96/48892#Catalysis2397,4306
3856,3580|5337,4660|5975|5976,2,3,http://www.reactome.org/biopax/96/48892#BiochemicalReaction6659,1,http://www.reactome.org/biopax/96/48892#Catalysis3795,4307
3857,1270|1271|7653|10125,1272|7655|10126,4,3,http://www.reactome.org/biopax/96/48892#BiochemicalReaction1510,1,http://www.reactome.org/biopax/96/48892#Control216,4308
3858,4879|8066|8181,8065|8187,3,2,http://www.reactome.org/biopax/96/48892#BiochemicalReaction3337,1,http://www.reactome.org/biopax/96/48892#Catalysis1575,4309
3859,5271|9241|9242,9243|9244,3,2,http://www.reactome.org/biopax/96/48892#BiochemicalReaction4492,1,http://www.reactome.org/biopax/96/48892#Catalysis2670,4310
3860,2162|4982|7943|8339|10269,2163|8341|10177,5,3,http://www.reactome.org/biopax/96/48892#BiochemicalReaction3546,1,http://www.reactome.org/biopax/96/48892#Catalysis1781,4311
3861,4113|7370,6820|7475,2,2,http://www.reactome.org/biopax/96/48892#BiochemicalReaction1250,1,http://www.reactome.org/biopax/96/48892#Catalysis579,4312
3862,2959|7943|7986|10133|10177,8067|8555|10134|10159,5,4,http://www.reactome.org/biopax/96/48892#BiochemicalReaction5354,1,http://www.reactome.org/biopax/96/48892#Catalysis3244,4313
3863,281|5466,282|7749,2,2,http://www.reactome.org/biopax/96/48892#BiochemicalReaction8638,1,http://www.reactome.org/biopax/96/48892#Catalysis4551,4314
3864,2858|3344,5466,2,1,http://www.reactome.org/biopax/96/48892#BiochemicalReaction6243,1,http://www.reactome.org/biopax/96/48892#Catalysis3611,4315
3865,2080|7952|8107,8108|10230,3,2,http://www.reactome.org/biopax/96/48892#BiochemicalReaction3287,1,http://www.reactome.org/biopax/96/48892#Catalysis1527,4316
3866,3109|9245,3110|9256,2,2,http://www.reactome.org/biopax/96/48892#BiochemicalReaction5658,1,http://www.reactome.org/biopax/96/48892#Catalysis3401,4317
3867,582|6596|8164,581,3,1,http://www.reactome.org/biopax/96/48892#BiochemicalReaction9485,1,http://www.reactome.org/biopax/96/48892#Catalysis4815,4318
3868,5294|9323|9324,9325|10204,3,2,http://www.reactome.org/biopax/96/48892#BiochemicalReaction4564,1,http://www.reactome.org/biopax/96/48892#Catalysis2739,4319
3869,1587|7986|8046,8035|8067,3,2,http://www.reactome.org/biopax/96/48892#BiochemicalReaction2151,1,http://www.reactome.org/biopax/96/48892#Catalysis949,4320
3870,2217|8571,8572,2,1,http://www.reactome.org/biopax/96/48892#BiochemicalReaction3748,1,http://www.reactome.org/biopax/96/48892#Catalysis1972,4324
3871,2703|6876,2705,2,1,http://www.reactome.org/biopax/96/48892#BiochemicalReaction4735,1,http://www.reactome.org/biopax/96/48892#Control570,4325
3872,658|5791,6710|6711,2,2,http://www.reactome.org/biopax/96/48892#BiochemicalReaction9985,1,http://www.reactome.org/biopax/96/48892#Catalysis4983,4326
3873,4130|7986|8046,8035|8067,3,2,http://www.reactome.org/biopax/96/48892#BiochemicalReaction8109,1,http://www.reactome.org/biopax/96/48892#Catalysis4329,4327
3874,4798|7917|7986,8067|10387,3,2,http://www.reactome.org/biopax/96/48892#BiochemicalReaction3129,1,http://www.reactome.org/biopax/96/48892#Catalysis1378,4329
3875,2113|8228|10177,8138|8231,3,2,http://www.reactome.org/biopax/96/48892#BiochemicalReaction3384,1,http://www.reactome.org/biopax/96/48892#Catalysis1622,4330
3876,4019|7800|8622,4020|8631,3,2,http://www.reactome.org/biopax/96/48892#BiochemicalReaction7811,1,http://www.reactome.org/biopax/96/48892#Catalysis4233,4331
3877,988|7112|9513|9524,7113|7943|9531|9538,4,4,http://www.reactome.org/biopax/96/48892#BiochemicalReaction958,1,http://www.reactome.org/biopax/96/48892#Catalysis322,4332
3878,5875|5876|8918,5877|8643,3,2,http://www.reactome.org/biopax/96/48892#BiochemicalReaction6387,1,http://www.reactome.org/biopax/96/48892#Control809,4333
3879,1686|4410|7986,1687|8067,3,2,http://www.reactome.org/biopax/96/48892#BiochemicalReaction2328,1,http://www.reactome.org/biopax/96/48892#Catalysis1016,4334
3880,5210|9499|9582,9491,3,1,http://www.reactome.org/biopax/96/48892#BiochemicalReaction4273,1,http://www.reactome.org/biopax/96/48892#Catalysis2455,4336
3881,3708|8622,822|8631,2,2,http://www.reactome.org/biopax/96/48892#BiochemicalReaction6921,1,http://www.reactome.org/biopax/96/48892#Catalysis3895,4337
3882,628|7986,5829|6618|8067,2,3,http://www.reactome.org/biopax/96/48892#BiochemicalReaction9596,1,http://www.reactome.org/biopax/96/48892#Catalysis4852,4338
3883,1293|4271,7911,2,1,http://www.reactome.org/biopax/96/48892#BiochemicalReaction6195,1,http://www.reactome.org/biopax/96/48892#Control792,4339
3884,4852|8052|9480|9588,8053|9502|9570,4,3,http://www.reactome.org/biopax/96/48892#BiochemicalReaction3248,1,http://www.reactome.org/biopax/96/48892#Catalysis1488,4341
3885,6141|6142,6134|10165,2,2,http://www.reactome.org/biopax/96/48892#BiochemicalReaction7276,1,http://www.reactome.org/biopax/96/48892#Catalysis3989,4342
3886,1983|9513|10177|10278,7943|7980|9538,4,3,http://www.reactome.org/biopax/96/48892#BiochemicalReaction4619,1,http://www.reactome.org/biopax/96/48892#Catalysis2792,4343
3887,1354|5554|7986,5998|8067,3,2,http://www.reactome.org/biopax/96/48892#BiochemicalReaction6716,1,http://www.reactome.org/biopax/96/48892#Catalysis3817,4344
3888,152|3404|8164,3144|10157,3,2,http://www.reactome.org/biopax/96/48892#BiochemicalReaction8438,1,http://www.reactome.org/biopax/96/48892#Catalysis4474,4345
3889,7785|7861|7986,7788|8067,3,2,http://www.reactome.org/biopax/96/48892#BiochemicalReaction2130,1,http://www.reactome.org/biopax/96/48892#Catalysis938,4347
3890,1526|7759|10372,1514,3,1,http://www.reactome.org/biopax/96/48892#BiochemicalReaction206,1,http://www.reactome.org/biopax/96/48892#Control34,4348
3891,5485|10051|10109,10113|10159,3,2,http://www.reactome.org/biopax/96/48892#BiochemicalReaction5179,1,http://www.reactome.org/biopax/96/48892#Catalysis3091,4349
3892,1168|8918,1169|4390,2,2,http://www.reactome.org/biopax/96/48892#BiochemicalReaction1304,1,http://www.reactome.org/biopax/96/48892#Catalysis622,4350
3893,5334|7952|8720|9539,8586|8777|9540,4,3,http://www.reactome.org/biopax/96/48892#BiochemicalReaction4692,1,http://www.reactome.org/biopax/96/48892#Catalysis2863,4351
3894,7648|7986|8810,7649|8811|10177,3,3,http://www.reactome.org/biopax/96/48892#BiochemicalReaction4053,1,http://www.reactome.org/biopax/96/48892#Control509,4352
3895,1681|1720,1724|7883,2,2,http://www.reactome.org/biopax/96/48892#BiochemicalReaction232,-1,http://www.reactome.org/biopax/96/48892#Control55,4354
3896,2289|2292|8720,2290|8600|10091,3,3,http://www.reactome.org/biopax/96/48892#BiochemicalReaction3929,-1,http://www.reactome.org/biopax/96/48892#Control452,4355
3897,439|6472|7986,6471|8067,3,2,http://www.reactome.org/biopax/96/48892#BiochemicalReaction9122,1,http://www.reactome.org/biopax/96/48892#Catalysis4670,4356
3898,1630|1668,1676,2,1,http://www.reactome.org/biopax/96/48892#BiochemicalReaction220,-1,http://www.reactome.org/biopax/96/48892#Control45,4357
3899,2696|8555|10297,8386|9571,3,2,http://www.reactome.org/biopax/96/48892#BiochemicalReaction4722,1,http://www.reactome.org/biopax/96/48892#Catalysis2893,4358
3900,4484|8029|9368|9480|9582,8031|9369|9502,5,3,http://www.reactome.org/biopax/96/48892#BiochemicalReaction4584,1,http://www.reactome.org/biopax/96/48892#Catalysis2759,4359
3901,3925|6626|7986,6627|8067,3,2,http://www.reactome.org/biopax/96/48892#BiochemicalReaction9620,-1,http://www.reactome.org/biopax/96/48892#Control1238,4360
3902,4453|8259|10177,9743|10213,3,2,http://www.reactome.org/biopax/96/48892#BiochemicalReaction3432,1,http://www.reactome.org/biopax/96/48892#Catalysis1670,4361
3903,699|4355|7986,4356|8067,3,2,http://www.reactome.org/biopax/96/48892#BiochemicalReaction9785,1,http://www.reactome.org/biopax/96/48892#Catalysis4920,4362
3904,2285|8722|9513,7943|9538|9995,3,3,http://www.reactome.org/biopax/96/48892#BiochemicalReaction3918,1,http://www.reactome.org/biopax/96/48892#Catalysis2131,4363
3905,1334|1596|7986,1335|8067,3,2,http://www.reactome.org/biopax/96/48892#BiochemicalReaction2169,1,http://www.reactome.org/biopax/96/48892#Catalysis956,4364
3906,2952|9582|10349,7943|9575,3,2,http://www.reactome.org/biopax/96/48892#BiochemicalReaction5349,-1,http://www.reactome.org/biopax/96/48892#Control643,4365
3907,1101|4388|8918,4389|5337,3,2,http://www.reactome.org/biopax/96/48892#BiochemicalReaction1267,1,http://www.reactome.org/biopax/96/48892#Catalysis590,4366
3908,295|7986,296|8067,2,2,http://www.reactome.org/biopax/96/48892#BiochemicalReaction8664,1,http://www.reactome.org/biopax/96/48892#Catalysis4558,4367
3909,4450|10123|10177,8258|9743,3,2,http://www.reactome.org/biopax/96/48892#BiochemicalReaction3421,1,http://www.reactome.org/biopax/96/48892#Catalysis1659,4368
3910,638|639|7986,3590|8067,3,2,http://www.reactome.org/biopax/96/48892#BiochemicalReaction9629,1,http://www.reactome.org/biopax/96/48892#Catalysis4871,4369
3911,5278|9253|9254,7943|9524|9559,3,3,http://www.reactome.org/biopax/96/48892#BiochemicalReaction4502,1,http://www.reactome.org/biopax/96/48892#Catalysis2680,4370
3912,5564|10295,10297,2,1,http://www.reactome.org/biopax/96/48892#BiochemicalReaction5379,1,http://www.reactome.org/biopax/96/48892#Catalysis3264,4371
3913,790|2971|10166,788,3,1,http://www.reactome.org/biopax/96/48892#BiochemicalReaction10043,-1,http://www.reactome.org/biopax/96/48892#Control1342,4372
3914,7155|10206,2247,2,1,http://www.reactome.org/biopax/96/48892#BiochemicalReaction3882,1,http://www.reactome.org/biopax/96/48892#Catalysis2101,4373
3915,1124|10177,1125|5466,2,2,http://www.reactome.org/biopax/96/48892#BiochemicalReaction1277,1,http://www.reactome.org/biopax/96/48892#Catalysis600,4374
3916,2213|7974|8472|8554|10091,2215|7976|8557|8558|9439,5,5,http://www.reactome.org/biopax/96/48892#BiochemicalReaction3738,1,http://www.reactome.org/biopax/96/48892#Catalysis1962,4375
3917,3009|4270,6066,2,1,http://www.reactome.org/biopax/96/48892#BiochemicalReaction5526,1,http://www.reactome.org/biopax/96/48892#Control693,4376
3918,4697|7986|10257,7943|8067|10259,3,3,http://www.reactome.org/biopax/96/48892#BiochemicalReaction2951,1,http://www.reactome.org/biopax/96/48892#Catalysis1211,4377
3919,2936|6100|7986,3799|8067,3,2,http://www.reactome.org/biopax/96/48892#BiochemicalReaction7171,1,http://www.reactome.org/biopax/96/48892#Catalysis3947,4378
3920,2811|5407|8248|9581,2812|7943,4,2,http://www.reactome.org/biopax/96/48892#BiochemicalReaction4970,1,http://www.reactome.org/biopax/96/48892#Catalysis2967,4379
3921,3598|8622,3599|8631,2,2,http://www.reactome.org/biopax/96/48892#BiochemicalReaction6712,1,http://www.reactome.org/biopax/96/48892#Catalysis3815,4380
3922,3638|6149|8622,3641|8631,3,2,http://www.reactome.org/biopax/96/48892#BiochemicalReaction6773,1,http://www.reactome.org/biopax/96/48892#Catalysis3852,4381
3923,4783|7943|10258|10343,10298|10344,4,2,http://www.reactome.org/biopax/96/48892#BiochemicalReaction3070,1,http://www.reactome.org/biopax/96/48892#Catalysis1319,4382
3924,6689|8164,9428|10309,2,2,http://www.reactome.org/biopax/96/48892#BiochemicalReaction9908,1,http://www.reactome.org/biopax/96/48892#Catalysis4961,4383
3925,2561|9149|10269,7943|9150,3,2,http://www.reactome.org/biopax/96/48892#BiochemicalReaction4395,1,http://www.reactome.org/biopax/96/48892#Catalysis2574,4384
3926,653|6223|7986,657|8067,3,2,http://www.reactome.org/biopax/96/48892#BiochemicalReaction9685,1,http://www.reactome.org/biopax/96/48892#Catalysis4893,4385
3927,1025|9653|10010,9670|10012,3,2,http://www.reactome.org/biopax/96/48892#BiochemicalReaction1035,1,http://www.reactome.org/biopax/96/48892#Catalysis399,4386
3928,5117|5119|8744,5118,3,1,http://www.reactome.org/biopax/96/48892#BiochemicalReaction3976,1,http://www.reactome.org/biopax/96/48892#Catalysis2173,4387
3929,2347|7943|8756|9847,8757|10091|10232,4,3,http://www.reactome.org/biopax/96/48892#BiochemicalReaction3990,1,http://www.reactome.org/biopax/96/48892#Catalysis2183,4388
3930,4083|6318|8164,4084|10157,3,2,http://www.reactome.org/biopax/96/48892#BiochemicalReaction7925,-1,http://www.reactome.org/biopax/96/48892#Control1025,4389
3931,2619|8059|8062|9258,8061|9259|9260,4,3,http://www.reactome.org/biopax/96/48892#BiochemicalReaction4505,1,http://www.reactome.org/biopax/96/48892#Catalysis2683,4391
3932,4238|6194,4937,2,1,http://www.reactome.org/biopax/96/48892#BiochemicalReaction7042,1,http://www.reactome.org/biopax/96/48892#Control875,4392
3933,754|766|7986,658|8067,3,2,http://www.reactome.org/biopax/96/48892#BiochemicalReaction9976,1,http://www.reactome.org/biopax/96/48892#Catalysis4980,4393
3934,1967|9839,10222,2,1,http://www.reactome.org/biopax/96/48892#BiochemicalReaction2918,1,http://www.reactome.org/biopax/96/48892#Catalysis1180,4394
3935,3240|9797,3233|3236|4533|4536|5660|8957,2,6,http://www.reactome.org/biopax/96/48892#BiochemicalReaction5806,1,http://www.reactome.org/biopax/96/48892#Catalysis3469,4395
3936,3338|5622|8622,3339|8631,3,2,http://www.reactome.org/biopax/96/48892#BiochemicalReaction6232,1,http://www.reactome.org/biopax/96/48892#Catalysis3605,4396
3937,3777|8164,3778|10157,2,2,http://www.reactome.org/biopax/96/48892#BiochemicalReaction7123,1,http://www.reactome.org/biopax/96/48892#Catalysis3934,4398
3938,4113|7383,6820|7384,2,2,http://www.reactome.org/biopax/96/48892#BiochemicalReaction1182,1,http://www.reactome.org/biopax/96/48892#Catalysis512,4399
3939,4113|7395,6820|7396,2,2,http://www.reactome.org/biopax/96/48892#BiochemicalReaction1190,1,http://www.reactome.org/biopax/96/48892#Catalysis520,4400
3940,829|830|831|6896|6897|6898|6899|6900|6901|6923|8622,828|836|6891|6893|6894|6902|6905|6906|6907|6909|6912|6918|8631|8643,11,14,http://www.reactome.org/biopax/96/48892#BiochemicalReaction744,1,http://www.reactome.org/biopax/96/48892#Catalysis242,4401
3941,5192|7986|8997,7943|8067|8998,3,3,http://www.reactome.org/biopax/96/48892#BiochemicalReaction4220,1,http://www.reactome.org/biopax/96/48892#Catalysis2405,4402
3942,2476|9028|10177,9027,3,1,http://www.reactome.org/biopax/96/48892#BiochemicalReaction4259,1,http://www.reactome.org/biopax/96/48892#Catalysis2442,4403
3943,4850|7940|7943|10258|10269,8037|10177|10298,5,3,http://www.reactome.org/biopax/96/48892#BiochemicalReaction3237,1,http://www.reactome.org/biopax/96/48892#Catalysis1477,4404
3944,3025,3026|9790,1,2,http://www.reactome.org/biopax/96/48892#BiochemicalReaction5553,1,http://www.reactome.org/biopax/96/48892#Catalysis3342,4405
3945,947|948|6987|7072|7986,947|949|4365|8067|10159,5,5,http://www.reactome.org/biopax/96/48892#BiochemicalReaction879,1,http://www.reactome.org/biopax/96/48892#Catalysis289,4406
3946,6140|6149|8622,6145|8631,3,2,http://www.reactome.org/biopax/96/48892#BiochemicalReaction600,1,http://www.reactome.org/biopax/96/48892#Catalysis202,4407
3947,165|5466|7749,179,3,1,http://www.reactome.org/biopax/96/48892#BiochemicalReaction8488,1,http://www.reactome.org/biopax/96/48892#Catalysis4493,4408
3948,4404|4414|8386,9710|9751,3,2,http://www.reactome.org/biopax/96/48892#BiochemicalReaction26,1,http://www.reactome.org/biopax/96/48892#Catalysis10,4409
3949,474|4222,7110,2,1,http://www.reactome.org/biopax/96/48892#BiochemicalReaction7393,1,http://www.reactome.org/biopax/96/48892#Control912,4411
3950,5198|8062|8172,8155|8160|9012,3,3,http://www.reactome.org/biopax/96/48892#BiochemicalReaction4234,1,http://www.reactome.org/biopax/96/48892#Catalysis2419,4412
3951,5802|5812|8622,5811|8631,3,2,http://www.reactome.org/biopax/96/48892#BiochemicalReaction6255,1,http://www.reactome.org/biopax/96/48892#Catalysis3622,4413
3952,5264|9225|9228|10091,7943|9086|10280,4,3,http://www.reactome.org/biopax/96/48892#BiochemicalReaction4479,1,http://www.reactome.org/biopax/96/48892#Catalysis2658,4414
3953,4157|7986,4158|8067,2,2,http://www.reactome.org/biopax/96/48892#BiochemicalReaction8140,1,http://www.reactome.org/biopax/96/48892#Catalysis4346,4415
3954,2822|9590|9973,9591|9592,3,2,http://www.reactome.org/biopax/96/48892#BiochemicalReaction4982,1,http://www.reactome.org/biopax/96/48892#Catalysis2979,4416
3955,5622|5795|7495,3340,3,1,http://www.reactome.org/biopax/96/48892#BiochemicalReaction6234,-1,http://www.reactome.org/biopax/96/48892#Control798,4417
3956,5229|8086|9105,7952|9107,3,2,http://www.reactome.org/biopax/96/48892#BiochemicalReaction4347,1,http://www.reactome.org/biopax/96/48892#Catalysis2526,4418
3957,2372|7943|9206|10258,9207|10177|10298,4,3,http://www.reactome.org/biopax/96/48892#BiochemicalReaction4454,1,http://www.reactome.org/biopax/96/48892#Catalysis2633,4419
3958,1439|5466,4393,2,1,http://www.reactome.org/biopax/96/48892#BiochemicalReaction1808,1,http://www.reactome.org/biopax/96/48892#Catalysis844,4420
3959,5695|5738,5697|5739,2,2,http://www.reactome.org/biopax/96/48892#BiochemicalReaction5967,-1,http://www.reactome.org/biopax/96/48892#Control727,4421
3960,782|7986,783|8067,2,2,http://www.reactome.org/biopax/96/48892#BiochemicalReaction10038,1,http://www.reactome.org/biopax/96/48892#Catalysis5022,4422
3961,5146|7986|8772|9841|10177,7943|8067|8773|9847|10159,5,5,http://www.reactome.org/biopax/96/48892#BiochemicalReaction4015,1,http://www.reactome.org/biopax/96/48892#Catalysis2203,4423
3962,4823|7943|7956|10258,7961|10298,4,2,http://www.reactome.org/biopax/96/48892#BiochemicalReaction3177,1,http://www.reactome.org/biopax/96/48892#Catalysis1424,4425
3963,3477|5898|9704,3478|9849,3,2,http://www.reactome.org/biopax/96/48892#BiochemicalReaction6439,1,http://www.reactome.org/biopax/96/48892#Catalysis3722,4426
3964,2204|8424,8426|9428,2,2,http://www.reactome.org/biopax/96/48892#BiochemicalReaction3621,1,http://www.reactome.org/biopax/96/48892#Catalysis1851,4427
3965,2447|9396|10258,2448|7943|9450|10298,3,4,http://www.reactome.org/biopax/96/48892#BiochemicalReaction4195,1,http://www.reactome.org/biopax/96/48892#Catalysis2381,4429
3966,5628|6177|9245,6178|9256,3,2,http://www.reactome.org/biopax/96/48892#BiochemicalReaction7313,1,http://www.reactome.org/biopax/96/48892#Catalysis4025,4430
3967,4113|7352|7354,6820|7353,3,2,http://www.reactome.org/biopax/96/48892#BiochemicalReaction1165,1,http://www.reactome.org/biopax/96/48892#Catalysis495,4431
3968,6398|7152|7986,6399|8067,3,2,http://www.reactome.org/biopax/96/48892#BiochemicalReaction8423,1,http://www.reactome.org/biopax/96/48892#Catalysis4466,4432
3969,2334|5125|5126|8729,2335,4,1,http://www.reactome.org/biopax/96/48892#BiochemicalReaction3983,1,http://www.reactome.org/biopax/96/48892#Catalysis2178,4433
3970,734|6688|10177,6429|10159,3,2,http://www.reactome.org/biopax/96/48892#BiochemicalReaction9905,1,http://www.reactome.org/biopax/96/48892#Catalysis4959,4435
3971,607|6399|7986,608|8067,3,2,http://www.reactome.org/biopax/96/48892#BiochemicalReaction9555,1,http://www.reactome.org/biopax/96/48892#Catalysis4832,4436
3972,1930|10222,9874,2,1,http://www.reactome.org/biopax/96/48892#BiochemicalReaction2888,1,http://www.reactome.org/biopax/96/48892#Catalysis1151,4437
3973,5016|8586|8595,8600|8611,3,2,http://www.reactome.org/biopax/96/48892#BiochemicalReaction365,1,http://www.reactome.org/biopax/96/48892#Catalysis131,4438
3974,3267|5699|7986,5700|8067,3,2,http://www.reactome.org/biopax/96/48892#BiochemicalReaction456,1,http://www.reactome.org/biopax/96/48892#Catalysis156,4439
3975,1555|1560|7986,1565|8067,3,2,http://www.reactome.org/biopax/96/48892#BiochemicalReaction2112,1,http://www.reactome.org/biopax/96/48892#Catalysis928,4440
3976,602|9014|10258,7943|9957|10298,3,3,http://www.reactome.org/biopax/96/48892#BiochemicalReaction9548,1,http://www.reactome.org/biopax/96/48892#Catalysis4826,4442
3977,5055|7943|8562|10258|10269,8579|10177|10278|10298,5,4,http://www.reactome.org/biopax/96/48892#BiochemicalReaction3753,1,http://www.reactome.org/biopax/96/48892#Catalysis1977,4443
3978,2794|10134,10134,2,1,http://www.reactome.org/biopax/96/48892#BiochemicalReaction4949,1,http://www.reactome.org/biopax/96/48892#Catalysis2947,4444
3979,7280|7283|9947,7282|9946|10070,3,3,http://www.reactome.org/biopax/96/48892#BiochemicalReaction1121,1,http://www.reactome.org/biopax/96/48892#Catalysis452,4445
3980,3718|3756|8164,3757|10221,3,2,http://www.reactome.org/biopax/96/48892#BiochemicalReaction549,1,http://www.reactome.org/biopax/96/48892#Catalysis190,4446
3981,211|7986,212|8067,2,2,http://www.reactome.org/biopax/96/48892#BiochemicalReaction8541,1,http://www.reactome.org/biopax/96/48892#Catalysis4514,4450
3982,3464|5893|8622,3465|3466|4572|8631,3,4,http://www.reactome.org/biopax/96/48892#BiochemicalReaction6427,1,http://www.reactome.org/biopax/96/48892#Catalysis3713,4451
3983,2595|8059|8062|8499,8061|9213|9214,4,3,http://www.reactome.org/biopax/96/48892#BiochemicalReaction4462,1,http://www.reactome.org/biopax/96/48892#Catalysis2641,4453
3984,2956|7986|10113|10133|10177,8067|10109|10134|10159,5,4,http://www.reactome.org/biopax/96/48892#BiochemicalReaction5351,1,http://www.reactome.org/biopax/96/48892#Catalysis3242,4454
3985,1435|7986,1435|8067,2,2,http://www.reactome.org/biopax/96/48892#BiochemicalReaction1803,1,http://www.reactome.org/biopax/96/48892#Catalysis841,4455
3986,387|7986,388|8067,2,2,http://www.reactome.org/biopax/96/48892#BiochemicalReaction9020,1,http://www.reactome.org/biopax/96/48892#Catalysis4629,4457
3987,2390|7986|8854,7943|8067|8808,3,3,http://www.reactome.org/biopax/96/48892#BiochemicalReaction4082,1,http://www.reactome.org/biopax/96/48892#Catalysis2268,4458
3988,168|5785|7986,3319|8067,3,2,http://www.reactome.org/biopax/96/48892#BiochemicalReaction6151,1,http://www.reactome.org/biopax/96/48892#Catalysis3587,4459
3989,3485|5872|10177,4671|10159,3,2,http://www.reactome.org/biopax/96/48892#BiochemicalReaction6447,-1,http://www.reactome.org/biopax/96/48892#Control811,4460
3990,5622|7495|8622,5793|8631,3,2,http://www.reactome.org/biopax/96/48892#BiochemicalReaction6231,1,http://www.reactome.org/biopax/96/48892#Catalysis3604,4461
3991,4470|7986|8794,8067|8796,3,2,http://www.reactome.org/biopax/96/48892#BiochemicalReaction4038,1,http://www.reactome.org/biopax/96/48892#Catalysis2224,4462
3992,5515|9165|9693|10109|10113,8718|9694|10109|10113,5,4,http://www.reactome.org/biopax/96/48892#BiochemicalReaction5238,1,http://www.reactome.org/biopax/96/48892#Catalysis3150,4463
3993,2090|8136,8137,2,1,http://www.reactome.org/biopax/96/48892#BiochemicalReaction3312,1,http://www.reactome.org/biopax/96/48892#Catalysis1552,4464
3994,3241|7680,3242,2,1,http://www.reactome.org/biopax/96/48892#BiochemicalReaction5810,1,http://www.reactome.org/biopax/96/48892#Catalysis3470,4465
3995,2562|9150,9151,2,1,http://www.reactome.org/biopax/96/48892#BiochemicalReaction4396,1,http://www.reactome.org/biopax/96/48892#Catalysis2575,4466
3996,4417|4707,4417|4418,2,2,http://www.reactome.org/biopax/96/48892#BiochemicalReaction2980,1,http://www.reactome.org/biopax/96/48892#Catalysis1240,4467
3997,5321|9439|9465,9466|9467,3,2,http://www.reactome.org/biopax/96/48892#BiochemicalReaction4646,1,http://www.reactome.org/biopax/96/48892#Catalysis2817,4468
3998,4147|5466,4140,2,1,http://www.reactome.org/biopax/96/48892#BiochemicalReaction8130,1,http://www.reactome.org/biopax/96/48892#Catalysis4340,4469
3999,4865|8094|8130,8095|8131,3,2,http://www.reactome.org/biopax/96/48892#BiochemicalReaction3308,1,http://www.reactome.org/biopax/96/48892#Catalysis1548,4470
4000,1420|10158|10177,10145|10147|10148,3,3,http://www.reactome.org/biopax/96/48892#BiochemicalReaction1731,1,http://www.reactome.org/biopax/96/48892#Catalysis827,4471
4001,297|5981|7986,5680|8067,3,2,http://www.reactome.org/biopax/96/48892#BiochemicalReaction8665,1,http://www.reactome.org/biopax/96/48892#Catalysis4559,4472
4002,2952|4843|7986,2954|8067,3,2,http://www.reactome.org/biopax/96/48892#BiochemicalReaction7616,1,http://www.reactome.org/biopax/96/48892#Catalysis4115,4474
4003,1060|7284|9706,7285|9582|10026,3,3,http://www.reactome.org/biopax/96/48892#BiochemicalReaction1122,1,http://www.reactome.org/biopax/96/48892#Catalysis453,4475
4004,3337|5337|6002,3605,3,1,http://www.reactome.org/biopax/96/48892#BiochemicalReaction6728,1,http://www.reactome.org/biopax/96/48892#Catalysis3825,4476
4005,4045|8918,4003|4046|5316|6279|8631|8643,2,6,http://www.reactome.org/biopax/96/48892#BiochemicalReaction7848,1,http://www.reactome.org/biopax/96/48892#Catalysis4241,4477
4006,4368|7122|9570,4369|9582|9588|9593,3,4,http://www.reactome.org/biopax/96/48892#BiochemicalReaction964,1,http://www.reactome.org/biopax/96/48892#Catalysis328,4478
4007,3391|5801|8918,3345|8643,3,2,http://www.reactome.org/biopax/96/48892#BiochemicalReaction6321,1,http://www.reactome.org/biopax/96/48892#Catalysis3650,4479
4008,2838|5430|5431|7216|7986|10159,2838|5430|5431|8067,6,4,http://www.reactome.org/biopax/96/48892#BiochemicalReaction5005,1,http://www.reactome.org/biopax/96/48892#Catalysis2996,4480
4009,4748|4749|9630,4750|9632|10070,3,3,http://www.reactome.org/biopax/96/48892#BiochemicalReaction3024,1,http://www.reactome.org/biopax/96/48892#Catalysis1281,4481
4010,2389|8853|10159,8844|8851,3,2,http://www.reactome.org/biopax/96/48892#BiochemicalReaction4128,1,http://www.reactome.org/biopax/96/48892#Catalysis2314,4482
4011,6675|10016,10011,2,1,http://www.reactome.org/biopax/96/48892#BiochemicalReaction9885,1,http://www.reactome.org/biopax/96/48892#Catalysis4948,4483
4012,4970|8326|10177,8328|10159,3,2,http://www.reactome.org/biopax/96/48892#BiochemicalReaction3533,1,http://www.reactome.org/biopax/96/48892#Catalysis1769,4484
4013,811|10134,10133,2,1,http://www.reactome.org/biopax/96/48892#BiochemicalReaction10127,1,http://www.reactome.org/biopax/96/48892#Catalysis5045,4485
4014,2225|7952|8123,10230,3,1,http://www.reactome.org/biopax/96/48892#BiochemicalReaction3796,1,http://www.reactome.org/biopax/96/48892#Catalysis2017,4486
4015,2458|5185|7986|8979,2459|9236|9428,4,3,http://www.reactome.org/biopax/96/48892#BiochemicalReaction4206,1,http://www.reactome.org/biopax/96/48892#Catalysis2391,4487
4016,786|7986,787|8067,2,2,http://www.reactome.org/biopax/96/48892#BiochemicalReaction10042,1,http://www.reactome.org/biopax/96/48892#Catalysis5024,4488
4017,2460|5185|7986|8979,2461|9236|9428,4,3,http://www.reactome.org/biopax/96/48892#BiochemicalReaction4207,1,http://www.reactome.org/biopax/96/48892#Catalysis2392,4489
4018,1114|8918,1116|5337,2,2,http://www.reactome.org/biopax/96/48892#BiochemicalReaction1273,1,http://www.reactome.org/biopax/96/48892#Catalysis596,4490
4019,2494|5592|8299|8461,2999,4,1,http://www.reactome.org/biopax/96/48892#BiochemicalReaction5464,1,http://www.reactome.org/biopax/96/48892#Control680,4492
4020,2817|5394|5396|5397|6099|7907,2818,6,1,http://www.reactome.org/biopax/96/48892#BiochemicalReaction4976,1,http://www.reactome.org/biopax/96/48892#Catalysis2973,4494
4021,4113|7322|7366,6820|7367,3,2,http://www.reactome.org/biopax/96/48892#BiochemicalReaction1172,1,http://www.reactome.org/biopax/96/48892#Catalysis502,4495
4022,1018|9902|10177,9912|10159,3,2,http://www.reactome.org/biopax/96/48892#BiochemicalReaction1014,1,http://www.reactome.org/biopax/96/48892#Catalysis378,4496
4023,635|6624|7986,3591|6625|8067,3,3,http://www.reactome.org/biopax/96/48892#BiochemicalReaction9616,1,http://www.reactome.org/biopax/96/48892#Catalysis4862,4497
4024,5330|9396|9505,7943|9450|9506,3,3,http://www.reactome.org/biopax/96/48892#BiochemicalReaction4673,1,http://www.reactome.org/biopax/96/48892#Catalysis2844,4498
4025,865|880,881,2,1,http://www.reactome.org/biopax/96/48892#BiochemicalReaction782,1,http://www.reactome.org/biopax/96/48892#Control114,4500
4026,7159|9781|9783,7943|9638|9789,3,3,http://www.reactome.org/biopax/96/48892#BiochemicalReaction997,1,http://www.reactome.org/biopax/96/48892#Catalysis361,4502
4027,4996|8357|10053,8378|10055|10070,3,3,http://www.reactome.org/biopax/96/48892#BiochemicalReaction3568,1,http://www.reactome.org/biopax/96/48892#Catalysis1802,4505
4028,590|7986,589|1344|6600|8067,2,4,http://www.reactome.org/biopax/96/48892#BiochemicalReaction9506,1,http://www.reactome.org/biopax/96/48892#Catalysis4820,4507
4029,1611|7986,1612|8067,2,2,http://www.reactome.org/biopax/96/48892#BiochemicalReaction2186,1,http://www.reactome.org/biopax/96/48892#Catalysis964,4508
4030,2295|5093|7986,5094|7943|8067,3,3,http://www.reactome.org/biopax/96/48892#BiochemicalReaction3932,1,http://www.reactome.org/biopax/96/48892#Catalysis2144,4509
4031,3321|4240,6207,2,1,http://www.reactome.org/biopax/96/48892#BiochemicalReaction9834,1,http://www.reactome.org/biopax/96/48892#Control1293,4510
4032,4511|5452|7986|10177,4512|8067|10159,4,3,http://www.reactome.org/biopax/96/48892#BiochemicalReaction7732,1,http://www.reactome.org/biopax/96/48892#Catalysis4197,4511
4033,2206|8719|10109,8542|10113,3,2,http://www.reactome.org/biopax/96/48892#BiochemicalReaction3720,1,http://www.reactome.org/biopax/96/48892#Control421,4512
4034,5391|6251,6252,2,1,http://www.reactome.org/biopax/96/48892#BiochemicalReaction7643,1,http://www.reactome.org/biopax/96/48892#Catalysis4127,4513
4035,4545|5744,4561,2,1,http://www.reactome.org/biopax/96/48892#BiochemicalReaction5990,1,http://www.reactome.org/biopax/96/48892#Catalysis3541,4514
4036,1330|1583|4393|7986,1330|1584|9236|9428,4,4,http://www.reactome.org/biopax/96/48892#BiochemicalReaction2144,1,http://www.reactome.org/biopax/96/48892#Catalysis945,4516
4037,1300|10109|10372,10113|10349,3,2,http://www.reactome.org/biopax/96/48892#BiochemicalReaction1549,1,http://www.reactome.org/biopax/96/48892#Catalysis744,4517
4038,2575|9174|10269,9175,3,1,http://www.reactome.org/biopax/96/48892#BiochemicalReaction4421,1,http://www.reactome.org/biopax/96/48892#Catalysis2600,4518
4039,3116|5337,3117,2,1,http://www.reactome.org/biopax/96/48892#BiochemicalReaction5666,1,http://www.reactome.org/biopax/96/48892#Catalysis3404,4519
4040,8720|10226|10227|10232,8600|8738|10091|10228,4,4,http://www.reactome.org/biopax/96/48892#BiochemicalReaction2908,-1,http://www.reactome.org/biopax/96/48892#Control356,4520
4041,2938|2939,2930,2,1,http://www.reactome.org/biopax/96/48892#BiochemicalReaction5315,1,http://www.reactome.org/biopax/96/48892#Catalysis3218,4521
4042,920|7029,921,2,1,http://www.reactome.org/biopax/96/48892#BiochemicalReaction844,1,http://www.reactome.org/biopax/96/48892#Control147,4523
4043,2426|8945|10177,10159|10273,3,2,http://www.reactome.org/biopax/96/48892#BiochemicalReaction4155,1,http://www.reactome.org/biopax/96/48892#Catalysis2341,4524
4044,5074|7998|8645,8020|8649|10177,3,3,http://www.reactome.org/biopax/96/48892#BiochemicalReaction3819,1,http://www.reactome.org/biopax/96/48892#Catalysis2040,4525
4045,2697|9428|10177,10159,3,1,http://www.reactome.org/biopax/96/48892#BiochemicalReaction4723,1,http://www.reactome.org/biopax/96/48892#Catalysis2894,4526
4046,7986|9159,9563|9995,2,2,http://www.reactome.org/biopax/96/48892#BiochemicalReaction4409,1,http://www.reactome.org/biopax/96/48892#Control537,4527
4047,6377|6378|8528,4217,3,1,http://www.reactome.org/biopax/96/48892#BiochemicalReaction8214,1,http://www.reactome.org/biopax/96/48892#Control1103,4528
4048,387|389|7986,388|8067,3,2,http://www.reactome.org/biopax/96/48892#BiochemicalReaction9020,-1,http://www.reactome.org/biopax/96/48892#Control1169,4529
4049,5417|8834,9847,2,1,http://www.reactome.org/biopax/96/48892#BiochemicalReaction4995,1,http://www.reactome.org/biopax/96/48892#Catalysis2989,4531
4050,7718|7724,7721,2,1,http://www.reactome.org/biopax/96/48892#BiochemicalReaction1643,1,http://www.reactome.org/biopax/96/48892#Catalysis789,4532
4051,1751|7986,1752|8067,2,2,http://www.reactome.org/biopax/96/48892#BiochemicalReaction2493,1,http://www.reactome.org/biopax/96/48892#Catalysis1061,4533
4052,58|7986,59|8067,2,2,http://www.reactome.org/biopax/96/48892#BiochemicalReaction8310,1,http://www.reactome.org/biopax/96/48892#Catalysis4418,4534
4053,5070|7943|10130|10258,8599|9704|10298,4,3,http://www.reactome.org/biopax/96/48892#BiochemicalReaction3780,1,http://www.reactome.org/biopax/96/48892#Catalysis2001,4535
4054,4829|7984|10177,7940|7985,3,2,http://www.reactome.org/biopax/96/48892#BiochemicalReaction3186,1,http://www.reactome.org/biopax/96/48892#Catalysis1433,4536
4055,1014|9837|9849,7943|9704|9835,3,3,http://www.reactome.org/biopax/96/48892#BiochemicalReaction1003,1,http://www.reactome.org/biopax/96/48892#Catalysis367,4537
4056,7242|7245|10065,7243|10055,3,2,http://www.reactome.org/biopax/96/48892#BiochemicalReaction1103,1,http://www.reactome.org/biopax/96/48892#Catalysis438,4538
4057,4113|7335|7337,6820|7336,3,2,http://www.reactome.org/biopax/96/48892#BiochemicalReaction1154,1,http://www.reactome.org/biopax/96/48892#Catalysis484,4539
4058,2849|8622,2851|8631,2,2,http://www.reactome.org/biopax/96/48892#BiochemicalReaction5020,1,http://www.reactome.org/biopax/96/48892#Catalysis3004,4540
4059,1045|7212|10177,7204|10159,3,2,http://www.reactome.org/biopax/96/48892#BiochemicalReaction1068,1,http://www.reactome.org/biopax/96/48892#Catalysis415,4541
4060,4316|7986|9900|10177,8067|9901|10159,4,3,http://www.reactome.org/biopax/96/48892#BiochemicalReaction7698,1,http://www.reactome.org/biopax/96/48892#Catalysis4163,4542
4061,150|7986,9428|10206,2,2,http://www.reactome.org/biopax/96/48892#BiochemicalReaction8913,1,http://www.reactome.org/biopax/96/48892#Control1160,4543
4062,1451|6179|9245,3885|9256,3,2,http://www.reactome.org/biopax/96/48892#BiochemicalReaction7314,1,http://www.reactome.org/biopax/96/48892#Catalysis4026,4544
4063,3404|3786|8164,3144|10157,3,2,http://www.reactome.org/biopax/96/48892#BiochemicalReaction557,1,http://www.reactome.org/biopax/96/48892#Catalysis195,4545
4064,5540|9653|10302,9286|10053,3,2,http://www.reactome.org/biopax/96/48892#BiochemicalReaction5299,1,http://www.reactome.org/biopax/96/48892#Catalysis3205,4547
4065,1511|7502,1180|4393,2,2,http://www.reactome.org/biopax/96/48892#BiochemicalReaction1998,1,http://www.reactome.org/biopax/96/48892#Catalysis894,4548
4066,4938|10124|10177,8280|9743,3,2,http://www.reactome.org/biopax/96/48892#BiochemicalReaction3458,1,http://www.reactome.org/biopax/96/48892#Catalysis1696,4549
4067,2611|9235|9633|10269,8083|9634|9635,4,3,http://www.reactome.org/biopax/96/48892#BiochemicalReaction4485,1,http://www.reactome.org/biopax/96/48892#Catalysis2663,4550
4068,2055|7942|10269,8626,3,1,http://www.reactome.org/biopax/96/48892#BiochemicalReaction3802,1,http://www.reactome.org/biopax/96/48892#Catalysis2023,4551
4069,6691|8164,9428|10309,2,2,http://www.reactome.org/biopax/96/48892#BiochemicalReaction9908,1,http://www.reactome.org/biopax/96/48892#Control1314,4552
4070,2496|4364|5216,2499,3,1,http://www.reactome.org/biopax/96/48892#BiochemicalReaction4286,1,http://www.reactome.org/biopax/96/48892#Catalysis2466,4553
4071,2931|10177,8386,2,1,http://www.reactome.org/biopax/96/48892#BiochemicalReaction5319,1,http://www.reactome.org/biopax/96/48892#Catalysis3222,4555
4072,4295|4808|9245,4296|9256,3,2,http://www.reactome.org/biopax/96/48892#BiochemicalReaction7328,1,http://www.reactome.org/biopax/96/48892#Catalysis4034,4556
4073,3200|3201|5654,3202|6820,3,2,http://www.reactome.org/biopax/96/48892#BiochemicalReaction5757,1,http://www.reactome.org/biopax/96/48892#Catalysis3446,4557
4074,3957|3958,3956|10159,2,2,http://www.reactome.org/biopax/96/48892#BiochemicalReaction7604,1,http://www.reactome.org/biopax/96/48892#Catalysis4108,4559
4075,2079|8092|8094|10091,8095|8096,4,2,http://www.reactome.org/biopax/96/48892#BiochemicalReaction3276,1,http://www.reactome.org/biopax/96/48892#Catalysis1516,4560
4076,1706|3634|9245,3633|9256,3,2,http://www.reactome.org/biopax/96/48892#BiochemicalReaction6768,1,http://www.reactome.org/biopax/96/48892#Catalysis3849,4562
4077,7183|9977|9982,7943|9912,3,2,http://www.reactome.org/biopax/96/48892#BiochemicalReaction1025,1,http://www.reactome.org/biopax/96/48892#Catalysis389,4563
4078,4492|5743,4554,2,1,http://www.reactome.org/biopax/96/48892#BiochemicalReaction5973,1,http://www.reactome.org/biopax/96/48892#Catalysis3524,4564
4079,2813,2798|2801|4586|5396|5397|5398|5408|10115,1,8,http://www.reactome.org/biopax/96/48892#BiochemicalReaction4972,1,http://www.reactome.org/biopax/96/48892#Catalysis2969,4565
4080,2678|9907|10177,9908|10088,3,2,http://www.reactome.org/biopax/96/48892#BiochemicalReaction7704,1,http://www.reactome.org/biopax/96/48892#Catalysis4169,4566
4081,3517|5466,3518,2,1,http://www.reactome.org/biopax/96/48892#BiochemicalReaction6502,1,http://www.reactome.org/biopax/96/48892#Catalysis3755,4567
4082,2197|8411|9513|10177,7943|8818|9538,4,3,http://www.reactome.org/biopax/96/48892#BiochemicalReaction3606,1,http://www.reactome.org/biopax/96/48892#Catalysis1838,4568
4083,1736|7986,1737|8067,2,2,http://www.reactome.org/biopax/96/48892#BiochemicalReaction2446,1,http://www.reactome.org/biopax/96/48892#Catalysis1055,4569
4084,1665|1669|7986,1667|8067,3,2,http://www.reactome.org/biopax/96/48892#BiochemicalReaction2302,-1,http://www.reactome.org/biopax/96/48892#Control301,4570
4085,658|6278,6738,2,1,http://www.reactome.org/biopax/96/48892#BiochemicalReaction9997,1,http://www.reactome.org/biopax/96/48892#Catalysis4995,4571
4086,1437|7986,1445|8067,2,2,http://www.reactome.org/biopax/96/48892#BiochemicalReaction178,1,http://www.reactome.org/biopax/96/48892#Catalysis72,4572
4087,5140|8739,10091,2,1,http://www.reactome.org/biopax/96/48892#BiochemicalReaction4000,1,http://www.reactome.org/biopax/96/48892#Catalysis2192,4574
4088,5307|9422|10177|10298,7943|9423|10258,4,3,http://www.reactome.org/biopax/96/48892#BiochemicalReaction4622,1,http://www.reactome.org/biopax/96/48892#Catalysis2795,4575
4089,2073|7982|8071|10163,8048|8049|8072,4,3,http://www.reactome.org/biopax/96/48892#BiochemicalReaction3258,1,http://www.reactome.org/biopax/96/48892#Catalysis1498,4576
4090,3553|3555|7986,3554|8067,3,2,http://www.reactome.org/biopax/96/48892#BiochemicalReaction6570,1,http://www.reactome.org/biopax/96/48892#Catalysis3781,4577
4091,4801|8057|10177,7931|10159,3,2,http://www.reactome.org/biopax/96/48892#BiochemicalReaction3143,1,http://www.reactome.org/biopax/96/48892#Catalysis1392,4579
4092,3041,3042,1,1,http://www.reactome.org/biopax/96/48892#BiochemicalReaction5582,1,http://www.reactome.org/biopax/96/48892#Catalysis3361,4580
4093,500|502|10177,501|10159,3,2,http://www.reactome.org/biopax/96/48892#BiochemicalReaction9305,1,http://www.reactome.org/biopax/96/48892#Catalysis4733,4581
4094,1273|2233|8164,2235|10157,3,2,http://www.reactome.org/biopax/96/48892#BiochemicalReaction3866,1,http://www.reactome.org/biopax/96/48892#Catalysis2087,4582
4095,1542|1630,1552|1554|7764|7765,2,4,http://www.reactome.org/biopax/96/48892#BiochemicalReaction225,-1,http://www.reactome.org/biopax/96/48892#Control49,4583
4096,4503|7943|9551|10258|10269,9552|10177|10298,5,3,http://www.reactome.org/biopax/96/48892#BiochemicalReaction4699,1,http://www.reactome.org/biopax/96/48892#Catalysis2870,4585
4097,1371|7723,1369|5466,2,2,http://www.reactome.org/biopax/96/48892#BiochemicalReaction1641,1,http://www.reactome.org/biopax/96/48892#Catalysis787,4586
4098,2045|4126|8164,2054|10157,3,2,http://www.reactome.org/biopax/96/48892#BiochemicalReaction8103,1,http://www.reactome.org/biopax/96/48892#Catalysis4327,4587
4099,4099|6327|7986,4100|8067,3,2,http://www.reactome.org/biopax/96/48892#BiochemicalReaction7967,1,http://www.reactome.org/biopax/96/48892#Catalysis4294,4588
4100,5533|9724|10109,9725|10113,3,2,http://www.reactome.org/biopax/96/48892#BiochemicalReaction5281,1,http://www.reactome.org/biopax/96/48892#Catalysis3190,4589
4101,4342|6513|10177,6514|9999,3,2,http://www.reactome.org/biopax/96/48892#BiochemicalReaction9286,1,http://www.reactome.org/biopax/96/48892#Catalysis4728,4590
4102,3378|5833|8918,5827|8643,3,2,http://www.reactome.org/biopax/96/48892#BiochemicalReaction6301,1,http://www.reactome.org/biopax/96/48892#Catalysis3640,4591
4103,4413|4608|7835,1700,3,1,http://www.reactome.org/biopax/96/48892#BiochemicalReaction2353,1,http://www.reactome.org/biopax/96/48892#Control306,4592
4104,2925|5466|5603|7986,2919,4,1,http://www.reactome.org/biopax/96/48892#BiochemicalReaction415,1,http://www.reactome.org/biopax/96/48892#Catalysis141,4593
4105,919|7007,920,2,1,http://www.reactome.org/biopax/96/48892#BiochemicalReaction843,1,http://www.reactome.org/biopax/96/48892#Control128,4594
4106,7305|7307|10067,7306|9582|10082,3,3,http://www.reactome.org/biopax/96/48892#BiochemicalReaction1139,1,http://www.reactome.org/biopax/96/48892#Catalysis469,4595
4107,5028|7943|8445|10258,8458|10298,4,2,http://www.reactome.org/biopax/96/48892#BiochemicalReaction3645,1,http://www.reactome.org/biopax/96/48892#Catalysis1875,4596
4108,6232|7986,3941|8067,2,2,http://www.reactome.org/biopax/96/48892#BiochemicalReaction7552,1,http://www.reactome.org/biopax/96/48892#Catalysis4096,4597
4109,3402|5844|8903,3403|8908,3,2,http://www.reactome.org/biopax/96/48892#BiochemicalReaction6338,1,http://www.reactome.org/biopax/96/48892#Catalysis3661,4598
4110,599|7986,600|8067,2,2,http://www.reactome.org/biopax/96/48892#BiochemicalReaction9541,1,http://www.reactome.org/biopax/96/48892#Catalysis4824,4600
4111,2272|9075|10258,8204|10298,3,2,http://www.reactome.org/biopax/96/48892#BiochemicalReaction4314,1,http://www.reactome.org/biopax/96/48892#Catalysis2493,4601
4112,2583|8265|8974,9186|10177,3,2,http://www.reactome.org/biopax/96/48892#BiochemicalReaction4432,1,http://www.reactome.org/biopax/96/48892#Catalysis2611,4602
4113,899|901|10177,900|9236,3,2,http://www.reactome.org/biopax/96/48892#BiochemicalReaction828,1,http://www.reactome.org/biopax/96/48892#Catalysis265,4603
4114,1622|10178|10179,1623,3,1,http://www.reactome.org/biopax/96/48892#BiochemicalReaction2214,1,http://www.reactome.org/biopax/96/48892#Control288,4604
4115,3375|5831|8622,5832|8631,3,2,http://www.reactome.org/biopax/96/48892#BiochemicalReaction6299,-1,http://www.reactome.org/biopax/96/48892#Control804,4605
4116,164|165|167,166|1518|4332|6402,3,4,http://www.reactome.org/biopax/96/48892#BiochemicalReaction8467,-1,http://www.reactome.org/biopax/96/48892#Control1122,4606
4117,2858|7588,5466,2,1,http://www.reactome.org/biopax/96/48892#BiochemicalReaction1434,1,http://www.reactome.org/biopax/96/48892#Catalysis682,4607
4118,2341|2342|2343|2344|5133|5134|5136,2333|2345,7,2,http://www.reactome.org/biopax/96/48892#BiochemicalReaction3988,1,http://www.reactome.org/biopax/96/48892#Control480,4608
4119,6868|7569|9396,7568|9450,3,2,http://www.reactome.org/biopax/96/48892#BiochemicalReaction1401,1,http://www.reactome.org/biopax/96/48892#Catalysis667,4609
4120,2970|9768|10091,8739|9247,3,2,http://www.reactome.org/biopax/96/48892#BiochemicalReaction5384,1,http://www.reactome.org/biopax/96/48892#Catalysis3269,4610
4121,5515|9668|9693|10109|10113,8265|9694|10109|10113,5,4,http://www.reactome.org/biopax/96/48892#BiochemicalReaction5240,1,http://www.reactome.org/biopax/96/48892#Catalysis3152,4611
4122,5024|7943|8454|10258,8455|10298,4,2,http://www.reactome.org/biopax/96/48892#BiochemicalReaction3642,1,http://www.reactome.org/biopax/96/48892#Catalysis1872,4612
4123,86|7986|8046,8035|8067,3,2,http://www.reactome.org/biopax/96/48892#BiochemicalReaction8349,1,http://www.reactome.org/biopax/96/48892#Catalysis4437,4613
4124,2880|10134,10133,2,1,http://www.reactome.org/biopax/96/48892#BiochemicalReaction5051,1,http://www.reactome.org/biopax/96/48892#Catalysis3024,4614
4125,2469|8720|10217,7976|8600|10091,3,3,http://www.reactome.org/biopax/96/48892#BiochemicalReaction4229,1,http://www.reactome.org/biopax/96/48892#Catalysis2414,4615
4126,5490|8082|10109,8083|10113,3,2,http://www.reactome.org/biopax/96/48892#BiochemicalReaction5191,1,http://www.reactome.org/biopax/96/48892#Catalysis3103,4616
4127,2574|9171|10177,7943|8718|9174,3,3,http://www.reactome.org/biopax/96/48892#BiochemicalReaction4420,1,http://www.reactome.org/biopax/96/48892#Catalysis2599,4617
4128,3983|7987|10300,9899|10301,3,2,http://www.reactome.org/biopax/96/48892#BiochemicalReaction7697,1,http://www.reactome.org/biopax/96/48892#Catalysis4162,4618
4129,5818|5876|8622,5878|8631,3,2,http://www.reactome.org/biopax/96/48892#BiochemicalReaction6388,1,http://www.reactome.org/biopax/96/48892#Catalysis3692,4619
4130,6134|6170|9245,6144|9256,3,2,http://www.reactome.org/biopax/96/48892#BiochemicalReaction7304,1,http://www.reactome.org/biopax/96/48892#Catalysis4017,4620
4131,4054|5337,4055,2,1,http://www.reactome.org/biopax/96/48892#BiochemicalReaction7875,1,http://www.reactome.org/biopax/96/48892#Catalysis4247,4621
4132,7517|7528|9513,6564|9009,3,2,http://www.reactome.org/biopax/96/48892#BiochemicalReaction9407,1,http://www.reactome.org/biopax/96/48892#Catalysis4785,4622
4133,2968|9765,10349,2,1,http://www.reactome.org/biopax/96/48892#BiochemicalReaction5380,1,http://www.reactome.org/biopax/96/48892#Catalysis3265,4623
4134,6379|7257|10071,6380|10055,3,2,http://www.reactome.org/biopax/96/48892#BiochemicalReaction8216,1,http://www.reactome.org/biopax/96/48892#Catalysis4378,4624
4135,570|6585|8164,571|10157,3,2,http://www.reactome.org/biopax/96/48892#BiochemicalReaction9451,1,http://www.reactome.org/biopax/96/48892#Catalysis4802,4625
4136,778|6298,6751|6752,2,2,http://www.reactome.org/biopax/96/48892#BiochemicalReaction10006,1,http://www.reactome.org/biopax/96/48892#Catalysis5003,4626
4137,920|922,921,2,1,http://www.reactome.org/biopax/96/48892#BiochemicalReaction844,1,http://www.reactome.org/biopax/96/48892#Catalysis275,4627
4138,1569|7859|7986,7855|8067,3,2,http://www.reactome.org/biopax/96/48892#BiochemicalReaction2121,1,http://www.reactome.org/biopax/96/48892#Catalysis933,4628
4139,1419|10152|10153,10154|10155|10156,3,3,http://www.reactome.org/biopax/96/48892#BiochemicalReaction1720,1,http://www.reactome.org/biopax/96/48892#Catalysis823,4629
4140,3088|8918,3089|5619|5620,2,3,http://www.reactome.org/biopax/96/48892#BiochemicalReaction5635,1,http://www.reactome.org/biopax/96/48892#Catalysis3390,4630
4141,5330|9396|9860,7943|9450|9863,3,3,http://www.reactome.org/biopax/96/48892#BiochemicalReaction7669,1,http://www.reactome.org/biopax/96/48892#Catalysis4136,4631
4142,6437|7055|7986,6875|8067,3,2,http://www.reactome.org/biopax/96/48892#BiochemicalReaction8911,1,http://www.reactome.org/biopax/96/48892#Catalysis4586,4632
4143,212|215|3859,214,3,1,http://www.reactome.org/biopax/96/48892#BiochemicalReaction8542,-1,http://www.reactome.org/biopax/96/48892#Control1131,4633
4144,7718|7722|10074,7719|10075,3,2,http://www.reactome.org/biopax/96/48892#BiochemicalReaction1637,-1,http://www.reactome.org/biopax/96/48892#Control233,4635
4145,4842|8645|10298,8646|10258,3,2,http://www.reactome.org/biopax/96/48892#BiochemicalReaction3816,1,http://www.reactome.org/biopax/96/48892#Catalysis2037,4636
4146,2505|8099|8472|9066|10091,9067|9439|10217,5,3,http://www.reactome.org/biopax/96/48892#BiochemicalReaction4303,1,http://www.reactome.org/biopax/96/48892#Catalysis2482,4637
4147,3933|3934|7986,3935|8067,3,2,http://www.reactome.org/biopax/96/48892#BiochemicalReaction7528,1,http://www.reactome.org/biopax/96/48892#Catalysis4088,4638
4148,525|967|10177,526|10159,3,2,http://www.reactome.org/biopax/96/48892#BiochemicalReaction9335,1,http://www.reactome.org/biopax/96/48892#Catalysis4744,4639
4149,1590|7868|7986,7869|8067,3,2,http://www.reactome.org/biopax/96/48892#BiochemicalReaction2157,1,http://www.reactome.org/biopax/96/48892#Catalysis952,4640
4150,1162|10177,1163|4392,2,2,http://www.reactome.org/biopax/96/48892#BiochemicalReaction1302,1,http://www.reactome.org/biopax/96/48892#Catalysis620,4641
4151,5752|6032,5753|5754|5755,2,3,http://www.reactome.org/biopax/96/48892#BiochemicalReaction6006,1,http://www.reactome.org/biopax/96/48892#Catalysis3555,4642
4152,3887|6180|9245,6181|9256,3,2,http://www.reactome.org/biopax/96/48892#BiochemicalReaction7318,1,http://www.reactome.org/biopax/96/48892#Catalysis4029,4643
4153,4518|5491|7943,4519|8555,3,2,http://www.reactome.org/biopax/96/48892#BiochemicalReaction5192,1,http://www.reactome.org/biopax/96/48892#Catalysis3104,4645
4154,1047|7986,1049|8067,2,2,http://www.reactome.org/biopax/96/48892#BiochemicalReaction1074,1,http://www.reactome.org/biopax/96/48892#Catalysis417,4646
4155,2126|8247|9783,8249|9428,3,2,http://www.reactome.org/biopax/96/48892#BiochemicalReaction3412,1,http://www.reactome.org/biopax/96/48892#Catalysis1650,4647
4156,5201|9017,8975,2,1,http://www.reactome.org/biopax/96/48892#BiochemicalReaction4240,1,http://www.reactome.org/biopax/96/48892#Catalysis2424,4648
4157,2962|10109,10113,2,1,http://www.reactome.org/biopax/96/48892#BiochemicalReaction5365,1,http://www.reactome.org/biopax/96/48892#Catalysis3251,4649
4158,1944|1946|7986,1945|7943|8067,3,3,http://www.reactome.org/biopax/96/48892#BiochemicalReaction2899,1,http://www.reactome.org/biopax/96/48892#Catalysis1162,4650
4159,4523|5496|9633,4524|9647,3,2,http://www.reactome.org/biopax/96/48892#BiochemicalReaction5203,1,http://www.reactome.org/biopax/96/48892#Catalysis3115,4651
4160,6676|6687|7986,6686|8067,3,2,http://www.reactome.org/biopax/96/48892#BiochemicalReaction9903,1,http://www.reactome.org/biopax/96/48892#Catalysis4958,4652
4161,2850|3526|3529|5928,3530,4,1,http://www.reactome.org/biopax/96/48892#BiochemicalReaction6525,-1,http://www.reactome.org/biopax/96/48892#Control813,4653
4162,2029|7986|8567,7943|8067|8583,3,3,http://www.reactome.org/biopax/96/48892#BiochemicalReaction3102,1,http://www.reactome.org/biopax/96/48892#Catalysis1351,4654
4163,1633|10152|10258,7943|10155|10298,3,3,http://www.reactome.org/biopax/96/48892#BiochemicalReaction9546,1,http://www.reactome.org/biopax/96/48892#Catalysis4825,4655
4164,1937|4677,1939,2,1,http://www.reactome.org/biopax/96/48892#BiochemicalReaction2895,1,http://www.reactome.org/biopax/96/48892#Catalysis1158,4656
4165,670|7986,655|8067,2,2,http://www.reactome.org/biopax/96/48892#BiochemicalReaction9684,1,http://www.reactome.org/biopax/96/48892#Catalysis4892,4658
4166,5260|7986|9205|10177,7943|9208|9236|10159,4,4,http://www.reactome.org/biopax/96/48892#BiochemicalReaction4456,1,http://www.reactome.org/biopax/96/48892#Catalysis2635,4659
4167,214|2045|8164,2054|10157,3,2,http://www.reactome.org/biopax/96/48892#BiochemicalReaction8543,1,http://www.reactome.org/biopax/96/48892#Catalysis4515,4660
4168,704|2732|8622,705|8631,3,2,http://www.reactome.org/biopax/96/48892#BiochemicalReaction9822,1,http://www.reactome.org/biopax/96/48892#Catalysis4926,4661
4169,2693|8386|9571,8555|10297,3,2,http://www.reactome.org/biopax/96/48892#BiochemicalReaction4717,1,http://www.reactome.org/biopax/96/48892#Catalysis2888,4662
4170,3770|10177,3773|10159,2,2,http://www.reactome.org/biopax/96/48892#BiochemicalReaction9558,1,http://www.reactome.org/biopax/96/48892#Catalysis4833,4663
4171,1121|10177,1122|4367,2,2,http://www.reactome.org/biopax/96/48892#BiochemicalReaction1276,1,http://www.reactome.org/biopax/96/48892#Catalysis599,4664
4172,5148|8067|8793,7986|8792,3,2,http://www.reactome.org/biopax/96/48892#BiochemicalReaction4035,1,http://www.reactome.org/biopax/96/48892#Catalysis2221,4666
4173,5569|10372,10349,2,1,http://www.reactome.org/biopax/96/48892#BiochemicalReaction5389,1,http://www.reactome.org/biopax/96/48892#Catalysis3273,4667
4174,5402|9683|10109,9684|10113,3,2,http://www.reactome.org/biopax/96/48892#BiochemicalReaction5230,1,http://www.reactome.org/biopax/96/48892#Catalysis3142,4668
4175,4884|8198,2102,2,1,http://www.reactome.org/biopax/96/48892#BiochemicalReaction3350,1,http://www.reactome.org/biopax/96/48892#Catalysis1588,4669
4176,669,6641|7083|7747,1,3,http://www.reactome.org/biopax/96/48892#BiochemicalReaction9681,1,http://www.reactome.org/biopax/96/48892#Catalysis4890,4670
4177,3389|7986,3390|5829|8067,2,3,http://www.reactome.org/biopax/96/48892#BiochemicalReaction6319,1,http://www.reactome.org/biopax/96/48892#Catalysis3648,4671
4178,6916|7958|10177,7969|7980,3,2,http://www.reactome.org/biopax/96/48892#BiochemicalReaction95,1,http://www.reactome.org/biopax/96/48892#Catalysis45,4672
4179,3628|9245,3630|9256,2,2,http://www.reactome.org/biopax/96/48892#BiochemicalReaction6764,1,http://www.reactome.org/biopax/96/48892#Catalysis3846,4673
4180,2471|8555|9013|9014,9004|10201,4,2,http://www.reactome.org/biopax/96/48892#BiochemicalReaction4235,1,http://www.reactome.org/biopax/96/48892#Catalysis2420,4675
4181,441|6472|7986,6471|8067,3,2,http://www.reactome.org/biopax/96/48892#BiochemicalReaction9124,1,http://www.reactome.org/biopax/96/48892#Catalysis4672,4676
4182,1336|1337|7986,1339|8067,3,2,http://www.reactome.org/biopax/96/48892#BiochemicalReaction1603,1,http://www.reactome.org/biopax/96/48892#Catalysis769,4677
4183,1016|7943|8164|9854,9428|9643,4,2,http://www.reactome.org/biopax/96/48892#BiochemicalReaction1008,1,http://www.reactome.org/biopax/96/48892#Catalysis372,4678
4184,1571|3404|8164,1572|10157,3,2,http://www.reactome.org/biopax/96/48892#BiochemicalReaction2126,1,http://www.reactome.org/biopax/96/48892#Catalysis935,4679
4185,1912|7689|8903,1913|8908,3,2,http://www.reactome.org/biopax/96/48892#BiochemicalReaction2827,1,http://www.reactome.org/biopax/96/48892#Catalysis1135,4680
4186,1309|1311|7986,1312|8067,3,2,http://www.reactome.org/biopax/96/48892#BiochemicalReaction1565,1,http://www.reactome.org/biopax/96/48892#Catalysis751,4681
4187,4992|8370|9947,8373|9946|10070,3,3,http://www.reactome.org/biopax/96/48892#BiochemicalReaction3564,1,http://www.reactome.org/biopax/96/48892#Catalysis1798,4682
4188,336|7986,337|8067,2,2,http://www.reactome.org/biopax/96/48892#BiochemicalReaction8894,1,http://www.reactome.org/biopax/96/48892#Catalysis4578,4683
4189,363|4266,7817,2,1,http://www.reactome.org/biopax/96/48892#BiochemicalReaction9855,1,http://www.reactome.org/biopax/96/48892#Control1298,4684
4190,2315|2323|2329,2318|2330|5121,3,3,http://www.reactome.org/biopax/96/48892#BiochemicalReaction3979,1,http://www.reactome.org/biopax/96/48892#Control477,4685
4191,1645,1646|10203,1,2,http://www.reactome.org/biopax/96/48892#BiochemicalReaction2277,1,http://www.reactome.org/biopax/96/48892#Catalysis992,4686
4192,2637|7986|8711|10177,7943|8067|9315|10159,4,4,http://www.reactome.org/biopax/96/48892#BiochemicalReaction4546,1,http://www.reactome.org/biopax/96/48892#Catalysis2723,4687
4193,2448|8974,2449|10118,2,2,http://www.reactome.org/biopax/96/48892#BiochemicalReaction4196,1,http://www.reactome.org/biopax/96/48892#Catalysis2382,4688
4194,1450|7779|7986,1449|7778|8067,3,3,http://www.reactome.org/biopax/96/48892#BiochemicalReaction2026,-1,http://www.reactome.org/biopax/96/48892#Control280,4689
4195,4843|5787,5788,2,1,http://www.reactome.org/biopax/96/48892#BiochemicalReaction6188,1,http://www.reactome.org/biopax/96/48892#Catalysis3593,4690
4196,5559|7943|9763,9744|10214,3,2,http://www.reactome.org/biopax/96/48892#BiochemicalReaction5373,1,http://www.reactome.org/biopax/96/48892#Catalysis3258,4691
4197,1823|7986,1824|8067,2,2,http://www.reactome.org/biopax/96/48892#BiochemicalReaction2660,1,http://www.reactome.org/biopax/96/48892#Catalysis1092,4692
4198,4762|9973|10332,10317|10334,3,2,http://www.reactome.org/biopax/96/48892#BiochemicalReaction3065,1,http://www.reactome.org/biopax/96/48892#Catalysis1314,4693
4199,4454|8266|10177,8267|9743,3,2,http://www.reactome.org/biopax/96/48892#BiochemicalReaction3437,1,http://www.reactome.org/biopax/96/48892#Catalysis1675,4694
4200,2560|9148|10269,9149|9635,3,2,http://www.reactome.org/biopax/96/48892#BiochemicalReaction4394,-1,http://www.reactome.org/biopax/96/48892#Control533,4695
4201,1370|7774,1361|9428,2,2,http://www.reactome.org/biopax/96/48892#BiochemicalReaction1788,1,http://www.reactome.org/biopax/96/48892#Catalysis838,4697
4202,2289|8099|8720,2290|8600|10091,3,3,http://www.reactome.org/biopax/96/48892#BiochemicalReaction3929,1,http://www.reactome.org/biopax/96/48892#Control453,4698
4203,2580|9450|10177,8840|8974,3,2,http://www.reactome.org/biopax/96/48892#BiochemicalReaction4429,1,http://www.reactome.org/biopax/96/48892#Catalysis2608,4699
4204,5520|9708|9982,7943|9709,3,2,http://www.reactome.org/biopax/96/48892#BiochemicalReaction5257,1,http://www.reactome.org/biopax/96/48892#Catalysis3169,4701
4205,2301|8746,2302|8751,2,2,http://www.reactome.org/biopax/96/48892#BiochemicalReaction3953,1,http://www.reactome.org/biopax/96/48892#Catalysis2164,4702
4206,3911|6203,3912|6201,2,2,http://www.reactome.org/biopax/96/48892#BiochemicalReaction7430,1,http://www.reactome.org/biopax/96/48892#Catalysis4063,4703
4207,104|110|7986,111|8067,3,2,http://www.reactome.org/biopax/96/48892#BiochemicalReaction8386,1,http://www.reactome.org/biopax/96/48892#Catalysis4447,4704
4208,4966|8317,2153,2,1,http://www.reactome.org/biopax/96/48892#BiochemicalReaction3517,1,http://www.reactome.org/biopax/96/48892#Catalysis1754,4705
4209,4912|8259|10177,9743|10213,3,2,http://www.reactome.org/biopax/96/48892#BiochemicalReaction3433,1,http://www.reactome.org/biopax/96/48892#Catalysis1671,4706
4210,1352|1354|7986,1353|8067,3,2,http://www.reactome.org/biopax/96/48892#BiochemicalReaction1614,1,http://www.reactome.org/biopax/96/48892#Catalysis774,4707
4211,1008|9739,9739,2,1,http://www.reactome.org/biopax/96/48892#BiochemicalReaction988,1,http://www.reactome.org/biopax/96/48892#Catalysis352,4708
4212,4478|8029|9340|9480|9582,8031|9341|9502,5,3,http://www.reactome.org/biopax/96/48892#BiochemicalReaction4573,1,http://www.reactome.org/biopax/96/48892#Catalysis2748,4709
4213,7635|10115,7637,2,1,http://www.reactome.org/biopax/96/48892#BiochemicalReaction1475,1,http://www.reactome.org/biopax/96/48892#Control207,4710
4214,2584|8974,7943|9187|9190,2,3,http://www.reactome.org/biopax/96/48892#BiochemicalReaction4440,1,http://www.reactome.org/biopax/96/48892#Catalysis2619,4711
4215,5568|10372,10349,2,1,http://www.reactome.org/biopax/96/48892#BiochemicalReaction5385,1,http://www.reactome.org/biopax/96/48892#Catalysis3270,4713
4216,2081|8094|8100|10091,8095|8101,4,2,http://www.reactome.org/biopax/96/48892#BiochemicalReaction3280,1,http://www.reactome.org/biopax/96/48892#Catalysis1520,4714
4217,1330|1331|1335|4393,1330|1336,4,2,http://www.reactome.org/biopax/96/48892#BiochemicalReaction1602,1,http://www.reactome.org/biopax/96/48892#Catalysis768,4715
4218,2375|8720|8814,8600|8815,3,2,http://www.reactome.org/biopax/96/48892#BiochemicalReaction4059,1,http://www.reactome.org/biopax/96/48892#Catalysis2245,4716
4219,5546|7986|10177|10189,7943|8067|9749|10159,4,4,http://www.reactome.org/biopax/96/48892#BiochemicalReaction5348,1,http://www.reactome.org/biopax/96/48892#Catalysis3239,4717
4220,2405|8893|10177,7943|9236|9344,3,3,http://www.reactome.org/biopax/96/48892#BiochemicalReaction4118,1,http://www.reactome.org/biopax/96/48892#Catalysis2304,4718
4221,3986|4511|7986|10177,4512|8067|10159,4,3,http://www.reactome.org/biopax/96/48892#BiochemicalReaction7732,-1,http://www.reactome.org/biopax/96/48892#Control996,4719
4222,5469|9631,10189,2,1,http://www.reactome.org/biopax/96/48892#BiochemicalReaction5162,1,http://www.reactome.org/biopax/96/48892#Catalysis3075,4720
4223,2080|8101|9439,8102,3,1,http://www.reactome.org/biopax/96/48892#BiochemicalReaction3281,1,http://www.reactome.org/biopax/96/48892#Catalysis1521,4721
4224,2529|9841|9995,8718|9095,3,2,http://www.reactome.org/biopax/96/48892#BiochemicalReaction4334,1,http://www.reactome.org/biopax/96/48892#Catalysis2513,4722
4225,2199|7943|8416|10258,8418|9704|10298,4,3,http://www.reactome.org/biopax/96/48892#BiochemicalReaction3611,1,http://www.reactome.org/biopax/96/48892#Catalysis1843,4723
4226,1954|4680|9973,1955|10223,3,2,http://www.reactome.org/biopax/96/48892#BiochemicalReaction2906,1,http://www.reactome.org/biopax/96/48892#Catalysis1168,4724
4227,2075|8062|8488,8490,3,1,http://www.reactome.org/biopax/96/48892#BiochemicalReaction3676,1,http://www.reactome.org/biopax/96/48892#Catalysis1904,4725
4228,1706|3621|8622,3620|8631,3,2,http://www.reactome.org/biopax/96/48892#BiochemicalReaction6745,1,http://www.reactome.org/biopax/96/48892#Catalysis3836,4726
4229,5046|9321,2639,2,1,http://www.reactome.org/biopax/96/48892#BiochemicalReaction4554,1,http://www.reactome.org/biopax/96/48892#Catalysis2731,4727
4230,1609|7986,1610|8067,2,2,http://www.reactome.org/biopax/96/48892#BiochemicalReaction2185,1,http://www.reactome.org/biopax/96/48892#Catalysis963,4728
4231,4843|6441,352,2,1,http://www.reactome.org/biopax/96/48892#BiochemicalReaction8928,1,http://www.reactome.org/biopax/96/48892#Catalysis4600,4731
4232,5149|8067,7986|9236,2,2,http://www.reactome.org/biopax/96/48892#BiochemicalReaction4037,1,http://www.reactome.org/biopax/96/48892#Catalysis2223,4732
4233,5275|5276,2618,2,1,http://www.reactome.org/biopax/96/48892#BiochemicalReaction4509,1,http://www.reactome.org/biopax/96/48892#Catalysis2687,4733
4234,4846|8029|9332|9480|9582,8031|9334|9502,5,3,http://www.reactome.org/biopax/96/48892#BiochemicalReaction4569,1,http://www.reactome.org/biopax/96/48892#Catalysis2744,4734
4235,2435|8961|10177|10269,8967|10208,4,2,http://www.reactome.org/biopax/96/48892#BiochemicalReaction4180,1,http://www.reactome.org/biopax/96/48892#Catalysis2366,4735
4236,2703|5340,2705,2,1,http://www.reactome.org/biopax/96/48892#BiochemicalReaction4735,1,http://www.reactome.org/biopax/96/48892#Control571,4736
4237,2430|8978|10109,8979|10113,3,2,http://www.reactome.org/biopax/96/48892#BiochemicalReaction4201,1,http://www.reactome.org/biopax/96/48892#Catalysis2387,4737
4238,2700|4768|8622,7069|8631,3,2,http://www.reactome.org/biopax/96/48892#BiochemicalReaction4728,1,http://www.reactome.org/biopax/96/48892#Catalysis2896,4738
4239,3847|6117|8164,3848|6107|10157,3,3,http://www.reactome.org/biopax/96/48892#BiochemicalReaction7209,1,http://www.reactome.org/biopax/96/48892#Catalysis3965,4740
4240,5418|9841,9579,2,1,http://www.reactome.org/biopax/96/48892#BiochemicalReaction4996,1,http://www.reactome.org/biopax/96/48892#Catalysis2990,4742
4241,943|4094,4090,2,1,http://www.reactome.org/biopax/96/48892#BiochemicalReaction7951,1,http://www.reactome.org/biopax/96/48892#Control1033,4743
4242,4925|8261|10177,8207|8262,3,2,http://www.reactome.org/biopax/96/48892#BiochemicalReaction3429,1,http://www.reactome.org/biopax/96/48892#Catalysis1667,4744
4243,3248|9480|9805,3249|9469|9806,3,3,http://www.reactome.org/biopax/96/48892#BiochemicalReaction5841,1,http://www.reactome.org/biopax/96/48892#Catalysis3483,4745
4244,2348|8757|9633,9847|10234,3,2,http://www.reactome.org/biopax/96/48892#BiochemicalReaction3991,1,http://www.reactome.org/biopax/96/48892#Catalysis2184,4746
4245,2350|10228|10232,8756|10231,3,2,http://www.reactome.org/biopax/96/48892#BiochemicalReaction3994,1,http://www.reactome.org/biopax/96/48892#Catalysis2187,4747
4246,471|9044|9513|10177,7943|9538|9990,4,3,http://www.reactome.org/biopax/96/48892#BiochemicalReaction9200,1,http://www.reactome.org/biopax/96/48892#Catalysis4704,4748
4247,130|7986,131|8067,2,2,http://www.reactome.org/biopax/96/48892#BiochemicalReaction8412,1,http://www.reactome.org/biopax/96/48892#Catalysis4459,4749
4248,4777|4778|9630,4780|9632|10070,3,3,http://www.reactome.org/biopax/96/48892#BiochemicalReaction3056,1,http://www.reactome.org/biopax/96/48892#Catalysis1307,4750
4249,5578|8555|9563,7943|8407,3,2,http://www.reactome.org/biopax/96/48892#BiochemicalReaction5418,1,http://www.reactome.org/biopax/96/48892#Catalysis3293,4751
4250,766|769|7986,770|8067,3,2,http://www.reactome.org/biopax/96/48892#BiochemicalReaction9977,1,http://www.reactome.org/biopax/96/48892#Catalysis4981,4752
4251,384|7986,385|8067,2,2,http://www.reactome.org/biopax/96/48892#BiochemicalReaction9017,1,http://www.reactome.org/biopax/96/48892#Catalysis4627,4754
4252,2082|8109|9439,8110,3,1,http://www.reactome.org/biopax/96/48892#BiochemicalReaction3290,1,http://www.reactome.org/biopax/96/48892#Catalysis1530,4755
4253,2262|4100|7986,2269|8067,3,2,http://www.reactome.org/biopax/96/48892#BiochemicalReaction7968,1,http://www.reactome.org/biopax/96/48892#Catalysis4295,4756
4254,7311|7312,7313,2,1,http://www.reactome.org/biopax/96/48892#BiochemicalReaction1142,1,http://www.reactome.org/biopax/96/48892#Catalysis472,4757
4255,7605|7606,7590|7607,2,2,http://www.reactome.org/biopax/96/48892#BiochemicalReaction1440,1,http://www.reactome.org/biopax/96/48892#Catalysis688,4758
4256,138|6965|7986,139|8067,3,2,http://www.reactome.org/biopax/96/48892#BiochemicalReaction8421,1,http://www.reactome.org/biopax/96/48892#Catalysis4465,4759
4257,4796|8622|8938|10384,8631|10385,4,2,http://www.reactome.org/biopax/96/48892#BiochemicalReaction3118,1,http://www.reactome.org/biopax/96/48892#Catalysis1367,4760
4258,5681|7613|7614,7615|7616,3,2,http://www.reactome.org/biopax/96/48892#BiochemicalReaction1454,-1,http://www.reactome.org/biopax/96/48892#Control190,4761
4259,7933|8897|10177,7943|8781|9428,3,3,http://www.reactome.org/biopax/96/48892#BiochemicalReaction4120,1,http://www.reactome.org/biopax/96/48892#Control515,4762
4260,1288|10132,1287|7668|7669|7670|7671|7672|7673|7674,2,8,http://www.reactome.org/biopax/96/48892#BiochemicalReaction1529,1,http://www.reactome.org/biopax/96/48892#Catalysis737,4763
4261,181|10177,182|10159,2,2,http://www.reactome.org/biopax/96/48892#BiochemicalReaction8493,1,http://www.reactome.org/biopax/96/48892#Catalysis4496,4764
4262,4491|8029|9480|9582|10175,8031|9383|9502,5,3,http://www.reactome.org/biopax/96/48892#BiochemicalReaction4591,1,http://www.reactome.org/biopax/96/48892#Catalysis2766,4765
4263,5076|7943|8675|10258|10269,8679|10177|10298,5,3,http://www.reactome.org/biopax/96/48892#BiochemicalReaction3843,1,http://www.reactome.org/biopax/96/48892#Catalysis2064,4766
4264,2072|8038|10177,8042,3,1,http://www.reactome.org/biopax/96/48892#BiochemicalReaction3242,1,http://www.reactome.org/biopax/96/48892#Catalysis1482,4769
4265,4550|5731,5732|5733,2,2,http://www.reactome.org/biopax/96/48892#BiochemicalReaction5964,1,http://www.reactome.org/biopax/96/48892#Catalysis3516,4770
4266,140|7090|7986,4611|8067,3,2,http://www.reactome.org/biopax/96/48892#BiochemicalReaction8426,1,http://www.reactome.org/biopax/96/48892#Catalysis4468,4771
4267,5116|8099|8741|10091,8739|8742|10217,4,3,http://www.reactome.org/biopax/96/48892#BiochemicalReaction3974,1,http://www.reactome.org/biopax/96/48892#Control476,4772
4268,2272|7943|8713|10258,8206|10298,4,2,http://www.reactome.org/biopax/96/48892#BiochemicalReaction3903,1,http://www.reactome.org/biopax/96/48892#Catalysis2118,4773
4269,3212|4341|8164,3217|10157,3,2,http://www.reactome.org/biopax/96/48892#BiochemicalReaction8963,1,http://www.reactome.org/biopax/96/48892#Catalysis4612,4774
4270,1920|1921|8164,1922|10157,3,2,http://www.reactome.org/biopax/96/48892#BiochemicalReaction2848,1,http://www.reactome.org/biopax/96/48892#Catalysis1143,4775
4271,4830|7943|7997|10258,7999|10298,4,2,http://www.reactome.org/biopax/96/48892#BiochemicalReaction3203,1,http://www.reactome.org/biopax/96/48892#Catalysis1444,4776
4272,5515|9672|9693|10109|10113,9160|9694|10109|10113,5,4,http://www.reactome.org/biopax/96/48892#BiochemicalReaction5241,1,http://www.reactome.org/biopax/96/48892#Catalysis3153,4777
4273,1929|4676|9704,2612|9849,3,2,http://www.reactome.org/biopax/96/48892#BiochemicalReaction2876,1,http://www.reactome.org/biopax/96/48892#Catalysis1150,4778
4274,224|7986|8046,8035|8067,3,2,http://www.reactome.org/biopax/96/48892#BiochemicalReaction8556,1,http://www.reactome.org/biopax/96/48892#Catalysis4520,4779
4275,673|6643|7825,674,3,1,http://www.reactome.org/biopax/96/48892#BiochemicalReaction9693,-1,http://www.reactome.org/biopax/96/48892#Control1259,4780
4276,3688|6036|8918,3686|8957,3,2,http://www.reactome.org/biopax/96/48892#BiochemicalReaction6839,1,http://www.reactome.org/biopax/96/48892#Catalysis3876,4781
4277,6342|6841|8903,6343|8908,3,2,http://www.reactome.org/biopax/96/48892#BiochemicalReaction8025,1,http://www.reactome.org/biopax/96/48892#Catalysis4309,4782
4278,2015|4765|10081,4767|10055|10070,3,3,http://www.reactome.org/biopax/96/48892#BiochemicalReaction3047,1,http://www.reactome.org/biopax/96/48892#Catalysis1299,4783
4279,4095|6321|7986,4096|8067,3,2,http://www.reactome.org/biopax/96/48892#BiochemicalReaction7956,1,http://www.reactome.org/biopax/96/48892#Catalysis4289,4784
4280,5433|10134,10133,2,1,http://www.reactome.org/biopax/96/48892#BiochemicalReaction5046,1,http://www.reactome.org/biopax/96/48892#Catalysis3021,4785
4281,1505|1630,1402|7881|7882,2,3,http://www.reactome.org/biopax/96/48892#BiochemicalReaction230,-1,http://www.reactome.org/biopax/96/48892#Control53,4787
4282,2934|9227,9639,2,1,http://www.reactome.org/biopax/96/48892#BiochemicalReaction5311,1,http://www.reactome.org/biopax/96/48892#Catalysis3216,4788
4283,1567|7858|7986,1568|8067,3,2,http://www.reactome.org/biopax/96/48892#BiochemicalReaction2118,1,http://www.reactome.org/biopax/96/48892#Catalysis931,4790
4284,4500|9323|9457,9459|10204,3,2,http://www.reactome.org/biopax/96/48892#BiochemicalReaction4643,1,http://www.reactome.org/biopax/96/48892#Catalysis2814,4791
4285,5350|7986,5351|8067,2,2,http://www.reactome.org/biopax/96/48892#BiochemicalReaction4772,1,http://www.reactome.org/biopax/96/48892#Catalysis2912,4792
4286,4239|4937,5783,2,1,http://www.reactome.org/biopax/96/48892#BiochemicalReaction6143,1,http://www.reactome.org/biopax/96/48892#Control765,4793
4287,4077|4085,4086|10159,2,2,http://www.reactome.org/biopax/96/48892#BiochemicalReaction7929,1,http://www.reactome.org/biopax/96/48892#Control1028,4795
4288,5935|6079|8062,4874|6670,3,2,http://www.reactome.org/biopax/96/48892#BiochemicalReaction9843,1,http://www.reactome.org/biopax/96/48892#Catalysis4935,4796
4289,4842|8645|10269,8668,3,1,http://www.reactome.org/biopax/96/48892#BiochemicalReaction3834,1,http://www.reactome.org/biopax/96/48892#Catalysis2055,4797
4290,4463|7943|8533|10258,8535|10298,4,2,http://www.reactome.org/biopax/96/48892#BiochemicalReaction3712,1,http://www.reactome.org/biopax/96/48892#Catalysis1940,4798
4291,4796|8622|10377,8631|10380,3,2,http://www.reactome.org/biopax/96/48892#BiochemicalReaction3114,1,http://www.reactome.org/biopax/96/48892#Catalysis1363,4799
4292,4789|8366|10065,8367|10055|10070,3,3,http://www.reactome.org/biopax/96/48892#BiochemicalReaction3561,1,http://www.reactome.org/biopax/96/48892#Catalysis1795,4800
4293,4085,4086|10159,1,2,http://www.reactome.org/biopax/96/48892#BiochemicalReaction7929,1,http://www.reactome.org/biopax/96/48892#Catalysis4277,4801
4294,548|7986,549|8067,2,2,http://www.reactome.org/biopax/96/48892#BiochemicalReaction9381,1,http://www.reactome.org/biopax/96/48892#Catalysis4768,4802
4295,2359|8780,8767|10177,2,2,http://www.reactome.org/biopax/96/48892#BiochemicalReaction4021,1,http://www.reactome.org/biopax/96/48892#Catalysis2209,4803
4296,2374|7986|9879,8067|9880,3,2,http://www.reactome.org/biopax/96/48892#BiochemicalReaction7680,1,http://www.reactome.org/biopax/96/48892#Catalysis4147,4804
4297,7986|9839|10249,7943|8067|10241,3,3,http://www.reactome.org/biopax/96/48892#BiochemicalReaction2935,-1,http://www.reactome.org/biopax/96/48892#Control368,4805
4298,2912|10133,10134,2,1,http://www.reactome.org/biopax/96/48892#BiochemicalReaction5142,1,http://www.reactome.org/biopax/96/48892#Control636,4806
4299,3650|7359|8899,3651,3,1,http://www.reactome.org/biopax/96/48892#BiochemicalReaction6786,1,http://www.reactome.org/biopax/96/48892#Control846,4807
4300,9758|10109,10113,2,1,http://www.reactome.org/biopax/96/48892#BiochemicalReaction5365,-1,http://www.reactome.org/biopax/96/48892#Control650,4809
4301,5447|7986|9606|10177,8067|8848|10159,4,3,http://www.reactome.org/biopax/96/48892#BiochemicalReaction5125,1,http://www.reactome.org/biopax/96/48892#Catalysis3043,4810
4302,1226|7986,1230|8067,2,2,http://www.reactome.org/biopax/96/48892#BiochemicalReaction136,1,http://www.reactome.org/biopax/96/48892#Catalysis55,4812
4303,3783|7986,3786|8067,2,2,http://www.reactome.org/biopax/96/48892#BiochemicalReaction556,1,http://www.reactome.org/biopax/96/48892#Catalysis194,4813
4304,2920|8555|9654,7943|9657,3,2,http://www.reactome.org/biopax/96/48892#BiochemicalReaction5212,1,http://www.reactome.org/biopax/96/48892#Catalysis3124,4815
4305,7635|7638,7637,2,1,http://www.reactome.org/biopax/96/48892#BiochemicalReaction1475,1,http://www.reactome.org/biopax/96/48892#Control203,4816
4306,1540|3097|7986,1541|8067,3,2,http://www.reactome.org/biopax/96/48892#BiochemicalReaction2069,1,http://www.reactome.org/biopax/96/48892#Catalysis909,4817
4307,5600|8379,9786,2,1,http://www.reactome.org/biopax/96/48892#BiochemicalReaction5507,1,http://www.reactome.org/biopax/96/48892#Catalysis3322,4818
4308,1406|7739|10177,426|10159,3,2,http://www.reactome.org/biopax/96/48892#BiochemicalReaction9102,1,http://www.reactome.org/biopax/96/48892#Catalysis4656,4819
4309,1196,1197|9236,1,2,http://www.reactome.org/biopax/96/48892#BiochemicalReaction1339,1,http://www.reactome.org/biopax/96/48892#Catalysis648,4820
4310,3759|8164,3760|10157,2,2,http://www.reactome.org/biopax/96/48892#BiochemicalReaction7100,1,http://www.reactome.org/biopax/96/48892#Catalysis3928,4821
4311,4083|8164,4084|10157,2,2,http://www.reactome.org/biopax/96/48892#BiochemicalReaction7925,1,http://www.reactome.org/biopax/96/48892#Catalysis4276,4822
4312,393|2858,394|1368|5466,2,3,http://www.reactome.org/biopax/96/48892#BiochemicalReaction9027,1,http://www.reactome.org/biopax/96/48892#Catalysis4633,4823
4313,1301|7986,10330,2,1,http://www.reactome.org/biopax/96/48892#BiochemicalReaction4776,1,http://www.reactome.org/biopax/96/48892#Catalysis2914,4824
4314,5166|8941|10109,8717|10113,3,2,http://www.reactome.org/biopax/96/48892#BiochemicalReaction4149,1,http://www.reactome.org/biopax/96/48892#Catalysis2335,4825
4315,2145|7986|8046,8035|8067,3,2,http://www.reactome.org/biopax/96/48892#BiochemicalReaction3494,1,http://www.reactome.org/biopax/96/48892#Catalysis1732,4826
4316,5183|7943|8972|10258,2444|8973|10298,4,3,http://www.reactome.org/biopax/96/48892#BiochemicalReaction4192,1,http://www.reactome.org/biopax/96/48892#Catalysis2378,4827
4317,2540|8099|9114|10091,9113|10217,4,2,http://www.reactome.org/biopax/96/48892#BiochemicalReaction4356,1,http://www.reactome.org/biopax/96/48892#Catalysis2535,4828
4318,2433|7986|8963,8067|8964,3,2,http://www.reactome.org/biopax/96/48892#BiochemicalReaction4176,1,http://www.reactome.org/biopax/96/48892#Catalysis2362,4829
4319,8720|8737|10217,8099|9367|10231,3,3,http://www.reactome.org/biopax/96/48892#BiochemicalReaction3942,-1,http://www.reactome.org/biopax/96/48892#Control457,4830
4320,1638|10186|10193|10194,10195|10197,4,2,http://www.reactome.org/biopax/96/48892#BiochemicalReaction2256,1,http://www.reactome.org/biopax/96/48892#Catalysis982,4831
4321,8720|10226|10227|10230,8600|8738|10091|10228,4,4,http://www.reactome.org/biopax/96/48892#BiochemicalReaction2908,1,http://www.reactome.org/biopax/96/48892#Control354,4832
4322,2474|9022|9023|9439,9020|9024,4,2,http://www.reactome.org/biopax/96/48892#BiochemicalReaction4250,1,http://www.reactome.org/biopax/96/48892#Catalysis2433,4833
4323,2308|8137|8600|8738,7952|8618|8720,4,3,http://www.reactome.org/biopax/96/48892#BiochemicalReaction3948,1,http://www.reactome.org/biopax/96/48892#Catalysis2159,4835
4324,1360|7717|7986,1363|8067,3,2,http://www.reactome.org/biopax/96/48892#BiochemicalReaction1633,1,http://www.reactome.org/biopax/96/48892#Catalysis782,4836
4325,727|10177|10309,10319,3,1,http://www.reactome.org/biopax/96/48892#BiochemicalReaction9897,1,http://www.reactome.org/biopax/96/48892#Catalysis4953,4837
4326,2950|8472|8751|10091,9748,4,1,http://www.reactome.org/biopax/96/48892#BiochemicalReaction5346,1,http://www.reactome.org/biopax/96/48892#Catalysis3237,4838
4327,3017|4231,7449,2,1,http://www.reactome.org/biopax/96/48892#BiochemicalReaction6094,1,http://www.reactome.org/biopax/96/48892#Control744,4839
4328,1776|5960|7035,3619,3,1,http://www.reactome.org/biopax/96/48892#BiochemicalReaction9352,1,http://www.reactome.org/biopax/96/48892#Control1220,4840
4329,2755|5846|7986,2759|5375|6106|8067,3,4,http://www.reactome.org/biopax/96/48892#BiochemicalReaction4840,1,http://www.reactome.org/biopax/96/48892#Catalysis2927,4841
4330,5516|8718|9579|10109|10113,9165|9841|10109|10113,5,4,http://www.reactome.org/biopax/96/48892#BiochemicalReaction5243,1,http://www.reactome.org/biopax/96/48892#Catalysis3155,4842
4331,2644|9422|10177|10298,7943|9423|10258,4,3,http://www.reactome.org/biopax/96/48892#BiochemicalReaction4622,-1,http://www.reactome.org/biopax/96/48892#Control558,4843
4332,4719|4721|10053,4720|10055|10070,3,3,http://www.reactome.org/biopax/96/48892#BiochemicalReaction2999,1,http://www.reactome.org/biopax/96/48892#Catalysis1258,4844
4333,1330|1470|4393,1330|1471|7775,3,3,http://www.reactome.org/biopax/96/48892#BiochemicalReaction1858,1,http://www.reactome.org/biopax/96/48892#Catalysis870,4845
4334,4415|5676,4427,2,1,http://www.reactome.org/biopax/96/48892#BiochemicalReaction429,1,http://www.reactome.org/biopax/96/48892#Catalysis145,4846
4335,2465|7986|9513,7943|8067|10298,3,3,http://www.reactome.org/biopax/96/48892#BiochemicalReaction4218,1,http://www.reactome.org/biopax/96/48892#Catalysis2403,4847
4336,3646|8333|8903,3647|8908,3,2,http://www.reactome.org/biopax/96/48892#BiochemicalReaction6777,1,http://www.reactome.org/biopax/96/48892#Control844,4848
4337,5393|9294,9578,2,1,http://www.reactome.org/biopax/96/48892#BiochemicalReaction4958,1,http://www.reactome.org/biopax/96/48892#Catalysis2956,4849
4338,4347|6518|7986,6520|8067,3,2,http://www.reactome.org/biopax/96/48892#BiochemicalReaction9331,1,http://www.reactome.org/biopax/96/48892#Catalysis4741,4850
4339,4960|7986|8273,8067|8314,3,2,http://www.reactome.org/biopax/96/48892#BiochemicalReaction3507,1,http://www.reactome.org/biopax/96/48892#Catalysis1745,4851
4340,2450|8095|8720|8976,8094|8139|8977|10091,4,4,http://www.reactome.org/biopax/96/48892#BiochemicalReaction4199,1,http://www.reactome.org/biopax/96/48892#Catalysis2385,4852
4341,2404|8894|9439,8586|8895|10091,3,3,http://www.reactome.org/biopax/96/48892#BiochemicalReaction4117,1,http://www.reactome.org/biopax/96/48892#Catalysis2303,4853
4342,910|7986,911|8067,2,2,http://www.reactome.org/biopax/96/48892#BiochemicalReaction837,1,http://www.reactome.org/biopax/96/48892#Catalysis272,4854
4343,1417|6965|7986,1421|8067,3,2,http://www.reactome.org/biopax/96/48892#BiochemicalReaction164,1,http://www.reactome.org/biopax/96/48892#Catalysis67,4855
4344,2341|2342|2343|2344|5133|5134|5137,2333|2345,7,2,http://www.reactome.org/biopax/96/48892#BiochemicalReaction3988,1,http://www.reactome.org/biopax/96/48892#Control481,4856
4345,1719|4587,4588|7829,2,2,http://www.reactome.org/biopax/96/48892#BiochemicalReaction10064,1,http://www.reactome.org/biopax/96/48892#Catalysis5032,4857
4346,5189|8871|8988,8989|8990,3,2,http://www.reactome.org/biopax/96/48892#BiochemicalReaction4213,1,http://www.reactome.org/biopax/96/48892#Catalysis2398,4858
4347,4225|6187,6856,2,1,http://www.reactome.org/biopax/96/48892#BiochemicalReaction4942,1,http://www.reactome.org/biopax/96/48892#Control612,4859
4348,2885|10134,10133,2,1,http://www.reactome.org/biopax/96/48892#BiochemicalReaction5056,1,http://www.reactome.org/biopax/96/48892#Catalysis3029,4860
4349,4810|7945,2043,2,1,http://www.reactome.org/biopax/96/48892#BiochemicalReaction3163,1,http://www.reactome.org/biopax/96/48892#Catalysis1411,4861
4350,2432|7943|8956,8958|9635,3,2,http://www.reactome.org/biopax/96/48892#BiochemicalReaction4167,1,http://www.reactome.org/biopax/96/48892#Catalysis2353,4862
4351,4784|7986|10348,8067|10271,3,2,http://www.reactome.org/biopax/96/48892#BiochemicalReaction3074,1,http://www.reactome.org/biopax/96/48892#Catalysis1323,4863
4352,3308|3310|10157,3309|8164,3,2,http://www.reactome.org/biopax/96/48892#BiochemicalReaction6111,1,http://www.reactome.org/biopax/96/48892#Catalysis3574,4864
4353,7718|7730|10143,7722,3,1,http://www.reactome.org/biopax/96/48892#BiochemicalReaction1655,1,http://www.reactome.org/biopax/96/48892#Control236,4865
4354,2649|9294|10177|10269,9416|9563|10208,4,3,http://www.reactome.org/biopax/96/48892#BiochemicalReaction4611,1,http://www.reactome.org/biopax/96/48892#Catalysis2786,4866
4355,5466|5798,3344,2,1,http://www.reactome.org/biopax/96/48892#BiochemicalReaction6242,1,http://www.reactome.org/biopax/96/48892#Catalysis3610,4867
4356,1145|7573,1591|7878,2,2,http://www.reactome.org/biopax/96/48892#BiochemicalReaction218,1,http://www.reactome.org/biopax/96/48892#Catalysis92,4868
4357,2383|9860|10282,9428|9867,3,2,http://www.reactome.org/biopax/96/48892#BiochemicalReaction7671,1,http://www.reactome.org/biopax/96/48892#Catalysis4138,4869
4358,2652|8235|9439|10217,8099|8614|10091,4,3,http://www.reactome.org/biopax/96/48892#BiochemicalReaction4616,1,http://www.reactome.org/biopax/96/48892#Catalysis2789,4870
4359,2550|9136|10231,9137|10232,3,2,http://www.reactome.org/biopax/96/48892#BiochemicalReaction4379,1,http://www.reactome.org/biopax/96/48892#Catalysis2558,4871
4360,954|955|8164,944|954|10157,3,3,http://www.reactome.org/biopax/96/48892#BiochemicalReaction888,1,http://www.reactome.org/biopax/96/48892#Catalysis292,4872
4361,4272|7686,7685,2,1,http://www.reactome.org/biopax/96/48892#BiochemicalReaction1541,1,http://www.reactome.org/biopax/96/48892#Control219,4873
4362,677|679|5823,680,3,1,http://www.reactome.org/biopax/96/48892#BiochemicalReaction9702,1,http://www.reactome.org/biopax/96/48892#Catalysis4899,4874
4363,4794|8622|10378,8631|8938|10377,3,3,http://www.reactome.org/biopax/96/48892#BiochemicalReaction3112,1,http://www.reactome.org/biopax/96/48892#Catalysis1361,4875
4364,2071|8619|10177|10269,8620,4,1,http://www.reactome.org/biopax/96/48892#BiochemicalReaction3797,1,http://www.reactome.org/biopax/96/48892#Catalysis2018,4876
4365,927|7052,908,2,1,http://www.reactome.org/biopax/96/48892#BiochemicalReaction847,1,http://www.reactome.org/biopax/96/48892#Control161,4877
4366,2612|7571|7986|10088,1215|8067|10159,4,3,http://www.reactome.org/biopax/96/48892#BiochemicalReaction1403,1,http://www.reactome.org/biopax/96/48892#Catalysis669,4878
4367,2642|9422|10177|10298,7943|9423|10258,4,3,http://www.reactome.org/biopax/96/48892#BiochemicalReaction4622,1,http://www.reactome.org/biopax/96/48892#Control557,4879
4368,424|8164,425|10157,2,2,http://www.reactome.org/biopax/96/48892#BiochemicalReaction9100,1,http://www.reactome.org/biopax/96/48892#Catalysis4655,4880
4369,6627|6629|7986,6630|8067,3,2,http://www.reactome.org/biopax/96/48892#BiochemicalReaction9622,1,http://www.reactome.org/biopax/96/48892#Catalysis4867,4881
4370,2217|8562|9513,7943|8563|9538,3,3,http://www.reactome.org/biopax/96/48892#BiochemicalReaction3741,1,http://www.reactome.org/biopax/96/48892#Catalysis1965,4882
4371,2121|8386|10161,8221|8239,3,2,http://www.reactome.org/biopax/96/48892#BiochemicalReaction3397,1,http://www.reactome.org/biopax/96/48892#Catalysis1635,4884
4372,3273|5714,3274|5711,2,2,http://www.reactome.org/biopax/96/48892#BiochemicalReaction5950,1,http://www.reactome.org/biopax/96/48892#Catalysis3502,4885
4373,2886|10134,10133,2,1,http://www.reactome.org/biopax/96/48892#BiochemicalReaction5057,1,http://www.reactome.org/biopax/96/48892#Catalysis3030,4886
4374,2934|9639,9227,2,1,http://www.reactome.org/biopax/96/48892#BiochemicalReaction5310,1,http://www.reactome.org/biopax/96/48892#Catalysis3215,4887
4375,4827|7972|9973,7971|7973|9982,3,3,http://www.reactome.org/biopax/96/48892#BiochemicalReaction3182,1,http://www.reactome.org/biopax/96/48892#Catalysis1429,4888
4376,7933|9428|10177,10159,3,1,http://www.reactome.org/biopax/96/48892#BiochemicalReaction870,1,http://www.reactome.org/biopax/96/48892#Control165,4889
4377,4897|7986|8546,8067|8556,3,2,http://www.reactome.org/biopax/96/48892#BiochemicalReaction358,1,http://www.reactome.org/biopax/96/48892#Catalysis127,4890
4378,307|6423|8088,305,3,1,http://www.reactome.org/biopax/96/48892#BiochemicalReaction8761,-1,http://www.reactome.org/biopax/96/48892#Control1149,4892
4379,7247|7251|10196,7249|10204,3,2,http://www.reactome.org/biopax/96/48892#BiochemicalReaction1105,1,http://www.reactome.org/biopax/96/48892#Catalysis440,4893
4380,1062|7287|10053,7288|10055|10070,3,3,http://www.reactome.org/biopax/96/48892#BiochemicalReaction1124,1,http://www.reactome.org/biopax/96/48892#Catalysis455,4894
4381,4906|7946|10177,9731|9743,3,2,http://www.reactome.org/biopax/96/48892#BiochemicalReaction3377,1,http://www.reactome.org/biopax/96/48892#Catalysis1615,4895
4382,2065|8016|8386,8017,3,1,http://www.reactome.org/biopax/96/48892#BiochemicalReaction3221,1,http://www.reactome.org/biopax/96/48892#Catalysis1461,4896
4383,5570|10109,10113,2,1,http://www.reactome.org/biopax/96/48892#BiochemicalReaction5386,1,http://www.reactome.org/biopax/96/48892#Catalysis3271,4897
4384,1918|4667|10217,4668|10218|10220,3,3,http://www.reactome.org/biopax/96/48892#BiochemicalReaction2837,1,http://www.reactome.org/biopax/96/48892#Catalysis1141,4898
4385,201|7986,202|8067,2,2,http://www.reactome.org/biopax/96/48892#BiochemicalReaction8529,1,http://www.reactome.org/biopax/96/48892#Catalysis4509,4899
4386,4945|6663,2139,2,1,http://www.reactome.org/biopax/96/48892#BiochemicalReaction3479,1,http://www.reactome.org/biopax/96/48892#Catalysis1717,4900
4387,4312|9846|10089|10162,4318|10169|10170,4,3,http://www.reactome.org/biopax/96/48892#BiochemicalReaction7481,1,http://www.reactome.org/biopax/96/48892#Control954,4901
4388,2707|2736,2706|9819,2,2,http://www.reactome.org/biopax/96/48892#BiochemicalReaction6567,1,http://www.reactome.org/biopax/96/48892#Control825,4902
4389,3845|6113|8164,3846|6107|10157,3,3,http://www.reactome.org/biopax/96/48892#BiochemicalReaction7207,1,http://www.reactome.org/biopax/96/48892#Catalysis3963,4903
4390,7184|9643,10000|10177,2,2,http://www.reactome.org/biopax/96/48892#BiochemicalReaction1027,1,http://www.reactome.org/biopax/96/48892#Catalysis391,4904
4391,5251|9192|9194,9195|10226,3,2,http://www.reactome.org/biopax/96/48892#BiochemicalReaction4444,1,http://www.reactome.org/biopax/96/48892#Catalysis2623,4906
4392,2419|8918|8935,8936|8937|8938,3,3,http://www.reactome.org/biopax/96/48892#BiochemicalReaction4147,1,http://www.reactome.org/biopax/96/48892#Catalysis2333,4907
4393,6476|6479|9983,6478|7982,3,2,http://www.reactome.org/biopax/96/48892#BiochemicalReaction9145,1,http://www.reactome.org/biopax/96/48892#Catalysis4679,4908
4394,512|513|7986,517|8067,3,2,http://www.reactome.org/biopax/96/48892#BiochemicalReaction9317,-1,http://www.reactome.org/biopax/96/48892#Control1214,4909
4395,1508|1509,1510|7761,2,2,http://www.reactome.org/biopax/96/48892#BiochemicalReaction201,1,http://www.reactome.org/biopax/96/48892#Catalysis80,4910
4396,4763|9973|10321,10288|10322,3,2,http://www.reactome.org/biopax/96/48892#BiochemicalReaction3040,1,http://www.reactome.org/biopax/96/48892#Catalysis1292,4911
4397,4458|7986|8308,8067|8311,3,2,http://www.reactome.org/biopax/96/48892#BiochemicalReaction3489,1,http://www.reactome.org/biopax/96/48892#Catalysis1727,4912
4398,2225|2304|10230,2305|7952|10091,3,3,http://www.reactome.org/biopax/96/48892#BiochemicalReaction3955,1,http://www.reactome.org/biopax/96/48892#Catalysis2166,4913
4399,3780|7986|9833,1051|3779|3781|8067,3,4,http://www.reactome.org/biopax/96/48892#BiochemicalReaction7134,1,http://www.reactome.org/biopax/96/48892#Control888,4914
4400,3712|3713|3714|8622|9267|9824|9921,3715,7,1,http://www.reactome.org/biopax/96/48892#BiochemicalReaction6934,1,http://www.reactome.org/biopax/96/48892#Catalysis3899,4915
4401,2791|10134,10133,2,1,http://www.reactome.org/biopax/96/48892#BiochemicalReaction4946,1,http://www.reactome.org/biopax/96/48892#Catalysis2945,4916
4402,5299|7943|9553|10258|10269,9554|10177|10298,5,3,http://www.reactome.org/biopax/96/48892#BiochemicalReaction4701,1,http://www.reactome.org/biopax/96/48892#Catalysis2872,4917
4403,4863|4864,2077,2,1,http://www.reactome.org/biopax/96/48892#BiochemicalReaction3271,1,http://www.reactome.org/biopax/96/48892#Catalysis1511,4918
4404,2307|5101|10217,7600|8099|10091,3,3,http://www.reactome.org/biopax/96/48892#BiochemicalReaction3947,1,http://www.reactome.org/biopax/96/48892#Catalysis2158,4919
4405,4838|7942|10269,8706,3,1,http://www.reactome.org/biopax/96/48892#BiochemicalReaction3863,1,http://www.reactome.org/biopax/96/48892#Catalysis2084,4920
4406,3294|10172|10177,7915|9812,3,2,http://www.reactome.org/biopax/96/48892#BiochemicalReaction6133,1,http://www.reactome.org/biopax/96/48892#Catalysis3581,4921
4407,5267|9240|10109,9238|10113,3,2,http://www.reactome.org/biopax/96/48892#BiochemicalReaction4490,1,http://www.reactome.org/biopax/96/48892#Catalysis2668,4922
4408,5738,5697|5739,1,2,http://www.reactome.org/biopax/96/48892#BiochemicalReaction5967,1,http://www.reactome.org/biopax/96/48892#Catalysis3519,4923
4409,8|2045|8164,2054|10157,3,2,http://www.reactome.org/biopax/96/48892#BiochemicalReaction8228,1,http://www.reactome.org/biopax/96/48892#Control1106,4924
4410,1010|7986|9752,8067|9760|10159,3,3,http://www.reactome.org/biopax/96/48892#BiochemicalReaction992,1,http://www.reactome.org/biopax/96/48892#Catalysis356,4925
4411,10109|10349,10113,2,1,http://www.reactome.org/biopax/96/48892#BiochemicalReaction5371,-1,http://www.reactome.org/biopax/96/48892#Control657,4926
4412,2681|7998|9529,9532,3,1,http://www.reactome.org/biopax/96/48892#BiochemicalReaction4689,1,http://www.reactome.org/biopax/96/48892#Catalysis2860,4927
4413,2509|8162|9071,8160|8161|8163|8167,3,4,http://www.reactome.org/biopax/96/48892#BiochemicalReaction4308,1,http://www.reactome.org/biopax/96/48892#Catalysis2487,4928
4414,2032|7931|10177,7932|10159,3,2,http://www.reactome.org/biopax/96/48892#BiochemicalReaction3145,1,http://www.reactome.org/biopax/96/48892#Catalysis1394,4929
4415,3306|3307,5768|5769|10159,2,3,http://www.reactome.org/biopax/96/48892#BiochemicalReaction6110,1,http://www.reactome.org/biopax/96/48892#Catalysis3573,4930
4416,2051|7988|7989,7990|7991|9502,3,3,http://www.reactome.org/biopax/96/48892#BiochemicalReaction3196,1,http://www.reactome.org/biopax/96/48892#Catalysis1437,4931
4417,6222|8555,7943,2,1,http://www.reactome.org/biopax/96/48892#BiochemicalReaction7505,1,http://www.reactome.org/biopax/96/48892#Catalysis4079,4933
4418,2782|8386|9530,8555|8642|9266,3,3,http://www.reactome.org/biopax/96/48892#BiochemicalReaction22,1,http://www.reactome.org/biopax/96/48892#Catalysis6,4934
4419,7600|8740|10091|10231,5100|9367,4,2,http://www.reactome.org/biopax/96/48892#BiochemicalReaction3945,-1,http://www.reactome.org/biopax/96/48892#Control462,4935
4420,710|814|2940,815,3,1,http://www.reactome.org/biopax/96/48892#BiochemicalReaction10137,1,http://www.reactome.org/biopax/96/48892#Control1370,4936
4421,4061|7943|8715,10208|10269,3,2,http://www.reactome.org/biopax/96/48892#BiochemicalReaction7899,1,http://www.reactome.org/biopax/96/48892#Catalysis4256,4937
4422,2283|8718|9633,9847|9995,3,2,http://www.reactome.org/biopax/96/48892#BiochemicalReaction3915,1,http://www.reactome.org/biopax/96/48892#Catalysis2128,4938
4423,5343|5780,5781,2,1,http://www.reactome.org/biopax/96/48892#BiochemicalReaction6140,1,http://www.reactome.org/biopax/96/48892#Control762,4939
4424,3591|6555,6557,2,1,http://www.reactome.org/biopax/96/48892#BiochemicalReaction9400,-1,http://www.reactome.org/biopax/96/48892#Control1227,4941
4425,342|6976|8164,343,3,1,http://www.reactome.org/biopax/96/48892#BiochemicalReaction8904,1,http://www.reactome.org/biopax/96/48892#Catalysis4583,4942
4426,1706|3626|8622,3130|8631,3,2,http://www.reactome.org/biopax/96/48892#BiochemicalReaction6749,1,http://www.reactome.org/biopax/96/48892#Catalysis3840,4943
4427,9446|9447|9452,9448|9451,3,2,http://www.reactome.org/biopax/96/48892#BiochemicalReaction4632,-1,http://www.reactome.org/biopax/96/48892#Control559,4944
4428,1098|3192|3194|4536,1228|3195,4,2,http://www.reactome.org/biopax/96/48892#BiochemicalReaction5749,1,http://www.reactome.org/biopax/96/48892#Control711,4945
4429,2218|7943|9934|10258,9935|10298,4,2,http://www.reactome.org/biopax/96/48892#BiochemicalReaction7739,1,http://www.reactome.org/biopax/96/48892#Catalysis4198,4946
4430,1344|5998|7986,5999|8067,3,2,http://www.reactome.org/biopax/96/48892#BiochemicalReaction6717,1,http://www.reactome.org/biopax/96/48892#Catalysis3818,4947
4431,2433|7986|8961,8067|8962,3,2,http://www.reactome.org/biopax/96/48892#BiochemicalReaction4175,1,http://www.reactome.org/biopax/96/48892#Catalysis2361,4948
4432,1881|7899|7900,1895,3,1,http://www.reactome.org/biopax/96/48892#BiochemicalReaction297,1,http://www.reactome.org/biopax/96/48892#Catalysis124,4949
4433,2051|9480|10175,7988,3,1,http://www.reactome.org/biopax/96/48892#BiochemicalReaction3194,1,http://www.reactome.org/biopax/96/48892#Catalysis1435,4950
4434,4639|5829|7986,4640|8067,3,2,http://www.reactome.org/biopax/96/48892#BiochemicalReaction9589,1,http://www.reactome.org/biopax/96/48892#Catalysis4848,4951
4435,2495|2498,2496|8642|9530,2,3,http://www.reactome.org/biopax/96/48892#BiochemicalReaction4285,1,http://www.reactome.org/biopax/96/48892#Catalysis2465,4953
4436,2685|7943|9567|10258,9568|10298,4,2,http://www.reactome.org/biopax/96/48892#BiochemicalReaction4709,1,http://www.reactome.org/biopax/96/48892#Catalysis2880,4954
4437,2142|7986|8328,8067|8326,3,2,http://www.reactome.org/biopax/96/48892#BiochemicalReaction3532,1,http://www.reactome.org/biopax/96/48892#Catalysis1768,4955
4438,4970|8325|10177,8327|10159,3,2,http://www.reactome.org/biopax/96/48892#BiochemicalReaction3531,1,http://www.reactome.org/biopax/96/48892#Catalysis1767,4956
4439,5068|7943|8596|10258|10269,8597|10177|10298,5,3,http://www.reactome.org/biopax/96/48892#BiochemicalReaction3776,1,http://www.reactome.org/biopax/96/48892#Catalysis1998,4957
4440,6373|6374|8528,4193,3,1,http://www.reactome.org/biopax/96/48892#BiochemicalReaction8184,1,http://www.reactome.org/biopax/96/48892#Control1099,4958
4441,344|8046|10177,8057|10140,3,2,http://www.reactome.org/biopax/96/48892#BiochemicalReaction8909,1,http://www.reactome.org/biopax/96/48892#Catalysis4585,4959
4442,323|325|8164,324|10157,3,2,http://www.reactome.org/biopax/96/48892#BiochemicalReaction8875,1,http://www.reactome.org/biopax/96/48892#Catalysis4569,4960
4443,1947|1949|7986,1948|7943|8067,3,3,http://www.reactome.org/biopax/96/48892#BiochemicalReaction2900,1,http://www.reactome.org/biopax/96/48892#Catalysis1163,4961
4444,4919|8246,10173,2,1,http://www.reactome.org/biopax/96/48892#BiochemicalReaction3408,1,http://www.reactome.org/biopax/96/48892#Catalysis1646,4962
4445,4330|4779|8622,6344|8631,3,2,http://www.reactome.org/biopax/96/48892#BiochemicalReaction8050,1,http://www.reactome.org/biopax/96/48892#Catalysis4313,4963
4446,6260|7986|9896|10177,8067|9897|10159,4,3,http://www.reactome.org/biopax/96/48892#BiochemicalReaction7694,1,http://www.reactome.org/biopax/96/48892#Catalysis4160,4964
4447,5057|7974|8472|8576|10091,7976|8577|9439,5,3,http://www.reactome.org/biopax/96/48892#BiochemicalReaction3751,1,http://www.reactome.org/biopax/96/48892#Catalysis1975,4965
4448,5538|9849,9733,2,1,http://www.reactome.org/biopax/96/48892#BiochemicalReaction5297,1,http://www.reactome.org/biopax/96/48892#Catalysis3203,4966
4449,800|4357|7986,802|8067,3,2,http://www.reactome.org/biopax/96/48892#BiochemicalReaction10083,1,http://www.reactome.org/biopax/96/48892#Catalysis5037,4967
4450,531|10177,6525|7833|10159,2,3,http://www.reactome.org/biopax/96/48892#BiochemicalReaction9344,1,http://www.reactome.org/biopax/96/48892#Catalysis4749,4968
4451,3955|6247|7986,6248|8067,3,2,http://www.reactome.org/biopax/96/48892#BiochemicalReaction7600,1,http://www.reactome.org/biopax/96/48892#Catalysis4107,4969
4452,4484|8031|9353|9354|9480,8029|9357|9502,5,3,http://www.reactome.org/biopax/96/48892#BiochemicalReaction4579,1,http://www.reactome.org/biopax/96/48892#Catalysis2754,4970
4453,1509|1514|10372,1513|7761,3,2,http://www.reactome.org/biopax/96/48892#BiochemicalReaction204,1,http://www.reactome.org/biopax/96/48892#Catalysis82,4971
4454,3668|9245,3669|9256,2,2,http://www.reactome.org/biopax/96/48892#BiochemicalReaction6810,1,http://www.reactome.org/biopax/96/48892#Catalysis3863,4972
4455,4849|8029|9480|9582|10175,8031|9403|9502,5,3,http://www.reactome.org/biopax/96/48892#BiochemicalReaction4603,1,http://www.reactome.org/biopax/96/48892#Catalysis2778,4973
4456,1809|7580|8502,1658,3,1,http://www.reactome.org/biopax/96/48892#BiochemicalReaction2295,1,http://www.reactome.org/biopax/96/48892#Control297,4975
4457,3889|6182|9245,6183|9256,3,2,http://www.reactome.org/biopax/96/48892#BiochemicalReaction7320,1,http://www.reactome.org/biopax/96/48892#Catalysis4030,4976
4458,6149|6549|8622,6550|8631,3,2,http://www.reactome.org/biopax/96/48892#BiochemicalReaction9388,1,http://www.reactome.org/biopax/96/48892#Catalysis4774,4977
4459,3028,3029|9790,1,2,http://www.reactome.org/biopax/96/48892#BiochemicalReaction5555,1,http://www.reactome.org/biopax/96/48892#Catalysis3344,4978
4460,1303|1304|9245,341|9256,3,2,http://www.reactome.org/biopax/96/48892#BiochemicalReaction1551,1,http://www.reactome.org/biopax/96/48892#Catalysis745,4979
4461,658|6764,6765|6766,2,2,http://www.reactome.org/biopax/96/48892#BiochemicalReaction10012,1,http://www.reactome.org/biopax/96/48892#Catalysis5009,4980
4462,3911|6205,3912|6201,2,2,http://www.reactome.org/biopax/96/48892#BiochemicalReaction7430,1,http://www.reactome.org/biopax/96/48892#Control934,4981
4463,4107|10372,10349,2,1,http://www.reactome.org/biopax/96/48892#BiochemicalReaction8007,1,http://www.reactome.org/biopax/96/48892#Catalysis4304,4983
4464,5327|9497,5326|9498,2,2,http://www.reactome.org/biopax/96/48892#BiochemicalReaction4669,1,http://www.reactome.org/biopax/96/48892#Catalysis2840,4985
4465,7170|9947|9948,9946|9949,3,2,http://www.reactome.org/biopax/96/48892#BiochemicalReaction1017,1,http://www.reactome.org/biopax/96/48892#Catalysis381,4986
4466,4687|9502|10242,10142|10243,3,2,http://www.reactome.org/biopax/96/48892#BiochemicalReaction2922,1,http://www.reactome.org/biopax/96/48892#Catalysis1184,4987
4467,7552|7554|10086,7553|10087,3,2,http://www.reactome.org/biopax/96/48892#BiochemicalReaction1394,1,http://www.reactome.org/biopax/96/48892#Catalysis660,4989
4468,7593|7594|7596,7082|7595|10091,3,3,http://www.reactome.org/biopax/96/48892#BiochemicalReaction1436,1,http://www.reactome.org/biopax/96/48892#Catalysis684,4990
4469,2858|5461,5466,2,1,http://www.reactome.org/biopax/96/48892#BiochemicalReaction412,1,http://www.reactome.org/biopax/96/48892#Catalysis139,4991
4470,3012|8164|8757|8767,8783|10157|10159,4,3,http://www.reactome.org/biopax/96/48892#BiochemicalReaction5528,1,http://www.reactome.org/biopax/96/48892#Catalysis3327,4992
4471,6456|6978|7986,6457|8067,3,2,http://www.reactome.org/biopax/96/48892#BiochemicalReaction9005,1,http://www.reactome.org/biopax/96/48892#Catalysis4626,4993
4472,3130|5634|8622,3337|8631,3,2,http://www.reactome.org/biopax/96/48892#BiochemicalReaction6230,1,http://www.reactome.org/biopax/96/48892#Catalysis3603,4994
4473,3984|7998|9903,9906|10177,3,2,http://www.reactome.org/biopax/96/48892#BiochemicalReaction7702,1,http://www.reactome.org/biopax/96/48892#Catalysis4167,4995
4474,5077|7943|9922|10258|10269,9924|10177|10298,5,3,http://www.reactome.org/biopax/96/48892#BiochemicalReaction7718,1,http://www.reactome.org/biopax/96/48892#Catalysis4183,4996
4475,2081|8093|8094|10091,8095|8104,4,2,http://www.reactome.org/biopax/96/48892#BiochemicalReaction3284,1,http://www.reactome.org/biopax/96/48892#Catalysis1524,4997
4476,5021|8435|8436|8437,8438|8439,4,2,http://www.reactome.org/biopax/96/48892#BiochemicalReaction3628,1,http://www.reactome.org/biopax/96/48892#Catalysis1858,4998
4477,3438|8622,5876|5882|8631,2,3,http://www.reactome.org/biopax/96/48892#BiochemicalReaction6392,1,http://www.reactome.org/biopax/96/48892#Catalysis3695,4999
4478,2488|5213|10172,5211|9048|9049,3,3,http://www.reactome.org/biopax/96/48892#BiochemicalReaction4281,1,http://www.reactome.org/biopax/96/48892#Catalysis2463,5000
4479,1504|7827,7828,2,1,http://www.reactome.org/biopax/96/48892#BiochemicalReaction1913,1,http://www.reactome.org/biopax/96/48892#Control272,5001
4480,2929|9635,9571,2,1,http://www.reactome.org/biopax/96/48892#BiochemicalReaction5403,1,http://www.reactome.org/biopax/96/48892#Catalysis3282,5002
4481,7712|7755|7986,6548|8067,3,2,http://www.reactome.org/biopax/96/48892#BiochemicalReaction9387,1,http://www.reactome.org/biopax/96/48892#Catalysis4773,5003
4482,6930|7558|9245,7557|9256,3,2,http://www.reactome.org/biopax/96/48892#BiochemicalReaction1396,1,http://www.reactome.org/biopax/96/48892#Catalysis662,5004
4483,1392|8046,7915|8057,2,2,http://www.reactome.org/biopax/96/48892#BiochemicalReaction1676,1,http://www.reactome.org/biopax/96/48892#Catalysis805,5005
4484,507|7986,508|8067,2,2,http://www.reactome.org/biopax/96/48892#BiochemicalReaction9309,1,http://www.reactome.org/biopax/96/48892#Catalysis4734,5006
4485,3771,3772|3773|6092,1,3,http://www.reactome.org/biopax/96/48892#BiochemicalReaction7108,1,http://www.reactome.org/biopax/96/48892#Catalysis3930,5007
4486,4908|8229|8230,9704|9731,3,2,http://www.reactome.org/biopax/96/48892#BiochemicalReaction3381,1,http://www.reactome.org/biopax/96/48892#Catalysis1619,5008
4487,1145|1668,1676,2,1,http://www.reactome.org/biopax/96/48892#BiochemicalReaction220,1,http://www.reactome.org/biopax/96/48892#Catalysis93,5009
4488,4747|4749|10313,4748|10315,3,2,http://www.reactome.org/biopax/96/48892#BiochemicalReaction3023,1,http://www.reactome.org/biopax/96/48892#Catalysis1280,5010
4489,2857|10109,10113,2,1,http://www.reactome.org/biopax/96/48892#BiochemicalReaction5025,1,http://www.reactome.org/biopax/96/48892#Catalysis3007,5012
4490,1449|1452,1451,2,1,http://www.reactome.org/biopax/96/48892#BiochemicalReaction1816,1,http://www.reactome.org/biopax/96/48892#Control247,5013
4491,371|7986|8046,8035|8067,3,2,http://www.reactome.org/biopax/96/48892#BiochemicalReaction8972,1,http://www.reactome.org/biopax/96/48892#Catalysis4614,5014
4492,4711|9973|10337,10339,3,1,http://www.reactome.org/biopax/96/48892#BiochemicalReaction3067,1,http://www.reactome.org/biopax/96/48892#Catalysis1316,5015
4493,2578|9181|10269,7943|8433|9182,3,3,http://www.reactome.org/biopax/96/48892#BiochemicalReaction4427,1,http://www.reactome.org/biopax/96/48892#Catalysis2606,5017
4494,6868|10109|10349,10113|10372,3,2,http://www.reactome.org/biopax/96/48892#BiochemicalReaction85,-1,http://www.reactome.org/biopax/96/48892#Control19,5018
4495,624|8622,6608|6609|8631,2,3,http://www.reactome.org/biopax/96/48892#BiochemicalReaction9584,1,http://www.reactome.org/biopax/96/48892#Catalysis4844,5019
4496,1971|9837|10177,9563|9839,3,2,http://www.reactome.org/biopax/96/48892#BiochemicalReaction2932,1,http://www.reactome.org/biopax/96/48892#Catalysis1192,5020
4497,7075|7567|9396,7566|9450,3,2,http://www.reactome.org/biopax/96/48892#BiochemicalReaction1400,1,http://www.reactome.org/biopax/96/48892#Catalysis666,5021
4498,1849|1855,1842|1852,2,2,http://www.reactome.org/biopax/96/48892#BiochemicalReaction283,1,http://www.reactome.org/biopax/96/48892#Control65,5022
4499,1962|10240,10239,2,1,http://www.reactome.org/biopax/96/48892#BiochemicalReaction2937,1,http://www.reactome.org/biopax/96/48892#Catalysis1197,5023
4500,7260|7270|10053,7268|10055,3,2,http://www.reactome.org/biopax/96/48892#BiochemicalReaction1110,1,http://www.reactome.org/biopax/96/48892#Catalysis445,5025
4501,1148|10177,1149|4393,2,2,http://www.reactome.org/biopax/96/48892#BiochemicalReaction1294,1,http://www.reactome.org/biopax/96/48892#Catalysis613,5026
4502,1667|7202|10177,1677|10159,3,2,http://www.reactome.org/biopax/96/48892#BiochemicalReaction2314,1,http://www.reactome.org/biopax/96/48892#Catalysis1008,5027
4503,626|7986,627|8067,2,2,http://www.reactome.org/biopax/96/48892#BiochemicalReaction9594,1,http://www.reactome.org/biopax/96/48892#Catalysis4851,5028
4504,4822|8029|8051|8076,7982|8077|9469|9502,4,4,http://www.reactome.org/biopax/96/48892#BiochemicalReaction3263,1,http://www.reactome.org/biopax/96/48892#Catalysis1503,5029
4505,1312|7986,1313|8067,2,2,http://www.reactome.org/biopax/96/48892#BiochemicalReaction1567,1,http://www.reactome.org/biopax/96/48892#Catalysis753,5030
4506,4762|9973|10316,10317|10318,3,2,http://www.reactome.org/biopax/96/48892#BiochemicalReaction3037,1,http://www.reactome.org/biopax/96/48892#Catalysis1289,5031
4507,1039|8164,1040|10157,2,2,http://www.reactome.org/biopax/96/48892#BiochemicalReaction1064,1,http://www.reactome.org/biopax/96/48892#Catalysis413,5032
4508,2526|9092|9093|10091|10231,9091|9439|10232,5,3,http://www.reactome.org/biopax/96/48892#BiochemicalReaction4331,1,http://www.reactome.org/biopax/96/48892#Catalysis2510,5033
4509,5028|7943|8431|10258,8450|10298,4,2,http://www.reactome.org/biopax/96/48892#BiochemicalReaction3639,1,http://www.reactome.org/biopax/96/48892#Catalysis1869,5034
4510,686|2777|7986,692|8067,3,2,http://www.reactome.org/biopax/96/48892#BiochemicalReaction9922,-1,http://www.reactome.org/biopax/96/48892#Control1319,5035
4511,349|7986,9428|10206,2,2,http://www.reactome.org/biopax/96/48892#BiochemicalReaction8919,1,http://www.reactome.org/biopax/96/48892#Catalysis4592,5036
4512,5145|8769|8770,7943|8771|8772,3,3,http://www.reactome.org/biopax/96/48892#BiochemicalReaction4014,1,http://www.reactome.org/biopax/96/48892#Catalysis2202,5037
4513,3645|7092|7986,7093|8067,3,2,http://www.reactome.org/biopax/96/48892#BiochemicalReaction924,1,http://www.reactome.org/biopax/96/48892#Catalysis304,5038
4514,658|6290,6742,2,1,http://www.reactome.org/biopax/96/48892#BiochemicalReaction10000,1,http://www.reactome.org/biopax/96/48892#Catalysis4998,5039
4515,2154|2155|2156|4966,2157,4,1,http://www.reactome.org/biopax/96/48892#BiochemicalReaction3518,1,http://www.reactome.org/biopax/96/48892#Catalysis1755,5040
4516,39|6388|7986,7804|8067,3,2,http://www.reactome.org/biopax/96/48892#BiochemicalReaction8281,1,http://www.reactome.org/biopax/96/48892#Catalysis4405,5041
4517,5023|8440|10298,7943|8441|9635|10258,3,4,http://www.reactome.org/biopax/96/48892#BiochemicalReaction3630,1,http://www.reactome.org/biopax/96/48892#Catalysis1860,5042
4518,919|7004,920,2,1,http://www.reactome.org/biopax/96/48892#BiochemicalReaction843,1,http://www.reactome.org/biopax/96/48892#Control125,5043
4519,4109|6818|8622,6815|8631,3,2,http://www.reactome.org/biopax/96/48892#BiochemicalReaction633,1,http://www.reactome.org/biopax/96/48892#Control79,5044
4520,6869|9582|10349,7943|9575,3,2,http://www.reactome.org/biopax/96/48892#BiochemicalReaction5349,1,http://www.reactome.org/biopax/96/48892#Control642,5045
4521,2564|9085|9439|10217,8099|10091|10232,4,3,http://www.reactome.org/biopax/96/48892#BiochemicalReaction4401,1,http://www.reactome.org/biopax/96/48892#Catalysis2580,5046
4522,1706|3625|8622,3624|8631,3,2,http://www.reactome.org/biopax/96/48892#BiochemicalReaction6748,1,http://www.reactome.org/biopax/96/48892#Catalysis3839,5047
4523,5324|7128|9630,5325|9632,3,2,http://www.reactome.org/biopax/96/48892#BiochemicalReaction4665,1,http://www.reactome.org/biopax/96/48892#Catalysis2836,5048
4524,3376|5831|8622,5832|8631,3,2,http://www.reactome.org/biopax/96/48892#BiochemicalReaction6299,-1,http://www.reactome.org/biopax/96/48892#Control805,5049
4525,919|7008,920,2,1,http://www.reactome.org/biopax/96/48892#BiochemicalReaction843,1,http://www.reactome.org/biopax/96/48892#Control136,5051
4526,1940|9866,1941|7943|9286,2,3,http://www.reactome.org/biopax/96/48892#BiochemicalReaction2897,1,http://www.reactome.org/biopax/96/48892#Catalysis1160,5053
4527,5725,5698|5726,1,2,http://www.reactome.org/biopax/96/48892#BiochemicalReaction5957,1,http://www.reactome.org/biopax/96/48892#Catalysis3509,5054
4528,1065|7288|10079,7298|9946|10070,3,3,http://www.reactome.org/biopax/96/48892#BiochemicalReaction1132,1,http://www.reactome.org/biopax/96/48892#Catalysis462,5055
4529,3130|5644|8622,3337|8631,3,2,http://www.reactome.org/biopax/96/48892#BiochemicalReaction6264,1,http://www.reactome.org/biopax/96/48892#Catalysis3629,5056
4530,4814,2046,1,1,http://www.reactome.org/biopax/96/48892#BiochemicalReaction3168,1,http://www.reactome.org/biopax/96/48892#Catalysis1415,5057
4531,3384|8622,3385|8631,2,2,http://www.reactome.org/biopax/96/48892#BiochemicalReaction6313,1,http://www.reactome.org/biopax/96/48892#Catalysis3645,5058
4532,7190|9643|10021,10024|10157,3,2,http://www.reactome.org/biopax/96/48892#BiochemicalReaction1037,1,http://www.reactome.org/biopax/96/48892#Catalysis401,5059
4533,3875|10177,3876|10159,2,2,http://www.reactome.org/biopax/96/48892#BiochemicalReaction7229,1,http://www.reactome.org/biopax/96/48892#Catalysis3979,5061
4534,2599|5262|9020,2601|9023|9092,3,3,http://www.reactome.org/biopax/96/48892#BiochemicalReaction4469,1,http://www.reactome.org/biopax/96/48892#Catalysis2648,5062
4535,4423|9973|10340,10308|10342,3,2,http://www.reactome.org/biopax/96/48892#BiochemicalReaction3069,1,http://www.reactome.org/biopax/96/48892#Catalysis1318,5063
4536,2006|10070|10081,10080|10312,3,2,http://www.reactome.org/biopax/96/48892#BiochemicalReaction3012,1,http://www.reactome.org/biopax/96/48892#Catalysis1269,5064
4537,5194|9513,10217,2,1,http://www.reactome.org/biopax/96/48892#BiochemicalReaction4228,1,http://www.reactome.org/biopax/96/48892#Catalysis2413,5065
4538,5782|6442,6441,2,1,http://www.reactome.org/biopax/96/48892#BiochemicalReaction8927,1,http://www.reactome.org/biopax/96/48892#Catalysis4599,5067
4539,1233|2858,1229|5466,2,2,http://www.reactome.org/biopax/96/48892#BiochemicalReaction1424,1,http://www.reactome.org/biopax/96/48892#Catalysis678,5068
4540,2720|5775|6838,6336|6820,3,2,http://www.reactome.org/biopax/96/48892#BiochemicalReaction7991,1,http://www.reactome.org/biopax/96/48892#Catalysis4302,5069
4541,2194|8395|9502,7943|8353|8396,3,3,http://www.reactome.org/biopax/96/48892#BiochemicalReaction3592,1,http://www.reactome.org/biopax/96/48892#Catalysis1824,5070
4542,5208|8955|9037,8718|9038,3,2,http://www.reactome.org/biopax/96/48892#BiochemicalReaction4269,1,http://www.reactome.org/biopax/96/48892#Catalysis2452,5071
4543,1862|10177,1863|10159,2,2,http://www.reactome.org/biopax/96/48892#BiochemicalReaction2722,1,http://www.reactome.org/biopax/96/48892#Catalysis1108,5073
4544,5326|9849,5327|9704,2,2,http://www.reactome.org/biopax/96/48892#BiochemicalReaction4667,1,http://www.reactome.org/biopax/96/48892#Catalysis2838,5074
4545,4802|8057|10177,7931|10159,3,2,http://www.reactome.org/biopax/96/48892#BiochemicalReaction3144,1,http://www.reactome.org/biopax/96/48892#Catalysis1393,5075
4546,6853|7941|10349,7943|10338,3,2,http://www.reactome.org/biopax/96/48892#BiochemicalReaction83,1,http://www.reactome.org/biopax/96/48892#Catalysis39,5076
4547,603|9014|10258,7943|9957|10298,3,3,http://www.reactome.org/biopax/96/48892#BiochemicalReaction9550,1,http://www.reactome.org/biopax/96/48892#Catalysis4827,5077
4548,4163|7986,4165|8067,2,2,http://www.reactome.org/biopax/96/48892#BiochemicalReaction8147,1,http://www.reactome.org/biopax/96/48892#Catalysis4348,5078
4549,4713|8555|10292,7943|10293,3,2,http://www.reactome.org/biopax/96/48892#BiochemicalReaction2992,1,http://www.reactome.org/biopax/96/48892#Catalysis1251,5079
4550,2093|8059|8152,8061|8154,3,2,http://www.reactome.org/biopax/96/48892#BiochemicalReaction3320,1,http://www.reactome.org/biopax/96/48892#Catalysis1558,5080
4551,1507|1521,1526,2,1,http://www.reactome.org/biopax/96/48892#BiochemicalReaction205,1,http://www.reactome.org/biopax/96/48892#Catalysis83,5081
4552,338,339|10159,1,2,http://www.reactome.org/biopax/96/48892#BiochemicalReaction8897,1,http://www.reactome.org/biopax/96/48892#Catalysis4579,5082
4553,1022|9987,9995|9998,2,2,http://www.reactome.org/biopax/96/48892#BiochemicalReaction1026,1,http://www.reactome.org/biopax/96/48892#Catalysis390,5083
4554,3187,3188,1,1,http://www.reactome.org/biopax/96/48892#BiochemicalReaction5744,1,http://www.reactome.org/biopax/96/48892#Catalysis3441,5084
4555,1306|7986,1309|8067,2,2,http://www.reactome.org/biopax/96/48892#BiochemicalReaction1560,1,http://www.reactome.org/biopax/96/48892#Catalysis748,5085
4556,2002|4421|9973,10288|10289,3,2,http://www.reactome.org/biopax/96/48892#BiochemicalReaction2986,1,http://www.reactome.org/biopax/96/48892#Catalysis1245,5086
4557,1644|7870,7871|7872,2,2,http://www.reactome.org/biopax/96/48892#BiochemicalReaction2274,1,http://www.reactome.org/biopax/96/48892#Catalysis991,5088
4558,865|7922,7924,2,1,http://www.reactome.org/biopax/96/48892#BiochemicalReaction3139,1,http://www.reactome.org/biopax/96/48892#Catalysis1388,5089
4559,3682|7348|8622,3683|8631,3,2,http://www.reactome.org/biopax/96/48892#BiochemicalReaction6825,1,http://www.reactome.org/biopax/96/48892#Catalysis3870,5090
4560,2185|2186|9973,4999|8388|10333,3,3,http://www.reactome.org/biopax/96/48892#BiochemicalReaction3582,1,http://www.reactome.org/biopax/96/48892#Catalysis1814,5091
4561,2075|8171|8192,8160|8172|8193,3,3,http://www.reactome.org/biopax/96/48892#BiochemicalReaction3344,1,http://www.reactome.org/biopax/96/48892#Catalysis1582,5093
4562,915|917,918,2,1,http://www.reactome.org/biopax/96/48892#BiochemicalReaction842,1,http://www.reactome.org/biopax/96/48892#Control120,5095
4563,3341|5337,3600,2,1,http://www.reactome.org/biopax/96/48892#BiochemicalReaction6720,1,http://www.reactome.org/biopax/96/48892#Catalysis3820,5096
4564,5027|7943|8460|10258,8449|10298,4,2,http://www.reactome.org/biopax/96/48892#BiochemicalReaction3647,1,http://www.reactome.org/biopax/96/48892#Catalysis1877,5097
4565,2078|4438|7986,4439|7943|8067,3,3,http://www.reactome.org/biopax/96/48892#BiochemicalReaction3274,1,http://www.reactome.org/biopax/96/48892#Catalysis1514,5098
4566,2529|9073|9995,8718|9143,3,2,http://www.reactome.org/biopax/96/48892#BiochemicalReaction4387,1,http://www.reactome.org/biopax/96/48892#Catalysis2566,5099
4567,5876|5922|8622,5923|8631,3,2,http://www.reactome.org/biopax/96/48892#BiochemicalReaction6483,1,http://www.reactome.org/biopax/96/48892#Catalysis3744,5100
4568,5636|5973|8622,6026|8631,3,2,http://www.reactome.org/biopax/96/48892#BiochemicalReaction6799,1,http://www.reactome.org/biopax/96/48892#Catalysis3857,5101
4569,4670|5265|9439|10217,5263|9230|10218,4,3,http://www.reactome.org/biopax/96/48892#BiochemicalReaction4480,1,http://www.reactome.org/biopax/96/48892#Catalysis2659,5102
4570,2415|8924|10313,8925|10070|10314,3,3,http://www.reactome.org/biopax/96/48892#BiochemicalReaction4141,1,http://www.reactome.org/biopax/96/48892#Catalysis2327,5103
4571,1381|7718|10143,7722,3,1,http://www.reactome.org/biopax/96/48892#BiochemicalReaction1655,1,http://www.reactome.org/biopax/96/48892#Catalysis797,5104
4572,2374|7986|9876,8067|9877,3,2,http://www.reactome.org/biopax/96/48892#BiochemicalReaction7678,1,http://www.reactome.org/biopax/96/48892#Catalysis4145,5106
4573,723|5213|10013,5220|9053,3,2,http://www.reactome.org/biopax/96/48892#BiochemicalReaction9875,1,http://www.reactome.org/biopax/96/48892#Catalysis4942,5107
4574,2667|8848|10300,9484|10301,3,2,http://www.reactome.org/biopax/96/48892#BiochemicalReaction4656,1,http://www.reactome.org/biopax/96/48892#Catalysis2827,5108
4575,2107|8266|10177,8267|9743,3,2,http://www.reactome.org/biopax/96/48892#BiochemicalReaction3438,1,http://www.reactome.org/biopax/96/48892#Catalysis1676,5109
4576,485|7986,486|8067,2,2,http://www.reactome.org/biopax/96/48892#BiochemicalReaction9255,1,http://www.reactome.org/biopax/96/48892#Catalysis4715,5110
4577,9344|10159|10281,7943|10282|10283,3,3,http://www.reactome.org/biopax/96/48892#BiochemicalReaction2977,1,http://www.reactome.org/biopax/96/48892#Control382,5111
4578,1661|1664|1666,1665,3,1,http://www.reactome.org/biopax/96/48892#BiochemicalReaction2300,-1,http://www.reactome.org/biopax/96/48892#Control300,5112
4579,2529|9168|9633,9169|9847|10177,3,3,http://www.reactome.org/biopax/96/48892#BiochemicalReaction4417,1,http://www.reactome.org/biopax/96/48892#Catalysis2596,5113
4580,3428|5872|7986,3440|8067,3,2,http://www.reactome.org/biopax/96/48892#BiochemicalReaction6397,1,http://www.reactome.org/biopax/96/48892#Catalysis3696,5114
4581,915|7012,918,2,1,http://www.reactome.org/biopax/96/48892#BiochemicalReaction842,1,http://www.reactome.org/biopax/96/48892#Control119,5115
4582,6486|7943|9044|10258,9042|10298,4,2,http://www.reactome.org/biopax/96/48892#BiochemicalReaction9197,1,http://www.reactome.org/biopax/96/48892#Catalysis4701,5116
4583,2223|8604|8605,8065|8606,3,2,http://www.reactome.org/biopax/96/48892#BiochemicalReaction3783,1,http://www.reactome.org/biopax/96/48892#Catalysis2004,5117
4584,310|6424|8088,309,3,1,http://www.reactome.org/biopax/96/48892#BiochemicalReaction8765,1,http://www.reactome.org/biopax/96/48892#Control1150,5118
4585,888|889|8918,891|9074,3,2,http://www.reactome.org/biopax/96/48892#BiochemicalReaction802,1,http://www.reactome.org/biopax/96/48892#Catalysis257,5119
4586,4838|8649|10269,8650,3,1,http://www.reactome.org/biopax/96/48892#BiochemicalReaction3820,1,http://www.reactome.org/biopax/96/48892#Catalysis2041,5120
4587,3974|10133|10372,10134|10349,3,2,http://www.reactome.org/biopax/96/48892#BiochemicalReaction7639,1,http://www.reactome.org/biopax/96/48892#Control987,5122
4588,1184|10177,1185|4367,2,2,http://www.reactome.org/biopax/96/48892#BiochemicalReaction1315,1,http://www.reactome.org/biopax/96/48892#Catalysis630,5123
4589,2086|8094|10091|10211,8095|8121,4,2,http://www.reactome.org/biopax/96/48892#BiochemicalReaction3301,1,http://www.reactome.org/biopax/96/48892#Catalysis1541,5124
4590,893|6978|7986,894|8067,3,2,http://www.reactome.org/biopax/96/48892#BiochemicalReaction809,1,http://www.reactome.org/biopax/96/48892#Catalysis259,5125
4591,946|3591|7986,637|8067,3,2,http://www.reactome.org/biopax/96/48892#BiochemicalReaction9626,1,http://www.reactome.org/biopax/96/48892#Catalysis4870,5126
4592,1229|1235|7585,1234,3,1,http://www.reactome.org/biopax/96/48892#BiochemicalReaction1425,-1,http://www.reactome.org/biopax/96/48892#Control183,5127
4593,5475|10113|10295,10109|10297,3,2,http://www.reactome.org/biopax/96/48892#BiochemicalReaction5167,1,http://www.reactome.org/biopax/96/48892#Control637,5128
4594,2512|8164|10177,8433|9072,3,2,http://www.reactome.org/biopax/96/48892#BiochemicalReaction4310,-1,http://www.reactome.org/biopax/96/48892#Control527,5129
4595,1455|7506|7782,1454,3,1,http://www.reactome.org/biopax/96/48892#BiochemicalReaction1823,-1,http://www.reactome.org/biopax/96/48892#Control250,5130
4596,1878|1889|4639,1886,3,1,http://www.reactome.org/biopax/96/48892#BiochemicalReaction2782,1,http://www.reactome.org/biopax/96/48892#Control339,5132
4597,2387|8829|8843,8845|10159,3,2,http://www.reactome.org/biopax/96/48892#BiochemicalReaction4076,1,http://www.reactome.org/biopax/96/48892#Catalysis2262,5133
4598,656|1455,660|6639,2,2,http://www.reactome.org/biopax/96/48892#BiochemicalReaction9656,1,http://www.reactome.org/biopax/96/48892#Catalysis4879,5134
4599,4143|5466|6360,3797,3,1,http://www.reactome.org/biopax/96/48892#BiochemicalReaction8122,-1,http://www.reactome.org/biopax/96/48892#Control1089,5135
4600,3482|3491,3492,2,1,http://www.reactome.org/biopax/96/48892#BiochemicalReaction6463,1,http://www.reactome.org/biopax/96/48892#Catalysis3736,5136
4601,4267|7690,4740,2,1,http://www.reactome.org/biopax/96/48892#BiochemicalReaction7429,1,http://www.reactome.org/biopax/96/48892#Control930,5137
4602,4752|4755|9630,4753|9632|10070,3,3,http://www.reactome.org/biopax/96/48892#BiochemicalReaction3027,1,http://www.reactome.org/biopax/96/48892#Catalysis1284,5138
4603,4490|8029|9381|9480|9582,8031|9382|9502,5,3,http://www.reactome.org/biopax/96/48892#BiochemicalReaction4590,1,http://www.reactome.org/biopax/96/48892#Catalysis2765,5139
4604,2858|3362,5466|5821,2,2,http://www.reactome.org/biopax/96/48892#BiochemicalReaction6275,1,http://www.reactome.org/biopax/96/48892#Catalysis3634,5140
4605,737|8164,9428|10309,2,2,http://www.reactome.org/biopax/96/48892#BiochemicalReaction9908,-1,http://www.reactome.org/biopax/96/48892#Control1315,5141
4606,554|7712|10177,6552|10159,3,2,http://www.reactome.org/biopax/96/48892#BiochemicalReaction9391,1,http://www.reactome.org/biopax/96/48892#Catalysis4776,5142
4607,5565|10113|10159,9767|10142,3,2,http://www.reactome.org/biopax/96/48892#BiochemicalReaction5381,1,http://www.reactome.org/biopax/96/48892#Catalysis3266,5144
4608,2239|6446,6597,2,1,http://www.reactome.org/biopax/96/48892#BiochemicalReaction8954,1,http://www.reactome.org/biopax/96/48892#Catalysis4608,5145
4609,3190|9797,3191|8957,2,2,http://www.reactome.org/biopax/96/48892#BiochemicalReaction5747,1,http://www.reactome.org/biopax/96/48892#Catalysis3443,5146
4610,4091|8302,10207,2,1,http://www.reactome.org/biopax/96/48892#BiochemicalReaction7947,-1,http://www.reactome.org/biopax/96/48892#Control1031,5147
4611,3020|8595|8720|8786|8791,3021|5678|8777,5,3,http://www.reactome.org/biopax/96/48892#BiochemicalReaction434,1,http://www.reactome.org/biopax/96/48892#Catalysis148,5148
4612,4511|5451|7986|10177,4512|8067|10159,4,3,http://www.reactome.org/biopax/96/48892#BiochemicalReaction5138,1,http://www.reactome.org/biopax/96/48892#Catalysis3054,5149
4613,2860|2861,2862,2,1,http://www.reactome.org/biopax/96/48892#BiochemicalReaction5029,1,http://www.reactome.org/biopax/96/48892#Catalysis3009,5150
4614,2527|9094|9439,9092|10232,3,2,http://www.reactome.org/biopax/96/48892#BiochemicalReaction4332,1,http://www.reactome.org/biopax/96/48892#Catalysis2511,5151
4615,5528|9836|10109,10113|10128,3,2,http://www.reactome.org/biopax/96/48892#BiochemicalReaction5275,1,http://www.reactome.org/biopax/96/48892#Catalysis3184,5152
4616,3297|4248,6667,2,1,http://www.reactome.org/biopax/96/48892#BiochemicalReaction9807,1,http://www.reactome.org/biopax/96/48892#Control1281,5153
4617,1458|8622,1459|8631,2,2,http://www.reactome.org/biopax/96/48892#BiochemicalReaction1831,1,http://www.reactome.org/biopax/96/48892#Catalysis855,5154
4618,2080|8102|10217,8099|8103|10091,3,3,http://www.reactome.org/biopax/96/48892#BiochemicalReaction3282,1,http://www.reactome.org/biopax/96/48892#Catalysis1522,5155
4619,3892|8918,3893|9822,2,2,http://www.reactome.org/biopax/96/48892#BiochemicalReaction7363,1,http://www.reactome.org/biopax/96/48892#Catalysis4044,5157
4620,8164|8757|8767|8783,8783|10157|10159,4,3,http://www.reactome.org/biopax/96/48892#BiochemicalReaction5528,-1,http://www.reactome.org/biopax/96/48892#Control702,5158
4621,4897|7986|8567,8067|8573,3,2,http://www.reactome.org/biopax/96/48892#BiochemicalReaction359,1,http://www.reactome.org/biopax/96/48892#Catalysis128,5159
4622,5824|6217|8622,6216|8631,3,2,http://www.reactome.org/biopax/96/48892#BiochemicalReaction7489,1,http://www.reactome.org/biopax/96/48892#Catalysis4076,5160
4623,1067|1068|6820,1067|4113,3,2,http://www.reactome.org/biopax/96/48892#BiochemicalReaction1145,1,http://www.reactome.org/biopax/96/48892#Catalysis475,5161
4624,3354|5853|8622,5854|8631,3,2,http://www.reactome.org/biopax/96/48892#BiochemicalReaction6355,1,http://www.reactome.org/biopax/96/48892#Catalysis3672,5162
4625,4842|8644|10298,8671|10258,3,2,http://www.reactome.org/biopax/96/48892#BiochemicalReaction3837,1,http://www.reactome.org/biopax/96/48892#Catalysis2058,5163
4626,4113|6888,6820|7343,2,2,http://www.reactome.org/biopax/96/48892#BiochemicalReaction1159,1,http://www.reactome.org/biopax/96/48892#Catalysis489,5164
4627,2062|8011|8386,8012|8834,3,2,http://www.reactome.org/biopax/96/48892#BiochemicalReaction3217,1,http://www.reactome.org/biopax/96/48892#Catalysis1457,5165
4628,7757|10145,10148,2,1,http://www.reactome.org/biopax/96/48892#BiochemicalReaction1703,1,http://www.reactome.org/biopax/96/48892#Catalysis819,5166
4629,3122|5632|8918,3120|8643,3,2,http://www.reactome.org/biopax/96/48892#BiochemicalReaction5670,1,http://www.reactome.org/biopax/96/48892#Catalysis3407,5167
4630,6665|7986|10349,8067|10159|10372,3,3,http://www.reactome.org/biopax/96/48892#BiochemicalReaction9794,1,http://www.reactome.org/biopax/96/48892#Catalysis4923,5168
4631,4254|6844,6212,2,1,http://www.reactome.org/biopax/96/48892#BiochemicalReaction7465,1,http://www.reactome.org/biopax/96/48892#Control948,5169
4632,3987|9936|10298,7943|9937|10258,3,3,http://www.reactome.org/biopax/96/48892#BiochemicalReaction7741,1,http://www.reactome.org/biopax/96/48892#Catalysis4200,5170
4633,6601|6602|7986,6603|8067,3,2,http://www.reactome.org/biopax/96/48892#BiochemicalReaction9512,1,http://www.reactome.org/biopax/96/48892#Catalysis4822,5171
4634,4237|5677,6863,2,1,http://www.reactome.org/biopax/96/48892#BiochemicalReaction6125,1,http://www.reactome.org/biopax/96/48892#Control758,5172
4635,5045|7986|8542,8067|8719|10159,3,3,http://www.reactome.org/biopax/96/48892#BiochemicalReaction3723,1,http://www.reactome.org/biopax/96/48892#Catalysis1949,5173
4636,2061|8652|10177,8655,3,1,http://www.reactome.org/biopax/96/48892#BiochemicalReaction3824,1,http://www.reactome.org/biopax/96/48892#Catalysis2045,5174
4637,2917|9549,9629,2,1,http://www.reactome.org/biopax/96/48892#BiochemicalReaction5161,1,http://www.reactome.org/biopax/96/48892#Catalysis3074,5175
4638,3774|6017,6033|6058,2,2,http://www.reactome.org/biopax/96/48892#BiochemicalReaction554,1,http://www.reactome.org/biopax/96/48892#Catalysis193,5176
4639,571|6586|10177,570|10159,3,2,http://www.reactome.org/biopax/96/48892#BiochemicalReaction9452,1,http://www.reactome.org/biopax/96/48892#Catalysis4803,5177
4640,7182|9978|10177,9912|9980,3,2,http://www.reactome.org/biopax/96/48892#BiochemicalReaction1024,1,http://www.reactome.org/biopax/96/48892#Catalysis388,5178
4641,2467|8720|9002|10091,8777|9003,4,2,http://www.reactome.org/biopax/96/48892#BiochemicalReaction4223,1,http://www.reactome.org/biopax/96/48892#Catalysis2408,5179
4642,4861|8086|8087,8084|8089,3,2,http://www.reactome.org/biopax/96/48892#BiochemicalReaction3269,1,http://www.reactome.org/biopax/96/48892#Catalysis1509,5180
4643,1063|7943|9783|10076,9428|10077,4,2,http://www.reactome.org/biopax/96/48892#BiochemicalReaction1129,1,http://www.reactome.org/biopax/96/48892#Catalysis459,5181
4644,1969,4691|4692,1,2,http://www.reactome.org/biopax/96/48892#BiochemicalReaction2927,1,http://www.reactome.org/biopax/96/48892#Catalysis1188,5182
4645,5192|7986|8996,7943|8067|8986,3,3,http://www.reactome.org/biopax/96/48892#BiochemicalReaction4217,1,http://www.reactome.org/biopax/96/48892#Catalysis2402,5183
4646,2033|7938|10177,7934|10159,3,2,http://www.reactome.org/biopax/96/48892#BiochemicalReaction3152,1,http://www.reactome.org/biopax/96/48892#Catalysis1401,5184
4647,2336|2337|2339,2338|5128,3,2,http://www.reactome.org/biopax/96/48892#BiochemicalReaction3985,1,http://www.reactome.org/biopax/96/48892#Catalysis2179,5185
4648,449|9778,6476|6477|7590,2,3,http://www.reactome.org/biopax/96/48892#BiochemicalReaction9144,1,http://www.reactome.org/biopax/96/48892#Catalysis4678,5186
4649,4493|8029|9384|9480|9582,8031|9386|9502,5,3,http://www.reactome.org/biopax/96/48892#BiochemicalReaction4592,1,http://www.reactome.org/biopax/96/48892#Catalysis2767,5187
4650,4643|4644|7590,1792,3,1,http://www.reactome.org/biopax/96/48892#BiochemicalReaction2589,1,http://www.reactome.org/biopax/96/48892#Catalysis1078,5188
4651,1173|8918,1174|4390,2,2,http://www.reactome.org/biopax/96/48892#BiochemicalReaction1307,1,http://www.reactome.org/biopax/96/48892#Catalysis625,5189
4652,1944|7986|9236,1950,3,1,http://www.reactome.org/biopax/96/48892#BiochemicalReaction2901,-1,http://www.reactome.org/biopax/96/48892#Control352,5190
4653,2037|2039|4430,2040|4804|4807,3,3,http://www.reactome.org/biopax/96/48892#BiochemicalReaction3157,1,http://www.reactome.org/biopax/96/48892#Catalysis1406,5191
4654,1256|7624|8386,7631,3,1,http://www.reactome.org/biopax/96/48892#BiochemicalReaction1465,1,http://www.reactome.org/biopax/96/48892#Catalysis708,5192
4655,2072|8040|10177,8044,3,1,http://www.reactome.org/biopax/96/48892#BiochemicalReaction3244,1,http://www.reactome.org/biopax/96/48892#Catalysis1484,5193
4656,950|4366|7073,942|947|952|953|6972|6977|6987|7071|7072|7073|10159,3,11,http://www.reactome.org/biopax/96/48892#BiochemicalReaction884,1,http://www.reactome.org/biopax/96/48892#Control169,5194
4657,4423|9973|10304,10307|10308,3,2,http://www.reactome.org/biopax/96/48892#BiochemicalReaction3008,1,http://www.reactome.org/biopax/96/48892#Catalysis1265,5195
4658,150|6515|7909,430,3,1,http://www.reactome.org/biopax/96/48892#BiochemicalReaction9293,-1,http://www.reactome.org/biopax/96/48892#Control1207,5196
4659,7666|8123|10230,7952|8615,3,2,http://www.reactome.org/biopax/96/48892#BiochemicalReaction3790,1,http://www.reactome.org/biopax/96/48892#Catalysis2011,5197
4660,1968|10245,4689|4690,2,2,http://www.reactome.org/biopax/96/48892#BiochemicalReaction2925,-1,http://www.reactome.org/biopax/96/48892#Control364,5199
4661,6439|6441|7986,6440|8067,3,2,http://www.reactome.org/biopax/96/48892#BiochemicalReaction8922,-1,http://www.reactome.org/biopax/96/48892#Control1163,5200
4662,2158|8322|10177,8317|10159,3,2,http://www.reactome.org/biopax/96/48892#BiochemicalReaction3521,1,http://www.reactome.org/biopax/96/48892#Catalysis1758,5201
4663,4796|8622|10382,8631|10383,3,2,http://www.reactome.org/biopax/96/48892#BiochemicalReaction3117,1,http://www.reactome.org/biopax/96/48892#Catalysis1366,5202
4664,3871|10177,3872|10159,2,2,http://www.reactome.org/biopax/96/48892#BiochemicalReaction7223,1,http://www.reactome.org/biopax/96/48892#Catalysis3977,5203
4665,3922|7986,3923|8067,2,2,http://www.reactome.org/biopax/96/48892#BiochemicalReaction7513,1,http://www.reactome.org/biopax/96/48892#Catalysis4081,5204
4666,2429|8709|10177,8949|10159,3,2,http://www.reactome.org/biopax/96/48892#BiochemicalReaction4161,1,http://www.reactome.org/biopax/96/48892#Catalysis2347,5205
4667,4880|8062|8191,8192,3,1,http://www.reactome.org/biopax/96/48892#BiochemicalReaction3343,1,http://www.reactome.org/biopax/96/48892#Catalysis1581,5206
4668,5488|9636|10109,9637|10113,3,2,http://www.reactome.org/biopax/96/48892#BiochemicalReaction5190,1,http://www.reactome.org/biopax/96/48892#Catalysis3102,5207
4669,2858|6480,5466,2,1,http://www.reactome.org/biopax/96/48892#BiochemicalReaction9154,1,http://www.reactome.org/biopax/96/48892#Catalysis4683,5208
4670,4820|7943|7949|7959,7960|9635|9704,4,3,http://www.reactome.org/biopax/96/48892#BiochemicalReaction3176,1,http://www.reactome.org/biopax/96/48892#Catalysis1423,5209
4671,2031|10177|10389,10159|10387,3,2,http://www.reactome.org/biopax/96/48892#BiochemicalReaction3135,1,http://www.reactome.org/biopax/96/48892#Catalysis1384,5210
4672,2069|7940|10269,8022,3,1,http://www.reactome.org/biopax/96/48892#BiochemicalReaction3225,1,http://www.reactome.org/biopax/96/48892#Catalysis1465,5211
4673,2669|9487|10300,9488|10301,3,2,http://www.reactome.org/biopax/96/48892#BiochemicalReaction4659,1,http://www.reactome.org/biopax/96/48892#Catalysis2830,5212
4674,81|7986,82|8067,2,2,http://www.reactome.org/biopax/96/48892#BiochemicalReaction8346,1,http://www.reactome.org/biopax/96/48892#Catalysis4435,5213
4675,503|2054|6516,504,3,1,http://www.reactome.org/biopax/96/48892#BiochemicalReaction9307,1,http://www.reactome.org/biopax/96/48892#Control1209,5214
4676,2363|7986|9841|10177|10295,7943|8067|8784|9847|10159,5,5,http://www.reactome.org/biopax/96/48892#BiochemicalReaction4027,1,http://www.reactome.org/biopax/96/48892#Catalysis2214,5215
4677,1597|7713|7986,1598|8067,3,2,http://www.reactome.org/biopax/96/48892#BiochemicalReaction2171,1,http://www.reactome.org/biopax/96/48892#Catalysis957,5216
4678,1791|1793|1794,1795,3,1,http://www.reactome.org/biopax/96/48892#BiochemicalReaction2592,-1,http://www.reactome.org/biopax/96/48892#Control325,5217
4679,302|7986,304|8067,2,2,http://www.reactome.org/biopax/96/48892#BiochemicalReaction671,1,http://www.reactome.org/biopax/96/48892#Catalysis224,5218
4680,2627|7943|9291|10258,9281|9292|10298,4,3,http://www.reactome.org/biopax/96/48892#BiochemicalReaction4531,1,http://www.reactome.org/biopax/96/48892#Catalysis2708,5219
4681,5240|9244|9439|10217,8099|9246|10091,4,3,http://www.reactome.org/biopax/96/48892#BiochemicalReaction4493,1,http://www.reactome.org/biopax/96/48892#Catalysis2671,5220
4682,244|7986,245|8067,2,2,http://www.reactome.org/biopax/96/48892#BiochemicalReaction8588,1,http://www.reactome.org/biopax/96/48892#Catalysis4533,5221
4683,2979|9772,8740,2,1,http://www.reactome.org/biopax/96/48892#BiochemicalReaction5427,1,http://www.reactome.org/biopax/96/48892#Catalysis3300,5222
4684,330|6435|8164,331|10157,3,2,http://www.reactome.org/biopax/96/48892#BiochemicalReaction8890,-1,http://www.reactome.org/biopax/96/48892#Control1159,5223
4685,2906|7986|8848|10177,8067|8464|10159,4,3,http://www.reactome.org/biopax/96/48892#BiochemicalReaction5131,1,http://www.reactome.org/biopax/96/48892#Catalysis3048,5225
4686,3168|10128,9836,2,1,http://www.reactome.org/biopax/96/48892#BiochemicalReaction5263,1,http://www.reactome.org/biopax/96/48892#Catalysis3173,5226
4687,5155|7998,5154|8020,2,2,http://www.reactome.org/biopax/96/48892#BiochemicalReaction4054,1,http://www.reactome.org/biopax/96/48892#Catalysis2240,5227
4688,4951|8312|10177,8308|10159,3,2,http://www.reactome.org/biopax/96/48892#BiochemicalReaction3491,1,http://www.reactome.org/biopax/96/48892#Catalysis1729,5228
4689,1255|7624|8386,7626,3,1,http://www.reactome.org/biopax/96/48892#BiochemicalReaction1461,-1,http://www.reactome.org/biopax/96/48892#Control199,5229
4690,7172|10056|10066,4384,3,1,http://www.reactome.org/biopax/96/48892#BiochemicalReaction1101,1,http://www.reactome.org/biopax/96/48892#Catalysis437,5230
4691,1591|1758,1761|7885,2,2,http://www.reactome.org/biopax/96/48892#BiochemicalReaction252,1,http://www.reactome.org/biopax/96/48892#Catalysis105,5231
4692,782|783|7986,785|8067,3,2,http://www.reactome.org/biopax/96/48892#BiochemicalReaction10039,1,http://www.reactome.org/biopax/96/48892#Catalysis5023,5233
4693,4528|10214,10107,2,1,http://www.reactome.org/biopax/96/48892#BiochemicalReaction5372,1,http://www.reactome.org/biopax/96/48892#Catalysis3257,5234
4694,3513|5466,3514,2,1,http://www.reactome.org/biopax/96/48892#BiochemicalReaction6494,1,http://www.reactome.org/biopax/96/48892#Catalysis3749,5235
4695,5567|7943|10109,8555|10113,3,2,http://www.reactome.org/biopax/96/48892#BiochemicalReaction5383,1,http://www.reactome.org/biopax/96/48892#Catalysis3268,5236
4696,8720|10226|10227|10233,8600|8738|10091|10228,4,4,http://www.reactome.org/biopax/96/48892#BiochemicalReaction2908,-1,http://www.reactome.org/biopax/96/48892#Control357,5237
4697,3567|4256,5606,2,1,http://www.reactome.org/biopax/96/48892#BiochemicalReaction7653,1,http://www.reactome.org/biopax/96/48892#Control990,5238
4698,3340|5337|6003,6005,3,1,http://www.reactome.org/biopax/96/48892#BiochemicalReaction6731,1,http://www.reactome.org/biopax/96/48892#Catalysis3828,5239
4699,2257|10372,10349,2,1,http://www.reactome.org/biopax/96/48892#BiochemicalReaction3888,1,http://www.reactome.org/biopax/96/48892#Catalysis2105,5240
4700,4914|8240|10177,8241|8242,3,2,http://www.reactome.org/biopax/96/48892#BiochemicalReaction3399,1,http://www.reactome.org/biopax/96/48892#Catalysis1637,5241
4701,1765|7986,1766|8067,2,2,http://www.reactome.org/biopax/96/48892#BiochemicalReaction2529,1,http://www.reactome.org/biopax/96/48892#Catalysis1068,5242
4702,2993|4841|7986,2994|8067,3,2,http://www.reactome.org/biopax/96/48892#BiochemicalReaction5441,1,http://www.reactome.org/biopax/96/48892#Catalysis3306,5243
4703,2720|5938|7322,5939|6820,3,2,http://www.reactome.org/biopax/96/48892#BiochemicalReaction6578,1,http://www.reactome.org/biopax/96/48892#Catalysis3782,5244
4704,10134|10349,10133,2,1,http://www.reactome.org/biopax/96/48892#BiochemicalReaction4946,1,http://www.reactome.org/biopax/96/48892#Control615,5245
4705,9|7986,10|8067,2,2,http://www.reactome.org/biopax/96/48892#BiochemicalReaction8230,1,http://www.reactome.org/biopax/96/48892#Catalysis4384,5246
4706,2245|9575,10349,2,1,http://www.reactome.org/biopax/96/48892#BiochemicalReaction9915,1,http://www.reactome.org/biopax/96/48892#Catalysis4962,5247
4707,7933|7986|8990|10177|10282,8067|8986|9428|10159,5,4,http://www.reactome.org/biopax/96/48892#BiochemicalReaction4215,1,http://www.reactome.org/biopax/96/48892#Control522,5248
4708,5579|8555|9563,7943|8407,3,2,http://www.reactome.org/biopax/96/48892#BiochemicalReaction5421,1,http://www.reactome.org/biopax/96/48892#Catalysis3296,5249
4709,2965|10214,10107,2,1,http://www.reactome.org/biopax/96/48892#BiochemicalReaction5368,1,http://www.reactome.org/biopax/96/48892#Catalysis3254,5250
4710,5444|7986|8464|10177,8067|8848|10159,4,3,http://www.reactome.org/biopax/96/48892#BiochemicalReaction5123,1,http://www.reactome.org/biopax/96/48892#Catalysis3041,5252
4711,2569|8265,9563|9995,2,2,http://www.reactome.org/biopax/96/48892#BiochemicalReaction4407,1,http://www.reactome.org/biopax/96/48892#Catalysis2586,5253
4712,2029|8583|10177,10159|10373,3,2,http://www.reactome.org/biopax/96/48892#BiochemicalReaction3104,1,http://www.reactome.org/biopax/96/48892#Catalysis1353,5254
4713,5033|7943|8466|10258,8467|10298,4,2,http://www.reactome.org/biopax/96/48892#BiochemicalReaction3658,1,http://www.reactome.org/biopax/96/48892#Catalysis1886,5255
4714,841,842,1,1,http://www.reactome.org/biopax/96/48892#BiochemicalReaction747,1,http://www.reactome.org/biopax/96/48892#Catalysis245,5256
4715,1070|1074|6887,6820|7427,3,2,http://www.reactome.org/biopax/96/48892#BiochemicalReaction1213,1,http://www.reactome.org/biopax/96/48892#Catalysis543,5257
4716,2736|5352|7986,2737|8067,3,2,http://www.reactome.org/biopax/96/48892#BiochemicalReaction4775,1,http://www.reactome.org/biopax/96/48892#Catalysis2913,5258
4717,3873|10177,3874|10159,2,2,http://www.reactome.org/biopax/96/48892#BiochemicalReaction7228,1,http://www.reactome.org/biopax/96/48892#Catalysis3978,5259
4718,1917|7604|9439|10217,7603|8730|10218,4,3,http://www.reactome.org/biopax/96/48892#BiochemicalReaction3931,1,http://www.reactome.org/biopax/96/48892#Catalysis2143,5261
4719,2477|9233,9234|10088,2,2,http://www.reactome.org/biopax/96/48892#BiochemicalReaction4483,1,http://www.reactome.org/biopax/96/48892#Catalysis2661,5262
4720,5025|8458,8459,2,1,http://www.reactome.org/biopax/96/48892#BiochemicalReaction3646,1,http://www.reactome.org/biopax/96/48892#Catalysis1876,5263
4721,7193|9706|10033,10026|10034,3,2,http://www.reactome.org/biopax/96/48892#BiochemicalReaction1041,1,http://www.reactome.org/biopax/96/48892#Catalysis405,5264
4722,3186|8622,3187|8631,2,2,http://www.reactome.org/biopax/96/48892#BiochemicalReaction5743,1,http://www.reactome.org/biopax/96/48892#Catalysis3440,5265
4723,4817|7986|8818|9704,9236|9428|10130|10177,4,4,http://www.reactome.org/biopax/96/48892#BiochemicalReaction3172,1,http://www.reactome.org/biopax/96/48892#Catalysis1419,5266
4724,671|7986,672|8067,2,2,http://www.reactome.org/biopax/96/48892#BiochemicalReaction9686,1,http://www.reactome.org/biopax/96/48892#Catalysis4894,5267
4725,7641|7644,7645,2,1,http://www.reactome.org/biopax/96/48892#BiochemicalReaction1481,1,http://www.reactome.org/biopax/96/48892#Catalysis718,5268
4726,4419|4711|9973,4420,3,1,http://www.reactome.org/biopax/96/48892#BiochemicalReaction2984,1,http://www.reactome.org/biopax/96/48892#Catalysis1243,5269
4727,4880|8171|8192,8160|8172|8193,3,3,http://www.reactome.org/biopax/96/48892#BiochemicalReaction3345,1,http://www.reactome.org/biopax/96/48892#Catalysis1583,5271
4728,2314|2319|5107,2320|5107,3,2,http://www.reactome.org/biopax/96/48892#BiochemicalReaction3960,1,http://www.reactome.org/biopax/96/48892#Catalysis2170,5272
4729,2830|2844|8660|8667|8678|8684,2845,6,1,http://www.reactome.org/biopax/96/48892#BiochemicalReaction408,1,http://www.reactome.org/biopax/96/48892#Catalysis136,5273
4730,3268|6038|6044,3691,3,1,http://www.reactome.org/biopax/96/48892#BiochemicalReaction6850,1,http://www.reactome.org/biopax/96/48892#Control854,5274
4731,3378|5834|8918,5826|8643,3,2,http://www.reactome.org/biopax/96/48892#BiochemicalReaction6303,1,http://www.reactome.org/biopax/96/48892#Catalysis3642,5275
4732,5176|8600|9704,7952|8067,3,2,http://www.reactome.org/biopax/96/48892#BiochemicalReaction4172,1,http://www.reactome.org/biopax/96/48892#Catalysis2358,5276
4733,2281|5957,2282,2,1,http://www.reactome.org/biopax/96/48892#BiochemicalReaction3913,1,http://www.reactome.org/biopax/96/48892#Catalysis2127,5277
4734,919|7026,920,2,1,http://www.reactome.org/biopax/96/48892#BiochemicalReaction843,1,http://www.reactome.org/biopax/96/48892#Control143,5278
4735,6688|10177|10349,6429|10159,3,2,http://www.reactome.org/biopax/96/48892#BiochemicalReaction9905,1,http://www.reactome.org/biopax/96/48892#Control1308,5279
4736,2917|8555|9014|9629,8386|10183,4,2,http://www.reactome.org/biopax/96/48892#BiochemicalReaction5324,1,http://www.reactome.org/biopax/96/48892#Catalysis3227,5280
4737,1505|1681,1402|7881|7882,2,3,http://www.reactome.org/biopax/96/48892#BiochemicalReaction230,-1,http://www.reactome.org/biopax/96/48892#Control52,5281
4738,2348|9847|10234,8757|9633,3,2,http://www.reactome.org/biopax/96/48892#BiochemicalReaction4317,1,http://www.reactome.org/biopax/96/48892#Catalysis2496,5282
4739,5601|6351|7986,6350|8067,3,2,http://www.reactome.org/biopax/96/48892#BiochemicalReaction8063,1,http://www.reactome.org/biopax/96/48892#Control1072,5283
4740,3935|7986|9660,8067|8305,3,2,http://www.reactome.org/biopax/96/48892#BiochemicalReaction7529,1,http://www.reactome.org/biopax/96/48892#Catalysis4089,5284
4741,550|6584|10177,569|10159,3,2,http://www.reactome.org/biopax/96/48892#BiochemicalReaction9442,1,http://www.reactome.org/biopax/96/48892#Catalysis4801,5285
4742,142|144|7986,4109|8067,3,2,http://www.reactome.org/biopax/96/48892#BiochemicalReaction8434,-1,http://www.reactome.org/biopax/96/48892#Control1119,5286
4743,1828|7986,1829|8067,2,2,http://www.reactome.org/biopax/96/48892#BiochemicalReaction2665,1,http://www.reactome.org/biopax/96/48892#Catalysis1094,5287
4744,1456|7795|7986,7798|8067,3,2,http://www.reactome.org/biopax/96/48892#BiochemicalReaction1828,1,http://www.reactome.org/biopax/96/48892#Catalysis853,5288
4745,5152|8067|8803,7986|8801,3,2,http://www.reactome.org/biopax/96/48892#BiochemicalReaction4043,1,http://www.reactome.org/biopax/96/48892#Catalysis2229,5289
4746,1180|1496|4393,1511,3,1,http://www.reactome.org/biopax/96/48892#BiochemicalReaction1997,1,http://www.reactome.org/biopax/96/48892#Catalysis893,5290
4747,4116|4118,4119,2,1,http://www.reactome.org/biopax/96/48892#BiochemicalReaction8091,1,http://www.reactome.org/biopax/96/48892#Control1087,5291
4748,461|1368|5466,462,3,1,http://www.reactome.org/biopax/96/48892#BiochemicalReaction9170,1,http://www.reactome.org/biopax/96/48892#Catalysis4690,5292
4749,5634|5801|8622,5803|8631,3,2,http://www.reactome.org/biopax/96/48892#BiochemicalReaction6248,1,http://www.reactome.org/biopax/96/48892#Catalysis3615,5293
4750,1254|7624|8386,7626,3,1,http://www.reactome.org/biopax/96/48892#BiochemicalReaction1461,1,http://www.reactome.org/biopax/96/48892#Catalysis704,5295
4751,4028|5337,4029,2,1,http://www.reactome.org/biopax/96/48892#BiochemicalReaction7824,1,http://www.reactome.org/biopax/96/48892#Catalysis4238,5296
4752,2003|9973|10310,10288|10311,3,2,http://www.reactome.org/biopax/96/48892#BiochemicalReaction3011,1,http://www.reactome.org/biopax/96/48892#Catalysis1268,5297
4753,5800|6503|8622,6502|8631,3,2,http://www.reactome.org/biopax/96/48892#BiochemicalReaction9264,1,http://www.reactome.org/biopax/96/48892#Catalysis4719,5298
4754,5205|8720|9020|10232,8600|8738|9021,4,3,http://www.reactome.org/biopax/96/48892#BiochemicalReaction4249,1,http://www.reactome.org/biopax/96/48892#Catalysis2432,5299
4755,7515|9995,8723,2,1,http://www.reactome.org/biopax/96/48892#BiochemicalReaction3920,1,http://www.reactome.org/biopax/96/48892#Catalysis2133,5301
4756,2584|9186|10177,8955|9563|10138,3,3,http://www.reactome.org/biopax/96/48892#BiochemicalReaction4433,1,http://www.reactome.org/biopax/96/48892#Catalysis2612,5302
4757,1164|2858,5466|7516|7517,2,3,http://www.reactome.org/biopax/96/48892#BiochemicalReaction9070,1,http://www.reactome.org/biopax/96/48892#Catalysis4646,5303
4758,915|7013,918,2,1,http://www.reactome.org/biopax/96/48892#BiochemicalReaction842,1,http://www.reactome.org/biopax/96/48892#Catalysis274,5304
4759,2033|7932|10177,7934|10159,3,2,http://www.reactome.org/biopax/96/48892#BiochemicalReaction3146,1,http://www.reactome.org/biopax/96/48892#Catalysis1395,5306
4760,5048|8719,8542,2,1,http://www.reactome.org/biopax/96/48892#BiochemicalReaction3728,1,http://www.reactome.org/biopax/96/48892#Catalysis1952,5307
4761,1342|4406|8622,1617|8631,3,2,http://www.reactome.org/biopax/96/48892#BiochemicalReaction2192,1,http://www.reactome.org/biopax/96/48892#Catalysis967,5308
4762,2582|8974|9185,7943|10118,3,2,http://www.reactome.org/biopax/96/48892#BiochemicalReaction4431,1,http://www.reactome.org/biopax/96/48892#Catalysis2610,5309
4763,5725|9807,5698|5726,2,2,http://www.reactome.org/biopax/96/48892#BiochemicalReaction5957,1,http://www.reactome.org/biopax/96/48892#Control725,5310
4764,1491|6913|7822,1492,3,1,http://www.reactome.org/biopax/96/48892#BiochemicalReaction1897,-1,http://www.reactome.org/biopax/96/48892#Control266,5311
4765,1264|7643,7644,2,1,http://www.reactome.org/biopax/96/48892#BiochemicalReaction1480,1,http://www.reactome.org/biopax/96/48892#Control210,5312
4766,3147|5642|8622,5644|8631,3,2,http://www.reactome.org/biopax/96/48892#BiochemicalReaction6258,1,http://www.reactome.org/biopax/96/48892#Catalysis3625,5313
4767,5231|9116|9439,7952|9117|10091,3,3,http://www.reactome.org/biopax/96/48892#BiochemicalReaction4360,1,http://www.reactome.org/biopax/96/48892#Catalysis2539,5314
4768,497|6511|10130,6512|9704,3,2,http://www.reactome.org/biopax/96/48892#BiochemicalReaction9284,1,http://www.reactome.org/biopax/96/48892#Catalysis4727,5315
4769,4958|8313,2149,2,1,http://www.reactome.org/biopax/96/48892#BiochemicalReaction3504,1,http://www.reactome.org/biopax/96/48892#Catalysis1742,5316
4770,4830|7943|7993|10258,7994|10298,4,2,http://www.reactome.org/biopax/96/48892#BiochemicalReaction3197,1,http://www.reactome.org/biopax/96/48892#Catalysis1438,5317
4771,2757|5957,2758,2,1,http://www.reactome.org/biopax/96/48892#BiochemicalReaction4838,1,http://www.reactome.org/biopax/96/48892#Control594,5318
4772,2434|8966|10269,8962|10208,3,2,http://www.reactome.org/biopax/96/48892#BiochemicalReaction4179,1,http://www.reactome.org/biopax/96/48892#Catalysis2365,5320
4773,4698|7240|10260,1986,3,1,http://www.reactome.org/biopax/96/48892#BiochemicalReaction2953,1,http://www.reactome.org/biopax/96/48892#Control379,5321
4774,2367|7986|9841|9851|10177,7943|8067|9783|9847|10159,5,5,http://www.reactome.org/biopax/96/48892#BiochemicalReaction4048,1,http://www.reactome.org/biopax/96/48892#Catalysis2234,5323
4775,1312|7695|10177,1311|10159,3,2,http://www.reactome.org/biopax/96/48892#BiochemicalReaction1566,1,http://www.reactome.org/biopax/96/48892#Catalysis752,5324
4776,2072|8037|10177,8041,3,1,http://www.reactome.org/biopax/96/48892#BiochemicalReaction3241,1,http://www.reactome.org/biopax/96/48892#Catalysis1481,5325
4777,561|5466,6571|6572,2,2,http://www.reactome.org/biopax/96/48892#BiochemicalReaction9416,1,http://www.reactome.org/biopax/96/48892#Catalysis4791,5327
4778,2503|9055|9056,8777|9057,3,2,http://www.reactome.org/biopax/96/48892#BiochemicalReaction4296,1,http://www.reactome.org/biopax/96/48892#Catalysis2475,5328
4779,4437|7986|9849|10295,7943|7949|8067|10159,4,4,http://www.reactome.org/biopax/96/48892#BiochemicalReaction3272,1,http://www.reactome.org/biopax/96/48892#Catalysis1512,5329
4780,4659|7933,10209,2,1,http://www.reactome.org/biopax/96/48892#BiochemicalReaction2799,1,http://www.reactome.org/biopax/96/48892#Catalysis1126,5330
4781,3353|5865|8918,3425|8643,3,2,http://www.reactome.org/biopax/96/48892#BiochemicalReaction6371,1,http://www.reactome.org/biopax/96/48892#Catalysis3680,5331
4782,3303|4236,5766,2,1,http://www.reactome.org/biopax/96/48892#BiochemicalReaction6100,-1,http://www.reactome.org/biopax/96/48892#Control746,5332
4783,1702|4613|7986,4614|8067,3,2,http://www.reactome.org/biopax/96/48892#BiochemicalReaction2369,1,http://www.reactome.org/biopax/96/48892#Catalysis1032,5333
4784,4113|7322|7324,6820|7325,3,2,http://www.reactome.org/biopax/96/48892#BiochemicalReaction1148,1,http://www.reactome.org/biopax/96/48892#Catalysis478,5334
4785,923|7036|7038,909|7036|7037|7038|7039|7040|7041|7042|7044|7045|7046,3,11,http://www.reactome.org/biopax/96/48892#BiochemicalReaction845,1,http://www.reactome.org/biopax/96/48892#Control150,5336
4786,4113|7354|7441,6820|7442,3,2,http://www.reactome.org/biopax/96/48892#BiochemicalReaction1223,1,http://www.reactome.org/biopax/96/48892#Catalysis554,5337
4787,4929|8211|8267,8266|9704,3,2,http://www.reactome.org/biopax/96/48892#BiochemicalReaction3439,1,http://www.reactome.org/biopax/96/48892#Catalysis1677,5338
4788,2466|8622|8938|8999,8957|9001,4,2,http://www.reactome.org/biopax/96/48892#BiochemicalReaction4222,1,http://www.reactome.org/biopax/96/48892#Catalysis2407,5340
4789,606|6605,607,2,1,http://www.reactome.org/biopax/96/48892#BiochemicalReaction9554,1,http://www.reactome.org/biopax/96/48892#Catalysis4831,5341
4790,2960|10109,10113,2,1,http://www.reactome.org/biopax/96/48892#BiochemicalReaction5363,1,http://www.reactome.org/biopax/96/48892#Catalysis3250,5343
4791,754|5377|7986,658|8067,3,2,http://www.reactome.org/biopax/96/48892#BiochemicalReaction9976,-1,http://www.reactome.org/biopax/96/48892#Control1333,5344
4792,3851|6119|8164,3852|6107|10157,3,3,http://www.reactome.org/biopax/96/48892#BiochemicalReaction7211,1,http://www.reactome.org/biopax/96/48892#Catalysis3967,5345
4793,1570|7986|8035,1571|8067,3,2,http://www.reactome.org/biopax/96/48892#BiochemicalReaction2125,1,http://www.reactome.org/biopax/96/48892#Control287,5346
4794,391|7986,392|8067,2,2,http://www.reactome.org/biopax/96/48892#BiochemicalReaction9023,1,http://www.reactome.org/biopax/96/48892#Catalysis4632,5347
4795,4076|4085,4086|10159,2,2,http://www.reactome.org/biopax/96/48892#BiochemicalReaction7929,-1,http://www.reactome.org/biopax/96/48892#Control1029,5348
4796,2229|8137|8616,8123|8618,3,2,http://www.reactome.org/biopax/96/48892#BiochemicalReaction3795,1,http://www.reactome.org/biopax/96/48892#Catalysis2016,5349
4797,1058|10056|10065,4383,3,1,http://www.reactome.org/biopax/96/48892#BiochemicalReaction1098,1,http://www.reactome.org/biopax/96/48892#Catalysis434,5350
4798,2668|8561|10300,9486|10301,3,2,http://www.reactome.org/biopax/96/48892#BiochemicalReaction4658,1,http://www.reactome.org/biopax/96/48892#Catalysis2829,5351
4799,5149|7986|9236,8067,3,1,http://www.reactome.org/biopax/96/48892#BiochemicalReaction4036,1,http://www.reactome.org/biopax/96/48892#Catalysis2222,5352
4800,1776|5962|7034,3629,3,1,http://www.reactome.org/biopax/96/48892#BiochemicalReaction9354,1,http://www.reactome.org/biopax/96/48892#Control1221,5354
4801,3372|3686|8622,3687|8631,3,2,http://www.reactome.org/biopax/96/48892#BiochemicalReaction6834,1,http://www.reactome.org/biopax/96/48892#Catalysis3874,5355
4802,438|7986,439|8067,2,2,http://www.reactome.org/biopax/96/48892#BiochemicalReaction9112,1,http://www.reactome.org/biopax/96/48892#Catalysis4662,5356
4803,7175|10056|10066,4384,3,1,http://www.reactome.org/biopax/96/48892#BiochemicalReaction1099,1,http://www.reactome.org/biopax/96/48892#Catalysis435,5357
4804,5174|7986|8959,7943|8067|9704,3,3,http://www.reactome.org/biopax/96/48892#BiochemicalReaction4170,1,http://www.reactome.org/biopax/96/48892#Catalysis2356,5358
4805,7661|10051|10109,10113|10159,3,2,http://www.reactome.org/biopax/96/48892#BiochemicalReaction1514,1,http://www.reactome.org/biopax/96/48892#Catalysis729,5361
4806,3416|8622,3354|8631,2,2,http://www.reactome.org/biopax/96/48892#BiochemicalReaction6350,1,http://www.reactome.org/biopax/96/48892#Catalysis3667,5362
4807,4796|8622|10380,8631|10381,3,2,http://www.reactome.org/biopax/96/48892#BiochemicalReaction3115,1,http://www.reactome.org/biopax/96/48892#Catalysis1364,5363
4808,1330|1435|4393,1330|1436|7775,3,3,http://www.reactome.org/biopax/96/48892#BiochemicalReaction1804,1,http://www.reactome.org/biopax/96/48892#Catalysis842,5364
4809,919|7015,920,2,1,http://www.reactome.org/biopax/96/48892#BiochemicalReaction843,1,http://www.reactome.org/biopax/96/48892#Control124,5365
4810,1753|7986,1754|8067,2,2,http://www.reactome.org/biopax/96/48892#BiochemicalReaction2495,1,http://www.reactome.org/biopax/96/48892#Catalysis1062,5366
4811,2400|9513|9860|10177,7943|9538|9864,4,3,http://www.reactome.org/biopax/96/48892#BiochemicalReaction7670,1,http://www.reactome.org/biopax/96/48892#Catalysis4137,5367
4812,5575|7933,8729,2,1,http://www.reactome.org/biopax/96/48892#BiochemicalReaction5410,1,http://www.reactome.org/biopax/96/48892#Catalysis3286,5369
4813,3880|4252,6187,2,1,http://www.reactome.org/biopax/96/48892#BiochemicalReaction7376,1,http://www.reactome.org/biopax/96/48892#Control906,5370
4814,658|6753,6754|6755,2,2,http://www.reactome.org/biopax/96/48892#BiochemicalReaction10007,1,http://www.reactome.org/biopax/96/48892#Catalysis5004,5371
4815,5103|8618|8741,8724|8742,3,2,http://www.reactome.org/biopax/96/48892#BiochemicalReaction3950,-1,http://www.reactome.org/biopax/96/48892#Control465,5372
4816,1052|6871|7986,6872|8067,3,2,http://www.reactome.org/biopax/96/48892#BiochemicalReaction112,1,http://www.reactome.org/biopax/96/48892#Catalysis47,5373
4817,3545|5675,3546,2,1,http://www.reactome.org/biopax/96/48892#BiochemicalReaction6546,1,http://www.reactome.org/biopax/96/48892#Catalysis3775,5375
4818,4944|8271|10177,9660|10159,3,2,http://www.reactome.org/biopax/96/48892#BiochemicalReaction3478,1,http://www.reactome.org/biopax/96/48892#Catalysis1716,5376
4819,6143|6154|10089|10162,6141|10165|10169|10170,4,4,http://www.reactome.org/biopax/96/48892#BiochemicalReaction7284,1,http://www.reactome.org/biopax/96/48892#Catalysis3997,5377
4820,7122|7123,992,2,1,http://www.reactome.org/biopax/96/48892#BiochemicalReaction965,1,http://www.reactome.org/biopax/96/48892#Catalysis329,5379
4821,1927|8164,1928|10157,2,2,http://www.reactome.org/biopax/96/48892#BiochemicalReaction2854,1,http://www.reactome.org/biopax/96/48892#Catalysis1146,5381
4822,1023|10000,10003,2,1,http://www.reactome.org/biopax/96/48892#BiochemicalReaction1028,1,http://www.reactome.org/biopax/96/48892#Catalysis392,5382
4823,2080|7952|8115,8117|10230,3,2,http://www.reactome.org/biopax/96/48892#BiochemicalReaction3296,1,http://www.reactome.org/biopax/96/48892#Catalysis1536,5383
4824,5515|9667|9693|10109|10113,8955|9694|10109|10113,5,4,http://www.reactome.org/biopax/96/48892#BiochemicalReaction5239,1,http://www.reactome.org/biopax/96/48892#Catalysis3151,5384
4825,3521|5466,3522,2,1,http://www.reactome.org/biopax/96/48892#BiochemicalReaction6512,1,http://www.reactome.org/biopax/96/48892#Catalysis3758,5385
4826,4113|7331|7439,6820|7440,3,2,http://www.reactome.org/biopax/96/48892#BiochemicalReaction1222,1,http://www.reactome.org/biopax/96/48892#Catalysis553,5386
4827,576|710|814,815,3,1,http://www.reactome.org/biopax/96/48892#BiochemicalReaction10137,1,http://www.reactome.org/biopax/96/48892#Control1369,5387
4828,601|10152|10258,7943|10155|10298,3,3,http://www.reactome.org/biopax/96/48892#BiochemicalReaction9546,1,http://www.reactome.org/biopax/96/48892#Control1234,5388
4829,6045|7348|8622,6046|8631,3,2,http://www.reactome.org/biopax/96/48892#BiochemicalReaction6859,1,http://www.reactome.org/biopax/96/48892#Catalysis3882,5389
4830,2310|8618|8741,8724|8742,3,2,http://www.reactome.org/biopax/96/48892#BiochemicalReaction3950,1,http://www.reactome.org/biopax/96/48892#Catalysis2161,5390
4831,249|251|7986,250|8067,3,2,http://www.reactome.org/biopax/96/48892#BiochemicalReaction8595,-1,http://www.reactome.org/biopax/96/48892#Control1137,5391
4832,1796|7986,1797|8067,2,2,http://www.reactome.org/biopax/96/48892#BiochemicalReaction2596,1,http://www.reactome.org/biopax/96/48892#Catalysis1080,5392
4833,3170,3099|3129|3140|3143|3147|3148|3149|3152|3165|3167|4416|4534|5622|5639|5640|5641|5646|5676|6598,1,19,http://www.reactome.org/biopax/96/48892#BiochemicalReaction5727,1,http://www.reactome.org/biopax/96/48892#Catalysis3432,5393
4834,2491|5212|7943|10258,2488|10298,4,2,http://www.reactome.org/biopax/96/48892#BiochemicalReaction4279,1,http://www.reactome.org/biopax/96/48892#Catalysis2461,5394
4835,3277|5707|8386,5745|5746,3,2,http://www.reactome.org/biopax/96/48892#BiochemicalReaction5995,1,http://www.reactome.org/biopax/96/48892#Catalysis3546,5395
4836,5536|9726,9728,2,1,http://www.reactome.org/biopax/96/48892#BiochemicalReaction5286,1,http://www.reactome.org/biopax/96/48892#Catalysis3195,5396
4837,1465|1469|8918,1466|8643,3,2,http://www.reactome.org/biopax/96/48892#BiochemicalReaction1843,-1,http://www.reactome.org/biopax/96/48892#Control253,5397
4838,3843|6112|8164,3844|6107|10157,3,3,http://www.reactome.org/biopax/96/48892#BiochemicalReaction7206,1,http://www.reactome.org/biopax/96/48892#Catalysis3962,5398
4839,1997|1998|10177,2000|4418,3,2,http://www.reactome.org/biopax/96/48892#BiochemicalReaction2983,1,http://www.reactome.org/biopax/96/48892#Control389,5399
4840,1105|10177,1106|7490,2,2,http://www.reactome.org/biopax/96/48892#BiochemicalReaction1269,1,http://www.reactome.org/biopax/96/48892#Catalysis592,5400
4841,2128,2129,1,1,http://www.reactome.org/biopax/96/48892#BiochemicalReaction3417,1,http://www.reactome.org/biopax/96/48892#Catalysis1655,5401
4842,4466|8569|10298,7943|8570|10258,3,3,http://www.reactome.org/biopax/96/48892#BiochemicalReaction3745,1,http://www.reactome.org/biopax/96/48892#Catalysis1969,5402
4843,4842|8636|10269,8637,3,1,http://www.reactome.org/biopax/96/48892#BiochemicalReaction3810,1,http://www.reactome.org/biopax/96/48892#Catalysis2031,5403
4844,1145|6990,6995|6996,2,2,http://www.reactome.org/biopax/96/48892#BiochemicalReaction121,1,http://www.reactome.org/biopax/96/48892#Catalysis50,5404
4845,6256|9925|10109,8782|10113,3,2,http://www.reactome.org/biopax/96/48892#BiochemicalReaction7721,1,http://www.reactome.org/biopax/96/48892#Catalysis4186,5405
4846,2544|8771|9122,9123|9847,3,2,http://www.reactome.org/biopax/96/48892#BiochemicalReaction4367,1,http://www.reactome.org/biopax/96/48892#Catalysis2546,5406
4847,505|4345|7986,511|8067,3,2,http://www.reactome.org/biopax/96/48892#BiochemicalReaction9313,1,http://www.reactome.org/biopax/96/48892#Catalysis4736,5407
4848,7237|7303|9630,7304|9632|10070,3,3,http://www.reactome.org/biopax/96/48892#BiochemicalReaction1138,1,http://www.reactome.org/biopax/96/48892#Catalysis468,5408
4849,2485|7986|9035|9036|10177,9037|9236|9428,5,3,http://www.reactome.org/biopax/96/48892#BiochemicalReaction4268,1,http://www.reactome.org/biopax/96/48892#Catalysis2451,5409
4850,4898|8211|8298,8295|9704,3,2,http://www.reactome.org/biopax/96/48892#BiochemicalReaction3473,1,http://www.reactome.org/biopax/96/48892#Catalysis1711,5410
4851,3693|8903,3694|8908,2,2,http://www.reactome.org/biopax/96/48892#BiochemicalReaction6856,1,http://www.reactome.org/biopax/96/48892#Catalysis3881,5411
4852,5162|8802|10177,8829|8869,3,2,http://www.reactome.org/biopax/96/48892#BiochemicalReaction4094,1,http://www.reactome.org/biopax/96/48892#Catalysis2280,5412
4853,1004|7138|10089|10162,7139|10169|10170,4,3,http://www.reactome.org/biopax/96/48892#BiochemicalReaction978,1,http://www.reactome.org/biopax/96/48892#Catalysis342,5413
4854,2068|7998|10208,8020|10177,3,2,http://www.reactome.org/biopax/96/48892#BiochemicalReaction6674,1,http://www.reactome.org/biopax/96/48892#Catalysis3802,5414
4855,5549|7986|8368|10177,8067|8315|10159,4,3,http://www.reactome.org/biopax/96/48892#BiochemicalReaction5357,1,http://www.reactome.org/biopax/96/48892#Catalysis3246,5415
4856,1728|1730,1740|8407,2,2,http://www.reactome.org/biopax/96/48892#BiochemicalReaction236,1,http://www.reactome.org/biopax/96/48892#Catalysis100,5416
4857,995|6873|9633|10269,7132|9634|9635,4,3,http://www.reactome.org/biopax/96/48892#BiochemicalReaction972,1,http://www.reactome.org/biopax/96/48892#Catalysis336,5417
4858,7943|8067|8622|9898,7986|9995,4,2,http://www.reactome.org/biopax/96/48892#BiochemicalReaction2944,-1,http://www.reactome.org/biopax/96/48892#Control373,5418
4859,2255|9700|9847,8834|9701,3,2,http://www.reactome.org/biopax/96/48892#BiochemicalReaction5250,1,http://www.reactome.org/biopax/96/48892#Catalysis3162,5419
4860,5034|7974|8472|8518|10091,7976|8520|9439,5,3,http://www.reactome.org/biopax/96/48892#BiochemicalReaction3699,1,http://www.reactome.org/biopax/96/48892#Catalysis1927,5420
4861,7986|8067|10254,7943|8067|10255,3,3,http://www.reactome.org/biopax/96/48892#BiochemicalReaction2947,-1,http://www.reactome.org/biopax/96/48892#Control377,5421
4862,4916|10123,8245,2,1,http://www.reactome.org/biopax/96/48892#BiochemicalReaction3404,1,http://www.reactome.org/biopax/96/48892#Catalysis1642,5422
4863,4842|8686|10269,8690,3,1,http://www.reactome.org/biopax/96/48892#BiochemicalReaction3850,1,http://www.reactome.org/biopax/96/48892#Catalysis2071,5423
4864,2166|7986|8348,7943|8067|8349,3,3,http://www.reactome.org/biopax/96/48892#BiochemicalReaction3551,-1,http://www.reactome.org/biopax/96/48892#Control413,5424
4865,2505|9062|10086,9063|10087|10091,3,3,http://www.reactome.org/biopax/96/48892#BiochemicalReaction4300,1,http://www.reactome.org/biopax/96/48892#Catalysis2479,5425
4866,4259|5604,7690,2,1,http://www.reactome.org/biopax/96/48892#BiochemicalReaction8040,-1,http://www.reactome.org/biopax/96/48892#Control1067,5426
4867,154|2045|8164,2054|10157,3,2,http://www.reactome.org/biopax/96/48892#BiochemicalReaction8447,1,http://www.reactome.org/biopax/96/48892#Catalysis4478,5427
4868,7710|7712|7986,7711|8067,3,2,http://www.reactome.org/biopax/96/48892#BiochemicalReaction1616,1,http://www.reactome.org/biopax/96/48892#Catalysis775,5428
4869,7523|7710|7805|7806,1460,4,1,http://www.reactome.org/biopax/96/48892#BiochemicalReaction1833,-1,http://www.reactome.org/biopax/96/48892#Control251,5429
4870,2162|4977|7943|8334|10269,2163|8335|10177,5,3,http://www.reactome.org/biopax/96/48892#BiochemicalReaction3541,1,http://www.reactome.org/biopax/96/48892#Catalysis1776,5430
4871,5662|7803|8622,5663|8631,3,2,http://www.reactome.org/biopax/96/48892#BiochemicalReaction5818,1,http://www.reactome.org/biopax/96/48892#Catalysis3472,5431
4872,4856|8065|8193,8069|8194,3,2,http://www.reactome.org/biopax/96/48892#BiochemicalReaction3346,1,http://www.reactome.org/biopax/96/48892#Catalysis1584,5432
4873,1485|5466,1486,2,1,http://www.reactome.org/biopax/96/48892#BiochemicalReaction1890,1,http://www.reactome.org/biopax/96/48892#Catalysis874,5433
4874,5033|7943|8531|10258,8534|10298,4,2,http://www.reactome.org/biopax/96/48892#BiochemicalReaction3711,1,http://www.reactome.org/biopax/96/48892#Catalysis1939,5434
4875,1126|10177,5466|5679|7498,2,3,http://www.reactome.org/biopax/96/48892#BiochemicalReaction1279,1,http://www.reactome.org/biopax/96/48892#Catalysis601,5435
4876,375|378,376|6452,2,2,http://www.reactome.org/biopax/96/48892#BiochemicalReaction8996,1,http://www.reactome.org/biopax/96/48892#Catalysis4621,5436
4877,5622|5988|8622,5989|8631,3,2,http://www.reactome.org/biopax/96/48892#BiochemicalReaction6690,1,http://www.reactome.org/biopax/96/48892#Catalysis3810,5437
4878,5145|7986|8773,7943|8067|8774|10159,3,4,http://www.reactome.org/biopax/96/48892#BiochemicalReaction4016,1,http://www.reactome.org/biopax/96/48892#Catalysis2204,5438
4879,3312|4238,4937,2,1,http://www.reactome.org/biopax/96/48892#BiochemicalReaction10081,1,http://www.reactome.org/biopax/96/48892#Control1348,5439
4880,865|1968,1969,2,1,http://www.reactome.org/biopax/96/48892#BiochemicalReaction2926,1,http://www.reactome.org/biopax/96/48892#Catalysis1187,5440
4881,7189|9643|10012,10021|10157,3,2,http://www.reactome.org/biopax/96/48892#BiochemicalReaction1036,1,http://www.reactome.org/biopax/96/48892#Catalysis400,5441
4882,4248|4565,6667,2,1,http://www.reactome.org/biopax/96/48892#BiochemicalReaction9807,1,http://www.reactome.org/biopax/96/48892#Control1282,5442
4883,2399|7943|8829|10177,8870|9563,4,2,http://www.reactome.org/biopax/96/48892#BiochemicalReaction4097,1,http://www.reactome.org/biopax/96/48892#Catalysis2283,5443
4884,4539|5676|8622,4540|8710|8957,3,3,http://www.reactome.org/biopax/96/48892#BiochemicalReaction5792,1,http://www.reactome.org/biopax/96/48892#Catalysis3464,5444
4885,3862|3864|8164,3863|6107|10157,3,3,http://www.reactome.org/biopax/96/48892#BiochemicalReaction7218,1,http://www.reactome.org/biopax/96/48892#Catalysis3973,5445
4886,2002|9973|10331,10332|10333,3,2,http://www.reactome.org/biopax/96/48892#BiochemicalReaction3063,1,http://www.reactome.org/biopax/96/48892#Catalysis1312,5446
4887,776|6243,6721|6722,2,2,http://www.reactome.org/biopax/96/48892#BiochemicalReaction9990,1,http://www.reactome.org/biopax/96/48892#Catalysis4988,5447
4888,7165|9852,9854,2,1,http://www.reactome.org/biopax/96/48892#BiochemicalReaction1007,1,http://www.reactome.org/biopax/96/48892#Catalysis371,5448
4889,4498|8029|9406|9480|9582,8031|9407|9502,5,3,http://www.reactome.org/biopax/96/48892#BiochemicalReaction4606,1,http://www.reactome.org/biopax/96/48892#Catalysis2781,5449
4890,6440|10177|10206,9236,3,1,http://www.reactome.org/biopax/96/48892#BiochemicalReaction8923,1,http://www.reactome.org/biopax/96/48892#Catalysis4595,5450
4891,10109|10349,10113,2,1,http://www.reactome.org/biopax/96/48892#BiochemicalReaction4725,1,http://www.reactome.org/biopax/96/48892#Control566,5452
4892,1052|6445,1080,2,1,http://www.reactome.org/biopax/96/48892#BiochemicalReaction8944,1,http://www.reactome.org/biopax/96/48892#Control1164,5453
4893,839|840|6935|6936|6937|6938|6939|6940|6941|6942|6943|6944|6945|6946|6947|8622,830|834|835|841|6900|6925|6929|6931|6932|8631|8643,16,11,http://www.reactome.org/biopax/96/48892#BiochemicalReaction746,1,http://www.reactome.org/biopax/96/48892#Catalysis244,5457
4894,383|6456,5952,2,1,http://www.reactome.org/biopax/96/48892#BiochemicalReaction9004,-1,http://www.reactome.org/biopax/96/48892#Control1167,5459
4895,2114|8247|10177,10159|10173,3,2,http://www.reactome.org/biopax/96/48892#BiochemicalReaction3410,1,http://www.reactome.org/biopax/96/48892#Catalysis1648,5460
4896,3369|5828|7986,3370|8067,3,2,http://www.reactome.org/biopax/96/48892#BiochemicalReaction6294,1,http://www.reactome.org/biopax/96/48892#Catalysis3636,5461
4897,5644|5808|8622,5809|8631,3,2,http://www.reactome.org/biopax/96/48892#BiochemicalReaction6253,1,http://www.reactome.org/biopax/96/48892#Catalysis3620,5462
4898,7528|8035|10177,8046|10159,3,2,http://www.reactome.org/biopax/96/48892#BiochemicalReaction1586,1,http://www.reactome.org/biopax/96/48892#Catalysis760,5463
4899,5037|7986|8503|10177,8067|8504|10159,4,3,http://www.reactome.org/biopax/96/48892#BiochemicalReaction3685,1,http://www.reactome.org/biopax/96/48892#Catalysis1913,5464
4900,3127|8622,5634|8631,2,2,http://www.reactome.org/biopax/96/48892#BiochemicalReaction5682,1,http://www.reactome.org/biopax/96/48892#Catalysis3411,5465
4901,5318|9323|9462,9463|10204,3,2,http://www.reactome.org/biopax/96/48892#BiochemicalReaction4644,1,http://www.reactome.org/biopax/96/48892#Catalysis2815,5466
4902,4315|7987|10284,9460|9670,3,2,http://www.reactome.org/biopax/96/48892#BiochemicalReaction7696,1,http://www.reactome.org/biopax/96/48892#Catalysis4161,5467
4903,2592|9153|9209,9154|9210|10091,3,3,http://www.reactome.org/biopax/96/48892#BiochemicalReaction4457,1,http://www.reactome.org/biopax/96/48892#Catalysis2636,5468
4904,1569|7864|7986,7865|8067,3,2,http://www.reactome.org/biopax/96/48892#BiochemicalReaction2148,1,http://www.reactome.org/biopax/96/48892#Catalysis948,5469
4905,2570|9166|10269,9167,3,1,http://www.reactome.org/biopax/96/48892#BiochemicalReaction4414,1,http://www.reactome.org/biopax/96/48892#Catalysis2593,5470
4906,7269|7986|8067|10177,7943|8184|10159,4,3,http://www.reactome.org/biopax/96/48892#BiochemicalReaction191,1,http://www.reactome.org/biopax/96/48892#Catalysis79,5471
4907,7986|9839|10248,7943|8067|10241,3,3,http://www.reactome.org/biopax/96/48892#BiochemicalReaction2935,1,http://www.reactome.org/biopax/96/48892#Control369,5472
4908,3629|7986,3637|8067,2,2,http://www.reactome.org/biopax/96/48892#BiochemicalReaction517,1,http://www.reactome.org/biopax/96/48892#Catalysis178,5473
4909,553|7986|8046,8035|8067,3,2,http://www.reactome.org/biopax/96/48892#BiochemicalReaction9383,1,http://www.reactome.org/biopax/96/48892#Control1224,5474
4910,4487|8029|9374|9480|9582,8031|9375|9502,5,3,http://www.reactome.org/biopax/96/48892#BiochemicalReaction4587,1,http://www.reactome.org/biopax/96/48892#Catalysis2762,5475
4911,6608|6612|8622,6613|8631,3,2,http://www.reactome.org/biopax/96/48892#BiochemicalReaction9587,1,http://www.reactome.org/biopax/96/48892#Catalysis4846,5476
4912,1320|1322|7986,1323|8067,3,2,http://www.reactome.org/biopax/96/48892#BiochemicalReaction1590,1,http://www.reactome.org/biopax/96/48892#Catalysis762,5477
4913,1472|5466,1473,2,1,http://www.reactome.org/biopax/96/48892#BiochemicalReaction1861,1,http://www.reactome.org/biopax/96/48892#Catalysis871,5478
4914,205|7986,206|8067,2,2,http://www.reactome.org/biopax/96/48892#BiochemicalReaction8536,1,http://www.reactome.org/biopax/96/48892#Catalysis4511,5479
4915,2924|9836,10128,2,1,http://www.reactome.org/biopax/96/48892#BiochemicalReaction5269,1,http://www.reactome.org/biopax/96/48892#Catalysis3179,5480
4916,9223|10230|10232,7952|9222,3,2,http://www.reactome.org/biopax/96/48892#BiochemicalReaction4472,1,http://www.reactome.org/biopax/96/48892#Control542,5481
4917,5077|7943|8419|10258|10269,9919|10177|10298,5,3,http://www.reactome.org/biopax/96/48892#BiochemicalReaction7712,1,http://www.reactome.org/biopax/96/48892#Catalysis4177,5483
4918,2060|8004,8005|10177,2,2,http://www.reactome.org/biopax/96/48892#BiochemicalReaction3210,1,http://www.reactome.org/biopax/96/48892#Catalysis1450,5486
4919,4799|7917|7986,7921|8067,3,2,http://www.reactome.org/biopax/96/48892#BiochemicalReaction3131,1,http://www.reactome.org/biopax/96/48892#Catalysis1380,5487
4920,2670|8579|10300,9489|10301,3,2,http://www.reactome.org/biopax/96/48892#BiochemicalReaction4660,1,http://www.reactome.org/biopax/96/48892#Catalysis2831,5489
4921,2120|8249|9731,9297|10123,3,2,http://www.reactome.org/biopax/96/48892#BiochemicalReaction3413,1,http://www.reactome.org/biopax/96/48892#Catalysis1651,5490
4922,469|2858,463|5466,2,2,http://www.reactome.org/biopax/96/48892#BiochemicalReaction9194,1,http://www.reactome.org/biopax/96/48892#Catalysis4698,5491
4923,517|519|7986,520|8067,3,2,http://www.reactome.org/biopax/96/48892#BiochemicalReaction9320,-1,http://www.reactome.org/biopax/96/48892#Control1216,5492
4924,7230|10052,10048|10049,2,2,http://www.reactome.org/biopax/96/48892#BiochemicalReaction1087,1,http://www.reactome.org/biopax/96/48892#Catalysis423,5493
4925,5574|9428,8292,2,1,http://www.reactome.org/biopax/96/48892#BiochemicalReaction5408,1,http://www.reactome.org/biopax/96/48892#Catalysis3285,5494
4926,3330|6502,6504,2,1,http://www.reactome.org/biopax/96/48892#BiochemicalReaction9265,1,http://www.reactome.org/biopax/96/48892#Control1202,5496
4927,617|7986,5829|6396|8067,2,3,http://www.reactome.org/biopax/96/48892#BiochemicalReaction9570,1,http://www.reactome.org/biopax/96/48892#Catalysis4838,5497
4928,5468|8555|9629,7943|9549,3,2,http://www.reactome.org/biopax/96/48892#BiochemicalReaction5159,1,http://www.reactome.org/biopax/96/48892#Catalysis3072,5498
4929,3015|4530|7986,3016|8067,3,2,http://www.reactome.org/biopax/96/48892#BiochemicalReaction5531,1,http://www.reactome.org/biopax/96/48892#Catalysis3329,5499
4930,5035|7986|8480|9704,8481|9236|9428,4,3,http://www.reactome.org/biopax/96/48892#BiochemicalReaction3670,1,http://www.reactome.org/biopax/96/48892#Catalysis1898,5500
4931,5591|8464|10127,8337|10114,3,2,http://www.reactome.org/biopax/96/48892#BiochemicalReaction5465,1,http://www.reactome.org/biopax/96/48892#Catalysis3313,5502
4932,4912|9727|10177,8238|9743,3,2,http://www.reactome.org/biopax/96/48892#BiochemicalReaction3395,1,http://www.reactome.org/biopax/96/48892#Catalysis1633,5503
4933,1408|7745,1409|7742,2,2,http://www.reactome.org/biopax/96/48892#BiochemicalReaction1696,1,http://www.reactome.org/biopax/96/48892#Catalysis814,5504
4934,3353|6819,3419,2,1,http://www.reactome.org/biopax/96/48892#BiochemicalReaction6365,1,http://www.reactome.org/biopax/96/48892#Control808,5505
4935,7615|7621,7619,2,1,http://www.reactome.org/biopax/96/48892#BiochemicalReaction1456,1,http://www.reactome.org/biopax/96/48892#Catalysis699,5506
4936,171|7986,172|8067,2,2,http://www.reactome.org/biopax/96/48892#BiochemicalReaction8471,1,http://www.reactome.org/biopax/96/48892#Catalysis4486,5508
4937,653|6979|7986,659|8067,3,2,http://www.reactome.org/biopax/96/48892#BiochemicalReaction9682,1,http://www.reactome.org/biopax/96/48892#Catalysis4891,5509
4938,1220,1221|7579,1,2,http://www.reactome.org/biopax/96/48892#BiochemicalReaction1413,1,http://www.reactome.org/biopax/96/48892#Catalysis671,5510
4939,4852|8074|9480|9588,8075|9502|9570,4,3,http://www.reactome.org/biopax/96/48892#BiochemicalReaction3261,1,http://www.reactome.org/biopax/96/48892#Catalysis1501,5511
4940,1947|7986|10349,1948|7943|8067,3,3,http://www.reactome.org/biopax/96/48892#BiochemicalReaction2900,1,http://www.reactome.org/biopax/96/48892#Control351,5512
4941,1993|10276,10277,2,1,http://www.reactome.org/biopax/96/48892#BiochemicalReaction2974,1,http://www.reactome.org/biopax/96/48892#Catalysis1234,5513
4942,5040|7943|8537|10258|10269,8538|10177|10298,5,3,http://www.reactome.org/biopax/96/48892#BiochemicalReaction3715,1,http://www.reactome.org/biopax/96/48892#Catalysis1943,5514
4943,4856|8064|8065,8068|8069,3,2,http://www.reactome.org/biopax/96/48892#BiochemicalReaction3256,1,http://www.reactome.org/biopax/96/48892#Catalysis1496,5515
4944,2584|8974|10177,7943|9187|9563|10138,3,4,http://www.reactome.org/biopax/96/48892#BiochemicalReaction4434,1,http://www.reactome.org/biopax/96/48892#Catalysis2613,5516
4945,7933|8265,9159,2,1,http://www.reactome.org/biopax/96/48892#BiochemicalReaction4408,1,http://www.reactome.org/biopax/96/48892#Control534,5517
4946,1713|4627|10205,4628|9428,3,2,http://www.reactome.org/biopax/96/48892#BiochemicalReaction2382,1,http://www.reactome.org/biopax/96/48892#Catalysis1042,5519
4947,1309|1321|7986,1322|8067,3,2,http://www.reactome.org/biopax/96/48892#BiochemicalReaction1589,1,http://www.reactome.org/biopax/96/48892#Catalysis761,5520
4948,4471|8850|10159,8843|8849,3,2,http://www.reactome.org/biopax/96/48892#BiochemicalReaction4127,1,http://www.reactome.org/biopax/96/48892#Catalysis2313,5521
4949,4891|8151,2105,2,1,http://www.reactome.org/biopax/96/48892#BiochemicalReaction3359,1,http://www.reactome.org/biopax/96/48892#Catalysis1597,5522
4950,5974|6473|7986,6475|8067,3,2,http://www.reactome.org/biopax/96/48892#BiochemicalReaction9139,1,http://www.reactome.org/biopax/96/48892#Control1177,5523
4951,2462|7943|7986|8998,9428|9513,4,2,http://www.reactome.org/biopax/96/48892#BiochemicalReaction4221,1,http://www.reactome.org/biopax/96/48892#Catalysis2406,5524
4952,477|8622,478|8631,2,2,http://www.reactome.org/biopax/96/48892#BiochemicalReaction9223,1,http://www.reactome.org/biopax/96/48892#Catalysis4709,5525
4953,1952|4679,1953|10128,2,2,http://www.reactome.org/biopax/96/48892#BiochemicalReaction2904,1,http://www.reactome.org/biopax/96/48892#Catalysis1166,5526
4954,2321|2323|5115|7667|8752,2324|2325|5112,5,3,http://www.reactome.org/biopax/96/48892#BiochemicalReaction3964,1,http://www.reactome.org/biopax/96/48892#Control470,5527
4955,2473|7943|9016|10258,8823|10298,4,2,http://www.reactome.org/biopax/96/48892#BiochemicalReaction4242,1,http://www.reactome.org/biopax/96/48892#Catalysis2426,5529
4956,2896|4227,4686,2,1,http://www.reactome.org/biopax/96/48892#BiochemicalReaction7411,1,http://www.reactome.org/biopax/96/48892#Control921,5530
4957,390|7986,391|8067,2,2,http://www.reactome.org/biopax/96/48892#BiochemicalReaction9022,1,http://www.reactome.org/biopax/96/48892#Catalysis4631,5531
4958,3911|6204,3912|6201,2,2,http://www.reactome.org/biopax/96/48892#BiochemicalReaction7430,1,http://www.reactome.org/biopax/96/48892#Catalysis4064,5532
4959,1239|1241|10074,1240|10075,3,2,http://www.reactome.org/biopax/96/48892#BiochemicalReaction1435,1,http://www.reactome.org/biopax/96/48892#Control186,5534
4960,3555|6800|7986,6801|8067,3,2,http://www.reactome.org/biopax/96/48892#BiochemicalReaction10086,1,http://www.reactome.org/biopax/96/48892#Catalysis5038,5535
4961,2858|6566,5466,2,1,http://www.reactome.org/biopax/96/48892#BiochemicalReaction9409,1,http://www.reactome.org/biopax/96/48892#Catalysis4787,5536
4962,1069|1074|7379,6820|7380,3,2,http://www.reactome.org/biopax/96/48892#BiochemicalReaction1179,1,http://www.reactome.org/biopax/96/48892#Catalysis509,5537
4963,2131|9660,2128|10123,2,2,http://www.reactome.org/biopax/96/48892#BiochemicalReaction3420,1,http://www.reactome.org/biopax/96/48892#Catalysis1658,5538
4964,498|6513|10177,6514|9999,3,2,http://www.reactome.org/biopax/96/48892#BiochemicalReaction9286,-1,http://www.reactome.org/biopax/96/48892#Control1206,5539
4965,1531|7844|7986,1532|8067,3,2,http://www.reactome.org/biopax/96/48892#BiochemicalReaction2061,1,http://www.reactome.org/biopax/96/48892#Catalysis905,5540
4966,175|7986|8046,8035|8067,3,2,http://www.reactome.org/biopax/96/48892#BiochemicalReaction8477,1,http://www.reactome.org/biopax/96/48892#Catalysis4489,5541
4967,216|2045|8164,2054|10157,3,2,http://www.reactome.org/biopax/96/48892#BiochemicalReaction8546,1,http://www.reactome.org/biopax/96/48892#Catalysis4516,5542
4968,2821|8765|9439|10217,8099|8618|10091,4,3,http://www.reactome.org/biopax/96/48892#BiochemicalReaction4981,1,http://www.reactome.org/biopax/96/48892#Catalysis2978,5543
4969,2178|4462|9973,2179|9977,3,2,http://www.reactome.org/biopax/96/48892#BiochemicalReaction3578,1,http://www.reactome.org/biopax/96/48892#Catalysis1810,5544
4970,2895|2897|4227,2896,3,1,http://www.reactome.org/biopax/96/48892#BiochemicalReaction5106,-1,http://www.reactome.org/biopax/96/48892#Control630,5545
4971,4025|4026|6295|6297|6298,4027|6296,5,2,http://www.reactome.org/biopax/96/48892#BiochemicalReaction7820,-1,http://www.reactome.org/biopax/96/48892#Control1008,5546
4972,326|7986,327|8067,2,2,http://www.reactome.org/biopax/96/48892#BiochemicalReaction8882,1,http://www.reactome.org/biopax/96/48892#Catalysis4574,5547
4973,5526|9836,10128,2,1,http://www.reactome.org/biopax/96/48892#BiochemicalReaction5273,1,http://www.reactome.org/biopax/96/48892#Catalysis3182,5549
4974,1543|7847|7986,1544|8067,3,2,http://www.reactome.org/biopax/96/48892#BiochemicalReaction2071,1,http://www.reactome.org/biopax/96/48892#Catalysis911,5550
4975,1330|1592|4393|7986,1330|1593|9236|9428,4,4,http://www.reactome.org/biopax/96/48892#BiochemicalReaction2165,1,http://www.reactome.org/biopax/96/48892#Catalysis953,5551
4976,4267|6862,4740,2,1,http://www.reactome.org/biopax/96/48892#BiochemicalReaction7429,1,http://www.reactome.org/biopax/96/48892#Control931,5552
4977,562|592|595|6604,596,4,1,http://www.reactome.org/biopax/96/48892#BiochemicalReaction9521,-1,http://www.reactome.org/biopax/96/48892#Control1230,5554
4978,3002|5594|9973,3003|9606|9782,3,3,http://www.reactome.org/biopax/96/48892#BiochemicalReaction5479,1,http://www.reactome.org/biopax/96/48892#Catalysis3315,5555
4979,3653|7348|8622,3681|8631,3,2,http://www.reactome.org/biopax/96/48892#BiochemicalReaction6823,1,http://www.reactome.org/biopax/96/48892#Catalysis3869,5556
4980,708|10134,10133,2,1,http://www.reactome.org/biopax/96/48892#BiochemicalReaction9825,1,http://www.reactome.org/biopax/96/48892#Catalysis4931,5557
4981,4463|7943|8467|10258,8469|10298,4,2,http://www.reactome.org/biopax/96/48892#BiochemicalReaction3660,1,http://www.reactome.org/biopax/96/48892#Catalysis1888,5558
4982,1263|2240|8164,2241|10157,3,2,http://www.reactome.org/biopax/96/48892#BiochemicalReaction3874,1,http://www.reactome.org/biopax/96/48892#Catalysis2094,5559
4983,1012|9800,9814,2,1,http://www.reactome.org/biopax/96/48892#BiochemicalReaction999,1,http://www.reactome.org/biopax/96/48892#Catalysis363,5560
4984,1465|7807|8622,7808|8631,3,2,http://www.reactome.org/biopax/96/48892#BiochemicalReaction1841,1,http://www.reactome.org/biopax/96/48892#Catalysis860,5561
4985,3648|7801|8622,3649|8631,3,2,http://www.reactome.org/biopax/96/48892#BiochemicalReaction6778,1,http://www.reactome.org/biopax/96/48892#Catalysis3855,5562
4986,5118|5138|8472|10091,5124|8739|9439,4,3,http://www.reactome.org/biopax/96/48892#BiochemicalReaction3989,1,http://www.reactome.org/biopax/96/48892#Control482,5563
4987,769|5377|7986,770|8067,3,2,http://www.reactome.org/biopax/96/48892#BiochemicalReaction9977,-1,http://www.reactome.org/biopax/96/48892#Control1334,5565
4988,2621|9293,9294|9635,2,2,http://www.reactome.org/biopax/96/48892#BiochemicalReaction4533,1,http://www.reactome.org/biopax/96/48892#Catalysis2710,5566
4989,4481|5740,4553,2,1,http://www.reactome.org/biopax/96/48892#BiochemicalReaction5971,1,http://www.reactome.org/biopax/96/48892#Catalysis3522,5568
4990,5263|8720|9092|10227,8600|8738|9224,4,3,http://www.reactome.org/biopax/96/48892#BiochemicalReaction4473,1,http://www.reactome.org/biopax/96/48892#Catalysis2652,5569
4991,4714|10292|10294,10293|10296,3,2,http://www.reactome.org/biopax/96/48892#BiochemicalReaction2993,1,http://www.reactome.org/biopax/96/48892#Catalysis1252,5570
4992,2551|5242|7952|10091,5101|9139,4,2,http://www.reactome.org/biopax/96/48892#BiochemicalReaction4383,1,http://www.reactome.org/biopax/96/48892#Catalysis2562,5571
4993,4908|8599|10130,8601|9704,3,2,http://www.reactome.org/biopax/96/48892#BiochemicalReaction3781,1,http://www.reactome.org/biopax/96/48892#Catalysis2002,5573
4994,2579|7986|10135|10177,9203|9428|10159,4,3,http://www.reactome.org/biopax/96/48892#BiochemicalReaction4452,1,http://www.reactome.org/biopax/96/48892#Catalysis2631,5574
4995,156|7986,157|8067,2,2,http://www.reactome.org/biopax/96/48892#BiochemicalReaction8445,1,http://www.reactome.org/biopax/96/48892#Catalysis4477,5575
4996,8974,7943|9187|9190,1,3,http://www.reactome.org/biopax/96/48892#BiochemicalReaction4440,1,http://www.reactome.org/biopax/96/48892#Control540,5576
4997,5332|9396|9511,9450|9512,3,2,http://www.reactome.org/biopax/96/48892#BiochemicalReaction4676,1,http://www.reactome.org/biopax/96/48892#Catalysis2847,5577
4998,3428|4671|5883,3439,3,1,http://www.reactome.org/biopax/96/48892#BiochemicalReaction6394,1,http://www.reactome.org/biopax/96/48892#Control810,5578
4999,5308|9502|9881,9582|9882|9883,3,3,http://www.reactome.org/biopax/96/48892#BiochemicalReaction7684,1,http://www.reactome.org/biopax/96/48892#Catalysis4151,5579
5000,2430|9722|10109,9723|10113,3,2,http://www.reactome.org/biopax/96/48892#BiochemicalReaction5280,1,http://www.reactome.org/biopax/96/48892#Catalysis3189,5580
5001,995|7130|9633|10269,7131|9634|9635,4,3,http://www.reactome.org/biopax/96/48892#BiochemicalReaction971,1,http://www.reactome.org/biopax/96/48892#Catalysis335,5583
5002,1961|9513|10159|10239,7943|9538|10238,4,3,http://www.reactome.org/biopax/96/48892#BiochemicalReaction2938,1,http://www.reactome.org/biopax/96/48892#Catalysis1198,5584
5003,7074|7560|9396,7559|9450,3,2,http://www.reactome.org/biopax/96/48892#BiochemicalReaction1397,1,http://www.reactome.org/biopax/96/48892#Catalysis663,5585
5004,2606|9226,8778|10247,2,2,http://www.reactome.org/biopax/96/48892#BiochemicalReaction4476,1,http://www.reactome.org/biopax/96/48892#Catalysis2655,5586
5005,2566|9156|9847,9157|9633,3,2,http://www.reactome.org/biopax/96/48892#BiochemicalReaction4403,1,http://www.reactome.org/biopax/96/48892#Catalysis2582,5587
5006,775|6243,6717|6718,2,2,http://www.reactome.org/biopax/96/48892#BiochemicalReaction9988,1,http://www.reactome.org/biopax/96/48892#Catalysis4986,5589
5007,771|3411|8622,3412|8631,3,2,http://www.reactome.org/biopax/96/48892#BiochemicalReaction6347,1,http://www.reactome.org/biopax/96/48892#Catalysis3664,5590
5008,2998|8386|9449,9530|10105,3,2,http://www.reactome.org/biopax/96/48892#BiochemicalReaction5455,1,http://www.reactome.org/biopax/96/48892#Catalysis3311,5592
5009,2300|9439|10228|10230,7952|8736|10091,4,3,http://www.reactome.org/biopax/96/48892#BiochemicalReaction3940,1,http://www.reactome.org/biopax/96/48892#Catalysis2151,5593
5010,5894|8918|9816,8643|9817,3,2,http://www.reactome.org/biopax/96/48892#BiochemicalReaction6430,1,http://www.reactome.org/biopax/96/48892#Catalysis3716,5594
5011,3268|6037,6038,2,1,http://www.reactome.org/biopax/96/48892#BiochemicalReaction6840,1,http://www.reactome.org/biopax/96/48892#Control851,5595
5012,7185|7986|10006,7943|8067|10007,3,3,http://www.reactome.org/biopax/96/48892#BiochemicalReaction1031,1,http://www.reactome.org/biopax/96/48892#Catalysis395,5596
5013,664|1516|4367,665,3,1,http://www.reactome.org/biopax/96/48892#BiochemicalReaction9662,1,http://www.reactome.org/biopax/96/48892#Catalysis4881,5597
5014,4903|10123|10177,8217|10173,3,2,http://www.reactome.org/biopax/96/48892#BiochemicalReaction3373,1,http://www.reactome.org/biopax/96/48892#Catalysis1611,5598
5015,493|7986,2701|8067,2,2,http://www.reactome.org/biopax/96/48892#BiochemicalReaction4729,1,http://www.reactome.org/biopax/96/48892#Catalysis2897,5599
5016,5250|9178,9179,2,1,http://www.reactome.org/biopax/96/48892#BiochemicalReaction4424,1,http://www.reactome.org/biopax/96/48892#Catalysis2603,5600
5017,1522|7986,1523|7820|8067,2,3,http://www.reactome.org/biopax/96/48892#BiochemicalReaction2040,1,http://www.reactome.org/biopax/96/48892#Catalysis900,5602
5018,2588|5252|5253,5251|5254|9193,3,3,http://www.reactome.org/biopax/96/48892#BiochemicalReaction4443,1,http://www.reactome.org/biopax/96/48892#Catalysis2622,5603
5019,3145|8918,3146|9797,2,2,http://www.reactome.org/biopax/96/48892#BiochemicalReaction5695,1,http://www.reactome.org/biopax/96/48892#Catalysis3421,5604
5020,3559|7936|10177,7935|10159,3,2,http://www.reactome.org/biopax/96/48892#BiochemicalReaction6592,1,http://www.reactome.org/biopax/96/48892#Catalysis3786,5605
5021,5622|6014|8622,6015|8631,3,2,http://www.reactome.org/biopax/96/48892#BiochemicalReaction6758,1,http://www.reactome.org/biopax/96/48892#Catalysis3843,5606
5022,63|4248,6667,2,1,http://www.reactome.org/biopax/96/48892#BiochemicalReaction9807,-1,http://www.reactome.org/biopax/96/48892#Control1283,5607
5023,4520|5492|8555,4521|7943,3,2,http://www.reactome.org/biopax/96/48892#BiochemicalReaction5193,1,http://www.reactome.org/biopax/96/48892#Catalysis3105,5608
5024,5004|8397|10177,10128|10160,3,2,http://www.reactome.org/biopax/96/48892#BiochemicalReaction3593,1,http://www.reactome.org/biopax/96/48892#Catalysis1825,5610
5025,3269|7986,3270|5701|8067,2,3,http://www.reactome.org/biopax/96/48892#BiochemicalReaction458,1,http://www.reactome.org/biopax/96/48892#Catalysis157,5611
5026,2230|8620|9513,7943|8625|9538,3,3,http://www.reactome.org/biopax/96/48892#BiochemicalReaction3801,1,http://www.reactome.org/biopax/96/48892#Catalysis2022,5612
5027,2099|8059|8485,8061|8488,3,2,http://www.reactome.org/biopax/96/48892#BiochemicalReaction3674,1,http://www.reactome.org/biopax/96/48892#Catalysis1902,5614
5028,2056|7993,7995,2,1,http://www.reactome.org/biopax/96/48892#BiochemicalReaction3198,1,http://www.reactome.org/biopax/96/48892#Catalysis1439,5615
5029,724|6673|10298,725|7943|10258,3,3,http://www.reactome.org/biopax/96/48892#BiochemicalReaction9878,1,http://www.reactome.org/biopax/96/48892#Catalysis4944,5616
5030,5077|7943|9922|10258|10269,9923|10177|10298,5,3,http://www.reactome.org/biopax/96/48892#BiochemicalReaction7717,1,http://www.reactome.org/biopax/96/48892#Catalysis4182,5618
5031,4113|7350,6820|7351,2,2,http://www.reactome.org/biopax/96/48892#BiochemicalReaction1164,1,http://www.reactome.org/biopax/96/48892#Catalysis494,5619
5032,1071|7389,6820|7394,2,2,http://www.reactome.org/biopax/96/48892#BiochemicalReaction1189,1,http://www.reactome.org/biopax/96/48892#Catalysis519,5620
5033,1876|1881,1852|7897,2,2,http://www.reactome.org/biopax/96/48892#BiochemicalReaction295,1,http://www.reactome.org/biopax/96/48892#Catalysis122,5622
5034,1706|3616|8622,3615|8631,3,2,http://www.reactome.org/biopax/96/48892#BiochemicalReaction6740,1,http://www.reactome.org/biopax/96/48892#Catalysis3833,5623
5035,3968|9853|10177,9419|9855,3,2,http://www.reactome.org/biopax/96/48892#BiochemicalReaction7622,1,http://www.reactome.org/biopax/96/48892#Catalysis4118,5624
5036,1266|9287|9288,9165|9289,3,2,http://www.reactome.org/biopax/96/48892#BiochemicalReaction4528,1,http://www.reactome.org/biopax/96/48892#Control548,5625
5037,4492|5742,4554,2,1,http://www.reactome.org/biopax/96/48892#BiochemicalReaction5972,1,http://www.reactome.org/biopax/96/48892#Catalysis3523,5626
5038,5015|7986|8421,8067|9752,3,2,http://www.reactome.org/biopax/96/48892#BiochemicalReaction3614,1,http://www.reactome.org/biopax/96/48892#Catalysis1845,5627
5039,950|4366|7986,950|8067|10159,3,3,http://www.reactome.org/biopax/96/48892#BiochemicalReaction882,1,http://www.reactome.org/biopax/96/48892#Catalysis290,5628
5040,3329|4242,5601,2,1,http://www.reactome.org/biopax/96/48892#BiochemicalReaction6580,1,http://www.reactome.org/biopax/96/48892#Control827,5629
5041,749|6698|7826,750,3,1,http://www.reactome.org/biopax/96/48892#BiochemicalReaction9932,-1,http://www.reactome.org/biopax/96/48892#Control1325,5630
5042,2013|9973|10324,10305|10325,3,2,http://www.reactome.org/biopax/96/48892#BiochemicalReaction3043,1,http://www.reactome.org/biopax/96/48892#Catalysis1295,5631
5043,2528|7986|9563|9847,7943|8067|9841|10159,4,4,http://www.reactome.org/biopax/96/48892#BiochemicalReaction4333,1,http://www.reactome.org/biopax/96/48892#Catalysis2512,5632
5044,5014|8415|9849|10177,7943|8416|9704,4,3,http://www.reactome.org/biopax/96/48892#BiochemicalReaction3610,1,http://www.reactome.org/biopax/96/48892#Catalysis1842,5635
5045,344|365,366,2,1,http://www.reactome.org/biopax/96/48892#BiochemicalReaction8952,1,http://www.reactome.org/biopax/96/48892#Catalysis4607,5636
5046,580|6595|10177,579|10159,3,2,http://www.reactome.org/biopax/96/48892#BiochemicalReaction9481,1,http://www.reactome.org/biopax/96/48892#Catalysis4814,5637
5047,4796|8622|10379,8631|10382,3,2,http://www.reactome.org/biopax/96/48892#BiochemicalReaction3116,1,http://www.reactome.org/biopax/96/48892#Catalysis1365,5638
5048,7852|10174|10177,10140|10159,3,2,http://www.reactome.org/biopax/96/48892#BiochemicalReaction2087,1,http://www.reactome.org/biopax/96/48892#Catalysis919,5639
5049,2033|7935|10177,7934|10159,3,2,http://www.reactome.org/biopax/96/48892#BiochemicalReaction3147,1,http://www.reactome.org/biopax/96/48892#Catalysis1396,5640
5050,183|5466,184|7753,2,2,http://www.reactome.org/biopax/96/48892#BiochemicalReaction8495,1,http://www.reactome.org/biopax/96/48892#Catalysis4497,5641
5051,4249|6084,6083,2,1,http://www.reactome.org/biopax/96/48892#BiochemicalReaction7090,-1,http://www.reactome.org/biopax/96/48892#Control884,5642
5052,4392|7535,7536,2,1,http://www.reactome.org/biopax/96/48892#BiochemicalReaction1325,1,http://www.reactome.org/biopax/96/48892#Catalysis636,5643
5053,5158|8782|10177,9563|9932,3,2,http://www.reactome.org/biopax/96/48892#BiochemicalReaction7730,1,http://www.reactome.org/biopax/96/48892#Catalysis4195,5645
5054,5145|7986|8768|10088,7943|8067|8769|10159,4,4,http://www.reactome.org/biopax/96/48892#BiochemicalReaction4013,1,http://www.reactome.org/biopax/96/48892#Catalysis2201,5646
5055,3475|6590|10177,2768|10159,3,2,http://www.reactome.org/biopax/96/48892#BiochemicalReaction9464,1,http://www.reactome.org/biopax/96/48892#Catalysis4807,5647
5056,7635|9836,7637,2,1,http://www.reactome.org/biopax/96/48892#BiochemicalReaction1475,1,http://www.reactome.org/biopax/96/48892#Control208,5648
5057,4689|4690|9839,1968,3,1,http://www.reactome.org/biopax/96/48892#BiochemicalReaction2924,1,http://www.reactome.org/biopax/96/48892#Control359,5649
5058,5232|7952|9118|9439|10217,8099|8134|10091|10227,5,4,http://www.reactome.org/biopax/96/48892#BiochemicalReaction4363,1,http://www.reactome.org/biopax/96/48892#Catalysis2542,5650
5059,481|887|7201,482,3,1,http://www.reactome.org/biopax/96/48892#BiochemicalReaction9251,1,http://www.reactome.org/biopax/96/48892#Control1197,5651
5060,4098|6325|7986,4099|8067,3,2,http://www.reactome.org/biopax/96/48892#BiochemicalReaction7966,1,http://www.reactome.org/biopax/96/48892#Control1037,5652
5061,11|7986,12|8067,2,2,http://www.reactome.org/biopax/96/48892#BiochemicalReaction8233,1,http://www.reactome.org/biopax/96/48892#Catalysis4385,5654
5062,1643|7986,1446|8067,2,2,http://www.reactome.org/biopax/96/48892#BiochemicalReaction2267,1,http://www.reactome.org/biopax/96/48892#Catalysis987,5655
5063,4541|7403,3026|9825,2,2,http://www.reactome.org/biopax/96/48892#BiochemicalReaction6967,1,http://www.reactome.org/biopax/96/48892#Catalysis3908,5656
5064,5034|7976|8473,7974|8476|10091,3,3,http://www.reactome.org/biopax/96/48892#BiochemicalReaction3664,1,http://www.reactome.org/biopax/96/48892#Catalysis1892,5657
5065,4066|8747|10091,8472|8750,3,2,http://www.reactome.org/biopax/96/48892#BiochemicalReaction7901,1,http://www.reactome.org/biopax/96/48892#Catalysis4258,5658
5066,322|8923,3566|8931,2,2,http://www.reactome.org/biopax/96/48892#BiochemicalReaction9768,1,http://www.reactome.org/biopax/96/48892#Catalysis4915,5659
5067,5695|5708,5730|6031,2,2,http://www.reactome.org/biopax/96/48892#BiochemicalReaction5961,-1,http://www.reactome.org/biopax/96/48892#Control726,5660
5068,2827|10109,10113,2,1,http://www.reactome.org/biopax/96/48892#BiochemicalReaction5000,1,http://www.reactome.org/biopax/96/48892#Catalysis2992,5661
5069,2872|10134,10133,2,1,http://www.reactome.org/biopax/96/48892#BiochemicalReaction5038,1,http://www.reactome.org/biopax/96/48892#Catalysis3015,5662
5070,2386|7986|8782,8067|9926,3,2,http://www.reactome.org/biopax/96/48892#BiochemicalReaction7723,1,http://www.reactome.org/biopax/96/48892#Catalysis4188,5663
5071,2995|7986|9455|10177,8067|8461|10159,4,3,http://www.reactome.org/biopax/96/48892#BiochemicalReaction5443,1,http://www.reactome.org/biopax/96/48892#Catalysis3307,5665
5072,8889|8918|9277,8643|8890|8938,3,3,http://www.reactome.org/biopax/96/48892#BiochemicalReaction4114,1,http://www.reactome.org/biopax/96/48892#Control512,5666
5073,4501|4502|9323,9464|10204,3,2,http://www.reactome.org/biopax/96/48892#BiochemicalReaction4645,1,http://www.reactome.org/biopax/96/48892#Catalysis2816,5667
5074,4898|8211|8295,8296|9704,3,2,http://www.reactome.org/biopax/96/48892#BiochemicalReaction3471,1,http://www.reactome.org/biopax/96/48892#Catalysis1709,5668
5075,7613|7614|7617,7615|7616,3,2,http://www.reactome.org/biopax/96/48892#BiochemicalReaction1454,-1,http://www.reactome.org/biopax/96/48892#Control188,5669
5076,4928|8265|9727,7985|8266,3,2,http://www.reactome.org/biopax/96/48892#BiochemicalReaction3436,1,http://www.reactome.org/biopax/96/48892#Catalysis1674,5670
5077,2309|8137|8611|8738,7952|8595|8618,4,3,http://www.reactome.org/biopax/96/48892#BiochemicalReaction3949,1,http://www.reactome.org/biopax/96/48892#Catalysis2160,5671
5078,555|6978|10177,7709|10159,3,2,http://www.reactome.org/biopax/96/48892#BiochemicalReaction9392,1,http://www.reactome.org/biopax/96/48892#Catalysis4777,5672
5079,2355|10319,2356,2,1,http://www.reactome.org/biopax/96/48892#BiochemicalReaction4010,1,http://www.reactome.org/biopax/96/48892#Control494,5673
5080,3337|6004|8622,3606|8631,3,2,http://www.reactome.org/biopax/96/48892#BiochemicalReaction6730,1,http://www.reactome.org/biopax/96/48892#Catalysis3827,5674
5081,678|3774,676|677|5823,2,3,http://www.reactome.org/biopax/96/48892#BiochemicalReaction9701,1,http://www.reactome.org/biopax/96/48892#Catalysis4898,5675
5082,3965|10134,10133,2,1,http://www.reactome.org/biopax/96/48892#BiochemicalReaction7610,-1,http://www.reactome.org/biopax/96/48892#Control975,5676
5083,3311|5705|10177,5770|5771,3,2,http://www.reactome.org/biopax/96/48892#BiochemicalReaction6121,1,http://www.reactome.org/biopax/96/48892#Catalysis3576,5678
5084,2655|8386|9014|9434,8555|9431|9435|10201,4,4,http://www.reactome.org/biopax/96/48892#BiochemicalReaction4627,1,http://www.reactome.org/biopax/96/48892#Catalysis2800,5680
5085,1375|5466,1376,2,1,http://www.reactome.org/biopax/96/48892#BiochemicalReaction1647,1,http://www.reactome.org/biopax/96/48892#Catalysis791,5681
5086,2916|8555|9014|9629,8386|10183,4,2,http://www.reactome.org/biopax/96/48892#BiochemicalReaction5325,1,http://www.reactome.org/biopax/96/48892#Catalysis3228,5682
5087,525|6520|10177,526|10159,3,2,http://www.reactome.org/biopax/96/48892#BiochemicalReaction9335,1,http://www.reactome.org/biopax/96/48892#Control1219,5683
5088,3911|6202,3912|6201,2,2,http://www.reactome.org/biopax/96/48892#BiochemicalReaction7430,1,http://www.reactome.org/biopax/96/48892#Catalysis4061,5684
5089,4870|7952|8143|8720,8144|8586|8777,4,3,http://www.reactome.org/biopax/96/48892#BiochemicalReaction3315,1,http://www.reactome.org/biopax/96/48892#Catalysis1555,5685
5090,2253|7986|10128,2254|2256,3,2,http://www.reactome.org/biopax/96/48892#BiochemicalReaction3885,1,http://www.reactome.org/biopax/96/48892#Control434,5686
5091,2476|9027,9028|10177,2,2,http://www.reactome.org/biopax/96/48892#BiochemicalReaction4253,1,http://www.reactome.org/biopax/96/48892#Catalysis2436,5687
5092,3425|3471|8622,3472|8631,3,2,http://www.reactome.org/biopax/96/48892#BiochemicalReaction6434,1,http://www.reactome.org/biopax/96/48892#Catalysis3719,5688
5093,2074|8059|8190,8061|8191,3,2,http://www.reactome.org/biopax/96/48892#BiochemicalReaction3341,1,http://www.reactome.org/biopax/96/48892#Catalysis1579,5689
5094,3425|5894|8622,5895|8631,3,2,http://www.reactome.org/biopax/96/48892#BiochemicalReaction6428,1,http://www.reactome.org/biopax/96/48892#Catalysis3714,5690
5095,1914|8622,1898|8631,2,2,http://www.reactome.org/biopax/96/48892#BiochemicalReaction2829,1,http://www.reactome.org/biopax/96/48892#Catalysis1136,5691
5096,1352|1355|7986,1353|8067,3,2,http://www.reactome.org/biopax/96/48892#BiochemicalReaction1614,-1,http://www.reactome.org/biopax/96/48892#Control229,5693
5097,1913|5673|8923,1912|8930|8931,3,3,http://www.reactome.org/biopax/96/48892#BiochemicalReaction5839,1,http://www.reactome.org/biopax/96/48892#Catalysis3482,5694
5098,865|10382,10387,2,1,http://www.reactome.org/biopax/96/48892#BiochemicalReaction3121,1,http://www.reactome.org/biopax/96/48892#Catalysis1370,5695
5099,381|5466,382,2,1,http://www.reactome.org/biopax/96/48892#BiochemicalReaction9003,1,http://www.reactome.org/biopax/96/48892#Catalysis4625,5696
5100,3354|5842|8622,5850|8067,3,2,http://www.reactome.org/biopax/96/48892#BiochemicalReaction6353,1,http://www.reactome.org/biopax/96/48892#Catalysis3670,5697
5101,625|7986,5829|6617|8067,2,3,http://www.reactome.org/biopax/96/48892#BiochemicalReaction9592,1,http://www.reactome.org/biopax/96/48892#Catalysis4850,5698
5102,4915|9396|9727,9450|10123,3,2,http://www.reactome.org/biopax/96/48892#BiochemicalReaction3402,1,http://www.reactome.org/biopax/96/48892#Catalysis1640,5699
5103,709|4261,5195,2,1,http://www.reactome.org/biopax/96/48892#BiochemicalReaction9827,1,http://www.reactome.org/biopax/96/48892#Control1291,5700
5104,957|958|8164,959|960,3,2,http://www.reactome.org/biopax/96/48892#BiochemicalReaction893,1,http://www.reactome.org/biopax/96/48892#Catalysis293,5701
5105,2745|5357,5358|5359,2,2,http://www.reactome.org/biopax/96/48892#BiochemicalReaction4817,1,http://www.reactome.org/biopax/96/48892#Catalysis2917,5702
5106,865|10388,10389,2,1,http://www.reactome.org/biopax/96/48892#BiochemicalReaction3122,1,http://www.reactome.org/biopax/96/48892#Catalysis1371,5703
5107,3254|8354,3255|10204,2,2,http://www.reactome.org/biopax/96/48892#BiochemicalReaction5843,1,http://www.reactome.org/biopax/96/48892#Catalysis3485,5704
5108,5512|7943|9686|10109,8555|9687|10113,4,3,http://www.reactome.org/biopax/96/48892#BiochemicalReaction5231,1,http://www.reactome.org/biopax/96/48892#Catalysis3143,5705
5109,1857|7986,1860|8067,2,2,http://www.reactome.org/biopax/96/48892#BiochemicalReaction2718,1,http://www.reactome.org/biopax/96/48892#Catalysis1106,5706
5110,1509|1704|10372,1521|7761,3,2,http://www.reactome.org/biopax/96/48892#BiochemicalReaction229,1,http://www.reactome.org/biopax/96/48892#Catalysis96,5707
5111,6354|10177|10212,9743|10213,3,2,http://www.reactome.org/biopax/96/48892#BiochemicalReaction8087,1,http://www.reactome.org/biopax/96/48892#Catalysis4321,5708
5112,2620|8204|9144|10269,9145|9269,4,2,http://www.reactome.org/biopax/96/48892#BiochemicalReaction4517,1,http://www.reactome.org/biopax/96/48892#Catalysis2694,5709
5113,455|7986,9428|10206,2,2,http://www.reactome.org/biopax/96/48892#BiochemicalReaction9162,1,http://www.reactome.org/biopax/96/48892#Catalysis4684,5710
5114,7896|8386|10023,10038,3,1,http://www.reactome.org/biopax/96/48892#BiochemicalReaction37,1,http://www.reactome.org/biopax/96/48892#Catalysis21,5711
5115,5322|9478|10177,8995|9479,3,2,http://www.reactome.org/biopax/96/48892#BiochemicalReaction4653,1,http://www.reactome.org/biopax/96/48892#Catalysis2824,5712
5116,3104|5626|8918,3105|8643,3,2,http://www.reactome.org/biopax/96/48892#BiochemicalReaction5653,1,http://www.reactome.org/biopax/96/48892#Catalysis3398,5713
5117,5706|5749,5747|5748,2,2,http://www.reactome.org/biopax/96/48892#BiochemicalReaction5998,1,http://www.reactome.org/biopax/96/48892#Catalysis3549,5714
5118,5412|9585|10107|10109,9583|10113|10214,4,3,http://www.reactome.org/biopax/96/48892#BiochemicalReaction4978,1,http://www.reactome.org/biopax/96/48892#Catalysis2975,5715
5119,865|872|6972,873|6969|6970,3,3,http://www.reactome.org/biopax/96/48892#BiochemicalReaction777,1,http://www.reactome.org/biopax/96/48892#Control109,5716
5120,4858|8082|10109,8083|10113,3,2,http://www.reactome.org/biopax/96/48892#BiochemicalReaction3266,1,http://www.reactome.org/biopax/96/48892#Catalysis1506,5717
5121,2451|5185|7986|8979,2452|9236|9428,4,3,http://www.reactome.org/biopax/96/48892#BiochemicalReaction4202,1,http://www.reactome.org/biopax/96/48892#Catalysis2388,5718
5122,2363|7943|8785,8787|10177,3,2,http://www.reactome.org/biopax/96/48892#BiochemicalReaction4029,1,http://www.reactome.org/biopax/96/48892#Catalysis2216,5719
5123,7986|9839,7943|8067|10241,2,3,http://www.reactome.org/biopax/96/48892#BiochemicalReaction2935,-1,http://www.reactome.org/biopax/96/48892#Control371,5720
5124,4146|5466,4148,2,1,http://www.reactome.org/biopax/96/48892#BiochemicalReaction8131,1,http://www.reactome.org/biopax/96/48892#Catalysis4341,5721
5125,3273|5715,3274|5711,2,2,http://www.reactome.org/biopax/96/48892#BiochemicalReaction5950,-1,http://www.reactome.org/biopax/96/48892#Control723,5722
5126,865|10380,10386,2,1,http://www.reactome.org/biopax/96/48892#BiochemicalReaction3120,1,http://www.reactome.org/biopax/96/48892#Catalysis1369,5723
5127,1456|7784|7986,7787|8067,3,2,http://www.reactome.org/biopax/96/48892#BiochemicalReaction1825,1,http://www.reactome.org/biopax/96/48892#Catalysis851,5724
5128,2061|8653|10177,8657,3,1,http://www.reactome.org/biopax/96/48892#BiochemicalReaction3825,1,http://www.reactome.org/biopax/96/48892#Catalysis2046,5725
5129,5161|9236|10177,8840|10159,3,2,http://www.reactome.org/biopax/96/48892#BiochemicalReaction4091,1,http://www.reactome.org/biopax/96/48892#Catalysis2277,5726
5130,4841|6442|7986,6443|8067,3,2,http://www.reactome.org/biopax/96/48892#BiochemicalReaction8925,1,http://www.reactome.org/biopax/96/48892#Catalysis4597,5727
5131,2373|8067|8813,7986|8812,3,2,http://www.reactome.org/biopax/96/48892#BiochemicalReaction4058,1,http://www.reactome.org/biopax/96/48892#Catalysis2244,5728
5132,1652|1809,1659,2,1,http://www.reactome.org/biopax/96/48892#BiochemicalReaction2296,1,http://www.reactome.org/biopax/96/48892#Catalysis1003,5729
5133,290|7986,291|8067,2,2,http://www.reactome.org/biopax/96/48892#BiochemicalReaction8654,1,http://www.reactome.org/biopax/96/48892#Catalysis4556,5730
5134,4104|7205|7986,7207|8067,3,2,http://www.reactome.org/biopax/96/48892#BiochemicalReaction7980,1,http://www.reactome.org/biopax/96/48892#Control1042,5731
5135,1750|7884|10177,7758|8420|8425,3,3,http://www.reactome.org/biopax/96/48892#BiochemicalReaction241,1,http://www.reactome.org/biopax/96/48892#Catalysis102,5732
5136,1805|7986,1806|8067,2,2,http://www.reactome.org/biopax/96/48892#BiochemicalReaction2617,1,http://www.reactome.org/biopax/96/48892#Catalysis1084,5733
5137,5683|8903|9823,6051|8908,3,2,http://www.reactome.org/biopax/96/48892#BiochemicalReaction6877,1,http://www.reactome.org/biopax/96/48892#Control856,5734
5138,2478|7943|9029|10258,9019|10298,4,2,http://www.reactome.org/biopax/96/48892#BiochemicalReaction4256,1,http://www.reactome.org/biopax/96/48892#Catalysis2439,5735
5139,10133|10372,10349,2,1,http://www.reactome.org/biopax/96/48892#BiochemicalReaction4952,-1,http://www.reactome.org/biopax/96/48892#Control616,5736
5140,2075|8171|8490,8160|8172|8492,3,3,http://www.reactome.org/biopax/96/48892#BiochemicalReaction3678,1,http://www.reactome.org/biopax/96/48892#Catalysis1906,5737
5141,1334|1585|7986,1335|8067,3,2,http://www.reactome.org/biopax/96/48892#BiochemicalReaction2147,1,http://www.reactome.org/biopax/96/48892#Catalysis947,5738
5142,3569|3571|3573,3572,3,1,http://www.reactome.org/biopax/96/48892#BiochemicalReaction6632,1,http://www.reactome.org/biopax/96/48892#Control840,5739
5143,142|145|7986,4109|8067,3,2,http://www.reactome.org/biopax/96/48892#BiochemicalReaction8434,-1,http://www.reactome.org/biopax/96/48892#Control1120,5740
5144,5691|5699|7986,5700|8067,3,2,http://www.reactome.org/biopax/96/48892#BiochemicalReaction2077,1,http://www.reactome.org/biopax/96/48892#Catalysis913,5742
5145,3286|7680,2787,2,1,http://www.reactome.org/biopax/96/48892#BiochemicalReaction6568,1,http://www.reactome.org/biopax/96/48892#Catalysis3780,5743
5146,4854|8079|10163,8080|8081|10164,3,3,http://www.reactome.org/biopax/96/48892#BiochemicalReaction3265,1,http://www.reactome.org/biopax/96/48892#Catalysis1505,5744
5147,3812|7986|10167,8067|10141,3,2,http://www.reactome.org/biopax/96/48892#BiochemicalReaction7185,1,http://www.reactome.org/biopax/96/48892#Catalysis3951,5745
5148,5450|7986|10172|10177,8067|10127|10159,4,3,http://www.reactome.org/biopax/96/48892#BiochemicalReaction5135,1,http://www.reactome.org/biopax/96/48892#Catalysis3052,5746
5149,3750,3752|7085,1,2,http://www.reactome.org/biopax/96/48892#BiochemicalReaction7061,1,http://www.reactome.org/biopax/96/48892#Catalysis3921,5747
5150,4113|7323|7381,6820|7382,3,2,http://www.reactome.org/biopax/96/48892#BiochemicalReaction1181,1,http://www.reactome.org/biopax/96/48892#Catalysis511,5748
5151,4293|6143|9245,6155|9256,3,2,http://www.reactome.org/biopax/96/48892#BiochemicalReaction7295,-1,http://www.reactome.org/biopax/96/48892#Control900,5749
5152,320|332|8164,334|10157,3,2,http://www.reactome.org/biopax/96/48892#BiochemicalReaction8892,1,http://www.reactome.org/biopax/96/48892#Catalysis4577,5750
5153,5448|7986|9613|10177,8067|9614|10159,4,3,http://www.reactome.org/biopax/96/48892#BiochemicalReaction5134,1,http://www.reactome.org/biopax/96/48892#Catalysis3051,5751
5154,5516|9165|9841|10109|10113,8718|9579|10109|10113,5,4,http://www.reactome.org/biopax/96/48892#BiochemicalReaction5242,1,http://www.reactome.org/biopax/96/48892#Catalysis3154,5752
5155,925|10372,10349,2,1,http://www.reactome.org/biopax/96/48892#BiochemicalReaction81,1,http://www.reactome.org/biopax/96/48892#Catalysis37,5753
5156,5152|7986|8801,8067|8803,3,2,http://www.reactome.org/biopax/96/48892#BiochemicalReaction4042,1,http://www.reactome.org/biopax/96/48892#Catalysis2228,5754
5157,6072|7943|7949|9828,9635|9704|9829,4,3,http://www.reactome.org/biopax/96/48892#BiochemicalReaction7031,1,http://www.reactome.org/biopax/96/48892#Catalysis3916,5755
5158,5536|9728,9726,2,1,http://www.reactome.org/biopax/96/48892#BiochemicalReaction5284,1,http://www.reactome.org/biopax/96/48892#Catalysis3193,5756
5159,803|805|2713,2714|2785,3,2,http://www.reactome.org/biopax/96/48892#BiochemicalReaction10103,1,http://www.reactome.org/biopax/96/48892#Control1354,5757
5160,3450|7986,5870|5886|8067,2,3,http://www.reactome.org/biopax/96/48892#BiochemicalReaction6415,1,http://www.reactome.org/biopax/96/48892#Catalysis3704,5758
5161,2009|4745|10053,4746|10055|10070,3,3,http://www.reactome.org/biopax/96/48892#BiochemicalReaction3021,1,http://www.reactome.org/biopax/96/48892#Catalysis1278,5759
5162,3104|5625|8622,5626|8631,3,2,http://www.reactome.org/biopax/96/48892#BiochemicalReaction5652,1,http://www.reactome.org/biopax/96/48892#Catalysis3397,5760
5163,1786|7986,1787|8067,2,2,http://www.reactome.org/biopax/96/48892#BiochemicalReaction2580,1,http://www.reactome.org/biopax/96/48892#Catalysis1075,5761
5164,2385|9914|10177,9915|9916,3,2,http://www.reactome.org/biopax/96/48892#BiochemicalReaction7709,1,http://www.reactome.org/biopax/96/48892#Catalysis4174,5762
5165,6539|6974|7986,6538|8067,3,2,http://www.reactome.org/biopax/96/48892#BiochemicalReaction9373,1,http://www.reactome.org/biopax/96/48892#Catalysis4764,5763
5166,2044|7986|9704|10249,8067|9849|10159|10234,4,4,http://www.reactome.org/biopax/96/48892#BiochemicalReaction3164,1,http://www.reactome.org/biopax/96/48892#Catalysis1412,5764
5167,1145|1720,1724|7883,2,2,http://www.reactome.org/biopax/96/48892#BiochemicalReaction232,1,http://www.reactome.org/biopax/96/48892#Catalysis98,5765
5168,4803|10141|10177,8313|10159,3,2,http://www.reactome.org/biopax/96/48892#BiochemicalReaction3500,1,http://www.reactome.org/biopax/96/48892#Catalysis1738,5766
5169,5805|6817|8622,5807|8631,3,2,http://www.reactome.org/biopax/96/48892#BiochemicalReaction6252,1,http://www.reactome.org/biopax/96/48892#Catalysis3619,5768
5170,2071|8686|10269,8695,3,1,http://www.reactome.org/biopax/96/48892#BiochemicalReaction3854,1,http://www.reactome.org/biopax/96/48892#Catalysis2075,5769
5171,1894|4657,7908|10159,2,2,http://www.reactome.org/biopax/96/48892#BiochemicalReaction2793,1,http://www.reactome.org/biopax/96/48892#Catalysis1123,5770
5172,740|8164,9428|10309,2,2,http://www.reactome.org/biopax/96/48892#BiochemicalReaction9908,-1,http://www.reactome.org/biopax/96/48892#Control1313,5771
5173,4224|9054,5383,2,1,http://www.reactome.org/biopax/96/48892#BiochemicalReaction4908,1,http://www.reactome.org/biopax/96/48892#Control602,5772
5174,609|10177,610|10159,2,2,http://www.reactome.org/biopax/96/48892#BiochemicalReaction9560,1,http://www.reactome.org/biopax/96/48892#Catalysis4834,5773
5175,936|939|8622,937|8631,3,2,http://www.reactome.org/biopax/96/48892#BiochemicalReaction867,1,http://www.reactome.org/biopax/96/48892#Catalysis285,5774
5176,1853|4651|6099,1851,3,1,http://www.reactome.org/biopax/96/48892#BiochemicalReaction2709,-1,http://www.reactome.org/biopax/96/48892#Control329,5775
5177,2273|10258|10269,7943|8715|10298,3,3,http://www.reactome.org/biopax/96/48892#BiochemicalReaction3906,1,http://www.reactome.org/biopax/96/48892#Catalysis2121,5776
5178,3352|5818|8622,3353|8631,3,2,http://www.reactome.org/biopax/96/48892#BiochemicalReaction6262,1,http://www.reactome.org/biopax/96/48892#Catalysis3627,5778
5179,13|2045|8164,2054|10157,3,2,http://www.reactome.org/biopax/96/48892#BiochemicalReaction8235,1,http://www.reactome.org/biopax/96/48892#Catalysis4386,5779
5180,1899|9245,3741|9256,2,2,http://www.reactome.org/biopax/96/48892#BiochemicalReaction7007,1,http://www.reactome.org/biopax/96/48892#Catalysis3913,5780
5181,4080,4081|10159,1,2,http://www.reactome.org/biopax/96/48892#BiochemicalReaction7923,1,http://www.reactome.org/biopax/96/48892#Catalysis4275,5781
5182,662,663|6639,1,2,http://www.reactome.org/biopax/96/48892#BiochemicalReaction9659,1,http://www.reactome.org/biopax/96/48892#Catalysis4880,5782
5183,2117|8217|10177,9731|10159,3,2,http://www.reactome.org/biopax/96/48892#BiochemicalReaction3389,1,http://www.reactome.org/biopax/96/48892#Catalysis1627,5783
5184,2505|8472|9061|10091|10093,9062|9439|10092,5,3,http://www.reactome.org/biopax/96/48892#BiochemicalReaction4299,1,http://www.reactome.org/biopax/96/48892#Catalysis2478,5784
5185,1969|10246,4691|4692,2,2,http://www.reactome.org/biopax/96/48892#BiochemicalReaction2927,1,http://www.reactome.org/biopax/96/48892#Control365,5785
5186,2453|5185|7986|8979,2454|9236|9428,4,3,http://www.reactome.org/biopax/96/48892#BiochemicalReaction4203,1,http://www.reactome.org/biopax/96/48892#Catalysis2389,5786
5187,1646|7870,4592,2,1,http://www.reactome.org/biopax/96/48892#BiochemicalReaction2280,1,http://www.reactome.org/biopax/96/48892#Catalysis995,5787
5188,1514|7762,1530|7763,2,2,http://www.reactome.org/biopax/96/48892#BiochemicalReaction207,1,http://www.reactome.org/biopax/96/48892#Catalysis84,5788
5189,865|1070|7392,6820|7474,3,2,http://www.reactome.org/biopax/96/48892#BiochemicalReaction1249,1,http://www.reactome.org/biopax/96/48892#Catalysis578,5789
5190,142|7986,4109|8067,2,2,http://www.reactome.org/biopax/96/48892#BiochemicalReaction8434,1,http://www.reactome.org/biopax/96/48892#Catalysis4471,5791
5191,4176|7986|8046,8035|8067,3,2,http://www.reactome.org/biopax/96/48892#BiochemicalReaction8164,1,http://www.reactome.org/biopax/96/48892#Catalysis4355,5792
5192,4515|7894|8386,9981|10002,3,2,http://www.reactome.org/biopax/96/48892#BiochemicalReaction36,1,http://www.reactome.org/biopax/96/48892#Catalysis20,5793
5193,843|6958|6959|6960,845|6920|6921|6933|6938|6954,4,6,http://www.reactome.org/biopax/96/48892#BiochemicalReaction749,1,http://www.reactome.org/biopax/96/48892#Catalysis247,5794
5194,22|7986,24|8067,2,2,http://www.reactome.org/biopax/96/48892#BiochemicalReaction8251,1,http://www.reactome.org/biopax/96/48892#Catalysis4393,5795
5195,2913|5466,2914,2,1,http://www.reactome.org/biopax/96/48892#BiochemicalReaction5144,1,http://www.reactome.org/biopax/96/48892#Catalysis3058,5796
5196,2874|10107,10214,2,1,http://www.reactome.org/biopax/96/48892#BiochemicalReaction5040,1,http://www.reactome.org/biopax/96/48892#Catalysis3017,5797
5197,2698|4278,6224,2,1,http://www.reactome.org/biopax/96/48892#BiochemicalReaction4724,1,http://www.reactome.org/biopax/96/48892#Control565,5798
5198,6247|7986|10309,6248|8067,3,2,http://www.reactome.org/biopax/96/48892#BiochemicalReaction7600,-1,http://www.reactome.org/biopax/96/48892#Control972,5800
5199,7187|10004|10008,10009|10319,3,2,http://www.reactome.org/biopax/96/48892#BiochemicalReaction1033,1,http://www.reactome.org/biopax/96/48892#Catalysis397,5801
5200,2099|8059|8487,8061|8489,3,2,http://www.reactome.org/biopax/96/48892#BiochemicalReaction3675,1,http://www.reactome.org/biopax/96/48892#Catalysis1903,5802
5201,2276|10269|10291,2277|8716,3,2,http://www.reactome.org/biopax/96/48892#BiochemicalReaction3909,1,http://www.reactome.org/biopax/96/48892#Catalysis2123,5803
5202,7684|10133|10372,10134|10349,3,2,http://www.reactome.org/biopax/96/48892#BiochemicalReaction1537,1,http://www.reactome.org/biopax/96/48892#Control217,5805
5203,3423|5021|7986,5915|8067,3,2,http://www.reactome.org/biopax/96/48892#BiochemicalReaction6471,1,http://www.reactome.org/biopax/96/48892#Catalysis3740,5806
5204,5505|8827|10107|10109,10088|10113|10214,4,3,http://www.reactome.org/biopax/96/48892#BiochemicalReaction5220,1,http://www.reactome.org/biopax/96/48892#Catalysis3132,5807
5205,1514|7762|10372,1530|7763,3,2,http://www.reactome.org/biopax/96/48892#BiochemicalReaction207,1,http://www.reactome.org/biopax/96/48892#Control35,5808
5206,4353|6819,4352,2,1,http://www.reactome.org/biopax/96/48892#BiochemicalReaction9359,1,http://www.reactome.org/biopax/96/48892#Control1222,5809
5207,2934|9355,8138,2,1,http://www.reactome.org/biopax/96/48892#BiochemicalReaction5322,1,http://www.reactome.org/biopax/96/48892#Catalysis3225,5810
5208,5153|8067|8805,7986|8804,3,2,http://www.reactome.org/biopax/96/48892#BiochemicalReaction4045,1,http://www.reactome.org/biopax/96/48892#Catalysis2231,5811
5209,5199|9015,2472,2,1,http://www.reactome.org/biopax/96/48892#BiochemicalReaction4236,1,http://www.reactome.org/biopax/96/48892#Catalysis2421,5812
5210,3061|5337,3057|3060|3062,2,3,http://www.reactome.org/biopax/96/48892#BiochemicalReaction5607,1,http://www.reactome.org/biopax/96/48892#Catalysis3375,5814
5211,4289|6148|10089|10162,6134|10165|10169|10170,4,4,http://www.reactome.org/biopax/96/48892#BiochemicalReaction7280,1,http://www.reactome.org/biopax/96/48892#Catalysis3993,5815
5212,2537|8094|9106|10091,8095|9109,4,2,http://www.reactome.org/biopax/96/48892#BiochemicalReaction4350,1,http://www.reactome.org/biopax/96/48892#Catalysis2529,5817
5213,4438|7986|9849|10295,7943|7949|8067|10159,4,4,http://www.reactome.org/biopax/96/48892#BiochemicalReaction3273,1,http://www.reactome.org/biopax/96/48892#Catalysis1513,5818
5214,5507|9671|10109,9673|10113,3,2,http://www.reactome.org/biopax/96/48892#BiochemicalReaction5223,1,http://www.reactome.org/biopax/96/48892#Catalysis3135,5819
5215,4684|10142|10222,10159|10242,3,2,http://www.reactome.org/biopax/96/48892#BiochemicalReaction2919,1,http://www.reactome.org/biopax/96/48892#Catalysis1181,5820
5216,3832|6108|8164,3833|6107|10157,3,3,http://www.reactome.org/biopax/96/48892#BiochemicalReaction7201,1,http://www.reactome.org/biopax/96/48892#Catalysis3957,5821
5217,2087|8129,8109,2,1,http://www.reactome.org/biopax/96/48892#BiochemicalReaction3307,1,http://www.reactome.org/biopax/96/48892#Catalysis1547,5822
5218,2423|7998|8940,8020|8717,3,2,http://www.reactome.org/biopax/96/48892#BiochemicalReaction4152,1,http://www.reactome.org/biopax/96/48892#Catalysis2338,5824
5219,2061|8639|10177,8640,3,1,http://www.reactome.org/biopax/96/48892#BiochemicalReaction3813,1,http://www.reactome.org/biopax/96/48892#Catalysis2034,5825
5220,6384|6385|6386|8528,20,4,1,http://www.reactome.org/biopax/96/48892#BiochemicalReaction8247,1,http://www.reactome.org/biopax/96/48892#Control1108,5826
5221,3334|4222,7110,2,1,http://www.reactome.org/biopax/96/48892#BiochemicalReaction6208,1,http://www.reactome.org/biopax/96/48892#Control793,5827
5222,1257|7624|8386,7632,3,1,http://www.reactome.org/biopax/96/48892#BiochemicalReaction1468,1,http://www.reactome.org/biopax/96/48892#Catalysis711,5828
5223,685|6647,6652|6653,2,2,http://www.reactome.org/biopax/96/48892#BiochemicalReaction9724,1,http://www.reactome.org/biopax/96/48892#Catalysis4905,5829
5224,2001|4420|9973,4421|10287,3,2,http://www.reactome.org/biopax/96/48892#BiochemicalReaction2985,1,http://www.reactome.org/biopax/96/48892#Catalysis1244,5831
5225,3642|3644|8918,3643|9822,3,2,http://www.reactome.org/biopax/96/48892#BiochemicalReaction6774,1,http://www.reactome.org/biopax/96/48892#Catalysis3853,5832
5226,7648|7650|10117,7649|10118,3,2,http://www.reactome.org/biopax/96/48892#BiochemicalReaction1493,1,http://www.reactome.org/biopax/96/48892#Catalysis722,5833
5227,7943|8067|9898|10241,7986|9995,4,2,http://www.reactome.org/biopax/96/48892#BiochemicalReaction2944,1,http://www.reactome.org/biopax/96/48892#Control375,5834
5228,7237|9630|10063,9632|10064,3,2,http://www.reactome.org/biopax/96/48892#BiochemicalReaction1095,1,http://www.reactome.org/biopax/96/48892#Catalysis431,5835
5229,4011|8918|8923,4009|6834|8930|8931,3,4,http://www.reactome.org/biopax/96/48892#BiochemicalReaction7798,1,http://www.reactome.org/biopax/96/48892#Catalysis4226,5836
5230,1260|7624|8386,7631,3,1,http://www.reactome.org/biopax/96/48892#BiochemicalReaction1471,1,http://www.reactome.org/biopax/96/48892#Catalysis714,5837
5231,456|6481|7986,457|8067,3,2,http://www.reactome.org/biopax/96/48892#BiochemicalReaction9164,1,http://www.reactome.org/biopax/96/48892#Catalysis4685,5838
5232,1878|10177|10208,1885|10159,3,2,http://www.reactome.org/biopax/96/48892#BiochemicalReaction2781,-1,http://www.reactome.org/biopax/96/48892#Control336,5839
5233,429|7986,431|8067,2,2,http://www.reactome.org/biopax/96/48892#BiochemicalReaction9106,1,http://www.reactome.org/biopax/96/48892#Catalysis4658,5840
5234,2742|8337|8386,8464|8555|8642,3,3,http://www.reactome.org/biopax/96/48892#BiochemicalReaction18,1,http://www.reactome.org/biopax/96/48892#Catalysis2,5841
5235,2206|7943|8537|10258|10269,8538|10177|10298,5,3,http://www.reactome.org/biopax/96/48892#BiochemicalReaction3715,-1,http://www.reactome.org/biopax/96/48892#Control420,5842
5236,7140|9678|10177,7980|9685,3,2,http://www.reactome.org/biopax/96/48892#BiochemicalReaction981,1,http://www.reactome.org/biopax/96/48892#Catalysis345,5843
5237,137|7804|7986,4509|6397|8067,3,3,http://www.reactome.org/biopax/96/48892#BiochemicalReaction8419,1,http://www.reactome.org/biopax/96/48892#Catalysis4464,5844
5238,1283|8720|9439,1282|8600|8738,3,3,http://www.reactome.org/biopax/96/48892#BiochemicalReaction1523,1,http://www.reactome.org/biopax/96/48892#Catalysis734,5845
5239,3432|7986,5872|5873|8067,2,3,http://www.reactome.org/biopax/96/48892#BiochemicalReaction6381,1,http://www.reactome.org/biopax/96/48892#Catalysis3688,5846
5240,1178|7522,1180|4393,2,2,http://www.reactome.org/biopax/96/48892#BiochemicalReaction1311,1,http://www.reactome.org/biopax/96/48892#Catalysis627,5847
5241,2476|7986|8433|9018,8067|9027|10159,4,3,http://www.reactome.org/biopax/96/48892#BiochemicalReaction4252,1,http://www.reactome.org/biopax/96/48892#Catalysis2435,5848
5242,402|5337,403,2,1,http://www.reactome.org/biopax/96/48892#BiochemicalReaction9048,1,http://www.reactome.org/biopax/96/48892#Catalysis4638,5849
5243,5191|7986|8996,7943|8067|8986,3,3,http://www.reactome.org/biopax/96/48892#BiochemicalReaction4216,1,http://www.reactome.org/biopax/96/48892#Catalysis2401,5850
5244,6151|6152|10089|10162,6148|10165|10169|10170,4,4,http://www.reactome.org/biopax/96/48892#BiochemicalReaction7282,1,http://www.reactome.org/biopax/96/48892#Catalysis3995,5851
5245,7771|7772|7773,1434,3,1,http://www.reactome.org/biopax/96/48892#BiochemicalReaction1786,-1,http://www.reactome.org/biopax/96/48892#Control241,5852
5246,1738|4636|7986,1741|8067,3,2,http://www.reactome.org/biopax/96/48892#BiochemicalReaction2449,1,http://www.reactome.org/biopax/96/48892#Catalysis1056,5853
5247,2559|9148|10269,9149|9635,3,2,http://www.reactome.org/biopax/96/48892#BiochemicalReaction4394,1,http://www.reactome.org/biopax/96/48892#Catalysis2573,5854
5248,412|5466,413,2,1,http://www.reactome.org/biopax/96/48892#BiochemicalReaction9072,1,http://www.reactome.org/biopax/96/48892#Catalysis4647,5856
5249,2188|4423|9973,2189|10308,3,2,http://www.reactome.org/biopax/96/48892#BiochemicalReaction3584,1,http://www.reactome.org/biopax/96/48892#Catalysis1816,5858
5250,4347|6523|10177,4349|10159,3,2,http://www.reactome.org/biopax/96/48892#BiochemicalReaction9336,1,http://www.reactome.org/biopax/96/48892#Catalysis4745,5859
5251,5418|9681|10109,9682|10113,3,2,http://www.reactome.org/biopax/96/48892#BiochemicalReaction5229,1,http://www.reactome.org/biopax/96/48892#Catalysis3141,5860
5252,682|7635,7637,2,1,http://www.reactome.org/biopax/96/48892#BiochemicalReaction1475,1,http://www.reactome.org/biopax/96/48892#Control204,5861
5253,1758|1761,1764|7886,2,2,http://www.reactome.org/biopax/96/48892#BiochemicalReaction253,1,http://www.reactome.org/biopax/96/48892#Catalysis106,5862
5254,2626|7943|9291|10258,9281|9292|10298,4,3,http://www.reactome.org/biopax/96/48892#BiochemicalReaction4530,1,http://www.reactome.org/biopax/96/48892#Catalysis2707,5864
5255,6254|7986|10177|10181,8067|10159|10187,4,3,http://www.reactome.org/biopax/96/48892#BiochemicalReaction7659,1,http://www.reactome.org/biopax/96/48892#Catalysis4132,5865
5256,4184|6372|7986,4186|8067,3,2,http://www.reactome.org/biopax/96/48892#BiochemicalReaction8179,1,http://www.reactome.org/biopax/96/48892#Catalysis4362,5866
5257,3292|10134,10133,2,1,http://www.reactome.org/biopax/96/48892#BiochemicalReaction6076,1,http://www.reactome.org/biopax/96/48892#Catalysis3564,5867
5258,1441|7986,1442|8067,2,2,http://www.reactome.org/biopax/96/48892#BiochemicalReaction1810,1,http://www.reactome.org/biopax/96/48892#Catalysis845,5868
5259,1713|4624|10205,4625|9428,3,2,http://www.reactome.org/biopax/96/48892#BiochemicalReaction2381,1,http://www.reactome.org/biopax/96/48892#Catalysis1041,5869
5260,4002|4007|8622,4006|8631,3,2,http://www.reactome.org/biopax/96/48892#BiochemicalReaction7786,1,http://www.reactome.org/biopax/96/48892#Catalysis4221,5870
5261,23|7986,26|8067,2,2,http://www.reactome.org/biopax/96/48892#BiochemicalReaction8252,1,http://www.reactome.org/biopax/96/48892#Catalysis4394,5871
5262,6375|6376|8528,4197,3,1,http://www.reactome.org/biopax/96/48892#BiochemicalReaction8187,1,http://www.reactome.org/biopax/96/48892#Control1100,5872
5263,2121|8285|8386,8221|8286,3,2,http://www.reactome.org/biopax/96/48892#BiochemicalReaction3464,1,http://www.reactome.org/biopax/96/48892#Catalysis1702,5873
5264,783|784|7986,785|8067,3,2,http://www.reactome.org/biopax/96/48892#BiochemicalReaction10039,-1,http://www.reactome.org/biopax/96/48892#Control1340,5874
5265,2694|8555|10297,8386|9571,3,2,http://www.reactome.org/biopax/96/48892#BiochemicalReaction5405,1,http://www.reactome.org/biopax/96/48892#Catalysis3284,5875
5266,3747|7986,3296|8067,2,2,http://www.reactome.org/biopax/96/48892#BiochemicalReaction7036,1,http://www.reactome.org/biopax/96/48892#Catalysis3917,5876
5267,472|5302|7943|10258|10269,6489|9993|10177|10298,5,4,http://www.reactome.org/biopax/96/48892#BiochemicalReaction9203,1,http://www.reactome.org/biopax/96/48892#Catalysis4706,5877
5268,1020|9972|9973,9974|9977,3,2,http://www.reactome.org/biopax/96/48892#BiochemicalReaction1022,1,http://www.reactome.org/biopax/96/48892#Catalysis386,5878
5269,1615|7873|7986,1616|8067,3,2,http://www.reactome.org/biopax/96/48892#BiochemicalReaction2191,1,http://www.reactome.org/biopax/96/48892#Catalysis966,5880
5270,7648|8810|10281,7649|8811|10177,3,3,http://www.reactome.org/biopax/96/48892#BiochemicalReaction4053,-1,http://www.reactome.org/biopax/96/48892#Control508,5882
5271,3409|5820|7986,3410|8067,3,2,http://www.reactome.org/biopax/96/48892#BiochemicalReaction6345,1,http://www.reactome.org/biopax/96/48892#Catalysis3663,5883
5272,7289|7292|10073,7291|9582|10204,3,3,http://www.reactome.org/biopax/96/48892#BiochemicalReaction1126,1,http://www.reactome.org/biopax/96/48892#Catalysis457,5884
5273,6227|6229,6228,2,1,http://www.reactome.org/biopax/96/48892#BiochemicalReaction7541,1,http://www.reactome.org/biopax/96/48892#Catalysis4091,5885
5274,2981|7589|9773|9775,2987,4,1,http://www.reactome.org/biopax/96/48892#BiochemicalReaction5433,1,http://www.reactome.org/biopax/96/48892#Catalysis3303,5886
5275,3144|3261|5688|7986,3612|5688|8067,4,3,http://www.reactome.org/biopax/96/48892#BiochemicalReaction515,1,http://www.reactome.org/biopax/96/48892#Catalysis176,5887
5276,1542|1621,1552|1554|7764|7765,2,4,http://www.reactome.org/biopax/96/48892#BiochemicalReaction225,-1,http://www.reactome.org/biopax/96/48892#Control47,5888
5277,6193|9396|9840,9450|9842,3,2,http://www.reactome.org/biopax/96/48892#BiochemicalReaction7373,1,http://www.reactome.org/biopax/96/48892#Catalysis4046,5890
5278,5345|9572,8751,2,1,http://www.reactome.org/biopax/96/48892#BiochemicalReaction4752,1,http://www.reactome.org/biopax/96/48892#Catalysis2903,5891
5279,4300|6029|9245,4301|9256,3,2,http://www.reactome.org/biopax/96/48892#BiochemicalReaction7331,1,http://www.reactome.org/biopax/96/48892#Catalysis4037,5892
5280,2008|4743|10053,4744|10055|10070,3,3,http://www.reactome.org/biopax/96/48892#BiochemicalReaction3019,1,http://www.reactome.org/biopax/96/48892#Catalysis1276,5893
5281,1673|4596|7986,1675|8067,3,2,http://www.reactome.org/biopax/96/48892#BiochemicalReaction2308,1,http://www.reactome.org/biopax/96/48892#Catalysis1007,5894
5282,656|6640|6641|7826,661,4,1,http://www.reactome.org/biopax/96/48892#BiochemicalReaction9657,-1,http://www.reactome.org/biopax/96/48892#Control1253,5895
5283,1334|1716|4629,1715,3,1,http://www.reactome.org/biopax/96/48892#BiochemicalReaction2384,-1,http://www.reactome.org/biopax/96/48892#Control307,5896
5284,2278,2279,1,1,http://www.reactome.org/biopax/96/48892#BiochemicalReaction3911,1,http://www.reactome.org/biopax/96/48892#Catalysis2125,5897
5285,1542|7889,1798,2,1,http://www.reactome.org/biopax/96/48892#BiochemicalReaction273,1,http://www.reactome.org/biopax/96/48892#Catalysis109,5898
5286,1017|9653|10177,7943|9670|9808,3,3,http://www.reactome.org/biopax/96/48892#BiochemicalReaction1011,1,http://www.reactome.org/biopax/96/48892#Catalysis375,5900
5287,2695|9367|9439,10091|10227,3,2,http://www.reactome.org/biopax/96/48892#BiochemicalReaction4719,1,http://www.reactome.org/biopax/96/48892#Catalysis2890,5901
5288,1621|7573,1591|7878,2,2,http://www.reactome.org/biopax/96/48892#BiochemicalReaction218,-1,http://www.reactome.org/biopax/96/48892#Control41,5902
5289,7600|8720|10091|10231,5100|9367,4,2,http://www.reactome.org/biopax/96/48892#BiochemicalReaction3945,1,http://www.reactome.org/biopax/96/48892#Control463,5904
5290,1990|10268,10271,2,1,http://www.reactome.org/biopax/96/48892#BiochemicalReaction2965,1,http://www.reactome.org/biopax/96/48892#Catalysis1225,5905
5291,3884|5052|8903,6138|8908,3,2,http://www.reactome.org/biopax/96/48892#BiochemicalReaction7271,1,http://www.reactome.org/biopax/96/48892#Catalysis3987,5906
5292,517|518|7986,520|8067,3,2,http://www.reactome.org/biopax/96/48892#BiochemicalReaction9320,-1,http://www.reactome.org/biopax/96/48892#Control1215,5907
5293,3097|4163|7986,4178|8067,3,2,http://www.reactome.org/biopax/96/48892#BiochemicalReaction8169,1,http://www.reactome.org/biopax/96/48892#Catalysis4357,5908
5294,743|8739|8740,9772|10091,3,2,http://www.reactome.org/biopax/96/48892#BiochemicalReaction9924,1,http://www.reactome.org/biopax/96/48892#Catalysis4965,5909
5295,1069|5434,6820|7399,2,2,http://www.reactome.org/biopax/96/48892#BiochemicalReaction1192,1,http://www.reactome.org/biopax/96/48892#Catalysis522,5910
5296,6870|6871|7986,6872|8067,3,2,http://www.reactome.org/biopax/96/48892#BiochemicalReaction89,1,http://www.reactome.org/biopax/96/48892#Catalysis43,5911
5297,6487|8739|9985|9986,9988|9989,4,2,http://www.reactome.org/biopax/96/48892#BiochemicalReaction9198,1,http://www.reactome.org/biopax/96/48892#Catalysis4702,5912
5298,865|866,865|867|869,2,3,http://www.reactome.org/biopax/96/48892#BiochemicalReaction774,1,http://www.reactome.org/biopax/96/48892#Control106,5913
5299,3689|7986,6039|7203|8067,2,3,http://www.reactome.org/biopax/96/48892#BiochemicalReaction6842,1,http://www.reactome.org/biopax/96/48892#Catalysis3877,5914
5300,4838|8698|10269,8699,3,1,http://www.reactome.org/biopax/96/48892#BiochemicalReaction3857,1,http://www.reactome.org/biopax/96/48892#Catalysis2078,5915
5301,1693|4606,1697|4602|7746,2,3,http://www.reactome.org/biopax/96/48892#BiochemicalReaction2346,1,http://www.reactome.org/biopax/96/48892#Catalysis1025,5916
5302,6828|6831|8622,6830|8631,3,2,http://www.reactome.org/biopax/96/48892#BiochemicalReaction640,-1,http://www.reactome.org/biopax/96/48892#Control83,5917
5303,865|1070|7400,6820|7402,3,2,http://www.reactome.org/biopax/96/48892#BiochemicalReaction1194,1,http://www.reactome.org/biopax/96/48892#Catalysis524,5918
5304,3865|6126|8164,3866|6107|10157,3,3,http://www.reactome.org/biopax/96/48892#BiochemicalReaction7219,1,http://www.reactome.org/biopax/96/48892#Catalysis3974,5919
5305,2522|7974|8720|10091|10232,7976|8600|8738|9085,5,4,http://www.reactome.org/biopax/96/48892#BiochemicalReaction4326,1,http://www.reactome.org/biopax/96/48892#Catalysis2505,5920
5306,2379|8807|8822,8808|8823,3,2,http://www.reactome.org/biopax/96/48892#BiochemicalReaction4066,1,http://www.reactome.org/biopax/96/48892#Catalysis2252,5922
5307,6197|8350,5709,2,1,http://www.reactome.org/biopax/96/48892#BiochemicalReaction7412,1,http://www.reactome.org/biopax/96/48892#Control923,5923
5308,7295|10077|10078,9789|10079,3,2,http://www.reactome.org/biopax/96/48892#BiochemicalReaction1130,1,http://www.reactome.org/biopax/96/48892#Catalysis460,5924
5309,1959|8067|10238,7986|10237,3,2,http://www.reactome.org/biopax/96/48892#BiochemicalReaction2941,1,http://www.reactome.org/biopax/96/48892#Catalysis1201,5925
5310,1405|2045|8164,2054|10157,3,2,http://www.reactome.org/biopax/96/48892#BiochemicalReaction1688,1,http://www.reactome.org/biopax/96/48892#Catalysis811,5926
5311,605|3097|7986,606|8067,3,2,http://www.reactome.org/biopax/96/48892#BiochemicalReaction9552,1,http://www.reactome.org/biopax/96/48892#Catalysis4829,5927
5312,5096|7943|9538|9995,8722|9513,4,2,http://www.reactome.org/biopax/96/48892#BiochemicalReaction3919,-1,http://www.reactome.org/biopax/96/48892#Control443,5928
5313,270|274|7986,298|8067,3,2,http://www.reactome.org/biopax/96/48892#BiochemicalReaction8672,1,http://www.reactome.org/biopax/96/48892#Catalysis4562,5929
5314,2717|4001,4002,2,1,http://www.reactome.org/biopax/96/48892#BiochemicalReaction7782,-1,http://www.reactome.org/biopax/96/48892#Control1002,5932
5315,3447|5466,3448,2,1,http://www.reactome.org/biopax/96/48892#BiochemicalReaction6410,1,http://www.reactome.org/biopax/96/48892#Catalysis3700,5933
5316,2358|8776,8778|8779,2,2,http://www.reactome.org/biopax/96/48892#BiochemicalReaction4019,1,http://www.reactome.org/biopax/96/48892#Catalysis2207,5934
5317,3345|5837|8622,3391|8631,3,2,http://www.reactome.org/biopax/96/48892#BiochemicalReaction6320,1,http://www.reactome.org/biopax/96/48892#Control806,5936
5318,5926|5927|10177,5645|9428,3,2,http://www.reactome.org/biopax/96/48892#BiochemicalReaction6508,1,http://www.reactome.org/biopax/96/48892#Catalysis3757,5937
5319,73|6393|7986,75|8067,3,2,http://www.reactome.org/biopax/96/48892#BiochemicalReaction8330,1,http://www.reactome.org/biopax/96/48892#Catalysis4426,5938
5320,759|7791|7986,760|6705|8067,3,3,http://www.reactome.org/biopax/96/48892#BiochemicalReaction9951,1,http://www.reactome.org/biopax/96/48892#Catalysis4977,5939
5321,2664|9292|10300,9477|10301,3,2,http://www.reactome.org/biopax/96/48892#BiochemicalReaction4652,1,http://www.reactome.org/biopax/96/48892#Catalysis2823,5940
5322,1500|7986,1501|8067,2,2,http://www.reactome.org/biopax/96/48892#BiochemicalReaction1911,1,http://www.reactome.org/biopax/96/48892#Catalysis878,5941
5323,5432|5929|8622,5817|8631,3,2,http://www.reactome.org/biopax/96/48892#BiochemicalReaction5018,1,http://www.reactome.org/biopax/96/48892#Catalysis3003,5942
5324,2789|4225,6856,2,1,http://www.reactome.org/biopax/96/48892#BiochemicalReaction4942,1,http://www.reactome.org/biopax/96/48892#Control610,5943
5325,3005|8363,8397,2,1,http://www.reactome.org/biopax/96/48892#BiochemicalReaction5504,1,http://www.reactome.org/biopax/96/48892#Catalysis3319,5944
5326,3429|7986,3430|5871|8067,2,3,http://www.reactome.org/biopax/96/48892#BiochemicalReaction6377,1,http://www.reactome.org/biopax/96/48892#Catalysis3685,5945
5327,4531|5971|7986,5972|8067,3,2,http://www.reactome.org/biopax/96/48892#BiochemicalReaction543,1,http://www.reactome.org/biopax/96/48892#Catalysis189,5946
5328,2532|9101|10231,9102|10232,3,2,http://www.reactome.org/biopax/96/48892#BiochemicalReaction4341,1,http://www.reactome.org/biopax/96/48892#Catalysis2520,5947
5329,924|7048,927,2,1,http://www.reactome.org/biopax/96/48892#BiochemicalReaction846,1,http://www.reactome.org/biopax/96/48892#Control152,5948
5330,5537|9925,8782,2,1,http://www.reactome.org/biopax/96/48892#BiochemicalReaction7722,1,http://www.reactome.org/biopax/96/48892#Catalysis4187,5949
5331,2096|8166,8169|8170,2,2,http://www.reactome.org/biopax/96/48892#BiochemicalReaction3325,1,http://www.reactome.org/biopax/96/48892#Catalysis1563,5950
5332,1372|7725|7986,7726|8067,3,2,http://www.reactome.org/biopax/96/48892#BiochemicalReaction1644,1,http://www.reactome.org/biopax/96/48892#Catalysis790,5951
5333,5500|9613|10235,9652|9898,3,2,http://www.reactome.org/biopax/96/48892#BiochemicalReaction5209,1,http://www.reactome.org/biopax/96/48892#Catalysis3121,5952
5334,4971|7936|10177,7935|10159,3,2,http://www.reactome.org/biopax/96/48892#BiochemicalReaction7080,1,http://www.reactome.org/biopax/96/48892#Catalysis3925,5953
5335,4480|8029|9351|9480|9582,8031|9352|9502,5,3,http://www.reactome.org/biopax/96/48892#BiochemicalReaction4578,1,http://www.reactome.org/biopax/96/48892#Catalysis2753,5954
5336,4906|8228|9731,7946|8138,3,2,http://www.reactome.org/biopax/96/48892#BiochemicalReaction3383,1,http://www.reactome.org/biopax/96/48892#Catalysis1621,5955
5337,644|6636,643|5466,2,2,http://www.reactome.org/biopax/96/48892#BiochemicalReaction9664,1,http://www.reactome.org/biopax/96/48892#Catalysis4882,5957
5338,2051|8686|8687|10269,8688|8689|10177,4,3,http://www.reactome.org/biopax/96/48892#BiochemicalReaction3849,1,http://www.reactome.org/biopax/96/48892#Catalysis2070,5958
5339,4189|8622|8938,8946|8957,3,2,http://www.reactome.org/biopax/96/48892#BiochemicalReaction646,1,http://www.reactome.org/biopax/96/48892#Catalysis218,5960
5340,3282|7986,2892|3283|3284|3285|8067|10159,2,6,http://www.reactome.org/biopax/96/48892#BiochemicalReaction6048,1,http://www.reactome.org/biopax/96/48892#Catalysis3560,5961
5341,4546|5743,4560,2,1,http://www.reactome.org/biopax/96/48892#BiochemicalReaction5989,1,http://www.reactome.org/biopax/96/48892#Catalysis3540,5962
5342,5062|7943|8580|10258|10269,7943|8433|8585|10177|10298,5,5,http://www.reactome.org/biopax/96/48892#BiochemicalReaction3763,1,http://www.reactome.org/biopax/96/48892#Catalysis1986,5963
5343,2396|8865|10177,8866|10159,3,2,http://www.reactome.org/biopax/96/48892#BiochemicalReaction4090,1,http://www.reactome.org/biopax/96/48892#Catalysis2276,5964
5344,3001|8386|9449,8642|9530,3,2,http://www.reactome.org/biopax/96/48892#BiochemicalReaction5469,1,http://www.reactome.org/biopax/96/48892#Catalysis3314,5965
5345,2676|7986|9519|10088,7998|8067|10159,4,3,http://www.reactome.org/biopax/96/48892#BiochemicalReaction4683,1,http://www.reactome.org/biopax/96/48892#Catalysis2854,5966
5346,4845|8029|9480|9582|10175,8031|8033|9502,5,3,http://www.reactome.org/biopax/96/48892#BiochemicalReaction3234,1,http://www.reactome.org/biopax/96/48892#Catalysis1474,5967
5347,3199|8622,3200|8631|8643,2,3,http://www.reactome.org/biopax/96/48892#BiochemicalReaction5756,1,http://www.reactome.org/biopax/96/48892#Catalysis3445,5968
5348,4319|4830|7943|10258,9941|10298,4,2,http://www.reactome.org/biopax/96/48892#BiochemicalReaction7744,1,http://www.reactome.org/biopax/96/48892#Catalysis4203,5969
5349,6355|6369|8386,6370|6371,3,2,http://www.reactome.org/biopax/96/48892#BiochemicalReaction620,1,http://www.reactome.org/biopax/96/48892#Catalysis205,5970
5350,1772|7986,1773|8067,2,2,http://www.reactome.org/biopax/96/48892#BiochemicalReaction2543,1,http://www.reactome.org/biopax/96/48892#Catalysis1069,5971
5351,1537|6258|9877,1537|10157,3,2,http://www.reactome.org/biopax/96/48892#BiochemicalReaction7682,1,http://www.reactome.org/biopax/96/48892#Catalysis4149,5972
5352,4117|4119|7986,4120|8067,3,2,http://www.reactome.org/biopax/96/48892#BiochemicalReaction8092,1,http://www.reactome.org/biopax/96/48892#Control1088,5974
5353,4103|6332|10177,6333|10159,3,2,http://www.reactome.org/biopax/96/48892#BiochemicalReaction7976,1,http://www.reactome.org/biopax/96/48892#Catalysis4299,5975
5354,2129|8251,2130|8257,2,2,http://www.reactome.org/biopax/96/48892#BiochemicalReaction3418,1,http://www.reactome.org/biopax/96/48892#Catalysis1656,5976
5355,5196|9009|9396,7992|9450,3,2,http://www.reactome.org/biopax/96/48892#BiochemicalReaction4231,1,http://www.reactome.org/biopax/96/48892#Catalysis2416,5977
5356,5064|7976|8587,7974|8588|10091,3,3,http://www.reactome.org/biopax/96/48892#BiochemicalReaction3767,1,http://www.reactome.org/biopax/96/48892#Catalysis1989,5978
5357,4448|9727|10177,8237|9743,3,2,http://www.reactome.org/biopax/96/48892#BiochemicalReaction3392,1,http://www.reactome.org/biopax/96/48892#Catalysis1630,5979
5358,3992|6274|10089|10162,6275|10169|10170,4,3,http://www.reactome.org/biopax/96/48892#BiochemicalReaction7769,1,http://www.reactome.org/biopax/96/48892#Catalysis4215,5980
5359,6864|10109|10349,10113|10372,3,2,http://www.reactome.org/biopax/96/48892#BiochemicalReaction85,1,http://www.reactome.org/biopax/96/48892#Catalysis41,5982
5360,5152|7986|9871,8067|9876,3,2,http://www.reactome.org/biopax/96/48892#BiochemicalReaction7677,1,http://www.reactome.org/biopax/96/48892#Catalysis4144,5983
5361,6409|6412|8386,243,3,1,http://www.reactome.org/biopax/96/48892#BiochemicalReaction8585,-1,http://www.reactome.org/biopax/96/48892#Control1135,5984
5362,2083|8122|10217,8099|8123|10091,3,3,http://www.reactome.org/biopax/96/48892#BiochemicalReaction3303,1,http://www.reactome.org/biopax/96/48892#Catalysis1543,5985
5363,5547|9582|10349,7943|9575,3,2,http://www.reactome.org/biopax/96/48892#BiochemicalReaction5349,1,http://www.reactome.org/biopax/96/48892#Catalysis3240,5986
5364,2366|7986|8806,8067|8809,3,2,http://www.reactome.org/biopax/96/48892#BiochemicalReaction4046,1,http://www.reactome.org/biopax/96/48892#Catalysis2232,5988
5365,3587|6624|7986,634|8067,3,2,http://www.reactome.org/biopax/96/48892#BiochemicalReaction9606,1,http://www.reactome.org/biopax/96/48892#Catalysis4860,5989
5366,2756|5466,2757,2,1,http://www.reactome.org/biopax/96/48892#BiochemicalReaction4837,1,http://www.reactome.org/biopax/96/48892#Catalysis2925,5990
5367,2016|9973|10335,10305|10336,3,2,http://www.reactome.org/biopax/96/48892#BiochemicalReaction3066,1,http://www.reactome.org/biopax/96/48892#Catalysis1315,5991
5368,1968|9839,4689|4690,2,2,http://www.reactome.org/biopax/96/48892#BiochemicalReaction2925,-1,http://www.reactome.org/biopax/96/48892#Control363,5992
5369,504|506|4344,505,3,1,http://www.reactome.org/biopax/96/48892#BiochemicalReaction9308,-1,http://www.reactome.org/biopax/96/48892#Control1211,5993
5370,7120|7121|7986|9563,7074|9236|9428,4,3,http://www.reactome.org/biopax/96/48892#BiochemicalReaction963,1,http://www.reactome.org/biopax/96/48892#Catalysis327,5994
5371,4821|8029|8051|8073,7982|8031|8074|9469|9502,4,5,http://www.reactome.org/biopax/96/48892#BiochemicalReaction3260,1,http://www.reactome.org/biopax/96/48892#Catalysis1500,5995
5372,4401|7771|7986,7772|8067,3,2,http://www.reactome.org/biopax/96/48892#BiochemicalReaction1785,1,http://www.reactome.org/biopax/96/48892#Catalysis837,5996
5373,1533|1535|7986,1536|8067,3,2,http://www.reactome.org/biopax/96/48892#BiochemicalReaction2064,1,http://www.reactome.org/biopax/96/48892#Catalysis906,5997
5374,865|4113|7467,6820|7468,3,2,http://www.reactome.org/biopax/96/48892#BiochemicalReaction1245,1,http://www.reactome.org/biopax/96/48892#Catalysis574,5998
5375,2045|4206|8164,2054|10157,3,2,http://www.reactome.org/biopax/96/48892#BiochemicalReaction8197,1,http://www.reactome.org/biopax/96/48892#Control1102,5999
5376,3137|8622,2850|3138|8631,2,3,http://www.reactome.org/biopax/96/48892#BiochemicalReaction5690,1,http://www.reactome.org/biopax/96/48892#Catalysis3418,6000
5377,3144|6581|10177,1537|10159,3,2,http://www.reactome.org/biopax/96/48892#BiochemicalReaction9436,1,http://www.reactome.org/biopax/96/48892#Catalysis4799,6001
5378,2111|8273|8386,8221|8276,3,2,http://www.reactome.org/biopax/96/48892#BiochemicalReaction3453,1,http://www.reactome.org/biopax/96/48892#Catalysis1691,6002
5379,3634|6148|9245,6151|9256,3,2,http://www.reactome.org/biopax/96/48892#BiochemicalReaction7297,1,http://www.reactome.org/biopax/96/48892#Catalysis4010,6003
5380,1553|7986,1555|8067,2,2,http://www.reactome.org/biopax/96/48892#BiochemicalReaction2099,1,http://www.reactome.org/biopax/96/48892#Catalysis921,6005
5381,3941|6233|7986,6234|8067,3,2,http://www.reactome.org/biopax/96/48892#BiochemicalReaction7553,1,http://www.reactome.org/biopax/96/48892#Catalysis4097,6006
5382,2624|8555|9280|9282|10201,8386|9283|9284,5,3,http://www.reactome.org/biopax/96/48892#BiochemicalReaction4523,1,http://www.reactome.org/biopax/96/48892#Catalysis2700,6007
5383,5279|9254|9524,7943|9255|9559,3,3,http://www.reactome.org/biopax/96/48892#BiochemicalReaction4503,1,http://www.reactome.org/biopax/96/48892#Catalysis2681,6010
5384,799|6795|7829,1503,3,1,http://www.reactome.org/biopax/96/48892#BiochemicalReaction10069,-1,http://www.reactome.org/biopax/96/48892#Control1345,6012
5385,1048|8164,1050|10157,2,2,http://www.reactome.org/biopax/96/48892#BiochemicalReaction107,1,http://www.reactome.org/biopax/96/48892#Catalysis46,6013
5386,5008|8342|10177,8254|8348,3,2,http://www.reactome.org/biopax/96/48892#BiochemicalReaction3600,1,http://www.reactome.org/biopax/96/48892#Catalysis1832,6014
5387,6076|8062,6080|6081,2,2,http://www.reactome.org/biopax/96/48892#BiochemicalReaction7066,1,http://www.reactome.org/biopax/96/48892#Catalysis3924,6015
5388,8164|8204|10177,8433|9072,3,2,http://www.reactome.org/biopax/96/48892#BiochemicalReaction4310,-1,http://www.reactome.org/biopax/96/48892#Control528,6017
5389,4317|9849|9908,9704|9909,3,2,http://www.reactome.org/biopax/96/48892#BiochemicalReaction7705,1,http://www.reactome.org/biopax/96/48892#Catalysis4170,6018
5390,3900|4841|7986,3901|8067,3,2,http://www.reactome.org/biopax/96/48892#BiochemicalReaction7389,1,http://www.reactome.org/biopax/96/48892#Catalysis4051,6019
5391,7238|10053|10056,4381,3,1,http://www.reactome.org/biopax/96/48892#BiochemicalReaction1096,1,http://www.reactome.org/biopax/96/48892#Catalysis432,6020
5392,4838|8629|10269,8632,3,1,http://www.reactome.org/biopax/96/48892#BiochemicalReaction3805,1,http://www.reactome.org/biopax/96/48892#Catalysis2026,6021
5393,7713|7986,4653|8067,2,2,http://www.reactome.org/biopax/96/48892#BiochemicalReaction2752,1,http://www.reactome.org/biopax/96/48892#Catalysis1114,6022
5394,865|7917,10379,2,1,http://www.reactome.org/biopax/96/48892#BiochemicalReaction3138,1,http://www.reactome.org/biopax/96/48892#Catalysis1387,6023
5395,914|6998,868|912|6975|6977|6993|6999|7000|7001,2,8,http://www.reactome.org/biopax/96/48892#BiochemicalReaction840,1,http://www.reactome.org/biopax/96/48892#Control116,6024
5396,5484|9281|10107,9280|10214,3,2,http://www.reactome.org/biopax/96/48892#BiochemicalReaction5177,1,http://www.reactome.org/biopax/96/48892#Catalysis3089,6025
5397,443|444|7986,445|8067,3,2,http://www.reactome.org/biopax/96/48892#BiochemicalReaction9121,1,http://www.reactome.org/biopax/96/48892#Catalysis4669,6026
5398,7244|7915|7986,8067|8165,3,2,http://www.reactome.org/biopax/96/48892#BiochemicalReaction187,1,http://www.reactome.org/biopax/96/48892#Catalysis76,6027
5399,4973|8331|10177,7934|8208,3,2,http://www.reactome.org/biopax/96/48892#BiochemicalReaction3535,1,http://www.reactome.org/biopax/96/48892#Catalysis1771,6028
5400,2393|7943|8858|10177,8850|9563,4,2,http://www.reactome.org/biopax/96/48892#BiochemicalReaction4087,1,http://www.reactome.org/biopax/96/48892#Catalysis2273,6029
5401,1058|4722|10065,4723|10055|10070,3,3,http://www.reactome.org/biopax/96/48892#BiochemicalReaction3001,1,http://www.reactome.org/biopax/96/48892#Catalysis1260,6030
5402,1368|1731|5466,1732,3,1,http://www.reactome.org/biopax/96/48892#BiochemicalReaction2422,1,http://www.reactome.org/biopax/96/48892#Catalysis1052,6031
5403,5835|7712|7986,5836|8067,3,2,http://www.reactome.org/biopax/96/48892#BiochemicalReaction6312,1,http://www.reactome.org/biopax/96/48892#Catalysis3644,6032
5404,362,364|10159,1,2,http://www.reactome.org/biopax/96/48892#BiochemicalReaction8950,1,http://www.reactome.org/biopax/96/48892#Catalysis4606,6033
5405,4154|6364|6365|8528,4153,4,1,http://www.reactome.org/biopax/96/48892#BiochemicalReaction8137,1,http://www.reactome.org/biopax/96/48892#Control1091,6035
5406,1475|5466,4393,2,1,http://www.reactome.org/biopax/96/48892#BiochemicalReaction1862,1,http://www.reactome.org/biopax/96/48892#Catalysis872,6036
5407,7528|10141|10177,10159|10167,3,2,http://www.reactome.org/biopax/96/48892#BiochemicalReaction3498,1,http://www.reactome.org/biopax/96/48892#Catalysis1736,6037
5408,6226|8305,9660,2,1,http://www.reactome.org/biopax/96/48892#BiochemicalReaction7531,1,http://www.reactome.org/biopax/96/48892#Catalysis4090,6038
5409,7166|9866|10177,7943|9286|9874,3,3,http://www.reactome.org/biopax/96/48892#BiochemicalReaction1009,1,http://www.reactome.org/biopax/96/48892#Catalysis373,6039
5410,2633|7943|9302,9303|9635,3,2,http://www.reactome.org/biopax/96/48892#BiochemicalReaction4540,1,http://www.reactome.org/biopax/96/48892#Catalysis2717,6040
5411,2867,2869|10159,1,2,http://www.reactome.org/biopax/96/48892#BiochemicalReaction5034,1,http://www.reactome.org/biopax/96/48892#Catalysis3012,6041
5412,494|6505|9997,6506|9428,3,2,http://www.reactome.org/biopax/96/48892#BiochemicalReaction9279,1,http://www.reactome.org/biopax/96/48892#Catalysis4723,6042
5413,3544,2978|3545|5674|8694|8701|8708|8710,1,7,http://www.reactome.org/biopax/96/48892#BiochemicalReaction6545,1,http://www.reactome.org/biopax/96/48892#Catalysis3774,6043
5414,2504|8472|9058,9059|9367,3,2,http://www.reactome.org/biopax/96/48892#BiochemicalReaction4297,1,http://www.reactome.org/biopax/96/48892#Catalysis2476,6044
5415,6146|6147|10089|10162,6144|10165|10169|10170,4,4,http://www.reactome.org/biopax/96/48892#BiochemicalReaction7279,1,http://www.reactome.org/biopax/96/48892#Catalysis3992,6045
5416,919|7020,920,2,1,http://www.reactome.org/biopax/96/48892#BiochemicalReaction843,1,http://www.reactome.org/biopax/96/48892#Control134,6046
5417,1902|4275,5385,2,1,http://www.reactome.org/biopax/96/48892#BiochemicalReaction5814,1,http://www.reactome.org/biopax/96/48892#Control718,6047
5418,2355|8767,2356,2,1,http://www.reactome.org/biopax/96/48892#BiochemicalReaction4010,1,http://www.reactome.org/biopax/96/48892#Control493,6049
5419,2916|9549,9629,2,1,http://www.reactome.org/biopax/96/48892#BiochemicalReaction5160,1,http://www.reactome.org/biopax/96/48892#Catalysis3073,6050
5420,165|5466|6857,180,3,1,http://www.reactome.org/biopax/96/48892#BiochemicalReaction8489,1,http://www.reactome.org/biopax/96/48892#Catalysis4494,6051
5421,4952|7986|10167,8046|8067,3,2,http://www.reactome.org/biopax/96/48892#BiochemicalReaction3492,1,http://www.reactome.org/biopax/96/48892#Catalysis1730,6052
5422,6154|6155|10089|10162,6143|10165|10169|10170,4,4,http://www.reactome.org/biopax/96/48892#BiochemicalReaction7285,1,http://www.reactome.org/biopax/96/48892#Catalysis3998,6053
5423,4113|6835|7370,6820|7369,3,2,http://www.reactome.org/biopax/96/48892#BiochemicalReaction1174,1,http://www.reactome.org/biopax/96/48892#Catalysis504,6054
5424,3033,3032|9792,1,2,http://www.reactome.org/biopax/96/48892#BiochemicalReaction5561,1,http://www.reactome.org/biopax/96/48892#Catalysis3350,6055
5425,2060|7998|8014,8015,3,1,http://www.reactome.org/biopax/96/48892#BiochemicalReaction3220,1,http://www.reactome.org/biopax/96/48892#Catalysis1460,6056
5426,3834|4284|8164,3835|6107|10157,3,3,http://www.reactome.org/biopax/96/48892#BiochemicalReaction7202,1,http://www.reactome.org/biopax/96/48892#Catalysis3958,6057
5427,4696|7943|8559|10258,8560|10298,4,2,http://www.reactome.org/biopax/96/48892#BiochemicalReaction3739,1,http://www.reactome.org/biopax/96/48892#Catalysis1963,6058
5428,2396|8767|9917,8842|9915,3,2,http://www.reactome.org/biopax/96/48892#BiochemicalReaction7710,1,http://www.reactome.org/biopax/96/48892#Catalysis4175,6059
5429,3123|8622,3124|8631,2,2,http://www.reactome.org/biopax/96/48892#BiochemicalReaction5678,1,http://www.reactome.org/biopax/96/48892#Catalysis3409,6060
5430,2084|8094|8112|10091,8095|8113,4,2,http://www.reactome.org/biopax/96/48892#BiochemicalReaction3293,1,http://www.reactome.org/biopax/96/48892#Catalysis1533,6062
5431,5034|7974|8472|8514|10091,7976|8517|9439,5,3,http://www.reactome.org/biopax/96/48892#BiochemicalReaction3696,1,http://www.reactome.org/biopax/96/48892#Catalysis1924,6063
5432,1680|7986,1682|8067,2,2,http://www.reactome.org/biopax/96/48892#BiochemicalReaction2322,1,http://www.reactome.org/biopax/96/48892#Catalysis1012,6064
5433,5243|8753|9088,9087|9152|10091,3,3,http://www.reactome.org/biopax/96/48892#BiochemicalReaction4398,1,http://www.reactome.org/biopax/96/48892#Catalysis2577,6065
5434,967|4354|7986,557|8067,3,2,http://www.reactome.org/biopax/96/48892#BiochemicalReaction9393,1,http://www.reactome.org/biopax/96/48892#Catalysis4778,6066
5435,1069|7403,6820|7405,2,2,http://www.reactome.org/biopax/96/48892#BiochemicalReaction1196,1,http://www.reactome.org/biopax/96/48892#Catalysis526,6068
5436,3743|7986,3744|4663|8067,2,3,http://www.reactome.org/biopax/96/48892#BiochemicalReaction7018,1,http://www.reactome.org/biopax/96/48892#Catalysis3914,6069
5437,5041|8539,8540,2,1,http://www.reactome.org/biopax/96/48892#BiochemicalReaction3716,1,http://www.reactome.org/biopax/96/48892#Catalysis1944,6070
5438,4444|8217|10177,8216|9743,3,2,http://www.reactome.org/biopax/96/48892#BiochemicalReaction3366,1,http://www.reactome.org/biopax/96/48892#Catalysis1604,6071
5439,3990|6268|9633|10269,6269|9634|9635,4,3,http://www.reactome.org/biopax/96/48892#BiochemicalReaction7765,1,http://www.reactome.org/biopax/96/48892#Catalysis4211,6072
5440,2002|2175|9973,4999|8384|10333,3,3,http://www.reactome.org/biopax/96/48892#BiochemicalReaction3577,1,http://www.reactome.org/biopax/96/48892#Catalysis1809,6073
5441,1385|1388|7986,1389|8067,3,2,http://www.reactome.org/biopax/96/48892#BiochemicalReaction1668,1,http://www.reactome.org/biopax/96/48892#Catalysis802,6074
5442,4215|5466,4216,2,1,http://www.reactome.org/biopax/96/48892#BiochemicalReaction8213,1,http://www.reactome.org/biopax/96/48892#Catalysis4376,6075
5443,2865|7986,9428|10206,2,2,http://www.reactome.org/biopax/96/48892#BiochemicalReaction8913,1,http://www.reactome.org/biopax/96/48892#Catalysis4588,6076
5444,3548|3549|5003,3550|5609,3,2,http://www.reactome.org/biopax/96/48892#BiochemicalReaction6551,1,http://www.reactome.org/biopax/96/48892#Control816,6077
5445,3120|8622,3122|8631,2,2,http://www.reactome.org/biopax/96/48892#BiochemicalReaction5669,1,http://www.reactome.org/biopax/96/48892#Catalysis3406,6078
5446,4119|7866|7986,4120|8067,3,2,http://www.reactome.org/biopax/96/48892#BiochemicalReaction8093,1,http://www.reactome.org/biopax/96/48892#Catalysis4323,6079
5447,7751|8464|10127,8337|10114,3,2,http://www.reactome.org/biopax/96/48892#BiochemicalReaction5465,1,http://www.reactome.org/biopax/96/48892#Control681,6080
5448,3040|9797,3041|8957,2,2,http://www.reactome.org/biopax/96/48892#BiochemicalReaction5581,1,http://www.reactome.org/biopax/96/48892#Catalysis3360,6081
5449,4693|7986|10128,7943|8067|10222,3,3,http://www.reactome.org/biopax/96/48892#BiochemicalReaction2929,1,http://www.reactome.org/biopax/96/48892#Catalysis1189,6082
5450,2752|2753,2754,2,1,http://www.reactome.org/biopax/96/48892#BiochemicalReaction4829,1,http://www.reactome.org/biopax/96/48892#Control590,6083
5451,2216|2689|5054,2214|2688|10091,3,3,http://www.reactome.org/biopax/96/48892#BiochemicalReaction4712,1,http://www.reactome.org/biopax/96/48892#Catalysis2883,6084
5452,2661|9475|10300,9476|10301,3,2,http://www.reactome.org/biopax/96/48892#BiochemicalReaction4651,1,http://www.reactome.org/biopax/96/48892#Catalysis2822,6085
5453,3108|8622,3109|8631,2,2,http://www.reactome.org/biopax/96/48892#BiochemicalReaction5657,1,http://www.reactome.org/biopax/96/48892#Catalysis3400,6086
5454,4699|10262,10263,2,1,http://www.reactome.org/biopax/96/48892#BiochemicalReaction2955,1,http://www.reactome.org/biopax/96/48892#Catalysis1215,6087
5455,4994|8357|10065,8376|10055|10070,3,3,http://www.reactome.org/biopax/96/48892#BiochemicalReaction3566,1,http://www.reactome.org/biopax/96/48892#Catalysis1800,6088
5456,4484|8029|9358|9480|9582,8031|9359|9502,5,3,http://www.reactome.org/biopax/96/48892#BiochemicalReaction4580,1,http://www.reactome.org/biopax/96/48892#Catalysis2755,6089
5457,4268|6194,6861,2,1,http://www.reactome.org/biopax/96/48892#BiochemicalReaction708,1,http://www.reactome.org/biopax/96/48892#Control100,6090
5458,2092|8140|10230,7952|8141,3,2,http://www.reactome.org/biopax/96/48892#BiochemicalReaction3313,1,http://www.reactome.org/biopax/96/48892#Catalysis1553,6091
5459,5207|7986|9032,7943|8067|9028|10159,3,4,http://www.reactome.org/biopax/96/48892#BiochemicalReaction4265,1,http://www.reactome.org/biopax/96/48892#Catalysis2448,6092
5460,3138|8622,3139|8631,2,2,http://www.reactome.org/biopax/96/48892#BiochemicalReaction5691,1,http://www.reactome.org/biopax/96/48892#Catalysis3419,6093
5461,7712|7831|7986,6544|8067,3,2,http://www.reactome.org/biopax/96/48892#BiochemicalReaction9384,1,http://www.reactome.org/biopax/96/48892#Catalysis4770,6094
5462,4074|10258|10269,7943|8715|10298,3,3,http://www.reactome.org/biopax/96/48892#BiochemicalReaction7917,1,http://www.reactome.org/biopax/96/48892#Catalysis4273,6096
5463,5032|8462|9513,7943|8465|9538,3,3,http://www.reactome.org/biopax/96/48892#BiochemicalReaction3656,1,http://www.reactome.org/biopax/96/48892#Catalysis1884,6097
5464,3719|3723|9245,3722|9256,3,2,http://www.reactome.org/biopax/96/48892#BiochemicalReaction6964,-1,http://www.reactome.org/biopax/96/48892#Control861,6098
5465,2209|8542,8719,2,1,http://www.reactome.org/biopax/96/48892#BiochemicalReaction3724,1,http://www.reactome.org/biopax/96/48892#Catalysis1950,6099
5466,2026|10177|10371,7943|8057|9731,3,3,http://www.reactome.org/biopax/96/48892#BiochemicalReaction3096,1,http://www.reactome.org/biopax/96/48892#Catalysis1345,6100
5467,123|8164,125|10157,2,2,http://www.reactome.org/biopax/96/48892#BiochemicalReaction8403,1,http://www.reactome.org/biopax/96/48892#Catalysis4455,6103
5468,7986|9344|10159,7943|9236|10282,3,3,http://www.reactome.org/biopax/96/48892#BiochemicalReaction2978,1,http://www.reactome.org/biopax/96/48892#Control384,6104
5469,5020|7943|8451|10258,8452|10298,4,2,http://www.reactome.org/biopax/96/48892#BiochemicalReaction3640,1,http://www.reactome.org/biopax/96/48892#Catalysis1870,6106
5470,5529|9716|10109,9717|10113,3,2,http://www.reactome.org/biopax/96/48892#BiochemicalReaction5276,1,http://www.reactome.org/biopax/96/48892#Catalysis3185,6107
5471,2271|7943|10247|10258|10269,10177|10280|10291|10298,5,4,http://www.reactome.org/biopax/96/48892#BiochemicalReaction3902,1,http://www.reactome.org/biopax/96/48892#Catalysis2117,6108
5472,5034|7974|8472|8474|10091,7976|8475|9439,5,3,http://www.reactome.org/biopax/96/48892#BiochemicalReaction3663,1,http://www.reactome.org/biopax/96/48892#Catalysis1891,6109
5473,2533|7601|9102|10091,5227|9367,4,2,http://www.reactome.org/biopax/96/48892#BiochemicalReaction4343,1,http://www.reactome.org/biopax/96/48892#Catalysis2522,6110
5474,5473|10113|10295,10109|10297,3,2,http://www.reactome.org/biopax/96/48892#BiochemicalReaction5166,1,http://www.reactome.org/biopax/96/48892#Catalysis3079,6111
5475,5221|9057|9060,8777|9061,3,2,http://www.reactome.org/biopax/96/48892#BiochemicalReaction4298,1,http://www.reactome.org/biopax/96/48892#Catalysis2477,6113
5476,5560|10349,5557|5561,2,2,http://www.reactome.org/biopax/96/48892#BiochemicalReaction5375,1,http://www.reactome.org/biopax/96/48892#Control658,6114
5477,2029|8556|10177,8546|10159,3,2,http://www.reactome.org/biopax/96/48892#BiochemicalReaction3123,1,http://www.reactome.org/biopax/96/48892#Catalysis1372,6116
5478,1733|2858,1338|5466,2,2,http://www.reactome.org/biopax/96/48892#BiochemicalReaction2423,1,http://www.reactome.org/biopax/96/48892#Catalysis1053,6117
5479,2304|7976|8737,7974|9367|10231,3,3,http://www.reactome.org/biopax/96/48892#BiochemicalReaction3943,1,http://www.reactome.org/biopax/96/48892#Catalysis2154,6118
5480,441|658,443|6470,2,2,http://www.reactome.org/biopax/96/48892#BiochemicalReaction9115,1,http://www.reactome.org/biopax/96/48892#Catalysis4665,6119
5481,3645|7528|7986,6570|8067,3,2,http://www.reactome.org/biopax/96/48892#BiochemicalReaction9413,1,http://www.reactome.org/biopax/96/48892#Catalysis4790,6120
5482,37|5466,38,2,1,http://www.reactome.org/biopax/96/48892#BiochemicalReaction8273,1,http://www.reactome.org/biopax/96/48892#Catalysis4403,6121
5483,2372|7649|7943|10258,7648|10298,4,2,http://www.reactome.org/biopax/96/48892#BiochemicalReaction4056,1,http://www.reactome.org/biopax/96/48892#Catalysis2242,6122
5484,2631|9299,7943|9300|10177,2,3,http://www.reactome.org/biopax/96/48892#BiochemicalReaction4537,-1,http://www.reactome.org/biopax/96/48892#Control551,6123
5485,1291|7679,7680,2,1,http://www.reactome.org/biopax/96/48892#BiochemicalReaction1534,1,http://www.reactome.org/biopax/96/48892#Catalysis740,6124
5486,5349|8993,9573,2,1,http://www.reactome.org/biopax/96/48892#BiochemicalReaction4771,1,http://www.reactome.org/biopax/96/48892#Catalysis2911,6125
5487,4247|4565,6803,2,1,http://www.reactome.org/biopax/96/48892#BiochemicalReaction10098,1,http://www.reactome.org/biopax/96/48892#Control1351,6126
5488,4012|6286|10177,4013|10159,3,2,http://www.reactome.org/biopax/96/48892#BiochemicalReaction7799,1,http://www.reactome.org/biopax/96/48892#Catalysis4227,6127
5489,7943|8067|9849|9898,7986|9995,4,2,http://www.reactome.org/biopax/96/48892#BiochemicalReaction2944,-1,http://www.reactome.org/biopax/96/48892#Control372,6128
5490,7697|8264,8151,2,1,http://www.reactome.org/biopax/96/48892#BiochemicalReaction3875,1,http://www.reactome.org/biopax/96/48892#Catalysis2095,6129
5491,6494|6496|9996,6495|9450,3,2,http://www.reactome.org/biopax/96/48892#BiochemicalReaction9242,1,http://www.reactome.org/biopax/96/48892#Catalysis4712,6130
5492,7600|8099|10091|10231,5100|9367,4,2,http://www.reactome.org/biopax/96/48892#BiochemicalReaction3945,1,http://www.reactome.org/biopax/96/48892#Control461,6131
5493,1256|7626|8386,7632,3,1,http://www.reactome.org/biopax/96/48892#BiochemicalReaction1470,1,http://www.reactome.org/biopax/96/48892#Catalysis713,6132
5494,2967|7943|9764,9982|10214,3,2,http://www.reactome.org/biopax/96/48892#BiochemicalReaction5374,1,http://www.reactome.org/biopax/96/48892#Catalysis3259,6133
5495,3545|5638,3546,2,1,http://www.reactome.org/biopax/96/48892#BiochemicalReaction6546,1,http://www.reactome.org/biopax/96/48892#Control815,6134
5496,8164|9073|10177,8433|9072,3,2,http://www.reactome.org/biopax/96/48892#BiochemicalReaction4310,1,http://www.reactome.org/biopax/96/48892#Control526,6135
5497,1676|7577|8495,1781,3,1,http://www.reactome.org/biopax/96/48892#BiochemicalReaction263,1,http://www.reactome.org/biopax/96/48892#Control64,6136
5498,5549|7986|8315|10177,8067|8368|10159,4,3,http://www.reactome.org/biopax/96/48892#BiochemicalReaction5356,1,http://www.reactome.org/biopax/96/48892#Catalysis3245,6137
5499,3297|4233,6840,2,1,http://www.reactome.org/biopax/96/48892#BiochemicalReaction6085,1,http://www.reactome.org/biopax/96/48892#Control740,6138
5500,5476|7943|10109|10214|10297,8555|10107|10113|10295,5,4,http://www.reactome.org/biopax/96/48892#BiochemicalReaction5168,1,http://www.reactome.org/biopax/96/48892#Catalysis3081,6139
5501,5220|9051,2501,2,1,http://www.reactome.org/biopax/96/48892#BiochemicalReaction4288,1,http://www.reactome.org/biopax/96/48892#Catalysis2468,6140
5502,4059,4060|4061,1,2,http://www.reactome.org/biopax/96/48892#BiochemicalReaction7896,1,http://www.reactome.org/biopax/96/48892#Catalysis4254,6141
5503,5289|8711,9315,2,1,http://www.reactome.org/biopax/96/48892#BiochemicalReaction4547,1,http://www.reactome.org/biopax/96/48892#Catalysis2724,6142
5504,5036|8496|8498,8065|8501,3,2,http://www.reactome.org/biopax/96/48892#BiochemicalReaction3684,1,http://www.reactome.org/biopax/96/48892#Catalysis1912,6143
5505,197|5466,198,2,1,http://www.reactome.org/biopax/96/48892#BiochemicalReaction8524,1,http://www.reactome.org/biopax/96/48892#Catalysis4507,6144
5506,4172|7986,4174|8067,2,2,http://www.reactome.org/biopax/96/48892#BiochemicalReaction8158,1,http://www.reactome.org/biopax/96/48892#Catalysis4353,6145
5507,8720|10226|10227|10231,8600|8738|10091|10228,4,4,http://www.reactome.org/biopax/96/48892#BiochemicalReaction2908,-1,http://www.reactome.org/biopax/96/48892#Control355,6147
5508,1210|4398|10177,10145|10147|10148,3,3,http://www.reactome.org/biopax/96/48892#BiochemicalReaction1733,1,http://www.reactome.org/biopax/96/48892#Catalysis829,6148
5509,3992|6272|10089|10162,6273|10169|10170,4,3,http://www.reactome.org/biopax/96/48892#BiochemicalReaction7768,1,http://www.reactome.org/biopax/96/48892#Catalysis4214,6150
5510,2177|2181|9973,2180|10333,3,2,http://www.reactome.org/biopax/96/48892#BiochemicalReaction3579,1,http://www.reactome.org/biopax/96/48892#Catalysis1811,6151
5511,919|7028,920,2,1,http://www.reactome.org/biopax/96/48892#BiochemicalReaction843,1,http://www.reactome.org/biopax/96/48892#Control145,6152
5512,4828|7979|7981,7982|7983,3,2,http://www.reactome.org/biopax/96/48892#BiochemicalReaction3185,1,http://www.reactome.org/biopax/96/48892#Catalysis1432,6153
5513,5329|9500,5328|9501,2,2,http://www.reactome.org/biopax/96/48892#BiochemicalReaction4670,1,http://www.reactome.org/biopax/96/48892#Catalysis2841,6154
5514,3037,3038|5610|9796,1,3,http://www.reactome.org/biopax/96/48892#BiochemicalReaction5579,1,http://www.reactome.org/biopax/96/48892#Catalysis3359,6155
5515,4238|6862,4937,2,1,http://www.reactome.org/biopax/96/48892#BiochemicalReaction7042,1,http://www.reactome.org/biopax/96/48892#Control874,6156
5516,4304|6029|9245,4305|9256,3,2,http://www.reactome.org/biopax/96/48892#BiochemicalReaction7333,1,http://www.reactome.org/biopax/96/48892#Catalysis4039,6157
5517,4428|8573|10177,8567|10159,3,2,http://www.reactome.org/biopax/96/48892#BiochemicalReaction3099,1,http://www.reactome.org/biopax/96/48892#Catalysis1348,6158
5518,6261|7986|9900|10177,8067|9901|10159,4,3,http://www.reactome.org/biopax/96/48892#BiochemicalReaction7699,1,http://www.reactome.org/biopax/96/48892#Catalysis4164,6159
5519,2499|5219,2500,2,1,http://www.reactome.org/biopax/96/48892#BiochemicalReaction4287,1,http://www.reactome.org/biopax/96/48892#Catalysis2467,6160
5520,1069|7383,6820|7385,2,2,http://www.reactome.org/biopax/96/48892#BiochemicalReaction1183,1,http://www.reactome.org/biopax/96/48892#Catalysis513,6161
5521,3678|9245,3679|9256,2,2,http://www.reactome.org/biopax/96/48892#BiochemicalReaction6815,1,http://www.reactome.org/biopax/96/48892#Catalysis3868,6162
5522,1070|7002,6820|7429,2,2,http://www.reactome.org/biopax/96/48892#BiochemicalReaction1215,1,http://www.reactome.org/biopax/96/48892#Catalysis545,6163
5523,3676|9245,3677|9256,2,2,http://www.reactome.org/biopax/96/48892#BiochemicalReaction6814,1,http://www.reactome.org/biopax/96/48892#Catalysis3867,6164
5524,4583|6965|7986,5945|8067,3,2,http://www.reactome.org/biopax/96/48892#BiochemicalReaction499,1,http://www.reactome.org/biopax/96/48892#Catalysis172,6166
5525,5211|9616,2488,2,1,http://www.reactome.org/biopax/96/48892#BiochemicalReaction4275,1,http://www.reactome.org/biopax/96/48892#Catalysis2457,6167
5526,2518|9078|10177,7980|8757,3,2,http://www.reactome.org/biopax/96/48892#BiochemicalReaction4320,1,http://www.reactome.org/biopax/96/48892#Catalysis2499,6168
5527,2579|7986|10118|10177,9396|9428|10159,4,3,http://www.reactome.org/biopax/96/48892#BiochemicalReaction4428,1,http://www.reactome.org/biopax/96/48892#Catalysis2607,6169
5528,4281|7403,3026|9826,2,2,http://www.reactome.org/biopax/96/48892#BiochemicalReaction6968,1,http://www.reactome.org/biopax/96/48892#Catalysis3909,6170
5529,1562|1564|7986,1563|8067,3,2,http://www.reactome.org/biopax/96/48892#BiochemicalReaction2110,1,http://www.reactome.org/biopax/96/48892#Catalysis927,6171
5530,4393|5548,7533,2,1,http://www.reactome.org/biopax/96/48892#BiochemicalReaction1329,1,http://www.reactome.org/biopax/96/48892#Catalysis639,6172
5531,6840|7678|8622,7677|8631,3,2,http://www.reactome.org/biopax/96/48892#BiochemicalReaction1531,1,http://www.reactome.org/biopax/96/48892#Catalysis739,6173
5532,3829|3831|8164,3830|6107|10157,3,3,http://www.reactome.org/biopax/96/48892#BiochemicalReaction7200,1,http://www.reactome.org/biopax/96/48892#Catalysis3956,6174
5533,2643|5296,2642,2,1,http://www.reactome.org/biopax/96/48892#BiochemicalReaction4637,1,http://www.reactome.org/biopax/96/48892#Catalysis2810,6175
5534,2403|8893|10177,7943|9236|9344,3,3,http://www.reactome.org/biopax/96/48892#BiochemicalReaction4116,1,http://www.reactome.org/biopax/96/48892#Catalysis2302,6176
5535,6330|7202|10177,6331|10159,3,2,http://www.reactome.org/biopax/96/48892#BiochemicalReaction7974,1,http://www.reactome.org/biopax/96/48892#Catalysis4298,6179
5536,5306|7980|7986|9704,9236|9428|9849,4,3,http://www.reactome.org/biopax/96/48892#BiochemicalReaction4620,1,http://www.reactome.org/biopax/96/48892#Catalysis2793,6180
5537,4113|7348,6820|7349,2,2,http://www.reactome.org/biopax/96/48892#BiochemicalReaction1163,1,http://www.reactome.org/biopax/96/48892#Catalysis493,6182
5538,1881|7574|7898,1893,3,1,http://www.reactome.org/biopax/96/48892#BiochemicalReaction296,1,http://www.reactome.org/biopax/96/48892#Catalysis123,6183
5539,1873|4393,1867,2,1,http://www.reactome.org/biopax/96/48892#BiochemicalReaction2749,1,http://www.reactome.org/biopax/96/48892#Catalysis1111,6184
5540,1546|5688|7986,1358|5691|8067,3,3,http://www.reactome.org/biopax/96/48892#BiochemicalReaction2076,1,http://www.reactome.org/biopax/96/48892#Catalysis912,6185
5541,7174|9947|9948,9946|9951,3,2,http://www.reactome.org/biopax/96/48892#BiochemicalReaction1018,1,http://www.reactome.org/biopax/96/48892#Catalysis382,6186
5542,1788|7986,1789|8067,2,2,http://www.reactome.org/biopax/96/48892#BiochemicalReaction2582,1,http://www.reactome.org/biopax/96/48892#Catalysis1076,6187
5543,3822|10177,3823|3824|10159,2,3,http://www.reactome.org/biopax/96/48892#BiochemicalReaction7193,1,http://www.reactome.org/biopax/96/48892#Catalysis3954,6189
5544,4113|7479,6820|7480,2,2,http://www.reactome.org/biopax/96/48892#BiochemicalReaction1253,1,http://www.reactome.org/biopax/96/48892#Catalysis582,6190
5545,865|875,876,2,1,http://www.reactome.org/biopax/96/48892#BiochemicalReaction779,1,http://www.reactome.org/biopax/96/48892#Control111,6191
5546,6316|9520|10201,8386|9960,3,2,http://www.reactome.org/biopax/96/48892#BiochemicalReaction7911,1,http://www.reactome.org/biopax/96/48892#Catalysis4267,6192
5547,490|7986,491|8067,2,2,http://www.reactome.org/biopax/96/48892#BiochemicalReaction9262,1,http://www.reactome.org/biopax/96/48892#Catalysis4717,6193
5548,5714|6367,6417|6422,2,2,http://www.reactome.org/biopax/96/48892#BiochemicalReaction8669,1,http://www.reactome.org/biopax/96/48892#Catalysis4560,6194
5549,1901|5052|5084|5111|5668|6847,3245|6850|6852,6,3,http://www.reactome.org/biopax/96/48892#BiochemicalReaction5825,1,http://www.reactome.org/biopax/96/48892#Catalysis3476,6195
5550,1112|8918,1113|4390,2,2,http://www.reactome.org/biopax/96/48892#BiochemicalReaction1272,1,http://www.reactome.org/biopax/96/48892#Catalysis595,6196
5551,2634|8739|9307|9308,9309|9310|10132,4,3,http://www.reactome.org/biopax/96/48892#BiochemicalReaction4542,1,http://www.reactome.org/biopax/96/48892#Catalysis2719,6197
5552,3877|10177,3878|10159,2,2,http://www.reactome.org/biopax/96/48892#BiochemicalReaction7232,1,http://www.reactome.org/biopax/96/48892#Catalysis3980,6198
5553,5311|9436|10177,9437|9438,3,2,http://www.reactome.org/biopax/96/48892#BiochemicalReaction4628,1,http://www.reactome.org/biopax/96/48892#Catalysis2801,6199
5554,4467|7943|8641|10258|10269,8675|10177|10298,5,3,http://www.reactome.org/biopax/96/48892#BiochemicalReaction3841,1,http://www.reactome.org/biopax/96/48892#Catalysis2062,6200
5555,5416|8301|10109,9294|10113,3,2,http://www.reactome.org/biopax/96/48892#BiochemicalReaction5219,1,http://www.reactome.org/biopax/96/48892#Catalysis3131,6201
5556,2850|5841|8622,5843|8631,3,2,http://www.reactome.org/biopax/96/48892#BiochemicalReaction6333,1,http://www.reactome.org/biopax/96/48892#Catalysis3658,6202
5557,4213|6120|8622,0|8631,3,2,http://www.reactome.org/biopax/96/48892#BiochemicalReaction650,1,http://www.reactome.org/biopax/96/48892#Catalysis219,6203
5558,4173|6818|6834,4194,3,1,http://www.reactome.org/biopax/96/48892#BiochemicalReaction647,1,http://www.reactome.org/biopax/96/48892#Control86,6204
5559,4153|7986,4156|8067,2,2,http://www.reactome.org/biopax/96/48892#BiochemicalReaction8138,1,http://www.reactome.org/biopax/96/48892#Catalysis4345,6205
5560,2370|7648|8810,7649|8811|10177,3,3,http://www.reactome.org/biopax/96/48892#BiochemicalReaction4053,1,http://www.reactome.org/biopax/96/48892#Catalysis2239,6206
5561,2505|9067|10086,8742|10087|10091,3,3,http://www.reactome.org/biopax/96/48892#BiochemicalReaction4304,1,http://www.reactome.org/biopax/96/48892#Catalysis2483,6208
5562,29|2045|8164,2054|10157,3,2,http://www.reactome.org/biopax/96/48892#BiochemicalReaction8257,1,http://www.reactome.org/biopax/96/48892#Control1110,6209
5563,36|7986|8046,8035|8067,3,2,http://www.reactome.org/biopax/96/48892#BiochemicalReaction8270,1,http://www.reactome.org/biopax/96/48892#Catalysis4401,6210
5564,5703,5704|7284,1,2,http://www.reactome.org/biopax/96/48892#BiochemicalReaction5921,1,http://www.reactome.org/biopax/96/48892#Catalysis3497,6211
5565,2962|5466|5555|7986,2963|8067|9761,4,3,http://www.reactome.org/biopax/96/48892#BiochemicalReaction5366,1,http://www.reactome.org/biopax/96/48892#Control651,6212
5566,1670|1672|4595,1671,3,1,http://www.reactome.org/biopax/96/48892#BiochemicalReaction2304,-1,http://www.reactome.org/biopax/96/48892#Control302,6213
5567,8725|8726,8727|8728|10091,2,3,http://www.reactome.org/biopax/96/48892#BiochemicalReaction3927,1,http://www.reactome.org/biopax/96/48892#Control449,6214
5568,2248|2250|8164,2249|10157,3,2,http://www.reactome.org/biopax/96/48892#BiochemicalReaction3883,1,http://www.reactome.org/biopax/96/48892#Catalysis2102,6215
5569,2815|7943|9847,9583|9635,3,2,http://www.reactome.org/biopax/96/48892#BiochemicalReaction4974,1,http://www.reactome.org/biopax/96/48892#Catalysis2971,6216
5570,702|10372,10349,2,1,http://www.reactome.org/biopax/96/48892#BiochemicalReaction9814,1,http://www.reactome.org/biopax/96/48892#Catalysis4924,6217
5571,1059|7254|10065,7258|10055|10070,3,3,http://www.reactome.org/biopax/96/48892#BiochemicalReaction1107,1,http://www.reactome.org/biopax/96/48892#Catalysis442,6218
5572,1965|10177|10241,9839|10159,3,2,http://www.reactome.org/biopax/96/48892#BiochemicalReaction2917,1,http://www.reactome.org/biopax/96/48892#Catalysis1179,6219
5573,1143|10177,1144|4392,2,2,http://www.reactome.org/biopax/96/48892#BiochemicalReaction1290,1,http://www.reactome.org/biopax/96/48892#Catalysis611,6220
5574,4770|4773|9630,4772|9632|10070,3,3,http://www.reactome.org/biopax/96/48892#BiochemicalReaction3051,1,http://www.reactome.org/biopax/96/48892#Catalysis1303,6221
5575,3278|4563,4564,2,1,http://www.reactome.org/biopax/96/48892#BiochemicalReaction6005,1,http://www.reactome.org/biopax/96/48892#Catalysis3554,6222
5576,3652|8918,6023|6024|8643,2,3,http://www.reactome.org/biopax/96/48892#BiochemicalReaction6791,1,http://www.reactome.org/biopax/96/48892#Catalysis3856,6223
5577,4207|7986,4208|8067,2,2,http://www.reactome.org/biopax/96/48892#BiochemicalReaction8199,1,http://www.reactome.org/biopax/96/48892#Catalysis4370,6224
5578,404|6463|8622,405|8631,3,2,http://www.reactome.org/biopax/96/48892#BiochemicalReaction9052,1,http://www.reactome.org/biopax/96/48892#Catalysis4639,6225
5579,330|8164,331|10157,2,2,http://www.reactome.org/biopax/96/48892#BiochemicalReaction8890,1,http://www.reactome.org/biopax/96/48892#Catalysis4576,6226
5580,4078|4085,4086|10159,2,2,http://www.reactome.org/biopax/96/48892#BiochemicalReaction7929,1,http://www.reactome.org/biopax/96/48892#Control1027,6227
5581,2132|8217|9783,8272|9428,3,2,http://www.reactome.org/biopax/96/48892#BiochemicalReaction3445,1,http://www.reactome.org/biopax/96/48892#Catalysis1683,6228
5582,2445|2446,2447|5183|5184,2,3,http://www.reactome.org/biopax/96/48892#BiochemicalReaction4194,1,http://www.reactome.org/biopax/96/48892#Catalysis2380,6229
5583,8164|8757|8767|10241,8783|10157|10159,4,3,http://www.reactome.org/biopax/96/48892#BiochemicalReaction5528,-1,http://www.reactome.org/biopax/96/48892#Control698,6230
5584,576|6594|10177,575|10159,3,2,http://www.reactome.org/biopax/96/48892#BiochemicalReaction9471,1,http://www.reactome.org/biopax/96/48892#Catalysis4811,6231
5585,1242|1243|7595|10086|10091,1244|1245|7597|10094|10095|10097|10098,5,7,http://www.reactome.org/biopax/96/48892#BiochemicalReaction1437,1,http://www.reactome.org/biopax/96/48892#Catalysis685,6232
5586,6672|9053|10177,7943|9991|10014,3,3,http://www.reactome.org/biopax/96/48892#BiochemicalReaction9876,1,http://www.reactome.org/biopax/96/48892#Catalysis4943,6233
5587,56|7986,57|8067,2,2,http://www.reactome.org/biopax/96/48892#BiochemicalReaction8307,1,http://www.reactome.org/biopax/96/48892#Catalysis4417,6234
5588,2900|4229,7687,2,1,http://www.reactome.org/biopax/96/48892#BiochemicalReaction10144,1,http://www.reactome.org/biopax/96/48892#Control1375,6235
5589,2703,2705,1,1,http://www.reactome.org/biopax/96/48892#BiochemicalReaction4735,1,http://www.reactome.org/biopax/96/48892#Catalysis2898,6236
5590,2648|9417|10177|10269,9418|10139|10208,4,3,http://www.reactome.org/biopax/96/48892#BiochemicalReaction4612,1,http://www.reactome.org/biopax/96/48892#Catalysis2787,6237
5591,2082|8104|9439,8106,3,1,http://www.reactome.org/biopax/96/48892#BiochemicalReaction3285,1,http://www.reactome.org/biopax/96/48892#Catalysis1525,6238
5592,7613|7614|9836,7615|7616,3,2,http://www.reactome.org/biopax/96/48892#BiochemicalReaction1454,-1,http://www.reactome.org/biopax/96/48892#Control192,6239
5593,4730|4733|10080,4732|10055|10070,3,3,http://www.reactome.org/biopax/96/48892#BiochemicalReaction3013,1,http://www.reactome.org/biopax/96/48892#Catalysis1270,6240
5594,7115|7117|9396,7116|9559,3,2,http://www.reactome.org/biopax/96/48892#BiochemicalReaction961,1,http://www.reactome.org/biopax/96/48892#Control170,6241
5595,2389|8844|8851,8853|10159,3,2,http://www.reactome.org/biopax/96/48892#BiochemicalReaction4081,1,http://www.reactome.org/biopax/96/48892#Catalysis2267,6242
5596,780,794,1,1,http://www.reactome.org/biopax/96/48892#BiochemicalReaction733,1,http://www.reactome.org/biopax/96/48892#Catalysis239,6243
5597,7258|7262|10053,7260|10055|10070,3,3,http://www.reactome.org/biopax/96/48892#BiochemicalReaction1108,1,http://www.reactome.org/biopax/96/48892#Catalysis443,6244
5598,1636|7943,10186,2,1,http://www.reactome.org/biopax/96/48892#BiochemicalReaction2252,1,http://www.reactome.org/biopax/96/48892#Catalysis979,6245
5599,2020|9973|10351,10352|10353,3,2,http://www.reactome.org/biopax/96/48892#BiochemicalReaction3076,1,http://www.reactome.org/biopax/96/48892#Catalysis1325,6246
5600,5170|7943|7986|8709,8430|9428,4,2,http://www.reactome.org/biopax/96/48892#BiochemicalReaction4159,1,http://www.reactome.org/biopax/96/48892#Catalysis2345,6247
5601,7700|7712|7986,6545|8067,3,2,http://www.reactome.org/biopax/96/48892#BiochemicalReaction9385,1,http://www.reactome.org/biopax/96/48892#Catalysis4771,6248
5602,5335|9022|9548,7952|9550|10091,3,3,http://www.reactome.org/biopax/96/48892#BiochemicalReaction4698,1,http://www.reactome.org/biopax/96/48892#Catalysis2869,6249
5603,3745|7986,2735|8067,2,2,http://www.reactome.org/biopax/96/48892#BiochemicalReaction10091,1,http://www.reactome.org/biopax/96/48892#Catalysis5039,6250
5604,1236|1238|5466,1237,3,1,http://www.reactome.org/biopax/96/48892#BiochemicalReaction1430,-1,http://www.reactome.org/biopax/96/48892#Control185,6251
5605,5479|10107|10109,10113|10214,3,2,http://www.reactome.org/biopax/96/48892#BiochemicalReaction5171,1,http://www.reactome.org/biopax/96/48892#Catalysis3084,6252
5606,3171|8918,3172|9797,2,2,http://www.reactome.org/biopax/96/48892#BiochemicalReaction5729,1,http://www.reactome.org/biopax/96/48892#Catalysis3433,6253
5607,7933|8898|10177,7943|8838|9428,3,3,http://www.reactome.org/biopax/96/48892#BiochemicalReaction4121,1,http://www.reactome.org/biopax/96/48892#Control516,6254
5608,4496|8029|9391|9480|9582,8031|9392|9502,5,3,http://www.reactome.org/biopax/96/48892#BiochemicalReaction4596,1,http://www.reactome.org/biopax/96/48892#Catalysis2771,6255
5609,7500|7502,5466|7501,2,2,http://www.reactome.org/biopax/96/48892#BiochemicalReaction1281,1,http://www.reactome.org/biopax/96/48892#Catalysis602,6256
5610,467|2738,465|5337,2,2,http://www.reactome.org/biopax/96/48892#BiochemicalReaction9191,1,http://www.reactome.org/biopax/96/48892#Catalysis4696,6257
5611,1987|10265,9866,2,1,http://www.reactome.org/biopax/96/48892#BiochemicalReaction2958,1,http://www.reactome.org/biopax/96/48892#Catalysis1218,6258
5612,1900|4274,7454,2,1,http://www.reactome.org/biopax/96/48892#BiochemicalReaction4784,1,http://www.reactome.org/biopax/96/48892#Control585,6259
5613,1521|7573,1561|7766,2,2,http://www.reactome.org/biopax/96/48892#BiochemicalReaction210,1,http://www.reactome.org/biopax/96/48892#Catalysis86,6261
5614,4577|7648|10208,7649|10177,3,2,http://www.reactome.org/biopax/96/48892#BiochemicalReaction6675,1,http://www.reactome.org/biopax/96/48892#Catalysis3803,6262
5615,5498|8722|8989,8871|8992,3,2,http://www.reactome.org/biopax/96/48892#BiochemicalReaction5205,1,http://www.reactome.org/biopax/96/48892#Catalysis3117,6263
5616,2909|4513|7986|10177,4514|8067|10159,4,3,http://www.reactome.org/biopax/96/48892#BiochemicalReaction5140,1,http://www.reactome.org/biopax/96/48892#Catalysis3056,6264
5617,5354|7952|7953|8720,7954|8586|8777,4,3,http://www.reactome.org/biopax/96/48892#BiochemicalReaction4778,1,http://www.reactome.org/biopax/96/48892#Catalysis2915,6265
5618,218|7986,219|8067,2,2,http://www.reactome.org/biopax/96/48892#BiochemicalReaction8549,1,http://www.reactome.org/biopax/96/48892#Catalysis4517,6266
5619,5406|8246|10107|10109,10113|10173|10214,4,3,http://www.reactome.org/biopax/96/48892#BiochemicalReaction4969,1,http://www.reactome.org/biopax/96/48892#Catalysis2966,6267
5620,2253|7986,2254|2256,2,2,http://www.reactome.org/biopax/96/48892#BiochemicalReaction3885,1,http://www.reactome.org/biopax/96/48892#Catalysis2104,6268
5621,1343|1347|7706,1348,3,1,http://www.reactome.org/biopax/96/48892#BiochemicalReaction1608,-1,http://www.reactome.org/biopax/96/48892#Control228,6269
5622,5819|6529|8622,6532|8631,3,2,http://www.reactome.org/biopax/96/48892#BiochemicalReaction9361,1,http://www.reactome.org/biopax/96/48892#Catalysis4758,6270
5623,658|5435,6715|6716,2,2,http://www.reactome.org/biopax/96/48892#BiochemicalReaction9987,1,http://www.reactome.org/biopax/96/48892#Catalysis4985,6271
5624,3635|8903,3636|8908,2,2,http://www.reactome.org/biopax/96/48892#BiochemicalReaction6770,1,http://www.reactome.org/biopax/96/48892#Catalysis3850,6272
5625,2302|8736,8737,2,1,http://www.reactome.org/biopax/96/48892#BiochemicalReaction3941,-1,http://www.reactome.org/biopax/96/48892#Control456,6273
5626,7620|8386|9655,8555|9656|9885,3,3,http://www.reactome.org/biopax/96/48892#BiochemicalReaction7685,1,http://www.reactome.org/biopax/96/48892#Catalysis4152,6274
5627,5523|9836,10128,2,1,http://www.reactome.org/biopax/96/48892#BiochemicalReaction5267,1,http://www.reactome.org/biopax/96/48892#Catalysis3177,6276
5628,4522|9640,9641,2,1,http://www.reactome.org/biopax/96/48892#BiochemicalReaction5196,1,http://www.reactome.org/biopax/96/48892#Catalysis3108,6277
5629,4459|8046|10177,10159|10167,3,2,http://www.reactome.org/biopax/96/48892#BiochemicalReaction3493,1,http://www.reactome.org/biopax/96/48892#Catalysis1731,6278
5630,2829|8386|9865,9836,3,1,http://www.reactome.org/biopax/96/48892#BiochemicalReaction33,1,http://www.reactome.org/biopax/96/48892#Catalysis17,6279
5631,5381|6798,6799|7830,2,2,http://www.reactome.org/biopax/96/48892#BiochemicalReaction10074,1,http://www.reactome.org/biopax/96/48892#Catalysis5036,6280
5632,5494|9396|10087,9450|10086,3,2,http://www.reactome.org/biopax/96/48892#BiochemicalReaction5195,1,http://www.reactome.org/biopax/96/48892#Catalysis3107,6281
5633,2481|8164|9396|10177,9033|9034|9428|10118,4,4,http://www.reactome.org/biopax/96/48892#BiochemicalReaction4266,1,http://www.reactome.org/biopax/96/48892#Catalysis2449,6282
5634,2284|7943|10234,9635|9995,3,2,http://www.reactome.org/biopax/96/48892#BiochemicalReaction3917,1,http://www.reactome.org/biopax/96/48892#Catalysis2130,6283
5635,2889|10134,10133,2,1,http://www.reactome.org/biopax/96/48892#BiochemicalReaction5060,1,http://www.reactome.org/biopax/96/48892#Catalysis3033,6284
5636,2530|10226|10232,9096|10231,3,2,http://www.reactome.org/biopax/96/48892#BiochemicalReaction4338,1,http://www.reactome.org/biopax/96/48892#Catalysis2517,6286
5637,2297|5095|5466,5096,3,1,http://www.reactome.org/biopax/96/48892#BiochemicalReaction3935,1,http://www.reactome.org/biopax/96/48892#Catalysis2146,6287
5638,5772|5774|7986,5773|8067,3,2,http://www.reactome.org/biopax/96/48892#BiochemicalReaction6123,1,http://www.reactome.org/biopax/96/48892#Catalysis3577,6288
5639,4838|8636|10269,8638,3,1,http://www.reactome.org/biopax/96/48892#BiochemicalReaction3811,1,http://www.reactome.org/biopax/96/48892#Catalysis2032,6289
5640,3921|4253,7068,2,1,http://www.reactome.org/biopax/96/48892#BiochemicalReaction7506,1,http://www.reactome.org/biopax/96/48892#Control962,6290
5641,7700|7701|7780|7781,1453,4,1,http://www.reactome.org/biopax/96/48892#BiochemicalReaction1819,-1,http://www.reactome.org/biopax/96/48892#Control249,6291
5642,5049|9321,9320,2,1,http://www.reactome.org/biopax/96/48892#BiochemicalReaction4556,1,http://www.reactome.org/biopax/96/48892#Catalysis2732,6292
5643,4967|8319|10177,8320|10159,3,2,http://www.reactome.org/biopax/96/48892#BiochemicalReaction3520,1,http://www.reactome.org/biopax/96/48892#Catalysis1757,6293
5644,3183|8622,3181|5650|8631,2,3,http://www.reactome.org/biopax/96/48892#BiochemicalReaction5740,1,http://www.reactome.org/biopax/96/48892#Catalysis3438,6294
5645,2852|8622,2853|8631,2,2,http://www.reactome.org/biopax/96/48892#BiochemicalReaction5021,1,http://www.reactome.org/biopax/96/48892#Catalysis3005,6295
5646,2618|2858,5276,2,1,http://www.reactome.org/biopax/96/48892#BiochemicalReaction4510,1,http://www.reactome.org/biopax/96/48892#Catalysis2688,6296
5647,1291|2787,5388|5390|7680,2,3,http://www.reactome.org/biopax/96/48892#BiochemicalReaction4935,1,http://www.reactome.org/biopax/96/48892#Catalysis2942,6297
5648,208|6408|8386,1506,3,1,http://www.reactome.org/biopax/96/48892#BiochemicalReaction8538,1,http://www.reactome.org/biopax/96/48892#Catalysis4513,6298
5649,3591|6625|7986,6547|8067,3,2,http://www.reactome.org/biopax/96/48892#BiochemicalReaction9618,1,http://www.reactome.org/biopax/96/48892#Catalysis4863,6299
5650,5466|7742|7933|7986,1408|7933|9236|9428,4,4,http://www.reactome.org/biopax/96/48892#BiochemicalReaction1695,1,http://www.reactome.org/biopax/96/48892#Catalysis813,6300
5651,2045|4175|8164,2054|10157,3,2,http://www.reactome.org/biopax/96/48892#BiochemicalReaction8160,1,http://www.reactome.org/biopax/96/48892#Catalysis4354,6301
5652,81|83|7986,82|8067,3,2,http://www.reactome.org/biopax/96/48892#BiochemicalReaction8346,-1,http://www.reactome.org/biopax/96/48892#Control1115,6302
5653,2072|8039|10177,8043,3,1,http://www.reactome.org/biopax/96/48892#BiochemicalReaction3243,1,http://www.reactome.org/biopax/96/48892#Catalysis1483,6303
5654,2547|7974|8981|10091|10231,7976|9129|9439,5,3,http://www.reactome.org/biopax/96/48892#BiochemicalReaction4372,1,http://www.reactome.org/biopax/96/48892#Catalysis2551,6304
5655,260|6908|10177,259|10159,3,2,http://www.reactome.org/biopax/96/48892#BiochemicalReaction8607,1,http://www.reactome.org/biopax/96/48892#Catalysis4541,6305
5656,4661|8720|10210,8586|8777|10211,3,3,http://www.reactome.org/biopax/96/48892#BiochemicalReaction2807,1,http://www.reactome.org/biopax/96/48892#Catalysis1128,6306
5657,5058|7974|8472|8566|10091,7976|8568|9439,5,3,http://www.reactome.org/biopax/96/48892#BiochemicalReaction3744,1,http://www.reactome.org/biopax/96/48892#Control422,6307
5658,1848|7986,1850|8067,2,2,http://www.reactome.org/biopax/96/48892#BiochemicalReaction2697,1,http://www.reactome.org/biopax/96/48892#Catalysis1104,6308
5659,1145|1505,1402|7881|7882,2,3,http://www.reactome.org/biopax/96/48892#BiochemicalReaction230,1,http://www.reactome.org/biopax/96/48892#Catalysis97,6309
5660,5042|8308|8539,8271|8541,3,2,http://www.reactome.org/biopax/96/48892#BiochemicalReaction3717,1,http://www.reactome.org/biopax/96/48892#Catalysis1945,6310
5661,7195|10034|10035,10026|10036,3,2,http://www.reactome.org/biopax/96/48892#BiochemicalReaction1042,1,http://www.reactome.org/biopax/96/48892#Catalysis406,6311
5662,2792|10134,10134,2,1,http://www.reactome.org/biopax/96/48892#BiochemicalReaction4948,1,http://www.reactome.org/biopax/96/48892#Catalysis2946,6312
5663,1751|1756|7986,1755|8067,3,2,http://www.reactome.org/biopax/96/48892#BiochemicalReaction2497,1,http://www.reactome.org/biopax/96/48892#Catalysis1063,6313
5664,2420|8942,2421|8717,2,2,http://www.reactome.org/biopax/96/48892#BiochemicalReaction4150,1,http://www.reactome.org/biopax/96/48892#Catalysis2336,6314
5665,4268|6862,6861,2,1,http://www.reactome.org/biopax/96/48892#BiochemicalReaction708,1,http://www.reactome.org/biopax/96/48892#Control98,6315
5666,4712|7986|9873|10177,8067|9875|10159,4,3,http://www.reactome.org/biopax/96/48892#BiochemicalReaction7675,1,http://www.reactome.org/biopax/96/48892#Catalysis4142,6316
5667,8751|9313|9314,8744|10091,3,2,http://www.reactome.org/biopax/96/48892#BiochemicalReaction4544,-1,http://www.reactome.org/biopax/96/48892#Control552,6318
5668,4835|7991,8000,2,1,http://www.reactome.org/biopax/96/48892#BiochemicalReaction3204,1,http://www.reactome.org/biopax/96/48892#Catalysis1445,6319
5669,5236|9127|9396,7943|9128|9450,3,3,http://www.reactome.org/biopax/96/48892#BiochemicalReaction4371,1,http://www.reactome.org/biopax/96/48892#Catalysis2550,6320
5670,3980|7998|9861,9860|9862,3,2,http://www.reactome.org/biopax/96/48892#BiochemicalReaction7668,1,http://www.reactome.org/biopax/96/48892#Catalysis4135,6321
5671,2395|8386|8862,8864|10051,3,2,http://www.reactome.org/biopax/96/48892#BiochemicalReaction4089,1,http://www.reactome.org/biopax/96/48892#Catalysis2275,6322
5672,3692|6028,5969|6006|6017,2,3,http://www.reactome.org/biopax/96/48892#BiochemicalReaction553,1,http://www.reactome.org/biopax/96/48892#Catalysis192,6323
5673,2013|9973|10318,10305|10320,3,2,http://www.reactome.org/biopax/96/48892#BiochemicalReaction3038,1,http://www.reactome.org/biopax/96/48892#Catalysis1290,6324
5674,3931|3933|7986,3932|8067,3,2,http://www.reactome.org/biopax/96/48892#BiochemicalReaction7524,1,http://www.reactome.org/biopax/96/48892#Catalysis4087,6326
5675,3217|3225|5685,3221,3,1,http://www.reactome.org/biopax/96/48892#BiochemicalReaction450,-1,http://www.reactome.org/biopax/96/48892#Control75,6327
5676,1065|7299|10080,7300|10055|10070,3,3,http://www.reactome.org/biopax/96/48892#BiochemicalReaction1134,1,http://www.reactome.org/biopax/96/48892#Catalysis464,6328
5677,2291|8725|8726,8727|8728|10091,3,3,http://www.reactome.org/biopax/96/48892#BiochemicalReaction3927,1,http://www.reactome.org/biopax/96/48892#Catalysis2140,6329
5678,6875|10123|10349,2050,3,1,http://www.reactome.org/biopax/96/48892#BiochemicalReaction8912,1,http://www.reactome.org/biopax/96/48892#Catalysis4587,6330
5679,3719|9245,3722|9256,2,2,http://www.reactome.org/biopax/96/48892#BiochemicalReaction6964,1,http://www.reactome.org/biopax/96/48892#Catalysis3906,6331
5680,2001|9973|10339,10287|10340,3,2,http://www.reactome.org/biopax/96/48892#BiochemicalReaction3068,1,http://www.reactome.org/biopax/96/48892#Catalysis1317,6332
5681,2251|9836,10128,2,1,http://www.reactome.org/biopax/96/48892#BiochemicalReaction3884,1,http://www.reactome.org/biopax/96/48892#Catalysis2103,6333
5682,4113|7323|7470,6820|7471,3,2,http://www.reactome.org/biopax/96/48892#BiochemicalReaction1246,1,http://www.reactome.org/biopax/96/48892#Catalysis575,6334
5683,3510|5876|8622,3512|8631,3,2,http://www.reactome.org/biopax/96/48892#BiochemicalReaction6493,1,http://www.reactome.org/biopax/96/48892#Catalysis3748,6335
5684,2220|8584|10298,7943|8585|10258,3,3,http://www.reactome.org/biopax/96/48892#BiochemicalReaction3768,1,http://www.reactome.org/biopax/96/48892#Catalysis1990,6336
5685,2755|5376|7986,2759|5375|6106|8067,3,4,http://www.reactome.org/biopax/96/48892#BiochemicalReaction4840,-1,http://www.reactome.org/biopax/96/48892#Control595,6337
5686,464|2858,463|6195,2,2,http://www.reactome.org/biopax/96/48892#BiochemicalReaction9174,1,http://www.reactome.org/biopax/96/48892#Catalysis4693,6338
5687,3266|7986,3267|8067,2,2,http://www.reactome.org/biopax/96/48892#BiochemicalReaction455,1,http://www.reactome.org/biopax/96/48892#Catalysis155,6339
5688,2797|10372,10349,2,1,http://www.reactome.org/biopax/96/48892#BiochemicalReaction4952,1,http://www.reactome.org/biopax/96/48892#Catalysis2950,6340
5689,4259|9054,7690,2,1,http://www.reactome.org/biopax/96/48892#BiochemicalReaction8040,1,http://www.reactome.org/biopax/96/48892#Control1066,6341
5690,2754|5371|5373,2756,3,1,http://www.reactome.org/biopax/96/48892#BiochemicalReaction4836,-1,http://www.reactome.org/biopax/96/48892#Control592,6342
5691,3645|6460|7986,6461|8067,3,2,http://www.reactome.org/biopax/96/48892#BiochemicalReaction9031,1,http://www.reactome.org/biopax/96/48892#Catalysis4634,6343
5692,4869|7082|8142,4868|7952,3,2,http://www.reactome.org/biopax/96/48892#BiochemicalReaction3314,1,http://www.reactome.org/biopax/96/48892#Catalysis1554,6344
5693,5033|7943|8532|10258,8533|10298,4,2,http://www.reactome.org/biopax/96/48892#BiochemicalReaction3710,1,http://www.reactome.org/biopax/96/48892#Catalysis1938,6345
5694,5203|7986|8975|9847,8067|9019|10159,4,3,http://www.reactome.org/biopax/96/48892#BiochemicalReaction4246,1,http://www.reactome.org/biopax/96/48892#Catalysis2429,6346
5695,2642|8029|9332|9480|9582,8031|9334|9502,5,3,http://www.reactome.org/biopax/96/48892#BiochemicalReaction4569,1,http://www.reactome.org/biopax/96/48892#Control555,6347
5696,8709|8948,8949,2,1,http://www.reactome.org/biopax/96/48892#BiochemicalReaction4157,-1,http://www.reactome.org/biopax/96/48892#Control519,6348
5697,1069|6837|7321,6820|7320,3,2,http://www.reactome.org/biopax/96/48892#BiochemicalReaction1147,1,http://www.reactome.org/biopax/96/48892#Catalysis477,6349
5698,4292|6143|9245,6155|9256,3,2,http://www.reactome.org/biopax/96/48892#BiochemicalReaction7295,1,http://www.reactome.org/biopax/96/48892#Catalysis4008,6350
5699,5718,5720|6597,1,2,http://www.reactome.org/biopax/96/48892#BiochemicalReaction5954,1,http://www.reactome.org/biopax/96/48892#Catalysis3506,6351
5700,5553|10109,10113,2,1,http://www.reactome.org/biopax/96/48892#BiochemicalReaction5363,-1,http://www.reactome.org/biopax/96/48892#Control649,6352
5701,3264|3272|5968|7986,3289|8067,4,2,http://www.reactome.org/biopax/96/48892#BiochemicalReaction461,1,http://www.reactome.org/biopax/96/48892#Catalysis160,6353
5702,5313|9442|10177,9443|9444,3,2,http://www.reactome.org/biopax/96/48892#BiochemicalReaction4630,1,http://www.reactome.org/biopax/96/48892#Catalysis2803,6354
5703,4857|8062|8069,8065|8160|8186,3,3,http://www.reactome.org/biopax/96/48892#BiochemicalReaction3336,1,http://www.reactome.org/biopax/96/48892#Catalysis1574,6355
5704,865|4113|7400,6820|7401,3,2,http://www.reactome.org/biopax/96/48892#BiochemicalReaction1193,1,http://www.reactome.org/biopax/96/48892#Catalysis523,6356
5705,2444|5184,2445,2,1,http://www.reactome.org/biopax/96/48892#BiochemicalReaction4193,1,http://www.reactome.org/biopax/96/48892#Catalysis2379,6357
5706,4475|8711|10258|10269,9318|9319|9549|10177|10298,4,5,http://www.reactome.org/biopax/96/48892#BiochemicalReaction4551,1,http://www.reactome.org/biopax/96/48892#Catalysis2728,6358
5707,765|3704|8622,3704|8710|8957,3,3,http://www.reactome.org/biopax/96/48892#BiochemicalReaction6915,1,http://www.reactome.org/biopax/96/48892#Catalysis3890,6360
5708,6142|6143,6141|10165,2,2,http://www.reactome.org/biopax/96/48892#BiochemicalReaction7277,1,http://www.reactome.org/biopax/96/48892#Catalysis3990,6361
5709,1816|7986,1818|8067,2,2,http://www.reactome.org/biopax/96/48892#BiochemicalReaction2652,1,http://www.reactome.org/biopax/96/48892#Catalysis1089,6362
5710,2774|4252,6187,2,1,http://www.reactome.org/biopax/96/48892#BiochemicalReaction7376,1,http://www.reactome.org/biopax/96/48892#Control907,6363
5711,2955|7986|10177|10349,8067|10101|10159,4,3,http://www.reactome.org/biopax/96/48892#BiochemicalReaction5350,1,http://www.reactome.org/biopax/96/48892#Catalysis3241,6364
5712,5144|8763|8765,8743|10231,3,2,http://www.reactome.org/biopax/96/48892#BiochemicalReaction4008,1,http://www.reactome.org/biopax/96/48892#Catalysis2198,6365
5713,2904|7986|9609|10177,8067|9610|10159,4,3,http://www.reactome.org/biopax/96/48892#BiochemicalReaction5129,1,http://www.reactome.org/biopax/96/48892#Catalysis3046,6366
5714,274|7986,275|8067,2,2,http://www.reactome.org/biopax/96/48892#BiochemicalReaction8627,1,http://www.reactome.org/biopax/96/48892#Catalysis4548,6367
5715,7943|8712|10247|10258|10269,10177|10280|10291|10298,5,4,http://www.reactome.org/biopax/96/48892#BiochemicalReaction3902,-1,http://www.reactome.org/biopax/96/48892#Control438,6368
5716,6997|7551|9396,7550|9450,3,2,http://www.reactome.org/biopax/96/48892#BiochemicalReaction1393,1,http://www.reactome.org/biopax/96/48892#Catalysis659,6369
5717,5028|7943|8448|10258,8449|10298,4,2,http://www.reactome.org/biopax/96/48892#BiochemicalReaction3638,1,http://www.reactome.org/biopax/96/48892#Catalysis1868,6370
